Substructure,Fold,Importance,Central Atom
3218693969,0,0.011098358709401013,C
3218693969,0,0.002013907608809984,C
3218693969,0,-0.0037328162126892273,C
3218693969,0,0.002189308799520062,C
3218693969,0,0.003479455629159245,C
3217380708,0,0.010036069929446612,C
3217380708,0,0.009302841672518547,C
3217380708,0,0.0138758509278476,C
3217380708,0,0.014277745729136704,C
3217380708,0,0.011079889256581155,C
951226070,0,0.009282494821932108,C
951226070,0,0.0036832016897456743,C
951226070,0,0.0052344964783967995,C
951226070,0,0.00866688585764358,C
951226070,0,0.0048977466772579525,C
2968968094,0,0.0017173720224725186,C
2968968094,0,0.006400332022331867,C
2968968094,0,0.0018174610169308103,C
2968968094,0,0.0021950585981462267,C
2968968094,0,0.003510428385473663,C
2245384272,0,-0.0012662877397504047,C
2245384272,0,0.0008636434625355349,C
2245384272,0,9.036573609988441e-05,C
2245384272,0,0.0036093410171523788,C
2245384272,0,-4.914787814369603e-05,C
864942730,0,-0.0008667168142741377,O
864942730,0,-0.00322089859587521,O
864942730,0,-0.007546767312890945,O
864942730,0,-0.003079579212656225,O
864942730,0,-0.006783420123246842,O
2246728737,0,-0.002749945792840325,C
2246728737,0,0.0014807492852055293,C
2246728737,0,-0.0015625202413476758,C
2246728737,0,-0.0013544676632260555,C
2246728737,0,0.004364990788945089,C
98513984,0,-0.0006004408122786131,C
98513984,0,0.001709770129238175,C
98513984,0,-9.534728815385751e-05,C
98513984,0,-0.0029875027544362664,C
98513984,0,0.003198312554477334,C
2041434490,0,-0.000320058720681915,N
2041434490,0,0.00028462478670898683,N
2041434490,0,0.0052660702461306275,N
2041434490,0,0.0009865559382152278,N
2041434490,0,0.0032831823723117326,N
2246699815,0,0.00820110594740503,C
2246699815,0,0.0019574453406095427,C
2246699815,0,0.004798596539833833,C
2246699815,0,-0.0012073433854632998,C
2246699815,0,0.0016902142117095065,C
994485099,0,-0.0022826377237685214,C
994485099,0,3.6863813012932845e-05,C
994485099,0,-0.002296926310802916,C
994485099,0,0.0017903962963276565,C
994485099,0,-0.007950249993707359,C
1510328189,0,-0.0021787874663031226,O
1510328189,0,-0.0027646524139139372,O
1510328189,0,-0.0029593118358169357,O
1510328189,0,-0.0028088638303283564,O
1510328189,0,-0.001216517364957037,O
3999906991,0,-0.00238014592564334,C
3999906991,0,-0.0020447974876501296,C
3999906991,0,-0.0026160758926163097,C
3999906991,0,0.001412583475005058,C
3999906991,0,-0.0008774269706522397,C
2976033787,0,0.007955300763405504,C
2976033787,0,0.005420119996878692,C
2976033787,0,0.002926613743928108,C
2976033787,0,0.002759844766917874,C
2976033787,0,0.007963981340270487,C
2092489639,0,0.0020450890779231123,N
2092489639,0,0.00045342303548245866,N
2092489639,0,-0.005819410988091689,N
2092489639,0,-0.0036790861016406384,N
2092489639,0,-0.002823616490762848,N
847961216,0,-0.0009491523021886716,N
847961216,0,-0.0004908691500698503,N
847961216,0,0.005378629947226099,N
847961216,0,0.007113730028763032,N
847961216,0,0.0019830219604258237,N
882399112,0,-0.001719891381320393,F
882399112,0,-0.0026423857310101106,F
882399112,0,-0.002924674860598553,F
882399112,0,-0.0016122038146461626,F
882399112,0,-0.002290812965038025,F
2803848648,0,-0.0022193776632000173,C
2803848648,0,-0.0014099109501871099,C
2803848648,0,-0.0005303391526657597,C
2803848648,0,-0.0008762851103509828,C
2803848648,0,0.003542112832964628,C
2117068077,0,-0.0009022597788983511,C
2117068077,0,0.0003519540556022327,C
2117068077,0,-0.0005766205335895336,C
2117068077,0,-0.0023084760149219563,C
2117068077,0,-0.0018608480063978527,C
864674487,0,0.002386930430650913,O
864674487,0,0.003337291585465696,O
864674487,0,0.0028165436873577865,O
864674487,0,0.0011685703403240821,O
864674487,0,0.002459688103474522,O
864662311,0,0.0026211903799940317,O
864662311,0,-0.0035289615349181624,O
864662311,0,-0.0008278840314595026,O
864662311,0,0.00038526378849529364,O
864662311,0,-0.002204973103073049,O
2245273601,0,0.0028648763065056704,C
2245273601,0,0.00043055996015578524,C
2245273601,0,0.00039679173947226865,C
2245273601,0,0.007865872739236612,C
2245273601,0,0.0031839932323217135,C
1100037548,0,0.00037917102515644396,N
1100037548,0,0.002082213042867209,N
1100037548,0,0.00024112208774096366,N
1100037548,0,0.0020202561815754194,N
1100037548,0,0.003187365916064111,N
485463469,0,-0.0015475280752200171,F
485463469,0,-0.0015318144519309018,F
485463469,0,-0.0009911996623175878,F
485463469,0,-0.000958930837939409,F
485463469,0,-0.001827721407257732,F
1101907775,0,-0.001303156602635691,N
1101907775,0,0.00017434121350451415,N
1101907775,0,-0.001745603912754301,N
1101907775,0,-0.0019028182566706575,N
1101907775,0,-0.0012144275136241056,N
10565946,0,-0.0006702625223013459,O
10565946,0,-0.0033264603909965995,O
10565946,0,0.003258235994544334,O
10565946,0,0.0013653695080543815,O
10565946,0,0.0017071574216183105,O
2076190208,0,0.0003915821475560799,O
2076190208,0,0.001445550892530345,O
2076190208,0,0.0010226383560155705,O
2076190208,0,-0.00025220172956091913,O
2076190208,0,0.001083310593038067,O
2142032900,0,0.0015457244102974332,C
2142032900,0,0.0006298047544805452,C
2142032900,0,0.0015954310662456006,C
2142032900,0,0.00239507005706735,C
2142032900,0,0.000890972622356101,C
2132511834,0,-0.0018948774444746408,N
2132511834,0,-0.004652974215868522,N
2132511834,0,-0.0018336076283508862,N
2132511834,0,-0.00024304279716425015,N
2132511834,0,-0.0008782110850285019,N
1312131881,0,-0.0019391095214378318,C
1312131881,0,-0.002323395108805082,C
1312131881,0,-0.0015286669499172678,C
1312131881,0,-0.002732473986542583,C
1312131881,0,-0.0006406463422880537,C
2353112200,0,-0.0024668360312435356,C
2353112200,0,-0.0012550031097280923,C
2353112200,0,0.0016136437274658078,C
2353112200,0,-0.0002141231228766638,C
2353112200,0,-0.0027894541280386043,C
4121755354,0,-0.003937474250157114,C
4121755354,0,-0.0032108284497690542,C
4121755354,0,-0.005030150136459799,C
4121755354,0,-0.005355516733560883,C
4121755354,0,-0.00504922883536868,C
1054767590,0,0.0010538813462315222,C
1054767590,0,0.001202894919793529,C
1054767590,0,-0.001289934790931535,C
1054767590,0,-0.0005195247687301285,C
1054767590,0,-0.0003106435670260921,C
3537119515,0,-0.00040664607152307575,C
3537119515,0,-0.0007521454191585786,C
3537119515,0,0.00038325005691636216,C
3537119515,0,-0.00019622126823126695,C
3537119515,0,-0.003006369858867153,C
1510461303,0,0.0014946103313743797,C
1510461303,0,0.003814027263581876,C
1510461303,0,0.0020565547979849996,C
1510461303,0,-0.0007488307529739391,C
1510461303,0,0.0014067677504874254,C
4216335232,0,-0.0033348847678700277,C
4216335232,0,-0.0042390485634457575,C
4216335232,0,-0.0024566564639814104,C
4216335232,0,-0.0008130952582001139,C
4216335232,0,-0.00367933102944773,C
3189457552,0,-0.005013828766376072,O
3189457552,0,-0.0033101911404715967,O
3189457552,0,-0.0035310218973878538,O
3189457552,0,-0.003052190727460158,O
3189457552,0,-0.0013816594091229928,O
2228063684,0,-0.0004728010170029773,O
2228063684,0,-0.0015557408515172733,O
2228063684,0,-0.0013829004064370154,O
2228063684,0,-0.005087199920512486,O
2228063684,0,-0.0022647456602502003,O
3777168895,0,0.0005544440415106711,C
3777168895,0,0.0011604587139285027,C
3777168895,0,0.0011963902079886735,C
3777168895,0,0.0010536303948647796,C
3777168895,0,0.0022647395126551007,C
1016841875,0,-0.0010665485733751812,Cl
1016841875,0,7.182062563793057e-05,Cl
1016841875,0,0.0013975105029871426,Cl
1016841875,0,0.0013269669386298255,Cl
1016841875,0,-0.0018788610388693616,Cl
422715066,0,0.004120731138405942,C
422715066,0,0.0006369866879559205,C
422715066,0,5.476452863645287e-05,C
422715066,0,0.0009551201023297873,C
422715066,0,0.0031577752420305916,C
3452535345,0,0.0011080358277255065,Cl
3452535345,0,-0.00010135108242514956,Cl
3452535345,0,-0.00195788420314269,Cl
3452535345,0,-0.002502669009066927,Cl
3452535345,0,-0.002119867065929759,Cl
1429883190,0,6.712401869679585e-05,C
1429883190,0,-0.001199226061806391,C
1429883190,0,-0.001573763521307281,C
1429883190,0,-0.0009758908210418804,C
1429883190,0,-0.0007927276879444722,C
2763854213,0,-0.00011263519546766965,C
2763854213,0,2.2433595467219458e-05,C
2763854213,0,0.00010948033883489972,C
2763854213,0,-0.000714777622167706,C
2763854213,0,-0.0029412730468204584,C
2424973678,0,0.0002581623503679076,C
2424973678,0,-0.001273112321948544,C
2424973678,0,-0.0007932135413577512,C
2424973678,0,-0.0013599768805633294,C
2424973678,0,-0.0014882016265348463,C
847957139,0,-0.00018615924732157119,N
847957139,0,-0.0008284981299886418,N
847957139,0,-0.0007197787278526713,N
847957139,0,-6.29655514186589e-05,N
847957139,0,0.0029248552709639775,N
1182622762,0,0.0004552126492662345,C
1182622762,0,9.595237192683292e-05,C
1182622762,0,-6.0257482001169205e-05,C
1182622762,0,0.00035028891981508936,C
1182622762,0,-0.00011425266524456301,C
1857396528,0,-0.0006853888984700296,C
1857396528,0,0.00031581946989905907,C
1857396528,0,-0.0005180536834774041,C
1857396528,0,8.686225426668415e-05,C
1857396528,0,-0.00014394294149688847,C
3337745083,0,-0.0006988678071010446,F
3337745083,0,0.0008476306723307903,F
3337745083,0,0.000932001255319892,F
3337745083,0,0.0006825996072808427,F
3337745083,0,-7.945586824931183e-06,F
4222851645,0,0.0002349227821425437,C
4222851645,0,2.1926832527330298e-05,C
4222851645,0,0.00013168730161577935,C
4222851645,0,0.00012339801157140728,C
4222851645,0,-0.00015669696608622274,C
3975275337,0,0.0005235371070820283,C
3975275337,0,0.0012218168627680104,C
3975275337,0,0.0003004686333547002,C
3975275337,0,-0.0035161726766620993,C
3975275337,0,-0.0008693178126094048,C
3692055567,0,0.0006608218199591342,C
3692055567,0,0.002006685324945523,C
3692055567,0,0.001687299392639896,C
3692055567,0,0.0004717955269922802,C
3692055567,0,0.001942528015823064,C
2944555726,0,0.0030024784349403366,C
2944555726,0,-0.001428935466025183,C
2944555726,0,0.0023210415766508063,C
2944555726,0,0.001368262696464173,C
2944555726,0,-0.0012505150376563856,C
2245277810,0,-0.002996021934662141,C
2245277810,0,0.001957415484973246,C
2245277810,0,0.0017780248115824016,C
2245277810,0,0.0004198980037407596,C
2245277810,0,-0.0007787439340051217,C
3983062349,0,-0.0034488870406068073,C
3983062349,0,0.004282122586512005,C
3983062349,0,0.0013561068114406605,C
3983062349,0,-0.004220135483174126,C
3983062349,0,0.0008104949851480692,C
2246340824,0,-0.002231608150195963,C
2246340824,0,5.742018138454874e-05,C
2246340824,0,-0.0014608172917661144,C
2246340824,0,-0.0007804309435540668,C
2246340824,0,-0.0007751664418054749,C
2976816164,0,0.0017004714246905417,C
2976816164,0,2.1332076230062835e-05,C
2976816164,0,0.0051774439890605595,C
2976816164,0,0.0035363477890058004,C
2976816164,0,0.0013527493745580932,C
3776905034,0,0.0006764290607570445,C
3776905034,0,0.0006737567871620276,C
3776905034,0,0.0012537213943786263,C
3776905034,0,0.0018945066301393476,C
3776905034,0,0.0012144377144048812,C
3542456614,0,7.780461875300793e-05,C
3542456614,0,0.0011089051915262882,C
3542456614,0,0.003065899467366906,C
3542456614,0,-0.001327887197216271,C
3542456614,0,2.069176947966378e-05,C
3537123720,0,0.0006516410585822308,C
3537123720,0,-0.00042158589910301636,C
3537123720,0,0.001980879441183858,C
3537123720,0,-0.0006655489758500832,C
3537123720,0,-0.00017454724846971414,C
1637836422,0,0.0015093623837724168,C
1637836422,0,0.0008233892314384317,C
1637836422,0,0.00026122885936707974,C
1637836422,0,0.001782454663339983,C
1637836422,0,0.0008306931169249632,C
3162837314,0,0.006822165080463849,C
3162837314,0,0.002032410606013446,C
3162837314,0,0.0007853721326406826,C
3162837314,0,0.0017647265467771178,C
3162837314,0,0.0044931798847212545,C
3982076256,0,0.0018950241087615227,C
3982076256,0,0.001785183765563414,C
3982076256,0,0.0045241755961480945,C
3982076256,0,0.005228074124395521,C
3982076256,0,0.0033487862009453084,C
1362518133,0,-0.0004892785874304195,N
1362518133,0,-0.00031277724161682396,N
1362518133,0,-0.0003991980759202596,N
1362518133,0,-0.0003945820654301935,N
1362518133,0,-0.00024985957961887184,N
1135286194,0,0.0008078709252452576,C
1135286194,0,-0.0006855198760348236,C
1135286194,0,-0.0033076942041433965,C
1135286194,0,-0.00105481123295309,C
1135286194,0,-0.001982874607838858,C
1790668568,0,-7.405770030916026e-05,N
1790668568,0,0.0013785825240780203,N
1790668568,0,0.0012571892989739486,N
1790668568,0,0.0014608242235824576,N
1790668568,0,0.0030233524730686745,N
3124581743,0,0.00021476427997335623,C
3124581743,0,0.0008891984482899962,C
3124581743,0,0.0009270373872670157,C
3124581743,0,0.0004886101928068265,C
3124581743,0,-0.0008286307417101346,C
2119439498,0,-0.0038745360735492618,C
2119439498,0,-0.0028032802804240364,C
2119439498,0,-0.002816508230145065,C
2119439498,0,-0.0030036358191004586,C
2119439498,0,-0.002397589700200653,C
1533864325,0,0.0021018441279781475,O
1533864325,0,-0.00031609935785631427,O
1533864325,0,-0.00195325692207704,O
1533864325,0,0.0014414684818849777,O
1533864325,0,0.0015460588716598167,O
4278941385,0,0.0006680631661334924,C
4278941385,0,-0.0008401007028502328,C
4278941385,0,-0.0006353853443431534,C
4278941385,0,-0.00072566589883305,C
4278941385,0,-0.0005678532108624457,C
3918336191,0,-0.0022731544081592836,C
3918336191,0,-0.002803619853533168,C
3918336191,0,-0.0009254223837942277,C
3918336191,0,-0.0019942959996015475,C
3918336191,0,-0.001957173686591429,C
2560252747,0,0.00048775028422626265,C
2560252747,0,0.0009381611920387667,C
2560252747,0,0.0007359291046335481,C
2560252747,0,5.018636852505143e-05,C
2560252747,0,-0.00013361115984505956,C
999334238,0,-0.001181330093522004,S
999334238,0,-0.0013285306729348134,S
999334238,0,-0.000595949322115874,S
999334238,0,-7.749845254784171e-05,S
999334238,0,-0.0006237133031947728,S
1173125914,0,-0.0010342124653381912,C
1173125914,0,0.0008166962733741623,C
1173125914,0,0.00010250208112749792,C
1173125914,0,-0.0005587325074556948,C
1173125914,0,-0.0020405744855406804,C
2994748777,0,-0.004083534688577917,C
2994748777,0,-0.003176026320254599,C
2994748777,0,-0.002127764500902185,C
2994748777,0,-0.0024170874101628326,C
2994748777,0,-0.0024781613124681967,C
3351556771,0,-0.0013016383603738357,S
3351556771,0,0.0035344580477683074,S
3351556771,0,0.0014938894823839366,S
3351556771,0,0.0019476481171440407,S
3351556771,0,-0.0011999308461298486,S
2509211297,0,-0.00344429009794045,C
2509211297,0,-0.000922672395762214,C
2509211297,0,-0.0005832933902168436,C
2509211297,0,-0.0028830749042652037,C
2509211297,0,-0.0006257672824032112,C
848128881,0,0.0007183848574294216,N
848128881,0,0.002722825771717896,N
848128881,0,0.001691197719299875,N
848128881,0,0.0007269940810374909,N
848128881,0,-0.00023559864972055866,N
2246703798,0,0.00327134810266827,C
2246703798,0,0.0008483926541713038,C
2246703798,0,0.0037331443290161137,C
2246703798,0,0.0031867073096527587,C
2246703798,0,0.001877737270657931,C
1276993226,0,-0.0002187099754885069,C
1276993226,0,0.00047989060806241657,C
1276993226,0,-0.000559366406388373,C
1276993226,0,-2.719595511230244e-05,C
1276993226,0,-0.0023090214051348923,C
2984966880,0,-0.0010596257332434744,C
2984966880,0,-0.0005213932058411586,C
2984966880,0,0.00042858999493733396,C
2984966880,0,-0.0006843524865185469,C
2984966880,0,-0.00032243794145192517,C
3315826729,0,0.00023070346512049644,C
3315826729,0,0.0003017569367780304,C
3315826729,0,0.0002885668117257878,C
3315826729,0,0.000320519591543833,C
3315826729,0,0.0002714843608815909,C
2115476908,0,-0.0008831638583092216,O
2115476908,0,-0.0025237416387092204,O
2115476908,0,-0.00015988983169190618,O
2115476908,0,-0.001496816980032789,O
2115476908,0,0.0021080826606005854,O
717512901,0,0.000237042391195319,N
717512901,0,-1.731456529263653e-07,N
717512901,0,-3.81859459141487e-05,N
717512901,0,0.00046040737262847964,N
717512901,0,-3.4051806813373275e-05,N
2245900962,0,0.00018707299672238165,C
2245900962,0,-0.00013377032221190133,C
2245900962,0,0.001812027672360328,C
2245900962,0,-0.0008131041466333255,C
2245900962,0,0.00019052693405441357,C
3848534832,0,-0.0002920585651256524,C
3848534832,0,-0.001941763532643248,C
3848534832,0,-0.000891601893137528,C
3848534832,0,-0.0010612803497804246,C
3848534832,0,-0.0010792503386787278,C
3182824521,0,0.0011006076803320997,C
3182824521,0,0.0008445605564644243,C
3182824521,0,4.476511065110156e-05,C
3182824521,0,-0.0007404692709855332,C
3182824521,0,-0.000909198367874009,C
26234434,0,-0.006257746534516495,O
26234434,0,-0.004708661940231174,O
26234434,0,-0.0014022380360595998,O
26234434,0,-0.007983403790054855,O
26234434,0,-0.00019359590112860703,O
288315894,0,0.0006847124028346308,S
288315894,0,0.0004725970142316349,S
288315894,0,0.00074472065255754,S
288315894,0,0.0006956946762256555,S
288315894,0,0.0005173605244032653,S
2811394787,0,0.0004746589551042901,C
2811394787,0,-0.000144969507194892,C
2811394787,0,-1.0667005838405075e-05,C
2811394787,0,-0.0008458045831256089,C
2811394787,0,0.00033829711187494116,C
19852674,0,2.0222554369397905e-05,C
19852674,0,0.0011336042922917011,C
19852674,0,0.0004817660811480273,C
19852674,0,0.0010616479060621131,C
19852674,0,0.0001408264496608469,C
1861965050,0,0.0012000701512576706,C
1861965050,0,-0.0019065471830104763,C
1861965050,0,-0.0014004757170628102,C
1861965050,0,-0.0021345972206314734,C
1861965050,0,-0.000901415624929458,C
2423543607,0,-0.0007237352327836843,C
2423543607,0,-0.0007208839447431781,C
2423543607,0,-0.000516175532533858,C
2423543607,0,-0.00017791690526530735,C
2423543607,0,-0.0006687390325695319,C
1257718710,0,-0.0002839096590774859,C
1257718710,0,0.000446443204848046,C
1257718710,0,0.00021725794063165438,C
1257718710,0,6.17349824882929e-05,C
1257718710,0,-0.00014315237335527087,C
2784506312,0,-0.0002375320114426649,C
2784506312,0,-0.0008936801239729508,C
2784506312,0,0.0015235449773268739,C
2784506312,0,0.0005258546651168428,C
2784506312,0,-0.0010533529576222667,C
3818546315,0,0.0014823151168513737,C
3818546315,0,-0.0012348450916787601,C
3818546315,0,0.00041683591801350284,C
3818546315,0,-0.0005497370346355668,C
3818546315,0,0.0008855981442029148,C
3657471097,0,0.0007057572845585725,C
3657471097,0,-0.0008224814103483524,C
3657471097,0,-0.00016746198758837982,C
3657471097,0,2.030739237879331e-08,C
3657471097,0,-0.0002558241924411342,C
2360741695,0,-0.0012754121120608919,C
2360741695,0,-0.0026922261601199926,C
2360741695,0,-0.002681829654162582,C
2360741695,0,0.00013845281230540074,C
2360741695,0,0.00038056926125429325,C
551287920,0,-0.00028263238099723864,C
551287920,0,-0.00040778026268412093,C
551287920,0,-0.00041341331086724997,C
551287920,0,-0.00010309949707926203,C
551287920,0,-0.0006382502386707012,C
1842898132,0,0.0012182751448686635,C
1842898132,0,0.00029183128462934027,C
1842898132,0,0.001083489974852414,C
1842898132,0,0.0010127193195502149,C
1842898132,0,0.0017697792197702844,C
2832976762,0,0.0008175114812395967,C
2832976762,0,6.78288369230784e-05,C
2832976762,0,0.0012409542503473148,C
2832976762,0,0.0004661962757584459,C
2832976762,0,0.0005579318371418118,C
2309124039,0,-0.0007208759376206575,C
2309124039,0,0.0005595287764809109,C
2309124039,0,0.00017473949577184733,C
2309124039,0,0.00184864839216059,C
2309124039,0,-0.0016397431553062392,C
2591432844,0,0.0008867781024023969,N
2591432844,0,0.0003995023459540392,N
2591432844,0,0.00036033000962537587,N
2591432844,0,-0.00019915185291907722,N
2591432844,0,-0.00012394596493781052,N
963029399,0,-3.722764721048044e-06,N
963029399,0,-0.00018244147343943196,N
963029399,0,0.0013911080862575864,N
963029399,0,1.2629223956839297e-05,N
963029399,0,0.001025746907897085,N
3884454603,0,0.00107388221268645,C
3884454603,0,0.0015797114953995384,C
3884454603,0,0.002034500933280392,C
3884454603,0,0.00120001323900093,C
3884454603,0,0.0012288949918041747,C
4089138501,0,0.0015046929686370336,C
4089138501,0,0.0025190611122657414,C
4089138501,0,0.0014107380764442068,C
4089138501,0,0.0021827407087710027,C
4089138501,0,0.0007138825694049111,C
932712697,0,-0.00036580801608337987,O
932712697,0,-0.0014274931463924,O
932712697,0,-0.0010293843346463327,O
932712697,0,-0.000284386865876729,O
932712697,0,0.0009152625412700566,O
1634606847,0,-0.0023452913105228013,N
1634606847,0,-0.0052341615908826356,N
1634606847,0,-0.0027317644257067175,N
1634606847,0,-0.003723645534577824,N
1634606847,0,-0.0017227816818320973,N
3624155,0,0.001876328667445748,C
3624155,0,-0.0012133971291246604,C
3624155,0,6.979412472524205e-05,C
3624155,0,0.0007113876728560009,C
3624155,0,0.0002241268700033383,C
161963127,0,-0.001941678115638723,C
161963127,0,-0.0024821980350393513,C
161963127,0,-0.0010196069134835728,C
161963127,0,-0.00175668930192463,C
161963127,0,-0.001445146396591268,C
2257970297,0,-0.0024281044123922735,C
2257970297,0,0.0009245701747522816,C
2257970297,0,-0.0032507531671344125,C
2257970297,0,-0.0001045781360216047,C
2257970297,0,-0.0028628016621271013,C
787069595,0,0.0008775354200197816,C
787069595,0,0.0004961611715287306,C
787069595,0,0.0013106510735564902,C
787069595,0,0.0007203266092805638,C
787069595,0,0.0008963792907017432,C
517457164,0,-0.0007408088942260638,C
517457164,0,-0.0014977779941410807,C
517457164,0,-0.0024675213034969223,C
517457164,0,1.8689214347999972e-05,C
517457164,0,-0.00032838801624263114,C
3207567135,0,0.0031450957560718584,C
3207567135,0,0.0009416063135228026,C
3207567135,0,0.0019507417202379584,C
3207567135,0,0.0031470872206099676,C
3207567135,0,0.0009834849536120571,C
435232729,0,-0.0004257965104117467,N
435232729,0,-0.0005511182792923286,N
435232729,0,-0.0004730825583568188,N
435232729,0,-0.0010911741509202488,N
435232729,0,-0.000270087185329837,N
2806018737,0,0.0006134739063773376,C
2806018737,0,0.0005247129302268783,C
2806018737,0,0.0003693216277137479,C
2806018737,0,0.00048407921176946145,C
2806018737,0,0.00043275546370663553,C
4008337421,0,-0.001161415590982262,C
4008337421,0,0.002443127717334348,C
4008337421,0,0.003910194994906524,C
4008337421,0,0.0017995154169753724,C
4008337421,0,0.002643843975565885,C
3026394695,0,-0.00160908538900284,C
3026394695,0,-0.0012991338859635881,C
3026394695,0,-0.0005542691778430142,C
3026394695,0,-0.0006315053129752335,C
3026394695,0,0.004142490318723213,C
2296565457,0,-0.0016632937537079395,N
2296565457,0,-0.0017201415026609213,N
2296565457,0,-0.0014131124338835899,N
2296565457,0,3.485919488560585e-05,N
2296565457,0,-8.340866876810349e-05,N
2089117413,0,0.0008595331682064167,C
2089117413,0,0.0008635959638081947,C
2089117413,0,7.489607607269466e-06,C
2089117413,0,-0.0009756428383655424,C
2089117413,0,-0.0008195410003603576,C
572760528,0,2.2182380834623316e-05,C
572760528,0,-0.00022861295258397307,C
572760528,0,8.774311465659101e-05,C
572760528,0,-5.8128032160709164e-05,C
572760528,0,-0.0007951791435958366,C
3002759401,0,-2.207977305396236e-05,C
3002759401,0,-7.587158255373261e-05,C
3002759401,0,0.0003626336767247884,C
3002759401,0,-4.781933032604879e-06,C
3002759401,0,4.63334311306407e-05,C
3118255683,0,0.00021849571470766715,N
3118255683,0,-0.00021438747817281723,N
3118255683,0,-2.0593509579724945e-05,N
3118255683,0,-0.0002103551314837082,N
3118255683,0,-0.00022543098929406202,N
74537039,0,-0.0002974011033455848,C
74537039,0,-8.4651305085226e-05,C
74537039,0,-0.00017409694345948967,C
74537039,0,-0.0009497790898592706,C
74537039,0,-0.0006488524251487826,C
2473389857,0,0.00013583223410151835,C
2473389857,0,-0.0001326419414895419,C
2473389857,0,-0.00016905046770693266,C
2473389857,0,0.00047524764944845144,C
2473389857,0,-0.00023043601816291615,C
899522707,0,-0.00031223170329242045,C
899522707,0,-0.0003332681446377994,C
899522707,0,-0.00041927897358529087,C
899522707,0,-0.00029896588074562747,C
899522707,0,-0.00044341954561955,C
675765711,0,0.00025467179243460203,C
675765711,0,0.0006988964112140672,C
675765711,0,0.0007181332488849779,C
675765711,0,0.0004982998950819328,C
675765711,0,0.0005869255758597647,C
1313967653,0,0.003392700336104393,C
1313967653,0,0.003057479841830024,C
1313967653,0,0.0033440851698848806,C
1313967653,0,0.002953528738507627,C
1313967653,0,0.004067802813980337,C
3855312692,0,-0.001368346649370189,C
3855312692,0,-0.0003911787164302405,C
3855312692,0,-0.0009199299969450125,C
3855312692,0,-0.0008152040212753842,C
3855312692,0,-0.000858767340318034,C
1083852209,0,-0.0042531607714196284,N
1083852209,0,-0.004931762522314087,N
1083852209,0,-0.0031560000278986755,N
1083852209,0,-0.004148208596244374,N
1083852209,0,-0.00534169057388123,N
2905660137,0,0.001966406698852341,C
2905660137,0,0.0039745374347950335,C
2905660137,0,0.0016997493821562792,C
2905660137,0,0.0033147557385376225,C
2905660137,0,0.0023781753203770406,C
3579962709,0,0.000889001408843404,C
3579962709,0,0.000676119197074776,C
3579962709,0,0.00026754451815858005,C
3579962709,0,0.0003012861033447889,C
3579962709,0,0.0004454370560910692,C
4041573576,0,-0.00016006398175977266,C
4041573576,0,-0.0013322321220743394,C
4041573576,0,-0.0008033470788946784,C
4041573576,0,-0.001046041461957803,C
4041573576,0,-0.0024968443220534375,C
64070612,0,-0.0006242708970505828,C
64070612,0,-0.0004443253903806399,C
64070612,0,-0.00045314220929715265,C
64070612,0,-0.0004348613418791447,C
64070612,0,-0.0005230324877165127,C
729796064,0,0.00023743679591547995,C
729796064,0,0.00042531360923314665,C
729796064,0,0.0005155995208135922,C
729796064,0,0.0003429333986261218,C
729796064,0,9.798544320593905e-05,C
1070821685,0,-1.3063042963445959e-06,C
1070821685,0,5.0697559816570426e-05,C
1070821685,0,6.963736380316554e-06,C
1070821685,0,-2.77486581257147e-06,C
1070821685,0,7.797287151700694e-05,C
3820826669,0,0.00013387593722213875,C
3820826669,0,0.0018810622020347667,C
3820826669,0,0.0023388899554354636,C
3820826669,0,0.0022545792098859763,C
3820826669,0,0.002248896469652484,C
2223687999,0,-0.0030524309261392157,C
2223687999,0,0.0011043607800559907,C
2223687999,0,0.0008347535844897003,C
2223687999,0,0.0012266229336342915,C
2223687999,0,-0.0031190347670279617,C
2435680164,0,-0.0006775609683321582,N
2435680164,0,-9.70120190149637e-05,N
2435680164,0,-0.00023451540444524577,N
2435680164,0,-0.00044914355528102856,N
2435680164,0,-0.0003697815983035868,N
600629739,0,0.00046980233350357725,N
600629739,0,0.00010005551273384317,N
600629739,0,-0.0003435528767706808,N
600629739,0,0.00020859038130044416,N
600629739,0,0.00011301613954256551,N
2370996728,0,0.00027506145962175044,C
2370996728,0,-0.00012396334361758354,C
2370996728,0,0.0007123547576470268,C
2370996728,0,-0.00033500294930949304,C
2370996728,0,-0.00014551791983236084,C
266675433,0,-0.0007470829870738771,O
266675433,0,-0.0017191149468346323,O
266675433,0,-0.00044590208287176303,O
266675433,0,-0.0004078716049952247,O
266675433,0,-6.737687259944503e-05,O
2720313463,0,0.00024836984918313876,C
2720313463,0,0.0005951439158862759,C
2720313463,0,0.0008888998098116052,C
2720313463,0,-0.0004851191083541373,C
2720313463,0,0.00034867754462430955,C
847433064,0,-8.806092192725767e-05,N
847433064,0,0.0011200079234273685,N
847433064,0,0.0013545602406876411,N
847433064,0,0.0007534697739028928,N
847433064,0,0.0008394590008685143,N
2551483158,0,3.5156407614311824e-05,N
2551483158,0,0.0004196136936789885,N
2551483158,0,0.00029470880432241886,N
2551483158,0,0.00018972141136830434,N
2551483158,0,0.0005323506223289254,N
3933537673,0,0.00034964502546114273,C
3933537673,0,-0.0020517869944489675,C
3933537673,0,-0.0007705647269227733,C
3933537673,0,-0.0014256067830298313,C
3933537673,0,-0.0033346371194006297,C
3458774156,0,0.003028356489372719,N
3458774156,0,0.0005193646447367861,N
3458774156,0,0.0003920925234369155,N
3458774156,0,0.0014722246844386944,N
3458774156,0,0.0030785904242757733,N
642367021,0,-0.0006179194217329487,C
642367021,0,-0.0008033044853176241,C
642367021,0,-0.0008144096721152128,C
642367021,0,-0.00045447471200610323,C
642367021,0,-0.0006244799578163374,C
847336149,0,-0.00016327045738823154,N
847336149,0,0.0005939972835559693,N
847336149,0,-0.0008340727545501081,N
847336149,0,-0.00254498599897246,N
847336149,0,0.00044769086893525767,N
3182177290,0,5.762894550537245e-05,C
3182177290,0,0.00010447362219057066,C
3182177290,0,0.00015980009013244478,C
3182177290,0,0.00017304275966129046,C
3182177290,0,0.0001532351975688795,C
1167322652,0,0.000490884958777027,C
1167322652,0,-0.0002588193030479413,C
1167322652,0,-0.0002529749979184315,C
1167322652,0,0.00035216984830444,C
1167322652,0,-4.619434609387518e-05,C
3796841743,0,-0.0006385122964244205,C
3796841743,0,-0.0017394566115968568,C
3796841743,0,-0.0005816036095193655,C
3796841743,0,-0.0006367534572538913,C
3796841743,0,-0.00018886778254545433,C
1730555933,0,0.0007608505072344007,C
1730555933,0,0.00015765923414928773,C
1730555933,0,0.0001346628208704348,C
1730555933,0,3.222627998833438e-05,C
1730555933,0,0.0002753528858293053,C
1583799011,0,-0.00043823666461106914,C
1583799011,0,-0.0006619996801316974,C
1583799011,0,-0.00018975196852538678,C
1583799011,0,-0.00013325634459881996,C
1583799011,0,-8.597989900410719e-05,C
3908647167,0,-0.0004524640199516927,C
3908647167,0,-2.4592799322320502e-05,C
3908647167,0,-3.315659471381238e-05,C
3908647167,0,0.00046747830380022837,C
3908647167,0,1.4155975618379557e-06,C
271903915,0,-0.0014891047936765878,N
271903915,0,-0.00029655643810266863,N
271903915,0,-0.0005083655098437334,N
271903915,0,-0.0006295408520911039,N
271903915,0,-0.0005958493299904055,N
2447826885,0,0.00025457042184384715,C
2447826885,0,0.0002473940761853477,C
2447826885,0,-0.0005184846667723453,C
2447826885,0,-0.00036635264613493757,C
2447826885,0,-0.000135565764475154,C
1791271074,0,-0.0010179675330073135,S
1791271074,0,-0.00019780104116678965,S
1791271074,0,-0.0015826877446363796,S
1791271074,0,-0.001383096954486407,S
1791271074,0,0.0011929977071104547,S
3976623167,0,0.0005983959233394898,C
3976623167,0,0.0014704582630037377,C
3976623167,0,0.0010838202643860817,C
3976623167,0,-0.002377476270962242,C
3976623167,0,-0.00020101630591812247,C
966311396,0,0.001119072119008635,C
966311396,0,-0.0003209035773283353,C
966311396,0,0.00020717878938092404,C
966311396,0,0.0011557039665661684,C
966311396,0,0.0008108102824554431,C
1323467736,0,4.25903949652362e-06,C
1323467736,0,-0.0004788261333109056,C
1323467736,0,-0.001352927177985519,C
1323467736,0,-0.00021971514444368845,C
1323467736,0,-0.0005529349540709383,C
411967733,0,-0.00012054930442739753,C
411967733,0,0.00038231532949639657,C
411967733,0,0.0007313415833823389,C
411967733,0,0.0005030603161647607,C
411967733,0,0.0003305764213924478,C
3545365497,0,-0.0020422209599542662,C
3545365497,0,-0.0014448084202090539,C
3545365497,0,0.001358004571705651,C
3545365497,0,-0.0010882522113745963,C
3545365497,0,-0.002692628020975696,C
3796359118,0,0.0013460375217963505,C
3796359118,0,-0.0001003485895905154,C
3796359118,0,-0.0025231632289398065,C
3796359118,0,0.0013347883185395593,C
3796359118,0,-0.0015092562021070122,C
36538691,0,1.6628534075913137e-05,C
36538691,0,7.633183160105084e-05,C
36538691,0,8.848125636873316e-05,C
36538691,0,2.7335500424774395e-05,C
36538691,0,7.26141771900668e-05,C
2649902721,0,-0.0011135702651614565,C
2649902721,0,-0.0008656004241952564,C
2649902721,0,-0.0009419879876939041,C
2649902721,0,-0.0009155941309310078,C
2649902721,0,-0.0002534048864071825,C
994237755,0,0.0005839832092521813,C
994237755,0,-0.00042021039247380765,C
994237755,0,0.0010936105902755178,C
994237755,0,0.0006091441782729023,C
994237755,0,0.0005986236325726257,C
1961848637,0,-0.0008194125345991066,C
1961848637,0,-0.0019922040742562097,C
1961848637,0,-0.0018917939968350894,C
1961848637,0,0.00010303014680246303,C
1961848637,0,-0.0011938802368142154,C
3004333805,0,-1.9048705741875338e-05,C
3004333805,0,0.0,C
3004333805,0,-3.417155956486617e-05,C
3004333805,0,-1.3383125895161108e-05,C
3004333805,0,2.4214621937634906e-05,C
4033380444,0,-1.6498139044363036e-06,C
4033380444,0,7.6076979403927325e-06,C
4033380444,0,1.3012592821826097e-05,C
4033380444,0,0.0,C
4033380444,0,1.1362778917389793e-05,C
619920801,0,-0.0008465065314824938,C
619920801,0,-0.0004514020312275657,C
619920801,0,-0.00046231239566962845,C
619920801,0,-0.000439761703159125,C
619920801,0,0.0001968352279334562,C
3334525955,0,0.0005063664386251165,C
3334525955,0,-0.00023830783739248185,C
3334525955,0,0.0002959726986593303,C
3334525955,0,0.0007753742943726882,C
3334525955,0,-0.0001858401816558497,C
3994088662,0,-0.0004562317542621819,C
3994088662,0,-2.0829755674689476e-05,C
3994088662,0,0.0005184956470301039,C
3994088662,0,0.0002896291910715054,C
3994088662,0,-2.7826397281993653e-05,C
3596485316,0,-0.0005711697971622076,C
3596485316,0,-0.00017205916363155493,C
3596485316,0,-0.00032361913727924074,C
3596485316,0,0.0005134780955124985,C
3596485316,0,-0.0002874016320293382,C
171200514,0,0.000539728986719834,C
171200514,0,0.0011409472202684179,C
171200514,0,-0.0004346851601526036,C
171200514,0,-0.0007679233594172774,C
171200514,0,-0.0012493384768793026,C
970433791,0,-0.0011668741830740403,C
970433791,0,9.292595621379629e-05,C
970433791,0,0.00031079325851618433,C
970433791,0,-0.0012568164388270797,C
970433791,0,-0.0007400793834417274,C
685125387,0,0.0004209465822053171,C
685125387,0,0.0004996363840494289,C
685125387,0,0.00032888763957872325,C
685125387,0,4.995354128467522e-05,C
685125387,0,0.00032816115809902735,C
2835079913,0,0.00033822404395833505,C
2835079913,0,-4.9363815900815844e-05,C
2835079913,0,-2.0782176134548358e-05,C
2835079913,0,-0.0002419840123455419,C
2835079913,0,-3.0338611903046875e-05,C
1352399629,0,-9.946898602447574e-05,O
1352399629,0,-0.00017588864591666642,O
1352399629,0,0.00019350602664380823,O
1352399629,0,-0.00015260213600043482,O
1352399629,0,0.0001481438008445468,O
416356657,0,-6.33601392638905e-05,C
416356657,0,5.411484031569991e-05,C
416356657,0,-9.876627551141937e-05,C
416356657,0,-0.0002200092487014138,C
416356657,0,3.3848872965702714e-05,C
1535166686,0,0.0004194178223250744,O
1535166686,0,-0.000648186972656839,O
1535166686,0,0.002024068345212404,O
1535166686,0,-0.00019317669127971726,O
1535166686,0,0.0018177705507123054,O
589930590,0,-0.00011220655732735452,C
589930590,0,0.000543056365326533,C
589930590,0,-0.0008476163729458919,C
589930590,0,0.00011697100831975504,C
589930590,0,-4.794924246803722e-05,C
2463614838,0,0.0004991945946014598,C
2463614838,0,-2.9001175858245354e-05,C
2463614838,0,0.0006287423255372238,C
2463614838,0,0.0004337526976057049,C
2463614838,0,0.00010284067998578283,C
1871221615,0,0.0007424528411505427,C
1871221615,0,0.00039744820968756756,C
1871221615,0,0.0004097729442656406,C
1871221615,0,0.001110596186941204,C
1871221615,0,0.000504331957013715,C
3482873808,0,0.0012530168429988886,C
3482873808,0,0.0010315997137063104,C
3482873808,0,0.0018196548090098075,C
3482873808,0,0.0011070574168343672,C
3482873808,0,0.0012684546139715147,C
553412256,0,0.0004998158225917315,C
553412256,0,0.0009832378794910057,C
553412256,0,0.0010131585487413997,C
553412256,0,0.0004557585909418793,C
553412256,0,5.247183285722601e-05,C
135980867,0,7.354455055258446e-05,C
135980867,0,-3.667378453953152e-05,C
135980867,0,-6.7959741757051e-05,C
135980867,0,-3.4238555866594744e-05,C
135980867,0,-3.883823182398993e-05,C
1445852595,0,0.0005947544559067874,C
1445852595,0,0.0003639020694762851,C
1445852595,0,0.001433564501629181,C
1445852595,0,0.000407750663319828,C
1445852595,0,-0.00012508162296398506,C
2434373675,0,-8.73782402032175e-05,N
2434373675,0,3.303099767232309e-05,N
2434373675,0,-8.872388104314011e-05,N
2434373675,0,6.956423449161475e-05,N
2434373675,0,-4.5432512333298813e-05,N
2939120473,0,8.24740091946996e-05,C
2939120473,0,-0.0001790176501483276,C
2939120473,0,-0.00011021180417181142,C
2939120473,0,7.160254301974422e-05,C
2939120473,0,3.17920717127218e-05,C
3203709451,0,0.0003986160017389051,O
3203709451,0,-0.0004813028912130646,O
3203709451,0,-0.00039030759091346345,O
3203709451,0,0.0003733283583836622,O
3203709451,0,0.001400364434289758,O
368531313,0,-0.0007684116111566497,C
368531313,0,-0.0009182649544584587,C
368531313,0,-0.001813887505909828,C
368531313,0,-0.0015898184442309504,C
368531313,0,-0.00020316068586356817,C
3176806076,0,-0.0007978022688523434,C
3176806076,0,-6.0920686378140854e-05,C
3176806076,0,0.0008462182954461217,C
3176806076,0,0.000473937562806781,C
3176806076,0,-0.0009267803373558814,C
2614860224,0,0.001354369444348913,C
2614860224,0,0.001279853223443539,C
2614860224,0,0.0006748960933371517,C
2614860224,0,0.0010470457741265649,C
2614860224,0,0.00047303439908230605,C
2297887526,0,-0.0007189410431738263,N
2297887526,0,-0.0018639242526919952,N
2297887526,0,-0.0010167521806443425,N
2297887526,0,-0.00109211008082305,N
2297887526,0,-0.0008339216991253839,N
623728226,0,8.398515952301455e-06,C
623728226,0,-0.00010926531742955214,C
623728226,0,-0.00017281323686940686,C
623728226,0,0.00011789247614718557,C
623728226,0,6.157673989359846e-05,C
603510687,0,-0.0012242902360313224,C
603510687,0,-0.0003740064392335207,C
603510687,0,-0.0009760508618919528,C
603510687,0,-0.0019694840121028956,C
603510687,0,-0.001452797332914757,C
725322217,0,0.0012911624558606394,C
725322217,0,0.0010638282237946384,C
725322217,0,0.0009013215278421693,C
725322217,0,0.00194981372287778,C
725322217,0,0.0009620367299691956,C
434423882,0,0.00038251996121208,C
434423882,0,0.0006449382719185826,C
434423882,0,0.0008531588478092877,C
434423882,0,0.0006477860709505068,C
434423882,0,0.0006532398227324654,C
548743766,0,4.318240528961015e-05,C
548743766,0,4.03375048577681e-05,C
548743766,0,-1.5383982882588576e-06,C
548743766,0,2.4962794008487332e-05,C
548743766,0,-7.084641134380565e-05,C
1399127774,0,0.000398067915223399,C
1399127774,0,-9.93033212385308e-05,C
1399127774,0,-0.00038147965066054335,C
1399127774,0,0.00019151584043708425,C
1399127774,0,0.0002926397752595622,C
2629723425,0,-0.0007486115676292315,C
2629723425,0,-0.001953264487411066,C
2629723425,0,-0.001995514944052701,C
2629723425,0,-0.0018766455884666189,C
2629723425,0,-0.0008840900603939161,C
1542633699,0,-0.0008547590346844047,O
1542633699,0,-0.0008341555701414927,O
1542633699,0,-0.0003552452251382454,O
1542633699,0,-0.00027024644083162297,O
1542633699,0,-0.0005959929098942607,O
1824088295,0,-0.00036854218994575305,C
1824088295,0,0.0006697794459454842,C
1824088295,0,-0.0009935501552076342,C
1824088295,0,0.0004580090587405494,C
1824088295,0,0.0008687430853959177,C
1078211001,0,0.0005504466972803268,O
1078211001,0,0.0002041168818496808,O
1078211001,0,0.0010377655250487505,O
1078211001,0,0.00043097825350096874,O
1078211001,0,0.0006414172062961243,O
579286581,0,-1.736446276945358e-05,C
579286581,0,-4.4542984743212166e-05,C
579286581,0,1.5589402268978425e-05,C
579286581,0,0.0001446742866613171,C
579286581,0,-6.844475597878041e-05,C
476060908,0,-0.0009159250297779975,C
476060908,0,-0.00038856013425137004,C
476060908,0,-0.0008818385079243374,C
476060908,0,-0.0007390500328628979,C
476060908,0,-0.0010113210274421136,C
2154935424,0,-0.00018846996293675478,O
2154935424,0,-0.0005803419445096214,O
2154935424,0,0.0005104927771900081,O
2154935424,0,0.0003061994134811452,O
2154935424,0,-0.0009359728483869234,O
4256524850,0,-0.0006418621902954391,C
4256524850,0,-0.00033332221255033545,C
4256524850,0,-0.00025386045888309283,C
4256524850,0,-0.000701711663853577,C
4256524850,0,-0.0006738800980972126,C
3980805843,0,0.003911925532499416,C
3980805843,0,0.0023722194474780633,C
3980805843,0,0.004175933120192599,C
3980805843,0,0.002135766516833504,C
3980805843,0,0.002947839289305254,C
3594646603,0,0.0006695736554065967,C
3594646603,0,0.00033976288083359396,C
3594646603,0,0.00020545501725255377,C
3594646603,0,0.00038126422364920254,C
3594646603,0,0.00019911449494858235,C
4036277955,0,7.388610548586527e-05,C
4036277955,0,6.298890470179952e-05,C
4036277955,0,7.553835374102258e-05,C
4036277955,0,5.853674204803205e-05,C
4036277955,0,8.21136497194952e-05,C
3554022385,0,-0.0004047446061409832,C
3554022385,0,6.748451671789724e-05,C
3554022385,0,-0.00013050558578248106,C
3554022385,0,-8.759536040120475e-05,C
3554022385,0,-0.00031055628989740125,C
571978829,0,-0.0007501060272561699,C
571978829,0,-0.0006485476316248628,C
571978829,0,-0.000273269102226692,C
571978829,0,-0.0004311152865356105,C
571978829,0,-0.0005516750305685769,C
4011293459,0,0.00022871892452308584,C
4011293459,0,-0.00013637539562860734,C
4011293459,0,0.0002469537403902988,C
4011293459,0,0.000282218695270231,C
4011293459,0,0.0002399486592182809,C
1378530689,0,0.0,C
1378530689,0,0.0,C
1378530689,0,0.0,C
1378530689,0,0.0,C
1378530689,0,0.0,C
1858577693,0,0.0006952565961795831,C
1858577693,0,0.00032841535301214586,C
1858577693,0,0.0008951192002649155,C
1858577693,0,0.0007879799307276003,C
1858577693,0,-0.00013694637857908365,C
3120642300,0,-0.0005424877655101912,C
3120642300,0,0.0003022753983333293,C
3120642300,0,0.000523693385253432,C
3120642300,0,0.0009519913556320647,C
3120642300,0,0.0008736794708142925,C
2594220197,0,-0.0004992097868934398,C
2594220197,0,0.0003206050133970906,C
2594220197,0,-6.475325532456777e-05,C
2594220197,0,2.9288273980354607e-05,C
2594220197,0,-2.025099408919928e-05,C
1693331843,0,0.0002780125786369658,N
1693331843,0,7.923379028584865e-05,N
1693331843,0,-0.00013256802331707007,N
1693331843,0,2.6782688172743985e-05,N
1693331843,0,-0.00017312066680075233,N
1868602760,0,0.0008840904680853523,N
1868602760,0,0.001229649882162065,N
1868602760,0,0.00011786885525921775,N
1868602760,0,0.001234552534785438,N
1868602760,0,0.0008865814547864836,N
1842114921,0,-0.0012474781552482828,C
1842114921,0,-0.002319312890244507,C
1842114921,0,-0.0017608882359968492,C
1842114921,0,-0.0015102568704874475,C
1842114921,0,-0.003992299764593754,C
2021812431,0,-1.7218516331463096e-05,N
2021812431,0,-6.2290750958426955e-06,N
2021812431,0,-2.4171899698610666e-05,N
2021812431,0,-6.212644705211323e-05,N
2021812431,0,-1.2101061512115319e-05,N
4197146180,0,-0.002814665343804146,O
4197146180,0,-0.00222526309914034,O
4197146180,0,-0.005408012509315274,O
4197146180,0,-0.0028095393459072193,O
4197146180,0,-0.0042730585880857985,O
3121777292,0,-0.00026382415854564467,N
3121777292,0,-0.00029099048239472625,N
3121777292,0,-0.000666450441329347,N
3121777292,0,-0.0008631568285080715,N
3121777292,0,-0.000831609845523551,N
2752034647,0,-4.440288729451458e-05,C
2752034647,0,7.759194774625833e-05,C
2752034647,0,0.00027929885924249387,C
2752034647,0,2.6964250547545365e-05,C
2752034647,0,-0.00014116140095182805,C
3614376044,0,9.10321118438584e-05,C
3614376044,0,0.0002020111559724591,C
3614376044,0,3.1240655853914667e-06,C
3614376044,0,0.0003654902245501801,C
3614376044,0,2.0295586685037392e-05,C
3266129148,0,4.1386836882040257e-05,S
3266129148,0,4.122083166530066e-05,S
3266129148,0,3.860966369256813e-05,S
3266129148,0,3.608274009692103e-05,S
3266129148,0,2.868584391729767e-05,S
3346539298,0,-0.001137293716837573,N
3346539298,0,-0.0003807494444296733,N
3346539298,0,0.001147531474485819,N
3346539298,0,0.0013776491750054354,N
3346539298,0,-0.0006894271678702379,N
2513428378,0,0.0002312709108048261,C
2513428378,0,0.00017563858919739106,C
2513428378,0,8.759933331498049e-05,C
2513428378,0,0.00012069766642502922,C
2513428378,0,9.145126129772585e-05,C
2827868305,0,0.0006233103612407476,C
2827868305,0,0.0007592125695698448,C
2827868305,0,0.0008094346523279672,C
2827868305,0,0.0001674412519315216,C
2827868305,0,0.0007345047314175068,C
1153219603,0,6.893563940169045e-05,C
1153219603,0,3.962904365895081e-05,C
1153219603,0,3.0317361599918602e-05,C
1153219603,0,-8.864528000307459e-06,C
1153219603,0,0.00028983666179993595,C
516041383,0,0.0009722746139259608,C
516041383,0,0.001030754621486607,C
516041383,0,-0.0002510308253690363,C
516041383,0,0.0001877217174799939,C
516041383,0,0.001039846632862107,C
312306367,0,0.0025601945550211003,C
312306367,0,0.0006165234789719531,C
312306367,0,0.0009183564857475623,C
312306367,0,0.00020512159499164184,C
312306367,0,0.000650423589186544,C
3925172229,0,-0.0001087320178154716,C
3925172229,0,1.8295688984037994e-05,C
3925172229,0,8.1329670115593e-05,C
3925172229,0,-2.8673516432153878e-05,C
3925172229,0,-5.220950062484464e-05,C
118059098,0,0.0009791078710238432,C
118059098,0,0.0005763807593603398,C
118059098,0,0.0007249695157624525,C
118059098,0,0.00038703755272434526,C
118059098,0,0.0008897294697144398,C
3981762496,0,-0.0013163090243073494,C
3981762496,0,0.0011597030251137563,C
3981762496,0,0.00010130627028259731,C
3981762496,0,0.0009143913510192281,C
3981762496,0,-0.0011080166999633545,C
2122981102,0,-0.00011301671272456737,N
2122981102,0,-0.00010971287554673026,N
2122981102,0,-0.0001048133463373846,N
2122981102,0,-9.321055990435534e-05,N
2122981102,0,-0.00011889117585650588,N
1506563592,0,-0.0007970346792102179,C
1506563592,0,-0.00020994775636901108,C
1506563592,0,-0.00046379123332096484,C
1506563592,0,8.168072670056148e-05,C
1506563592,0,-0.0010010594279471485,C
2604440622,0,-0.0022175524390857793,C
2604440622,0,-0.00022016158130161445,C
2604440622,0,-0.000509013657875701,C
2604440622,0,-0.0005253032165289939,C
2604440622,0,-0.0007646404320384437,C
1717044408,0,0.00016696777422003928,C
1717044408,0,0.00030081107965163056,C
1717044408,0,-1.661558154586462e-05,C
1717044408,0,-4.063144633892346e-05,C
1717044408,0,0.00029777188216051353,C
2646219661,0,-0.00047072079191878835,C
2646219661,0,-0.0006348026957377906,C
2646219661,0,-0.00023633412018092548,C
2646219661,0,-0.0001237769793243082,C
2646219661,0,-0.00023267647544727987,C
128522177,0,0.00010687272043286011,C
128522177,0,6.892871446856352e-05,C
128522177,0,-0.00014680610360873203,C
128522177,0,-0.0005999140600305153,C
128522177,0,0.00036033698285514726,C
2459741777,0,-0.0013787598581410099,O
2459741777,0,-0.0012379695840705751,O
2459741777,0,-0.00046014133856853157,O
2459741777,0,-0.0010160713603771798,O
2459741777,0,-0.0012089577713754185,O
3612926680,0,-0.0013415353433152144,Br
3612926680,0,-0.0007863205044598698,Br
3612926680,0,-0.000566854875112599,Br
3612926680,0,-0.00034630482485681346,Br
3612926680,0,-0.001345426430417962,Br
1792562719,0,5.560753505162719e-05,S
1792562719,0,0.00030009849302481406,S
1792562719,0,0.0002793231602115087,S
1792562719,0,-0.00018090242837559556,S
1792562719,0,0.00023963938218451997,S
868576692,0,-7.714278941023389e-05,C
868576692,0,-6.83602700737862e-05,C
868576692,0,-6.41301965884078e-05,C
868576692,0,-7.277330468241638e-05,C
868576692,0,-7.714278941023389e-05,C
1999904870,0,-0.00012505467161655348,C
1999904870,0,-6.031340761863957e-05,C
1999904870,0,0.00012667850280395632,C
1999904870,0,0.00010589309657937918,C
1999904870,0,8.123035600615669e-05,C
3532053313,0,3.882053151105236e-06,S
3532053313,0,2.6499918981237602e-05,S
3532053313,0,3.199175415935507e-05,S
3532053313,0,-8.833229133198284e-06,S
3532053313,0,1.7632481943585798e-05,S
592593828,0,0.0005113176034896583,C
592593828,0,0.0007842925823419722,C
592593828,0,0.000505710405372839,C
592593828,0,0.00023053758907626287,C
592593828,0,0.0007538391769201236,C
3632350815,0,-0.0011323152264422487,Br
3632350815,0,0.00012434625193064042,Br
3632350815,0,-0.0006509384034641408,Br
3632350815,0,-0.00019109698285124654,Br
3632350815,0,0.0007989533639110036,Br
3025629386,0,-0.0009980313922258177,C
3025629386,0,-0.0026876707673055833,C
3025629386,0,-0.003857883326513989,C
3025629386,0,-0.0012660660916614663,C
3025629386,0,-0.001151352219772861,C
3594696610,0,7.50125323393247e-05,C
3594696610,0,6.400648729043557e-05,C
3594696610,0,-1.2885878426738273e-05,C
3594696610,0,2.1784088529264167e-05,C
3594696610,0,0.00010392750347792967,C
2212573984,0,0.0,S
2212573984,0,0.0,S
2212573984,0,0.0,S
2212573984,0,0.0,S
2212573984,0,0.0,S
3157481675,0,-0.0009730144080650205,C
3157481675,0,-0.0015401794115210699,C
3157481675,0,0.0019479961196035012,C
3157481675,0,-0.0018290975231609052,C
3157481675,0,-0.002641181311490548,C
669222828,0,-0.0018107435418736606,C
669222828,0,-0.0012265209729074855,C
669222828,0,-0.0012685930155590386,C
669222828,0,-0.001116255955778911,C
669222828,0,-0.00031599809509541554,C
1856075173,0,0.0,C
1856075173,0,0.0,C
1856075173,0,0.0,C
1856075173,0,0.0,C
1856075173,0,0.0,C
618671879,0,-1.7388573827714637e-05,C
618671879,0,0.00021725863492011444,C
618671879,0,7.946768277311556e-05,C
618671879,0,-0.00014443680247122614,C
618671879,0,-0.0006080745652423114,C
714893496,0,-0.0006022329945660765,C
714893496,0,-0.00011343220641718554,C
714893496,0,-0.0001784122494402629,C
714893496,0,-0.00043877036890332954,C
714893496,0,-0.0001380329404420677,C
1685248591,0,-0.0014894260399896386,C
1685248591,0,-0.001575688024571864,C
1685248591,0,-0.0031848945605277845,C
1685248591,0,-0.0006986579797977344,C
1685248591,0,-0.00034536530936352117,C
2931695851,0,0.00034559139897366586,C
2931695851,0,0.0012539128466441674,C
2931695851,0,0.0010242708805446865,C
2931695851,0,0.0010838055205812935,C
2931695851,0,0.0016510213488877823,C
2222715027,0,0.0003517471734457156,O
2222715027,0,0.000367353538895665,O
2222715027,0,-0.0003707213979441959,O
2222715027,0,0.00018038617494803288,O
2222715027,0,-0.0005078391104793023,O
1026928756,0,0.00070603048998652,S
1026928756,0,0.002470979652133054,S
1026928756,0,0.0023376923999657295,S
1026928756,0,0.002062404962340836,S
1026928756,0,0.0015729992739964005,S
458993620,0,-0.001150769427418763,N
458993620,0,-0.0012582854466700044,N
458993620,0,-0.00028122898150767517,N
458993620,0,-0.0003110250276540105,N
458993620,0,-0.0012217269031307154,N
1549284008,0,-0.002081104370033726,C
1549284008,0,-0.001920312222216003,C
1549284008,0,-0.0015168096507505724,C
1549284008,0,-0.002362558713709384,C
1549284008,0,-0.0020649551756855566,C
3510196525,0,-3.984074891993927e-06,N
3510196525,0,-0.00012880745308957442,N
3510196525,0,-7.77681839616573e-05,N
3510196525,0,-2.2523092173265535e-05,N
3510196525,0,-7.57840040219171e-05,N
909362583,0,0.00010142318441930254,C
909362583,0,0.0001920848669417774,C
909362583,0,-0.00015355256491256242,C
909362583,0,-0.00015990466612908483,C
909362583,0,-0.0001227234144808298,C
2556855854,0,0.0,C
2556855854,0,0.0,C
2556855854,0,0.0,C
2556855854,0,0.0,C
2556855854,0,0.0,C
3888780669,0,0.0001226365226342785,O
3888780669,0,-0.00019243716853473147,O
3888780669,0,-2.869273678868245e-05,O
3888780669,0,-0.00019161153560220967,O
3888780669,0,-9.675500395317504e-05,O
2448572767,0,2.387192053687759e-05,C
2448572767,0,9.169902715933098e-06,C
2448572767,0,-9.439746226391765e-05,C
2448572767,0,-8.011887472014756e-05,C
2448572767,0,-0.0001230374016412128,C
932692620,0,0.00022518794845738377,C
932692620,0,0.0001168970571413519,C
932692620,0,0.0004023288011876236,C
932692620,0,0.00021217891585245674,C
932692620,0,0.0003230506081036699,C
92620239,0,0.00017544678939296343,C
92620239,0,0.0003595577227343272,C
92620239,0,0.0005701830308960654,C
92620239,0,1.8462275158226404e-05,C
92620239,0,0.000135702429420681,C
443932914,0,2.4003801892269472e-05,N
443932914,0,9.827638340675904e-06,N
443932914,0,5.394892960419728e-06,N
443932914,0,-1.2470683541376815e-05,N
443932914,0,2.3534808624159353e-06,N
586636525,0,-0.0006161340991314157,C
586636525,0,-0.0006985282450766572,C
586636525,0,-9.039635433100157e-05,C
586636525,0,-0.0003288402076134789,C
586636525,0,-0.0005364529780167437,C
3462479532,0,-0.00020501694539593052,C
3462479532,0,-0.0004717938903999186,C
3462479532,0,-0.0005842208296645279,C
3462479532,0,-0.0005846365871155501,C
3462479532,0,-0.0005264232113610379,C
2222621677,0,7.218045962154029e-06,O
2222621677,0,-2.9448912077234546e-06,O
2222621677,0,7.435025466906442e-06,O
2222621677,0,-1.1597757404391285e-05,O
2222621677,0,-5.794546859672067e-06,O
328936174,0,6.572849259761648e-05,C
328936174,0,0.00013255003102569107,C
328936174,0,0.00010274333403031966,C
328936174,0,5.199801399530246e-05,C
328936174,0,0.00015710047185396592,C
2154777022,0,2.953970289654162e-06,C
2154777022,0,2.953970289654162e-06,C
2154777022,0,2.7841755413704483e-05,C
2154777022,0,2.317694206738219e-05,C
2154777022,0,-1.8453467172663274e-05,C
3992410619,0,-0.00014322749356321385,C
3992410619,0,-9.871419285933936e-05,C
3992410619,0,0.00014057035212500235,C
3992410619,0,-0.00016281283722929807,C
3992410619,0,-0.0001132978927776973,C
3750444818,0,0.0011543174892366115,C
3750444818,0,0.0021012966807610334,C
3750444818,0,0.00021618138754986305,C
3750444818,0,0.002236026749570408,C
3750444818,0,0.0011662739452344972,C
2975126068,0,-0.00044315695623531326,N
2975126068,0,-0.0004158009532322926,N
2975126068,0,-0.00014940884676334365,N
2975126068,0,-0.0002764017675405128,N
2975126068,0,-0.00012489833837858733,N
2477914203,0,-0.00010573712860656448,N
2477914203,0,-0.00011618652382622274,N
2477914203,0,-0.00012809465250462893,N
2477914203,0,-0.00011280533914137525,N
2477914203,0,-0.00011618652382622274,N
353395765,0,0.0006099638233790228,C
353395765,0,-0.0004242712163198825,C
353395765,0,0.001128339933145428,C
353395765,0,-2.4135893682997178e-05,C
353395765,0,-0.0004183287866965091,C
69470421,0,0.0,C
69470421,0,0.0,C
69470421,0,0.0,C
69470421,0,0.0,C
69470421,0,0.0,C
540046244,0,4.3393175976791376e-05,C
540046244,0,0.0011766050506170633,C
540046244,0,0.0013852082380930164,C
540046244,0,0.0009893768724760221,C
540046244,0,0.0004375094119205003,C
4261830945,0,-0.0011575752908319914,C
4261830945,0,-0.0011688957671159295,C
4261830945,0,-0.0018964638622513963,C
4261830945,0,-0.002641581478946109,C
4261830945,0,-0.0011695082524952327,C
3904721945,0,0.00010836639622746613,C
3904721945,0,0.00021734127865774555,C
3904721945,0,0.0003632593126288164,C
3904721945,0,-0.0001049279462052577,C
3904721945,0,0.0006075643814781873,C
4055698890,0,0.002275115036460218,N
4055698890,0,0.00063518787231992,N
4055698890,0,0.0027673394403593954,N
4055698890,0,0.002291445554794158,N
4055698890,0,0.003029036342946878,N
1738265797,0,-0.0001593714488133946,C
1738265797,0,-5.220109641657089e-05,C
1738265797,0,-0.00010888611083903488,C
1738265797,0,-0.00017601315544613083,C
1738265797,0,-9.20736617909812e-05,C
2014543234,0,-0.00011425730192460293,C
2014543234,0,0.00038843967011920055,C
2014543234,0,-0.0003858802853011767,C
2014543234,0,0.0004228790704580154,C
2014543234,0,0.00013163107022068354,C
2697110228,0,0.0005631537157473887,C
2697110228,0,0.0006672018038025862,C
2697110228,0,-0.00013491947739946442,C
2697110228,0,0.00028812788952581325,C
2697110228,0,0.0002244797725580172,C
694069322,0,1.6761090402606094e-05,N
694069322,0,2.022636895604446e-05,N
694069322,0,1.7018132745960646e-05,N
694069322,0,-5.356254476285294e-06,N
694069322,0,5.239736958939645e-05,N
3120784405,0,0.0007918486013181458,C
3120784405,0,8.871110780500624e-05,C
3120784405,0,-0.00012355259909968552,C
3120784405,0,0.000810100437898309,C
3120784405,0,-0.00030091059670367404,C
2574917850,0,0.0002902872982025184,C
2574917850,0,0.00027087083109139654,C
2574917850,0,0.00035463134636537497,C
2574917850,0,0.00016332266115265393,C
2574917850,0,-2.6581709629824868e-05,C
644322065,0,-0.00015228390065857855,C
644322065,0,0.0008961781529769897,C
644322065,0,-0.00044920942258630525,C
644322065,0,0.00044264623099227185,C
644322065,0,-0.0003358148111834436,C
4068239769,0,-8.56883859212676e-06,S
4068239769,0,6.614897218093496e-06,S
4068239769,0,-5.225393920393895e-06,S
4068239769,0,0.0,S
4068239769,0,-1.0552231382632282e-05,S
606428793,0,-0.00023805622157035966,C
606428793,0,-0.0005764062064858022,C
606428793,0,0.00018497999124600373,C
606428793,0,-0.00040338499244341186,C
606428793,0,-0.0006010251718836512,C
3304582332,0,0.0,C
3304582332,0,0.0,C
3304582332,0,0.0,C
3304582332,0,0.0,C
3304582332,0,0.0,C
3920757710,0,-0.0017777639460067607,C
3920757710,0,-0.00041215846082437446,C
3920757710,0,-0.00028060215976977165,C
3920757710,0,-0.001335296121790508,C
3920757710,0,-0.0005001341435877937,C
2923200147,0,-0.0019221607540346186,C
2923200147,0,-0.002002579290617368,C
2923200147,0,-0.0008456840036117352,C
2923200147,0,-0.001893556030470811,C
2923200147,0,-0.0007814687379403829,C
1349404210,0,0.0005249416851477728,N
1349404210,0,0.0005591697305866172,N
1349404210,0,0.00030496531335183485,N
1349404210,0,0.00026458930411860093,N
1349404210,0,0.00017622835527425496,N
2238101436,0,-0.001395397160250389,C
2238101436,0,-0.0017505483405453326,C
2238101436,0,-0.00010560062895631495,C
2238101436,0,-0.0021064291929904777,C
2238101436,0,-0.0021627150656319816,C
310913359,0,0.0,C
310913359,0,0.0,C
310913359,0,0.0,C
310913359,0,0.0,C
310913359,0,0.0,C
4086265842,0,-8.467734398631688e-05,C
4086265842,0,-0.0007014540355260723,C
4086265842,0,-6.655108426634193e-05,C
4086265842,0,5.550947550470031e-05,C
4086265842,0,-0.00011844301264940515,C
3328145258,0,6.179886681390023e-06,C
3328145258,0,7.910696438950815e-05,C
3328145258,0,1.6450566243775278e-05,C
3328145258,0,3.2951991073004727e-06,C
3328145258,0,-3.657211993540743e-05,C
3045022511,0,5.1058916772928065e-05,S
3045022511,0,3.583841294541035e-05,S
3045022511,0,0.00013465606540186137,S
3045022511,0,0.00013465606540186137,S
3045022511,0,0.0001258502161687325,S
910450790,0,0.0013635923671037053,C
910450790,0,-0.0010211290375458093,C
910450790,0,-0.00022756749986513336,C
910450790,0,0.0012654028401677397,C
910450790,0,-0.0009838392637274707,C
1216095805,0,-0.00018077698186469426,C
1216095805,0,0.00011460231097598639,C
1216095805,0,1.2350084150514196e-05,C
1216095805,0,-0.0004145334743573259,C
1216095805,0,-0.00017861431055726795,C
2187394687,0,0.00047358112847767364,C
2187394687,0,0.0003670836282755885,C
2187394687,0,0.0007194646502568514,C
2187394687,0,0.0002343705431021026,C
2187394687,0,0.0004618045176906227,C
544755086,0,0.00011118446130226056,C
544755086,0,-0.0002816237209788963,C
544755086,0,-1.0035017270204616e-05,C
544755086,0,-0.00033193133065873015,C
544755086,0,-0.0012497773431818238,C
2425865203,0,0.0008636741822711791,C
2425865203,0,-0.0002616991277046288,C
2425865203,0,0.0009226419200278335,C
2425865203,0,0.00021399789059811658,C
2425865203,0,0.0003239770206517889,C
1558658757,0,0.0014613646355371435,C
1558658757,0,3.5054380998600365e-05,C
1558658757,0,-0.0020915261621908265,C
1558658757,0,-0.00010245869650993278,C
1558658757,0,0.0011594174980409933,C
68675643,0,-0.0007321956153600873,C
68675643,0,-0.001024726219178651,C
68675643,0,0.0006655106570441216,C
68675643,0,-0.00036070582554165176,C
68675643,0,-0.0003599360628822046,C
2905822145,0,-0.00018625657093940262,C
2905822145,0,-0.00029846828399987535,C
2905822145,0,-0.00018112259802877118,C
2905822145,0,9.302538057820442e-05,C
2905822145,0,-1.5454367058076457e-05,C
2284773903,0,0.00015308486525345,C
2284773903,0,-4.1470608464933e-05,C
2284773903,0,0.0,C
2284773903,0,1.3012592821826097e-05,C
2284773903,0,0.0005362753329166692,C
3835273908,0,8.057397653565834e-05,C
3835273908,0,6.853703819564849e-05,C
3835273908,0,4.4174378098560396e-05,C
3835273908,0,-1.3292349161309058e-05,C
3835273908,0,6.730967576029645e-06,C
3249398244,0,0.00020375658656279771,C
3249398244,0,2.7778238077980077e-05,C
3249398244,0,5.297429835593448e-05,C
3249398244,0,0.00012098480921496346,C
3249398244,0,0.00012098480921496346,C
3772302167,0,1.1131746868675574e-05,C
3772302167,0,5.883084923719029e-06,C
3772302167,0,6.611470202366743e-06,C
3772302167,0,6.097174469199551e-07,C
3772302167,0,6.097174469199551e-07,C
2510215966,0,0.0,C
2510215966,0,0.0,C
2510215966,0,0.0,C
2510215966,0,0.0,C
2510215966,0,0.0,C
3406201864,0,-0.0004209650296581602,C
3406201864,0,-0.0006847090027310987,C
3406201864,0,-0.0003695566277479023,C
3406201864,0,-0.0005197343069081595,C
3406201864,0,-0.00018494259477652708,C
3684013815,0,0.00013275744862378813,C
3684013815,0,-0.00024409943376629828,C
3684013815,0,-0.00023402478173811803,C
3684013815,0,-5.966976199761609e-05,C
3684013815,0,-0.00020226946475110363,C
787341104,0,-0.0003318091329131412,C
787341104,0,0.0003279369420161604,C
787341104,0,-0.0003880262754403785,C
787341104,0,-0.0002926517792430361,C
787341104,0,-0.0006415020432059548,C
1256946769,0,8.526734803326885e-05,N
1256946769,0,8.72499688988615e-05,N
1256946769,0,-9.687973381095061e-05,N
1256946769,0,-0.00019538332360441446,N
1256946769,0,-4.096284264282213e-05,N
2110118862,0,0.00021085310268831314,C
2110118862,0,2.3186478182446457e-06,C
2110118862,0,2.21683084770663e-05,C
2110118862,0,0.00032732660598189245,C
2110118862,0,0.00017012498196045112,C
1899422126,0,-0.00030065275215218623,C
1899422126,0,-0.0010667718411968563,C
1899422126,0,-0.0009233296230395371,C
1899422126,0,-0.00024158859944523048,C
1899422126,0,-0.00020381569017569046,C
3727960280,0,0.0,C
3727960280,0,0.0,C
3727960280,0,0.0,C
3727960280,0,0.0,C
3727960280,0,0.0,C
4023654873,0,0.00020339955313536384,C
4023654873,0,0.0008814654803882549,C
4023654873,0,0.0003338802273877284,C
4023654873,0,0.0008172631164363731,C
4023654873,0,0.0011822176205473212,C
467603055,0,-0.00011933607725161943,C
467603055,0,-0.00023693891330750505,C
467603055,0,-0.0001286752525612722,C
467603055,0,0.00019726042314321957,C
467603055,0,2.9855351229179927e-05,C
409801989,0,-0.0009813572597650588,C
409801989,0,-0.0007364813976938889,C
409801989,0,-0.0008804158264376638,C
409801989,0,-0.0005205014752142079,C
409801989,0,-0.0007421368842187581,C
1289643292,0,-0.00017602434701557979,N
1289643292,0,-2.919863644951226e-05,N
1289643292,0,-9.647806485596488e-05,N
1289643292,0,-0.0002387198370218946,N
1289643292,0,3.630717777830528e-05,N
3011598321,0,0.0002335450084508528,C
3011598321,0,0.00046195551406241764,C
3011598321,0,-0.0011192631098260186,C
3011598321,0,-0.0002996290023945525,C
3011598321,0,-0.0006911527293914088,C
3460898310,0,-2.0960632790556488e-05,N
3460898310,0,2.3165217378662284e-05,N
3460898310,0,-7.853625922393803e-05,N
3460898310,0,-1.1682291051196003e-05,N
3460898310,0,4.251062366200653e-05,N
2971716993,0,-8.642729959629225e-05,N
2971716993,0,-0.00024777810480708373,N
2971716993,0,0.00010999111781856419,N
2971716993,0,0.0005059514912004182,N
2971716993,0,0.00020620213448530045,N
1556668346,0,-4.906502720758432e-05,N
1556668346,0,-0.0003489011126167618,N
1556668346,0,-0.00048086349093467984,N
1556668346,0,0.00019464708237904027,N
1556668346,0,0.000559744503315307,N
4022716898,0,0.00033135688389368534,C
4022716898,0,0.0003594337004126369,C
4022716898,0,0.0005834629522151191,C
4022716898,0,0.0005422902048439204,C
4022716898,0,0.000269039142563432,C
2458968089,0,0.0002144151546089046,C
2458968089,0,0.00010028510217957587,C
2458968089,0,-0.00014986957062668171,C
2458968089,0,4.881583921700905e-05,C
2458968089,0,-0.0008126172709587709,C
4164236649,0,-2.016682939820491e-05,C
4164236649,0,-0.0013638245194941279,C
4164236649,0,-0.001084752944057521,C
4164236649,0,-0.001608103585735432,C
4164236649,0,-0.0007849038311065759,C
2154975788,0,-6.501627416977129e-05,C
2154975788,0,4.12697315455568e-05,C
2154975788,0,0.0005188921791873247,C
2154975788,0,-0.000930309633466686,C
2154975788,0,-5.617973553873057e-05,C
3248686995,0,0.00032810211270589695,C
3248686995,0,0.0005175909813715518,C
3248686995,0,0.0006850013035817337,C
3248686995,0,0.0003939776518369631,C
3248686995,0,0.000585897689320769,C
3909974435,0,-0.0014110829567957617,C
3909974435,0,-0.0020232079061905384,C
3909974435,0,-0.0016823740309253044,C
3909974435,0,-0.002352814705452455,C
3909974435,0,-0.0016503001615220114,C
3012080282,0,-0.0001019925986652237,C
3012080282,0,-1.291756833649016e-05,C
3012080282,0,-9.873545536132067e-05,C
3012080282,0,-0.00020333779456055412,C
3012080282,0,-0.00019229126176556477,C
3462333187,0,4.7293798124292685e-05,C
3462333187,0,-3.303336731930173e-07,C
3462333187,0,-6.341902153206291e-06,C
3462333187,0,4.3751964111937713e-05,C
3462333187,0,6.750197069704811e-05,C
1229325558,0,1.3722017926931507e-06,N
1229325558,0,-5.225393920393895e-06,N
1229325558,0,5.689117713647551e-06,N
1229325558,0,2.80962409138219e-05,N
1229325558,0,0.0,N
3599139274,0,0.0,C
3599139274,0,0.0,C
3599139274,0,0.0,C
3599139274,0,0.0,C
3599139274,0,0.0,C
806369437,0,-0.00041578126314417707,C
806369437,0,-0.0001468092769049134,C
806369437,0,-0.00031074673147746257,C
806369437,0,-0.0005356218753910791,C
806369437,0,-0.00016011990450315317,C
2395259406,0,0.0,C
2395259406,0,0.0,C
2395259406,0,0.0,C
2395259406,0,0.0,C
2395259406,0,0.0,C
864942795,0,0.0009023033371936551,O
864942795,0,0.000473393491806251,O
864942795,0,0.00023029962474957477,O
864942795,0,-0.00040265301044872803,O
864942795,0,0.0002850486062682678,O
1785683843,0,0.0002373207534315802,C
1785683843,0,0.0006803815576101879,C
1785683843,0,0.0008705303565696987,C
1785683843,0,0.0003076450429105315,C
1785683843,0,4.879557276793456e-05,C
2516197204,0,0.00018009554336639866,C
2516197204,0,0.00015564197782558242,C
2516197204,0,-1.1585983940132216e-05,C
2516197204,0,0.0001852620994384213,C
2516197204,0,7.656627675201033e-05,C
2295519362,0,0.0006204530282086229,C
2295519362,0,0.0012158277312636634,C
2295519362,0,0.0011142272100395645,C
2295519362,0,0.0007442837844086059,C
2295519362,0,0.0008491581267237591,C
2598322190,0,2.6763061955092926e-05,C
2598322190,0,8.364778286146235e-05,C
2598322190,0,2.1420492698764892e-05,C
2598322190,0,8.905267774300674e-05,C
2598322190,0,-1.97202535686114e-05,C
3153477100,0,0.0002081244472718624,C
3153477100,0,0.00025241240994305914,C
3153477100,0,9.592312374734346e-05,C
3153477100,0,7.627642907959142e-06,C
3153477100,0,-4.3442412179961476e-05,C
2192318254,0,4.261651630454999e-05,O
2192318254,0,4.133129961403359e-05,O
2192318254,0,1.921967421208981e-05,O
2192318254,0,2.6524594586740946e-05,O
2192318254,0,1.1663888262403166e-05,O
1619222458,0,0.00025949034063543763,C
1619222458,0,-0.0008949376013686061,C
1619222458,0,-0.0009568876045786823,C
1619222458,0,-0.0008302114702157248,C
1619222458,0,-0.00043936954177981047,C
3824063894,0,0.0008222194271241268,C
3824063894,0,0.001172614547347961,C
3824063894,0,0.00011526865653638252,C
3824063894,0,0.0005786570201647412,C
3824063894,0,0.0010900963264853791,C
885026269,0,0.0007957160446414591,C
885026269,0,0.0010574887613338801,C
885026269,0,0.000761027774774159,C
885026269,0,0.0011101573670039833,C
885026269,0,0.0003120996023149303,C
472281497,0,0.00010462983819742311,C
472281497,0,0.00041533747173672086,C
472281497,0,-3.510784117588539e-05,C
472281497,0,-3.756803579579859e-05,C
472281497,0,-0.00012424417179307534,C
2599973650,0,-0.0005252367630020349,N
2599973650,0,0.0005665093393181775,N
2599973650,0,-4.758196186055441e-05,N
2599973650,0,-0.00021771962443561943,N
2599973650,0,4.765674308959689e-05,N
1582607016,0,-0.00046586077004190374,C
1582607016,0,-0.0004368381703878099,C
1582607016,0,-0.00015417903488618157,C
1582607016,0,-0.00043527802824816497,C
1582607016,0,-0.0004088088800575651,C
1564511222,0,-3.184896158764383e-05,C
1564511222,0,0.0003171615982329734,C
1564511222,0,-0.0002586135554159541,C
1564511222,0,5.908770392665241e-05,C
1564511222,0,2.6612009686621807e-05,C
3291149959,0,-2.4246770192692946e-05,C
3291149959,0,6.118105599384194e-05,C
3291149959,0,-4.218036730824215e-05,C
3291149959,0,-2.636868516808777e-05,C
3291149959,0,8.87943597609464e-05,C
717151242,0,0.000511665698362973,O
717151242,0,-0.0010078059584737176,O
717151242,0,5.763877649495042e-05,O
717151242,0,0.0017149986849116505,O
717151242,0,7.7709592348707e-05,O
2664995851,0,0.00023450365976124266,C
2664995851,0,-0.000218356296553035,C
2664995851,0,-0.000737455510700924,C
2664995851,0,-0.0006352012656586914,C
2664995851,0,-0.0005921467147186887,C
4239037249,0,0.0002819671977646321,C
4239037249,0,-0.0003316497498770943,C
4239037249,0,0.0008147683313755594,C
4239037249,0,0.0003793148321806217,C
4239037249,0,-0.00019722877875394396,C
166544320,0,0.0011617039327435075,C
166544320,0,0.0012064337830867133,C
166544320,0,0.001992214615928245,C
166544320,0,0.0018008752568428599,C
166544320,0,0.0021999886056977003,C
2369690741,0,-0.0001353180181519753,C
2369690741,0,-4.501214572089074e-05,C
2369690741,0,-8.645449888655676e-06,C
2369690741,0,-2.9240994561030575e-05,C
2369690741,0,-0.00010223386301494441,C
3234104871,0,0.00043580437773466096,C
3234104871,0,0.00028196208786451793,C
3234104871,0,-0.00019712516716313688,C
3234104871,0,0.0003680281266583152,C
3234104871,0,0.0002711292047578029,C
616374597,0,-0.00032748796693726767,C
616374597,0,-0.00038487232804512717,C
616374597,0,-0.00011875765046442943,C
616374597,0,-0.00033378930405153495,C
616374597,0,-0.0002728390051100482,C
2974534217,0,-0.0003646580066318794,C
2974534217,0,-0.0003726600785605161,C
2974534217,0,-0.0003196401305098351,C
2974534217,0,-0.00016371621295468985,C
2974534217,0,-0.0003548800823696685,C
828793177,0,0.0002434794612327651,N
828793177,0,0.0004714501052770492,N
828793177,0,0.0004147502189265073,N
828793177,0,0.000532356424617908,N
828793177,0,0.0006609758865167015,N
368713488,0,-0.003665424244730875,C
368713488,0,-0.0038669361438889993,C
368713488,0,-0.00295948105840238,C
368713488,0,-0.002762311433897824,C
368713488,0,-0.006224875360965609,C
3177362943,0,0.00041526347959663923,C
3177362943,0,0.00023208797905571732,C
3177362943,0,5.297429835593448e-05,C
3177362943,0,0.00039154700204024895,C
3177362943,0,0.0002451005718775434,C
912632640,0,-0.00010886208820320986,C
912632640,0,-0.00027445011007620757,C
912632640,0,-3.967130539406227e-06,C
912632640,0,-4.330898774634884e-05,C
912632640,0,0.0004282918750105891,C
214126897,0,0.00012742759967959705,C
214126897,0,0.00011894736099521408,C
214126897,0,9.921601422757664e-05,C
214126897,0,9.97993402073738e-05,C
214126897,0,3.0067844315362358e-05,C
4212936508,0,0.0,N
4212936508,0,0.0,N
4212936508,0,0.0,N
4212936508,0,0.0,N
4212936508,0,0.0,N
3376021752,0,-7.481772441164658e-05,O
3376021752,0,-4.898543442760639e-05,O
3376021752,0,-4.2372050293892904e-05,O
3376021752,0,-5.2195024005552426e-05,O
3376021752,0,-6.43445351243832e-05,O
2987120039,0,-0.00021281811934431571,C
2987120039,0,0.0020107931753193253,C
2987120039,0,0.0009063915004725587,C
2987120039,0,0.0012036129312856247,C
2987120039,0,-0.00023312371628303463,C
3816921572,0,-1.3278534325644742e-05,C
3816921572,0,-0.00038488365109595746,C
3816921572,0,-0.00047429235957879845,C
3816921572,0,0.0003435881831726495,C
3816921572,0,-0.00036558292873850595,C
203749390,0,-5.309683063403625e-05,C
203749390,0,0.0001647031950721689,C
203749390,0,0.00013916559724441724,C
203749390,0,0.0006179213819597629,C
203749390,0,8.47614187270973e-05,C
992462230,0,-0.0028241413602491106,C
992462230,0,-0.0049005867322401975,C
992462230,0,-0.0017306767383867272,C
992462230,0,-0.000641838746755885,C
992462230,0,-0.002993029754375043,C
1506993418,0,-0.00022321348268661279,C
1506993418,0,-0.00014947744304755206,C
1506993418,0,-9.625229655263468e-05,C
1506993418,0,-0.0003660704632342804,C
1506993418,0,-0.0003101992617716154,C
1486598263,0,-1.5139248393802873e-06,C
1486598263,0,-4.549561214983733e-07,C
1486598263,0,-0.00041343914152386363,C
1486598263,0,0.00010651395322869295,C
1486598263,0,-0.0003070458165735368,C
1914416804,0,-0.0013862455969727017,N
1914416804,0,0.0001374845114271439,N
1914416804,0,-0.0011695384189523428,N
1914416804,0,0.0007972067984488018,N
1914416804,0,-4.203772374017367e-05,N
54936104,0,-0.00025949884703196924,C
54936104,0,0.0002233144356383332,C
54936104,0,0.00022282421454478119,C
54936104,0,0.00014542867714961716,C
54936104,0,0.00031931838698540105,C
3090652201,0,0.0,C
3090652201,0,0.0,C
3090652201,0,0.0,C
3090652201,0,0.0,C
3090652201,0,0.0,C
2987687375,0,-9.419487914608116e-06,C
2987687375,0,-1.6498139044363036e-06,C
2987687375,0,0.0,C
2987687375,0,-1.091364315281007e-05,C
2987687375,0,1.3012592821826097e-05,C
2296493092,0,0.0009026297260560923,N
2296493092,0,0.0005377585724110623,N
2296493092,0,0.0007642552953066595,N
2296493092,0,0.00047280081090345094,N
2296493092,0,0.00025822055482505046,N
668520641,0,0.0002759887120153959,C
668520641,0,7.162739080940339e-05,C
668520641,0,0.0004609030370893441,C
668520641,0,-0.00029400937691520523,C
668520641,0,-0.0010209909032202202,C
848127915,0,-0.0013215292004602475,N
848127915,0,0.0001937916518329197,N
848127915,0,0.0020791917918412395,N
848127915,0,0.0010114685811879465,N
848127915,0,0.0007428831500065347,N
2378775366,0,-0.0026768380310828177,O
2378775366,0,0.0005779219001297853,O
2378775366,0,-0.0002463091952585317,O
2378775366,0,-0.0008935668650324469,O
2378775366,0,-0.001875252801246896,O
2592785365,0,-0.0005075027560311751,N
2592785365,0,-0.001194107245477971,N
2592785365,0,-0.0010906832728647675,N
2592785365,0,-0.0010357513660643747,N
2592785365,0,-0.000633501854519436,N
460073430,0,6.285181160481379e-05,C
460073430,0,8.768293470423627e-05,C
460073430,0,5.2994798220573625e-05,C
460073430,0,-1.2341650264202642e-05,C
460073430,0,-1.5422812820187204e-05,C
2378779377,0,-0.0028972027683985546,O
2378779377,0,-0.00220418148326168,O
2378779377,0,-0.0025751259891326206,O
2378779377,0,-0.0026265293851677196,O
2378779377,0,-0.0022837307388086092,O
4194366826,0,-0.0003211119203729851,C
4194366826,0,1.943932715409158e-05,C
4194366826,0,-9.171007166347556e-05,C
4194366826,0,-0.0004671834028009414,C
4194366826,0,2.3222699279623615e-05,C
1136130381,0,-0.0009399496204733349,C
1136130381,0,-0.0005839207494837684,C
1136130381,0,-0.00013827922487730238,C
1136130381,0,-0.00032624662101476964,C
1136130381,0,-0.0009051003997817553,C
1646750527,0,-0.0001954700372402418,C
1646750527,0,-1.9841554134092387e-05,C
1646750527,0,-0.00017781122054133514,C
1646750527,0,8.874225416249937e-05,C
1646750527,0,0.0002388778782825285,C
1163692816,0,-0.0002117333752306716,N
1163692816,0,3.495850919321697e-05,N
1163692816,0,-0.0005219982231878251,N
1163692816,0,-0.00015135454384906932,N
1163692816,0,-0.00032612900560741176,N
1840994228,0,-0.0001324868052308692,C
1840994228,0,-6.898047095638127e-06,C
1840994228,0,-7.547828016019054e-05,C
1840994228,0,-0.00010741776397032998,C
1840994228,0,-0.0001053905728103377,C
2609658248,0,-0.00047182958762687077,C
2609658248,0,0.0013231977334749456,C
2609658248,0,-0.0001666290763937539,C
2609658248,0,0.0006926011096375917,C
2609658248,0,0.00013470702020074166,C
2353583745,0,3.297525349899022e-05,C
2353583745,0,-0.0002245850108846259,C
2353583745,0,5.6149496502844176e-05,C
2353583745,0,0.00011937490067054357,C
2353583745,0,6.468502307255264e-05,C
3443041413,0,0.00045966368270627944,C
3443041413,0,0.00021898732212149996,C
3443041413,0,0.000740328841325244,C
3443041413,0,0.00026585907327575375,C
3443041413,0,0.0002941655968051182,C
3286720230,0,0.00042307424766890867,C
3286720230,0,0.0003182756685379817,C
3286720230,0,0.00021402880835885707,C
3286720230,0,0.00017883151878927972,C
3286720230,0,0.0001249330508986679,C
1449131080,0,0.002767446532610518,C
1449131080,0,0.0036724713439276746,C
1449131080,0,0.003581067385257486,C
1449131080,0,0.003821445803259882,C
1449131080,0,0.0032667793381548904,C
636971230,0,-0.002273571492735882,C
636971230,0,-0.0023998404508403515,C
636971230,0,-0.002407123978809156,C
636971230,0,-0.0025364401576212225,C
636971230,0,-0.0022397041588934075,C
2251845666,0,0.00010707928595937721,C
2251845666,0,0.00019629909499602194,C
2251845666,0,0.00021604975694822226,C
2251845666,0,0.00030929097071197287,C
2251845666,0,0.00012144270431707627,C
305828102,0,-0.0021314314306549176,C
305828102,0,-0.0030893885862516846,C
305828102,0,-0.003385864843278852,C
305828102,0,-0.0022663827533226932,C
305828102,0,-0.0023499316291804573,C
2810604122,0,-3.6291138107991117e-06,C
2810604122,0,6.317903201191744e-05,C
2810604122,0,-3.913760906248953e-05,C
2810604122,0,1.792085575413882e-05,C
2810604122,0,-7.201768925080287e-05,C
979999009,0,3.599296869227775e-05,C
979999009,0,0.00021880783701938578,C
979999009,0,-0.0002638434459690253,C
979999009,0,0.000414591196155889,C
979999009,0,0.0003096130890292148,C
4083722611,0,0.0001619485362280848,C
4083722611,0,0.00023159395235894387,C
4083722611,0,0.00014747066304238166,C
4083722611,0,4.1735136461773514e-05,C
4083722611,0,0.0002761495027684413,C
849275503,0,-0.0027806008336643817,N
849275503,0,-0.0013649969486004832,N
849275503,0,-0.0010463785047231666,N
849275503,0,-0.0011742563082359214,N
849275503,0,-0.002379306869412068,N
3533643770,0,-3.3528031426588445e-05,C
3533643770,0,-1.200748199986501e-05,C
3533643770,0,-3.235572974324974e-05,C
3533643770,0,-1.81029224276541e-05,C
3533643770,0,-2.1426969914473126e-05,C
594486406,0,-4.6746121297902565e-05,C
594486406,0,0.00014998078896066858,C
594486406,0,0.00020738662428543275,C
594486406,0,4.765083663232916e-05,C
594486406,0,1.5103395057392e-05,C
2697642734,0,-0.0003549610540506398,O
2697642734,0,-0.0005538297373640089,O
2697642734,0,-0.002035828021164088,O
2697642734,0,-0.0008435627499775444,O
2697642734,0,-8.06915490730864e-05,O
3345225135,0,3.848727313682243e-05,N
3345225135,0,-2.8581224229828894e-05,N
3345225135,0,0.0004920634190545004,N
3345225135,0,-0.0002494792471487428,N
3345225135,0,-6.1027076925235235e-05,N
1348783936,0,-0.0002588661094272138,C
1348783936,0,-0.0005867203765779205,C
1348783936,0,-0.00046561971241099176,C
1348783936,0,-0.0001899912739619647,C
1348783936,0,-0.00042424757713444006,C
3848368466,0,-1.124348742986836e-05,C
3848368466,0,-2.2661860982098325e-05,C
3848368466,0,1.5039292617591293e-05,C
3848368466,0,-2.2661860982098325e-05,C
3848368466,0,0.0,C
4130182993,0,-0.0010178936795513516,C
4130182993,0,-0.0007836615569106753,C
4130182993,0,-0.000402904320352393,C
4130182993,0,0.0003323207259949279,C
4130182993,0,-0.0002268523197237471,C
994637429,0,-0.001182980794402988,N
994637429,0,-0.0004324316521776561,N
994637429,0,-0.000722388304729038,N
994637429,0,-1.9559689317716344e-05,N
994637429,0,-0.0002495859667122624,N
1868697328,0,-6.320801846743107e-05,C
1868697328,0,0.00013504249212842323,C
1868697328,0,-4.8360148639958744e-05,C
1868697328,0,0.0006290045821669699,C
1868697328,0,6.048594226004678e-05,C
485458970,0,1.6081311850490998e-06,F
485458970,0,-1.1404461636776997e-05,F
485458970,0,9.263229975076115e-06,F
485458970,0,-2.4877501555331527e-05,F
485458970,0,-9.754647732340693e-06,F
1971534293,0,-0.0022320422412434038,O
1971534293,0,-0.001988461498037053,O
1971534293,0,-0.0012340966278684973,O
1971534293,0,-0.0018098435449657169,O
1971534293,0,-0.002026666603621885,O
2667063169,0,0.0008652256704230754,O
2667063169,0,0.00011879257989960701,O
2667063169,0,0.0004718865895821933,O
2667063169,0,0.000665532745774966,O
2667063169,0,0.0009348941593946836,O
831463242,0,-0.0003858894678918645,N
831463242,0,-4.275183443436248e-05,N
831463242,0,0.00020118316624578858,N
831463242,0,-0.000176176276094675,N
831463242,0,-0.00027524574495613185,N
473978627,0,-2.6992274332005017e-05,C
473978627,0,-5.422786528230805e-05,C
473978627,0,-0.00027708157946060297,C
473978627,0,-3.811636853562339e-05,C
473978627,0,3.3484220637869377e-06,C
2251883808,0,7.805724574039274e-05,C
2251883808,0,-6.79287505559456e-05,C
2251883808,0,0.0,C
2251883808,0,-0.0001551079139443523,C
2251883808,0,7.805724574039274e-05,C
2959332130,0,0.0002353304654075239,C
2959332130,0,0.00037518860007235144,C
2959332130,0,0.00043656859193103026,C
2959332130,0,0.000645495883488667,C
2959332130,0,0.00040986022252498255,C
256204769,0,-0.0014853119426947448,C
256204769,0,-0.0010048189664748075,C
256204769,0,0.0004242883941753539,C
256204769,0,0.00039780205131201285,C
256204769,0,-0.0004703734045066743,C
2194376677,0,0.0,C
2194376677,0,1.3012592821826097e-05,C
2194376677,0,1.3012592821826097e-05,C
2194376677,0,0.0,C
2194376677,0,0.0,C
800085213,0,-4.9160984574914135e-05,C
800085213,0,0.0002887924860464075,C
800085213,0,-0.0002536918610415162,C
800085213,0,0.0002370203766491885,C
800085213,0,-0.00016861730678269238,C
3705139132,0,0.0003038985056828536,C
3705139132,0,0.0008716780727938689,C
3705139132,0,0.00013701375798957915,C
3705139132,0,-8.339588600947412e-05,C
3705139132,0,0.0005661502215386638,C
2834566420,0,0.0,C
2834566420,0,0.0,C
2834566420,0,0.0,C
2834566420,0,0.0,C
2834566420,0,0.0,C
3341916169,0,0.0022625108381068015,C
3341916169,0,0.002216865551997127,C
3341916169,0,-0.0002017748641658934,C
3341916169,0,-0.0010891986273108833,C
3341916169,0,9.701644334797477e-05,C
1186654798,0,-0.0006623665345805163,C
1186654798,0,2.2633255907789085e-05,C
1186654798,0,-0.0007636028405726414,C
1186654798,0,-0.00012939412437018571,C
1186654798,0,-0.000673866050918126,C
215394313,0,0.0,C
215394313,0,0.0,C
215394313,0,0.0,C
215394313,0,0.0,C
215394313,0,0.0,C
816543468,0,6.671164415211761e-05,C
816543468,0,2.955779778390788e-05,C
816543468,0,-1.0276193753100404e-05,C
816543468,0,2.3953437034762715e-05,C
816543468,0,1.3012592821826097e-05,C
3796970912,0,0.00020604464305429282,C
3796970912,0,0.0009353916534067253,C
3796970912,0,0.001562733822772,C
3796970912,0,0.0006782005075821607,C
3796970912,0,-0.000429597889632094,C
3028039221,0,-0.00028326223364727454,N
3028039221,0,0.0001752559926424535,N
3028039221,0,-0.00038685976029440017,N
3028039221,0,7.578978029731953e-05,N
3028039221,0,-0.0003541718500063018,N
2261212172,0,0.0,C
2261212172,0,0.0,C
2261212172,0,0.0,C
2261212172,0,0.0,C
2261212172,0,0.0,C
4182960975,0,0.0,C
4182960975,0,0.0,C
4182960975,0,0.0,C
4182960975,0,0.0,C
4182960975,0,0.0,C
2438720939,0,-0.0006241800971966138,C
2438720939,0,-0.0007033924013301607,C
2438720939,0,-0.0006315063157011358,C
2438720939,0,-0.0006853866070893888,C
2438720939,0,-0.0007268363482980655,C
1033192140,0,-6.838857544000376e-05,C
1033192140,0,-4.039146533407756e-05,C
1033192140,0,-4.039146533407756e-05,C
1033192140,0,1.6545204962026272e-05,C
1033192140,0,-7.5388989806413065e-06,C
1630528126,0,-6.65095590441922e-05,C
1630528126,0,-0.0008818289544338942,C
1630528126,0,-0.0002921150467690703,C
1630528126,0,-0.0006991967478785499,C
1630528126,0,-0.0004157954694545274,C
3974650111,0,-0.00016759044732023165,C
3974650111,0,-0.0002051155568942864,C
3974650111,0,-0.00045711205899895413,C
3974650111,0,-0.0002937398096761745,C
3974650111,0,-0.0003263972177793284,C
1910766508,0,0.0003571182940411699,C
1910766508,0,0.0008227282670576486,C
1910766508,0,0.0001050553286910394,C
1910766508,0,0.0001871738077044438,C
1910766508,0,0.00020815052763833997,C
4081537576,0,1.5324542733952118e-05,C
4081537576,0,1.1774850081025523e-05,C
4081537576,0,1.230774486221664e-05,C
4081537576,0,9.404459067607895e-07,C
4081537576,0,1.4662950287847032e-06,C
1255595680,0,0.0013793408425634701,C
1255595680,0,0.00016773437779948885,C
1255595680,0,-0.0002676283994528239,C
1255595680,0,0.0006115649249245902,C
1255595680,0,7.678932713028885e-05,C
1630260676,0,0.0014862415524005135,C
1630260676,0,0.0028604422639841864,C
1630260676,0,0.0001709880913406403,C
1630260676,0,0.0006820779906703267,C
1630260676,0,0.00023056331888648973,C
3129492592,0,6.688475631672075e-05,C
3129492592,0,4.013303628996878e-05,C
3129492592,0,1.6109947283404757e-05,C
3129492592,0,0.0002694742599851918,C
3129492592,0,-0.00020051483712141271,C
781912670,0,-0.0001265575804903496,C
781912670,0,0.00014456883019209332,C
781912670,0,3.9936023641107266e-05,C
781912670,0,-3.212207055930394e-05,C
781912670,0,0.00019534618916344781,C
2487927669,0,0.0005704496557551453,C
2487927669,0,-0.00034279870549380753,C
2487927669,0,-0.0021111702386580333,C
2487927669,0,-0.0015882174200983479,C
2487927669,0,-0.0013175133542958073,C
3787488754,0,-0.0015326475534312434,C
3787488754,0,0.00015496651125923577,C
3787488754,0,-0.0009768560528088388,C
3787488754,0,-0.0006417982560278368,C
3787488754,0,-0.0005902783822469004,C
2308348490,0,0.0013127336102329301,C
2308348490,0,-0.001433951290533586,C
2308348490,0,0.0034433897056188045,C
2308348490,0,0.0010741054406645523,C
2308348490,0,-0.0013893324761571901,C
2333272823,0,-6.226013902926875e-05,C
2333272823,0,4.032933935088634e-05,C
2333272823,0,0.00035914289429578306,C
2333272823,0,0.00031435081987174485,C
2333272823,0,0.00016552575579786843,C
2812398603,0,-0.0003703272226168175,C
2812398603,0,-0.0003851830213115748,C
2812398603,0,0.000145592182018206,C
2812398603,0,-0.0008580993324812103,C
2812398603,0,-0.0004595604854085167,C
2999514534,0,-6.036112920049241e-06,C
2999514534,0,-1.5340619108017428e-05,C
2999514534,0,0.0,C
2999514534,0,5.971369079815769e-06,C
2999514534,0,-2.069851964631164e-05,C
3222770065,0,8.073544838060887e-05,C
3222770065,0,1.5378641261554193e-06,C
3222770065,0,8.621467199598776e-06,C
3222770065,0,5.659989263590015e-05,C
3222770065,0,1.0027670711565406e-05,C
3491109101,0,-0.0012494963141693738,C
3491109101,0,9.516252154595506e-05,C
3491109101,0,-0.0016363167039021298,C
3491109101,0,-0.0017140307795167065,C
3491109101,0,-0.0012410315069216749,C
1255626466,0,0.0,
1255626466,0,0.0,
1255626466,0,0.0,
1255626466,0,0.0,
1255626466,0,0.0,
3289231689,0,-0.0009060304041119682,C
3289231689,0,-0.00035047866749898793,C
3289231689,0,-0.00048320883822994265,C
3289231689,0,-0.000642654559561362,C
3289231689,0,-0.00033435375627816066,C
3745584548,0,-0.00325259045262416,C
3745584548,0,-0.0016298736344491083,C
3745584548,0,-0.001195709301667014,C
3745584548,0,-0.0025659280660017547,C
3745584548,0,-0.0029444579066769117,C
1914229733,0,7.347948514213609e-05,C
1914229733,0,-0.00012877737334071604,C
1914229733,0,-8.191062613294164e-06,C
1914229733,0,-0.00010147529079473916,C
1914229733,0,-1.775762673017489e-05,C
216545222,0,0.00016703341963408835,N
216545222,0,0.00013193272197842276,N
216545222,0,0.00027092113729260126,N
216545222,0,0.00021810653471565633,N
216545222,0,-0.00020943036023196582,N
2331740049,0,0.00011621534797262578,N
2331740049,0,0.0002661749042012218,N
2331740049,0,0.00014183279945845229,N
2331740049,0,0.00010730044142998052,N
2331740049,0,0.00022097681606475517,N
2355446912,0,-0.0014860105948054092,C
2355446912,0,-0.0012184259024822786,C
2355446912,0,-0.00033895133817141154,C
2355446912,0,0.00026617185431554446,C
2355446912,0,0.000350309347261768,C
859799282,0,-0.007786635640929351,C
859799282,0,-0.005578818184151957,C
859799282,0,-0.006591772017478292,C
859799282,0,-0.006078281913202699,C
859799282,0,-0.004944644001634968,C
3811375594,0,-5.983328829833878e-05,C
3811375594,0,7.696983956867465e-05,C
3811375594,0,5.320512681095124e-06,C
3811375594,0,-0.00010662993097199092,C
3811375594,0,7.816970146179436e-07,C
144568923,0,1.6296944719496054e-05,C
144568923,0,9.432459157177053e-05,C
144568923,0,0.0006282704751449653,C
144568923,0,0.00034891280850912754,C
144568923,0,9.89414004792244e-05,C
2557045420,0,0.0013244511596847697,N
2557045420,0,0.0013276607492627157,N
2557045420,0,0.001156519227869135,N
2557045420,0,0.0011898154729332866,N
2557045420,0,0.001193230455722727,N
4265716399,0,0.00026014848854949424,N
4265716399,0,0.00020959743693282906,N
4265716399,0,-3.973257335587732e-05,N
4265716399,0,-0.00021460635712367004,N
4265716399,0,0.000247874804594983,N
778974661,0,-0.0011912187541554542,C
778974661,0,-0.0005014725148027588,C
778974661,0,-0.0005212605800944403,C
778974661,0,-0.0005073315207845819,C
778974661,0,-0.0005062603393567455,C
3914061263,0,1.3012592821826097e-05,C
3914061263,0,1.4710986562249673e-07,C
3914061263,0,5.668572975292552e-06,C
3914061263,0,-4.2039264660509446e-06,C
3914061263,0,0.0,C
3330819572,0,-0.00038889174267031645,C
3330819572,0,-0.0002099923083984656,C
3330819572,0,0.00010547859849430186,C
3330819572,0,0.00022279233646571583,C
3330819572,0,-0.0004447133410163673,C
1674219510,0,-0.0005756771300868269,C
1674219510,0,-0.0006265902143359203,C
1674219510,0,-0.0005019526440396826,C
1674219510,0,-0.0007090366407925264,C
1674219510,0,-0.0007954128802453719,C
2170404731,0,-0.00017699262634812696,C
2170404731,0,-0.00033744943738944766,C
2170404731,0,-0.00037267351515196667,C
2170404731,0,-0.00044379371414121627,C
2170404731,0,-0.0007420293256567567,C
3116051204,0,0.00028163263350511336,C
3116051204,0,0.0001780995674234842,C
3116051204,0,-4.8596873465533985e-05,C
3116051204,0,0.00010768573228803202,C
3116051204,0,0.00010003577368938865,C
493191496,0,2.6106581791196515e-05,C
493191496,0,-0.00014729825807813235,C
493191496,0,-6.371258670867519e-05,C
493191496,0,-1.81667299784527e-05,C
493191496,0,-5.953690307675119e-05,C
851463431,0,-0.0014678840081726596,C
851463431,0,-0.0010803094930945112,C
851463431,0,8.09920798463537e-05,C
851463431,0,-0.0005962423897926672,C
851463431,0,-0.0008181042016350837,C
2839110432,0,9.996650819077413e-05,C
2839110432,0,-0.00025512271923167074,C
2839110432,0,-0.00038237402161056533,C
2839110432,0,3.0938911198319374e-05,C
2839110432,0,-0.00040934133187447985,C
1913726790,0,-0.0009498414824833934,C
1913726790,0,6.435653918146489e-05,C
1913726790,0,-0.0008384206681469331,C
1913726790,0,0.00023107483652234917,C
1913726790,0,-0.0011060403076147418,C
512485612,0,2.953970289654162e-06,C
512485612,0,-5.573018745808067e-05,C
512485612,0,-1.17913127778424e-06,C
512485612,0,-7.806968667078973e-05,C
512485612,0,-7.832192068801813e-05,C
3631761933,0,-0.0006564186216729273,C
3631761933,0,-0.0008915658915265579,C
3631761933,0,-0.0019034029059736834,C
3631761933,0,-0.003662966706416859,C
3631761933,0,-0.0003972090499756442,C
3254486562,0,0.00010681030333514752,C
3254486562,0,0.0002035575838458259,C
3254486562,0,6.440760232784282e-05,C
3254486562,0,0.00017175014375092612,C
3254486562,0,-4.5003382078689924e-05,C
1163048604,0,0.0005048483203420329,C
1163048604,0,0.00033091201761992206,C
1163048604,0,0.00020294903096551575,C
1163048604,0,0.000387282199264094,C
1163048604,0,-6.043473107719688e-05,C
265892994,0,-0.0021408115948993167,O
265892994,0,-0.003843776441529556,O
265892994,0,-0.003468447527481322,O
265892994,0,-0.0018161385804506547,O
265892994,0,-0.0025980614521710077,O
2328129879,0,-0.00014490782753906473,O
2328129879,0,-0.00012429239006689352,O
2328129879,0,-6.412679520939601e-05,O
2328129879,0,-0.0001296204073004681,O
2328129879,0,-2.752231322417087e-05,O
3048383039,0,0.00024975029433460527,C
3048383039,0,0.0002451640671768951,C
3048383039,0,9.893181829023767e-05,C
3048383039,0,0.00010115840504065776,C
3048383039,0,0.00024267156902507692,C
1222631225,0,0.0003057268750376596,C
1222631225,0,0.0001311089682565214,C
1222631225,0,-8.407644552654858e-05,C
1222631225,0,-0.0001253758977374786,C
1222631225,0,0.0002825381821960904,C
1272192549,0,0.00012998088462712332,C
1272192549,0,-9.130066265977677e-05,C
1272192549,0,0.00015670500088216244,C
1272192549,0,3.335895158906865e-05,C
1272192549,0,-0.00017330958073369374,C
222023415,0,0.0006485396669448917,N
222023415,0,0.00024653632040100293,N
222023415,0,0.001092903311112392,N
222023415,0,0.00037480859605232286,N
222023415,0,0.0007524672621353479,N
617798156,0,0.0003920421615680736,O
617798156,0,0.0004492208467147818,O
617798156,0,0.00019551289766750468,O
617798156,0,0.0004622471749273771,O
617798156,0,0.00022473917155807488,O
190140222,0,-2.7556662346772676e-05,N
190140222,0,-2.6348479909676925e-05,N
190140222,0,-4.3140792711948706e-05,N
190140222,0,-5.5419835347736424e-05,N
190140222,0,-6.256874451293637e-05,N
4180801603,0,-0.0007291753494231834,C
4180801603,0,-0.0012549391879139171,C
4180801603,0,-0.0005856827620490668,C
4180801603,0,-0.001335929797748714,C
4180801603,0,-0.0008242761711357294,C
3984860707,0,-0.0004453013131365813,S
3984860707,0,-0.00017086439682179044,S
3984860707,0,-0.0003712019746872075,S
3984860707,0,-0.00043213741109582315,S
3984860707,0,-0.0002714238475096664,S
3462308225,0,-0.00010806568851495779,C
3462308225,0,-0.000323365743541304,C
3462308225,0,-6.993393502785494e-05,C
3462308225,0,0.00037569607120879756,C
3462308225,0,1.4849482365020261e-05,C
2355616982,0,0.0001473206891940415,C
2355616982,0,4.3957622326895596e-05,C
2355616982,0,8.975046405768072e-05,C
2355616982,0,-5.093824406765535e-05,C
2355616982,0,6.213453126213686e-05,C
4042373501,0,0.00012754698234468398,C
4042373501,0,-6.192954254718996e-05,C
4042373501,0,-2.3040473884738955e-05,C
4042373501,0,0.00010792259186531705,C
4042373501,0,0.00017236059234160273,C
736514702,0,0.0,O
736514702,0,0.0,O
736514702,0,0.0,O
736514702,0,0.0,O
736514702,0,0.0,O
65941455,0,0.0006329518601295714,C
65941455,0,0.00043099500457011164,C
65941455,0,0.0005575847304675197,C
65941455,0,0.00010921451205347932,C
65941455,0,0.0004515660319169834,C
2411289135,0,-0.00027967817528706806,C
2411289135,0,-0.00035547338320729427,C
2411289135,0,-0.0003790241611244527,C
2411289135,0,-0.0002729242255772313,C
2411289135,0,-0.0002019999075346668,C
661888323,0,9.011223647276134e-05,C
661888323,0,1.9160839137444263e-05,C
661888323,0,-9.514223928197563e-05,C
661888323,0,3.179866202090986e-05,C
661888323,0,-3.8541748503040374e-05,C
1909986973,0,0.0006887800663555321,C
1909986973,0,0.0010030023905956975,C
1909986973,0,0.0013463109308988197,C
1909986973,0,0.00031927811949028495,C
1909986973,0,0.0010228559163200646,C
984189120,0,0.0006665739616670829,P
984189120,0,0.0013463220730593473,P
984189120,0,0.0011877834370035423,P
984189120,0,0.0009840388994890592,P
984189120,0,0.0008043216960879063,P
237615532,0,-0.00026769463201964383,C
237615532,0,-0.0005447293358315508,C
237615532,0,0.0003131354078323434,C
237615532,0,-0.0001906173516966203,C
237615532,0,0.00021513443113091446,C
3598064087,0,0.0,C
3598064087,0,0.0,C
3598064087,0,0.0,C
3598064087,0,0.0,C
3598064087,0,0.0,C
1795978025,0,-4.542038903126988e-05,C
1795978025,0,2.378782162520965e-05,C
1795978025,0,4.752544367714329e-06,C
1795978025,0,1.3478767596497576e-05,C
1795978025,0,-4.5562193676407237e-05,C
2235918822,0,5.6520831161477325e-05,O
2235918822,0,-0.0002461067259386662,O
2235918822,0,-0.00012316486233554524,O
2235918822,0,-2.558931739654602e-05,O
2235918822,0,-6.920483984101944e-05,O
1876820278,0,-0.0004758368761408338,C
1876820278,0,-0.0003539950309905393,C
1876820278,0,-0.0005939749788604343,C
1876820278,0,-0.0004620990484477394,C
1876820278,0,-0.00042811570476136707,C
698395004,0,-0.00022441264478073597,C
698395004,0,0.00019490096227697817,C
698395004,0,0.00020910374019661448,C
698395004,0,-0.00019671842490781577,C
698395004,0,-0.0003688199510049617,C
1207774339,0,-0.00028580212590623155,C
1207774339,0,0.0005927622289754186,C
1207774339,0,0.0006589300998252057,C
1207774339,0,0.0004387718596809975,C
1207774339,0,1.8890783080816043e-05,C
431202968,0,0.00042542556921743024,O
431202968,0,0.00041009612294024,O
431202968,0,0.0008110367651880668,O
431202968,0,0.0003707441651624732,O
431202968,0,0.00018745780833351322,O
833901780,0,7.288200168542591e-06,N
833901780,0,-1.709500924512719e-05,N
833901780,0,4.2054339265740204e-05,N
833901780,0,-2.7327951509004134e-05,N
833901780,0,3.1047738757172816e-06,N
1821698485,0,-7.902748820343142e-07,C
1821698485,0,0.00011585305334915752,C
1821698485,0,0.000169709999272738,C
1821698485,0,7.461340260805915e-05,C
1821698485,0,1.8597739462389296e-05,C
1906719888,0,1.886416850638284e-05,C
1906719888,0,1.7737705568010576e-05,C
1906719888,0,4.725112746184479e-06,C
1906719888,0,-2.300188125248237e-06,C
1906719888,0,4.725112746184479e-06,C
2809361097,0,0.00041987244088181885,C
2809361097,0,-7.530556398271937e-05,C
2809361097,0,8.310374065423343e-05,C
2809361097,0,0.00017728089443502792,C
2809361097,0,0.0005076582148110242,C
2036328569,0,-0.0019515368941369626,C
2036328569,0,-0.001262854126798274,C
2036328569,0,-0.002217705515022539,C
2036328569,0,-0.0009102008360533098,C
2036328569,0,-0.001756636168420589,C
2512623809,0,8.925405339588188e-06,C
2512623809,0,-1.6731465980579507e-05,C
2512623809,0,2.7332891121778502e-05,C
2512623809,0,-3.322387857718212e-06,C
2512623809,0,9.690204964107885e-06,C
2817106133,0,3.336196736197783e-05,C
2817106133,0,0.0003342166264739266,C
2817106133,0,-2.7378872512251462e-05,C
2817106133,0,-9.648629050373891e-05,C
2817106133,0,1.8223611891299285e-05,C
1754248939,0,-8.512882665129284e-05,C
1754248939,0,-0.00017713642872385638,C
1754248939,0,6.345465926343996e-05,C
1754248939,0,-0.00016885500112800989,C
1754248939,0,5.8886787309808675e-05,C
2635303940,0,-0.0002359813314893322,C
2635303940,0,-0.00035428094033990165,C
2635303940,0,-0.00032947795375010136,C
2635303940,0,-0.00019583913032067413,C
2635303940,0,-0.00022093949623752662,C
1396348621,0,0.0004946894094500776,C
1396348621,0,0.000395002348431317,C
1396348621,0,0.00022597698401455313,C
1396348621,0,0.0004336445736158323,C
1396348621,0,5.6311692062827046e-05,C
2479916646,0,-0.0011671458079274832,C
2479916646,0,-0.0008729400438456381,C
2479916646,0,-0.001024601632220401,C
2479916646,0,-0.00042129085773306985,C
2479916646,0,-9.191384513473899e-05,C
4282315164,0,0.0,N
4282315164,0,0.0,N
4282315164,0,0.0,N
4282315164,0,0.0,N
4282315164,0,0.0,N
2486266314,0,0.0,
2486266314,0,0.0,
2486266314,0,0.0,
2486266314,0,0.0,
2486266314,0,0.0,
1019269664,0,0.0,N
1019269664,0,0.0,N
1019269664,0,0.0,N
1019269664,0,0.0,N
1019269664,0,0.0,N
3118635600,0,-1.0998124412853194e-06,C
3118635600,0,-1.6995286370447005e-06,C
3118635600,0,1.0666888554666798e-06,C
3118635600,0,6.0091941015416594e-06,C
3118635600,0,-1.0998124412853194e-06,C
3218370331,0,3.412728739382587e-05,P
3218370331,0,1.709302604979701e-05,P
3218370331,0,8.26923857289441e-05,P
3218370331,0,6.663821731134334e-05,P
3218370331,0,2.6241321733455614e-05,P
3044392905,0,0.0,N
3044392905,0,0.0,N
3044392905,0,0.0,N
3044392905,0,0.0,N
3044392905,0,0.0,N
4194776273,0,0.0003128760659708574,O
4194776273,0,-0.0003758851325512125,O
4194776273,0,-0.0010203870200010678,O
4194776273,0,-0.00010135772134012289,O
4194776273,0,-0.0013546536781448015,O
263215426,0,0.0001747411226343254,C
263215426,0,-0.00028710087770489334,C
263215426,0,-0.00023461695104759483,C
263215426,0,-0.0008598373222748479,C
263215426,0,-0.0006471027279195685,C
2753863138,0,4.320317463818446e-05,C
2753863138,0,7.139249345422538e-05,C
2753863138,0,2.1395603982288236e-05,C
2753863138,0,2.5707729366442056e-05,C
2753863138,0,1.162011624367132e-06,C
2699298541,0,1.3012592821826097e-05,C
2699298541,0,0.0,C
2699298541,0,0.0,C
2699298541,0,0.0,C
2699298541,0,0.0,C
3308404410,0,4.650555217888819e-05,C
3308404410,0,-0.0008070616122669572,C
3308404410,0,-8.881275063588046e-05,C
3308404410,0,-0.00010702968894849008,C
3308404410,0,0.00013428938060966455,C
1446633534,0,5.301347679065316e-06,C
1446633534,0,-1.0575178239102812e-05,C
1446633534,0,3.3429090706749154e-05,C
1446633534,0,1.2995996580500435e-05,C
1446633534,0,1.6052324477433544e-06,C
2756489526,0,-0.0003989629971234976,C
2756489526,0,-0.00018085761254937882,C
2756489526,0,-0.0003047757143451735,C
2756489526,0,-8.217226356355134e-05,C
2756489526,0,-7.157626769405123e-05,C
913310822,0,0.0,C
913310822,0,0.0,C
913310822,0,0.0,C
913310822,0,0.0,C
913310822,0,0.0,C
3561946030,0,0.0005166681007486851,N
3561946030,0,0.00011340804949322436,N
3561946030,0,0.00029933413054727964,N
3561946030,0,0.00032917054253900346,N
3561946030,0,0.0003532329024706904,N
3292836938,0,0.0,
3292836938,0,0.0,
3292836938,0,0.0,
3292836938,0,0.0,
3292836938,0,0.0,
3194612514,0,-7.552690009388074e-05,O
3194612514,0,-0.000643101077330066,O
3194612514,0,-0.00047903274580535227,O
3194612514,0,-7.915317734547012e-05,O
3194612514,0,-0.0007859072084910879,O
1822332700,0,-5.405081346110396e-06,C
1822332700,0,-0.0003367901958540309,C
1822332700,0,-8.732143397166547e-05,C
1822332700,0,-0.0001896940182922191,C
1822332700,0,-0.00011806649423251603,C
2215059400,0,-0.0005891339198612622,O
2215059400,0,-1.0491829665781882e-05,O
2215059400,0,-0.00016639176733307393,O
2215059400,0,-0.0005406962812235516,O
2215059400,0,-0.00018045908677394307,O
773709216,0,-5.397295828618587e-05,C
773709216,0,-0.000290464675773372,C
773709216,0,-0.0005010426747373287,C
773709216,0,0.0001166693770927596,C
773709216,0,2.5912180101228532e-05,C
2530377886,0,-0.00018779877532887346,N
2530377886,0,0.00030525866174474503,N
2530377886,0,-0.00012998083368148672,N
2530377886,0,-6.537425204239389e-05,N
2530377886,0,0.00013764946813588086,N
2850656190,0,0.0018906704279183506,C
2850656190,0,0.00020825542942659592,C
2850656190,0,-0.0008697530215280302,C
2850656190,0,0.0020326836498482104,C
2850656190,0,0.0008213269658006728,C
1376881293,0,-0.00034558219748953567,C
1376881293,0,0.00014768620137795008,C
1376881293,0,-0.00016629062611256407,C
1376881293,0,0.0006935282118845087,C
1376881293,0,-0.0003217630909569946,C
1214060489,0,-9.740707350003319e-05,C
1214060489,0,-9.740707350003319e-05,C
1214060489,0,0.0003230506081036699,C
1214060489,0,0.00013197515101226465,C
1214060489,0,0.00015939017941679623,C
4203454020,0,-3.597284160578029e-05,C
4203454020,0,8.627863579357964e-06,C
4203454020,0,-1.700627197276372e-05,C
4203454020,0,-7.015856643666218e-05,C
4203454020,0,4.258378851540456e-06,C
3034212252,0,-0.0004883587494050601,C
3034212252,0,-0.0003256541369469623,C
3034212252,0,-3.671366597385317e-05,C
3034212252,0,-0.00039365586598621993,C
3034212252,0,-0.0007571301820711862,C
3044751281,0,-0.0008718244295529698,N
3044751281,0,-1.3953165967250936e-05,N
3044751281,0,-0.0002588149493021885,N
3044751281,0,-0.00027126060341203795,N
3044751281,0,-0.0004318003200405318,N
1292826808,0,-0.00021875388176906263,C
1292826808,0,4.7223518201577885e-05,C
1292826808,0,4.825306455480405e-05,C
1292826808,0,-0.00021407612034268775,C
1292826808,0,-0.00015297124810348395,C
950023157,0,7.987544127197044e-05,C
950023157,0,0.0006029679982539338,C
950023157,0,0.0004861114768988095,C
950023157,0,0.00013839278400756827,C
950023157,0,-8.592157927833632e-05,C
1187730664,0,0.000350238659460711,C
1187730664,0,0.0002077778005069031,C
1187730664,0,0.00021410571210694895,C
1187730664,0,0.00021117049320501513,C
1187730664,0,-0.00020477770144772256,C
4039837947,0,1.6452938663702454e-06,F
4039837947,0,1.8355162078043108e-05,F
4039837947,0,9.252991806762978e-06,F
4039837947,0,1.6452938663702454e-06,F
4039837947,0,1.8355162078043108e-05,F
773607102,0,2.8994685790040275e-05,C
773607102,0,6.673339478618923e-05,C
773607102,0,-5.966163124626611e-05,C
773607102,0,-5.9163303328280126e-05,C
773607102,0,-9.389134731474513e-06,C
2246997334,0,-0.00034862088350989806,C
2246997334,0,0.0012264435161311593,C
2246997334,0,0.0009695201476126458,C
2246997334,0,-0.00031146320207775524,C
2246997334,0,0.0007105398344869895,C
714711401,0,0.0001848075236620672,C
714711401,0,0.0002775111967502908,C
714711401,0,9.072907656570983e-05,C
714711401,0,0.00043188495903534463,C
714711401,0,7.339759501578946e-05,C
1710869618,0,0.0002087329933433968,C
1710869618,0,-0.00024545561561295504,C
1710869618,0,-0.0002373603593281426,C
1710869618,0,0.0006916849931634106,C
1710869618,0,0.0003085433761789158,C
2549196227,0,-0.0012656829970417172,C
2549196227,0,-0.0003795174736829776,C
2549196227,0,0.00041386967932427465,C
2549196227,0,0.0013524559976602069,C
2549196227,0,-0.0010224011716489234,C
2856245513,0,0.00011273411474727046,C
2856245513,0,0.00013334052161811938,C
2856245513,0,5.500858427720523e-05,C
2856245513,0,0.0001397079298523507,C
2856245513,0,5.9497319214951716e-05,C
1999077141,0,0.0,C
1999077141,0,0.0,C
1999077141,0,0.0,C
1999077141,0,0.0,C
1999077141,0,0.0,C
817588605,0,-0.0015435895814810974,C
817588605,0,0.001478650275927973,C
817588605,0,0.0016071083733966707,C
817588605,0,-0.0014725590581944892,C
817588605,0,-0.0003304914267300285,C
3430642422,0,0.0,C
3430642422,0,0.0,C
3430642422,0,0.0,C
3430642422,0,0.0,C
3430642422,0,0.0,C
1528304983,0,-0.0004223071316611371,N
1528304983,0,-0.0006049183696455462,N
1528304983,0,-0.00034793076276817825,N
1528304983,0,-0.0002759969709004717,N
1528304983,0,-0.00013393413795126374,N
3873941611,0,0.0,C
3873941611,0,0.0,C
3873941611,0,0.0,C
3873941611,0,0.0,C
3873941611,0,0.0,C
2687950697,0,0.0009728965614730911,C
2687950697,0,0.0012473552441883973,C
2687950697,0,1.2307783844534015e-05,C
2687950697,0,0.0007983629136668058,C
2687950697,0,7.809482235909826e-05,C
109461427,0,5.9144474598760155e-05,C
109461427,0,-0.0001988047211974875,C
109461427,0,0.0002438439177138152,C
109461427,0,-0.00016962872091519365,C
109461427,0,-0.00031057613031792997,C
2950679810,0,-0.001043717395804944,O
2950679810,0,-0.0009545428463454964,O
2950679810,0,3.912438056991041e-05,O
2950679810,0,-0.0011966371198069425,O
2950679810,0,-0.0008291693086426855,O
2914536168,0,7.911796460174925e-05,C
2914536168,0,-0.000302173840138531,C
2914536168,0,-0.0003270121770648782,C
2914536168,0,-0.00018793971883185323,C
2914536168,0,-0.0004409937991740054,C
1530636652,0,-9.448811138124125e-06,C
1530636652,0,-0.00015689723417366963,C
1530636652,0,5.910654540064453e-05,C
1530636652,0,-8.220332394459628e-05,C
1530636652,0,0.00022622980535125237,C
3043679972,0,0.0,C
3043679972,0,0.0,C
3043679972,0,0.0,C
3043679972,0,0.0,C
3043679972,0,0.0,C
2529809651,0,7.344386608054698e-05,C
2529809651,0,0.0003465117599055212,C
2529809651,0,-7.921681143391313e-05,C
2529809651,0,6.622377295595339e-06,C
2529809651,0,0.00017489290268779545,C
1924383628,0,0.0,C
1924383628,0,0.0,C
1924383628,0,0.0,C
1924383628,0,0.0,C
1924383628,0,0.0,C
4003049590,0,-0.00041917929436585677,C
4003049590,0,-0.00027838866097956716,C
4003049590,0,-0.0005296768805546637,C
4003049590,0,-0.0001436854418453981,C
4003049590,0,-0.00040310053756126285,C
1026654305,0,0.0015937985836441126,S
1026654305,0,0.0025085236208887696,S
1026654305,0,0.0022638627198043326,S
1026654305,0,0.002645664526247926,S
1026654305,0,0.002079833909693074,S
1542631284,0,8.76814967285533e-05,O
1542631284,0,-0.00011869051184981716,O
1542631284,0,0.00020165093243645904,O
1542631284,0,-2.790101784655441e-05,O
1542631284,0,0.00023473204871782283,O
1349670121,0,0.0,C
1349670121,0,0.0,C
1349670121,0,0.0,C
1349670121,0,0.0,C
1349670121,0,0.0,C
895118200,0,8.175729429205081e-05,N
895118200,0,9.476988711398793e-05,N
895118200,0,-0.0005800360273825467,N
895118200,0,0.0,N
895118200,0,4.1685164458349355e-05,N
269171368,0,5.914384284649854e-05,C
269171368,0,1.044312369435918e-05,C
269171368,0,-2.9012317569632184e-05,C
269171368,0,-2.251055582519479e-05,C
269171368,0,3.6944707504094065e-05,C
1583930800,0,0.0,C
1583930800,0,0.0,C
1583930800,0,0.0,C
1583930800,0,0.0,C
1583930800,0,0.0,C
738150152,0,-0.0004979840413874004,O
738150152,0,-0.00016131209352970854,O
738150152,0,-0.0006585950440193833,O
738150152,0,-0.00018046779409441882,O
738150152,0,0.00030204594111282734,O
1168541985,0,0.0,C
1168541985,0,-0.0004478169002657406,C
1168541985,0,1.3012592821826097e-05,C
1168541985,0,0.0,C
1168541985,0,-0.0004608294930875667,C
2747850234,0,0.0,C
2747850234,0,0.0,C
2747850234,0,0.0,C
2747850234,0,0.0,C
2747850234,0,0.0,C
3134313966,0,-7.929208267609678e-05,O
3134313966,0,-0.0002272507612910979,O
3134313966,0,-0.00022479992812707295,O
3134313966,0,0.0001817516877049008,O
3134313966,0,-0.00017082433092197036,O
1503972698,0,-0.00021883088517637983,C
1503972698,0,-0.0001342519227645056,C
1503972698,0,0.00012797130740394014,C
1503972698,0,-0.0002442577361869702,C
1503972698,0,0.00010214123972918099,C
892756502,0,0.0006343862072132889,C
892756502,0,-0.00022225448454860075,C
892756502,0,0.0003684559089925932,C
892756502,0,0.000518329529997863,C
892756502,0,0.0008364008705189496,C
3136829774,0,3.325904373135957e-05,N
3136829774,0,1.8219751113712768e-05,N
3136829774,0,0.0,N
3136829774,0,7.017721997848447e-06,N
3136829774,0,2.0030314819674544e-05,N
3143719699,0,0.0003278060699923868,C
3143719699,0,0.00024976036719664974,C
3143719699,0,0.0004915980501402628,C
3143719699,0,0.0002543747056961143,C
3143719699,0,0.0004298501245916242,C
1360035982,0,0.0,N
1360035982,0,0.0,N
1360035982,0,0.0,N
1360035982,0,0.0,N
1360035982,0,0.0,N
908339072,0,-0.00014688976970167467,C
908339072,0,7.376492598631934e-05,C
908339072,0,0.0002471720833431834,C
908339072,0,0.00014039305718377415,C
908339072,0,-0.00019405949848316784,C
974827889,0,3.0460366851281506e-05,C
974827889,0,1.1796576933231773e-05,C
974827889,0,-1.5889308536853886e-05,C
974827889,0,9.124556753237201e-05,C
974827889,0,-0.00011997362929561106,C
1343371647,0,0.0002754565946113119,N
1343371647,0,6.586674769326617e-06,N
1343371647,0,9.017097698865717e-05,N
1343371647,0,6.118523196524395e-05,N
1343371647,0,0.00011157957283203235,N
2669055056,0,-0.0013320473876182737,N
2669055056,0,-0.00019998033596241305,N
2669055056,0,-0.0004913625042490821,N
2669055056,0,-0.0007600516979205385,N
2669055056,0,-0.0013086901166535214,N
2341585586,0,-0.0003877867407846014,N
2341585586,0,-3.122272641264967e-06,N
2341585586,0,-0.000526685395105364,N
2341585586,0,-0.00020761969521276846,N
2341585586,0,-0.0006877754529217017,N
934540015,0,0.0,C
934540015,0,0.0,C
934540015,0,0.0,C
934540015,0,0.0,C
934540015,0,0.0,C
3794207567,0,0.001453370667492515,C
3794207567,0,0.0009274887014887878,C
3794207567,0,-0.0001087564173188893,C
3794207567,0,0.0010375200002331608,C
3794207567,0,0.0003328411710664114,C
3278587996,0,-1.830681549075397e-06,C
3278587996,0,-9.140474636626372e-07,C
3278587996,0,-2.7151573406269947e-06,C
3278587996,0,1.4991951811871296e-05,C
3278587996,0,0.0,C
4223108416,0,0.0,C
4223108416,0,0.0,C
4223108416,0,0.0,C
4223108416,0,0.0,C
4223108416,0,0.0,C
1131570738,0,0.0,N
1131570738,0,0.0,N
1131570738,0,0.0,N
1131570738,0,0.0,N
1131570738,0,0.0,N
2258843522,0,-0.0001400189704054977,C
2258843522,0,-0.00015241965580414796,C
2258843522,0,-0.0002515796035675866,C
2258843522,0,-0.00014545619924904996,C
2258843522,0,-8.261345028959255e-05,C
4257302536,0,0.0001667105944764824,N
4257302536,0,9.586636245739744e-05,N
4257302536,0,0.00010094821676143173,N
4257302536,0,0.00011819396919082736,N
4257302536,0,0.00012153015834326375,N
2840370843,0,-0.0012844232312029802,C
2840370843,0,-5.8441521524676965e-05,C
2840370843,0,-0.001273440973998563,C
2840370843,0,-0.0005088154417935975,C
2840370843,0,0.0005205949099050811,C
1420730566,0,1.3012592821826097e-05,C
1420730566,0,0.0003112743673805429,C
1420730566,0,-5.516749045142433e-06,C
1420730566,0,0.000244987641188521,C
1420730566,0,4.510075508679101e-05,C
434045476,0,1.7158453108623295e-05,O
434045476,0,1.9565504390361976e-05,O
434045476,0,4.145860286797198e-06,O
434045476,0,1.621767897863613e-05,O
434045476,0,1.11819112727507e-05,O
894436332,0,-8.18296132725771e-05,N
894436332,0,4.52753951341589e-05,N
894436332,0,-0.00020557778928703696,N
894436332,0,-5.1892749345250344e-05,N
894436332,0,-3.424248676364705e-05,N
3117292559,0,-0.00041575405017169054,C
3117292559,0,-0.00045407619236303987,C
3117292559,0,-0.0002930908235015961,C
3117292559,0,0.00013021818846947752,C
3117292559,0,-0.00034820058061618697,C
1923187777,0,0.00012322827843846973,N
1923187777,0,0.00036228396833593024,N
1923187777,0,0.0001035792907627675,N
1923187777,0,0.0001290984324017752,N
1923187777,0,8.478944517759102e-05,N
2530048747,0,-5.5375982618177666e-05,N
2530048747,0,5.987883227015489e-05,N
2530048747,0,1.0940844212881107e-05,N
2530048747,0,2.245165273573324e-05,N
2530048747,0,1.6545204962026272e-05,N
622481563,0,0.0,C
622481563,0,0.0,C
622481563,0,0.0,C
622481563,0,0.0,C
622481563,0,0.0,C
1922070456,0,-1.9048705741875338e-05,C
1922070456,0,-1.1418373552174454e-05,C
1922070456,0,-2.8468193656483454e-05,C
1922070456,0,3.718534812291452e-06,C
1922070456,0,-1.5340619108017428e-05,C
3995043796,0,-8.503581105961944e-05,C
3995043796,0,-0.00015857438439176308,C
3995043796,0,-0.00013027575767193822,C
3995043796,0,2.1240842993375253e-06,C
3995043796,0,-7.212860389238518e-05,C
2065735937,0,0.0,C
2065735937,0,0.0,C
2065735937,0,0.0,C
2065735937,0,0.0,C
2065735937,0,0.0,C
3308295291,0,7.649817546639959e-05,C
3308295291,0,7.637114411368495e-05,C
3308295291,0,5.047829036985974e-07,C
3308295291,0,0.00017592377259745273,C
3308295291,0,6.682028639143356e-05,C
584893129,0,0.00043512849165361356,C
584893129,0,-0.00043379293252082674,C
584893129,0,-0.000306921888704792,C
584893129,0,-0.0003319874918946142,C
584893129,0,-0.000512005270371596,C
413654173,0,-0.0002567316377484752,C
413654173,0,-0.00044219291399061333,C
413654173,0,-0.0005204845336949093,C
413654173,0,-0.0003057873828979929,C
413654173,0,-0.0002788562154072416,C
68671624,0,0.0,C
68671624,0,0.0,C
68671624,0,0.0,C
68671624,0,0.0,C
68671624,0,0.0,C
2488692798,0,0.0,C
2488692798,0,0.0,C
2488692798,0,0.0,C
2488692798,0,0.0,C
2488692798,0,0.0,C
3084241488,0,-2.2207346955183116e-05,C
3084241488,0,9.101486322660168e-06,C
3084241488,0,3.074020849536119e-07,C
3084241488,0,4.593432644650619e-05,C
3084241488,0,-1.7347114339871794e-05,C
4158944142,0,-0.0017181308571230791,C
4158944142,0,-0.0002567785375826026,C
4158944142,0,0.0003212401870204551,C
4158944142,0,-0.0011753816339653,C
4158944142,0,-0.0020169507830579136,C
1469940320,0,4.5566978984223905e-05,C
1469940320,0,8.6962526071932e-05,C
1469940320,0,5.671729098583045e-05,C
1469940320,0,7.463814674002478e-05,C
1469940320,0,6.852364661064092e-05,C
662511025,0,0.0,N
662511025,0,0.0,N
662511025,0,0.0,N
662511025,0,0.0,N
662511025,0,0.0,N
2908279847,0,0.00016826432823180415,C
2908279847,0,-3.42623562580302e-05,C
2908279847,0,-7.101157813149683e-05,C
2908279847,0,-0.00037163574989018677,C
2908279847,0,9.33678523458159e-05,C
68650007,0,-0.0009065516924517958,C
68650007,0,-0.00031934347434098287,C
68650007,0,-0.0005514964547268519,C
68650007,0,-0.0012909079852745364,C
68650007,0,-0.0005055170042327362,C
3337420400,0,-0.0011271948250914932,C
3337420400,0,-0.00112359599487033,C
3337420400,0,-0.0009830517080938739,C
3337420400,0,-0.00186457697051301,C
3337420400,0,-0.0015438399619857601,C
1979311206,0,0.000960443435525149,O
1979311206,0,0.001070100721768552,O
1979311206,0,0.0007975097306472945,O
1979311206,0,0.000400082108589217,O
1979311206,0,0.000326840125409511,O
2849741637,0,-1.3798599529657452e-05,C
2849741637,0,0.00012477927057352733,C
2849741637,0,0.0001787654423463514,C
2849741637,0,0.0005302413274090867,C
2849741637,0,8.778159933142682e-05,C
1664608228,0,1.2200642436954734e-05,C
1664608228,0,-2.983093373265522e-06,C
1664608228,0,8.858057042926415e-06,C
1664608228,0,3.237699440439279e-06,C
1664608228,0,-3.323887620199084e-06,C
1121298566,0,-4.359289860478288e-06,C
1121298566,0,2.7492402085771417e-05,C
1121298566,0,-4.3607318750971125e-06,C
1121298566,0,-3.0123639304824312e-05,C
1121298566,0,3.7812941851012027e-06,C
3531344838,0,0.0,
3531344838,0,0.0,
3531344838,0,0.0,
3531344838,0,0.0,
3531344838,0,0.0,
3273018953,0,-2.171142988338648e-06,C
3273018953,0,2.5084411513665028e-05,C
3273018953,0,3.447894189201328e-05,C
3273018953,0,1.0581499538975248e-05,C
3273018953,0,1.2071818691838931e-05,C
2034850751,0,0.0,C
2034850751,0,0.0,C
2034850751,0,0.0,C
2034850751,0,0.0,C
2034850751,0,0.0,C
4104822550,0,-0.0003020912618676985,C
4104822550,0,-0.0002904064228601011,C
4104822550,0,-0.0004142532230292373,C
4104822550,0,-0.00024466023198110864,C
4104822550,0,-0.00017522638344880104,C
1704599822,0,1.3012592821826097e-05,C
1704599822,0,0.0,C
1704599822,0,0.0,C
1704599822,0,0.0,C
1704599822,0,1.3012592821826097e-05,C
3019519651,0,0.0,C
3019519651,0,0.0,C
3019519651,0,0.0,C
3019519651,0,0.0,C
3019519651,0,0.0,C
3781885420,0,-7.297285519081154e-05,N
3781885420,0,0.0004686530531435307,N
3781885420,0,-6.305951068003024e-05,N
3781885420,0,8.715757942384661e-05,N
3781885420,0,-0.0001934246451530952,N
579898624,0,0.0,C
579898624,0,0.0,C
579898624,0,0.0,C
579898624,0,0.0,C
579898624,0,0.0,C
899522708,0,-2.948236669686466e-06,C
899522708,0,8.925405339588188e-06,C
899522708,0,2.1912976825910757e-05,C
899522708,0,1.596656311148026e-05,C
899522708,0,-1.8932759716316916e-05,C
550081331,0,0.0,C
550081331,0,0.0,C
550081331,0,0.0,C
550081331,0,0.0,C
550081331,0,0.0,C
104363044,0,0.0,
104363044,0,0.0,
104363044,0,0.0,
104363044,0,0.0,
104363044,0,0.0,
2072239802,0,-0.00031334480828781874,C
2072239802,0,0.0002146327431182815,C
2072239802,0,0.00021740271733733385,C
2072239802,0,0.00018474635896598146,C
2072239802,0,0.00027566564491965373,C
3394178578,0,-0.00026399349792533,C
3394178578,0,-0.00011498852379721036,C
3394178578,0,3.8664678877142755e-05,C
3394178578,0,-0.0004085694982367549,C
3394178578,0,0.0002911504343003357,C
2013664411,0,5.593465570946643e-05,C
2013664411,0,0.00034824562782986845,C
2013664411,0,0.000275979962672368,C
2013664411,0,9.391860201513058e-05,C
2013664411,0,0.0002483544044897812,C
3346582092,0,-0.0007821504570075244,N
3346582092,0,-0.0012555399493852648,N
3346582092,0,-0.001025723633419795,N
3346582092,0,-0.0013284315132792157,N
3346582092,0,-0.0011157032164908487,N
4291484675,0,1.1696878557398982e-06,N
4291484675,0,2.516362446003395e-05,N
4291484675,0,2.3594092360801344e-05,N
4291484675,0,0.0,N
4291484675,0,3.447894189201328e-05,N
3275683399,0,-1.2533852298157733e-05,N
3275683399,0,-7.00957591267537e-05,N
3275683399,0,1.2548944632762016e-05,N
3275683399,0,8.208387863256617e-05,N
3275683399,0,7.521399785109795e-05,N
2775257855,0,0.0,C
2775257855,0,0.0,C
2775257855,0,0.0,C
2775257855,0,0.0,C
2775257855,0,0.0,C
2810421479,0,1.984249970610197e-06,O
2810421479,0,-1.387474534375599e-06,O
2810421479,0,5.64217669002387e-05,O
2810421479,0,0.00011962195229769934,O
2810421479,0,8.930744085400288e-05,O
2662374534,0,0.0,C
2662374534,0,0.0006862160866961675,C
2662374534,0,0.00015308486525345,C
2662374534,0,-2.8458015642995882e-05,C
2662374534,0,4.007212983370145e-05,C
3461773897,0,0.0,N
3461773897,0,0.0,N
3461773897,0,0.0,N
3461773897,0,0.0,N
3461773897,0,0.0,N
344019891,0,0.000905873416509162,N
344019891,0,0.00045015463675535106,N
344019891,0,0.0008270195684717541,N
344019891,0,0.0008229644022903493,N
344019891,0,0.0007701894650479213,N
3402570011,0,0.0,C
3402570011,0,0.0,C
3402570011,0,0.0,C
3402570011,0,0.0,C
3402570011,0,0.0,C
1199016914,0,0.00010391809624538118,C
1199016914,0,0.0002533190546772923,C
1199016914,0,-0.00021506508583751804,C
1199016914,0,0.00029516707598842284,C
1199016914,0,0.00039450766700682705,C
1714595447,0,-0.00016362380387846542,C
1714595447,0,1.4368519993146478e-05,C
1714595447,0,0.0003459991454168865,C
1714595447,0,9.84553212207695e-05,C
1714595447,0,-1.3522833971990611e-05,C
871396902,0,-0.0002123472836341178,C
871396902,0,-0.00011415328975555861,C
871396902,0,-0.00015196016882285113,C
871396902,0,-0.00021980110263847275,C
871396902,0,-0.00015196016882285113,C
2845936339,0,-2.124315542695321e-06,C
2845936339,0,3.2579450894854034e-06,C
2845936339,0,0.0,C
2845936339,0,-2.124315542695321e-06,C
2845936339,0,0.0,C
3880022399,0,-9.294058009534645e-06,C
3880022399,0,1.3012592821826097e-05,C
3880022399,0,-1.3589516540568614e-05,C
3880022399,0,1.6026459975948537e-05,C
3880022399,0,-1.5572909331074136e-05,C
410310586,0,0.0,C
410310586,0,1.3012592821826097e-05,C
410310586,0,6.860890428006527e-07,C
410310586,0,1.3012592821826097e-05,C
410310586,0,0.0,C
2612409031,0,6.382700978246891e-06,C
2612409031,0,6.382700978246891e-06,C
2612409031,0,1.4182280677565995e-05,C
2612409031,0,5.0334749677749535e-06,C
2612409031,0,1.2071818691838931e-05,C
2375987095,0,0.0,C
2375987095,0,0.0,C
2375987095,0,0.0,C
2375987095,0,0.0,C
2375987095,0,0.0,C
1294138518,0,0.0,S
1294138518,0,0.0,S
1294138518,0,0.0,S
1294138518,0,0.0,S
1294138518,0,0.0,S
293971392,0,0.00024988319644619894,N
293971392,0,0.00037730679596681416,N
293971392,0,0.0005596669209337324,N
293971392,0,0.00040831356394332996,N
293971392,0,0.000923913955851674,N
4036774035,0,-0.0001088355277800157,C
4036774035,0,-8.281748528782273e-05,C
4036774035,0,-0.00020568033665641083,C
4036774035,0,-4.3241962013662594e-05,C
4036774035,0,-0.0001499516812331625,C
1010142783,0,0.00021192264362546176,O
1010142783,0,0.00036358503618411087,O
1010142783,0,-0.00017330425563727436,O
1010142783,0,0.0007285660515143344,O
1010142783,0,-0.0004783249990822358,O
3120364749,0,0.0,N
3120364749,0,0.0,N
3120364749,0,0.0,N
3120364749,0,0.0,N
3120364749,0,0.0,N
3662562115,0,-0.0012355407800083151,C
3662562115,0,-0.0016614971254459432,C
3662562115,0,-0.001786446844564138,C
3662562115,0,-0.0006555873255428835,C
3662562115,0,-0.0011453570010799274,C
3921298496,0,-0.00031682900952184623,C
3921298496,0,1.971248290316696e-05,C
3921298496,0,-4.993014232301807e-05,C
3921298496,0,-0.0005785846695997021,C
3921298496,0,0.00021973597897556596,C
737501821,0,9.968579549124446e-05,C
737501821,0,0.00029772563761693016,C
737501821,0,0.00019940395801998356,C
737501821,0,0.00014848194875233256,C
737501821,0,2.905725709423379e-05,C
2024004397,0,-5.266622778143937e-05,N
2024004397,0,0.00019544633342089002,N
2024004397,0,-0.00014326375371431777,N
2024004397,0,-5.8092125873820954e-05,N
2024004397,0,9.314153444051065e-05,N
751208592,0,-3.146605999448937e-05,C
751208592,0,7.99260754313913e-06,C
751208592,0,-4.6205496646356536e-05,C
751208592,0,-3.984859541972252e-05,C
751208592,0,-2.1183760096077364e-07,C
3953445033,0,-0.0002355350165059722,S
3953445033,0,-0.00010145417553120151,S
3953445033,0,-0.00021314967873209412,S
3953445033,0,4.263124395720297e-07,S
3953445033,0,-0.00018456866765181879,S
497870099,0,-2.9411829122194533e-07,C
497870099,0,0.00010898659735542049,C
497870099,0,-4.200153258671069e-05,C
497870099,0,1.120202911580881e-05,C
497870099,0,0.00014111429518620655,C
3417531975,0,9.213596265778001e-05,C
3417531975,0,-8.079423567552979e-05,C
3417531975,0,-3.590890169613559e-05,C
3417531975,0,-0.00014736289225214527,C
3417531975,0,-2.704334731629121e-05,C
1044405971,0,0.0003072412306608374,C
1044405971,0,0.0003456635858710144,C
1044405971,0,-4.2707528772445436e-05,C
1044405971,0,0.00032765146637803166,C
1044405971,0,-0.00016346721848148338,C
2394338241,0,0.0,C
2394338241,0,0.0,C
2394338241,0,0.0,C
2394338241,0,0.0,C
2394338241,0,0.0,C
1271691605,0,-0.00020918317305296252,S
1271691605,0,-0.0001235122425435886,S
1271691605,0,-0.00018135820151232718,S
1271691605,0,-0.0002555876731167306,S
1271691605,0,6.409283712277558e-05,S
3643491447,0,0.0,C
3643491447,0,0.0,C
3643491447,0,0.0,C
3643491447,0,0.0,C
3643491447,0,0.0,C
21411075,0,-1.8071955559861852e-05,C
21411075,0,-0.0005377209119065696,C
21411075,0,-1.3810027055138896e-05,C
21411075,0,-0.0002496031147905531,C
21411075,0,-7.833484625519027e-06,C
413381818,0,-9.922394177258598e-05,C
413381818,0,6.831647459237811e-06,C
413381818,0,-0.00018817733188147834,C
413381818,0,8.714982438789987e-05,C
413381818,0,-0.00010838252020317629,C
3082607741,0,0.0,C
3082607741,0,0.0,C
3082607741,0,0.0,C
3082607741,0,0.0,C
3082607741,0,0.0,C
4216649732,0,0.0,S
4216649732,0,0.0,S
4216649732,0,0.0,S
4216649732,0,0.0,S
4216649732,0,0.0,S
371876130,0,0.0,C
371876130,0,0.0,C
371876130,0,0.0,C
371876130,0,0.0,C
371876130,0,0.0,C
1978844073,0,-0.00020514092668699746,O
1978844073,0,-0.00018544892394839474,O
1978844073,0,-0.0005762974547204314,O
1978844073,0,-1.0701027990334122e-05,O
1978844073,0,-0.0005509913716132964,O
1671692019,0,0.0,C
1671692019,0,0.0,C
1671692019,0,0.0,C
1671692019,0,0.0,C
1671692019,0,0.0,C
2070976245,0,-0.00013262845091571718,C
2070976245,0,-0.0005064867056763234,C
2070976245,0,0.0005865879227346382,C
2070976245,0,-0.0009401502931917771,C
2070976245,0,-0.0008719043862402409,C
845764036,0,-3.5040228709704024e-05,C
845764036,0,-0.00012189870366086097,C
845764036,0,-0.00013566155974797933,C
845764036,0,-9.401684458831827e-05,C
845764036,0,-7.642133560015196e-05,C
2559453089,0,0.0022727707662856256,C
2559453089,0,-7.200538060886386e-05,C
2559453089,0,-5.948880559086822e-05,C
2559453089,0,6.788337491991925e-05,C
2559453089,0,0.00014547059002573137,C
3286377484,0,-7.238225459088587e-05,C
3286377484,0,-9.08903823398921e-05,C
3286377484,0,-8.934920823056025e-05,C
3286377484,0,-0.0001039029751617182,C
3286377484,0,-8.539484741271197e-05,C
2200148275,0,-0.0002292278701255812,N
2200148275,0,-0.00013133051843061683,N
2200148275,0,-0.0002464559875953176,N
2200148275,0,-9.355157000551229e-05,N
2200148275,0,-0.00012042304924464453,N
1962383056,0,-6.016440469014395e-05,N
1962383056,0,-0.00010062857151932336,N
1962383056,0,-5.455105618035194e-05,N
1962383056,0,-6.40376415734778e-05,N
1962383056,0,-2.9616377930641313e-05,N
3012778962,0,-0.00020562190928669066,N
3012778962,0,-0.00011916949075968519,N
3012778962,0,-2.0148916801632222e-05,N
3012778962,0,-3.40729956908592e-05,N
3012778962,0,-9.733419694485379e-05,N
1620258790,0,0.0,N
1620258790,0,6.860890428006527e-07,N
1620258790,0,1.5109261085499703e-05,N
1620258790,0,1.3793227018332743e-06,N
1620258790,0,1.3012592821826097e-05,N
3372254436,0,8.879711786879962e-05,O
3372254436,0,-0.0005904508536602737,O
3372254436,0,-0.00019460575290164428,O
3372254436,0,-0.0002508568872530148,O
3372254436,0,0.0008878359612930486,O
330223697,0,3.3626529353736334e-05,C
330223697,0,9.74415684534824e-06,C
330223697,0,3.247745379519884e-05,C
330223697,0,3.256889314789957e-05,C
330223697,0,3.445170599930547e-05,C
1208423463,0,-0.0024976055516506834,C
1208423463,0,0.0007257027622700196,C
1208423463,0,0.0012034612595814842,C
1208423463,0,0.00014872398056109404,C
1208423463,0,0.00024516158429510604,C
141882433,0,0.00026095833270173285,C
141882433,0,0.0005657906368292109,C
141882433,0,0.0007644536117326628,C
141882433,0,0.00048340463732438055,C
141882433,0,0.000665561898105349,C
3727977332,0,-0.0002951807278823715,N
3727977332,0,-0.0003431664331401407,N
3727977332,0,-0.00047188830629951717,N
3727977332,0,-0.00040146869238766314,N
3727977332,0,-0.0005049508861632579,N
535847852,0,-1.022884040530192e-05,C
535847852,0,-0.00025496243231798443,C
535847852,0,0.00023993236613095714,C
535847852,0,-0.00020174272612272226,C
535847852,0,-9.339606835728764e-05,C
422165373,0,3.241781638796404e-05,C
422165373,0,0.00012570582138493602,C
422165373,0,0.0004204513612914851,C
422165373,0,4.1467280089191316e-05,C
422165373,0,-9.660980498377159e-05,C
176403689,0,0.000364870982726917,C
176403689,0,0.00022093157960517695,C
176403689,0,-9.273757373867708e-05,C
176403689,0,7.534604855918836e-06,C
176403689,0,-0.0008826146377832744,C
1735672143,0,-0.001513608964306301,C
1735672143,0,-0.0012498341376016575,C
1735672143,0,-0.00015346915617975299,C
1735672143,0,-0.00015167329652726602,C
1735672143,0,-0.00021489496488358295,C
1266193593,0,0.0003713097366490614,C
1266193593,0,0.0004742718294871162,C
1266193593,0,0.0005245672418498493,C
1266193593,0,0.0008784375592360005,C
1266193593,0,0.000731617044288535,C
29410177,0,0.0,N
29410177,0,0.0,N
29410177,0,0.0,N
29410177,0,0.0,N
29410177,0,0.0,N
808416955,0,0.0,S
808416955,0,0.0,S
808416955,0,0.0,S
808416955,0,0.0,S
808416955,0,0.0,S
1949014205,0,0.0,
1949014205,0,0.0,
1949014205,0,0.0,
1949014205,0,0.0,
1949014205,0,0.0,
3431706413,0,0.0,C
3431706413,0,0.0,C
3431706413,0,0.0,C
3431706413,0,0.0,C
3431706413,0,0.0,C
150310,0,1.7610177699356466e-05,C
150310,0,6.966031723343313e-06,C
150310,0,3.232769107486266e-05,C
150310,0,-2.124315542695321e-06,C
150310,0,3.232769107486266e-05,C
465304290,0,-0.0006865706389931892,C
465304290,0,-0.0010716400563502981,C
465304290,0,-0.0011527384019818787,C
465304290,0,0.0004865465264723978,C
465304290,0,-0.00019436603778644201,C
3093061208,0,0.0,C
3093061208,0,0.0,C
3093061208,0,0.0,C
3093061208,0,0.0,C
3093061208,0,0.0,C
3012865236,0,-2.3511612777082913e-05,N
3012865236,0,-2.8093615003443873e-05,N
3012865236,0,-5.32245901017081e-05,N
3012865236,0,-5.32245901017081e-05,N
3012865236,0,-5.7575626433381544e-05,N
792968423,0,-1.3905568759242648e-05,C
792968423,0,-2.0708839873595508e-05,C
792968423,0,0.0003642019553369291,C
792968423,0,-0.0001773601417594528,C
792968423,0,6.52366698478124e-06,C
170727310,0,0.0,C
170727310,0,0.0,C
170727310,0,0.0,C
170727310,0,0.0,C
170727310,0,0.0,C
2459558207,0,0.0,C
2459558207,0,0.0,C
2459558207,0,0.0,C
2459558207,0,0.0,C
2459558207,0,0.0,C
1323888424,0,-0.0001775788675496548,N
1323888424,0,-0.00013030468167091191,N
1323888424,0,-0.0008776051166352605,N
1323888424,0,-4.226880200974836e-05,N
1323888424,0,-0.00025413196531487436,N
2975116251,0,0.0,N
2975116251,0,0.0,N
2975116251,0,0.0,N
2975116251,0,0.0,N
2975116251,0,0.0,N
1819912581,0,-0.0005253803908724652,C
1819912581,0,-0.0012938313216293018,C
1819912581,0,-0.00041151148040563523,C
1819912581,0,-0.0006898296829984663,C
1819912581,0,-0.0008769137957472806,C
335878828,0,0.0,C
335878828,0,0.0,C
335878828,0,0.0,C
335878828,0,0.0,C
335878828,0,0.0,C
3975295864,0,0.0006975632953626354,C
3975295864,0,0.0022151387886892304,C
3975295864,0,0.0007018204365429326,C
3975295864,0,-0.00047364212431239006,C
3975295864,0,0.0007576986388035944,C
239116674,0,-0.0012933793743371558,C
239116674,0,-0.0006889603783581943,C
239116674,0,-0.002113811633760676,C
239116674,0,-0.0011556562530955494,C
239116674,0,-0.0015904277172308356,C
3538861869,0,0.0,C
3538861869,0,0.0,C
3538861869,0,0.0,C
3538861869,0,0.0,C
3538861869,0,0.0,C
934550081,0,0.000124177551950988,N
934550081,0,-3.0807123222897914e-05,N
934550081,0,-0.00031283702179074613,N
934550081,0,4.494504894636542e-05,N
934550081,0,-0.00018608471641728963,N
3316027208,0,6.1027228447918525e-06,C
3316027208,0,-1.5863731521681412e-05,C
3316027208,0,3.509925480832399e-05,C
3316027208,0,-3.123439121499594e-05,C
3316027208,0,-1.2387265634461464e-05,C
2865977551,0,-0.0007036635937666125,S
2865977551,0,-0.001827624788424409,S
2865977551,0,-0.0010655022283611038,S
2865977551,0,-0.00036123112579694583,S
2865977551,0,-0.0018147277008185303,S
3183067622,0,-1.1597757404391285e-05,O
3183067622,0,7.209616018633014e-07,O
3183067622,0,4.691122366562439e-06,O
3183067622,0,-1.4307670125113248e-05,O
3183067622,0,-2.9392098230829333e-06,O
564293713,0,0.0,
564293713,0,0.0,
564293713,0,0.0,
564293713,0,0.0,
564293713,0,0.0,
1428903162,0,0.00031750052486717584,C
1428903162,0,-0.00011808707202209945,C
1428903162,0,2.07063141949293e-06,C
1428903162,0,-0.0007411756348337795,C
1428903162,0,-0.00025027609468619705,C
1467524174,0,0.0,C
1467524174,0,0.0,C
1467524174,0,0.0,C
1467524174,0,0.0,C
1467524174,0,0.0,C
651269745,0,0.0,C
651269745,0,0.0,C
651269745,0,0.0,C
651269745,0,0.0,C
651269745,0,0.0,C
3268335377,0,-2.3968856036060693e-06,N
3268335377,0,-4.492717187576378e-05,N
3268335377,0,-0.0008341874819959294,N
3268335377,0,-0.00018561904581337885,N
3268335377,0,-0.0009983843527173186,N
1280488931,0,-2.7497988086877534e-05,N
1280488931,0,1.382993262510901e-05,N
1280488931,0,-4.940114453616529e-05,N
1280488931,0,2.5749505134065043e-05,N
1280488931,0,-9.875483475418889e-05,N
2098262959,0,0.0,C
2098262959,0,0.0,C
2098262959,0,0.0,C
2098262959,0,0.0,C
2098262959,0,0.0,C
2485994647,0,0.0,N
2485994647,0,0.0,N
2485994647,0,0.0,N
2485994647,0,0.0,N
2485994647,0,0.0,N
3088984962,0,-6.726541459806112e-05,C
3088984962,0,-4.733269749940261e-05,C
3088984962,0,5.117585919978129e-06,C
3088984962,0,-1.587135223679592e-05,C
3088984962,0,-7.521761979639718e-05,C
3042542132,0,0.00023998612141956643,N
3042542132,0,-0.0003514167249080158,N
3042542132,0,0.00024842934095109515,N
3042542132,0,-0.0007495993168583626,N
3042542132,0,2.685210781916414e-05,N
373109870,0,-5.241466276506568e-06,C
373109870,0,-3.292184085168515e-05,C
373109870,0,-2.095074283531284e-05,C
373109870,0,-4.7451627135208785e-05,C
373109870,0,-4.819810887285447e-05,C
2677752761,0,0.0002789878390174749,C
2677752761,0,0.00030468331117439185,C
2677752761,0,0.0003968438220360859,C
2677752761,0,-0.0004767992778286212,C
2677752761,0,0.00012023562192586823,C
3807907321,0,-0.00018476868581907002,O
3807907321,0,9.436137396856559e-05,O
3807907321,0,4.556077732581487e-05,O
3807907321,0,0.0002457545102277914,O
3807907321,0,0.00021258938039436792,O
2587571567,0,9.5955455328256e-05,C
2587571567,0,-0.0001874922768514975,C
2587571567,0,-0.00011253215287654328,C
2587571567,0,-3.290486949036886e-05,C
2587571567,0,3.4558528206884986e-06,C
3701504231,0,-0.00028571866968613024,N
3701504231,0,-9.478549161223704e-05,N
3701504231,0,-0.00019758618616438905,N
3701504231,0,-0.0002179683104547303,N
3701504231,0,-7.431455422990396e-05,N
369315086,0,2.673205691977598e-05,C
369315086,0,-0.00033321108496853213,C
369315086,0,0.00020198305630653168,C
369315086,0,0.0017157071654058664,C
369315086,0,7.197360854327428e-05,C
1965692378,0,-0.0003420281631235089,N
1965692378,0,1.588048810480247e-05,N
1965692378,0,-0.00023038303433076113,N
1965692378,0,0.00038619910284293235,N
1965692378,0,-3.0594522764271215e-05,N
1633777018,0,7.731084353423956e-05,C
1633777018,0,-0.0002937087592274068,C
1633777018,0,-0.000221187144546664,C
1633777018,0,-0.00010537918619080155,C
1633777018,0,-0.0001250600596041096,C
3757038672,0,0.0015484239592077897,C
3757038672,0,0.0011250831802940287,C
3757038672,0,0.0006847765561443508,C
3757038672,0,0.0016499322356919865,C
3757038672,0,0.0019684745193121467,C
2677858541,0,-0.000616763469800663,C
2677858541,0,-0.0006396154063784132,C
2677858541,0,-0.00023989909948918253,C
2677858541,0,-0.0003170085618159346,C
2677858541,0,-0.0004862892390558038,C
1446204275,0,-2.6811525069891928e-05,C
1446204275,0,-0.00013011523705980244,C
1446204275,0,3.9616721141944033e-05,C
1446204275,0,3.1242605708081683e-06,C
1446204275,0,3.6470747360073386e-05,C
3589407776,0,0.0,
3589407776,0,0.0,
3589407776,0,0.0,
3589407776,0,0.0,
3589407776,0,0.0,
3083149185,0,-0.00012472415989750463,C
3083149185,0,0.00014765409733824564,C
3083149185,0,-0.00033881373459265784,C
3083149185,0,2.6948077079425037e-05,C
3083149185,0,-6.659187382901388e-05,C
337875000,0,-0.00044742901119987355,C
337875000,0,-0.00018512122165537104,C
337875000,0,-0.0004204524369316731,C
337875000,0,-0.0005050382817446408,C
337875000,0,-0.00044742901119987355,C
3887884923,0,0.0,C
3887884923,0,0.0,C
3887884923,0,0.0,C
3887884923,0,0.0,C
3887884923,0,0.0,C
4256629345,0,-0.00041111860972764536,C
4256629345,0,-2.0335368631718698e-05,C
4256629345,0,-0.0005360721487288056,C
4256629345,0,-0.0003218597200159712,C
4256629345,0,-0.00012682239092370873,C
662595032,0,-1.2993985331555269e-05,N
662595032,0,8.094775343964189e-05,N
662595032,0,4.077566741583771e-05,N
662595032,0,1.740956426454776e-05,N
662595032,0,4.209882203787263e-06,N
3777243454,0,-0.0013508907048536134,C
3777243454,0,-0.0009703602687599622,C
3777243454,0,-1.9106753123943054e-05,C
3777243454,0,-0.0005419208644291129,C
3777243454,0,-0.0005512028505507138,C
982949046,0,1.906225510656112e-05,C
982949046,0,9.464218888494136e-05,C
982949046,0,5.057553021659e-06,C
982949046,0,7.198036895911253e-05,C
982949046,0,2.7133933489631445e-05,C
267757375,0,0.0,C
267757375,0,0.0,C
267757375,0,0.0,C
267757375,0,0.0,C
267757375,0,0.0,C
2157595070,0,0.00018438696377393038,C
2157595070,0,0.00015484747004945731,C
2157595070,0,0.00016914274990526001,C
2157595070,0,0.0001469902089094588,C
2157595070,0,4.6549680567498086e-05,C
895910141,0,0.0,C
895910141,0,0.0,C
895910141,0,1.3012592821826097e-05,C
895910141,0,0.0,C
895910141,0,1.3012592821826097e-05,C
3182041044,0,-5.9463170100415574e-05,C
3182041044,0,-1.4191724099610337e-05,C
3182041044,0,-1.9326314551815216e-05,C
3182041044,0,1.529893969776097e-05,C
3182041044,0,-3.146605999448937e-05,C
4105666400,0,0.000637379199292798,C
4105666400,0,0.00039904023871234484,C
4105666400,0,0.0007221793535412968,C
4105666400,0,0.0002910416260744064,C
4105666400,0,0.0006537514953059986,C
1891839201,0,-9.34027643166857e-05,C
1891839201,0,-0.0003286320232899764,C
1891839201,0,0.00019195212684058882,C
1891839201,0,-0.00014273661348157551,C
1891839201,0,0.0005052116006790119,C
2584230118,0,0.0,C
2584230118,0,0.0,C
2584230118,0,0.0,C
2584230118,0,0.0,C
2584230118,0,0.0,C
3696402029,0,0.001234300522744869,C
3696402029,0,0.0007319044523318441,C
3696402029,0,7.740119318427885e-05,C
3696402029,0,6.622350138879574e-05,C
3696402029,0,0.00045547168086085277,C
1263988625,0,0.0,C
1263988625,0,0.0,C
1263988625,0,0.0,C
1263988625,0,-4.039146533407756e-05,C
1263988625,0,-1.5424653831030977e-05,C
829754261,0,0.00046178403251317945,C
829754261,0,-4.154981372173072e-05,C
829754261,0,0.0002504811866551604,C
829754261,0,-0.00010461718949350551,C
829754261,0,0.00033931187025970644,C
2841547777,0,4.8654577906981356e-05,C
2841547777,0,4.8654577906981356e-05,C
2841547777,0,9.263229975076115e-06,C
2841547777,0,4.201119466712422e-05,C
2841547777,0,6.288885446464887e-05,C
3059129780,0,-0.0010893077177406285,C
3059129780,0,-0.0004366534657012644,C
3059129780,0,-5.289869140012726e-05,C
3059129780,0,-0.00042496408696179877,C
3059129780,0,-0.0013840635950054248,C
3650394863,0,-0.0005682489076479502,C
3650394863,0,0.0009222477267650242,C
3650394863,0,0.00012216032785283826,C
3650394863,0,0.0004634703107068705,C
3650394863,0,-0.0002251308024328047,C
3288032115,0,0.0,C
3288032115,0,0.0,C
3288032115,0,2.405686547912733e-06,C
3288032115,0,-1.2778049262307523e-05,C
3288032115,0,9.239555664897203e-06,C
1308598964,0,-0.000138280238566324,C
1308598964,0,-1.7192397394227843e-05,C
1308598964,0,-4.896086566447133e-05,C
1308598964,0,-3.743899928854155e-05,C
1308598964,0,-0.00010370005747856181,C
4081192417,0,4.873634680879757e-06,C
4081192417,0,1.6486287709394087e-05,C
4081192417,0,1.7886227502705854e-05,C
4081192417,0,4.157511172775408e-06,C
4081192417,0,7.920582855536207e-06,C
2085926208,0,0.0,C
2085926208,0,0.0,C
2085926208,0,0.0,C
2085926208,0,0.0,C
2085926208,0,0.0,C
1852134816,0,0.0,C
1852134816,0,0.0,C
1852134816,0,0.0,C
1852134816,0,0.0,C
1852134816,0,0.0,C
3628883864,0,0.0016018302081039493,C
3628883864,0,0.0011670632369508716,C
3628883864,0,0.0012325108108211524,C
3628883864,0,0.001167322741152721,C
3628883864,0,0.00152411901504107,C
1228815484,0,8.364669149041326e-05,C
1228815484,0,-5.357345407602798e-05,C
1228815484,0,0.0003331318405391248,C
1228815484,0,0.0004919030781470601,C
1228815484,0,-0.0001926059934067581,C
2863170677,0,-0.0003800181377123235,C
2863170677,0,-0.00011825995307218617,C
2863170677,0,-0.0001846812282085275,C
2863170677,0,-0.00015220271967808507,C
2863170677,0,0.00020885267097775495,C
2126281302,0,-0.0020660441974991173,C
2126281302,0,-0.000596989432131545,C
2126281302,0,-0.0005410640254180366,C
2126281302,0,-0.00048650650974119136,C
2126281302,0,-0.0006338363017154847,C
3768390624,0,3.158093969368725e-05,C
3768390624,0,4.979460633575128e-05,C
3768390624,0,-9.314933589688046e-06,C
3768390624,0,-2.1926142531880632e-05,C
3768390624,0,1.3922642288166642e-05,C
2150151661,0,0.00023085612757101082,C
2150151661,0,0.00011063209113171268,C
2150151661,0,0.0001710561392700427,C
2150151661,0,2.99759108926545e-05,C
2150151661,0,0.00017594819081090396,C
881868678,0,1.2593454469911336e-05,C
881868678,0,-7.806968667078973e-05,C
881868678,0,-5.4583189433632384e-05,C
881868678,0,-4.157059661180629e-05,C
881868678,0,-8.258029953955859e-05,C
1796784588,0,2.576005698157191e-05,C
1796784588,0,9.867329779283951e-05,C
1796784588,0,0.0001291375488541857,C
1796784588,0,5.71990672204592e-05,C
1796784588,0,-5.9135465766413375e-06,C
3892941493,0,-0.0006543657330104757,N
3892941493,0,0.0008130505447800362,N
3892941493,0,0.0003144834302872268,N
3892941493,0,0.0007848613362250734,N
3892941493,0,0.00018310753114081368,N
847307936,0,-0.00015012469188102617,C
847307936,0,0.00019909372774851164,C
847307936,0,-1.885621271346949e-07,C
847307936,0,-0.0007729706959352933,C
847307936,0,-0.0005228156416551277,C
1514288082,0,-7.395243596014511e-05,N
1514288082,0,7.198561509491608e-06,N
1514288082,0,-2.1238685143365466e-05,N
1514288082,0,-9.133451350984423e-05,N
1514288082,0,-4.157059661180629e-05,N
287232915,0,-0.0005037261068742693,C
287232915,0,0.0008440695295457434,C
287232915,0,-0.0014435790406380766,C
287232915,0,-0.0016669269276521348,C
287232915,0,-0.0012979060308456192,C
3292836937,0,0.0,
3292836937,0,0.0,
3292836937,0,0.0,
3292836937,0,0.0,
3292836937,0,0.0,
89961214,0,-4.296762608196891e-05,C
89961214,0,-0.0004172030885177813,C
89961214,0,-0.0002763915682154616,C
89961214,0,0.00018121823828409767,C
89961214,0,-7.471986204904413e-05,C
1147977085,0,-0.00030540675915124993,C
1147977085,0,0.00013498886954721456,C
1147977085,0,6.30763832840664e-05,C
1147977085,0,-7.360063813299789e-06,C
1147977085,0,-0.000262664493108522,C
636182019,0,0.0,C
636182019,0,0.0,C
636182019,0,0.0,C
636182019,0,0.0,C
636182019,0,0.0,C
799373156,0,0.00017588504414600692,C
799373156,0,8.574908610237131e-05,C
799373156,0,0.00012707848504500685,C
799373156,0,0.0003549168785543788,C
799373156,0,0.0003047565874969571,C
636990493,0,0.0,C
636990493,0,0.0,C
636990493,0,0.0,C
636990493,0,0.0,C
636990493,0,0.0,C
1078276907,0,0.00011672818236940774,C
1078276907,0,0.0008276476442766745,C
1078276907,0,0.00022661564960818614,C
1078276907,0,0.0009887784165499847,C
1078276907,0,0.0003294142433716285,C
1421345390,0,-0.0016225360294546132,C
1421345390,0,-0.0006956628298563361,C
1421345390,0,-0.001765595967471667,C
1421345390,0,-0.0010142692183735535,C
1421345390,0,-0.0003993568257804614,C
145374537,0,-6.300530295461071e-05,C
145374537,0,-0.00020738591892649483,C
145374537,0,-0.0002294300337299937,C
145374537,0,-2.7258807414443087e-05,C
145374537,0,-0.00025192698694115334,C
1256751600,0,0.0,C
1256751600,0,0.0,C
1256751600,0,0.0,C
1256751600,0,0.0,C
1256751600,0,0.0,C
30707086,0,0.0,C
30707086,0,0.0,C
30707086,0,0.0,C
30707086,0,0.0,C
30707086,0,0.0,C
454919045,0,-3.515881770188578e-05,N
454919045,0,-0.0002139739799412732,N
454919045,0,0.00014520606477219644,N
454919045,0,-6.6510962956622954e-06,N
454919045,0,0.0001659917263159838,N
96001975,0,3.836169965026892e-05,C
96001975,0,0.00010729478178583829,C
96001975,0,8.888729600353695e-05,C
96001975,0,1.2149424767682326e-05,C
96001975,0,3.936221548039853e-06,C
3632480728,0,8.34694772422484e-06,C
3632480728,0,0.0,C
3632480728,0,-1.5340619108017428e-05,C
3632480728,0,2.4214621937634906e-05,C
3632480728,0,0.0,C
2543587995,0,4.725112746184479e-06,N
2543587995,0,4.725112746184479e-06,N
2543587995,0,4.725112746184479e-06,N
2543587995,0,2.7789573845971027e-05,N
2543587995,0,2.7789573845971027e-05,N
2664622273,0,-0.0009824111444519668,C
2664622273,0,-0.0012158333969697899,C
2664622273,0,-0.0006138117524507325,C
2664622273,0,-0.0006600662432516002,C
2664622273,0,-0.00019060922245767165,C
640282103,0,0.0,C
640282103,0,0.0,C
640282103,0,0.0,C
640282103,0,0.0,C
640282103,0,0.0,C
552722929,0,0.0,C
552722929,0,0.0,C
552722929,0,0.0,C
552722929,0,0.0,C
552722929,0,0.0,C
3304326854,0,0.0,C
3304326854,0,1.979358990045199e-06,C
3304326854,0,9.789761575840217e-07,C
3304326854,0,4.145860286797198e-06,C
3304326854,0,4.145860286797198e-06,C
932711668,0,0.0,N
932711668,0,0.0,N
932711668,0,0.0,N
932711668,0,0.0,N
932711668,0,0.0,N
932734850,0,6.334267425267548e-05,N
932734850,0,1.25505010482585e-05,N
932734850,0,-1.5757421083284484e-05,N
932734850,0,0.00010237339074148366,N
932734850,0,8.857264991968261e-05,N
3198482033,0,0.00018429923389046143,C
3198482033,0,-8.786793843135188e-05,C
3198482033,0,-1.199252463068845e-05,C
3198482033,0,-3.0776747690364203e-05,C
3198482033,0,9.649015185020371e-06,C
2843970853,0,6.059078859949052e-05,C
2843970853,0,4.0802166667797124e-05,C
2843970853,0,4.0802166667797124e-05,C
2843970853,0,2.8939734683874896e-05,C
2843970853,0,1.59271418620488e-05,C
1167268241,0,0.0008032342024931749,C
1167268241,0,0.0013116594772548118,C
1167268241,0,0.0014390633440663492,C
1167268241,0,0.0018578967238651045,C
1167268241,0,0.0012648984957644993,C
1968143303,0,0.0,C
1968143303,0,0.0,C
1968143303,0,0.0,C
1968143303,0,0.0,C
1968143303,0,0.0,C
132611095,0,-0.0006636386696567409,C
132611095,0,-0.00133321250374413,C
132611095,0,0.000506470411396287,C
132611095,0,-0.00033085735238247427,C
132611095,0,0.0004863112991634333,C
1067305901,0,-0.00024286256521077743,C
1067305901,0,6.981205258022039e-05,C
1067305901,0,-0.00020562660678213884,C
1067305901,0,6.738864767291686e-05,C
1067305901,0,-8.612463875845577e-05,C
4232044298,0,0.0,C
4232044298,0,0.0,C
4232044298,0,0.0,C
4232044298,0,0.0,C
4232044298,0,0.0,C
3924990413,0,0.0001497669015681491,C
3924990413,0,0.0002765100724464453,C
3924990413,0,0.0008539985228182001,C
3924990413,0,0.0004172359464367781,C
3924990413,0,0.0002684842823067468,C
3163510888,0,-0.0003361792766733984,C
3163510888,0,-0.0012861747494875009,C
3163510888,0,-0.0010026396602385579,C
3163510888,0,-0.0012498699514546519,C
3163510888,0,0.0004074199712649218,C
3370172965,0,-6.894803911589031e-05,C
3370172965,0,-8.50152878754673e-05,C
3370172965,0,-4.5167589917405326e-05,C
3370172965,0,-3.9709233605855765e-05,C
3370172965,0,2.030794713864248e-05,C
1544255291,0,0.0,C
1544255291,0,0.0,C
1544255291,0,0.0,C
1544255291,0,0.0,C
1544255291,0,0.0,C
3961613636,0,-3.3434446716773536e-06,C
3961613636,0,9.669148150148743e-06,C
3961613636,0,-3.3434446716773536e-06,C
3961613636,0,-3.3434446716773536e-06,C
3961613636,0,1.1840291138487391e-05,C
50651170,0,9.917310189178075e-07,C
50651170,0,-2.2849763201049367e-05,C
50651170,0,0.00010031662862208801,C
50651170,0,5.126738735039549e-06,C
50651170,0,2.106509004268231e-05,C
3075896141,0,-0.00040851698243904444,C
3075896141,0,-0.00016458180707723535,C
3075896141,0,-0.00021285025096273724,C
3075896141,0,-7.179646598481915e-05,C
3075896141,0,-0.00025373538916767524,C
172238518,0,-2.8468193656483454e-05,C
172238518,0,-1.6949756072859312e-05,C
172238518,0,-2.8468193656483454e-05,C
172238518,0,4.31264715938795e-07,C
172238518,0,-2.0207701162344716e-05,C
2136803473,0,0.0,O
2136803473,0,0.0,O
2136803473,0,0.0,O
2136803473,0,0.0,O
2136803473,0,0.0,O
1023209243,0,0.0,N
1023209243,0,0.0,N
1023209243,0,0.0,N
1023209243,0,0.0,N
1023209243,0,0.0,N
885408970,0,0.0,O
885408970,0,0.0,O
885408970,0,0.0,O
885408970,0,0.0,O
885408970,0,0.0,O
1213407188,0,-0.00011128022036999141,C
1213407188,0,-0.0001677766874023101,C
1213407188,0,0.000226716945642913,C
1213407188,0,-7.970534297196963e-05,C
1213407188,0,8.770430450488753e-05,C
4210054575,0,0.0,N
4210054575,0,0.0,N
4210054575,0,0.0,N
4210054575,0,0.0,N
4210054575,0,0.0,N
3871410344,0,0.0,N
3871410344,0,0.0,N
3871410344,0,0.0,N
3871410344,0,0.0,N
3871410344,0,0.0,N
1184436594,0,2.5948308737255843e-05,C
1184436594,0,-0.00023426660567027469,C
1184436594,0,-0.00033552239921280647,C
1184436594,0,0.00031109693828701435,C
1184436594,0,-0.00019533530269327803,C
3431706412,0,0.0,C
3431706412,0,0.0,C
3431706412,0,0.0,C
3431706412,0,0.0,C
3431706412,0,0.0,C
2758632892,0,0.0,C
2758632892,0,0.0,C
2758632892,0,0.0,C
2758632892,0,0.0,C
2758632892,0,0.0,C
2131356872,0,0.0006521301877147057,C
2131356872,0,0.0005721207598182176,C
2131356872,0,-0.0002977723142513766,C
2131356872,0,-9.618501450281425e-05,C
2131356872,0,0.0005880272338879555,C
3131896227,0,0.0006151751829502339,C
3131896227,0,0.0007066669034863082,C
3131896227,0,0.000660378650670701,C
3131896227,0,0.001011908613204826,C
3131896227,0,0.0007113447587321908,C
2739425568,0,-5.6382954023992404e-05,C
2739425568,0,0.00024717817535307995,C
2739425568,0,0.0002282721231039453,C
2739425568,0,-5.1882511850454005e-05,C
2739425568,0,-0.00013527153423942284,C
2917424199,0,-0.0003412212991911745,N
2917424199,0,-0.00018382611817185923,N
2917424199,0,-2.9319199169541843e-05,N
2917424199,0,-0.0003113548459137139,N
2917424199,0,-0.00017185466359842527,N
740717125,0,-0.0005695291366009103,C
740717125,0,-0.00041137883661834795,C
740717125,0,-0.0008977416448386344,C
740717125,0,-0.0007441463956815442,C
740717125,0,0.0001453249295880199,C
2604399148,0,-0.0002762827192476225,C
2604399148,0,-0.00014432782032081093,C
2604399148,0,-0.0003375809756921977,C
2604399148,0,-0.00019176767468370715,C
2604399148,0,-0.00029678965410218083,C
35816944,0,0.0,C
35816944,0,0.0,C
35816944,0,0.0,C
35816944,0,0.0,C
35816944,0,0.0,C
1623026378,0,0.0,C
1623026378,0,0.0,C
1623026378,0,0.0,C
1623026378,0,0.0,C
1623026378,0,0.0,C
1514095308,0,-0.0017379313503964045,C
1514095308,0,-0.000744689204825677,C
1514095308,0,-0.0015128738538997544,C
1514095308,0,-0.0029952103735193525,C
1514095308,0,0.00020895965972167474,C
1814116706,0,5.6673500229809104e-05,N
1814116706,0,0.00012931848144132063,N
1814116706,0,0.00010721787360784552,N
1814116706,0,-0.0014765390874061368,N
1814116706,0,-0.0002909881176744733,N
3229069614,0,0.0001660072070180929,N
3229069614,0,-0.0002623845959887072,N
3229069614,0,-0.00010205546978514501,N
3229069614,0,7.613291701180636e-06,N
3229069614,0,-5.0347593378852196e-05,N
269963113,0,0.0,
269963113,0,0.0,
269963113,0,0.0,
269963113,0,0.0,
269963113,0,0.0,
3375441982,0,1.3012592821826097e-05,C
3375441982,0,0.0,C
3375441982,0,0.0,C
3375441982,0,0.0,C
3375441982,0,0.0,C
2537385504,0,0.0,
2537385504,0,0.0,
2537385504,0,0.0,
2537385504,0,0.0,
2537385504,0,0.0,
1375082737,0,-0.00010462468868660535,C
1375082737,0,-0.00021935130692241067,C
1375082737,0,0.00010920350358595288,C
1375082737,0,-0.0004411565793630001,C
1375082737,0,-0.0002593416625191747,C
3972090239,0,0.00020427890204621768,C
3972090239,0,0.00022203339804760525,C
3972090239,0,0.000524692310003072,C
3972090239,0,0.00011942391763225535,C
3972090239,0,-4.7769621547566476e-05,C
542715770,0,0.0,C
542715770,0,0.0,C
542715770,0,0.0,C
542715770,0,0.0,C
542715770,0,0.0,C
1835135892,0,-0.000129810721211987,C
1835135892,0,-0.000164254190898383,C
1835135892,0,-0.00021162871288771257,C
1835135892,0,-4.725114868853186e-05,C
1835135892,0,-0.000220939205320847,C
3850856377,0,6.429993187184735e-05,C
3850856377,0,-0.00025057648731718896,C
3850856377,0,-0.0005286441075678106,C
3850856377,0,0.00046812251933298077,C
3850856377,0,0.0010793036796667432,C
3007422704,0,-0.0003004103233761324,O
3007422704,0,0.00034488538009930236,O
3007422704,0,2.166986008228511e-05,O
3007422704,0,-0.0001931949611352901,O
3007422704,0,-2.9388646371530935e-05,O
2209842778,0,7.885616687947072e-05,N
2209842778,0,3.311577929032694e-05,N
2209842778,0,-0.00015844300564016311,N
2209842778,0,-0.00019093458339447533,N
2209842778,0,1.883777901967587e-05,N
2296764637,0,0.00035171484071383485,C
2296764637,0,0.0003098902776910162,C
2296764637,0,0.0005162214750000782,C
2296764637,0,0.00046354431565154286,C
2296764637,0,0.0001584536706926709,C
3929393147,0,0.0,C
3929393147,0,0.0,C
3929393147,0,0.0,C
3929393147,0,0.0,C
3929393147,0,0.0,C
2270589688,0,-8.461049410823929e-05,N
2270589688,0,5.185537720858724e-05,N
2270589688,0,-5.36128816787107e-05,N
2270589688,0,-7.332584518071616e-05,N
2270589688,0,-0.00013196003516374732,N
2592252298,0,7.112852847879214e-05,C
2592252298,0,-1.0327292633283136e-06,C
2592252298,0,9.245769518012592e-05,C
2592252298,0,7.857541389461042e-05,C
2592252298,0,-7.688471277300657e-06,C
4116013187,0,8.132348945039114e-05,C
4116013187,0,9.661988635167873e-05,C
4116013187,0,0.00017355087112430612,C
4116013187,0,0.0002031669671366254,C
4116013187,0,0.0001598796149374082,C
372117123,0,0.00012170256406851543,S
372117123,0,8.14029444819453e-05,S
372117123,0,5.07445624044478e-05,S
372117123,0,0.00020028724246135,S
372117123,0,8.968073299669976e-05,S
2709179886,0,0.0,C
2709179886,0,0.0,C
2709179886,0,0.0,C
2709179886,0,0.0,C
2709179886,0,0.0,C
228862830,0,8.653302961347809e-06,N
228862830,0,9.465253346219171e-06,N
228862830,0,0.0,N
228862830,0,-4.359289860478288e-06,N
228862830,0,-2.7151573406269947e-06,N
2300762321,0,-0.0002936877642408797,N
2300762321,0,0.0004519109864351556,N
2300762321,0,3.734356378859438e-05,N
2300762321,0,0.0007464050262724342,N
2300762321,0,0.0001268661811247851,N
4081192418,0,-2.7830043653809255e-05,C
4081192418,0,-5.867541162946077e-05,C
4081192418,0,-5.585786242778834e-05,C
4081192418,0,-3.723822167905899e-05,C
4081192418,0,-3.526786952301464e-05,C
4120224926,0,1.924855681284532e-05,C
4120224926,0,0.0003426493274786835,C
4120224926,0,7.646956782675352e-05,C
4120224926,0,-4.710372747446234e-05,C
4120224926,0,0.0005020608375896352,C
1090571167,0,-0.00024914812346921167,N
1090571167,0,-0.00048468787272348823,N
1090571167,0,-0.0003102251187997451,N
1090571167,0,-0.0004392214943684247,N
1090571167,0,-0.0004987046553545649,N
369500293,0,-3.9081650956007685e-05,C
369500293,0,-0.0002048683962267428,C
369500293,0,-3.1579694340977404e-05,C
369500293,0,-5.3993916166672484e-05,C
369500293,0,-8.050154653216346e-06,C
3873306213,0,-1.1189485225049367e-05,N
3873306213,0,9.530386980793892e-05,N
3873306213,0,4.482581123577134e-05,N
3873306213,0,-2.25596663630534e-05,N
3873306213,0,-2.0991379589552217e-06,N
600377156,0,5.6355143763731075e-05,C
600377156,0,-2.380426539588809e-05,C
600377156,0,-4.224939549080098e-05,C
600377156,0,-2.1788178872772512e-06,C
600377156,0,-1.5144579812553793e-05,C
1946997629,0,0.00011231749373818989,C
1946997629,0,2.541568661118543e-05,C
1946997629,0,0.0002429121623178654,C
1946997629,0,0.0002544187504543438,C
1946997629,0,0.00023804660067233696,C
1044537682,0,0.0,C
1044537682,0,0.0,C
1044537682,0,0.0,C
1044537682,0,0.0,C
1044537682,0,0.0,C
2077658817,0,0.002335052013222816,O
2077658817,0,0.0022589301371597204,O
2077658817,0,0.0010965976692489665,O
2077658817,0,0.0020962159963964777,O
2077658817,0,0.001694141601164545,O
264974063,0,-0.00012371477537898024,N
264974063,0,-0.00018792337156592342,N
264974063,0,8.880237311925665e-05,N
264974063,0,-0.00046360045749627155,N
264974063,0,-0.0003192624401308075,N
3792822921,0,4.689271710767162e-06,N
3792822921,0,2.709912720721963e-06,N
3792822921,0,1.323847398565503e-05,N
3792822921,0,2.709912720721963e-06,N
3792822921,0,1.2180410686901677e-05,N
2575624905,0,-3.283255233571536e-05,C
2575624905,0,0.00016117245224728238,C
2575624905,0,-0.00015923143187895894,C
2575624905,0,0.0001116535294714005,C
2575624905,0,0.000322351923247588,C
1640551393,0,0.0,C
1640551393,0,0.0,C
1640551393,0,0.0,C
1640551393,0,0.0,C
1640551393,0,0.0,C
3528517994,0,0.0,C
3528517994,0,0.0,C
3528517994,0,0.0,C
3528517994,0,0.0,C
3528517994,0,0.0,C
692277943,0,-6.872296729465432e-07,N
692277943,0,3.051702831824432e-06,N
692277943,0,1.442317204269905e-05,N
692277943,0,0.0,N
692277943,0,1.442317204269905e-05,N
990985258,0,-0.0012076172502155647,C
990985258,0,-0.0003017450505409802,C
990985258,0,-0.0009032146456364742,C
990985258,0,-0.0011881369265206998,C
990985258,0,-0.000525225769174853,C
389385568,0,0.0,C
389385568,0,0.0,C
389385568,0,0.0,C
389385568,0,0.0,C
389385568,0,0.0,C
597336504,0,0.0,C
597336504,0,0.0,C
597336504,0,0.0,C
597336504,0,0.0,C
597336504,0,0.0,C
744747118,0,-0.00031871027549512654,S
744747118,0,-7.639187160290994e-05,S
744747118,0,-0.00019292932199144186,S
744747118,0,0.00044993890301825434,S
744747118,0,4.744462654138193e-06,S
1740651977,0,0.0003026253319070582,C
1740651977,0,0.000150253016230395,C
1740651977,0,0.0004363615847141067,C
1740651977,0,0.0004288863756864436,C
1740651977,0,0.00022786253430112646,C
1198890718,0,-0.000663770023015875,C
1198890718,0,-0.0005295798878175995,C
1198890718,0,-0.0002569989333002787,C
1198890718,0,-0.00046203686350154705,C
1198890718,0,-0.00032489757916626116,C
544863012,0,-5.985217327975079e-06,C
544863012,0,-4.154535778899682e-06,C
544863012,0,1.0841449833487449e-05,C
544863012,0,1.3012592821826097e-05,C
544863012,0,-4.154535778899682e-06,C
2127647960,0,0.00013282883926424294,C
2127647960,0,0.00025545066620924484,C
2127647960,0,0.00020693149876283012,C
2127647960,0,2.0784157395592473e-05,C
2127647960,0,0.00017263508584786091,C
3372972590,0,0.0,N
3372972590,0,0.0,N
3372972590,0,0.0,N
3372972590,0,0.0,N
3372972590,0,0.0,N
1145656637,0,-0.00013000248860101093,N
1145656637,0,-0.00010348181492730868,N
1145656637,0,-8.125930642477464e-05,N
1145656637,0,-5.0126548957751815e-05,N
1145656637,0,4.140131504237754e-05,N
3781690415,0,-4.187340414074647e-06,C
3781690415,0,8.730936447320925e-06,C
3781690415,0,8.82791075795808e-07,C
3781690415,0,-9.251130364151816e-06,C
3781690415,0,-4.493667412897029e-06,C
2211843251,0,0.0,C
2211843251,0,0.0,C
2211843251,0,0.0,C
2211843251,0,0.0,C
2211843251,0,0.0,C
1378792052,0,2.8303870132473374e-05,C
1378792052,0,1.0566164564407288e-05,C
1378792052,0,1.0566164564407288e-05,C
1378792052,0,-5.3579005382942135e-06,C
1378792052,0,1.5291277310647278e-05,C
4240369074,0,-0.0011358864770754096,C
4240369074,0,-0.0006237963137497582,C
4240369074,0,0.0002959946547237413,C
4240369074,0,-0.00023098453808967356,C
4240369074,0,-0.0005190628992831625,C
3209892106,0,0.0,
3209892106,0,0.0,
3209892106,0,0.0,
3209892106,0,0.0,
3209892106,0,0.0,
2762211251,0,0.0,S
2762211251,0,0.0,S
2762211251,0,0.0,S
2762211251,0,0.0,S
2762211251,0,0.0,S
990985259,0,0.00045233835938074396,C
990985259,0,0.00020014333240087057,C
990985259,0,0.00045122367407673947,C
990985259,0,-9.643636661410548e-05,C
990985259,0,-0.00013481683557992064,C
4256676941,0,0.0007407727536882236,N
4256676941,0,0.0005750760190541548,N
4256676941,0,0.0007770848790941698,N
4256676941,0,0.0006931000184049463,N
4256676941,0,0.0010378814031056782,N
3617179377,0,0.0,
3617179377,0,0.0,
3617179377,0,0.0,
3617179377,0,0.0,
3617179377,0,0.0,
592655526,0,0.0,C
592655526,0,0.0,C
592655526,0,0.0,C
592655526,0,0.0,C
592655526,0,0.0,C
2409787606,0,0.0,C
2409787606,0,0.0,C
2409787606,0,0.0,C
2409787606,0,0.0,C
2409787606,0,0.0,C
2113520109,0,-0.0004480822511335192,C
2113520109,0,-0.0007984699342122314,C
2113520109,0,-0.00016612941759108768,C
2113520109,0,-0.0007984699342122314,C
2113520109,0,-0.0005148441188738695,C
1250165012,0,4.5643871086797905e-05,C
1250165012,0,-0.0006239322906114175,C
1250165012,0,-1.1335974664739012e-05,C
1250165012,0,-0.00011491460235213413,C
1250165012,0,0.000304982637233997,C
1238592536,0,0.0,C
1238592536,0,0.0,C
1238592536,0,0.0,C
1238592536,0,0.0,C
1238592536,0,0.0,C
2213350725,0,0.0004876827918375848,C
2213350725,0,-1.0904463044414392e-05,C
2213350725,0,0.00032119728497503885,C
2213350725,0,0.0003875225786355574,C
2213350725,0,-0.00018354580109708474,C
1915080917,0,0.0,C
1915080917,0,0.0,C
1915080917,0,0.0,C
1915080917,0,0.0,C
1915080917,0,0.0,C
3651174070,0,0.0,C
3651174070,0,0.0,C
3651174070,0,0.0,C
3651174070,0,0.0,C
3651174070,0,0.0,C
1365279474,0,-3.150829685261147e-05,C
1365279474,0,-1.8727158933473653e-05,C
1365279474,0,-7.304961494103424e-05,C
1365279474,0,-0.00020564788194821215,C
1365279474,0,6.302170086930348e-05,C
1583009052,0,-0.0010542223509473203,C
1583009052,0,-0.0006271884288499563,C
1583009052,0,-0.0004194712359197883,C
1583009052,0,0.0009394415938873135,C
1583009052,0,-0.0009643122074216026,C
1499666286,0,-3.0632061482627204e-05,C
1499666286,0,-6.38779625712349e-05,C
1499666286,0,-6.38779625712349e-05,C
1499666286,0,-6.41301965884078e-05,C
1499666286,0,-2.5656871320167696e-05,C
1191280979,0,-0.0006800830992423901,C
1191280979,0,-0.0006318788578647538,C
1191280979,0,-0.0006410926333861866,C
1191280979,0,-0.000631325592393206,C
1191280979,0,-0.0005883735023541892,C
3457964313,0,0.0003381366506498007,N
3457964313,0,0.0003625613427586938,N
3457964313,0,-5.537133557492746e-05,N
3457964313,0,-0.0003085439612621199,N
3457964313,0,0.0002906226419102653,N
2881111452,0,2.0838329929939725e-06,C
2881111452,0,0.0,C
2881111452,0,9.394530378348254e-06,C
2881111452,0,2.240712320017435e-05,C
2881111452,0,9.394530378348254e-06,C
423609967,0,-0.0004920505031246747,C
423609967,0,-0.00012903589960178152,C
423609967,0,-0.0011129222926004045,C
423609967,0,-0.0010670389909621103,C
423609967,0,-0.0004608284341870439,C
3300110909,0,0.0,N
3300110909,0,0.0,N
3300110909,0,0.0,N
3300110909,0,0.0,N
3300110909,0,0.0,N
3345491492,0,-0.000393939375854524,N
3345491492,0,-0.0004424492229125332,N
3345491492,0,0.00023558069239959512,N
3345491492,0,-0.00014534201341975805,N
3345491492,0,-8.176724621344889e-05,N
1534595042,0,0.0005755369115899578,C
1534595042,0,0.00026948581132213434,C
1534595042,0,0.00015308486525345,C
1534595042,0,0.000351680459539927,C
1534595042,0,0.00015308486525345,C
2014255590,0,-0.00011069809499764105,N
2014255590,0,-0.0006254443481727434,N
2014255590,0,-0.000988079623891469,N
2014255590,0,-0.0010271089871169425,N
2014255590,0,-3.4679143862903494e-05,N
362715007,0,0.0,C
362715007,0,0.0,C
362715007,0,0.0,C
362715007,0,0.0,C
362715007,0,0.0,C
2654043257,0,-1.4191724099610337e-05,N
2654043257,0,-2.348578210908947e-05,N
2654043257,0,-2.561009765178479e-05,N
2654043257,0,0.0,N
2654043257,0,2.953970289654162e-06,N
720253145,0,0.0006007756402707232,N
720253145,0,7.901546727773212e-05,N
720253145,0,0.0,N
720253145,0,0.000696389883463544,N
720253145,0,1.3012592821826097e-05,N
1342596238,0,0.0,
1342596238,0,0.0,
1342596238,0,0.0,
1342596238,0,0.0,
1342596238,0,0.0,
1505769767,0,-5.046522956281274e-05,C
1505769767,0,0.00031441057066711187,C
1505769767,0,-0.000325246900133247,C
1505769767,0,0.00019209448025353515,C
1505769767,0,0.0001580108059597296,C
4129558839,0,0.0,N
4129558839,0,0.0,N
4129558839,0,0.0,N
4129558839,0,0.0,N
4129558839,0,0.0,N
1673980810,0,2.3127280466717082e-05,O
1673980810,0,1.7861074582403713e-05,O
1673980810,0,-8.704192077174655e-05,O
1673980810,0,-5.336418852003311e-05,O
1673980810,0,7.39353106551377e-05,O
458195553,0,3.138723319839887e-05,N
458195553,0,4.002042037765108e-06,N
458195553,0,-4.502505181136485e-06,N
458195553,0,1.0841449833487449e-05,N
458195553,0,3.0016592053039304e-06,N
3083149214,0,7.672694371074762e-06,C
3083149214,0,9.239555664897203e-06,C
3083149214,0,-9.434604590574658e-06,C
3083149214,0,1.849254747166018e-05,C
3083149214,0,6.111171667488868e-06,C
564807139,0,-0.0002656333748005113,C
564807139,0,-0.0002148847897127104,C
564807139,0,-0.00033492265581352987,C
564807139,0,0.00026339885022286236,C
564807139,0,-0.0003493556966703837,C
57405021,0,-1.7719956025286088e-05,P
57405021,0,-4.967395725585799e-06,P
57405021,0,-1.2796128425196507e-06,P
57405021,0,-1.4761911449889809e-05,P
57405021,0,-2.0689901268078348e-05,P
264906369,0,-7.726192768986451e-05,C
264906369,0,3.05687527387688e-05,C
264906369,0,-0.00028079919784790297,C
264906369,0,-5.905608805883977e-05,C
264906369,0,-0.00029563019844158767,C
906327634,0,0.0,N
906327634,0,0.0,N
906327634,0,0.0,N
906327634,0,0.0,N
906327634,0,0.0,N
3203925050,0,0.00029850320542751385,C
3203925050,0,0.0005000242282039991,C
3203925050,0,0.0003609296863121836,C
3203925050,0,0.0002089727812356612,C
3203925050,0,0.00020382625872378268,C
1238701800,0,0.0,C
1238701800,0,0.0,C
1238701800,0,0.0,C
1238701800,0,0.0,C
1238701800,0,0.0,C
817554650,0,1.6545204962026272e-05,N
817554650,0,-4.510488185716088e-05,N
817554650,0,-4.510488185716088e-05,N
817554650,0,-1.5424653831030977e-05,N
817554650,0,-4.039146533407756e-05,N
3210014657,0,0.0,N
3210014657,0,0.0,N
3210014657,0,0.0,N
3210014657,0,0.0,N
3210014657,0,0.0,N
3869736299,0,-0.00018276889992674406,C
3869736299,0,0.00010814057307978464,C
3869736299,0,-8.924866205556325e-05,C
3869736299,0,0.0001107277436878662,C
3869736299,0,0.00019960345381753175,C
443741425,0,0.0,N
443741425,0,-5.061923357752018e-06,N
443741425,0,3.650693759349455e-06,N
443741425,0,3.650693759349455e-06,N
443741425,0,-5.061923357752018e-06,N
252812893,0,0.0,
252812893,0,0.0,
252812893,0,0.0,
252812893,0,0.0,
252812893,0,0.0,
1352167592,0,0.0,C
1352167592,0,0.0,C
1352167592,0,0.0,C
1352167592,0,0.0,C
1352167592,0,0.0,C
2030757576,0,0.0,C
2030757576,0,0.0,C
2030757576,0,0.0,C
2030757576,0,0.0,C
2030757576,0,0.0,C
3541689698,0,-4.039146533407756e-05,N
3541689698,0,1.0940844212881107e-05,N
3541689698,0,0.0,N
3541689698,0,0.0,N
3541689698,0,-4.1538463358525846e-05,N
2250143559,0,2.76326113116121e-05,C
2250143559,0,-0.0009395665757231386,C
2250143559,0,-0.0005410776957009422,C
2250143559,0,-0.0005832471760636726,C
2250143559,0,-0.0007386227675209023,C
2144345290,0,0.0,N
2144345290,0,0.0,N
2144345290,0,0.0,N
2144345290,0,0.0,N
2144345290,0,0.0,N
1849554589,0,0.0,N
1849554589,0,0.0,N
1849554589,0,0.0,N
1849554589,0,0.0,N
1849554589,0,0.0,N
2271158283,0,0.0,C
2271158283,0,0.0,C
2271158283,0,0.0,C
2271158283,0,0.0,C
2271158283,0,0.0,C
1445706287,0,0.0002215015097276063,C
1445706287,0,-0.0002011172366320757,C
1445706287,0,0.00010707391028552671,C
1445706287,0,0.0002101387308102165,C
1445706287,0,9.624534767815884e-05,C
3385400514,0,0.0,C
3385400514,0,0.0,C
3385400514,0,0.0,C
3385400514,0,0.0,C
3385400514,0,0.0,C
621690156,0,0.0,
621690156,0,0.0,
621690156,0,0.0,
621690156,0,0.0,
621690156,0,0.0,
1214058429,0,-2.3211035158510196e-05,C
1214058429,0,5.444279554855935e-05,C
1214058429,0,6.88554360190885e-05,C
1214058429,0,5.310404620395559e-05,C
1214058429,0,9.69321794075384e-05,C
3599391724,0,0.0,C
3599391724,0,0.0,C
3599391724,0,0.0,C
3599391724,0,0.0,C
3599391724,0,0.0,C
3992738647,0,1.3012592821826097e-05,C
3992738647,0,0.0,C
3992738647,0,6.860890428006527e-07,C
3992738647,0,0.0,C
3992738647,0,0.0,C
1637770740,0,1.120202911580881e-05,C
1637770740,0,3.0105618871623108e-05,C
1637770740,0,2.3064461099731037e-05,C
1637770740,0,2.7672276369794524e-06,C
1637770740,0,1.3012592821826097e-05,C
81315441,0,-0.00017464349710233362,C
81315441,0,-0.00022264013633566115,C
81315441,0,0.00022218275469076953,C
81315441,0,0.0002521739831867764,C
81315441,0,0.00029846402815064677,C
3145023872,0,-9.13644243875078e-05,C
3145023872,0,0.000931575598267842,C
3145023872,0,0.0014071516898228609,C
3145023872,0,-0.0003780756559287335,C
3145023872,0,0.0017242576861995484,C
3135357859,0,-1.4191724099610337e-05,N
3135357859,0,-1.4191724099610337e-05,N
3135357859,0,-1.4191724099610337e-05,N
3135357859,0,-2.948236669686466e-06,N
3135357859,0,-1.4191724099610337e-05,N
4078658161,0,8.925405339588188e-06,C
4078658161,0,8.925405339588188e-06,C
4078658161,0,0.0,C
4078658161,0,1.596656311148026e-05,C
4078658161,0,-2.948236669686466e-06,C
2064788354,0,1.6582148706645317e-05,C
2064788354,0,-2.6801114827057493e-05,C
2064788354,0,0.00012559176692539253,C
2064788354,0,-5.8448202661987025e-05,C
2064788354,0,0.0002039123145407551,C
3134606292,0,0.0,P
3134606292,0,0.0,P
3134606292,0,0.0,P
3134606292,0,0.0,P
3134606292,0,0.0,P
1797524254,0,-5.298897016398074e-05,C
1797524254,0,-5.4583189433632384e-05,C
1797524254,0,-8.974029424013708e-05,C
1797524254,0,-6.956770671773249e-05,C
1797524254,0,-6.969199388351388e-05,C
77081066,0,-0.00013875903593274508,C
77081066,0,-0.00017073819838758775,C
77081066,0,-0.00015726716368180682,C
77081066,0,-0.00013343505501112185,C
77081066,0,-0.00017394778796553378,C
3594356142,0,0.0,C
3594356142,0,0.0,C
3594356142,0,0.0,C
3594356142,0,0.0,C
3594356142,0,0.0,C
3313841562,0,0.0,C
3313841562,0,0.0,C
3313841562,0,0.0,C
3313841562,0,0.0,C
3313841562,0,0.0,C
2506328221,0,-1.4761442052813045e-05,C
2506328221,0,-1.0606906273913363e-05,C
2506328221,0,-8.194390096749604e-06,C
2506328221,0,2.759471774294031e-05,C
2506328221,0,1.0884849531267449e-05,C
517432093,0,0.00043701050797251284,C
517432093,0,0.00046738124371031864,C
517432093,0,0.00017240277223873335,C
517432093,0,0.00021217891585245674,C
517432093,0,0.00046619020639449005,C
1169352347,0,0.0,N
1169352347,0,0.0002241438607217816,N
1169352347,0,-4.737452198944059e-05,N
1169352347,0,-1.6343025686538226e-05,N
1169352347,0,-2.685997255258421e-05,N
3010410747,0,0.00011453258981819481,N
3010410747,0,-8.794476236850812e-05,N
3010410747,0,3.3614273807214268e-06,N
3010410747,0,7.649142938176423e-05,N
3010410747,0,-2.744305475826936e-05,N
1693589848,0,-0.00014758316967777851,N
1693589848,0,-0.0006315743136465768,N
1693589848,0,-0.0003846259339020941,N
1693589848,0,-0.00042215777519588604,N
1693589848,0,-9.415771215132152e-05,N
4081436575,0,3.593104907217981e-06,C
4081436575,0,-1.091364315281007e-05,C
4081436575,0,3.697275389846766e-06,C
4081436575,0,-1.5122853822990834e-05,C
4081436575,0,3.697275389846766e-06,C
2975316496,0,-1.0321175571315067e-05,C
2975316496,0,0.0008767031429293137,C
2975316496,0,-1.0909057230501507e-05,C
2975316496,0,-7.823951823948683e-05,C
2975316496,0,0.00018379205467955462,C
3674630670,0,0.0,C
3674630670,0,0.0,C
3674630670,0,0.0,C
3674630670,0,0.0,C
3674630670,0,0.0,C
3350945806,0,-1.1418373552174454e-05,C
3350945806,0,3.718534812291452e-06,C
3350945806,0,-1.9048705741875338e-05,C
3350945806,0,1.3012592821826097e-05,C
3350945806,0,-9.294058009534645e-06,C
1397513080,0,0.0,O
1397513080,0,0.0,O
1397513080,0,0.0,O
1397513080,0,0.0,O
1397513080,0,0.0,O
3126934625,0,1.3823068274132488e-05,C
3126934625,0,0.0,C
3126934625,0,1.6411236110069893e-06,C
3126934625,0,1.7363629153499538e-05,C
3126934625,0,1.7363629153499538e-05,C
3995362948,0,-7.868213939909996e-05,N
3995362948,0,-0.00012967019018150783,N
3995362948,0,-0.00031793448381833844,N
3995362948,0,-4.912293886055741e-05,N
3995362948,0,-1.6890531816471377e-05,N
1059124080,0,0.0,C
1059124080,0,0.0,C
1059124080,0,0.0,C
1059124080,0,0.0,C
1059124080,0,0.0,C
1153930374,0,-6.0179965154727455e-05,C
1153930374,0,0.00019943731881172377,C
1153930374,0,0.00010506332452470124,C
1153930374,0,0.0005779619342277664,C
1153930374,0,0.000652903396584581,C
1103832125,0,0.0,
1103832125,0,0.0,
1103832125,0,0.0,
1103832125,0,0.0,
1103832125,0,0.0,
3577933307,0,-0.0017358614318873644,C
3577933307,0,-0.0014469572848623824,C
3577933307,0,-0.002846811026985807,C
3577933307,0,-0.0012550398700207355,C
3577933307,0,-0.0003437281393822711,C
3988861584,0,4.6612735628892565e-05,C
3988861584,0,-0.00016645053687402989,C
3988861584,0,0.0,C
3988861584,0,6.597724432499952e-05,C
3988861584,0,0.00012673931138340588,C
2572035617,0,3.691896488872137e-05,N
2572035617,0,-5.288118472779324e-06,N
2572035617,0,-2.2411687245538214e-05,N
2572035617,0,3.0626962305158045e-06,N
2572035617,0,3.691896488872137e-05,N
3346153511,0,0.0,C
3346153511,0,0.0,C
3346153511,0,0.0,C
3346153511,0,0.0,C
3346153511,0,0.0,C
2918201879,0,-7.163230799295262e-05,C
2918201879,0,-0.00028550001287086513,C
2918201879,0,-0.0003141793821447303,C
2918201879,0,0.0006730700235320075,C
2918201879,0,0.0005719434267633106,C
194638448,0,0.00021373309160788168,C
194638448,0,0.00021373309160788168,C
194638448,0,0.0,C
194638448,0,5.5065477087556935e-05,C
194638448,0,4.205288426573084e-05,C
869152089,0,-9.754647732340693e-06,C
869152089,0,-2.886268098195588e-05,C
869152089,0,-6.046561098482783e-06,C
869152089,0,-3.127519715906413e-05,C
869152089,0,-1.0489343701181042e-05,C
3804745459,0,0.0,
3804745459,0,0.0,
3804745459,0,0.0,
3804745459,0,0.0,
3804745459,0,0.0,
3755128710,0,-1.1577629540959755e-05,C
3755128710,0,-0.00019080385123249055,C
3755128710,0,-7.180251360427992e-06,C
3755128710,0,7.990130306034793e-05,C
3755128710,0,-8.960309334349326e-05,C
1713195601,0,0.0,C
1713195601,0,1.737572558407896e-05,C
1713195601,0,-3.922245555842974e-06,C
1713195601,0,-7.630332189700884e-06,C
1713195601,0,1.1380854760156822e-05,C
1568606682,0,-5.6074010560513976e-05,C
1568606682,0,0.0001064439696508157,C
1568606682,0,0.00031845065095437164,C
1568606682,0,0.00020397097551433374,C
1568606682,0,0.00012619616908482456,C
2059730245,0,-5.207122702394207e-05,C
2059730245,0,-7.084155018510785e-05,C
2059730245,0,-2.5312928466358908e-05,C
2059730245,0,1.94257154565447e-05,C
2059730245,0,-4.871398919598091e-05,C
2617658656,0,-9.320138286977864e-05,C
2617658656,0,-8.426398946487224e-05,C
2617658656,0,-6.85182852376287e-05,C
2617658656,0,-5.771104565727159e-05,C
2617658656,0,-5.405965187943451e-05,C
836300471,0,0.0,
836300471,0,0.0,
836300471,0,0.0,
836300471,0,0.0,
836300471,0,0.0,
3490910321,0,0.0,C
3490910321,0,0.0,C
3490910321,0,0.0,C
3490910321,0,0.0,C
3490910321,0,0.0,C
3255046070,0,0.0,C
3255046070,0,0.0,C
3255046070,0,0.0,C
3255046070,0,0.0,C
3255046070,0,0.0,C
2198820481,0,0.0,
2198820481,0,0.0,
2198820481,0,0.0,
2198820481,0,0.0,
2198820481,0,0.0,
104625121,0,2.8253825752944106e-05,N
104625121,0,5.9479964010011876e-05,N
104625121,0,2.8593677502075643e-05,N
104625121,0,-2.2874451835019904e-05,N
104625121,0,4.3524675594264206e-05,N
3103858517,0,0.0,C
3103858517,0,0.0,C
3103858517,0,0.0,C
3103858517,0,0.0,C
3103858517,0,0.0,C
1390475220,0,1.2485694750263843e-05,C
1390475220,0,3.5877577220566614e-05,C
1390475220,0,0.00019944092517337753,C
1390475220,0,3.472928117370655e-05,C
1390475220,0,3.424328885431871e-05,C
4006278292,0,0.0,N
4006278292,0,0.0,N
4006278292,0,0.0,N
4006278292,0,0.0,N
4006278292,0,0.0,N
1789200865,0,-0.00014644674277786152,C
1789200865,0,4.601370956930362e-05,C
1789200865,0,-0.00029833343721108463,C
1789200865,0,0.00018230732489954438,C
1789200865,0,-3.7998641434389135e-05,C
2291264872,0,0.0,C
2291264872,0,0.0,C
2291264872,0,0.0,C
2291264872,0,0.0,C
2291264872,0,0.0,C
2918205364,0,8.608308644997287e-05,C
2918205364,0,0.00020309750706820617,C
2918205364,0,1.3012592821826097e-05,C
2918205364,0,0.0,C
2918205364,0,0.00017095455249943603,C
3798139026,0,0.0,C
3798139026,0,0.0,C
3798139026,0,0.0,C
3798139026,0,0.0,C
3798139026,0,0.0,C
4223976160,0,5.381035485918506e-05,C
4223976160,0,4.165307002607088e-05,C
4223976160,0,3.314388607833507e-05,C
4223976160,0,1.7239448030281768e-05,C
4223976160,0,1.680941424692106e-05,C
1511206547,0,0.0,
1511206547,0,0.0,
1511206547,0,0.0,
1511206547,0,0.0,
1511206547,0,0.0,
954800030,0,0.00010022927395414438,C
954800030,0,3.167515097102225e-05,C
954800030,0,3.2774941372826216e-05,C
954800030,0,1.0884849531267449e-05,C
954800030,0,3.77031983065379e-05,C
2172997423,0,0.0,C
2172997423,0,0.0,C
2172997423,0,0.0,C
2172997423,0,0.0,C
2172997423,0,0.0,C
1918025650,0,-4.3938574827040444e-05,C
1918025650,0,-9.556458699516712e-05,C
1918025650,0,-1.17913127778424e-06,C
1918025650,0,-2.9616377930641313e-05,C
1918025650,0,-3.44777898990678e-05,C
1491315937,0,5.007376854199164e-05,C
1491315937,0,-7.534427553412826e-06,C
1491315937,0,3.1962593322054644e-07,C
1491315937,0,0.00010925488305807418,C
1491315937,0,2.439573371004755e-05,C
1271427701,0,9.090347265983123e-06,C
1271427701,0,-3.922245555842974e-06,C
1271427701,0,0.0,C
1271427701,0,2.117624785025196e-06,C
1271427701,0,-3.922245555842974e-06,C
876016289,0,0.0,C
876016289,0,0.0,C
876016289,0,0.0,C
876016289,0,0.0,C
876016289,0,0.0,C
759348397,0,-1.1037376069999993e-05,S
759348397,0,-6.22437144209842e-06,S
759348397,0,1.0600988162301483e-06,S
759348397,0,0.0,S
759348397,0,-1.3765437963664251e-05,S
3886074185,0,0.0,
3886074185,0,0.0,
3886074185,0,0.0,
3886074185,0,0.0,
3886074185,0,0.0,
3977047921,0,0.0,N
3977047921,0,0.0,N
3977047921,0,0.0,N
3977047921,0,0.0,N
3977047921,0,0.0,N
3386795352,0,-5.924887967723169e-05,C
3386795352,0,-3.872897059054026e-06,C
3386795352,0,-7.159476483908911e-05,C
3386795352,0,-8.231086450649627e-05,C
3386795352,0,-6.651064513646388e-05,C
2640652321,0,0.0003194314361138484,C
2640652321,0,0.0007570383254309476,C
2640652321,0,0.00039558193433941735,C
2640652321,0,0.0004751881226437993,C
2640652321,0,0.0006903912943558854,C
3644443517,0,4.608215933255e-05,C
3644443517,0,3.9046498833128496e-05,C
3644443517,0,2.518803063517039e-05,C
3644443517,0,-4.383163738785889e-05,C
3644443517,0,9.408167462565675e-05,C
805268291,0,-3.792954022496797e-05,C
805268291,0,-3.374496275992955e-05,C
805268291,0,-2.677614120499827e-05,C
805268291,0,3.2988974346670474e-06,C
805268291,0,0.00010000249422292828,C
994494548,0,0.00023341630602863317,C
994494548,0,0.00044367340392609256,C
994494548,0,0.00033641083018409734,C
994494548,0,0.00048489656147437943,C
994494548,0,0.0003095922058397038,C
3889081300,0,4.9360761946115606e-05,C
3889081300,0,-0.0005678497681529393,C
3889081300,0,-0.0003178700325365824,C
3889081300,0,-0.0003139466646412403,C
3889081300,0,-0.00036891864051114,C
3119383463,0,7.610401844648784e-05,C
3119383463,0,2.9437995457959332e-05,C
3119383463,0,0.00011366612856894553,C
3119383463,0,6.528282146434083e-05,C
3119383463,0,1.4139055760142849e-05,C
4142616092,0,-0.0007120436249975493,C
4142616092,0,-0.0005614991296640781,C
4142616092,0,-0.0004673580445798686,C
4142616092,0,-0.00029886744901092,C
4142616092,0,0.00034778489923426026,C
3633569943,0,-1.9048705741875338e-05,C
3633569943,0,-1.3383125895161108e-05,C
3633569943,0,-4.274039815699293e-05,C
3633569943,0,-1.1418373552174454e-05,C
3633569943,0,0.0,C
2810558781,0,1.4991951811871296e-05,C
2810558781,0,2.2400054196791697e-05,C
2810558781,0,6.55291156853588e-06,C
2810558781,0,1.0297435481199102e-05,C
2810558781,0,4.145860286797198e-06,C
643572069,0,-0.0002054535483608233,C
643572069,0,-0.0005520555457543264,C
643572069,0,-0.00026928741904552744,C
643572069,0,-0.0004372553082899744,C
643572069,0,-0.00018370385066562855,C
307525970,0,0.0,
307525970,0,0.0,
307525970,0,0.0,
307525970,0,0.0,
307525970,0,0.0,
230478851,0,-0.00015420624806006256,C
230478851,0,4.55594818775662e-05,C
230478851,0,-0.0002180235835916311,C
230478851,0,-0.00038504370569586444,C
230478851,0,6.529941431909769e-05,C
3353919692,0,0.0,C
3353919692,0,0.0,C
3353919692,0,0.0,C
3353919692,0,0.0,C
3353919692,0,0.0,C
4201996000,0,-6.8993999985556e-05,C
4201996000,0,-4.456303361155545e-05,C
4201996000,0,-6.461685017539187e-05,C
4201996000,0,-7.291624554139897e-05,C
4201996000,0,-1.4553766931213463e-05,C
1523193891,0,-3.876304421512877e-05,C
1523193891,0,-6.432826283897519e-05,C
1523193891,0,-7.734085566080129e-05,C
1523193891,0,-0.00011372213143090448,C
1523193891,0,0.0002086599721466964,C
2806469715,0,1.3012592821826097e-05,C
2806469715,0,-6.342682650983811e-06,C
2806469715,0,-6.342682650983811e-06,C
2806469715,0,-4.874722445258328e-06,C
2806469715,0,3.648397593092323e-06,C
3705007549,0,0.0,C
3705007549,0,0.0,C
3705007549,0,0.0,C
3705007549,0,0.0,C
3705007549,0,0.0,C
1445715347,0,0.0,C
1445715347,0,0.0,C
1445715347,0,0.0,C
1445715347,0,0.0,C
1445715347,0,0.0,C
4232889011,0,-0.00032801242858199187,O
4232889011,0,-9.809917096759158e-05,O
4232889011,0,-0.00038655005864934866,O
4232889011,0,-0.00043967880398715353,O
4232889011,0,-0.0005217251996043615,O
1932106328,0,0.0,C
1932106328,0,0.0,C
1932106328,0,0.0,C
1932106328,0,0.0,C
1932106328,0,0.0,C
UNK,0,-0.003711386233343772,
UNK,0,-0.0008372145857630242,
UNK,0,-0.005244865590571135,
UNK,0,0.0009724211975113417,
UNK,0,-0.000566703369014987,
3218693969,1,0.0025905685077302065,C
3218693969,1,0.004712474919302767,C
3218693969,1,-0.01084646008894885,C
3218693969,1,-0.0021321191969507214,C
3218693969,1,0.0028201200773943502,C
3217380708,1,-0.011484190279547501,C
3217380708,1,-0.013224312533826776,C
3217380708,1,-0.012585355696824174,C
3217380708,1,-0.015287262046675854,C
3217380708,1,-0.013234723052309716,C
951226070,1,-0.00972558008715313,C
951226070,1,-0.0131391166383234,C
951226070,1,-0.007040528978539851,C
951226070,1,-0.002884816494174325,C
951226070,1,-0.0013574490015985097,C
2968968094,1,-0.005348717649969359,C
2968968094,1,-0.007493738074751399,C
2968968094,1,-0.008937583308381902,C
2968968094,1,-0.012045679523765063,C
2968968094,1,-0.006352512878160632,C
2245384272,1,0.0021899485781181616,C
2245384272,1,0.007015071701110875,C
2245384272,1,0.003039087359416881,C
2245384272,1,0.00041808561943140754,C
2245384272,1,-0.0034800780216053817,C
864942730,1,0.005462488532498921,O
864942730,1,0.007267264605646306,O
864942730,1,0.0030832426964657045,O
864942730,1,0.011901205948698701,O
864942730,1,0.008035599810667815,O
2246728737,1,-0.0005355892428126618,C
2246728737,1,0.015621195094878748,C
2246728737,1,0.005125150643832899,C
2246728737,1,-0.0021139958748596643,C
2246728737,1,0.012578185493463512,C
98513984,1,-0.0038407593787493366,C
98513984,1,-0.004766999907362401,C
98513984,1,-0.0037244737793578064,C
98513984,1,-0.0029185905698346226,C
98513984,1,0.0006273525592455642,C
2041434490,1,-0.005097996712004005,N
2041434490,1,-0.006672697622518375,N
2041434490,1,-0.0004644091796602856,N
2041434490,1,-0.00889783782717174,N
2041434490,1,-0.0023886602752369313,N
2246699815,1,-0.012336972048519745,C
2246699815,1,-0.002664302472393021,C
2246699815,1,-0.004458897536920525,C
2246699815,1,0.005621864748702576,C
2246699815,1,0.001594314751289183,C
994485099,1,0.001144699341643074,C
994485099,1,0.008479051634714796,C
994485099,1,-8.17662305687139e-05,C
994485099,1,-0.0037185782170441883,C
994485099,1,0.004313686809394701,C
1510328189,1,-0.015226120574404145,O
1510328189,1,-0.010988106533831365,O
1510328189,1,-0.01059858741552172,O
1510328189,1,-0.0023733042356928746,O
1510328189,1,-0.01889228326358322,O
3999906991,1,0.0016713103349850766,C
3999906991,1,-0.0006186718588589435,C
3999906991,1,0.0017820949465180425,C
3999906991,1,-0.004585357630790821,C
3999906991,1,-0.004793784003681634,C
2976033787,1,-0.008834792360006283,C
2976033787,1,-0.010383560129734015,C
2976033787,1,-0.013579147212003095,C
2976033787,1,-0.012873219305861161,C
2976033787,1,-0.014783073134285896,C
2092489639,1,-0.007734319746312446,N
2092489639,1,-0.004377463738778453,N
2092489639,1,0.0014203808019623287,N
2092489639,1,-0.00045101701982080966,N
2092489639,1,-0.00285517867545948,N
847961216,1,-0.008186120605783942,N
847961216,1,-0.003526497581683996,N
847961216,1,-0.0056159283638526625,N
847961216,1,-0.007296989543934929,N
847961216,1,-0.007130544475607514,N
882399112,1,0.001245910440577147,F
882399112,1,-0.00043993535559372354,F
882399112,1,-0.0003805383627197845,F
882399112,1,-0.0006794443550508511,F
882399112,1,-0.000841143766184882,F
2803848648,1,0.0004077845303873673,C
2803848648,1,-0.0016067444023623034,C
2803848648,1,-0.0010034298216450854,C
2803848648,1,0.0008140940564900778,C
2803848648,1,-0.0019042084984545182,C
2117068077,1,-0.0020710681825139576,C
2117068077,1,-0.003964817056716696,C
2117068077,1,-0.00023720821611988852,C
2117068077,1,-0.005471165327868011,C
2117068077,1,-0.00505079496013805,C
864674487,1,0.004969831490993726,O
864674487,1,0.00902220560260647,O
864674487,1,0.0030460746674407235,O
864674487,1,0.004374688754199607,O
864674487,1,0.009048376103285127,O
864662311,1,-0.008774586682416041,O
864662311,1,0.005817902220284443,O
864662311,1,-0.006029920062589789,O
864662311,1,-0.015647484949807333,O
864662311,1,-0.00656889635686192,O
2245273601,1,-0.0004908806340178651,C
2245273601,1,-0.0017084652759222219,C
2245273601,1,-0.002149396775546708,C
2245273601,1,-0.00261453465378908,C
2245273601,1,-0.004856923973432958,C
1100037548,1,0.0015869392349303069,N
1100037548,1,-0.0015691271900464265,N
1100037548,1,-0.0014635207185526022,N
1100037548,1,-0.003943813534168339,N
1100037548,1,-0.0027127431004747016,N
485463469,1,-0.00045799766104176465,F
485463469,1,-0.00034411064129596936,F
485463469,1,0.00015798684334766833,F
485463469,1,-0.0010469253513394894,F
485463469,1,-0.0004862638167541511,F
1101907775,1,-0.008769143708122595,N
1101907775,1,-0.006718900984461429,N
1101907775,1,-0.006340168196143303,N
1101907775,1,-0.007072931077066913,N
1101907775,1,-0.005399891789026723,N
10565946,1,0.007998057079819987,O
10565946,1,0.011884997718177415,O
10565946,1,0.015285862306776143,O
10565946,1,0.008536852828566088,O
10565946,1,0.011340880476109094,O
2076190208,1,0.0016837591045827383,O
2076190208,1,-0.0007628937303934546,O
2076190208,1,0.0027277704294489946,O
2076190208,1,0.00030185542794186615,O
2076190208,1,0.000452035827939401,O
2142032900,1,-0.002351150847848371,C
2142032900,1,0.0002842576274069142,C
2142032900,1,-0.001300311197349302,C
2142032900,1,-0.0020598657101815743,C
2142032900,1,-0.0016115356661701719,C
2132511834,1,-0.002328888581744404,N
2132511834,1,-0.0016764082794269997,N
2132511834,1,-0.0032797038463218686,N
2132511834,1,-0.00280979429121192,N
2132511834,1,-0.0021096785589472256,N
1312131881,1,0.0008653714521577593,C
1312131881,1,-3.412232411864613e-05,C
1312131881,1,0.00047241435409661747,C
1312131881,1,1.2768014971964448e-05,C
1312131881,1,-0.00027315157601343065,C
2353112200,1,-0.007618811683941462,C
2353112200,1,-0.005234446312359864,C
2353112200,1,-0.0068721715956387985,C
2353112200,1,-0.00492270878718698,C
2353112200,1,-0.0052009628032290145,C
4121755354,1,-0.003664156708596822,C
4121755354,1,-0.0027005957069907716,C
4121755354,1,0.0006905961097505853,C
4121755354,1,-0.005361203941753101,C
4121755354,1,-0.003947341208733246,C
1054767590,1,-0.006125638549957957,C
1054767590,1,-0.0007139600023485237,C
1054767590,1,-0.0009040729498130395,C
1054767590,1,0.0007831997773405375,C
1054767590,1,-0.0051979061408489735,C
3537119515,1,0.0028507796327634782,C
3537119515,1,0.0007397176419438045,C
3537119515,1,0.00023729394167421036,C
3537119515,1,0.00040326955979513857,C
3537119515,1,0.001913118532552216,C
1510461303,1,-0.0012218004455802345,C
1510461303,1,-0.008472908621678099,C
1510461303,1,-0.004487975283174184,C
1510461303,1,-0.004282387578928071,C
1510461303,1,-0.0029484453221361173,C
4216335232,1,-0.0028109332635845585,C
4216335232,1,-0.0017333373998404955,C
4216335232,1,-0.006477368418577434,C
4216335232,1,-0.004348291635460022,C
4216335232,1,-0.007474679705507303,C
3189457552,1,0.002856302017597956,O
3189457552,1,0.00046426388696113596,O
3189457552,1,-0.003979755448625,O
3189457552,1,-0.0031225604455634715,O
3189457552,1,-0.007404415826958111,O
2228063684,1,-0.0009957966009020436,O
2228063684,1,-0.0012427918795405724,O
2228063684,1,-8.902854122450066e-05,O
2228063684,1,-0.0003717018587355292,O
2228063684,1,-0.0004235758753981522,O
3777168895,1,-0.002389928439783917,C
3777168895,1,-0.0031699971534627225,C
3777168895,1,-0.002533043046748007,C
3777168895,1,-0.0021432394640473196,C
3777168895,1,-0.002375717576932279,C
1016841875,1,-0.005467979782527721,Cl
1016841875,1,-0.009749603651016181,Cl
1016841875,1,-0.008615728685998969,Cl
1016841875,1,-0.012824299531416783,Cl
1016841875,1,-0.013260094726494087,Cl
422715066,1,0.0024293342835565723,C
422715066,1,0.006652669455245286,C
422715066,1,0.0031780178026334926,C
422715066,1,0.009476971025841496,C
422715066,1,0.005609024944102647,C
3452535345,1,-0.0021718347649575254,Cl
3452535345,1,-0.011193430812873606,Cl
3452535345,1,-0.0066067349316782376,Cl
3452535345,1,-0.012839751800221788,Cl
3452535345,1,-0.00737844004462368,Cl
1429883190,1,-0.001936207426404657,C
1429883190,1,-0.000459046485026815,C
1429883190,1,-0.0023465312318547427,C
1429883190,1,-0.00039148264572508307,C
1429883190,1,-0.0024755570507691282,C
2763854213,1,-0.004734832813950651,C
2763854213,1,-0.005432748525381115,C
2763854213,1,-0.004730188508372313,C
2763854213,1,-0.00485036483484097,C
2763854213,1,-0.0033650997913002856,C
2424973678,1,0.0003785786508006539,C
2424973678,1,-0.0030299047337318252,C
2424973678,1,-0.004351666176680091,C
2424973678,1,-0.0024930925067718213,C
2424973678,1,-0.00040473137249202873,C
847957139,1,0.00487147617612077,N
847957139,1,0.00572422331742567,N
847957139,1,0.0021948187698072608,N
847957139,1,0.005158771164859632,N
847957139,1,0.011103987636592205,N
1182622762,1,0.0012906412530186429,C
1182622762,1,0.0021851203041239886,C
1182622762,1,-0.0012394533236754213,C
1182622762,1,0.0007891851737347744,C
1182622762,1,0.0009525277592944414,C
1857396528,1,9.604671451168834e-06,C
1857396528,1,-0.0002640975765433873,C
1857396528,1,0.0018966024108847956,C
1857396528,1,0.0011567012650438024,C
1857396528,1,0.0039843016855594104,C
3337745083,1,0.00016126329019638952,F
3337745083,1,-0.00465078996351076,F
3337745083,1,0.0014902301201814017,F
3337745083,1,-0.0010283694144748723,F
3337745083,1,0.0023250167454392234,F
4222851645,1,6.495457180272224e-05,C
4222851645,1,-7.389470828178535e-06,C
4222851645,1,0.00037056343433117256,C
4222851645,1,-0.00013451083008098053,C
4222851645,1,0.00024279280522887525,C
3975275337,1,0.002247812454715725,C
3975275337,1,-0.00028836743298521483,C
3975275337,1,0.002035488030135202,C
3975275337,1,0.0027827692263755477,C
3975275337,1,0.0021268556649006176,C
3692055567,1,-0.0016729299119875307,C
3692055567,1,-0.003938207977283004,C
3692055567,1,-0.00019256943802453685,C
3692055567,1,-0.00070577900107055,C
3692055567,1,-0.0016259231733848911,C
2944555726,1,0.002335547634566837,C
2944555726,1,0.0006565993992128094,C
2944555726,1,0.0011659256425032294,C
2944555726,1,0.0016663692470529345,C
2944555726,1,-0.001502862985153397,C
2245277810,1,-0.0023194544803733508,C
2245277810,1,-0.0034078289548215013,C
2245277810,1,0.0010191889487174977,C
2245277810,1,-0.0005848841875795152,C
2245277810,1,0.00145269550296373,C
3983062349,1,0.0012553551127997276,C
3983062349,1,-0.0024666451985998483,C
3983062349,1,0.002328469032298164,C
3983062349,1,-0.004317192731432495,C
3983062349,1,0.0012550964641543927,C
2246340824,1,-0.0004230646732952259,C
2246340824,1,0.002477743949502287,C
2246340824,1,0.0003486519724238968,C
2246340824,1,0.0030540948480685115,C
2246340824,1,0.003369739927156279,C
2976816164,1,-0.004403283943894831,C
2976816164,1,-0.0055072579984452585,C
2976816164,1,-0.0050174182637173215,C
2976816164,1,-0.0039512253499620065,C
2976816164,1,-0.003021375494815348,C
3776905034,1,-0.0010342536803420455,C
3776905034,1,-0.001431063772711294,C
3776905034,1,-0.0027430198477519374,C
3776905034,1,-0.0008873605402265339,C
3776905034,1,-0.001827414106284786,C
3542456614,1,-0.0031071687635021994,C
3542456614,1,-0.0034240123317555993,C
3542456614,1,-0.0033728356701006046,C
3542456614,1,-0.004705515795593418,C
3542456614,1,-0.0030641394744591044,C
3537123720,1,0.0007847739103344353,C
3537123720,1,0.001470009898637492,C
3537123720,1,-0.00022426775842460112,C
3537123720,1,0.0007862241837893746,C
3537123720,1,-0.0008607013962281806,C
1637836422,1,-0.002287880801169373,C
1637836422,1,-0.002714780318784138,C
1637836422,1,-0.005836975338796235,C
1637836422,1,-0.0027459846038800917,C
1637836422,1,-0.0020245418214754896,C
3162837314,1,0.0013649140887556088,C
3162837314,1,0.003545623221773375,C
3162837314,1,0.0019301397876793636,C
3162837314,1,0.0017408452664732232,C
3162837314,1,0.0025779002524464745,C
3982076256,1,0.004087195045869185,C
3982076256,1,0.0005432926673661909,C
3982076256,1,0.0014707444059657293,C
3982076256,1,0.0013346319944139706,C
3982076256,1,0.002141808677420365,C
1362518133,1,4.658565947146531e-05,N
1362518133,1,2.791511748034825e-06,N
1362518133,1,9.379401425108069e-05,N
1362518133,1,8.645461024281431e-05,N
1362518133,1,-0.00014908543861952284,N
1135286194,1,0.0005297211100830923,C
1135286194,1,-0.001542186883482899,C
1135286194,1,0.00031539611298686543,C
1135286194,1,-0.000877784032899176,C
1135286194,1,0.0011737240774943314,C
1790668568,1,-0.00011630936958223481,N
1790668568,1,-0.0015797365714915745,N
1790668568,1,-5.701242457673006e-05,N
1790668568,1,-0.00263768450322871,N
1790668568,1,-0.0033608532838928507,N
3124581743,1,0.002857842832137969,C
3124581743,1,0.0048233803085969695,C
3124581743,1,0.005853302908660041,C
3124581743,1,0.003629205099144217,C
3124581743,1,0.0020482003468555443,C
2119439498,1,0.001769342870126589,C
2119439498,1,0.002388747949973624,C
2119439498,1,-0.00041199375168965435,C
2119439498,1,0.0015908242130912575,C
2119439498,1,0.004832444758118282,C
1533864325,1,-0.006460875828143475,O
1533864325,1,-0.007638340371555141,O
1533864325,1,-0.004123230760375962,O
1533864325,1,-0.003440079153717579,O
1533864325,1,-0.003500237484694524,O
4278941385,1,-0.006372437405608722,C
4278941385,1,-0.00764273056863185,C
4278941385,1,-0.003342864577519755,C
4278941385,1,-0.0008871786620597844,C
4278941385,1,0.00024002784271537347,C
3918336191,1,0.0006139365821707932,C
3918336191,1,0.001063127819082521,C
3918336191,1,-0.0009085896751994116,C
3918336191,1,1.9032584508971162e-06,C
3918336191,1,0.0004714018452822155,C
2560252747,1,-0.001052784135629814,C
2560252747,1,-0.0002626516156073455,C
2560252747,1,-0.0006724467964590031,C
2560252747,1,-0.0014742449163724358,C
2560252747,1,-4.547716510799882e-05,C
999334238,1,0.0004354056382130933,S
999334238,1,0.00178569902017095,S
999334238,1,0.0006759565641845655,S
999334238,1,-0.00017266492149720092,S
999334238,1,0.0004654722931993205,S
1173125914,1,-0.0029478762955040816,C
1173125914,1,-0.002347420322716731,C
1173125914,1,-0.0022823006174356175,C
1173125914,1,-0.0025492898325923385,C
1173125914,1,-0.003021202764979858,C
2994748777,1,0.008245550401812352,C
2994748777,1,0.007284972726444072,C
2994748777,1,0.005512029857460743,C
2994748777,1,0.005042658259770183,C
2994748777,1,0.005588909877094983,C
3351556771,1,-0.013617102452127161,S
3351556771,1,-0.013209737380141251,S
3351556771,1,-0.004345649164510745,S
3351556771,1,-0.0113485108888422,S
3351556771,1,-0.011145623873776822,S
2509211297,1,-0.0030131296085310066,C
2509211297,1,-0.0014237952816880672,C
2509211297,1,0.0006639781175321602,C
2509211297,1,-0.00021763630378129895,C
2509211297,1,-0.0019242838884817592,C
848128881,1,0.0032516909968811625,N
848128881,1,0.0034863429406244983,N
848128881,1,0.002269945605862689,N
848128881,1,0.0011676020420926525,N
848128881,1,0.0038265467512294538,N
2246703798,1,0.007582095666640587,C
2246703798,1,0.010495540269452208,C
2246703798,1,0.022575337166462373,C
2246703798,1,0.015046618420754776,C
2246703798,1,0.013265210189873977,C
1276993226,1,0.007212753677422912,C
1276993226,1,0.0014759549717807685,C
1276993226,1,0.005604388570823016,C
1276993226,1,0.009036338908308739,C
1276993226,1,0.0045316928264593215,C
2984966880,1,0.0001098998381681704,C
2984966880,1,-0.0012132358889738182,C
2984966880,1,-0.0005291193720853848,C
2984966880,1,-0.0007439468371180369,C
2984966880,1,0.0001151101808629651,C
3315826729,1,-0.0004385235759679085,C
3315826729,1,-5.785242334083174e-05,C
3315826729,1,-0.00019135156570376788,C
3315826729,1,0.0006019458329905025,C
3315826729,1,0.0006041987060700915,C
2115476908,1,0.004071301198335153,O
2115476908,1,0.00024381267518175376,O
2115476908,1,-2.681783301827778e-05,O
2115476908,1,0.0019813093185854225,O
2115476908,1,0.0002248080372477812,O
717512901,1,-0.00021345968800162707,N
717512901,1,0.0010589639080919588,N
717512901,1,0.0009433204500801651,N
717512901,1,0.0008658537123224508,N
717512901,1,-0.00032190109850444015,N
2245900962,1,0.0008679852183239856,C
2245900962,1,0.0016473776731222856,C
2245900962,1,0.0036511663075936007,C
2245900962,1,0.0031043246448624884,C
2245900962,1,0.0028456795105755717,C
3848534832,1,-0.0008032682494987231,C
3848534832,1,-0.007022752200436133,C
3848534832,1,-0.004546132133001535,C
3848534832,1,-0.0014325694110484122,C
3848534832,1,0.0011102472661843055,C
3182824521,1,-0.003794031627516292,C
3182824521,1,-0.004338847660716849,C
3182824521,1,-0.006976177353028856,C
3182824521,1,-0.008808961965413753,C
3182824521,1,-0.00343371842689838,C
26234434,1,-0.006988819687639647,O
26234434,1,-0.0057060131037534045,O
26234434,1,-0.004003478970230068,O
26234434,1,-0.002662080160819924,O
26234434,1,-0.0022067959325964837,O
288315894,1,-0.00015943876051843775,S
288315894,1,-0.0002067765317405046,S
288315894,1,0.0001350511060516646,S
288315894,1,-0.0006348135910814734,S
288315894,1,4.734469802081254e-05,S
2811394787,1,0.0006634824600026401,C
2811394787,1,0.0004348442800096719,C
2811394787,1,0.0016271846048690475,C
2811394787,1,0.0011991318681445762,C
2811394787,1,0.0015438507551121528,C
19852674,1,0.0005924474705739646,C
19852674,1,-0.00035186563115519043,C
19852674,1,0.0010186315543490587,C
19852674,1,-0.0022656575237093857,C
19852674,1,-0.0020458472584900522,C
1861965050,1,-0.0030997754903578922,C
1861965050,1,-0.003169080284963377,C
1861965050,1,-7.351021762114218e-05,C
1861965050,1,-0.001554608158087667,C
1861965050,1,-0.0008408679756471416,C
2423543607,1,-0.0002999994883304269,C
2423543607,1,0.00034002523893839065,C
2423543607,1,0.0003570693701790417,C
2423543607,1,0.00017629196387825008,C
2423543607,1,0.00028297967289780956,C
1257718710,1,0.0020233911736990406,C
1257718710,1,0.0012872716110284288,C
1257718710,1,0.0012549807237957622,C
1257718710,1,0.001389800521535589,C
1257718710,1,0.0015245899562141285,C
2784506312,1,-0.0007706767896214495,C
2784506312,1,-0.0014237891886819676,C
2784506312,1,0.0010610822934336017,C
2784506312,1,-0.003950001878585074,C
2784506312,1,-0.0033637413894661017,C
3818546315,1,0.00046158650254518596,C
3818546315,1,-0.0003805914725992787,C
3818546315,1,0.0007377056834886875,C
3818546315,1,-0.00042666318289308336,C
3818546315,1,-0.0007132808285708614,C
3657471097,1,-0.0006867298474738104,C
3657471097,1,0.0003318255222799493,C
3657471097,1,-0.0006066626161979616,C
3657471097,1,0.0014817016195468047,C
3657471097,1,0.002815698110594733,C
2360741695,1,0.001612388602504733,C
2360741695,1,0.0008298901179799589,C
2360741695,1,-0.00018445368291558628,C
2360741695,1,0.00042543012841628203,C
2360741695,1,0.0006480342479099899,C
551287920,1,3.707468715091755e-05,C
551287920,1,6.292670897373176e-05,C
551287920,1,0.00013887726221489816,C
551287920,1,0.0001888462704698335,C
551287920,1,6.8309214051875955e-06,C
1842898132,1,-0.001824067413281505,C
1842898132,1,-0.0016374009247821508,C
1842898132,1,-0.0011481665744479952,C
1842898132,1,-0.0008240881376281872,C
1842898132,1,-0.00106842857838646,C
2832976762,1,-0.0004838326287751604,C
2832976762,1,-0.0005434550778836145,C
2832976762,1,-0.0007425856456187985,C
2832976762,1,-0.0003517467428040266,C
2832976762,1,-0.0012581590107650364,C
2309124039,1,-0.0024374401984184058,C
2309124039,1,-0.004881582527854478,C
2309124039,1,-0.002161718933998469,C
2309124039,1,-0.003951232830949447,C
2309124039,1,-0.004186657734463417,C
2591432844,1,0.00042221855241292294,N
2591432844,1,-0.0003296646929696889,N
2591432844,1,-1.523033011424646e-05,N
2591432844,1,0.0018312600340925633,N
2591432844,1,-0.0011589314051102528,N
963029399,1,-0.0016715457943148881,N
963029399,1,-0.0002885462131705929,N
963029399,1,-0.0008667633584852896,N
963029399,1,-0.0017161752890452742,N
963029399,1,-0.002747360093868667,N
3884454603,1,-0.0003182407748612559,C
3884454603,1,-0.000213151474104889,C
3884454603,1,-0.00020159163957600423,C
3884454603,1,-6.370155796925348e-05,C
3884454603,1,-6.383119538222459e-05,C
4089138501,1,0.000790842418931792,C
4089138501,1,0.0022763037394513685,C
4089138501,1,0.0004262638444518796,C
4089138501,1,0.0018978046167091867,C
4089138501,1,-0.00013665298502685275,C
932712697,1,-0.0004285548472580669,O
932712697,1,-0.0014288475391774358,O
932712697,1,-0.002056342468057526,O
932712697,1,-0.0006332919760873579,O
932712697,1,-0.00038925947349016665,O
1634606847,1,-0.00010097035633199747,N
1634606847,1,0.003041012998449888,N
1634606847,1,0.0004168482089463854,N
1634606847,1,0.0012037429597985816,N
1634606847,1,0.0017264932139418598,N
3624155,1,0.0006792547610579569,C
3624155,1,4.270706971826188e-05,C
3624155,1,-5.875224934187573e-05,C
3624155,1,-9.054026945670701e-05,C
3624155,1,-0.0007424099395917372,C
161963127,1,0.001274920985698036,C
161963127,1,0.0007991596129343637,C
161963127,1,0.0010646955879768938,C
161963127,1,0.0007244591850760207,C
161963127,1,0.000874147007331294,C
2257970297,1,0.001893991607997969,C
2257970297,1,0.0040189525284893834,C
2257970297,1,0.00188798195054235,C
2257970297,1,0.0009959385125756226,C
2257970297,1,0.0013107900008947349,C
787069595,1,-0.0022300429930184884,C
787069595,1,-0.0009042233563822388,C
787069595,1,-0.001511925108846457,C
787069595,1,0.0005694333752443992,C
787069595,1,-0.002146499415164649,C
517457164,1,-0.0034472518179465284,C
517457164,1,-0.003316823662220858,C
517457164,1,-0.003214774021993272,C
517457164,1,-0.003904222140895197,C
517457164,1,-0.0018360720291137889,C
3207567135,1,0.0028819133615079484,C
3207567135,1,0.0035961968376905795,C
3207567135,1,0.000897196740058559,C
3207567135,1,0.0018100107268614885,C
3207567135,1,0.0009119943003830788,C
435232729,1,-0.001030001175363171,N
435232729,1,-0.0003062343167523629,N
435232729,1,-0.0005237445706552379,N
435232729,1,-0.0002414553513754858,N
435232729,1,-0.0008258700318017898,N
2806018737,1,0.00025355154414946623,C
2806018737,1,0.00019457648851833875,C
2806018737,1,0.0002514568208777379,C
2806018737,1,0.0008810132710817542,C
2806018737,1,0.00019826086047330937,C
4008337421,1,-0.006959362399019453,C
4008337421,1,-0.004011970113588947,C
4008337421,1,-0.0027374966850232663,C
4008337421,1,-0.002098374207046283,C
4008337421,1,-0.006318785259420534,C
3026394695,1,0.0009849231978965034,C
3026394695,1,-0.0036306741066704507,C
3026394695,1,-0.005212498518550213,C
3026394695,1,0.003808034714043007,C
3026394695,1,-0.00018793898994734493,C
2296565457,1,0.0022696141743342446,N
2296565457,1,0.0008968679315932149,N
2296565457,1,0.0024219043039603316,N
2296565457,1,0.0016041288295873812,N
2296565457,1,0.0005993086733491748,N
2089117413,1,-0.0032364051691410323,C
2089117413,1,-0.00501873128758612,C
2089117413,1,-0.0008780248111570077,C
2089117413,1,-0.0019742756721696786,C
2089117413,1,-0.004002373928854441,C
572760528,1,-0.0003640971735471288,C
572760528,1,-0.0014960263888137426,C
572760528,1,-0.001108119510372374,C
572760528,1,-0.0021505805608197925,C
572760528,1,-0.0013752130075058155,C
3002759401,1,-0.0011292108808534373,C
3002759401,1,-0.0014042783809599668,C
3002759401,1,-0.0007731369145451694,C
3002759401,1,-0.0012244204740565756,C
3002759401,1,0.0023208162277721933,C
3118255683,1,0.00025370721092665693,N
3118255683,1,7.485352710823179e-05,N
3118255683,1,0.00022866543771643544,N
3118255683,1,0.0002494096816358371,N
3118255683,1,0.00019463924544976807,N
74537039,1,-0.0002046835670647673,C
74537039,1,-0.0003683702254761445,C
74537039,1,0.00023995326282760798,C
74537039,1,-0.0006853415348032632,C
74537039,1,1.7680514306894768e-05,C
2473389857,1,0.007391599876151567,C
2473389857,1,0.0045327924915716244,C
2473389857,1,0.0020464414218285265,C
2473389857,1,0.001792685113917336,C
2473389857,1,0.004818275142250084,C
899522707,1,-5.1352648782032606e-05,C
899522707,1,-3.7098455612560866e-05,C
899522707,1,-5.519893203392856e-05,C
899522707,1,-4.1013556116908934e-05,C
899522707,1,-1.3045962992397353e-05,C
675765711,1,-8.923961822343562e-05,C
675765711,1,0.00013645811494561455,C
675765711,1,0.0004948739280810632,C
675765711,1,-8.687397966833377e-06,C
675765711,1,0.0003516212567605259,C
1313967653,1,-0.0016328154915221105,C
1313967653,1,0.0009564199407958163,C
1313967653,1,-0.00043920325317570175,C
1313967653,1,0.0005630815635775388,C
1313967653,1,0.0003539948459508335,C
3855312692,1,0.000653355637530495,C
3855312692,1,0.00023313763752769168,C
3855312692,1,0.00015252305463320237,C
3855312692,1,0.0004924130430167817,C
3855312692,1,0.00015240729921889296,C
1083852209,1,-0.0005391861028187783,N
1083852209,1,-0.0005292884076062432,N
1083852209,1,-0.00043037202932888485,N
1083852209,1,-0.0008956771194028601,N
1083852209,1,-0.0012347020702438982,N
2905660137,1,0.0021656023852484885,C
2905660137,1,0.0008986534410699853,C
2905660137,1,0.0013514215464185964,C
2905660137,1,-0.0002431730093405693,C
2905660137,1,0.003253557645850891,C
3579962709,1,-0.0012661122299349459,C
3579962709,1,-0.0015466952464694428,C
3579962709,1,-0.00044021626400420066,C
3579962709,1,-0.0019086436049602917,C
3579962709,1,0.0005018476243726644,C
4041573576,1,-0.005368974043335695,C
4041573576,1,-0.004784384311635637,C
4041573576,1,-0.0030903098030772846,C
4041573576,1,-0.0005471863269667643,C
4041573576,1,9.106307527179114e-05,C
64070612,1,-2.4448720152003833e-05,C
64070612,1,-2.4448720152003833e-05,C
64070612,1,-2.4448720152003833e-05,C
64070612,1,-2.4448720152003833e-05,C
64070612,1,-2.4448720152003833e-05,C
729796064,1,-6.937270867790613e-05,C
729796064,1,-6.630374907817815e-05,C
729796064,1,-4.264438015882943e-05,C
729796064,1,-7.322623280670015e-05,C
729796064,1,-6.658738661652341e-05,C
1070821685,1,0.003001626467894758,C
1070821685,1,0.003325745186958551,C
1070821685,1,0.002456001552000431,C
1070821685,1,0.0033591401383182284,C
1070821685,1,0.004217868309197292,C
3820826669,1,-0.006006165768438154,C
3820826669,1,-0.0017514239821754818,C
3820826669,1,-0.0024425568536255438,C
3820826669,1,0.000697922782123328,C
3820826669,1,-0.001605777888036175,C
2223687999,1,-0.0005030141296514801,C
2223687999,1,-0.0004475406054621489,C
2223687999,1,-0.0007435090070495032,C
2223687999,1,-0.0010175944963423667,C
2223687999,1,-0.00033756783126298595,C
2435680164,1,0.0001285482304911878,N
2435680164,1,-0.00013274608558466738,N
2435680164,1,-0.00017751852026498538,N
2435680164,1,0.0001053926710873343,N
2435680164,1,0.0004954085510652795,N
600629739,1,0.002671548322859818,N
600629739,1,0.0002572726181138685,N
600629739,1,0.0035924507264211702,N
600629739,1,0.0034279173571168386,N
600629739,1,0.0012116895730349686,N
2370996728,1,0.0007538543963140909,C
2370996728,1,0.0009375592975638392,C
2370996728,1,0.0009117633423216809,C
2370996728,1,0.0008917638177714515,C
2370996728,1,0.0017684278251356433,C
266675433,1,0.0010078083677205751,O
266675433,1,0.0015004094263273982,O
266675433,1,-0.0006311466685643419,O
266675433,1,-0.000491286617229969,O
266675433,1,0.0012675423655857943,O
2720313463,1,0.0003430256471764759,C
2720313463,1,-0.00023321930982117545,C
2720313463,1,-0.00018461389628815494,C
2720313463,1,-0.00031258967016950523,C
2720313463,1,-0.00020431156143102536,C
847433064,1,0.00019966318076669598,N
847433064,1,0.00025589625531979854,N
847433064,1,0.0002935490294880827,N
847433064,1,0.00012242668401013512,N
847433064,1,-0.0004018352913703893,N
2551483158,1,2.4172032741465177e-05,N
2551483158,1,-0.0001554590149638324,N
2551483158,1,0.000250140680298383,N
2551483158,1,-7.066364947905246e-05,N
2551483158,1,-0.00011288924529723188,N
3933537673,1,-0.002190026280310675,C
3933537673,1,-0.0008032344329497731,C
3933537673,1,-0.0006181212175463413,C
3933537673,1,-0.0002524290634468018,C
3933537673,1,-0.0012014634277249248,C
3458774156,1,-0.0012388755896845516,N
3458774156,1,-0.000885160329727297,N
3458774156,1,-0.0016199683710336754,N
3458774156,1,-0.0007302243277585441,N
3458774156,1,-0.00042423942929292746,N
642367021,1,-0.0014446417475649231,C
642367021,1,-0.003621316140781483,C
642367021,1,-0.0015308023624511224,C
642367021,1,-0.0018749702583601424,C
642367021,1,-0.0007593598785335387,C
847336149,1,-0.004811619427667446,N
847336149,1,0.00018793196903404974,N
847336149,1,0.0010032459329791243,N
847336149,1,-0.0037523056326143056,N
847336149,1,0.0007180076805223257,N
3182177290,1,-0.00013589388851314999,C
3182177290,1,-3.5329455509935936e-05,C
3182177290,1,-0.00015244053255891732,C
3182177290,1,-0.0001422407529225178,C
3182177290,1,-0.00011083986921650579,C
1167322652,1,-0.0015076875979822546,C
1167322652,1,-0.0023003246842515646,C
1167322652,1,0.0006927949682246637,C
1167322652,1,-0.002973331736057294,C
1167322652,1,-0.0024357624470450756,C
3796841743,1,-0.0016832690159888641,C
3796841743,1,-0.0009394801539447384,C
3796841743,1,-0.00014749728745350188,C
3796841743,1,-0.0024419146731746166,C
3796841743,1,-0.002456614804022872,C
1730555933,1,0.001233709205384459,C
1730555933,1,0.0007794999312317752,C
1730555933,1,0.0012414968726303655,C
1730555933,1,5.121700510091198e-06,C
1730555933,1,0.0006660885041132603,C
1583799011,1,-2.152496009977245e-05,C
1583799011,1,0.0007324940902277977,C
1583799011,1,-0.0005406316275285983,C
1583799011,1,-0.001085082514790281,C
1583799011,1,0.0005241384712869057,C
3908647167,1,0.001231576422806746,C
3908647167,1,0.0015625763464081621,C
3908647167,1,0.0010892381956632557,C
3908647167,1,0.0015765201549955976,C
3908647167,1,0.0010836423673882822,C
271903915,1,0.003003590636149356,N
271903915,1,0.00089426447081703,N
271903915,1,0.0036010664813097004,N
271903915,1,3.9904573214344374e-05,N
271903915,1,0.007034973422492374,N
2447826885,1,-0.000210103037275311,C
2447826885,1,-2.4631567507205077e-05,C
2447826885,1,-0.0008525870098067823,C
2447826885,1,-0.0002911670200992922,C
2447826885,1,-0.0004892292198763193,C
1791271074,1,-0.01085213033255139,S
1791271074,1,-0.011258309627085128,S
1791271074,1,-0.00884844605521623,S
1791271074,1,-0.01016115613534807,S
1791271074,1,-0.012190167928919748,S
3976623167,1,-0.0014565898142189226,C
3976623167,1,-0.0014804770707120274,C
3976623167,1,-0.0006023801744193258,C
3976623167,1,-0.00020254966676269692,C
3976623167,1,0.001870427527803309,C
966311396,1,0.001604245558862627,C
966311396,1,0.0013319172434777538,C
966311396,1,0.00011488210518578734,C
966311396,1,0.002031503906872567,C
966311396,1,0.0010343394670115358,C
1323467736,1,-0.0025938677311312386,C
1323467736,1,-0.000588710265183201,C
1323467736,1,0.00021465663409814262,C
1323467736,1,-0.005654374581367805,C
1323467736,1,-0.003230474394144034,C
411967733,1,0.0005125978847927426,C
411967733,1,0.00030204150349982806,C
411967733,1,-0.00019349934625706444,C
411967733,1,-0.0006119939999237878,C
411967733,1,2.910752014101403e-05,C
3545365497,1,0.0021315805489581785,C
3545365497,1,0.0010404526050005747,C
3545365497,1,0.0008329885803636805,C
3545365497,1,-0.0008365323980816797,C
3545365497,1,0.006354498372888651,C
3796359118,1,0.00037780772556123,C
3796359118,1,0.0007031816773599986,C
3796359118,1,0.00041649071925675685,C
3796359118,1,-0.0004904178847833784,C
3796359118,1,-1.3846860188182486e-05,C
36538691,1,-0.0027953390457380323,C
36538691,1,-0.0022516014781119864,C
36538691,1,-0.0025980893907853186,C
36538691,1,2.8725013631880625e-05,C
36538691,1,-0.0016598921183780813,C
2649902721,1,-0.0010401785205079728,C
2649902721,1,0.00020382683161795923,C
2649902721,1,0.00043506323781505873,C
2649902721,1,8.348667493551787e-06,C
2649902721,1,-0.00010875276412208867,C
994237755,1,-0.0003219169577524661,C
994237755,1,-0.0005598220498127526,C
994237755,1,-0.000866675081453383,C
994237755,1,0.00035098317415366287,C
994237755,1,-0.000518923840299168,C
1961848637,1,-0.0007015894249510213,C
1961848637,1,-0.0013464585266501627,C
1961848637,1,-0.0003251847982619349,C
1961848637,1,-0.001363309767588805,C
1961848637,1,-0.0013021915988187804,C
3004333805,1,-0.0002788401924381234,C
3004333805,1,0.00024945855218561075,C
3004333805,1,8.538003839847486e-05,C
3004333805,1,0.00034043310192755083,C
3004333805,1,0.00013941036581627264,C
4033380444,1,-0.00035652864735108425,C
4033380444,1,-0.0007376263498991009,C
4033380444,1,-0.0010052551713310431,C
4033380444,1,-0.00029889980428532414,C
4033380444,1,0.0005173229897696974,C
619920801,1,-0.0007385915982655589,C
619920801,1,-3.01839733139464e-05,C
619920801,1,-0.0009614620714303856,C
619920801,1,-7.825534262545508e-05,C
619920801,1,-0.0016105121493290575,C
3334525955,1,-0.001518688581803429,C
3334525955,1,-0.0011936420143473514,C
3334525955,1,-0.0005818723052973263,C
3334525955,1,-0.0009673689089098603,C
3334525955,1,-0.0012801361991128801,C
3994088662,1,0.0002097526894226931,C
3994088662,1,-0.0015583234292960713,C
3994088662,1,-0.001833613307981874,C
3994088662,1,-0.000798422228445006,C
3994088662,1,-0.0013108952471226898,C
3596485316,1,0.0010949856725421259,C
3596485316,1,0.0008371825244629094,C
3596485316,1,0.0003665238272589355,C
3596485316,1,0.0033477252078867314,C
3596485316,1,0.0020522029254684826,C
171200514,1,-0.0006983241460487011,C
171200514,1,-0.001525307313303581,C
171200514,1,-0.001407480449640841,C
171200514,1,-2.2076131221238082e-05,C
171200514,1,-0.001978360396637735,C
970433791,1,-0.0034684825167136113,C
970433791,1,-0.0037946978818352295,C
970433791,1,-0.004178645337828579,C
970433791,1,-0.005829975731940162,C
970433791,1,-0.0037662498907269915,C
685125387,1,-1.692206130160523e-05,C
685125387,1,-0.0004949538963462952,C
685125387,1,1.0249595435107839e-05,C
685125387,1,-1.1272535197504041e-05,C
685125387,1,-2.4448720152003833e-05,C
2835079913,1,0.0006427201139053706,C
2835079913,1,-0.0002513575144300062,C
2835079913,1,0.0004919339761733088,C
2835079913,1,5.440690261243608e-05,C
2835079913,1,0.0011940898602294525,C
1352399629,1,9.017714146986044e-05,O
1352399629,1,-0.0003692104422718945,O
1352399629,1,-0.0008243395441217549,O
1352399629,1,-0.0007187277222797661,O
1352399629,1,0.0004225834216007307,O
416356657,1,5.743266290697546e-05,C
416356657,1,-0.00019029689500699165,C
416356657,1,-0.00035361224764896004,C
416356657,1,0.00043979228756396704,C
416356657,1,0.000364026785549032,C
1535166686,1,-0.0002654882274342185,O
1535166686,1,-0.0030019273512857936,O
1535166686,1,-0.0017072923159325293,O
1535166686,1,-0.002788741694009389,O
1535166686,1,-0.0012849956990342304,O
589930590,1,0.0005802557824838295,C
589930590,1,-0.0009089743062508648,C
589930590,1,-0.000409190145890137,C
589930590,1,0.00034549174182763043,C
589930590,1,5.943987186440847e-05,C
2463614838,1,-0.0051654455543618805,C
2463614838,1,-0.002694610792412122,C
2463614838,1,-0.003911565248520654,C
2463614838,1,-0.003239249322274429,C
2463614838,1,-0.0034205104462559643,C
1871221615,1,0.00026754658123900876,C
1871221615,1,0.00020787046031728318,C
1871221615,1,0.00028142923881130377,C
1871221615,1,9.523905963593204e-06,C
1871221615,1,5.319669398229365e-05,C
3482873808,1,0.0006523270705115491,C
3482873808,1,-0.0001647870569646548,C
3482873808,1,-6.524252400097463e-05,C
3482873808,1,-0.00010935929171551617,C
3482873808,1,-0.0005827900444873579,C
553412256,1,0.0007590573439629766,C
553412256,1,0.00016577376573556624,C
553412256,1,0.0005508473371553801,C
553412256,1,-0.000599373174936968,C
553412256,1,-0.0001434632939414926,C
135980867,1,-0.00014080213388151241,C
135980867,1,-2.4448720152003833e-05,C
135980867,1,-6.970293209263012e-05,C
135980867,1,-9.764734063760772e-05,C
135980867,1,-5.450997906203403e-05,C
1445852595,1,-2.9669313594549163e-05,C
1445852595,1,0.0002165143443771389,C
1445852595,1,4.5374430716838e-05,C
1445852595,1,8.342530827631922e-05,C
1445852595,1,-0.0003240346088236312,C
2434373675,1,0.0007563737948740323,N
2434373675,1,0.002014130200754194,N
2434373675,1,0.0008949563746035727,N
2434373675,1,0.0008967045252184502,N
2434373675,1,0.00023174873371895055,N
2939120473,1,-7.884405025726515e-05,C
2939120473,1,-3.187906644441796e-05,C
2939120473,1,7.352825283091224e-05,C
2939120473,1,-0.00011866452669878624,C
2939120473,1,-0.00013595753398748522,C
3203709451,1,0.0007960739377062542,O
3203709451,1,0.0006268083210000941,O
3203709451,1,0.00010216410062929837,O
3203709451,1,0.00012190056328970078,O
3203709451,1,-4.650026638536309e-05,O
368531313,1,8.202199482054695e-05,C
368531313,1,3.9494670314277336e-05,C
368531313,1,-0.0001914655336662796,C
368531313,1,-0.00038171792729380094,C
368531313,1,-0.0001016636537128357,C
3176806076,1,0.0008914649876823888,C
3176806076,1,0.0005325330268105,C
3176806076,1,-5.217179885019796e-05,C
3176806076,1,-0.0005055928495340534,C
3176806076,1,0.0006639329853390663,C
2614860224,1,-0.0014766241973410144,C
2614860224,1,0.0012029295596774903,C
2614860224,1,-0.0009954407091157247,C
2614860224,1,-0.0008825326367062347,C
2614860224,1,-0.0007628607296665257,C
2297887526,1,-0.0004822190301889129,N
2297887526,1,-0.0005326528192943769,N
2297887526,1,-0.0007130297487275561,N
2297887526,1,-0.00010443087552913788,N
2297887526,1,5.904802648060148e-06,N
623728226,1,-0.003830387532632318,C
623728226,1,-0.0017871653804651388,C
623728226,1,-0.005454816245450467,C
623728226,1,0.0009047842040157961,C
623728226,1,-0.002878455947148695,C
603510687,1,-0.0013960628612760817,C
603510687,1,0.0011102100883090271,C
603510687,1,-0.0011746765517269275,C
603510687,1,0.0006225650400849547,C
603510687,1,-0.001295113961452099,C
725322217,1,-0.0012453803549664078,C
725322217,1,0.0004643385117050758,C
725322217,1,-0.0003478181590911844,C
725322217,1,0.0023264738131468787,C
725322217,1,-0.001279949354874299,C
434423882,1,-6.888157289208774e-05,C
434423882,1,1.0753507757033098e-05,C
434423882,1,0.0005309087803447299,C
434423882,1,-0.0002329266578188216,C
434423882,1,-0.0008177569630044568,C
548743766,1,0.0006258988267554555,C
548743766,1,0.0009602029013878188,C
548743766,1,0.0006974158446254042,C
548743766,1,0.0002285708612785875,C
548743766,1,0.0003041159169369645,C
1399127774,1,-0.0006131858080870023,C
1399127774,1,-0.000742180150562044,C
1399127774,1,0.00010485965139200859,C
1399127774,1,-0.001077829524964935,C
1399127774,1,-0.0011774268516530628,C
2629723425,1,-0.0022498741032427882,C
2629723425,1,0.002215616207986104,C
2629723425,1,-0.0033071980949138102,C
2629723425,1,0.001818986057262939,C
2629723425,1,-0.0011594672302209785,C
1542633699,1,0.0006345559842049764,O
1542633699,1,0.0006158564078819762,O
1542633699,1,-0.0003675479653139635,O
1542633699,1,-0.0001797713885269281,O
1542633699,1,-0.0002911228991065995,O
1824088295,1,0.004400442001062044,C
1824088295,1,0.002959570234809694,C
1824088295,1,0.003629127049752323,C
1824088295,1,0.0042521451392358856,C
1824088295,1,0.003422583860354267,C
1078211001,1,-0.0014341635095050376,O
1078211001,1,-0.001503710399544611,O
1078211001,1,0.000830319032308735,O
1078211001,1,-0.0010331309597919058,O
1078211001,1,-0.0007410195329748959,O
579286581,1,-0.0005842514632939388,C
579286581,1,-0.00022996026536836744,C
579286581,1,-0.00012832683649549592,C
579286581,1,-0.00031529072110098033,C
579286581,1,-0.000466318008992217,C
476060908,1,1.530353356965497e-05,C
476060908,1,0.0009013272092339708,C
476060908,1,-0.00030838074086042555,C
476060908,1,0.00010053346389554685,C
476060908,1,0.0007166586942428665,C
2154935424,1,-0.0012665949444228275,O
2154935424,1,0.00013436221118784397,O
2154935424,1,-0.004344283977564201,O
2154935424,1,-0.0014208227150343533,O
2154935424,1,-0.002869128069175386,O
4256524850,1,-0.00095177298060517,C
4256524850,1,-0.00048177836036189525,C
4256524850,1,0.0008777470283559685,C
4256524850,1,0.0005620456643222194,C
4256524850,1,0.0002454191973454978,C
3980805843,1,0.0012595154290731547,C
3980805843,1,0.003303078416631744,C
3980805843,1,0.0034259784753421507,C
3980805843,1,0.004932017949275502,C
3980805843,1,0.005629832432565984,C
3594646603,1,0.0001188242136427875,C
3594646603,1,8.30410067386711e-05,C
3594646603,1,-0.00010396612402008287,C
3594646603,1,-0.00015295893062899912,C
3594646603,1,0.00019170898644488288,C
4036277955,1,0.0001693898946898975,C
4036277955,1,0.0004545386706777954,C
4036277955,1,0.0008696475490147515,C
4036277955,1,4.92489657976658e-05,C
4036277955,1,9.506536110537311e-05,C
3554022385,1,8.851592393732677e-05,C
3554022385,1,0.00018185643179124966,C
3554022385,1,7.032221992103738e-05,C
3554022385,1,-8.88079878865744e-05,C
3554022385,1,0.0002688385624138312,C
571978829,1,-0.001217648552446715,C
571978829,1,-0.0023395551518684,C
571978829,1,-0.001438210646522886,C
571978829,1,-0.001233147789057032,C
571978829,1,-0.0008020884428646124,C
4011293459,1,9.17502059323283e-05,C
4011293459,1,0.00020302876968381067,C
4011293459,1,0.000389649298428385,C
4011293459,1,4.6789888801579416e-05,C
4011293459,1,4.6789888801579416e-05,C
1378530689,1,-4.956109680598342e-06,C
1378530689,1,-9.71217307815797e-06,C
1378530689,1,-2.2641803082534828e-05,C
1378530689,1,-2.8794396667308764e-05,C
1378530689,1,-6.228392803397931e-06,C
1858577693,1,3.15182709220152e-05,C
1858577693,1,-0.0005343346876732769,C
1858577693,1,0.0019307860918074682,C
1858577693,1,0.00034622231516306945,C
1858577693,1,0.0006447104155057337,C
3120642300,1,0.0007762191280467068,C
3120642300,1,0.0007576393271020443,C
3120642300,1,0.0015335060529430566,C
3120642300,1,0.0013434320543825873,C
3120642300,1,0.0013642169970781715,C
2594220197,1,0.001798943793090313,C
2594220197,1,0.00018673728000084822,C
2594220197,1,0.0024478180404143846,C
2594220197,1,9.362499446219363e-06,C
2594220197,1,0.0010527326934285375,C
1693331843,1,0.00021432047458286307,N
1693331843,1,0.0007053834784417901,N
1693331843,1,-0.002751958298180368,N
1693331843,1,-0.000694142453512514,N
1693331843,1,0.0023023380530503568,N
1868602760,1,-0.0007630079542841339,N
1868602760,1,-0.0002766128525527045,N
1868602760,1,-0.00030670043924324597,N
1868602760,1,-0.0008775687696286338,N
1868602760,1,5.692991387490354e-05,N
1842114921,1,0.0008580619474896078,C
1842114921,1,0.0006753641672774258,C
1842114921,1,0.0010554458587576643,C
1842114921,1,0.0006827690915097717,C
1842114921,1,0.0005014868030698838,C
2021812431,1,-0.0007737320250879587,N
2021812431,1,-0.0005573229618623388,N
2021812431,1,-0.0006388771904057289,N
2021812431,1,-0.000969529548593695,N
2021812431,1,0.00033984045290758047,N
4197146180,1,0.0009503406525466218,O
4197146180,1,0.0020930135260526783,O
4197146180,1,0.007520999447155674,O
4197146180,1,0.0025408230081907512,O
4197146180,1,0.0037037967455889054,O
3121777292,1,6.621272037926618e-05,N
3121777292,1,-5.2130881241507776e-05,N
3121777292,1,-2.621712447042901e-05,N
3121777292,1,4.6284559584330864e-05,N
3121777292,1,-4.1086391530775757e-05,N
2752034647,1,-0.00010168749418004719,C
2752034647,1,-2.7703654221222784e-06,C
2752034647,1,-5.70301033475662e-05,C
2752034647,1,-3.3223027394169158e-06,C
2752034647,1,4.738333933440586e-06,C
3614376044,1,2.383849517628711e-05,C
3614376044,1,-0.0002684620804302429,C
3614376044,1,-0.00031489693228720084,C
3614376044,1,-0.00019830635417533715,C
3614376044,1,-0.00016352997768315225,C
3266129148,1,5.373639441325073e-05,S
3266129148,1,0.00018016832445094666,S
3266129148,1,0.00014465819477399444,S
3266129148,1,0.00013378382260437194,S
3266129148,1,7.237378150437568e-05,S
3346539298,1,-0.0003866728737673131,N
3346539298,1,-0.002888850765740858,N
3346539298,1,-0.0015630335818694885,N
3346539298,1,0.0003495634157566485,N
3346539298,1,-0.005076406917950249,N
2513428378,1,8.76105408731398e-05,C
2513428378,1,0.00015955569831671568,C
2513428378,1,0.00036605482515017496,C
2513428378,1,0.0004723387462474693,C
2513428378,1,0.00025588921365404804,C
2827868305,1,-0.00445220833006571,C
2827868305,1,-0.0014623495328872638,C
2827868305,1,-0.0018932695433508395,C
2827868305,1,-0.0029289010836708873,C
2827868305,1,0.0017416773997021018,C
1153219603,1,-0.0022298096108019916,C
1153219603,1,-0.0022888221749446935,C
1153219603,1,-0.002037165723055956,C
1153219603,1,0.0007259785731627555,C
1153219603,1,-0.0016073776130703932,C
516041383,1,-0.00025220692957617086,C
516041383,1,-0.00010318511603102376,C
516041383,1,0.00012723327670716156,C
516041383,1,-0.0012914163373956011,C
516041383,1,0.00013878223818369895,C
312306367,1,-0.0006541283462015435,C
312306367,1,-0.0013765537120583038,C
312306367,1,-0.00013527951870612176,C
312306367,1,-0.001466081251860707,C
312306367,1,-0.0013973438724262377,C
3925172229,1,0.001597937391550286,C
3925172229,1,0.0021282639502960277,C
3925172229,1,0.001013353528839911,C
3925172229,1,0.0007669343796047889,C
3925172229,1,0.0019484513524142266,C
118059098,1,0.0016683307300511263,C
118059098,1,0.0010347749716806964,C
118059098,1,0.001237217817132763,C
118059098,1,-0.0009948533422519668,C
118059098,1,-0.0010103649636536427,C
3981762496,1,-0.00031438325665378297,C
3981762496,1,-0.00029008995698348583,C
3981762496,1,-0.0006557697582607047,C
3981762496,1,-0.00016000977474345257,C
3981762496,1,-4.0182205232663915e-05,C
2122981102,1,0.0,N
2122981102,1,0.0,N
2122981102,1,0.0,N
2122981102,1,0.0,N
2122981102,1,0.0,N
1506563592,1,-0.00018117478509743767,C
1506563592,1,-0.0005585714307520528,C
1506563592,1,-0.0005180612417857722,C
1506563592,1,-0.0005787037201163137,C
1506563592,1,-7.80743160951336e-05,C
2604440622,1,-0.0012070127166756706,C
2604440622,1,0.0014198993525505466,C
2604440622,1,-0.002037073090147723,C
2604440622,1,-0.002953192696115603,C
2604440622,1,-0.0013710820734505469,C
1717044408,1,-0.00039671051935435964,C
1717044408,1,-0.00029472508370431694,C
1717044408,1,-5.539258190223606e-05,C
1717044408,1,3.183885888868865e-05,C
1717044408,1,-0.00010798571864745199,C
2646219661,1,0.0008364703779558114,C
2646219661,1,-0.00042567894466782885,C
2646219661,1,-0.0005949195864344281,C
2646219661,1,-0.0005300901954655157,C
2646219661,1,0.00026972155722360114,C
128522177,1,-0.0023865165222317075,C
128522177,1,-0.001995092338540616,C
128522177,1,-0.00130342588854232,C
128522177,1,-0.001716445779167075,C
128522177,1,-0.0021847835588136855,C
2459741777,1,-7.618714048712727e-05,O
2459741777,1,0.00040028913062756244,O
2459741777,1,0.00037677342800918057,O
2459741777,1,0.0005120981084418275,O
2459741777,1,6.862609522861884e-05,O
3612926680,1,0.0007562808579408831,Br
3612926680,1,0.0033033098857034315,Br
3612926680,1,0.002195274122930413,Br
3612926680,1,0.004694551666662383,Br
3612926680,1,-0.00031242878612497416,Br
1792562719,1,-0.0002207222045615409,S
1792562719,1,1.4035688028213311e-05,S
1792562719,1,-9.27169508622705e-05,S
1792562719,1,-0.0004308053610280749,S
1792562719,1,-0.001049536284188246,S
868576692,1,0.0,C
868576692,1,0.0,C
868576692,1,0.0,C
868576692,1,0.0,C
868576692,1,0.0,C
1999904870,1,0.0005758975521489851,C
1999904870,1,0.0008656995460374906,C
1999904870,1,0.0009507112509503091,C
1999904870,1,0.0009685047588959272,C
1999904870,1,0.0009427361328179784,C
3532053313,1,5.358932417359741e-05,S
3532053313,1,-0.00026717951438054444,S
3532053313,1,-0.00019121299800062275,S
3532053313,1,-0.0003070334535044128,S
3532053313,1,-1.5905262254534147e-05,S
592593828,1,0.00018767607921804652,C
592593828,1,-0.00013821232216681967,C
592593828,1,0.00019422122700379907,C
592593828,1,0.0003392208920517392,C
592593828,1,0.00038021948618605084,C
3632350815,1,0.0054356566392616545,Br
3632350815,1,0.001263015547807167,Br
3632350815,1,0.0026793258581866986,Br
3632350815,1,0.0032470687151404665,Br
3632350815,1,0.0021450020618206667,Br
3025629386,1,-9.183778158894373e-06,C
3025629386,1,-0.0009517388687847461,C
3025629386,1,-0.000785290909876335,C
3025629386,1,-0.0012072491433449128,C
3025629386,1,0.0016165657945965695,C
3594696610,1,-1.8635265027211467e-05,C
3594696610,1,8.101070323596193e-05,C
3594696610,1,-7.616672974769534e-05,C
3594696610,1,-0.00020071498884016714,C
3594696610,1,-2.799328758201769e-05,C
2212573984,1,0.0,S
2212573984,1,0.0,S
2212573984,1,0.0,S
2212573984,1,0.0,S
2212573984,1,0.0,S
3157481675,1,0.0014458046262393887,C
3157481675,1,0.0010340848210346198,C
3157481675,1,0.00044638926970086423,C
3157481675,1,-0.001325415572575428,C
3157481675,1,-0.0006090348716682459,C
669222828,1,-0.0003906073187288084,C
669222828,1,-0.00021212709102808036,C
669222828,1,-8.249208872168623e-05,C
669222828,1,-0.000307439347837557,C
669222828,1,0.00014902017082113472,C
1856075173,1,2.617592840231664e-05,C
1856075173,1,0.00015754408579737866,C
1856075173,1,-1.9903849426461395e-05,C
1856075173,1,1.5601947873478128e-05,C
1856075173,1,0.00013804363021913124,C
618671879,1,0.00015674795977349554,C
618671879,1,2.8147359569741237e-05,C
618671879,1,-0.00018592269200001788,C
618671879,1,-9.841166375962329e-05,C
618671879,1,6.392527293619388e-07,C
714893496,1,-2.4131310330355316e-05,C
714893496,1,0.00039550413473182777,C
714893496,1,-0.00012034336654415112,C
714893496,1,-0.00036759093071886406,C
714893496,1,-0.00025529600675361364,C
1685248591,1,-0.0003566360976167693,C
1685248591,1,-0.0009192007295555915,C
1685248591,1,-0.00028648094462974116,C
1685248591,1,-0.00044884436365172364,C
1685248591,1,-0.0010260892987513648,C
2931695851,1,0.0022243087742380707,C
2931695851,1,0.0010676760797131979,C
2931695851,1,0.0034657505593883586,C
2931695851,1,0.0007125621934473414,C
2931695851,1,0.0019685246727084715,C
2222715027,1,-0.006707495355203152,O
2222715027,1,-0.0036740398559899634,O
2222715027,1,-0.004808342332763116,O
2222715027,1,-0.001657268622965502,O
2222715027,1,-0.0032558984139453018,O
1026928756,1,-0.002136158901561269,S
1026928756,1,-0.0001905716318898465,S
1026928756,1,-0.0008056071662800868,S
1026928756,1,-0.0007711450652436724,S
1026928756,1,-0.00034525245607081034,S
458993620,1,-0.0005302664761055453,N
458993620,1,-0.0005437883769001117,N
458993620,1,-0.0005483255741393633,N
458993620,1,-0.00014954620188761814,N
458993620,1,-0.0007434379845170924,N
1549284008,1,-0.002476726520164896,C
1549284008,1,-0.001464700056408863,C
1549284008,1,-0.005094437629697357,C
1549284008,1,-0.004828919270971455,C
1549284008,1,-0.006639371495605673,C
3510196525,1,-8.4623823966401e-05,N
3510196525,1,-0.0001205708056973287,N
3510196525,1,-0.00011503761974690496,N
3510196525,1,-7.625917185649644e-05,N
3510196525,1,-0.00012659197321529536,N
909362583,1,-0.0001318563217302393,C
909362583,1,-0.0003329084044050856,C
909362583,1,-0.0005093893133591432,C
909362583,1,-0.000620767799070221,C
909362583,1,-6.179526063382346e-05,C
2556855854,1,-0.0007104905860227384,C
2556855854,1,-0.00010840824199725985,C
2556855854,1,0.00020460620621681747,C
2556855854,1,0.0008439116834275118,C
2556855854,1,-0.0005662576520830132,C
3888780669,1,-0.0016126022527968575,O
3888780669,1,-0.0007434089211191819,O
3888780669,1,1.5175362294950201e-05,O
3888780669,1,-0.0031798026010970704,O
3888780669,1,-0.0007126119988958846,O
2448572767,1,-2.4448720152003833e-05,C
2448572767,1,-1.1272535197504041e-05,C
2448572767,1,-1.1272535197504041e-05,C
2448572767,1,-2.4448720152003833e-05,C
2448572767,1,9.645967999905025e-06,C
932692620,1,0.0,C
932692620,1,0.0,C
932692620,1,0.0,C
932692620,1,0.0,C
932692620,1,0.0,C
92620239,1,-0.0007006787974621065,C
92620239,1,-0.0013327122718058138,C
92620239,1,-0.0011744631004749206,C
92620239,1,-0.0021840157391242454,C
92620239,1,-0.0014096061585078812,C
443932914,1,4.427031428438921e-05,N
443932914,1,3.996892586061174e-05,N
443932914,1,7.172204617833522e-05,N
443932914,1,6.0230707867536815e-05,N
443932914,1,7.299380190872728e-05,N
586636525,1,-0.0007088859316449203,C
586636525,1,-0.0007094026592306402,C
586636525,1,-0.0012031719053580692,C
586636525,1,-0.0010432868445540144,C
586636525,1,-0.0009049229934778302,C
3462479532,1,-0.0033848331506464713,C
3462479532,1,-0.002687718812860951,C
3462479532,1,-0.0030925307914617117,C
3462479532,1,-0.0032999130109295227,C
3462479532,1,-0.003403157912168109,C
2222621677,1,0.0008070434864718701,O
2222621677,1,0.0002991167904151104,O
2222621677,1,7.43185741397534e-05,O
2222621677,1,0.0007670985009766706,O
2222621677,1,0.0008443497676796641,O
328936174,1,0.00060468088253679,C
328936174,1,0.0006272364327161717,C
328936174,1,0.0006090829233759698,C
328936174,1,0.0007422287215066992,C
328936174,1,0.0004229361065438142,C
2154777022,1,4.7822202272229664e-05,C
2154777022,1,-2.839518689129461e-05,C
2154777022,1,-3.508380816330536e-05,C
2154777022,1,7.801413750524455e-05,C
2154777022,1,0.00013930932732114654,C
3992410619,1,0.0009049036069936345,C
3992410619,1,0.0004291575589074337,C
3992410619,1,0.0031500472254353262,C
3992410619,1,0.0009027027225275153,C
3992410619,1,0.0009764752654967679,C
3750444818,1,-0.0013816107499451946,C
3750444818,1,-0.001062719477964269,C
3750444818,1,-0.0024127419364479152,C
3750444818,1,-0.002034776446185993,C
3750444818,1,-0.0008753321301177008,C
2975126068,1,0.0004766169700854972,N
2975126068,1,7.071436818778531e-05,N
2975126068,1,0.00012047711774954006,N
2975126068,1,0.0007946360623955484,N
2975126068,1,0.0009912260947951834,N
2477914203,1,0.0,N
2477914203,1,-2.3152983901708613e-05,N
2477914203,1,-2.4448720152003833e-05,N
2477914203,1,-2.1850362887543273e-05,N
2477914203,1,-2.4448720152003833e-05,N
353395765,1,0.0005046448793507019,C
353395765,1,-0.0003321334796597686,C
353395765,1,0.0001705747513756628,C
353395765,1,-0.00030540774943854654,C
353395765,1,-0.0005181666058080014,C
69470421,1,-2.7053020008049877e-05,C
69470421,1,-2.4448720152003833e-05,C
69470421,1,-2.4448720152003833e-05,C
69470421,1,-2.4448720152003833e-05,C
69470421,1,-2.4448720152003833e-05,C
540046244,1,0.00034916659567835184,C
540046244,1,0.0011219798109332602,C
540046244,1,0.0010596373643069201,C
540046244,1,0.0002532239410619197,C
540046244,1,-0.001034411003425606,C
4261830945,1,0.00032268439852678465,C
4261830945,1,0.00037596056529970445,C
4261830945,1,-0.0005501601177623217,C
4261830945,1,0.0001785426016856495,C
4261830945,1,0.00016055222057292928,C
3904721945,1,0.004251566735917034,C
3904721945,1,0.0026893495575775472,C
3904721945,1,0.0028007165248752353,C
3904721945,1,0.003491320482128024,C
3904721945,1,0.0026235914527334425,C
4055698890,1,0.002037240811340435,N
4055698890,1,0.0012537969645872726,N
4055698890,1,-0.0005959733897589192,N
4055698890,1,0.0017079892760147874,N
4055698890,1,0.000302098327124356,N
1738265797,1,0.0,C
1738265797,1,0.0,C
1738265797,1,0.0,C
1738265797,1,0.0,C
1738265797,1,0.0,C
2014543234,1,0.0005920760702784467,C
2014543234,1,0.0007214050774806413,C
2014543234,1,0.00047052671679981284,C
2014543234,1,0.0010809295366864258,C
2014543234,1,0.000642658348411318,C
2697110228,1,-0.006348671462872046,C
2697110228,1,-0.003518294281740997,C
2697110228,1,-0.003345154003792261,C
2697110228,1,-0.0027491288912550593,C
2697110228,1,-0.005153731522271998,C
694069322,1,-0.0004776779059790792,N
694069322,1,-0.0004479808206873104,N
694069322,1,-0.00027469916175448805,N
694069322,1,-0.0004563953616082972,N
694069322,1,-0.0003329657992340307,N
3120784405,1,0.0008040726959668287,C
3120784405,1,-0.001696233594695673,C
3120784405,1,-0.0013986600443702812,C
3120784405,1,-0.0015856135717750575,C
3120784405,1,-0.0006975633300433381,C
2574917850,1,0.00012346299857385334,C
2574917850,1,-0.0007280769920068875,C
2574917850,1,-1.0681283569680122e-05,C
2574917850,1,2.3017557411020295e-05,C
2574917850,1,0.00061876104350439,C
644322065,1,-0.0024634731103959084,C
644322065,1,0.0,C
644322065,1,-0.0024390243902439046,C
644322065,1,-0.0024634731103959084,C
644322065,1,-0.0024634731103959084,C
4068239769,1,0.0,S
4068239769,1,0.0,S
4068239769,1,0.0,S
4068239769,1,0.0,S
4068239769,1,0.0,S
606428793,1,-0.00022452710257864217,C
606428793,1,-0.00012968719708406073,C
606428793,1,-0.0004641809027335353,C
606428793,1,-0.00035275195873524234,C
606428793,1,-0.0004641809027335353,C
3304582332,1,-5.6295135327733004e-05,C
3304582332,1,-2.4448720152003833e-05,C
3304582332,1,-2.4448720152003833e-05,C
3304582332,1,-2.7476662508740812e-05,C
3304582332,1,-3.5023245681220505e-05,C
3920757710,1,-0.0002973587563442348,C
3920757710,1,-0.00018209116541945125,C
3920757710,1,-0.0006433320882669458,C
3920757710,1,-0.0005579059898090932,C
3920757710,1,-0.0007743709932407916,C
2923200147,1,1.8511020333511485e-05,C
2923200147,1,-0.0005305690268117558,C
2923200147,1,-0.00046545636447292704,C
2923200147,1,-0.0002582681228421313,C
2923200147,1,-0.0006540265850813465,C
1349404210,1,1.3823036143667533e-05,N
1349404210,1,-0.0002605455296158521,N
1349404210,1,-5.9638602557032794e-05,N
1349404210,1,-0.00010790476813332672,N
1349404210,1,-7.112932296776675e-05,N
2238101436,1,0.00025702172213948327,C
2238101436,1,0.0001403283650778797,C
2238101436,1,0.0004451737218031937,C
2238101436,1,0.0002867384178792398,C
2238101436,1,4.892117134375207e-05,C
310913359,1,-0.0007657715055117698,C
310913359,1,-0.000715739864982301,C
310913359,1,-0.0006365007192791761,C
310913359,1,-0.0006889621813518376,C
310913359,1,-0.0006331706207721166,C
4086265842,1,0.002396766358887803,C
4086265842,1,0.0007931417817403363,C
4086265842,1,0.0007841672347392303,C
4086265842,1,0.0019993526460629907,C
4086265842,1,-0.001220115573294711,C
3328145258,1,-3.2219045297154913e-05,C
3328145258,1,-1.8797076885401776e-05,C
3328145258,1,-4.0685841865673034e-05,C
3328145258,1,-8.140954863172789e-05,C
3328145258,1,5.958622925872348e-05,C
3045022511,1,-3.5023245681220505e-05,S
3045022511,1,-3.5023245681220505e-05,S
3045022511,1,-2.7476662508740812e-05,S
3045022511,1,0.0,S
3045022511,1,-3.0109460857408177e-05,S
910450790,1,0.0021501082657751636,C
910450790,1,0.0013378407610037946,C
910450790,1,0.0025272520682462774,C
910450790,1,0.0012402936961637967,C
910450790,1,0.001930088052724488,C
1216095805,1,7.171387055987521e-05,C
1216095805,1,-3.1152032091752435e-05,C
1216095805,1,4.7531201004091805e-05,C
1216095805,1,0.00023497017611640025,C
1216095805,1,0.00036870353220541663,C
2187394687,1,-0.00029973039531083767,C
2187394687,1,-0.0004462309236646367,C
2187394687,1,8.672278607163575e-05,C
2187394687,1,0.001083719646812753,C
2187394687,1,0.0027144805300945984,C
544755086,1,0.00015525171735697452,C
544755086,1,0.0008226038573503902,C
544755086,1,0.0004686023949753704,C
544755086,1,0.000253609423112533,C
544755086,1,-0.00047133697526335894,C
2425865203,1,0.000720335933311611,C
2425865203,1,-0.001220999481870877,C
2425865203,1,-0.002524705395283988,C
2425865203,1,-0.0007669454434570122,C
2425865203,1,-0.0002663953332569524,C
1558658757,1,5.084207828903731e-05,C
1558658757,1,0.0002791616390855345,C
1558658757,1,0.0002908135476976659,C
1558658757,1,-0.0001415575681322223,C
1558658757,1,0.0006936548733619263,C
68675643,1,0.0,C
68675643,1,0.0,C
68675643,1,0.0,C
68675643,1,0.0,C
68675643,1,0.0,C
2905822145,1,-0.0005630395755854001,C
2905822145,1,-0.00020186999778049053,C
2905822145,1,-0.0004787477333428325,C
2905822145,1,-0.00018970196853723698,C
2905822145,1,-0.0002874135828858093,C
2284773903,1,5.437188635826207e-06,C
2284773903,1,2.5301821282852632e-05,C
2284773903,1,1.7789576041316035e-05,C
2284773903,1,3.3959637393499165e-05,C
2284773903,1,3.3114570073822236e-05,C
3835273908,1,-9.772184811529527e-05,C
3835273908,1,-0.0002734047751876689,C
3835273908,1,-6.350277470429377e-05,C
3835273908,1,-0.00042499278862112577,C
3835273908,1,-0.0001691207211785839,C
3249398244,1,-0.0004940553576440743,C
3249398244,1,-0.0011289339988713176,C
3249398244,1,-0.00022094530436245208,C
3249398244,1,-0.0013376692854145111,C
3249398244,1,-0.0008879883053073967,C
3772302167,1,-0.00032753284504627445,C
3772302167,1,-0.00045718735864308524,C
3772302167,1,-0.00028332563216837414,C
3772302167,1,-0.0003860696708083422,C
3772302167,1,-0.00013948371455285713,C
2510215966,1,-0.0005306320970971945,C
2510215966,1,-0.0002705156317552859,C
2510215966,1,-0.0005236577475710158,C
2510215966,1,-0.00014173108188592076,C
2510215966,1,-0.0003210859499594987,C
3406201864,1,0.00011675778992992214,C
3406201864,1,0.001235739126394686,C
3406201864,1,-0.0009292727144917801,C
3406201864,1,0.0009082769256588685,C
3406201864,1,-0.0012100435835917245,C
3684013815,1,-0.00021394856662865225,C
3684013815,1,-4.881314309551632e-05,C
3684013815,1,-0.00019544258858333885,C
3684013815,1,7.008353296250602e-05,C
3684013815,1,-0.00018656506785469373,C
787341104,1,-1.403198858090926e-05,C
787341104,1,-6.308548777866907e-06,C
787341104,1,3.0857981889731434e-06,C
787341104,1,1.1049715013145e-05,C
787341104,1,3.977642983210572e-06,C
1256946769,1,0.0,N
1256946769,1,0.0,N
1256946769,1,0.0,N
1256946769,1,0.0,N
1256946769,1,0.0,N
2110118862,1,-6.873155654901764e-05,C
2110118862,1,-0.00028831527183720285,C
2110118862,1,-0.00029826172929164896,C
2110118862,1,-8.20190682889188e-05,C
2110118862,1,-6.873155654901764e-05,C
1899422126,1,0.0,C
1899422126,1,0.0,C
1899422126,1,0.0,C
1899422126,1,0.0,C
1899422126,1,0.0,C
3727960280,1,7.638168038687221e-05,C
3727960280,1,-0.0015088473520862844,C
3727960280,1,-0.00013854517082206863,C
3727960280,1,-0.0016658930171888353,C
3727960280,1,2.4762793345123324e-05,C
4023654873,1,-0.0032145479204909178,C
4023654873,1,-0.002644183414512835,C
4023654873,1,-0.0008499406851505409,C
4023654873,1,-0.0026079732068625128,C
4023654873,1,-0.0033947976821474546,C
467603055,1,0.00024038278121457646,C
467603055,1,0.0006200044735476529,C
467603055,1,5.145262926448124e-05,C
467603055,1,0.00010440837355085719,C
467603055,1,0.000715401159805007,C
409801989,1,0.0003887574144674777,C
409801989,1,-0.0004157122936459534,C
409801989,1,0.0007109857256127894,C
409801989,1,-0.00036408619691569166,C
409801989,1,-0.00010121851775146684,C
1289643292,1,3.657141101309769e-05,N
1289643292,1,-6.453402376854767e-05,N
1289643292,1,-3.803215429809548e-07,N
1289643292,1,-0.0003595888642367595,N
1289643292,1,-0.00038269058874695894,N
3011598321,1,-0.004214768416143766,C
3011598321,1,-0.0015992543914590263,C
3011598321,1,-0.0009606732277656627,C
3011598321,1,-0.0025904843478369854,C
3011598321,1,-0.0023282361955992426,C
3460898310,1,-0.002994851640686136,N
3460898310,1,-0.002119467667118957,N
3460898310,1,-0.002058122943197127,N
3460898310,1,-0.00418392861459671,N
3460898310,1,-0.0034428847758497527,N
2971716993,1,9.534304581443331e-05,N
2971716993,1,0.00035102760163857605,N
2971716993,1,2.9971639152248652e-05,N
2971716993,1,-8.788477259846772e-05,N
2971716993,1,0.0006332176710899806,N
1556668346,1,0.00014565885608247564,N
1556668346,1,-0.00032668641078048566,N
1556668346,1,0.00015741396262797247,N
1556668346,1,-0.0002612331838304782,N
1556668346,1,-3.828668532906976e-05,N
4022716898,1,-3.143376378189622e-05,C
4022716898,1,-0.00012597065601860358,C
4022716898,1,0.00011510333945524698,C
4022716898,1,6.46338983010808e-05,C
4022716898,1,0.0002161546694661176,C
2458968089,1,0.004044873996225773,C
2458968089,1,0.005399445623938959,C
2458968089,1,0.004149494558979894,C
2458968089,1,0.004012764192677043,C
2458968089,1,0.004257358772190856,C
4164236649,1,-8.741953053120755e-05,C
4164236649,1,-0.00029885765328974134,C
4164236649,1,-0.00012690656472480466,C
4164236649,1,-0.00026624363184024613,C
4164236649,1,-0.00020405372252968457,C
2154975788,1,-0.0007785195132572476,C
2154975788,1,-0.0011024192886260331,C
2154975788,1,-0.001004598025150294,C
2154975788,1,-0.0011727267738436686,C
2154975788,1,-0.0006642216929501621,C
3248686995,1,2.9994442066527682e-05,C
3248686995,1,-0.00022028044895500143,C
3248686995,1,-0.0001974679211035335,C
3248686995,1,-0.00014200342688586165,C
3248686995,1,-0.00011512335081825809,C
3909974435,1,0.0004979786957373666,C
3909974435,1,0.0004850333676958418,C
3909974435,1,0.000295499534138155,C
3909974435,1,0.0008819400531634991,C
3909974435,1,0.00036001287641035384,C
3012080282,1,0.00010790952203770798,C
3012080282,1,5.463170735853229e-05,C
3012080282,1,5.860636495225169e-05,C
3012080282,1,-8.363048036391652e-05,C
3012080282,1,-0.00017678811231042202,C
3462333187,1,9.089533699707664e-05,C
3462333187,1,-0.0003666406193301719,C
3462333187,1,-0.0005706276019393774,C
3462333187,1,-0.00033488488157051854,C
3462333187,1,-0.0011802622306736343,C
1229325558,1,0.0,N
1229325558,1,0.0,N
1229325558,1,0.0,N
1229325558,1,0.0,N
1229325558,1,0.0,N
3599139274,1,-0.00010483647057579759,C
3599139274,1,0.00017438353659121608,C
3599139274,1,-0.00011715454720301333,C
3599139274,1,-3.457634399639531e-05,C
3599139274,1,-0.00016881514554417665,C
806369437,1,7.660131931935821e-05,C
806369437,1,6.792494797069892e-05,C
806369437,1,-4.06719370062425e-05,C
806369437,1,5.95968254443191e-05,C
806369437,1,0.00017529166016688746,C
2395259406,1,0.0005049497796630886,C
2395259406,1,0.0005982776391850186,C
2395259406,1,0.0005418991918661464,C
2395259406,1,0.00019954101043828665,C
2395259406,1,0.0001578866208488683,C
864942795,1,0.002770276389277182,O
864942795,1,0.005135701654697733,O
864942795,1,0.007285912851595633,O
864942795,1,0.0024520843126546454,O
864942795,1,0.004352036934391013,O
1785683843,1,-0.004788516804083098,C
1785683843,1,-0.0072377764275278755,C
1785683843,1,-0.006324450563922002,C
1785683843,1,-0.004287121301436325,C
1785683843,1,-0.004892108894733294,C
2516197204,1,3.123365421181523e-05,C
2516197204,1,0.00020179513436335839,C
2516197204,1,-8.803684890479335e-06,C
2516197204,1,0.00013997056112663442,C
2516197204,1,0.00014718556505904923,C
2295519362,1,-2.936250497576065e-05,C
2295519362,1,0.0005065139054739598,C
2295519362,1,0.0007063041915909563,C
2295519362,1,0.00013445081684110294,C
2295519362,1,0.00037463068223703155,C
2598322190,1,-7.260377353845993e-05,C
2598322190,1,0.0004968395515083102,C
2598322190,1,0.0019978003370710318,C
2598322190,1,0.0005654356185025855,C
2598322190,1,-5.768951899659536e-05,C
3153477100,1,3.940329212298588e-05,C
3153477100,1,-1.4400974165440505e-05,C
3153477100,1,-4.483990773374025e-05,C
3153477100,1,-4.920968785571134e-06,C
3153477100,1,1.165091313065636e-05,C
2192318254,1,2.577596532410409e-05,O
2192318254,1,-0.0001030786563691044,O
2192318254,1,-7.626406523664198e-05,O
2192318254,1,-1.54619907407616e-05,O
2192318254,1,5.1883522533491266e-05,O
1619222458,1,-0.0009629988765861297,C
1619222458,1,-0.000279945041548213,C
1619222458,1,-0.0005265201265613473,C
1619222458,1,-0.0004537675447709444,C
1619222458,1,-0.00027059655383027126,C
3824063894,1,0.0005103894681708354,C
3824063894,1,0.0003249955126757298,C
3824063894,1,0.0002219434059736458,C
3824063894,1,0.0004890492490781662,C
3824063894,1,0.0005963037098229429,C
885026269,1,-0.0002083200736570645,C
885026269,1,-0.00087329549222398,C
885026269,1,-0.00043931243826283994,C
885026269,1,-0.0011168143051570878,C
885026269,1,-0.000569123350753209,C
472281497,1,0.00017293649371802333,C
472281497,1,0.00017293649371802333,C
472281497,1,5.6929703958708e-05,C
472281497,1,-7.786399771192443e-05,C
472281497,1,-5.1389993476036455e-05,C
2599973650,1,-0.00039348106874259603,N
2599973650,1,-0.0005694076364615164,N
2599973650,1,-0.0006751959875216929,N
2599973650,1,0.00020724352418882708,N
2599973650,1,-0.00045575042410594957,N
1582607016,1,-7.22267332101123e-05,C
1582607016,1,-0.0002581506207112727,C
1582607016,1,0.00012406424679439754,C
1582607016,1,-0.00011937370248377155,C
1582607016,1,-7.097740659611773e-05,C
1564511222,1,0.0,C
1564511222,1,0.0,C
1564511222,1,0.0,C
1564511222,1,0.0,C
1564511222,1,0.0,C
3291149959,1,0.0,C
3291149959,1,0.0,C
3291149959,1,0.0,C
3291149959,1,0.0,C
3291149959,1,0.0,C
717151242,1,-0.00045924921282342046,O
717151242,1,-5.4121728064793206e-05,O
717151242,1,-0.00043163144992997005,O
717151242,1,0.00015194694516168505,O
717151242,1,-6.972080225614574e-05,O
2664995851,1,0.001246953218512148,C
2664995851,1,0.0014879891563671088,C
2664995851,1,0.0004197188140597219,C
2664995851,1,0.0009908469143717902,C
2664995851,1,0.0003420763443133801,C
4239037249,1,0.0002635916050582887,C
4239037249,1,0.0020500906502400884,C
4239037249,1,0.00026562959289860855,C
4239037249,1,0.00025753714331439026,C
4239037249,1,-0.00011253909992831046,C
166544320,1,0.0019270331259406692,C
166544320,1,0.0012599444351177325,C
166544320,1,0.00039017629155974065,C
166544320,1,0.0009776385518135422,C
166544320,1,0.0021552299766707805,C
2369690741,1,-0.00018212024464375753,C
2369690741,1,0.0008365411105640264,C
2369690741,1,0.0001228726248909684,C
2369690741,1,0.0009636057686907007,C
2369690741,1,0.0005617130534367742,C
3234104871,1,0.00016362924980634075,C
3234104871,1,-0.00019999846639767727,C
3234104871,1,0.00035015757742673514,C
3234104871,1,0.0005116314784650577,C
3234104871,1,0.0002751179532627934,C
616374597,1,-0.0012844819068673075,C
616374597,1,0.00011185237311778229,C
616374597,1,0.0001399971783188625,C
616374597,1,0.0020312346300050965,C
616374597,1,0.001250087607684247,C
2974534217,1,-5.139968069911571e-05,C
2974534217,1,2.8065478760608276e-05,C
2974534217,1,-7.593129292421397e-05,C
2974534217,1,-1.5869629559350784e-06,C
2974534217,1,2.7588827634261737e-05,C
828793177,1,0.00010615323650864372,N
828793177,1,0.000660256878150467,N
828793177,1,0.0005338127565678863,N
828793177,1,0.000393331172176159,N
828793177,1,-0.0007976123132625301,N
368713488,1,0.006305590925523075,C
368713488,1,0.006284898313527465,C
368713488,1,0.005814421467304098,C
368713488,1,0.001728233038007787,C
368713488,1,0.0015495466370428201,C
3177362943,1,-2.4448720152003833e-05,C
3177362943,1,-3.0803038676141536e-05,C
3177362943,1,-4.002798306979027e-06,C
3177362943,1,-2.4448720152003833e-05,C
3177362943,1,-4.3372634730365345e-05,C
912632640,1,0.0003115279867139109,C
912632640,1,-0.000558714239703717,C
912632640,1,0.00025390607704250945,C
912632640,1,5.6726715645161185e-05,C
912632640,1,-0.00036406063344895934,C
214126897,1,1.615250781211719e-05,C
214126897,1,-3.464849978840334e-05,C
214126897,1,0.0,C
214126897,1,3.3400731473398615e-06,C
214126897,1,-2.4448720152003833e-05,C
4212936508,1,-0.0004537564510500025,N
4212936508,1,-0.0008594432695533949,N
4212936508,1,-0.0005940129513692938,N
4212936508,1,-0.0003028000127931474,N
4212936508,1,-0.0007941484844856683,N
3376021752,1,-0.006623874112803574,O
3376021752,1,-0.006356772311595316,O
3376021752,1,-0.005610052294067136,O
3376021752,1,-0.005269770532808693,O
3376021752,1,-0.004059550491361974,O
2987120039,1,-0.003722131020726105,C
2987120039,1,-0.0044565892510476934,C
2987120039,1,-0.004525249890772687,C
2987120039,1,-0.004997928205697666,C
2987120039,1,-0.005645703453792172,C
3816921572,1,-0.0006596690401237115,C
3816921572,1,-0.000590882356515221,C
3816921572,1,-0.0011819244047385769,C
3816921572,1,-0.0006835627037182213,C
3816921572,1,-0.0002460039356441679,C
203749390,1,0.00041172213286266857,C
203749390,1,0.0004343242412817583,C
203749390,1,8.971366317644947e-05,C
203749390,1,0.0005298524918317393,C
203749390,1,0.0006091378107750955,C
992462230,1,0.0018927924743988855,C
992462230,1,-0.0015184207438735942,C
992462230,1,0.0012966305138924494,C
992462230,1,0.0008468958226985901,C
992462230,1,0.001031405315344902,C
1506993418,1,-0.0004605776061440414,C
1506993418,1,-0.0004617794355496474,C
1506993418,1,-9.753035920850861e-05,C
1506993418,1,-0.0007311913601569797,C
1506993418,1,-0.00045760759696095166,C
1486598263,1,-0.00013554662442311072,C
1486598263,1,-0.000542796238852894,C
1486598263,1,-0.000212159363189246,C
1486598263,1,-0.00037797371739783925,C
1486598263,1,1.333103980805106e-05,C
1914416804,1,0.000773238537960852,N
1914416804,1,0.0005653304608641552,N
1914416804,1,0.0008091644772920126,N
1914416804,1,-0.0007709659260371482,N
1914416804,1,-0.00035739614647617435,N
54936104,1,-0.000223291711734519,C
54936104,1,-0.000924292935905513,C
54936104,1,-0.0002699020214691483,C
54936104,1,-0.0002616492516546165,C
54936104,1,-0.0006743273364471225,C
3090652201,1,-8.646448300619891e-06,C
3090652201,1,1.2049234712374624e-05,C
3090652201,1,9.99519699285134e-07,C
3090652201,1,-8.646448300619891e-06,C
3090652201,1,8.281010337174433e-06,C
2987687375,1,0.0,C
2987687375,1,0.0,C
2987687375,1,0.0,C
2987687375,1,0.0,C
2987687375,1,0.0,C
2296493092,1,-0.00019860014153083583,N
2296493092,1,-1.3394289778034807e-05,N
2296493092,1,0.0003874219055128303,N
2296493092,1,-0.0001572451086407911,N
2296493092,1,7.709474848754949e-05,N
668520641,1,0.0001804610403338125,C
668520641,1,0.0001704938326147487,C
668520641,1,5.8937864107599935e-05,C
668520641,1,0.00025670517110748525,C
668520641,1,0.0001615260264372087,C
848127915,1,0.008963758946454847,N
848127915,1,0.012503988114350884,N
848127915,1,0.00197401945815473,N
848127915,1,0.006090658469027177,N
848127915,1,0.013000421089348957,N
2378775366,1,0.003736565666866587,O
2378775366,1,0.0024942461626786816,O
2378775366,1,0.0017547346041774103,O
2378775366,1,-0.00026888135429414817,O
2378775366,1,0.006145394431361917,O
2592785365,1,-2.0005760141939e-05,N
2592785365,1,-7.741855345877457e-05,N
2592785365,1,5.520747091342093e-05,N
2592785365,1,0.00018642135948487848,N
2592785365,1,0.0001797108066935449,N
460073430,1,-3.030306659018711e-05,C
460073430,1,7.00639897352473e-05,C
460073430,1,-3.539609950597988e-05,C
460073430,1,-2.2334690580161354e-05,C
460073430,1,-6.955645655026821e-05,C
2378779377,1,-0.0030069689623482554,O
2378779377,1,-0.002684273799882453,O
2378779377,1,0.0016634544714950739,O
2378779377,1,-0.00015805764646542597,O
2378779377,1,-0.0006827919122923687,O
4194366826,1,-0.0010688880389112532,C
4194366826,1,-0.002131436518493457,C
4194366826,1,-0.0027755633510905264,C
4194366826,1,-0.0011945391699110242,C
4194366826,1,-0.001751266094268511,C
1136130381,1,-0.0008529215485233999,C
1136130381,1,-0.0006088482961466579,C
1136130381,1,-0.0008673155340403471,C
1136130381,1,-0.0010267515794635251,C
1136130381,1,-0.00019521786298487553,C
1646750527,1,-0.0011243815304617377,C
1646750527,1,-0.0023089047901082016,C
1646750527,1,-0.0016605536687870903,C
1646750527,1,-0.0009487450457787427,C
1646750527,1,-0.0019580118374082356,C
1163692816,1,-0.000895297616182622,N
1163692816,1,-0.001417786119480624,N
1163692816,1,-0.0010185218546628905,N
1163692816,1,-0.0012377829658481443,N
1163692816,1,-0.0007665189953990903,N
1840994228,1,0.0002934968992654996,C
1840994228,1,-0.00012798981994605052,C
1840994228,1,0.0004473765521683104,C
1840994228,1,0.00014938393508606707,C
1840994228,1,0.00020939841297801243,C
2609658248,1,0.0023014436784867254,C
2609658248,1,0.002415992347651774,C
2609658248,1,0.0037298020966333723,C
2609658248,1,0.002801142466014983,C
2609658248,1,0.0030387384103611192,C
2353583745,1,-0.0008196950502328271,C
2353583745,1,0.001032089185412921,C
2353583745,1,0.0009203743966897382,C
2353583745,1,0.001020324721339616,C
2353583745,1,7.358410751734379e-05,C
3443041413,1,-0.0004305454628266703,C
3443041413,1,-0.0008262210776866508,C
3443041413,1,-0.0004549941829786741,C
3443041413,1,-0.0010557411357847157,C
3443041413,1,-0.0006611306512722126,C
3286720230,1,2.180919470817777e-05,C
3286720230,1,0.00018020997461043464,C
3286720230,1,0.0001332668727129782,C
3286720230,1,4.225763894410983e-05,C
3286720230,1,-4.795002682694838e-05,C
1449131080,1,0.001703259462697393,C
1449131080,1,0.0011920949123328528,C
1449131080,1,-0.0006634244753701557,C
1449131080,1,0.000498683613207096,C
1449131080,1,-0.0010155303206063615,C
636971230,1,-0.0010042263126237017,C
636971230,1,-0.0005836702554922746,C
636971230,1,-0.0007057351852127192,C
636971230,1,-0.0015797366981022964,C
636971230,1,-0.0017600307353233813,C
2251845666,1,0.0003710558155220478,C
2251845666,1,0.00020660241634123944,C
2251845666,1,0.0003357059876546442,C
2251845666,1,0.00010122078265939471,C
2251845666,1,0.0006043447566417837,C
305828102,1,-0.0002256445919602279,C
305828102,1,-0.0002223091258076737,C
305828102,1,-0.0001512973238915194,C
305828102,1,-9.960646547613194e-05,C
305828102,1,-0.0002244710188565313,C
2810604122,1,0.0,C
2810604122,1,0.0,C
2810604122,1,0.0,C
2810604122,1,0.0,C
2810604122,1,0.0,C
979999009,1,-0.0020032356090665115,C
979999009,1,-4.8787814782957906e-05,C
979999009,1,-7.832621544118235e-05,C
979999009,1,-0.0003935958922985372,C
979999009,1,-0.00055806541715403,C
4083722611,1,-1.7184541959480715e-05,C
4083722611,1,0.0008180594776664996,C
4083722611,1,-0.00016395143390524058,C
4083722611,1,0.00015510271679497478,C
4083722611,1,-0.0006311715206904767,C
849275503,1,-0.0004110467373322213,N
849275503,1,-0.0003340880592113682,N
849275503,1,-0.0004271766946375988,N
849275503,1,0.00013404065641847707,N
849275503,1,-0.0009106476829614518,N
3533643770,1,-1.2965843050605219e-05,C
3533643770,1,-1.2965843050605219e-05,C
3533643770,1,-1.836064002125326e-05,C
3533643770,1,-1.6167709814884912e-05,C
3533643770,1,-1.6167709814884912e-05,C
594486406,1,0.0,C
594486406,1,0.0,C
594486406,1,0.0,C
594486406,1,0.0,C
594486406,1,0.0,C
2697642734,1,-0.00023655872323902205,O
2697642734,1,-0.00014566663762088927,O
2697642734,1,-0.0012221822585630204,O
2697642734,1,-0.0007112801501003574,O
2697642734,1,-0.0007733103120683427,O
3345225135,1,-0.0005363518098356335,N
3345225135,1,-0.0006268695162427451,N
3345225135,1,-0.0009278506692849686,N
3345225135,1,-0.0008392772009969129,N
3345225135,1,-0.0006784400639752719,N
1348783936,1,0.0008290912008367957,C
1348783936,1,0.00037147045322205585,C
1348783936,1,0.0002039405461049526,C
1348783936,1,0.0002061943135486799,C
1348783936,1,0.0021269436090946003,C
3848368466,1,-0.0005346089031301182,C
3848368466,1,0.001480276965181715,C
3848368466,1,-0.002887868101846547,C
3848368466,1,0.001641750931753283,C
3848368466,1,0.00031339753815079474,C
4130182993,1,0.0012026628401998751,C
4130182993,1,-0.0007447418679047413,C
4130182993,1,0.00039087020796080285,C
4130182993,1,-8.91798741319283e-05,C
4130182993,1,0.0005741432383256084,C
994637429,1,-2.4541402213362762e-05,N
994637429,1,-5.843790611692601e-06,N
994637429,1,-4.5324456778572664e-05,N
994637429,1,8.509649212673498e-06,N
994637429,1,-6.134887608405526e-05,N
1868697328,1,-2.4448720152003833e-05,C
1868697328,1,-2.7053020008049877e-05,C
1868697328,1,-2.7053020008049877e-05,C
1868697328,1,-2.4448720152003833e-05,C
1868697328,1,-2.575432882900852e-05,C
485458970,1,-0.00020540580488193072,F
485458970,1,-7.500721140946132e-05,F
485458970,1,0.0002862525778412617,F
485458970,1,4.234227537774915e-05,F
485458970,1,0.00013966409946825076,F
1971534293,1,0.00018050976095324023,O
1971534293,1,9.63061231472051e-05,O
1971534293,1,-4.250801811384042e-05,O
1971534293,1,0.0002671769496372378,O
1971534293,1,-2.5278598379696593e-05,O
2667063169,1,-0.0006373812019395131,O
2667063169,1,-0.0012343346038775072,O
2667063169,1,-0.0009571995442048675,O
2667063169,1,-0.0006197221370209394,O
2667063169,1,-0.0012075789900162781,O
831463242,1,6.531837192608192e-05,N
831463242,1,0.0005096929179141396,N
831463242,1,-0.001057915276567123,N
831463242,1,-0.0019205373423727967,N
831463242,1,-0.0010001981989642417,N
473978627,1,-2.4448720152003833e-05,C
473978627,1,-0.00012856421562662534,C
473978627,1,-2.4448720152003833e-05,C
473978627,1,1.992139126694159e-05,C
473978627,1,1.992139126694159e-05,C
2251883808,1,-0.0007119625304197741,C
2251883808,1,-0.001002757837962498,C
2251883808,1,-0.0010807244506625402,C
2251883808,1,-0.00034377878059005385,C
2251883808,1,-0.0003258854164234215,C
2959332130,1,1.987688439758495e-05,C
2959332130,1,-7.729395670680317e-05,C
2959332130,1,-5.2108277039775164e-05,C
2959332130,1,-8.536971459122134e-05,C
2959332130,1,-6.923537698605431e-05,C
256204769,1,-0.0002663529441213619,C
256204769,1,0.00034192066509253216,C
256204769,1,-1.9310485059598204e-05,C
256204769,1,0.0001554240012330288,C
256204769,1,0.00012237621150557043,C
2194376677,1,0.0006703918259319264,C
2194376677,1,0.0005129012497363528,C
2194376677,1,-0.00035740187121774403,C
2194376677,1,0.0002827741298521147,C
2194376677,1,-0.0003514231563835901,C
800085213,1,-0.0006970888121530794,C
800085213,1,-0.0007379929251793427,C
800085213,1,-0.0005614961984228839,C
800085213,1,-0.0006622790912550469,C
800085213,1,-0.001086602132151171,C
3705139132,1,-0.0006478149325119809,C
3705139132,1,-0.0014458332217756054,C
3705139132,1,-0.001540501612611711,C
3705139132,1,-0.0014873158492853533,C
3705139132,1,-0.0007511972373234754,C
2834566420,1,0.0,C
2834566420,1,0.0,C
2834566420,1,0.0,C
2834566420,1,0.0,C
2834566420,1,0.0,C
3341916169,1,0.0044488836942577215,C
3341916169,1,0.0014134941822250835,C
3341916169,1,0.0030381149502535787,C
3341916169,1,0.0037789309505388835,C
3341916169,1,0.0009223356034513963,C
1186654798,1,0.000576868398388608,C
1186654798,1,0.0005807179708240406,C
1186654798,1,-4.124088395091041e-05,C
1186654798,1,-0.0001495378637711986,C
1186654798,1,9.23204020983337e-05,C
215394313,1,0.0,C
215394313,1,0.0,C
215394313,1,0.0,C
215394313,1,0.0,C
215394313,1,0.0,C
816543468,1,2.3686672033840228e-05,C
816543468,1,4.060506768249761e-05,C
816543468,1,-4.600543307903271e-05,C
816543468,1,1.112459481106276e-05,C
816543468,1,-1.1959155590435255e-05,C
3796970912,1,0.0004981199644472079,C
3796970912,1,0.00034563328551479033,C
3796970912,1,5.216586588585592e-06,C
3796970912,1,0.0005494163112156891,C
3796970912,1,7.915909127576004e-05,C
3028039221,1,-0.0007210783965835854,N
3028039221,1,-0.0007210783965835854,N
3028039221,1,0.00011233950232297785,N
3028039221,1,-0.0003932922260405092,N
3028039221,1,-0.0005162269231294148,N
2261212172,1,0.0,C
2261212172,1,0.0,C
2261212172,1,0.0,C
2261212172,1,0.0,C
2261212172,1,0.0,C
4182960975,1,-0.00035275195873524234,C
4182960975,1,-0.0004026736072271775,C
4182960975,1,-0.00012968719708406073,C
4182960975,1,-0.00022452710257864217,C
4182960975,1,-0.00047443694328885844,C
2438720939,1,-5.2439441651397356e-05,C
2438720939,1,-4.597693458641139e-05,C
2438720939,1,4.100596873202189e-05,C
2438720939,1,-4.9378372443398266e-05,C
2438720939,1,-8.448834471236344e-05,C
1033192140,1,0.0,C
1033192140,1,0.0,C
1033192140,1,0.0,C
1033192140,1,0.0,C
1033192140,1,0.0,C
1630528126,1,-0.0004013253937563688,C
1630528126,1,-0.0005076188177027818,C
1630528126,1,-0.0003667424236483141,C
1630528126,1,-0.0001201707089140136,C
1630528126,1,6.48879790948742e-06,C
3974650111,1,3.953977228199346e-05,C
3974650111,1,0.00020561199946594888,C
3974650111,1,0.0001791980165448126,C
3974650111,1,0.0001638908100762282,C
3974650111,1,1.00955836940253e-06,C
1910766508,1,-0.00012872735689695158,C
1910766508,1,-0.0002753020463340805,C
1910766508,1,-0.0009207775612027347,C
1910766508,1,-7.343377420715447e-05,C
1910766508,1,-0.00045974830569167624,C
4081537576,1,-8.507975650062782e-05,C
4081537576,1,-8.507975650062782e-05,C
4081537576,1,-0.00011445619662242557,C
4081537576,1,-0.000296561782630711,C
4081537576,1,7.118577498010925e-05,C
1255595680,1,0.0,C
1255595680,1,-0.00044047843098554695,C
1255595680,1,0.0005219615427122237,C
1255595680,1,-0.00044047843098554695,C
1255595680,1,-0.0006393119410597614,C
1630260676,1,0.0029593594326927097,C
1630260676,1,0.002703005517802226,C
1630260676,1,0.001820141666805164,C
1630260676,1,0.006303650975991282,C
1630260676,1,0.003002903991463246,C
3129492592,1,-0.0018833418765606402,C
3129492592,1,-0.00039953870959091864,C
3129492592,1,-0.0018956010760118325,C
3129492592,1,-0.0012207607455200775,C
3129492592,1,-0.000222585268943587,C
781912670,1,-0.00012392210497264022,C
781912670,1,-7.102709084633174e-05,C
781912670,1,-0.00018295161495190948,C
781912670,1,6.762838123025583e-05,C
781912670,1,-0.0001281168493237339,C
2487927669,1,-0.0004013262615031321,C
2487927669,1,-0.00035496368187110106,C
2487927669,1,-0.000486322157121688,C
2487927669,1,-0.0007234380227981174,C
2487927669,1,-0.0009593626001888622,C
3787488754,1,-0.0002591816901473809,C
3787488754,1,0.000533368225116071,C
3787488754,1,-5.0897448531095346e-05,C
3787488754,1,0.0007154411513846104,C
3787488754,1,0.00045346168512611085,C
2308348490,1,0.0020171965105766354,C
2308348490,1,0.0011690847205246824,C
2308348490,1,0.0017449155878693778,C
2308348490,1,0.001224656042683625,C
2308348490,1,0.0018507385134601817,C
2333272823,1,-2.574741133104519e-05,C
2333272823,1,-2.574741133104519e-05,C
2333272823,1,-2.574741133104519e-05,C
2333272823,1,-2.4448720152003833e-05,C
2333272823,1,-2.574741133104519e-05,C
2812398603,1,-0.00010148248341790289,C
2812398603,1,-0.00017442667801109701,C
2812398603,1,0.00014584965104513792,C
2812398603,1,-4.345988224296882e-05,C
2812398603,1,-5.3305247650403675e-05,C
2999514534,1,0.0,C
2999514534,1,0.0,C
2999514534,1,0.0,C
2999514534,1,0.0,C
2999514534,1,0.0,C
3222770065,1,0.00139158596153377,C
3222770065,1,0.0017146248154346622,C
3222770065,1,0.0005791206566229112,C
3222770065,1,0.002379250963076618,C
3222770065,1,0.0010737107909922217,C
3491109101,1,-0.000737892036355825,C
3491109101,1,0.0005920923795496025,C
3491109101,1,4.407669993494734e-05,C
3491109101,1,0.0003739908788739643,C
3491109101,1,-5.8113478588084355e-05,C
1255626466,1,0.0,
1255626466,1,0.0,
1255626466,1,0.0,
1255626466,1,0.0,
1255626466,1,0.0,
3289231689,1,-0.0019932188235328163,C
3289231689,1,-0.00011463256065508132,C
3289231689,1,-4.530173398858972e-05,C
3289231689,1,-0.0002336965865061824,C
3289231689,1,-0.00039961507717667377,C
3745584548,1,9.5153405754278e-05,C
3745584548,1,1.6191669008958076e-05,C
3745584548,1,-0.00026690130370427,C
3745584548,1,-0.000429096788359451,C
3745584548,1,0.0006552974026214908,C
1914229733,1,-3.5879548580641796e-05,C
1914229733,1,1.2149817270268315e-05,C
1914229733,1,-2.6029303448249497e-05,C
1914229733,1,3.30950987337264e-05,C
1914229733,1,9.881271654321733e-05,C
216545222,1,-0.0006339561201814115,N
216545222,1,-0.0003321810094584765,N
216545222,1,-0.00035662972961048034,N
216545222,1,-0.0002105156630032856,N
216545222,1,-0.0002105156630032856,N
2331740049,1,-8.21862488770142e-05,N
2331740049,1,-4.6654144311208956e-05,N
2331740049,1,-0.00010603504759737481,N
2331740049,1,-7.955345052829133e-05,N
2331740049,1,-3.777409882821381e-05,N
2355446912,1,-4.3431123536830096e-05,C
2355446912,1,-0.0003657273529758531,C
2355446912,1,0.00014896625642418782,C
2355446912,1,-8.619538575505015e-06,C
2355446912,1,-0.0001749914637181882,C
859799282,1,-0.0007437532627078136,C
859799282,1,-0.002552040028060587,C
859799282,1,-0.0017679101016072063,C
859799282,1,-0.0017028282157544594,C
859799282,1,-0.0007328585997462,C
3811375594,1,0.0,C
3811375594,1,0.0,C
3811375594,1,0.0,C
3811375594,1,0.0,C
3811375594,1,0.0,C
144568923,1,-0.000166046145877341,C
144568923,1,-0.0001697516453169623,C
144568923,1,-0.00016636370318995342,C
144568923,1,-0.00023145237174632127,C
144568923,1,-5.202741563048452e-05,C
2557045420,1,0.00022503416404195953,N
2557045420,1,-6.067700354878136e-05,N
2557045420,1,8.546443826640271e-06,N
2557045420,1,-5.632002355054899e-05,N
2557045420,1,0.00031844096445582393,N
4265716399,1,-0.00015042106526230725,N
4265716399,1,0.0021328629670929744,N
4265716399,1,6.129601083326719e-05,N
4265716399,1,3.052213142173965e-06,N
4265716399,1,-0.0001282494235357312,N
778974661,1,-0.0004554335860172398,C
778974661,1,0.002178510189051075,C
778974661,1,-7.946265583941292e-05,C
778974661,1,-0.000743829607157187,C
778974661,1,-4.648833891757187e-05,C
3914061263,1,-2.2155493853315278e-05,C
3914061263,1,-3.688529397333218e-05,C
3914061263,1,-3.337078875276234e-05,C
3914061263,1,-1.8041258107781566e-05,C
3914061263,1,-2.2155493853315278e-05,C
3330819572,1,0.0,C
3330819572,1,0.0,C
3330819572,1,0.0,C
3330819572,1,0.0,C
3330819572,1,0.0,C
1674219510,1,-0.0002045415657349614,C
1674219510,1,-0.00014187902233253613,C
1674219510,1,-0.0002795549141255127,C
1674219510,1,-0.0001850268420214296,C
1674219510,1,-0.00016331194838747898,C
2170404731,1,-0.0005918580421691577,C
2170404731,1,-0.0012482325109649528,C
2170404731,1,-0.0007686936332049754,C
2170404731,1,-0.0002945189204346943,C
2170404731,1,-0.0009577256826716618,C
3116051204,1,-0.00011355923890071784,C
3116051204,1,8.62893525173658e-05,C
3116051204,1,-0.0002119994386178825,C
3116051204,1,-1.836064002125326e-05,C
3116051204,1,-0.000191810646125945,C
493191496,1,-2.6874836250356804e-05,C
493191496,1,-9.540608029673381e-05,C
493191496,1,-3.932463410499798e-05,C
493191496,1,-9.540608029673381e-05,C
493191496,1,-8.822199121627516e-05,C
851463431,1,0.00019191429001369498,C
851463431,1,0.0005317803225197704,C
851463431,1,-0.00038583559030913595,C
851463431,1,0.0020375332477924335,C
851463431,1,0.0004863158007615831,C
2839110432,1,-0.0004549941829786741,C
2839110432,1,-0.0001711814709020043,C
2839110432,1,-0.0006611306512722126,C
2839110432,1,0.0002758099642530265,C
2839110432,1,-0.0004549941829786741,C
1913726790,1,-4.4786656833994964e-05,C
1913726790,1,-8.536971459122134e-05,C
1913726790,1,-0.00012888725579945914,C
1913726790,1,-6.923537698605431e-05,C
1913726790,1,-0.00018798191492286342,C
512485612,1,0.0,C
512485612,1,0.0,C
512485612,1,0.0,C
512485612,1,0.0,C
512485612,1,0.0,C
3631761933,1,0.0027383964206100786,C
3631761933,1,0.0034889328987463553,C
3631761933,1,0.0034706944207305024,C
3631761933,1,0.0031259171912126904,C
3631761933,1,0.0009929085541052762,C
3254486562,1,0.00014511542853784531,C
3254486562,1,0.0007958593473415543,C
3254486562,1,0.00018410190550993688,C
3254486562,1,0.0007456723440904534,C
3254486562,1,0.0003720060828606986,C
1163048604,1,-0.0007949994198550026,C
1163048604,1,-0.001717029824568117,C
1163048604,1,-0.0014129137897137545,C
1163048604,1,-0.0011892304673711829,C
1163048604,1,-0.0005641726868554908,C
265892994,1,0.0026938184741940874,O
265892994,1,0.00307298808946721,O
265892994,1,0.0035840801211281526,O
265892994,1,0.0031309341613216524,O
265892994,1,0.0031892376447931192,O
2328129879,1,-0.0005646083047358696,O
2328129879,1,-0.0007629895361568884,O
2328129879,1,-0.000840231137768932,O
2328129879,1,-0.0007915803677139288,O
2328129879,1,-0.00028666817542882805,O
3048383039,1,0.0,C
3048383039,1,0.0,C
3048383039,1,0.0,C
3048383039,1,0.0,C
3048383039,1,0.0,C
1222631225,1,-0.00044648692240106813,C
1222631225,1,-2.7476662508740812e-05,C
1222631225,1,0.0005413971447512655,C
1222631225,1,-0.0008891832684776446,C
1222631225,1,-3.027942356681468e-06,C
1272192549,1,-0.0002879393527115415,C
1272192549,1,-0.00016746660900579524,C
1272192549,1,0.00011822029677638346,C
1272192549,1,0.00028965016426246715,C
1272192549,1,0.00028025479689647304,C
222023415,1,0.0002963754390165052,N
222023415,1,0.00023706673305295967,N
222023415,1,0.00010261386747822954,N
222023415,1,0.00017771748512779295,N
222023415,1,0.0004114953818443179,N
617798156,1,0.000871036766376676,O
617798156,1,8.953491643370892e-06,O
617798156,1,0.0007230810919397479,O
617798156,1,0.0009024754958738557,O
617798156,1,0.0005007559819031893,O
190140222,1,-0.006687040009229317,N
190140222,1,-0.006410850572657889,N
190140222,1,-0.006776575210850899,N
190140222,1,-0.006555208985573879,N
190140222,1,-0.006403616726225081,N
4180801603,1,0.0007619900161214832,C
4180801603,1,0.0009395752497131649,C
4180801603,1,-0.001647451718808035,C
4180801603,1,-0.0015173821554403388,C
4180801603,1,0.0007052210254425151,C
3984860707,1,0.0,S
3984860707,1,0.0,S
3984860707,1,0.0,S
3984860707,1,0.0,S
3984860707,1,0.0,S
3462308225,1,0.0,C
3462308225,1,0.0,C
3462308225,1,0.0,C
3462308225,1,0.0,C
3462308225,1,0.0,C
2355616982,1,0.00037453780144530713,C
2355616982,1,0.0001488114320025158,C
2355616982,1,0.00034796495213140766,C
2355616982,1,0.0006234324298362015,C
2355616982,1,-0.00016942373410994138,C
4042373501,1,0.003378566248962267,C
4042373501,1,0.0025467520644471,C
4042373501,1,0.0014033101713533114,C
4042373501,1,0.0016753262087625953,C
4042373501,1,0.001533250237167938,C
736514702,1,0.0,O
736514702,1,0.0,O
736514702,1,0.0,O
736514702,1,0.0,O
736514702,1,0.0,O
65941455,1,-0.00015087246273737254,C
65941455,1,-8.552658565308402e-06,C
65941455,1,-0.00010520849369949348,C
65941455,1,1.583433168533821e-05,C
65941455,1,-0.0006817048306484996,C
2411289135,1,0.0,C
2411289135,1,0.0,C
2411289135,1,0.0,C
2411289135,1,0.0,C
2411289135,1,0.0,C
661888323,1,-5.113746480533976e-05,C
661888323,1,-0.00018489366601681656,C
661888323,1,-0.00011395990559370794,C
661888323,1,-5.241830450358753e-05,C
661888323,1,-0.00011395990559370794,C
1909986973,1,-0.00010449863891320854,C
1909986973,1,-0.00019516955870529928,C
1909986973,1,-0.00011393396598197159,C
1909986973,1,-0.0003213541093607941,C
1909986973,1,-6.912901833033835e-05,C
984189120,1,0.0046094999161572225,P
984189120,1,0.0031512490556053763,P
984189120,1,0.0032044318121090543,P
984189120,1,0.005417936240785237,P
984189120,1,0.004266585773995191,P
237615532,1,0.0001666708504509673,C
237615532,1,0.00018120966265472438,C
237615532,1,0.000217442747811325,C
237615532,1,0.0002789183954482466,C
237615532,1,-6.470929647561796e-06,C
3598064087,1,-0.0008040048289781332,C
3598064087,1,-0.001172441377269573,C
3598064087,1,-0.0026455606521971764,C
3598064087,1,-0.0003497663146871388,C
3598064087,1,-0.0005777360661469721,C
1795978025,1,-1.05194805324893e-05,C
1795978025,1,-0.00031775660440880316,C
1795978025,1,-0.0006161927850692472,C
1795978025,1,-0.0007787521387259688,C
1795978025,1,-0.00010462555165224874,C
2235918822,1,-0.0006833282623004977,O
2235918822,1,-0.00031937601887610523,O
2235918822,1,0.0007090531336709782,O
2235918822,1,-0.0004009913801496512,O
2235918822,1,-0.0015485781703140633,O
1876820278,1,0.00028533484081055827,C
1876820278,1,-0.0007242104019560824,C
1876820278,1,-2.0557571492385573e-05,C
1876820278,1,3.113440985286209e-05,C
1876820278,1,-1.0658094133864093e-05,C
698395004,1,-2.4448720152003833e-05,C
698395004,1,3.992852985079676e-06,C
698395004,1,-2.0455867166924158e-05,C
698395004,1,-2.4448720152003833e-05,C
698395004,1,-2.0455867166924158e-05,C
1207774339,1,0.00015955683466173376,C
1207774339,1,5.543457494905368e-05,C
1207774339,1,0.0006295870421098027,C
1207774339,1,0.00029423619111840216,C
1207774339,1,0.0006666155554528319,C
431202968,1,9.948657159075669e-05,O
431202968,1,-6.0474882687622245e-05,O
431202968,1,0.0003069411048934323,O
431202968,1,0.0005051921988756813,O
431202968,1,-0.0005604643890306238,O
833901780,1,0.0011335762643153169,N
833901780,1,0.0009772611999911418,N
833901780,1,0.001453965303398752,N
833901780,1,0.0010200859696988251,N
833901780,1,-0.00019346844480444547,N
1821698485,1,1.9619904003453925e-05,C
1821698485,1,3.151057136824287e-05,C
1821698485,1,-2.9224709506392443e-05,C
1821698485,1,-3.665739010488833e-05,C
1821698485,1,6.289217170185601e-05,C
1906719888,1,-0.0013501064580528355,C
1906719888,1,-0.0007203070396076816,C
1906719888,1,-0.0004663568531456108,C
1906719888,1,-0.003914576036118833,C
1906719888,1,-0.0008209488018904865,C
2809361097,1,-0.00027470625275244354,C
2809361097,1,0.0008882449429821748,C
2809361097,1,0.00029999006249381566,C
2809361097,1,0.000672373597548126,C
2809361097,1,0.0007534668990926696,C
2036328569,1,-0.001749624718898557,C
2036328569,1,-0.002413712186794703,C
2036328569,1,-0.00011622964352292486,C
2036328569,1,0.0013468605400313582,C
2036328569,1,-0.0006979171477891066,C
2512623809,1,-4.002798306979027e-06,C
2512623809,1,-6.560158929763693e-05,C
2512623809,1,3.494202892528886e-06,C
2512623809,1,2.680940027294243e-05,C
2512623809,1,-3.7098455612560866e-05,C
2817106133,1,-4.002798306979027e-06,C
2817106133,1,-2.4448720152003833e-05,C
2817106133,1,3.494202892528886e-06,C
2817106133,1,1.878914587910563e-05,C
2817106133,1,-1.7715217234148817e-05,C
1754248939,1,-0.0004933780333593041,C
1754248939,1,-0.00024561379076415424,C
1754248939,1,-0.0005703971030245891,C
1754248939,1,-0.0009411568540376725,C
1754248939,1,-0.0004437349808885105,C
2635303940,1,-0.0001084350351029939,C
2635303940,1,-0.00010039383499382826,C
2635303940,1,-0.00010257238165206628,C
2635303940,1,-1.0485165785334427e-05,C
2635303940,1,-9.287788077982917e-05,C
1396348621,1,-0.00029275705836434573,C
1396348621,1,-9.577237770480584e-05,C
1396348621,1,6.545193264823057e-05,C
1396348621,1,-4.3587020877200455e-05,C
1396348621,1,0.00011372259392877782,C
2479916646,1,-0.0009129723947960966,C
2479916646,1,-0.0009936199841821258,C
2479916646,1,-0.0012405776674009328,C
2479916646,1,-0.000802091009222683,C
2479916646,1,-0.0005359925071645733,C
4282315164,1,-0.00019672523776742556,N
4282315164,1,-1.8742801053572844e-05,N
4282315164,1,-0.00012888725579945914,N
4282315164,1,-5.2108277039775164e-05,N
4282315164,1,-0.00010076731012714779,N
2486266314,1,0.0,
2486266314,1,0.0,
2486266314,1,0.0,
2486266314,1,0.0,
2486266314,1,0.0,
1019269664,1,-0.00054530022573962,N
1019269664,1,0.0007068295628068211,N
1019269664,1,-0.0005162211292566998,N
1019269664,1,4.09751789673396e-05,N
1019269664,1,-0.0005382803806627812,N
3118635600,1,6.901236794421006e-06,C
3118635600,1,-3.827379742588066e-05,C
3118635600,1,-2.9163232225515312e-05,C
3118635600,1,-2.4861843801737837e-05,C
3118635600,1,8.466802671192042e-06,C
3218370331,1,9.556008955574624e-05,P
3218370331,1,1.6322010316205393e-05,P
3218370331,1,-7.225448837516746e-05,P
3218370331,1,7.818389516034419e-05,P
3218370331,1,7.836272796879484e-06,P
3044392905,1,0.0,N
3044392905,1,0.0,N
3044392905,1,0.0,N
3044392905,1,0.0,N
3044392905,1,0.0,N
4194776273,1,0.004189629453823784,O
4194776273,1,0.005116432546202532,O
4194776273,1,0.004639942523371854,O
4194776273,1,0.004428040022048552,O
4194776273,1,0.004069907297442499,O
263215426,1,-0.00036184998487648334,C
263215426,1,-0.0006525001117849705,C
263215426,1,-0.000505116694544061,C
263215426,1,0.0002560407014026711,C
263215426,1,-0.000505116694544061,C
2753863138,1,0.00010445332292929876,C
2753863138,1,0.00011651407146279213,C
2753863138,1,4.903545425577471e-05,C
2753863138,1,1.8138925895083702e-05,C
2753863138,1,5.428650949379499e-06,C
2699298541,1,0.0,C
2699298541,1,0.0,C
2699298541,1,0.0,C
2699298541,1,0.0,C
2699298541,1,0.0,C
3308404410,1,0.0,C
3308404410,1,0.0,C
3308404410,1,0.0,C
3308404410,1,0.0,C
3308404410,1,0.0,C
1446633534,1,-2.6436998003143142e-05,C
1446633534,1,-1.3252630784499342e-05,C
1446633534,1,-1.062889542491341e-05,C
1446633534,1,-7.612167669535097e-06,C
1446633534,1,-1.5721415871639e-05,C
2756489526,1,-0.00014638334048744372,C
2756489526,1,-0.0010918923579202322,C
2756489526,1,-0.0004920223178671579,C
2756489526,1,-0.0014829884098701562,C
2756489526,1,6.657982059904421e-05,C
913310822,1,0.00014463809698417318,C
913310822,1,0.00013005751572392477,C
913310822,1,0.00012018937683216935,C
913310822,1,0.00010158883639133087,C
913310822,1,0.00012018937683216935,C
3561946030,1,-3.810601813369896e-05,N
3561946030,1,-3.77305953350171e-05,N
3561946030,1,-5.388015896407028e-05,N
3561946030,1,-3.509779698629423e-05,N
3561946030,1,-4.837858233652792e-05,N
3292836938,1,0.0,
3292836938,1,0.0,
3292836938,1,0.0,
3292836938,1,0.0,
3292836938,1,0.0,
3194612514,1,0.0015438301325275683,O
3194612514,1,0.001991324824616003,O
3194612514,1,0.0007360980725544253,O
3194612514,1,0.0022542979868047652,O
3194612514,1,0.001211407219664895,O
1822332700,1,4.538501530315653e-06,C
1822332700,1,6.226281814736279e-06,C
1822332700,1,1.0485490543665765e-05,C
1822332700,1,-2.8651001350465943e-05,C
1822332700,1,-8.864075785164349e-05,C
2215059400,1,-0.0007751427175766157,O
2215059400,1,-0.0010154220088700594,O
2215059400,1,-0.001694362331669086,O
2215059400,1,-0.001455974383253622,O
2215059400,1,-0.0014764342419491538,O
773709216,1,-4.463519244268799e-06,C
773709216,1,-3.473279898685844e-05,C
773709216,1,-4.463519244268799e-06,C
773709216,1,5.203096401840135e-06,C
773709216,1,-1.1512221222975683e-06,C
2530377886,1,-0.0004346504108691529,N
2530377886,1,7.243926039957049e-06,N
2530377886,1,1.4726215300853163e-05,N
2530377886,1,-0.0008320136788364518,N
2530377886,1,-0.0004073763134558872,N
2850656190,1,-4.719370754691088e-05,C
2850656190,1,-8.684886815801818e-05,C
2850656190,1,-6.347414563517839e-05,C
2850656190,1,-4.816463957990624e-05,C
2850656190,1,-8.346741925718826e-05,C
1376881293,1,9.735911587122059e-05,C
1376881293,1,0.00042379532242131646,C
1376881293,1,0.0007544996350614119,C
1376881293,1,0.0014272117411882057,C
1376881293,1,0.0005029028833218874,C
1214060489,1,6.1271641815796585e-06,C
1214060489,1,-9.366739508742672e-06,C
1214060489,1,-2.2006163490628783e-05,C
1214060489,1,-1.629676273134928e-05,C
1214060489,1,-4.497245878898326e-05,C
4203454020,1,-0.0002119335405796341,C
4203454020,1,-0.0001984212654604356,C
4203454020,1,0.0002702855060264797,C
4203454020,1,-0.0001231100540522445,C
4203454020,1,2.3660546260628745e-05,C
3034212252,1,0.0,C
3034212252,1,0.0,C
3034212252,1,0.0,C
3034212252,1,0.0,C
3034212252,1,0.0,C
3044751281,1,-0.0012294641195744749,N
3044751281,1,-0.001049320646223817,N
3044751281,1,-0.001077320831277928,N
3044751281,1,5.6903017973397585e-05,N
3044751281,1,2.178417874221239e-05,N
1292826808,1,-0.000717356901028976,C
1292826808,1,0.00015760283913113238,C
1292826808,1,0.00046636740748989824,C
1292826808,1,-0.0002881984371322921,C
1292826808,1,0.00015680216579599948,C
950023157,1,0.0026560889629919093,C
950023157,1,0.0019409711809781904,C
950023157,1,0.002281098892653488,C
950023157,1,0.0012655574267395608,C
950023157,1,0.003473894603949701,C
1187730664,1,-0.0001521559838538189,C
1187730664,1,-0.00020800873869769587,C
1187730664,1,-0.00021143862100886368,C
1187730664,1,-0.0002585000640873414,C
1187730664,1,-9.06998754566235e-05,C
4039837947,1,0.0001955824701272979,F
4039837947,1,0.0004356699641162032,F
4039837947,1,-0.0001839855650176414,F
4039837947,1,0.0002708227829823495,F
4039837947,1,-7.829429009337252e-05,F
773607102,1,0.0,C
773607102,1,0.0,C
773607102,1,0.0,C
773607102,1,0.0,C
773607102,1,0.0,C
2246997334,1,-0.0011779386334352937,C
2246997334,1,0.008305207965780659,C
2246997334,1,0.005926339001475989,C
2246997334,1,0.0055095606261693075,C
2246997334,1,0.005258921054801524,C
714711401,1,-0.00015963746768132836,C
714711401,1,-9.766346789669145e-05,C
714711401,1,-0.0001221121880487508,C
714711401,1,-0.00010831379648312822,C
714711401,1,-0.00010831379648312822,C
1710869618,1,-0.004275632062311907,C
1710869618,1,-0.004613585691037092,C
1710869618,1,-0.004739270064943013,C
1710869618,1,-0.004817537754482848,C
1710869618,1,-0.005030850408548282,C
2549196227,1,-3.027075659339795e-05,C
2549196227,1,0.0004107892942094016,C
2549196227,1,-0.0014018475115738505,C
2549196227,1,-0.0070956617318805315,C
2549196227,1,0.0004311625684084719,C
2856245513,1,-3.5710586967774294e-05,C
2856245513,1,-3.757269949522524e-05,C
2856245513,1,-4.5536356503173e-05,C
2856245513,1,-2.8343489967885827e-05,C
2856245513,1,-5.140312720269824e-05,C
1999077141,1,-0.00011767837731724295,C
1999077141,1,-5.470155421144485e-05,C
1999077141,1,-6.560158929763693e-05,C
1999077141,1,-8.354337927546363e-05,C
1999077141,1,-6.560158929763693e-05,C
817588605,1,-0.0002151836860631029,C
817588605,1,-0.0015533441876340315,C
817588605,1,-0.0031352420876719633,C
817588605,1,-0.00312206158162609,C
817588605,1,-0.001615821605209844,C
3430642422,1,-0.0011035152196114395,C
3430642422,1,-0.0003259922294330253,C
3430642422,1,-0.0003345863515166747,C
3430642422,1,-0.0006896393440180559,C
3430642422,1,-0.0013879938787043078,C
1528304983,1,-0.002914971569611624,N
1528304983,1,-0.001539741559252572,N
1528304983,1,-0.0008867206028339569,N
1528304983,1,-0.0043991643506801625,N
1528304983,1,-0.0015970986051683234,N
3873941611,1,0.0,C
3873941611,1,0.0,C
3873941611,1,0.0,C
3873941611,1,0.0,C
3873941611,1,0.0,C
2687950697,1,-0.00020041654985852864,C
2687950697,1,-0.00023190520844168505,C
2687950697,1,-0.00023688719476133713,C
2687950697,1,-0.00031505049287133824,C
2687950697,1,-0.0002973171614445991,C
109461427,1,0.0,C
109461427,1,0.0,C
109461427,1,0.0,C
109461427,1,0.0,C
109461427,1,0.0,C
2950679810,1,0.0003168553882997305,O
2950679810,1,-0.00015878188457851827,O
2950679810,1,-0.0002022973171719178,O
2950679810,1,0.00035921591576082434,O
2950679810,1,0.00011864833017555254,O
2914536168,1,0.0,C
2914536168,1,0.0,C
2914536168,1,0.0,C
2914536168,1,0.0,C
2914536168,1,0.0,C
1530636652,1,-6.677710876090703e-06,C
1530636652,1,3.389000681758292e-05,C
1530636652,1,-3.722302879449746e-05,C
1530636652,1,-2.4448720152003833e-05,C
1530636652,1,-6.600974692738681e-05,C
3043679972,1,-3.547786299390454e-05,C
3043679972,1,-6.979200525375484e-05,C
3043679972,1,-8.623441676997023e-05,C
3043679972,1,-2.4448720152003833e-05,C
3043679972,1,-5.519893203392856e-05,C
2529809651,1,0.0006902820310808466,C
2529809651,1,0.0005709045809711433,C
2529809651,1,-0.00046494059978013924,C
2529809651,1,0.0004730925341839276,C
2529809651,1,0.0011332886562823163,C
1924383628,1,-0.0012133456388120911,C
1924383628,1,-0.0006498041047781067,C
1924383628,1,-0.0006606972575624592,C
1924383628,1,-0.0006442911479593305,C
1924383628,1,-0.0003452999163728321,C
4003049590,1,-0.0008396452942758259,C
4003049590,1,-0.00047224892748654046,C
4003049590,1,-0.00042881618180862224,C
4003049590,1,-0.0008775168271372702,C
4003049590,1,-0.0008763464321597803,C
1026654305,1,0.0011796009258684959,S
1026654305,1,0.0014555875757115144,S
1026654305,1,0.0012753999530505378,S
1026654305,1,-2.4133817390692425e-05,S
1026654305,1,0.0023533405230223847,S
1542631284,1,0.0017182619001200883,O
1542631284,1,0.0027330979690994295,O
1542631284,1,0.0015623254523818852,O
1542631284,1,0.0005727847231762895,O
1542631284,1,0.001717480420317108,O
1349670121,1,0.0,C
1349670121,1,0.0,C
1349670121,1,0.0,C
1349670121,1,0.0,C
1349670121,1,0.0,C
895118200,1,-0.0004307766817127079,N
895118200,1,-0.0004908941769848352,N
895118200,1,-0.0023777536952577227,N
895118200,1,-0.0005858107269676727,N
895118200,1,-0.0029185056375973795,N
269171368,1,-4.667767471933093e-05,C
269171368,1,-5.126766316870812e-05,C
269171368,1,-8.20359985073682e-05,C
269171368,1,1.4810009352161924e-05,C
269171368,1,-9.875446273893695e-05,C
1583930800,1,-2.4448720152003833e-05,C
1583930800,1,-4.002798306979027e-06,C
1583930800,1,-4.002798306979027e-06,C
1583930800,1,-6.560158929763693e-05,C
1583930800,1,-3.0803038676141536e-05,C
738150152,1,-0.00019010722807555336,O
738150152,1,-0.00012830473727326597,O
738150152,1,-9.360426666477073e-05,O
738150152,1,-0.00016817916098915697,O
738150152,1,-0.00019904524356173514,O
1168541985,1,-1.3227721993136488e-05,C
1168541985,1,-2.799328758201769e-05,C
1168541985,1,-3.464849978840334e-05,C
1168541985,1,-4.5223025317620014e-05,C
1168541985,1,-4.742280843089697e-05,C
2747850234,1,-0.0015822754425459107,C
2747850234,1,-0.0005906097777306774,C
2747850234,1,-0.0004321354512406006,C
2747850234,1,0.00015788174854963755,C
2747850234,1,-0.000260145691876712,C
3134313966,1,-0.0009569209404708956,O
3134313966,1,-0.0005688638851071293,O
3134313966,1,-0.001004315246051879,O
3134313966,1,2.956755787708598e-05,O
3134313966,1,-0.0012418991680009372,O
1503972698,1,-9.542324731881546e-06,C
1503972698,1,-0.00023865322517502285,C
1503972698,1,-0.00012567798099677452,C
1503972698,1,0.0003017260069853589,C
1503972698,1,-0.00016616145747871958,C
892756502,1,-0.0011960887590420355,C
892756502,1,-0.0013249263969628,C
892756502,1,-0.0015308223529845177,C
892756502,1,-0.0028663705236632864,C
892756502,1,0.0009585948134552824,C
3136829774,1,0.0,N
3136829774,1,0.0,N
3136829774,1,0.0,N
3136829774,1,0.0,N
3136829774,1,0.0,N
3143719699,1,0.0005325496712712541,C
3143719699,1,0.0011723376246740025,C
3143719699,1,9.420550118238724e-05,C
3143719699,1,-2.2978134663731442e-05,C
3143719699,1,0.0009468547193279275,C
1360035982,1,1.8600540440838476e-05,N
1360035982,1,0.00010041383677616977,N
1360035982,1,4.4272470432149547e-05,N
1360035982,1,7.596511662416594e-05,N
1360035982,1,2.8468679332649405e-05,N
908339072,1,-3.846138891644424e-05,C
908339072,1,9.200461460306952e-05,C
908339072,1,7.914818641635568e-05,C
908339072,1,-1.670396134934027e-05,C
908339072,1,-4.612756666805273e-05,C
974827889,1,-3.894545462984622e-05,C
974827889,1,-1.0979829632273841e-05,C
974827889,1,-4.622390283537392e-05,C
974827889,1,-1.5737334353893573e-05,C
974827889,1,-3.2472005659867076e-05,C
1343371647,1,-0.00017282905488252842,N
1343371647,1,-0.0003795642051082626,N
1343371647,1,-0.00016713568305343207,N
1343371647,1,1.7190287539770033e-05,N
1343371647,1,-0.00020662556818129563,N
2669055056,1,-0.00017378450254162958,N
2669055056,1,-0.00013543561858719855,N
2669055056,1,-0.000749525930726469,N
2669055056,1,-0.0003994616605045298,N
2669055056,1,-0.00019863232276134957,N
2341585586,1,-2.5974947521434366e-05,N
2341585586,1,-2.5974947521434366e-05,N
2341585586,1,-2.5974947521434366e-05,N
2341585586,1,-2.4448720152003833e-05,N
2341585586,1,-1.5262273694305328e-06,N
934540015,1,0.0,C
934540015,1,0.0,C
934540015,1,0.0,C
934540015,1,0.0,C
934540015,1,0.0,C
3794207567,1,-0.0022722927717745423,C
3794207567,1,-0.0023640365805472907,C
3794207567,1,-0.003295951657594165,C
3794207567,1,-0.002539041487852778,C
3794207567,1,-0.0030717119258322767,C
3278587996,1,-2.1850362887543273e-05,C
3278587996,1,-2.1850362887543273e-05,C
3278587996,1,-2.4448720152003833e-05,C
3278587996,1,2.59835726446056e-06,C
3278587996,1,-2.4448720152003833e-05,C
4223108416,1,-2.9404829832602175e-05,C
4223108416,1,-3.437384074411742e-05,C
4223108416,1,-3.2843812061200683e-05,C
4223108416,1,-2.9404829832602175e-05,C
4223108416,1,-2.9404829832602175e-05,C
1131570738,1,0.0,N
1131570738,1,0.0,N
1131570738,1,0.0,N
1131570738,1,0.0,N
1131570738,1,0.0,N
2258843522,1,-9.436905132459428e-05,C
2258843522,1,-0.00015850700843950127,C
2258843522,1,-0.00015250074504813416,C
2258843522,1,-5.06829201737391e-05,C
2258843522,1,-0.00011874407691064848,C
4257302536,1,-0.0003780739486232698,N
4257302536,1,-0.00043270447742810303,N
4257302536,1,-0.000659575839453308,N
4257302536,1,-0.00023168528573352942,N
4257302536,1,-0.0002737198616739045,N
2840370843,1,0.0,C
2840370843,1,-1.690710421459185e-05,C
2840370843,1,-2.4906618939946057e-05,C
2840370843,1,-2.4290862041365102e-05,C
2840370843,1,1.0721298950300273e-06,C
1420730566,1,0.0,C
1420730566,1,0.0,C
1420730566,1,0.0,C
1420730566,1,0.0,C
1420730566,1,0.0,C
434045476,1,-0.00018350720162951806,O
434045476,1,-4.249045447157762e-07,O
434045476,1,-4.249045447157762e-07,O
434045476,1,-0.00030520499303415827,O
434045476,1,-7.953431826923651e-05,O
894436332,1,-7.185423177308303e-05,N
894436332,1,0.0001885391852728957,N
894436332,1,-0.00010763388067103197,N
894436332,1,-0.00032888105115613797,N
894436332,1,-0.0002654410307135202,N
3117292559,1,-4.511025189390949e-06,C
3117292559,1,-0.0005447430166413691,C
3117292559,1,-0.0009715460505961282,C
3117292559,1,-0.0008045332347995093,C
3117292559,1,-0.0004462107890677025,C
1923187777,1,1.0116687770234112e-05,N
1923187777,1,9.325515865188372e-06,N
1923187777,1,7.609470992364642e-05,N
1923187777,1,8.378558763483257e-05,N
1923187777,1,8.030429129485261e-05,N
2530048747,1,0.0,N
2530048747,1,0.0,N
2530048747,1,0.0,N
2530048747,1,0.0,N
2530048747,1,0.0,N
622481563,1,-0.0008616234226206942,C
622481563,1,-0.00016142503307703393,C
622481563,1,-0.0008667159430674198,C
622481563,1,-0.0013772747654357542,C
622481563,1,-0.0008616234226206942,C
1922070456,1,0.0,C
1922070456,1,0.0,C
1922070456,1,0.0,C
1922070456,1,0.0,C
1922070456,1,0.0,C
3995043796,1,0.0009237424015286488,C
3995043796,1,0.0006527054799774223,C
3995043796,1,0.000714621315222097,C
3995043796,1,-0.0006873332539063526,C
3995043796,1,0.0009631380742359252,C
2065735937,1,0.0,C
2065735937,1,0.0,C
2065735937,1,0.0,C
2065735937,1,0.0,C
2065735937,1,0.0,C
3308295291,1,0.0010135710960181843,C
3308295291,1,0.0010039870752178714,C
3308295291,1,0.0008279224880052838,C
3308295291,1,0.0010106163154623427,C
3308295291,1,1.3176184954499792e-05,C
584893129,1,-0.0005906097777306774,C
584893129,1,-0.0005136435094805214,C
584893129,1,-0.0003975022569601694,C
584893129,1,-0.0006131862471366323,C
584893129,1,-0.00010772543044001992,C
413654173,1,-0.0003399743522208287,C
413654173,1,-0.002778066125951717,C
413654173,1,-0.0029490320103072176,C
413654173,1,-0.0018465231664169246,C
413654173,1,-0.0009326728737663603,C
68671624,1,0.0,C
68671624,1,0.0,C
68671624,1,0.0,C
68671624,1,0.0,C
68671624,1,0.0,C
2488692798,1,-0.004332929933731189,C
2488692798,1,-0.006079603763695152,C
2488692798,1,-0.0063634164757718215,C
2488692798,1,-0.006079603763695152,C
2488692798,1,-0.005932871012945207,C
3084241488,1,0.0014262082893418127,C
3084241488,1,0.0019971687721545006,C
3084241488,1,0.0010560439280095646,C
3084241488,1,0.001983790183563372,C
3084241488,1,0.0019648557375346876,C
4158944142,1,-0.005715387260654292,C
4158944142,1,-0.008347606374250083,C
4158944142,1,-0.004945299623278776,C
4158944142,1,-0.004411517141103938,C
4158944142,1,-0.006260268496653565,C
1469940320,1,-0.00023364395745378852,C
1469940320,1,-0.00022249127043905137,C
1469940320,1,0.00024959554080117297,C
1469940320,1,0.00010632941490185122,C
1469940320,1,-3.1995303324483526e-05,C
662511025,1,-0.00018830562402138984,N
662511025,1,-0.00032880242069438514,N
662511025,1,0.0002649628691432926,N
662511025,1,-0.0007755567062256996,N
662511025,1,-0.0007556317727484552,N
2908279847,1,0.0,C
2908279847,1,0.0,C
2908279847,1,0.0,C
2908279847,1,0.0,C
2908279847,1,0.0,C
68650007,1,2.903839298895594e-05,C
68650007,1,0.00021944545887159217,C
68650007,1,8.52415988077948e-05,C
68650007,1,-0.00014155871416193788,C
68650007,1,0.00022188981674264863,C
3337420400,1,3.603076331964994e-05,C
3337420400,1,0.00018813574752768458,C
3337420400,1,6.589883196644886e-05,C
3337420400,1,-2.4448720152003833e-05,C
3337420400,1,8.579031425759442e-06,C
1979311206,1,0.00040497358260860317,O
1979311206,1,0.00044320548069720633,O
1979311206,1,0.0009576384127353288,O
1979311206,1,0.0002194956924050362,O
1979311206,1,-0.0006939581203959655,O
2849741637,1,0.00013363063105015227,C
2849741637,1,-0.00021419325842886305,C
2849741637,1,-0.0007981499540630765,C
2849741637,1,0.00017965526697255596,C
2849741637,1,0.00022946425821918082,C
1664608228,1,-2.3388564105553122e-05,C
1664608228,1,0.0001846045126193685,C
1664608228,1,-0.00015381193167668394,C
1664608228,1,-6.247440915613245e-05,C
1664608228,1,0.0002811388671213333,C
1121298566,1,-3.767644214508481e-05,C
1121298566,1,-2.799328758201769e-05,C
1121298566,1,-3.464849978840334e-05,C
1121298566,1,3.3627608679809295e-05,C
1121298566,1,1.9341452374088686e-05,C
3531344838,1,0.0,
3531344838,1,0.0,
3531344838,1,0.0,
3531344838,1,0.0,
3531344838,1,0.0,
3273018953,1,-0.0005249863703044588,C
3273018953,1,-0.0005016028190210631,C
3273018953,1,-0.0005682573362655874,C
3273018953,1,-0.00041558480866871195,C
3273018953,1,-0.00020498918261779853,C
2034850751,1,-6.18001475072294e-06,C
2034850751,1,-2.4367567145744395e-06,C
2034850751,1,-1.9356199705222732e-05,C
2034850751,1,-1.9356199705222732e-05,C
2034850751,1,-1.633947194984442e-05,C
4104822550,1,-0.00013465812142238187,C
4104822550,1,-0.0008873852388482373,C
4104822550,1,0.001358347148725847,C
4104822550,1,0.00047110417869217214,C
4104822550,1,-0.0007424474851031593,C
1704599822,1,7.836628338070417e-05,C
1704599822,1,-0.0003185301427152676,C
1704599822,1,0.00026835641856276515,C
1704599822,1,-0.00016760984578167992,C
1704599822,1,-0.00020966107237602172,C
3019519651,1,0.0,C
3019519651,1,0.0,C
3019519651,1,0.0,C
3019519651,1,0.0,C
3019519651,1,0.0,C
3781885420,1,-0.0003426988932896946,N
3781885420,1,0.00010832225160312126,N
3781885420,1,-1.9122415512828894e-05,N
3781885420,1,-0.00021730360482713484,N
3781885420,1,-0.00034999450132061627,N
579898624,1,0.0006782315329084132,C
579898624,1,0.0007219685008321153,C
579898624,1,0.0009232865307541305,C
579898624,1,0.0005870433169164468,C
579898624,1,0.001018176916314617,C
899522708,1,0.0,C
899522708,1,0.0,C
899522708,1,0.0,C
899522708,1,0.0,C
899522708,1,0.0,C
550081331,1,-0.0014097179551576522,C
550081331,1,-0.0009958420795643241,C
550081331,1,-0.0006726794786061085,C
550081331,1,-0.0002932622213051017,C
550081331,1,-0.0006726794786061085,C
104363044,1,0.0,
104363044,1,0.0,
104363044,1,0.0,
104363044,1,0.0,
104363044,1,0.0,
2072239802,1,-0.0019290426492509782,C
2072239802,1,-0.001948599884644131,C
2072239802,1,-0.0014212091859543419,C
2072239802,1,-0.0018481830412528932,C
2072239802,1,-0.003590934477163188,C
3394178578,1,0.00010110878273894564,C
3394178578,1,0.00028659331157832035,C
3394178578,1,0.0002712357228639162,C
3394178578,1,3.0618899762746565e-05,C
3394178578,1,0.00022581806525340253,C
2013664411,1,-7.845856380889193e-05,C
2013664411,1,-4.984039534922102e-05,C
2013664411,1,2.1091495736036414e-06,C
2013664411,1,-4.984039534922102e-05,C
2013664411,1,-6.523084181575545e-05,C
3346582092,1,0.0003289194712168264,N
3346582092,1,0.0002320476085237444,N
3346582092,1,0.00023823291151142678,N
3346582092,1,-3.7732075858165626e-05,N
3346582092,1,-2.7619916271370837e-05,N
4291484675,1,0.0012365769082464118,N
4291484675,1,0.0012610256283984156,N
4291484675,1,0.0012365769082464118,N
4291484675,1,0.001943439675726133,N
4291484675,1,0.0012365769082464118,N
3275683399,1,-0.0006519115763544692,N
3275683399,1,-0.00033930968384821014,N
3275683399,1,-0.0006358963430835307,N
3275683399,1,-0.00020416623170643744,N
3275683399,1,-0.0005321629715179799,N
2775257855,1,-0.001271351958374023,C
2775257855,1,0.0014161873791445623,C
2775257855,1,-0.0003716481440497188,C
2775257855,1,-0.0004474189636353709,C
2775257855,1,0.0014080826495502796,C
2810421479,1,0.0006182928406459065,O
2810421479,1,-1.952049798747968e-06,O
2810421479,1,-0.0006259108854637652,O
2810421479,1,-0.0002482954101021839,O
2810421479,1,-0.00035384211515004926,O
2662374534,1,0.0,C
2662374534,1,0.0,C
2662374534,1,0.0,C
2662374534,1,0.0,C
2662374534,1,0.0,C
3461773897,1,0.0,N
3461773897,1,0.0,N
3461773897,1,0.0,N
3461773897,1,0.0,N
3461773897,1,0.0,N
344019891,1,0.0014621119093765067,N
344019891,1,0.0005464102628642276,N
344019891,1,0.0008133890893406437,N
344019891,1,0.0005219615427122237,N
344019891,1,-0.0006393119410597614,N
3402570011,1,0.0,C
3402570011,1,0.0,C
3402570011,1,0.0,C
3402570011,1,0.0,C
3402570011,1,0.0,C
1199016914,1,-0.001664650581930549,C
1199016914,1,-0.0008827753719085618,C
1199016914,1,-0.0007947740337716502,C
1199016914,1,-0.0007802799635863722,C
1199016914,1,-0.0010689097704441042,C
1714595447,1,0.0020782864727041384,C
1714595447,1,0.0017029513661748763,C
1714595447,1,0.0022458758992951466,C
1714595447,1,0.002070069054825041,C
1714595447,1,0.0023044946471895145,C
871396902,1,-0.0001809993727617809,C
871396902,1,-0.0004742615940668826,C
871396902,1,-0.0003903656560766966,C
871396902,1,-6.383586563135646e-05,C
871396902,1,-0.00018522302358348064,C
2845936339,1,0.0002927025114349835,C
2845936339,1,0.00013335113027540535,C
2845936339,1,7.935099417349933e-05,C
2845936339,1,-5.820559590474783e-06,C
2845936339,1,0.00013666711783949514,C
3880022399,1,0.0001729024155588954,C
3880022399,1,-0.0001360510107356605,C
3880022399,1,-0.00014120655133326165,C
3880022399,1,3.781629867144476e-05,C
3880022399,1,-1.5335913815917035e-05,C
410310586,1,0.0006089757298073928,C
410310586,1,0.0009912044064383507,C
410310586,1,0.0008859636233087276,C
410310586,1,9.931129964962926e-05,C
410310586,1,-1.3740596440492414e-05,C
2612409031,1,-2.8750108575781308e-05,C
2612409031,1,-1.6927458637738813e-05,C
2612409031,1,-2.4448720152003833e-05,C
2612409031,1,-4.007493263424866e-05,C
2612409031,1,-3.863339506787744e-05,C
2375987095,1,0.0,C
2375987095,1,0.0,C
2375987095,1,0.0,C
2375987095,1,0.0,C
2375987095,1,0.0,C
1294138518,1,-2.18249847924179e-05,S
1294138518,1,6.676194194588092e-06,S
1294138518,1,-8.648799837918109e-06,S
1294138518,1,3.1091340978783855e-05,S
1294138518,1,3.514137268817441e-05,S
293971392,1,-0.0007190066465807554,N
293971392,1,-2.18249847924179e-05,N
293971392,1,-0.00046226723708137074,N
293971392,1,-0.0007220233743361337,N
293971392,1,-0.00044458828182381005,N
4036774035,1,-0.0006841749182183721,C
4036774035,1,-0.00010016904076004529,C
4036774035,1,-0.00040468050307079784,C
4036774035,1,-0.0001330228481029594,C
4036774035,1,-0.00015003183368844653,C
1010142783,1,-0.001130261950670619,O
1010142783,1,-0.0010399390655712604,O
1010142783,1,-0.0012043499279856817,O
1010142783,1,-0.001580855156344041,O
1010142783,1,-0.0011628508710838648,O
3120364749,1,-0.0001655923034821205,N
3120364749,1,-9.228670212008128e-05,N
3120364749,1,-0.00010539445053969754,N
3120364749,1,-0.00011642262018435323,N
3120364749,1,-0.00014843094021038672,N
3662562115,1,-0.00038263406658328725,C
3662562115,1,-0.0004818256067973814,C
3662562115,1,-0.000386563951605301,C
3662562115,1,-0.00023204412187377566,C
3662562115,1,-0.0008017863805320768,C
3921298496,1,0.0,C
3921298496,1,0.0,C
3921298496,1,0.0,C
3921298496,1,0.0,C
3921298496,1,0.0,C
737501821,1,0.0010965819172089608,C
737501821,1,2.4445449850973855e-05,C
737501821,1,0.001719224418882892,C
737501821,1,0.0006116775967526245,C
737501821,1,0.0006253670099389819,C
2024004397,1,0.00018977145758830583,N
2024004397,1,0.00032738837264201237,N
2024004397,1,-4.746993708060199e-06,N
2024004397,1,-7.693622404669753e-05,N
2024004397,1,0.0006744372962425582,N
751208592,1,-1.6300310721140132e-05,C
751208592,1,-4.4482049907534904e-05,C
751208592,1,-1.4887076145220224e-05,C
751208592,1,-8.289079434159463e-05,C
751208592,1,5.319714945217768e-06,C
3953445033,1,0.0,S
3953445033,1,0.0,S
3953445033,1,0.0,S
3953445033,1,0.0,S
3953445033,1,0.0,S
497870099,1,-3.4616879275362056e-05,C
497870099,1,0.00010198821702872563,C
497870099,1,0.00023187381880007685,C
497870099,1,-0.00016894629459129895,C
497870099,1,0.0002340736019133538,C
3417531975,1,-1.7128469964544646e-05,C
3417531975,1,-3.932463410499798e-05,C
3417531975,1,-3.5023245681220505e-05,C
3417531975,1,7.320250187403676e-06,C
3417531975,1,2.204203522132575e-05,C
1044405971,1,0.0007351259385739994,C
1044405971,1,0.00019138511598049135,C
1044405971,1,0.00025826946359724934,C
1044405971,1,0.00018798776323564192,C
1044405971,1,2.593761244429338e-05,C
2394338241,1,-0.00027921147334203367,C
2394338241,1,-0.0001283910832288182,C
2394338241,1,-0.0003738537280636445,C
2394338241,1,-7.281490637833787e-06,C
2394338241,1,0.0001179759976552841,C
1271691605,1,-0.00033151076849519123,S
1271691605,1,-0.00036523487031719926,S
1271691605,1,-0.0005319925281345173,S
1271691605,1,-0.00045243503209957403,S
1271691605,1,-0.0003151172721230777,S
3643491447,1,-0.0003932922260405092,C
3643491447,1,-0.0003932922260405092,C
3643491447,1,-0.00027986150055864245,C
3643491447,1,0.000864508484695603,C
3643491447,1,-0.0005162269231294148,C
21411075,1,3.844000091857147e-05,C
21411075,1,-0.00044350841058632406,C
21411075,1,0.0001871488943998023,C
21411075,1,-0.0001127043031753372,C
21411075,1,-7.682295499295e-05,C
413381818,1,0.00025068418876700305,C
413381818,1,-0.0009323567369547425,C
413381818,1,0.0005200678744997078,C
413381818,1,0.00011128940432231227,C
413381818,1,0.00039094713003506865,C
3082607741,1,-2.9404829832602175e-05,C
3082607741,1,-2.6356162258434068e-05,C
3082607741,1,-2.9404829832602175e-05,C
3082607741,1,-2.1893645446580123e-07,C
3082607741,1,-2.6356162258434068e-05,C
4216649732,1,0.0,S
4216649732,1,0.0,S
4216649732,1,0.0,S
4216649732,1,0.0,S
4216649732,1,0.0,S
371876130,1,0.0,C
371876130,1,0.0,C
371876130,1,0.0,C
371876130,1,0.0,C
371876130,1,0.0,C
1978844073,1,-0.00027704722022059425,O
1978844073,1,-0.000848654428828588,O
1978844073,1,-0.001352319730218765,O
1978844073,1,0.00027780415455014307,O
1978844073,1,-0.0011088305035532597,O
1671692019,1,0.0,C
1671692019,1,0.0,C
1671692019,1,0.0,C
1671692019,1,0.0,C
1671692019,1,0.0,C
2070976245,1,-0.002055198652744672,C
2070976245,1,-0.0007224838406293399,C
2070976245,1,-0.001064033174757617,C
2070976245,1,-0.002906890465505574,C
2070976245,1,-0.0015672299424215885,C
845764036,1,-0.0005892850329132782,C
845764036,1,-0.001120092136585149,C
845764036,1,-0.0009949274679318942,C
845764036,1,-0.0005171976712695092,C
845764036,1,-0.00035674276002878313,C
2559453089,1,-4.634571686862321e-05,C
2559453089,1,-0.0001320586455031969,C
2559453089,1,-0.00011826025393751882,C
2559453089,1,-6.205473449422128e-05,C
2559453089,1,-3.4395177606449945e-05,C
3286377484,1,0.0,C
3286377484,1,0.0,C
3286377484,1,0.0,C
3286377484,1,0.0,C
3286377484,1,0.0,C
2200148275,1,-9.88030178284971e-05,N
2200148275,1,-0.0004477948986031377,N
2200148275,1,7.75091396315597e-05,N
2200148275,1,-0.0003233955152266432,N
2200148275,1,-0.00016128217181232696,N
1962383056,1,0.0,N
1962383056,1,0.0,N
1962383056,1,0.0,N
1962383056,1,0.0,N
1962383056,1,0.0,N
3012778962,1,-0.0007127192796411719,N
3012778962,1,0.00016091197443124372,N
3012778962,1,0.00016688442881229726,N
3012778962,1,0.0019910606721075252,N
3012778962,1,0.00027875291798756807,N
1620258790,1,-3.359558329313339e-05,N
1620258790,1,0.00035165825921246174,N
1620258790,1,-9.107738546093591e-05,N
1620258790,1,7.766388398217083e-05,N
1620258790,1,0.00015507901451167205,N
3372254436,1,-3.637407941847748e-05,O
3372254436,1,-5.97857588632289e-05,O
3372254436,1,-5.4125018157824556e-05,O
3372254436,1,-3.247408213152836e-05,O
3372254436,1,-7.570615784657786e-06,O
330223697,1,6.846924942016663e-07,C
330223697,1,-2.3495952239271922e-05,C
330223697,1,-4.561223375354473e-05,C
330223697,1,-5.223802810261358e-06,C
330223697,1,-9.424028424520614e-06,C
1208423463,1,0.0023906052852590842,C
1208423463,1,0.001976411581803006,C
1208423463,1,0.0015928683044497127,C
1208423463,1,0.001398534102859561,C
1208423463,1,0.0023324460279884884,C
141882433,1,-1.2179016792568387e-05,C
141882433,1,-1.1293017794788973e-06,C
141882433,1,1.2269703359490958e-05,C
141882433,1,-2.18249847924179e-05,C
141882433,1,-8.648799837918109e-06,C
3727977332,1,-2.2641803082534828e-05,N
3727977332,1,-2.2641803082534828e-05,N
3727977332,1,6.090098773281483e-06,N
3727977332,1,-5.719320093078295e-06,N
3727977332,1,-1.4311627409835381e-06,N
535847852,1,0.0009043022615218832,C
535847852,1,0.00034994822765777034,C
535847852,1,6.809591034223628e-05,C
535847852,1,0.0003271515418524773,C
535847852,1,0.0008881781759606522,C
422165373,1,-6.249333136731927e-05,C
422165373,1,-1.896320730937484e-05,C
422165373,1,6.755584986695151e-06,C
422165373,1,-5.479143057435243e-05,C
422165373,1,1.1816564069178082e-05,C
176403689,1,0.0009970680924337172,C
176403689,1,-0.00023280545925841167,C
176403689,1,0.0003518004189796975,C
176403689,1,0.0014163328103786732,C
176403689,1,0.0006217674959040353,C
1735672143,1,-8.129931117323297e-05,C
1735672143,1,-3.4226478223264856e-06,C
1735672143,1,-4.4637512643941335e-05,C
1735672143,1,-2.4448720152003833e-05,C
1735672143,1,-4.4637512643941335e-05,C
1266193593,1,-0.0009224770083829936,C
1266193593,1,-0.0007534457151097684,C
1266193593,1,-0.0012719199554835914,C
1266193593,1,-0.000620281621263874,C
1266193593,1,-0.0013474751365895599,C
29410177,1,0.0,N
29410177,1,0.0,N
29410177,1,0.0,N
29410177,1,0.0,N
29410177,1,0.0,N
808416955,1,-0.0001332670009877024,S
808416955,1,3.699878347529495e-06,S
808416955,1,0.0001344372693767304,S
808416955,1,-0.00027103314984827653,S
808416955,1,-0.0001796379155587502,S
1949014205,1,0.0,
1949014205,1,0.0,
1949014205,1,0.0,
1949014205,1,0.0,
1949014205,1,0.0,
3431706413,1,0.0,C
3431706413,1,0.0,C
3431706413,1,0.0,C
3431706413,1,0.0,C
3431706413,1,0.0,C
150310,1,0.0,C
150310,1,0.0,C
150310,1,0.0,C
150310,1,0.0,C
150310,1,0.0,C
465304290,1,-0.00015519853786249982,C
465304290,1,-0.00016457858406188075,C
465304290,1,-0.00013989893579369195,C
465304290,1,5.377718371396556e-05,C
465304290,1,-0.00011152516839257887,C
3093061208,1,-1.4100527607863178e-05,C
3093061208,1,-2.4448720152003833e-05,C
3093061208,1,-5.2001547966029626e-05,C
3093061208,1,-7.652550817160986e-05,C
3093061208,1,-7.243943626877858e-05,C
3012865236,1,-0.00018242059016171375,N
3012865236,1,-0.0004203301727997988,N
3012865236,1,-1.4908485091391643e-05,N
3012865236,1,4.161697296362066e-05,N
3012865236,1,-1.7749202053440882e-05,N
792968423,1,-0.00020119492436415642,C
792968423,1,-0.00030878122424987664,C
792968423,1,-0.00042803188504003664,C
792968423,1,-0.00039463159295938244,C
792968423,1,-0.0002915826278401812,C
170727310,1,-0.006810840415303554,C
170727310,1,-0.009502455141148836,C
170727310,1,-0.006244460074199598,C
170727310,1,-0.004449303175170616,C
170727310,1,-0.008054113279964525,C
2459558207,1,-0.0003449849738321187,C
2459558207,1,-0.00028318999343251994,C
2459558207,1,-0.0003341429844188615,C
2459558207,1,-0.00018017348579807413,C
2459558207,1,-0.0006070713060871147,C
1323888424,1,0.0001608248275546953,N
1323888424,1,-0.00030899302576681276,N
1323888424,1,-0.0004315854062232338,N
1323888424,1,-0.0007717968171618295,N
1323888424,1,-0.0001567416418203904,N
2975116251,1,-1.4734528431314953e-05,N
2975116251,1,0.0,N
2975116251,1,-1.171780067593664e-05,N
2975116251,1,-1.7228691613635494e-05,N
2975116251,1,-2.4448720152003833e-05,N
1819912581,1,9.65243247295633e-05,C
1819912581,1,-4.462491270951219e-08,C
1819912581,1,0.0011207880846736962,C
1819912581,1,0.001446120989367139,C
1819912581,1,0.001404682847367389,C
335878828,1,-6.18385234121277e-05,C
335878828,1,2.199121628104761e-05,C
335878828,1,-6.292705750921002e-05,C
335878828,1,-8.70916549104428e-05,C
335878828,1,-3.7098455612560866e-05,C
3975295864,1,-0.0008084969082874371,C
3975295864,1,4.864741606719347e-05,C
3975295864,1,-0.00036998403750826414,C
3975295864,1,0.0007182412350284495,C
3975295864,1,-0.0040907281920752325,C
239116674,1,-2.7053020008049877e-05,C
239116674,1,-2.4448720152003833e-05,C
239116674,1,-2.4448720152003833e-05,C
239116674,1,-2.7053020008049877e-05,C
239116674,1,-2.7053020008049877e-05,C
3538861869,1,0.0,C
3538861869,1,0.0,C
3538861869,1,0.0,C
3538861869,1,0.0,C
3538861869,1,0.0,C
934550081,1,0.00024145868038044638,N
934550081,1,-0.00020212761905813448,N
934550081,1,0.0007662778684301985,N
934550081,1,-0.0004339146585523035,N
934550081,1,-0.0002598876509311565,N
3316027208,1,0.0,C
3316027208,1,0.0,C
3316027208,1,0.0,C
3316027208,1,0.0,C
3316027208,1,0.0,C
2865977551,1,-0.00030729625323089316,S
2865977551,1,-2.558480893977144e-06,S
2865977551,1,-0.0002269934157189124,S
2865977551,1,-0.00055455621305045,S
2865977551,1,-0.0003493293178267187,S
3183067622,1,-0.0013596638468707511,O
3183067622,1,-0.00037660433604552734,O
3183067622,1,-0.0009694577382313163,O
3183067622,1,-0.0003356555029179753,O
3183067622,1,-0.001084643286018372,O
564293713,1,0.0,
564293713,1,0.0,
564293713,1,0.0,
564293713,1,0.0,
564293713,1,0.0,
1428903162,1,0.00012717886697782843,C
1428903162,1,-0.0009229015028652254,C
1428903162,1,0.00013113719477580998,C
1428903162,1,0.002850026727604704,C
1428903162,1,0.0001936693137013501,C
1467524174,1,6.705079109287082e-05,C
1467524174,1,1.615250781211719e-05,C
1467524174,1,7.519498058494722e-06,C
1467524174,1,-2.4448720152003833e-05,C
1467524174,1,-5.055734180803295e-06,C
651269745,1,-0.00010889457842538919,C
651269745,1,-5.388129485189852e-05,C
651269745,1,0.00015126867593640014,C
651269745,1,-0.00012779684240388223,C
651269745,1,2.6508930976831824e-05,C
3268335377,1,0.005240656656388287,N
3268335377,1,0.006794239367623578,N
3268335377,1,0.006373564302902535,N
3268335377,1,0.007226545357986391,N
3268335377,1,0.004872789498073349,N
1280488931,1,0.00020534095881025172,N
1280488931,1,3.596948968720426e-05,N
1280488931,1,0.00036159704305738227,N
1280488931,1,0.00027213758822192124,N
1280488931,1,-0.00025301221568330146,N
2098262959,1,-0.00014786592583043712,C
2098262959,1,0.0001290594907020215,C
2098262959,1,-0.00010975235837612507,C
2098262959,1,-0.00013810984046042085,C
2098262959,1,3.8842454313348096e-05,C
2485994647,1,-5.117059302950366e-06,N
2485994647,1,9.510917241495331e-06,N
2485994647,1,-1.1205139433700939e-05,N
2485994647,1,-2.9241290965820177e-06,N
2485994647,1,-1.2917740078999262e-05,N
3088984962,1,9.391568305527898e-05,C
3088984962,1,-5.533032363558288e-05,C
3088984962,1,2.4024346713169553e-05,C
3088984962,1,5.771233526569164e-05,C
3088984962,1,5.771233526569164e-05,C
3042542132,1,-0.0023050630423087637,N
3042542132,1,-0.002606362861588385,N
3042542132,1,-0.0030143105629322764,N
3042542132,1,-0.0024219319617321267,N
3042542132,1,-0.0033817670745687756,N
373109870,1,0.0,C
373109870,1,0.0,C
373109870,1,0.0,C
373109870,1,0.0,C
373109870,1,0.0,C
2677752761,1,-2.494573125516597e-05,C
2677752761,1,-4.815736651309077e-05,C
2677752761,1,-2.6885476866578273e-05,C
2677752761,1,-4.729284609666928e-05,C
2677752761,1,-5.080075231489456e-05,C
3807907321,1,-2.4448720152003833e-05,O
3807907321,1,1.317853649185352e-05,O
3807907321,1,-1.1270183660150312e-05,O
3807907321,1,-2.0455867166924158e-05,O
3807907321,1,-3.922642395759457e-05,O
2587571567,1,-2.1850362887543273e-05,C
2587571567,1,-2.4448720152003833e-05,C
2587571567,1,-2.4448720152003833e-05,C
2587571567,1,0.0,C
2587571567,1,-2.1850362887543273e-05,C
3701504231,1,-6.913775150330093e-05,N
3701504231,1,-8.069089446421929e-05,N
3701504231,1,0.0015650284040088502,N
3701504231,1,-2.9899243481290583e-05,N
3701504231,1,0.0013147131445142568,N
369315086,1,-6.0724634918851716e-05,C
369315086,1,0.0004927172748302455,C
369315086,1,3.868374364301985e-05,C
369315086,1,0.0002221789856730605,C
369315086,1,0.00029449192005226443,C
1965692378,1,8.238945239408269e-05,N
1965692378,1,9.124064384719022e-05,N
1965692378,1,0.0,N
1965692378,1,0.00010984118428797318,N
1965692378,1,0.00010984118428797318,N
1633777018,1,0.0002623374756473562,C
1633777018,1,0.0003652005782763812,C
1633777018,1,0.00024074266962320623,C
1633777018,1,9.17502059323283e-05,C
1633777018,1,0.00011559631950519567,C
3757038672,1,0.0018790033866560862,C
3757038672,1,-0.0003549975179218401,C
3757038672,1,0.0016380963648632285,C
3757038672,1,0.003362814330467423,C
3757038672,1,0.002098429830744708,C
2677858541,1,-5.864540322819689e-05,C
2677858541,1,-0.0002651932913192989,C
2677858541,1,-0.0004324203880367583,C
2677858541,1,-0.00025913576249980697,C
2677858541,1,-0.0004236272854133971,C
1446204275,1,6.72967297627447e-05,C
1446204275,1,0.00012313489868703842,C
1446204275,1,0.0005125920886311364,C
1446204275,1,9.528572757100395e-05,C
1446204275,1,-0.0001452678657704043,C
3589407776,1,0.0,
3589407776,1,0.0,
3589407776,1,0.0,
3589407776,1,0.0,
3589407776,1,0.0,
3083149185,1,-5.983335097320408e-05,C
3083149185,1,-2.87415256599588e-05,C
3083149185,1,8.504385827029504e-05,C
3083149185,1,9.45368844079697e-06,C
3083149185,1,-2.221067877139493e-05,C
337875000,1,-0.0004114963912732472,C
337875000,1,-0.0007000751098013569,C
337875000,1,-0.0007415820034054055,C
337875000,1,-0.0006562076720681986,C
337875000,1,-0.0007602541034041899,C
3887884923,1,-3.1562288089037605e-05,C
3887884923,1,-3.1562288089037605e-05,C
3887884923,1,-2.4448720152003833e-05,C
3887884923,1,-2.936250497576065e-05,C
3887884923,1,-2.936250497576065e-05,C
4256629345,1,-1.4734528431314953e-05,C
4256629345,1,9.71419172063337e-06,C
4256629345,1,-1.7358263790900885e-05,C
4256629345,1,-1.171780067593664e-05,C
4256629345,1,-2.6550325462504354e-05,C
662595032,1,2.1939809638549246e-05,N
662595032,1,-2.539493031761264e-05,N
662595032,1,1.3984483764162281e-05,N
662595032,1,5.565692734638139e-05,N
662595032,1,4.5308734802240735e-05,N
3777243454,1,-0.0004317044733560538,C
3777243454,1,0.0006180610260412278,C
3777243454,1,9.15580696073115e-05,C
3777243454,1,-4.464110631924312e-05,C
3777243454,1,0.00036238748198413884,C
982949046,1,-5.135592953037227e-05,C
982949046,1,2.459042877972495e-05,C
982949046,1,-5.30444351823367e-05,C
982949046,1,-2.8787982211231355e-05,C
982949046,1,-5.698372525902995e-05,C
267757375,1,0.0,C
267757375,1,0.0,C
267757375,1,0.0,C
267757375,1,0.0,C
267757375,1,0.0,C
2157595070,1,-0.0007390995719659399,C
2157595070,1,-0.0003665435508219961,C
2157595070,1,-0.0012354644356539213,C
2157595070,1,-8.238243640795728e-05,C
2157595070,1,-0.0009319989645041882,C
895910141,1,-2.4448720152003833e-05,C
895910141,1,-2.1242194467141484e-05,C
895910141,1,-2.2926279947210748e-05,C
895910141,1,-1.95054614789969e-05,C
895910141,1,-1.95054614789969e-05,C
3182041044,1,0.0,C
3182041044,1,0.0,C
3182041044,1,0.0,C
3182041044,1,0.0,C
3182041044,1,0.0,C
4105666400,1,5.73819552101007e-05,C
4105666400,1,3.4066757829687155e-05,C
4105666400,1,1.2857337703009453e-05,C
4105666400,1,2.6569756630179242e-05,C
4105666400,1,-1.2688972874042026e-05,C
1891839201,1,0.0005992382371018401,C
1891839201,1,-0.0005990673618256892,C
1891839201,1,-2.5564894024332485e-05,C
1891839201,1,-0.0005681860209086342,C
1891839201,1,-0.001267913941002785,C
2584230118,1,-0.00014153699126001618,C
2584230118,1,-0.00012888725579945914,C
2584230118,1,-0.0001221121880487508,C
2584230118,1,-0.00012936818793879423,C
2584230118,1,-0.00012888725579945914,C
3696402029,1,-0.0010559183850273324,C
3696402029,1,0.000351108917834575,C
3696402029,1,0.0005983780933862537,C
3696402029,1,-0.0014942393038011037,C
3696402029,1,0.0011463963652843523,C
1263988625,1,-4.002798306979027e-06,C
1263988625,1,3.494202892528886e-06,C
1263988625,1,1.878914587910563e-05,C
1263988625,1,-1.7715217234148817e-05,C
1263988625,1,1.878914587910563e-05,C
829754261,1,0.0,C
829754261,1,0.0,C
829754261,1,0.0,C
829754261,1,0.0,C
829754261,1,0.0,C
2841547777,1,0.0,C
2841547777,1,0.0,C
2841547777,1,0.0,C
2841547777,1,0.0,C
2841547777,1,0.0,C
3059129780,1,2.2541419732402534e-05,C
3059129780,1,-6.480708010481173e-05,C
3059129780,1,6.500010343107876e-05,C
3059129780,1,7.021078514640733e-05,C
3059129780,1,-9.413818010073349e-05,C
3650394863,1,0.0,C
3650394863,1,0.0,C
3650394863,1,0.0,C
3650394863,1,0.0,C
3650394863,1,0.0,C
3288032115,1,0.0,C
3288032115,1,0.0,C
3288032115,1,0.0,C
3288032115,1,0.0,C
3288032115,1,0.0,C
1308598964,1,0.0,C
1308598964,1,0.0,C
1308598964,1,0.0,C
1308598964,1,0.0,C
1308598964,1,0.0,C
4081192417,1,-0.0001625585606124802,C
4081192417,1,0.00011129420687472358,C
4081192417,1,-0.00020285835887162706,C
4081192417,1,-7.304884155712177e-05,C
4081192417,1,0.000190873434490757,C
2085926208,1,0.0,C
2085926208,1,0.0,C
2085926208,1,0.0,C
2085926208,1,0.0,C
2085926208,1,0.0,C
1852134816,1,-0.00044849758885995294,C
1852134816,1,-0.0001864877418923938,C
1852134816,1,4.893666289240706e-05,C
1852134816,1,0.00037698427264970524,C
1852134816,1,3.432953959442431e-05,C
3628883864,1,-0.00023046003449656016,C
3628883864,1,-0.0001144069950654858,C
3628883864,1,5.788359933422971e-06,C
3628883864,1,0.0001618440480395389,C
3628883864,1,-0.0001459860002286928,C
1228815484,1,-0.0009018130451389772,C
1228815484,1,-0.0006119206044965519,C
1228815484,1,-0.0005603758837859907,C
1228815484,1,0.0001431462069351741,C
1228815484,1,-0.00017516142208795493,C
2863170677,1,0.0001633841865035235,C
2863170677,1,2.8751435857843344e-05,C
2863170677,1,-1.3294223052517928e-05,C
2863170677,1,-6.891317860457935e-05,C
2863170677,1,0.00023517877873641124,C
2126281302,1,0.00024318848674759197,C
2126281302,1,0.0003870328256984079,C
2126281302,1,0.0007277202622206214,C
2126281302,1,0.00014156541871884754,C
2126281302,1,0.001532066183810299,C
3768390624,1,-0.00021163491871845075,C
3768390624,1,-0.0001853792814969779,C
3768390624,1,-0.00010932268869873196,C
3768390624,1,-0.00022472508534249203,C
3768390624,1,-0.00017563046584440078,C
2150151661,1,-2.4448720152003833e-05,C
2150151661,1,-2.4448720152003833e-05,C
2150151661,1,-2.4448720152003833e-05,C
2150151661,1,-2.4448720152003833e-05,C
2150151661,1,-2.4448720152003833e-05,C
881868678,1,0.0,C
881868678,1,0.0,C
881868678,1,0.0,C
881868678,1,0.0,C
881868678,1,0.0,C
1796784588,1,0.0,C
1796784588,1,0.0,C
1796784588,1,0.0,C
1796784588,1,0.0,C
1796784588,1,0.0,C
3892941493,1,0.00015241243664831927,N
3892941493,1,-3.968698397049941e-05,N
3892941493,1,1.5735569776631486e-06,N
3892941493,1,-7.642933133383822e-05,N
3892941493,1,0.00017593400463122855,N
847307936,1,0.0,C
847307936,1,0.0,C
847307936,1,0.0,C
847307936,1,0.0,C
847307936,1,0.0,C
1514288082,1,0.0,N
1514288082,1,0.0,N
1514288082,1,0.0,N
1514288082,1,0.0,N
1514288082,1,0.0,N
287232915,1,0.0,C
287232915,1,0.0,C
287232915,1,0.0,C
287232915,1,0.0,C
287232915,1,0.0,C
3292836937,1,0.0,
3292836937,1,0.0,
3292836937,1,0.0,
3292836937,1,0.0,
3292836937,1,0.0,
89961214,1,-0.0006643453842935521,C
89961214,1,0.0018427376756057212,C
89961214,1,-0.000561223468268035,C
89961214,1,0.0012792153901851622,C
89961214,1,-0.0004159290276470329,C
1147977085,1,0.002905195245088421,C
1147977085,1,0.0005193572428561777,C
1147977085,1,0.0008133890893406437,C
1147977085,1,0.0005438059630081815,C
1147977085,1,-2.7053020008049877e-05,C
636182019,1,0.0,C
636182019,1,0.0,C
636182019,1,0.0,C
636182019,1,0.0,C
636182019,1,0.0,C
799373156,1,-0.0014475543815638536,C
799373156,1,-0.0010455137337742615,C
799373156,1,-0.0013776283340738993,C
799373156,1,-0.00037836696142756754,C
799373156,1,-0.0004222471368069969,C
636990493,1,-0.0006957799927489461,C
636990493,1,-0.00044776788752992625,C
636990493,1,-0.0006876707445468422,C
636990493,1,-0.0006957799927489461,C
636990493,1,-0.0006982087338164855,C
1078276907,1,-0.0005888603896760936,C
1078276907,1,-0.0006115871233695613,C
1078276907,1,-0.0005231445189439743,C
1078276907,1,-0.0008863828624771641,C
1078276907,1,-0.0005294648233686305,C
1421345390,1,0.0003809193305576719,C
1421345390,1,-0.0010571478216577779,C
1421345390,1,-0.00023120713058272235,C
1421345390,1,-0.0005650830133654416,C
1421345390,1,-0.00023467752106220985,C
145374537,1,0.0003718087789385538,C
145374537,1,0.0008184972560369985,C
145374537,1,-0.002188799010625353,C
145374537,1,-0.0006225904113163483,C
145374537,1,-0.001993276596590765,C
1256751600,1,0.0024367707404606143,C
1256751600,1,0.0014565033017504558,C
1256751600,1,0.0010685950563473212,C
1256751600,1,0.0010560439280095646,C
1256751600,1,0.0008425465026962731,C
30707086,1,0.0,C
30707086,1,0.0,C
30707086,1,0.0,C
30707086,1,0.0,C
30707086,1,0.0,C
454919045,1,-2.4448720152003833e-05,N
454919045,1,-2.4448720152003833e-05,N
454919045,1,-2.4448720152003833e-05,N
454919045,1,-2.7053020008049877e-05,N
454919045,1,-2.7053020008049877e-05,N
96001975,1,-1.6929222093564622e-05,C
96001975,1,-3.464849978840334e-05,C
96001975,1,2.9227164061673694e-05,C
96001975,1,-4.0309240493807685e-05,C
96001975,1,1.1386126499701721e-05,C
3632480728,1,0.0,C
3632480728,1,0.0,C
3632480728,1,0.0,C
3632480728,1,0.0,C
3632480728,1,0.0,C
2543587995,1,-0.0001270634617244748,N
2543587995,1,-0.00016035508942663368,N
2543587995,1,0.0004023438253538125,N
2543587995,1,0.0008393989149451664,N
2543587995,1,0.0006898824534392056,N
2664622273,1,0.0002438073407869945,C
2664622273,1,-0.0005512858429506662,C
2664622273,1,-2.4448720152003833e-05,C
2664622273,1,-0.0006911248828053718,C
2664622273,1,-0.0002890964815671637,C
640282103,1,0.0,C
640282103,1,0.0,C
640282103,1,0.0,C
640282103,1,0.0,C
640282103,1,0.0,C
552722929,1,-3.299619167579371e-05,C
552722929,1,-3.342920691123963e-05,C
552722929,1,-4.173525350714691e-05,C
552722929,1,-3.4086234950547745e-05,C
552722929,1,-2.2870940051100686e-05,C
3304326854,1,-0.00030680607558264406,C
3304326854,1,-0.00150743713002216,C
3304326854,1,-0.0004920223178671579,C
3304326854,1,-0.00012120631452361419,C
3304326854,1,-0.000582331282580173,C
932711668,1,0.0003454818013520211,N
932711668,1,-0.0003084766119547666,N
932711668,1,0.0005200248091218884,N
932711668,1,0.0015292723975768308,N
932711668,1,0.00038018338598660995,N
932734850,1,-0.0008745427774022874,N
932734850,1,-0.0006030051811282688,N
932734850,1,0.0001010749739608352,N
932734850,1,-0.0003608780764086661,N
932734850,1,-0.0004202996387763225,N
3198482033,1,-0.00015048891760510719,C
3198482033,1,-0.00046281584005813947,C
3198482033,1,-0.0008419620043575993,C
3198482033,1,0.0003945126358131379,C
3198482033,1,-0.0003074087982949947,C
2843970853,1,-0.00018111892490235704,C
2843970853,1,-0.00030452015125964627,C
2843970853,1,-0.00012278965886630688,C
2843970853,1,-1.881121181707135e-05,C
2843970853,1,-0.0002267774829637359,C
1167268241,1,-0.004516500962265968,C
1167268241,1,-0.0009002356954625479,C
1167268241,1,-0.004705616345676178,C
1167268241,1,-0.0033283631836591443,C
1167268241,1,0.0005362677378464298,C
1968143303,1,5.456657231101003e-05,C
1968143303,1,-7.686702465559136e-05,C
1968143303,1,2.1594806024205493e-05,C
1968143303,1,0.00012445790865317496,C
1968143303,1,2.1594806024205493e-05,C
132611095,1,0.001581471577128457,C
132611095,1,0.0008723228619662571,C
132611095,1,0.0017796507673594197,C
132611095,1,-0.00037477546694691943,C
132611095,1,0.0009018223752649823,C
1067305901,1,-2.88757195209266e-05,C
1067305901,1,9.393242729088813e-05,C
1067305901,1,0.0003320910668369037,C
1067305901,1,1.1009601719735862e-05,C
1067305901,1,0.00015282716694264842,C
4232044298,1,0.0,C
4232044298,1,0.0,C
4232044298,1,0.0,C
4232044298,1,0.0,C
4232044298,1,0.0,C
3924990413,1,3.82507196903803e-05,C
3924990413,1,-6.117866962029872e-05,C
3924990413,1,-7.126759514497483e-05,C
3924990413,1,-9.582809012415039e-05,C
3924990413,1,1.3477298668129745e-05,C
3163510888,1,0.00027166721070248645,C
3163510888,1,0.0002210009778371158,C
3163510888,1,2.1448828817660637e-05,C
3163510888,1,8.459718070330524e-05,C
3163510888,1,-2.2731089632188617e-05,C
3370172965,1,-0.0009148460274222003,C
3370172965,1,0.0010816209307543123,C
3370172965,1,9.10052504921044e-05,C
3370172965,1,-0.0005829787305005607,C
3370172965,1,-0.0004986096995068801,C
1544255291,1,0.0,C
1544255291,1,0.0,C
1544255291,1,0.0,C
1544255291,1,0.0,C
1544255291,1,0.0,C
3961613636,1,0.0,C
3961613636,1,0.0,C
3961613636,1,0.0,C
3961613636,1,0.0,C
3961613636,1,0.0,C
50651170,1,0.0,C
50651170,1,0.0,C
50651170,1,0.0,C
50651170,1,0.0,C
50651170,1,0.0,C
3075896141,1,0.0,C
3075896141,1,0.0,C
3075896141,1,0.0,C
3075896141,1,0.0,C
3075896141,1,0.0,C
172238518,1,-0.00012529216443352142,C
172238518,1,-6.237907608630522e-05,C
172238518,1,-4.1576581621349806e-05,C
172238518,1,-6.403310837160836e-05,C
172238518,1,-4.6608937196324085e-05,C
2136803473,1,0.0,O
2136803473,1,0.0,O
2136803473,1,0.0,O
2136803473,1,0.0,O
2136803473,1,0.0,O
1023209243,1,0.0,N
1023209243,1,0.0,N
1023209243,1,0.0,N
1023209243,1,0.0,N
1023209243,1,0.0,N
885408970,1,0.0,O
885408970,1,-0.00026410252030689696,O
885408970,1,-8.829161801104934e-05,O
885408970,1,-0.0003874530272847676,O
885408970,1,-0.0004169774050973851,O
1213407188,1,3.779987140350993e-05,C
1213407188,1,-2.4448720152003833e-05,C
1213407188,1,8.825456086364314e-05,C
1213407188,1,-0.00017358355987145968,C
1213407188,1,0.00014437929992006104,C
4210054575,1,-0.00021458283520731092,N
4210054575,1,-0.0002820365321525853,N
4210054575,1,-0.0004181057775948793,N
4210054575,1,0.00014935204866911578,N
4210054575,1,-2.4448720152003833e-05,N
3871410344,1,0.0,N
3871410344,1,0.0,N
3871410344,1,0.0,N
3871410344,1,0.0,N
3871410344,1,0.0,N
1184436594,1,-0.0013696845209126285,C
1184436594,1,-0.0019817233950216173,C
1184436594,1,-0.0013910181176730596,C
1184436594,1,-0.001958983548906501,C
1184436594,1,-0.00045195463474295705,C
3431706412,1,3.933452832982631e-05,C
3431706412,1,-4.977790735793963e-05,C
3431706412,1,0.00018371382824988736,C
3431706412,1,-0.00019753949491824185,C
3431706412,1,0.00036281886847677747,C
2758632892,1,-0.0006089607866090474,C
2758632892,1,-0.0002291758679259237,C
2758632892,1,-3.586124435689397e-05,C
2758632892,1,-0.0007410324416871061,C
2758632892,1,0.00010695661416770808,C
2131356872,1,-2.18249847924179e-05,C
2131356872,1,-2.18249847924179e-05,C
2131356872,1,-4.913784823756817e-06,C
2131356872,1,-2.18249847924179e-05,C
2131356872,1,-2.4448720152003833e-05,C
3131896227,1,-0.0012058642448507517,C
3131896227,1,-0.0012962229356787147,C
3131896227,1,-0.0011084830862983508,C
3131896227,1,-0.0013434661792250946,C
3131896227,1,-0.0012376009472582217,C
2739425568,1,0.0012345269331318076,C
2739425568,1,0.001390796176471698,C
2739425568,1,0.00024369640618510102,C
2739425568,1,0.0006321100320105244,C
2739425568,1,0.0010336489053167641,C
2917424199,1,-0.00011274033816305318,N
2917424199,1,-0.000227043944952543,N
2917424199,1,-0.00011274033816305318,N
2917424199,1,-0.00011274033816305318,N
2917424199,1,-8.829161801104934e-05,N
740717125,1,-1.7735487692960294e-05,C
740717125,1,6.713232459043539e-06,C
740717125,1,6.509957979905501e-06,C
740717125,1,-1.4349670332536313e-06,C
740717125,1,-1.7735487692960294e-05,C
2604399148,1,0.0,C
2604399148,1,0.0,C
2604399148,1,0.0,C
2604399148,1,0.0,C
2604399148,1,0.0,C
35816944,1,-2.1242194467141484e-05,C
35816944,1,-2.5954222303947727e-05,C
35816944,1,2.056752879731061e-06,C
35816944,1,-1.6297039702739546e-05,C
35816944,1,-1.781947990747712e-05,C
1623026378,1,0.0,C
1623026378,1,0.0,C
1623026378,1,0.0,C
1623026378,1,0.0,C
1623026378,1,0.0,C
1514095308,1,-0.0001447098480041875,C
1514095308,1,0.0011221467721053702,C
1514095308,1,0.0008567691579262071,C
1514095308,1,0.0011418857926480674,C
1514095308,1,0.0012445992931088279,C
1814116706,1,0.0003501764468232804,N
1814116706,1,0.00027686190455822324,N
1814116706,1,0.00042078601483974687,N
1814116706,1,0.00015866123339985938,N
1814116706,1,0.0004955239853292048,N
3229069614,1,0.0,N
3229069614,1,0.0,N
3229069614,1,0.0,N
3229069614,1,0.0,N
3229069614,1,0.0,N
269963113,1,0.0,
269963113,1,0.0,
269963113,1,0.0,
269963113,1,0.0,
269963113,1,0.0,
3375441982,1,-1.6927458637738813e-05,C
3375441982,1,-2.4448720152003833e-05,C
3375441982,1,-1.6927458637738813e-05,C
3375441982,1,-1.9551193997269234e-05,C
3375441982,1,-1.6927458637738813e-05,C
2537385504,1,0.0,
2537385504,1,0.0,
2537385504,1,0.0,
2537385504,1,0.0,
2537385504,1,0.0,
1375082737,1,0.00015584781712740803,C
1375082737,1,0.00011407401655899596,C
1375082737,1,0.0008470965420685483,C
1375082737,1,0.00015826834832216585,C
1375082737,1,0.0019234966133727105,C
3972090239,1,0.0019227393051589048,C
3972090239,1,0.0006735568927807023,C
3972090239,1,0.001777199198498447,C
3972090239,1,0.0006137350177095047,C
3972090239,1,0.0011791607471263732,C
542715770,1,0.0008851743347405017,C
542715770,1,0.0007078343915619678,C
542715770,1,-0.00044976622837789026,C
542715770,1,4.184860384265354e-05,C
542715770,1,0.0005331560112477596,C
1835135892,1,0.0,C
1835135892,1,0.0,C
1835135892,1,0.0,C
1835135892,1,0.0,C
1835135892,1,0.0,C
3850856377,1,-0.00029960453899052775,C
3850856377,1,-0.00010244323484065454,C
3850856377,1,0.00020916822338518104,C
3850856377,1,-0.0006862064004381496,C
3850856377,1,0.000134850391565855,C
3007422704,1,0.0,O
3007422704,1,0.0,O
3007422704,1,0.0,O
3007422704,1,0.0,O
3007422704,1,0.0,O
2209842778,1,0.0,N
2209842778,1,0.0,N
2209842778,1,0.0,N
2209842778,1,0.0,N
2209842778,1,0.0,N
2296764637,1,0.0025127607257093842,C
2296764637,1,0.002504860196868852,C
2296764637,1,0.0013875041054765003,C
2296764637,1,0.0006856203628721746,C
2296764637,1,0.003900340868640384,C
3929393147,1,-9.31002173645834e-05,C
3929393147,1,0.0002819869524823826,C
3929393147,1,-4.438328438544081e-05,C
3929393147,1,0.00017983586595732293,C
3929393147,1,0.0002862492718999632,C
2270589688,1,-8.88079878865744e-05,N
2270589688,1,0.0001689133778579599,N
2270589688,1,-1.4100527607863178e-05,N
2270589688,1,1.6349010713290202e-05,N
2270589688,1,0.0001471146636720655,N
2592252298,1,-0.0008021601746386331,C
2592252298,1,-0.0005898140495431137,C
2592252298,1,-0.0006866948789804872,C
2592252298,1,-0.0008880192086498928,C
2592252298,1,-0.000827459337212566,C
4116013187,1,0.0,C
4116013187,1,0.0,C
4116013187,1,0.0,C
4116013187,1,0.0,C
4116013187,1,0.0,C
372117123,1,-2.7878602463171642e-05,S
372117123,1,-4.956109680598342e-06,S
372117123,1,-2.2641803082534828e-05,S
372117123,1,-2.9404829832602175e-05,S
372117123,1,-2.619009681126272e-05,S
2709179886,1,0.0,C
2709179886,1,0.0,C
2709179886,1,0.0,C
2709179886,1,0.0,C
2709179886,1,0.0,C
228862830,1,-0.00032519618738530154,N
228862830,1,-0.0001045118410696877,N
228862830,1,-0.0001045118410696877,N
228862830,1,-0.00042776319384002504,N
228862830,1,-0.0004458575954679467,N
2300762321,1,-0.00018989922329032405,N
2300762321,1,-0.00026410252030689696,N
2300762321,1,-0.00026410252030689696,N
2300762321,1,0.0001947423972660789,N
2300762321,1,-2.4448720152003833e-05,N
4081192418,1,-1.922098461432098e-05,C
4081192418,1,-2.4448720152003833e-05,C
4081192418,1,-2.276463467193457e-05,C
4081192418,1,-2.1027901683734473e-05,C
4081192418,1,-6.291354609888611e-06,C
4120224926,1,-0.00021321277352354118,C
4120224926,1,-0.00025442691365135106,C
4120224926,1,5.070238511034608e-05,C
4120224926,1,-0.0003184111725790806,C
4120224926,1,-0.00028188611753526827,C
1090571167,1,-0.001339174627871309,N
1090571167,1,-0.0024020869097471365,N
1090571167,1,-0.0012773372486182266,N
1090571167,1,-0.0033024866854988177,N
1090571167,1,-0.0007239773671833816,N
369500293,1,1.6498743444615105e-05,C
369500293,1,2.7418392466505015e-05,C
369500293,1,0.00012049921149642762,C
369500293,1,-0.00017604035182211542,C
369500293,1,-0.00017512227562715976,C
3873306213,1,0.0,N
3873306213,1,0.0,N
3873306213,1,0.0,N
3873306213,1,0.0,N
3873306213,1,0.0,N
600377156,1,-2.4448720152003833e-05,C
600377156,1,-2.4448720152003833e-05,C
600377156,1,-2.4448720152003833e-05,C
600377156,1,0.0,C
600377156,1,-2.4448720152003833e-05,C
1946997629,1,3.3627608679809295e-05,C
1946997629,1,-1.3045962992397353e-05,C
1946997629,1,-3.5445674300138563e-06,C
1946997629,1,6.705079109287082e-05,C
1946997629,1,-1.3045962992397353e-05,C
1044537682,1,0.0,C
1044537682,1,0.0,C
1044537682,1,0.0,C
1044537682,1,0.0,C
1044537682,1,0.0,C
2077658817,1,0.002807161826637705,O
2077658817,1,2.1025589667933442e-05,O
2077658817,1,0.002034237471321032,O
2077658817,1,0.0005630046668719801,O
2077658817,1,0.0001811694441863354,O
264974063,1,-1.1847971596257167e-05,N
264974063,1,-2.9558546609853575e-05,N
264974063,1,-2.143199239657001e-05,N
264974063,1,-2.7081518500671198e-05,N
264974063,1,-2.7081518500671198e-05,N
3792822921,1,-2.1850362887543273e-05,N
3792822921,1,-2.8963930824632556e-05,N
3792822921,1,-2.67641477113556e-05,N
3792822921,1,-9.215173247534292e-06,N
3792822921,1,-4.80360373578681e-05,N
2575624905,1,-0.00012158828766639651,C
2575624905,1,-0.00010256424159549304,C
2575624905,1,0.0004553564841902613,C
2575624905,1,-0.000219497211004005,C
2575624905,1,-0.00020437615985907653,C
1640551393,1,0.0020631698025592726,C
1640551393,1,-0.0008123076221967507,C
1640551393,1,0.000861993206128453,C
1640551393,1,0.001080530845294747,C
1640551393,1,0.0011702644288112962,C
3528517994,1,0.0,C
3528517994,1,0.0,C
3528517994,1,0.0,C
3528517994,1,0.0,C
3528517994,1,0.0,C
692277943,1,0.0,N
692277943,1,0.0,N
692277943,1,0.0,N
692277943,1,0.0,N
692277943,1,0.0,N
990985258,1,-0.0004274182600146337,C
990985258,1,-0.0003904694420404642,C
990985258,1,0.0004575081161437011,C
990985258,1,0.00045396354871368727,C
990985258,1,-0.0006329434710929394,C
389385568,1,-2.9577194098295845e-05,C
389385568,1,-1.9551193997269234e-05,C
389385568,1,0.0,C
389385568,1,-1.2649735460557032e-05,C
389385568,1,-1.6927458637738813e-05,C
597336504,1,-0.00032694820197443075,C
597336504,1,-0.004404506290671184,C
597336504,1,-0.0004318101271330588,C
597336504,1,-0.0028466134188787073,C
597336504,1,-0.0024161269724982115,C
744747118,1,-0.00018673197635615812,S
744747118,1,-0.00018277177223163799,S
744747118,1,-0.00033804086943739486,S
744747118,1,0.0003579436264549152,S
744747118,1,6.194656247010544e-05,S
1740651977,1,-0.000418248315629699,C
1740651977,1,-0.0007700034420592972,C
1740651977,1,-0.00027213194512004657,C
1740651977,1,0.0002715432056478728,C
1740651977,1,-0.00013602042996935237,C
1198890718,1,8.865414129105575e-05,C
1198890718,1,7.325897672233461e-05,C
1198890718,1,-7.516991346034896e-05,C
1198890718,1,9.483805992027694e-05,C
1198890718,1,6.84664463606599e-05,C
544863012,1,1.125071381541387e-05,C
544863012,1,-0.00015074382270335862,C
544863012,1,-9.589332310772081e-05,C
544863012,1,-0.00033646636169915034,C
544863012,1,0.0005414539282674324,C
2127647960,1,0.0,C
2127647960,1,0.0,C
2127647960,1,0.0,C
2127647960,1,0.0,C
2127647960,1,0.0,C
3372972590,1,0.0005199763669559987,N
3372972590,1,-2.4448720152003833e-05,N
3372972590,1,-2.4448720152003833e-05,N
3372972590,1,0.0011006964598712643,N
3372972590,1,0.0005199763669559987,N
1145656637,1,0.0,N
1145656637,1,0.0,N
1145656637,1,0.0,N
1145656637,1,0.0,N
1145656637,1,0.0,N
3781690415,1,-0.00026266888743581296,C
3781690415,1,-3.5007961310007385e-05,C
3781690415,1,-0.00026056804328783434,C
3781690415,1,-0.00031388111182256706,C
3781690415,1,-0.0002692576858598916,C
2211843251,1,0.0,C
2211843251,1,0.0,C
2211843251,1,0.0,C
2211843251,1,0.0,C
2211843251,1,0.0,C
1378792052,1,0.0,C
1378792052,1,0.0,C
1378792052,1,0.0,C
1378792052,1,0.0,C
1378792052,1,0.0,C
4240369074,1,0.0,C
4240369074,1,0.0,C
4240369074,1,0.0,C
4240369074,1,0.0,C
4240369074,1,0.0,C
3209892106,1,0.0,
3209892106,1,0.0,
3209892106,1,0.0,
3209892106,1,0.0,
3209892106,1,0.0,
2762211251,1,0.0,S
2762211251,1,0.0,S
2762211251,1,0.0,S
2762211251,1,0.0,S
2762211251,1,0.0,S
990985259,1,-0.0005503426770607778,C
990985259,1,5.7226585492231585e-05,C
990985259,1,1.9159944202096213e-05,C
990985259,1,-2.8289737266651294e-06,C
990985259,1,4.803825196270095e-05,C
4256676941,1,0.0,N
4256676941,1,0.0,N
4256676941,1,0.0,N
4256676941,1,0.0,N
4256676941,1,0.0,N
3617179377,1,0.0,
3617179377,1,0.0,
3617179377,1,0.0,
3617179377,1,0.0,
3617179377,1,0.0,
592655526,1,-3.464849978840334e-05,C
592655526,1,-1.6929222093564622e-05,C
592655526,1,6.705079109287082e-05,C
592655526,1,-9.123726119497633e-06,C
592655526,1,-3.767644214508481e-05,C
2409787606,1,0.0,C
2409787606,1,0.0,C
2409787606,1,0.0,C
2409787606,1,0.0,C
2409787606,1,0.0,C
2113520109,1,0.0,C
2113520109,1,0.0,C
2113520109,1,0.0,C
2113520109,1,0.0,C
2113520109,1,0.0,C
1250165012,1,0.0,C
1250165012,1,0.0,C
1250165012,1,0.0,C
1250165012,1,0.0,C
1250165012,1,0.0,C
1238592536,1,-0.00013459473683102852,C
1238592536,1,-7.68278271371381e-05,C
1238592536,1,-0.00010693517994325719,C
1238592536,1,-3.196085981577168e-05,C
1238592536,1,7.029168787264783e-05,C
2213350725,1,-0.00016915849445348075,C
2213350725,1,-0.00010525739089556341,C
2213350725,1,-4.029273291100699e-05,C
2213350725,1,-8.352159943580961e-05,C
2213350725,1,-0.0002410202962280228,C
1915080917,1,0.0,C
1915080917,1,0.0,C
1915080917,1,0.0,C
1915080917,1,0.0,C
1915080917,1,0.0,C
3651174070,1,0.0,C
3651174070,1,0.0,C
3651174070,1,0.0,C
3651174070,1,0.0,C
3651174070,1,0.0,C
1365279474,1,-9.341249177247102e-05,C
1365279474,1,-0.0021313303754328383,C
1365279474,1,-0.0020273197281530653,C
1365279474,1,-0.00016606369182192715,C
1365279474,1,-0.0016098284012661668,C
1583009052,1,0.000569201114150264,C
1583009052,1,0.0007941024345060055,C
1583009052,1,0.0007151159358826376,C
1583009052,1,-1.2601976607240495e-06,C
1583009052,1,0.0009779168093209112,C
1499666286,1,0.0,C
1499666286,1,0.0,C
1499666286,1,0.0,C
1499666286,1,0.0,C
1499666286,1,0.0,C
1191280979,1,-0.0038081319886956733,C
1191280979,1,-0.0001301202953085112,C
1191280979,1,0.00014156908682466662,C
1191280979,1,-0.0008658063325415744,C
1191280979,1,-0.000323546674792452,C
3457964313,1,-1.6885056519089225e-06,N
3457964313,1,-2.6137225803912756e-05,N
3457964313,1,-5.819032877385499e-06,N
3457964313,1,-2.766345317334329e-05,N
3457964313,1,-2.766345317334329e-05,N
2881111452,1,-9.668801510248626e-05,C
2881111452,1,-6.549227152463644e-05,C
2881111452,1,-7.285343028873292e-05,C
2881111452,1,-0.00010813917149238295,C
2881111452,1,-0.00011646936733078483,C
423609967,1,-0.00010322763147729841,C
423609967,1,-0.00033848618622484006,C
423609967,1,-0.00032249763285213673,C
423609967,1,-0.00045683471851482027,C
423609967,1,-0.00037685392201136647,C
3300110909,1,0.0,N
3300110909,1,0.0,N
3300110909,1,0.0,N
3300110909,1,0.0,N
3300110909,1,0.0,N
3345491492,1,0.0,N
3345491492,1,0.0,N
3345491492,1,0.0,N
3345491492,1,0.0,N
3345491492,1,0.0,N
1534595042,1,0.00016585901232507583,C
1534595042,1,0.0006796445188335665,C
1534595042,1,0.0003792104317031364,C
1534595042,1,0.0010347708160616809,C
1534595042,1,0.00018975553821515279,C
2014255590,1,-0.0005014832442994388,N
2014255590,1,-0.00018538035079157522,N
2014255590,1,7.931625636981021e-05,N
2014255590,1,-0.0002567843897617883,N
2014255590,1,-5.7186485931504105e-05,N
362715007,1,-0.00016374869365387568,C
362715007,1,-8.649578859343254e-05,C
362715007,1,2.1594806024205493e-05,C
362715007,1,-4.243994151481578e-05,C
362715007,1,-0.00015478999703749663,C
2654043257,1,-2.7053020008049877e-05,N
2654043257,1,-2.7053020008049877e-05,N
2654043257,1,-2.7053020008049877e-05,N
2654043257,1,-2.604299856046044e-06,N
2654043257,1,-2.4448720152003833e-05,N
720253145,1,0.0,N
720253145,1,0.0,N
720253145,1,0.0,N
720253145,1,0.0,N
720253145,1,0.0,N
1342596238,1,0.0,
1342596238,1,0.0,
1342596238,1,0.0,
1342596238,1,0.0,
1342596238,1,0.0,
1505769767,1,-0.00031888116798883814,C
1505769767,1,-6.206363242583501e-05,C
1505769767,1,-0.000219123658601994,C
1505769767,1,0.0002635547641804403,C
1505769767,1,0.0004194746167804353,C
4129558839,1,0.0,N
4129558839,1,0.0,N
4129558839,1,0.0,N
4129558839,1,0.0,N
4129558839,1,0.0,N
1673980810,1,-0.000569202768376853,O
1673980810,1,-0.0011170928734424712,O
1673980810,1,0.00149522613328118,O
1673980810,1,-0.00039790365427933017,O
1673980810,1,-0.0016152460310531191,O
458195553,1,0.0,N
458195553,1,0.0,N
458195553,1,0.0,N
458195553,1,0.0,N
458195553,1,0.0,N
3083149214,1,-0.0011759120445414828,C
3083149214,1,-0.002898938120433958,C
3083149214,1,-0.0011853920343092295,C
3083149214,1,-0.0023598259261752297,C
3083149214,1,-0.0021255888860403638,C
564807139,1,3.254537563474047e-05,C
564807139,1,-0.00019650542311194785,C
564807139,1,0.00030195006739180963,C
564807139,1,3.7917390441788434e-05,C
564807139,1,-0.00048127066669756413,C
57405021,1,-4.3520826685183867e-05,P
57405021,1,-2.2255789945579973e-05,P
57405021,1,-2.6550325462504354e-05,P
57405021,1,-2.6550325462504354e-05,P
57405021,1,-3.9831110812738046e-05,P
264906369,1,-2.6137225803912756e-05,C
264906369,1,-2.6137225803912756e-05,C
264906369,1,-2.6137225803912756e-05,C
264906369,1,-2.0905070094390243e-05,C
264906369,1,-2.0905070094390243e-05,C
906327634,1,0.0,N
906327634,1,0.0,N
906327634,1,0.0,N
906327634,1,0.0,N
906327634,1,0.0,N
3203925050,1,0.0,C
3203925050,1,0.0,C
3203925050,1,0.0,C
3203925050,1,0.0,C
3203925050,1,0.0,C
1238701800,1,0.0,C
1238701800,1,0.0,C
1238701800,1,0.0,C
1238701800,1,0.0,C
1238701800,1,0.0,C
817554650,1,0.0,N
817554650,1,0.0,N
817554650,1,0.0,N
817554650,1,0.0,N
817554650,1,0.0,N
3210014657,1,0.0,N
3210014657,1,0.0,N
3210014657,1,0.0,N
3210014657,1,0.0,N
3210014657,1,0.0,N
3869736299,1,0.0,C
3869736299,1,0.0,C
3869736299,1,0.0,C
3869736299,1,0.0,C
3869736299,1,0.0,C
443741425,1,-0.00260279491965415,N
443741425,1,-0.002369587554368613,N
443741425,1,-0.003615900815318318,N
443741425,1,-0.00104914726592914,N
443741425,1,-0.0017998810015764088,N
252812893,1,0.0,
252812893,1,0.0,
252812893,1,0.0,
252812893,1,0.0,
252812893,1,0.0,
1352167592,1,8.178400192537794e-05,C
1352167592,1,7.118577498010925e-05,C
1352167592,1,-1.2264738945610976e-05,C
1352167592,1,4.178250491981839e-06,C
1352167592,1,-0.00021280998986850097,C
2030757576,1,0.0,C
2030757576,1,0.0,C
2030757576,1,0.0,C
2030757576,1,0.0,C
2030757576,1,0.0,C
3541689698,1,-1.7715217234148817e-05,N
3541689698,1,-2.4448720152003833e-05,N
3541689698,1,-6.560158929763693e-05,N
3541689698,1,-3.0803038676141536e-05,N
3541689698,1,-4.002798306979027e-06,N
2250143559,1,-0.0001264920661297464,C
2250143559,1,-0.0002293888508997921,C
2250143559,1,-0.00010645295535038901,C
2250143559,1,-0.00011072649532684053,C
2250143559,1,-0.00014732515179516348,C
2144345290,1,-0.0013114804091996501,N
2144345290,1,-0.0017047054788971172,N
2144345290,1,-0.0019347962639160166,N
2144345290,1,-0.002470624501120955,N
2144345290,1,-0.001020652562030544,N
1849554589,1,-2.8951827414969156e-05,N
1849554589,1,-2.199783113276954e-06,N
1849554589,1,-2.8750108575781308e-05,N
1849554589,1,-5.773225018990136e-05,N
1849554589,1,-5.894833179159731e-05,N
2271158283,1,8.71270913674338e-05,C
2271158283,1,0.0001014550749603993,C
2271158283,1,4.7575931414911565e-05,C
2271158283,1,7.963009016787037e-05,C
2271158283,1,8.593696171921295e-05,C
1445706287,1,-6.821635866999243e-05,C
1445706287,1,-5.9807043940096616e-05,C
1445706287,1,-2.9038708601436536e-05,C
1445706287,1,-2.4448720152003833e-05,C
1445706287,1,-8.312394533194212e-06,C
3385400514,1,-0.0013312795259491361,C
3385400514,1,0.00016501160789467173,C
3385400514,1,-2.1948479781985775e-06,C
3385400514,1,0.0005310562233600824,C
3385400514,1,-0.00043298027931287786,C
621690156,1,0.0,
621690156,1,0.0,
621690156,1,0.0,
621690156,1,0.0,
621690156,1,0.0,
1214058429,1,0.00044469035488026165,C
1214058429,1,2.2797214448144754e-05,C
1214058429,1,0.00024495276669250776,C
1214058429,1,0.000320792032953654,C
1214058429,1,0.00010857726520541178,C
3599391724,1,-1.7715217234148817e-05,C
3599391724,1,8.127290759440964e-06,C
3599391724,1,4.314052610820962e-05,C
3599391724,1,5.1154797631625115e-05,C
3599391724,1,4.314052610820962e-05,C
3992738647,1,-0.00016783581381302204,C
3992738647,1,-0.00025392700474252683,C
3992738647,1,-0.00018788750820408762,C
3992738647,1,-0.00019932401306066438,C
3992738647,1,-0.000402135955721139,C
1637770740,1,0.00035154804976800236,C
1637770740,1,0.00012265825070373326,C
1637770740,1,0.00023615617739780603,C
1637770740,1,0.00011370551060818634,C
1637770740,1,0.0001763595995378786,C
81315441,1,0.0,C
81315441,1,0.0,C
81315441,1,0.0,C
81315441,1,0.0,C
81315441,1,0.0,C
3145023872,1,0.002316925221692745,C
3145023872,1,0.0020349690568996492,C
3145023872,1,0.0021969277003098253,C
3145023872,1,0.0023334013856040614,C
3145023872,1,0.0024586462763949157,C
3135357859,1,0.0,N
3135357859,1,0.0,N
3135357859,1,0.0,N
3135357859,1,0.0,N
3135357859,1,0.0,N
4078658161,1,0.0,C
4078658161,1,0.0,C
4078658161,1,0.0,C
4078658161,1,0.0,C
4078658161,1,0.0,C
2064788354,1,2.6834465132075103e-05,C
2064788354,1,-9.09996260661794e-06,C
2064788354,1,-5.2631855782525605e-05,C
2064788354,1,0.00014380651564732672,C
2064788354,1,0.00017557815995788983,C
3134606292,1,0.0,P
3134606292,1,0.0,P
3134606292,1,0.0,P
3134606292,1,0.0,P
3134606292,1,0.0,P
1797524254,1,0.0,C
1797524254,1,0.0,C
1797524254,1,0.0,C
1797524254,1,0.0,C
1797524254,1,0.0,C
77081066,1,-0.0001358953145666475,C
77081066,1,-9.371712118105835e-05,C
77081066,1,-0.0001358953145666475,C
77081066,1,-9.371712118105835e-05,C
77081066,1,-8.43370749816219e-05,C
3594356142,1,0.0,C
3594356142,1,0.0,C
3594356142,1,0.0,C
3594356142,1,0.0,C
3594356142,1,0.0,C
3313841562,1,0.00012783454022635699,C
3313841562,1,0.00012504957698555863,C
3313841562,1,0.00025832529965030826,C
3313841562,1,0.0003658082271076335,C
3313841562,1,0.00023188610706748047,C
2506328221,1,0.0,C
2506328221,1,0.0,C
2506328221,1,0.0,C
2506328221,1,0.0,C
2506328221,1,0.0,C
517432093,1,0.0,C
517432093,1,0.0,C
517432093,1,0.0,C
517432093,1,0.0,C
517432093,1,0.0,C
1169352347,1,0.0,N
1169352347,1,0.0,N
1169352347,1,0.0,N
1169352347,1,0.0,N
1169352347,1,0.0,N
3010410747,1,-0.0016071325583763563,N
3010410747,1,0.00023891500667128085,N
3010410747,1,0.0004439756519463156,N
3010410747,1,-0.0004151940400486387,N
3010410747,1,-0.0018634943121583203,N
1693589848,1,-3.767644214508481e-05,N
1693589848,1,-3.464849978840334e-05,N
1693589848,1,-3.5445674300138563e-06,N
1693589848,1,-3.464849978840334e-05,N
1693589848,1,2.4854830331266786e-05,N
4081436575,1,-2.18249847924179e-05,C
4081436575,1,-2.18249847924179e-05,C
4081436575,1,-1.880825703703959e-05,C
4081436575,1,-3.766855157166793e-05,C
4081436575,1,-3.1562288089037605e-05,C
2975316496,1,0.000515217880223684,C
2975316496,1,0.0006728050302546862,C
2975316496,1,0.000375325111809488,C
2975316496,1,0.0005249016051878108,C
2975316496,1,0.00027141053943668947,C
3674630670,1,0.0,C
3674630670,1,0.0,C
3674630670,1,0.0,C
3674630670,1,0.0,C
3674630670,1,0.0,C
3350945806,1,0.0,C
3350945806,1,0.0,C
3350945806,1,0.0,C
3350945806,1,0.0,C
3350945806,1,0.0,C
1397513080,1,0.0,O
1397513080,1,0.0,O
1397513080,1,0.0,O
1397513080,1,0.0,O
1397513080,1,0.0,O
3126934625,1,0.0,C
3126934625,1,0.0,C
3126934625,1,0.0,C
3126934625,1,0.0,C
3126934625,1,0.0,C
3995362948,1,0.00010982485954685872,N
3995362948,1,-0.00011575468528574051,N
3995362948,1,-0.0004191873789652911,N
3995362948,1,-0.0001992727619760104,N
3995362948,1,-0.00028564160340394107,N
1059124080,1,-4.579710965052497e-05,C
1059124080,1,-0.00012567798099677452,C
1059124080,1,-7.68278271371381e-05,C
1059124080,1,-0.00011014601667896917,C
1059124080,1,-0.00016785617438241918,C
1153930374,1,0.0,C
1153930374,1,-2.4448720152003833e-05,C
1153930374,1,-0.0005325788014527988,C
1153930374,1,-0.0005325788014527988,C
1153930374,1,0.0,C
1103832125,1,0.0,
1103832125,1,0.0,
1103832125,1,0.0,
1103832125,1,0.0,
1103832125,1,0.0,
3577933307,1,0.0015226256928571602,C
3577933307,1,0.001533761915544829,C
3577933307,1,0.0031336855583464773,C
3577933307,1,0.0006400246037895907,C
3577933307,1,1.33058771605854e-05,C
3988861584,1,0.000510673613994872,C
3988861584,1,0.0011782684230861595,C
3988861584,1,0.0013696994555409403,C
3988861584,1,-6.803392854859425e-06,C
3988861584,1,0.00028621060385686237,C
2572035617,1,-2.0142191659078268e-05,N
2572035617,1,-1.8615964289647735e-05,N
2572035617,1,-1.0496223659228754e-05,N
2572035617,1,-2.6137225803912756e-05,N
2572035617,1,-2.27659270186642e-05,N
3346153511,1,-3.5023245681220505e-05,C
3346153511,1,3.5014287530388266e-05,C
3346153511,1,2.631196501123867e-05,C
3346153511,1,-6.769764894443142e-06,C
3346153511,1,5.2869834736901655e-05,C
2918201879,1,5.547260818417055e-06,C
2918201879,1,-0.00011232435634805915,C
2918201879,1,-0.00029961701489461534,C
2918201879,1,-0.00011755209188579752,C
2918201879,1,-0.00036048823870904467,C
194638448,1,-0.0005512858429506662,C
194638448,1,-0.0007971042174201859,C
194638448,1,-0.000206136468293594,C
194638448,1,-0.00013067800544136476,C
194638448,1,-0.00013067800544136476,C
869152089,1,0.0,C
869152089,1,0.0,C
869152089,1,0.0,C
869152089,1,0.0,C
869152089,1,0.0,C
3804745459,1,0.0,
3804745459,1,0.0,
3804745459,1,0.0,
3804745459,1,0.0,
3804745459,1,0.0,
3755128710,1,-6.738724824345566e-05,C
3755128710,1,-4.606914713140009e-05,C
3755128710,1,-0.00010624814073417754,C
3755128710,1,-4.606914713140009e-05,C
3755128710,1,-6.738724824345566e-05,C
1713195601,1,0.0011251451800232681,C
1713195601,1,0.001710452557432185,C
1713195601,1,0.001710452557432185,C
1713195601,1,0.001710452557432185,C
1713195601,1,0.0,C
1568606682,1,-2.1620426979396257e-05,C
1568606682,1,0.0003197700950614002,C
1568606682,1,0.0003197700950614002,C
1568606682,1,0.0005423893905768251,C
1568606682,1,0.0006178314489146408,C
2059730245,1,0.0002777574112473036,C
2059730245,1,0.00018870318946906384,C
2059730245,1,-0.00019943132907040972,C
2059730245,1,2.2976553644304953e-05,C
2059730245,1,-4.663211984184956e-05,C
2617658656,1,2.363072343175565e-05,C
2617658656,1,-6.041423813984981e-05,C
2617658656,1,-7.862182425666386e-05,C
2617658656,1,-0.00012571754192097773,C
2617658656,1,-0.00012914742423214554,C
836300471,1,0.0,
836300471,1,0.0,
836300471,1,0.0,
836300471,1,0.0,
836300471,1,0.0,
3490910321,1,-3.103548473598616e-05,C
3490910321,1,-8.312394533194212e-06,C
3490910321,1,-2.4448720152003833e-05,C
3490910321,1,-2.4448720152003833e-05,C
3490910321,1,-9.191595463814428e-05,C
3255046070,1,0.0,C
3255046070,1,0.0,C
3255046070,1,0.0,C
3255046070,1,0.0,C
3255046070,1,0.0,C
2198820481,1,0.0,
2198820481,1,0.0,
2198820481,1,0.0,
2198820481,1,0.0,
2198820481,1,0.0,
104625121,1,-0.00020037801405908828,N
104625121,1,-5.1351271748933947e-05,N
104625121,1,-0.00016847871767544653,N
104625121,1,-0.00014244290826626038,N
104625121,1,-0.00016128567587414544,N
3103858517,1,0.0,C
3103858517,1,0.0,C
3103858517,1,0.0,C
3103858517,1,0.0,C
3103858517,1,0.0,C
1390475220,1,-2.4448720152003833e-05,C
1390475220,1,-2.7053020008049877e-05,C
1390475220,1,2.59835726446056e-06,C
1390475220,1,-2.1850362887543273e-05,C
1390475220,1,-2.2926279947210748e-05,C
4006278292,1,-0.00024391358554348708,N
4006278292,1,-0.0004524963632739909,N
4006278292,1,-0.00037977572649477986,N
4006278292,1,-0.0006500457498002099,N
4006278292,1,-0.0001337518358988654,N
1789200865,1,-3.846209311259008e-05,C
1789200865,1,-8.298826996200326e-05,C
1789200865,1,8.138619997144492e-05,C
1789200865,1,8.086094658071863e-05,C
1789200865,1,1.2219982236105764e-06,C
2291264872,1,-3.554444668496526e-05,C
2291264872,1,1.212323028521034e-06,C
2291264872,1,2.6488556960191367e-05,C
2291264872,1,-2.434411168483752e-05,C
2291264872,1,3.4975045475893474e-05,C
2918205364,1,0.0,C
2918205364,1,0.0,C
2918205364,1,0.0,C
2918205364,1,0.0,C
2918205364,1,0.0,C
3798139026,1,-0.00021591636347761956,C
3798139026,1,-7.938473344376584e-05,C
3798139026,1,-4.545609180922616e-05,C
3798139026,1,-0.0003870842224079629,C
3798139026,1,-0.0004903330987952037,C
4223976160,1,0.0,C
4223976160,1,0.0,C
4223976160,1,0.0,C
4223976160,1,0.0,C
4223976160,1,0.0,C
1511206547,1,0.0,
1511206547,1,0.0,
1511206547,1,0.0,
1511206547,1,0.0,
1511206547,1,0.0,
954800030,1,-0.00020147749463633735,C
954800030,1,2.1246611861702736e-05,C
954800030,1,0.00042186362626317475,C
954800030,1,-0.00019677823060304522,C
954800030,1,-0.00019973096251968414,C
2172997423,1,0.0,C
2172997423,1,0.0,C
2172997423,1,0.0,C
2172997423,1,0.0,C
2172997423,1,0.0,C
1918025650,1,0.0,C
1918025650,1,0.0,C
1918025650,1,0.0,C
1918025650,1,0.0,C
1918025650,1,0.0,C
1491315937,1,0.001710452557432185,C
1491315937,1,0.0005444250871080025,C
1491315937,1,0.0017349012775841888,C
1491315937,1,0.0011006964598712643,C
1491315937,1,0.001710452557432185,C
1271427701,1,-0.00017004012494509224,C
1271427701,1,-6.084797956623644e-05,C
1271427701,1,0.0001276562640559753,C
1271427701,1,2.567192999131107e-05,C
1271427701,1,3.6195963055929425e-05,C
876016289,1,-0.0020700222375370503,C
876016289,1,-0.0004228170459151248,C
876016289,1,-0.003989246537837554,C
876016289,1,-0.0038770620240813347,C
876016289,1,-0.0025536365129397165,C
759348397,1,-0.0003354057707868341,S
759348397,1,-0.0005237423217463455,S
759348397,1,-0.00018399398047541649,S
759348397,1,-0.0003662877836946854,S
759348397,1,-0.00032905676172706455,S
3886074185,1,0.0,
3886074185,1,0.0,
3886074185,1,0.0,
3886074185,1,0.0,
3886074185,1,0.0,
3977047921,1,-0.0004549941829786741,N
3977047921,1,-0.0009818313057773365,N
3977047921,1,0.0014638307251054195,N
3977047921,1,-0.0001711814709020043,N
3977047921,1,-0.0001711814709020043,N
3386795352,1,0.0,C
3386795352,1,0.0,C
3386795352,1,0.0,C
3386795352,1,0.0,C
3386795352,1,0.0,C
2640652321,1,-0.000435246987460558,C
2640652321,1,0.0001299902313312562,C
2640652321,1,7.743033916735031e-05,C
2640652321,1,8.10368664772021e-05,C
2640652321,1,0.00010183968038035562,C
3644443517,1,-2.6834746714943236e-05,C
3644443517,1,-4.0417729731179186e-05,C
3644443517,1,8.217070815719207e-06,C
3644443517,1,-4.0417729731179186e-05,C
3644443517,1,-9.499414442171172e-06,C
805268291,1,0.00014156541871884754,C
805268291,1,-0.0008573515852391966,C
805268291,1,-0.0011788855137861987,C
805268291,1,-0.0008573515852391966,C
805268291,1,-0.0007184293216322968,C
994494548,1,0.0015092569675991818,C
994494548,1,-0.0002787308495609264,C
994494548,1,0.0027188765846291596,C
994494548,1,5.562825977012409e-05,C
994494548,1,0.0002725566159434978,C
3889081300,1,0.0,C
3889081300,1,0.0,C
3889081300,1,0.0,C
3889081300,1,0.0,C
3889081300,1,0.0,C
3119383463,1,3.623815445730205e-05,C
3119383463,1,-0.00014359723513784894,C
3119383463,1,-9.558489326511044e-05,C
3119383463,1,-0.0005856910077398081,C
3119383463,1,-6.535341662450289e-05,C
4142616092,1,0.002462680208550949,C
4142616092,1,0.001351579487920529,C
4142616092,1,0.00043718070022991107,C
4142616092,1,0.0016367276991329782,C
4142616092,1,-0.0015582741687767965,C
3633569943,1,-2.4448720152003833e-05,C
3633569943,1,4.0524588350021595e-06,C
3633569943,1,5.588656249227997e-05,C
3633569943,1,-2.143199239657001e-05,C
3633569943,1,-2.4448720152003833e-05,C
2810558781,1,-7.931538181477071e-05,C
2810558781,1,0.00018927836283821886,C
2810558781,1,0.00038721744454300877,C
2810558781,1,-0.0003678941003429359,C
2810558781,1,-0.0002791939757231243,C
643572069,1,0.0,C
643572069,1,0.0,C
643572069,1,0.0,C
643572069,1,0.0,C
643572069,1,0.0,C
307525970,1,0.0,
307525970,1,0.0,
307525970,1,0.0,
307525970,1,0.0,
307525970,1,0.0,
230478851,1,1.3946496365158101e-05,C
230478851,1,-4.771578854367853e-06,C
230478851,1,0.00021706904559554152,C
230478851,1,7.415848165748251e-05,C
230478851,1,-0.00027965126914042404,C
3353919692,1,0.0,C
3353919692,1,0.0,C
3353919692,1,0.0,C
3353919692,1,0.0,C
3353919692,1,0.0,C
4201996000,1,2.9227164061673694e-05,C
4201996000,1,3.814283401964991e-05,C
4201996000,1,7.105591234290998e-05,C
4201996000,1,-5.055734180803295e-06,C
4201996000,1,-2.4448720152003833e-05,C
1523193891,1,-9.879598822071234e-05,C
1523193891,1,-9.546052206815814e-05,C
1523193891,1,-6.735820304298867e-05,C
1523193891,1,-9.546052206815814e-05,C
1523193891,1,-0.00010211573427454379,C
2806469715,1,0.0,C
2806469715,1,0.0,C
2806469715,1,0.0,C
2806469715,1,0.0,C
2806469715,1,0.0,C
3705007549,1,0.0,C
3705007549,1,0.0,C
3705007549,1,0.0,C
3705007549,1,0.0,C
3705007549,1,0.0,C
1445715347,1,0.0,C
1445715347,1,0.0,C
1445715347,1,0.0,C
1445715347,1,0.0,C
1445715347,1,0.0,C
4232889011,1,2.7085430982343173e-05,O
4232889011,1,4.7921283602925246e-05,O
4232889011,1,4.534409638495829e-05,O
4232889011,1,9.306042138573778e-05,O
4232889011,1,4.927375957947122e-05,O
1932106328,1,0.0,C
1932106328,1,0.0,C
1932106328,1,0.0,C
1932106328,1,0.0,C
1932106328,1,0.0,C
UNK,1,0.0007998971142187394,
UNK,1,-0.010931966171011609,
UNK,1,0.0011118133297503552,
UNK,1,-0.0065803498113396475,
UNK,1,-0.0011683317915270885,
3218693969,2,0.004349094027697176,C
3218693969,2,0.008158823783388947,C
3218693969,2,-0.00025453588922769166,C
3218693969,2,0.002656918464357838,C
3218693969,2,0.008431824677602284,C
3217380708,2,0.010845240946438073,C
3217380708,2,-0.00020796829716707155,C
3217380708,2,0.005325251158648792,C
3217380708,2,0.005683021239250463,C
3217380708,2,0.016110446757893748,C
951226070,2,0.0063067116384875055,C
951226070,2,0.006094126769903674,C
951226070,2,-0.00019884581408130542,C
951226070,2,0.003301113791946586,C
951226070,2,0.0015479620036010777,C
2968968094,2,-0.0026481167772876013,C
2968968094,2,0.0021100766661838466,C
2968968094,2,-0.0023479132509291456,C
2968968094,2,-0.00310109518108187,C
2968968094,2,-0.0071549984640569275,C
2245384272,2,-0.0015563946935234774,C
2245384272,2,-0.0015622438686762052,C
2245384272,2,-0.0019096890219920115,C
2245384272,2,-0.0008685304369666635,C
2245384272,2,0.0008419989883448054,C
864942730,2,-0.0030527005198379698,O
864942730,2,-0.009070228002198033,O
864942730,2,0.0046827267917188276,O
864942730,2,-0.005937277683346176,O
864942730,2,-0.015457197738151962,O
2246728737,2,0.009616018320863284,C
2246728737,2,0.013242599591375692,C
2246728737,2,0.011720800064248138,C
2246728737,2,0.011413776669872644,C
2246728737,2,0.013022750911052816,C
98513984,2,0.0026725076431363126,C
98513984,2,-0.0015761236815865498,C
98513984,2,0.002739668721501609,C
98513984,2,0.007733447790965409,C
98513984,2,0.0037116003969674405,C
2041434490,2,0.008058011659565822,N
2041434490,2,0.008454942176754576,N
2041434490,2,0.0027373369437289075,N
2041434490,2,0.001127130154058631,N
2041434490,2,0.00648733778664079,N
2246699815,2,-0.014368940615298864,C
2246699815,2,-0.008252219958878704,C
2246699815,2,-0.01163085908237993,C
2246699815,2,-0.012170772643865901,C
2246699815,2,-0.015591746508157311,C
994485099,2,0.006840177807462378,C
994485099,2,0.010699828250800791,C
994485099,2,0.0014718030618606215,C
994485099,2,0.005712353064144582,C
994485099,2,0.0032108004685329483,C
1510328189,2,-0.004253956375777468,O
1510328189,2,-0.007865636298338696,O
1510328189,2,-0.006156889009080457,O
1510328189,2,-0.0017424142751675253,O
1510328189,2,-0.000975017877213713,O
3999906991,2,0.006535162116773741,C
3999906991,2,0.012352938718994733,C
3999906991,2,0.002106758217468141,C
3999906991,2,0.006697473144327559,C
3999906991,2,0.0013535017912802427,C
2976033787,2,0.010957488987100028,C
2976033787,2,0.004620526283451998,C
2976033787,2,0.004349977099953772,C
2976033787,2,0.005592295670440506,C
2976033787,2,0.011481336025243372,C
2092489639,2,0.0035259451338440218,N
2092489639,2,0.00737281164662279,N
2092489639,2,0.005123742444694934,N
2092489639,2,0.00084182357044571,N
2092489639,2,0.0016698222355809866,N
847961216,2,0.0021522057790340776,N
847961216,2,0.0019715228728007794,N
847961216,2,-1.0445733609365515e-05,N
847961216,2,0.00045495747777757334,N
847961216,2,0.0009919974080405125,N
882399112,2,-0.0009894568973711215,F
882399112,2,0.0005763623720965727,F
882399112,2,0.0006988725914037208,F
882399112,2,-0.0004081801069751312,F
882399112,2,-0.002899154418378236,F
2803848648,2,0.0012692103935464938,C
2803848648,2,0.0011229404983207902,C
2803848648,2,0.0024898986830446113,C
2803848648,2,0.0023761032964010886,C
2803848648,2,0.0008928248826785001,C
2117068077,2,-0.0015460026379639502,C
2117068077,2,0.00012398727372808782,C
2117068077,2,-0.001531653080207862,C
2117068077,2,7.84070478027088e-06,C
2117068077,2,-0.002239088613867568,C
864674487,2,-0.0011185870071321324,O
864674487,2,-0.0007968658162258446,O
864674487,2,0.0007362394396068783,O
864674487,2,0.00525687772849065,O
864674487,2,-0.004653958343610598,O
864662311,2,-0.0015994136845841056,O
864662311,2,0.002117393239613685,O
864662311,2,0.00425379374012691,O
864662311,2,0.0019987642459902144,O
864662311,2,-0.0002568938729262671,O
2245273601,2,0.004246289989261964,C
2245273601,2,0.0017977108724986923,C
2245273601,2,0.003330262104600301,C
2245273601,2,-0.0014655018397620734,C
2245273601,2,-0.00033326783602760646,C
1100037548,2,0.00044778022057068156,N
1100037548,2,0.0008296109274265606,N
1100037548,2,0.001817085146418429,N
1100037548,2,0.0017692162845886483,N
1100037548,2,0.0011675389453995044,N
485463469,2,0.0017417286973765989,F
485463469,2,0.0007771100607115167,F
485463469,2,0.002276192851383696,F
485463469,2,0.0022096373657982116,F
485463469,2,0.0014277871854093127,F
1101907775,2,0.003454401204293245,N
1101907775,2,0.003264411410588419,N
1101907775,2,0.0025419995053775346,N
1101907775,2,0.006432624747419846,N
1101907775,2,0.0054055562352490205,N
10565946,2,-0.0015492782344788125,O
10565946,2,-0.0008737834193879856,O
10565946,2,-0.005034479031394923,O
10565946,2,-0.0002705906712364703,O
10565946,2,0.0013488747686195013,O
2076190208,2,0.0005647663810736669,O
2076190208,2,0.00022286427369982986,O
2076190208,2,0.00023209701864418397,O
2076190208,2,0.0015425246845403584,O
2076190208,2,0.0018310538105394403,O
2142032900,2,0.0012864129814542657,C
2142032900,2,0.0013822933494254674,C
2142032900,2,0.0007728919315850291,C
2142032900,2,0.0011728359292825785,C
2142032900,2,0.0014788824603840234,C
2132511834,2,-0.002053315319149207,N
2132511834,2,-0.0018889499830149759,N
2132511834,2,0.00025309457838867955,N
2132511834,2,-0.000856304837785038,N
2132511834,2,-0.003176736370514799,N
1312131881,2,0.0010002021564059493,C
1312131881,2,0.000618032165921989,C
1312131881,2,0.00014499153825464628,C
1312131881,2,-0.0009137897365790182,C
1312131881,2,-0.0006997449622224705,C
2353112200,2,0.0015087552844093022,C
2353112200,2,0.003805950716313178,C
2353112200,2,0.0023335603731292065,C
2353112200,2,0.0034103745516796957,C
2353112200,2,0.0024307667517413645,C
4121755354,2,-0.002277901073618527,C
4121755354,2,-0.0013332240302529885,C
4121755354,2,-0.0011345018871706247,C
4121755354,2,-0.000472373808696247,C
4121755354,2,-0.003484818695477343,C
1054767590,2,-0.0010692488868633832,C
1054767590,2,-0.00022090033312704982,C
1054767590,2,-7.278561344203904e-05,C
1054767590,2,-0.000403779648467828,C
1054767590,2,-0.00043751454161622405,C
3537119515,2,0.0007584163057897664,C
3537119515,2,0.0007497527972128992,C
3537119515,2,0.0025907961866932228,C
3537119515,2,0.0025788219538782076,C
3537119515,2,0.002639220006742826,C
1510461303,2,-0.00029779985265010467,C
1510461303,2,5.452562524738136e-05,C
1510461303,2,-0.0004394573663070167,C
1510461303,2,-0.0027559062949989444,C
1510461303,2,0.0004327917650546742,C
4216335232,2,-0.0007534768481042842,C
4216335232,2,-0.0007811098688717544,C
4216335232,2,-0.0003335826492875116,C
4216335232,2,-0.0011879505390480771,C
4216335232,2,-0.001484383822688562,C
3189457552,2,0.003716462472492743,O
3189457552,2,-0.002255066077773704,O
3189457552,2,0.0022145301816643426,O
3189457552,2,-0.002875992133652139,O
3189457552,2,0.0002880375826535553,O
2228063684,2,-0.0009478568422742195,O
2228063684,2,9.937889831124203e-05,O
2228063684,2,-0.00036807610974554095,O
2228063684,2,-0.0005528390341017486,O
2228063684,2,-0.0008356652179581925,O
3777168895,2,0.002142683608902185,C
3777168895,2,0.0014156189919186657,C
3777168895,2,0.0008096089560187258,C
3777168895,2,0.0012259128923184925,C
3777168895,2,0.0011220106272418207,C
1016841875,2,-0.004341261825840104,Cl
1016841875,2,-0.004904366015869244,Cl
1016841875,2,-0.0019072290091476929,Cl
1016841875,2,-0.006045288733885268,Cl
1016841875,2,-0.006021554505772797,Cl
422715066,2,-0.0003950947035405994,C
422715066,2,-0.0016740017861981427,C
422715066,2,0.0016855253172209927,C
422715066,2,0.003692292084699178,C
422715066,2,-0.0009887476993736821,C
3452535345,2,0.0024033583552031113,Cl
3452535345,2,0.0069914763473619135,Cl
3452535345,2,0.0032752178476289084,Cl
3452535345,2,0.002312463787649377,Cl
3452535345,2,0.007358205077602986,Cl
1429883190,2,0.00011481201860313872,C
1429883190,2,0.00013112356781053158,C
1429883190,2,0.0003398493417497428,C
1429883190,2,0.000265796275148944,C
1429883190,2,0.0006371449767654247,C
2763854213,2,0.002344737693362575,C
2763854213,2,0.00218017555397787,C
2763854213,2,0.0005409732204434414,C
2763854213,2,-0.0015480677244244512,C
2763854213,2,0.0009519236513582663,C
2424973678,2,-0.001563811976211249,C
2424973678,2,-0.003796340960498301,C
2424973678,2,0.0007805704148431958,C
2424973678,2,0.00013247920170006422,C
2424973678,2,-0.00123762353934459,C
847957139,2,0.0023879639725484236,N
847957139,2,0.00479914362419398,N
847957139,2,0.0035979069051720325,N
847957139,2,0.004987786162309105,N
847957139,2,0.0010930381299067427,N
1182622762,2,0.0017015536522581032,C
1182622762,2,0.00016379762979634727,C
1182622762,2,-0.0008798306515154231,C
1182622762,2,0.00018768778783034845,C
1182622762,2,-0.00016630141491735806,C
1857396528,2,0.00033391520304887345,C
1857396528,2,0.0001466588995819862,C
1857396528,2,0.0005256262999307482,C
1857396528,2,0.0007488026689478344,C
1857396528,2,0.0005104311669853479,C
3337745083,2,-0.0001171128503986707,F
3337745083,2,0.0004702858220118067,F
3337745083,2,0.00018605896841539238,F
3337745083,2,0.0014097837435602112,F
3337745083,2,0.0009909144590016794,F
4222851645,2,0.00021313656429988725,C
4222851645,2,-0.00025974039358372947,C
4222851645,2,-6.083559152103568e-06,C
4222851645,2,0.0001902223646503276,C
4222851645,2,5.043600178167296e-05,C
3975275337,2,-0.00043184232386284105,C
3975275337,2,-0.000995718540222068,C
3975275337,2,-0.000703005228532394,C
3975275337,2,-0.000827661909373445,C
3975275337,2,5.5490766669830105e-05,C
3692055567,2,0.008220391839358132,C
3692055567,2,0.0014692573875586534,C
3692055567,2,0.004482417742654232,C
3692055567,2,0.004897081352038368,C
3692055567,2,0.003337992999295547,C
2944555726,2,0.0008584700279328228,C
2944555726,2,0.00027632406730826453,C
2944555726,2,-0.00121185423115594,C
2944555726,2,0.0018107932192270582,C
2944555726,2,-0.0008299223423227087,C
2245277810,2,0.0005709310987488392,C
2245277810,2,0.0029543191019075765,C
2245277810,2,0.0038986133549511193,C
2245277810,2,0.002436086276200289,C
2245277810,2,0.0010791450939791614,C
3983062349,2,-0.004366705980400676,C
3983062349,2,-0.004878615435028211,C
3983062349,2,-0.003436408964217541,C
3983062349,2,-0.004881956767924911,C
3983062349,2,-0.004974284483420688,C
2246340824,2,0.0013195356864941776,C
2246340824,2,0.0011282877593358775,C
2246340824,2,0.0007473540975292403,C
2246340824,2,0.002928601787661189,C
2246340824,2,0.003261426120832245,C
2976816164,2,-0.005340897254282273,C
2976816164,2,-0.0035531301954720984,C
2976816164,2,-0.005022365182354105,C
2976816164,2,-0.009191753330412555,C
2976816164,2,-0.0067938185503657045,C
3776905034,2,0.0002620013359158624,C
3776905034,2,-0.001051530966209302,C
3776905034,2,0.0009757392336542936,C
3776905034,2,0.001737294550767543,C
3776905034,2,0.0020404570223911955,C
3542456614,2,-0.001790433668852509,C
3542456614,2,0.0064688348610477675,C
3542456614,2,0.00554461048819338,C
3542456614,2,0.00014426318645482938,C
3542456614,2,0.002723080658160626,C
3537123720,2,0.0009419368898078151,C
3537123720,2,-0.00043412332627890127,C
3537123720,2,0.0019085475271320984,C
3537123720,2,-0.00013404854119314358,C
3537123720,2,-0.0016549111718676124,C
1637836422,2,-0.0015886834578217046,C
1637836422,2,1.6382593903740972e-05,C
1637836422,2,-8.832880637943408e-05,C
1637836422,2,-0.0005480563862698684,C
1637836422,2,0.00010648844568617033,C
3162837314,2,-0.0015560544306053026,C
3162837314,2,-0.002460430539032943,C
3162837314,2,0.0013612709996987937,C
3162837314,2,-0.0019420693484541451,C
3162837314,2,-0.002619952051305219,C
3982076256,2,-0.0006660535119177302,C
3982076256,2,-0.0022251033017006705,C
3982076256,2,0.0026354889395766024,C
3982076256,2,0.0002196755976409115,C
3982076256,2,0.001723369215941739,C
1362518133,2,0.00010534248758981013,N
1362518133,2,-2.4131137767335886e-05,N
1362518133,2,0.00021665971803797035,N
1362518133,2,0.000150757543673663,N
1362518133,2,0.00010350360572691786,N
1135286194,2,0.00022990037282011322,C
1135286194,2,0.002281857228134454,C
1135286194,2,0.001695334282693195,C
1135286194,2,-0.0005327916943954625,C
1135286194,2,0.0020165484672863276,C
1790668568,2,-0.0009252335298797765,N
1790668568,2,-0.0021743612897703324,N
1790668568,2,-0.0014870195083820925,N
1790668568,2,-0.0009231167910813687,N
1790668568,2,-0.0026211841125675095,N
3124581743,2,-0.0004762147746736889,C
3124581743,2,-0.0005496632030933535,C
3124581743,2,0.0014653405739548653,C
3124581743,2,0.0009622350395090962,C
3124581743,2,-0.001382120457967373,C
2119439498,2,-0.0007769001274895992,C
2119439498,2,-0.0022959388520523705,C
2119439498,2,-0.0003311478291888603,C
2119439498,2,-0.0019476460388493932,C
2119439498,2,-0.0038059185904830706,C
1533864325,2,-0.0003596326252233162,O
1533864325,2,-0.0019345493418747028,O
1533864325,2,-0.0011623185893628873,O
1533864325,2,-0.0024620240815831362,O
1533864325,2,-0.0004679604133989157,O
4278941385,2,-0.001044705656347178,C
4278941385,2,-0.0003060494032250949,C
4278941385,2,-0.00016521281209558314,C
4278941385,2,-0.0006411381402326999,C
4278941385,2,0.00018783227791163704,C
3918336191,2,-0.0018662391237012077,C
3918336191,2,-0.002991420354451768,C
3918336191,2,-0.0022157179476146593,C
3918336191,2,-0.003158215942651088,C
3918336191,2,-0.0015080102931798178,C
2560252747,2,-0.00030011137449825753,C
2560252747,2,0.000508833296918143,C
2560252747,2,-0.0001965675104717568,C
2560252747,2,4.292152069929056e-05,C
2560252747,2,-0.0011875561269663049,C
999334238,2,0.0001204776815473263,S
999334238,2,0.000522280640709194,S
999334238,2,0.00021439084416113863,S
999334238,2,-0.00027550214951166385,S
999334238,2,0.0002486887150106587,S
1173125914,2,0.0009433044095206733,C
1173125914,2,0.00029145054823392913,C
1173125914,2,0.0016027043964179644,C
1173125914,2,0.0020628400320162332,C
1173125914,2,0.0023077945894071084,C
2994748777,2,-2.2190791180154434e-06,C
2994748777,2,-0.0008473857503802917,C
2994748777,2,-0.0004630566263584823,C
2994748777,2,-0.001746787001312311,C
2994748777,2,0.00013262805139141465,C
3351556771,2,0.0010366851561444124,S
3351556771,2,0.0002190929768439709,S
3351556771,2,0.0024257303990975476,S
3351556771,2,0.0031068929411783297,S
3351556771,2,0.0016314300611176002,S
2509211297,2,0.00038997000453105946,C
2509211297,2,0.0001347442863598447,C
2509211297,2,-0.00045207931314900085,C
2509211297,2,-0.00025912827869534194,C
2509211297,2,0.0005838467118690072,C
848128881,2,0.006198952829473914,N
848128881,2,0.004224571716994863,N
848128881,2,0.004054871154920259,N
848128881,2,0.004196232754060336,N
848128881,2,0.0063290990644592204,N
2246703798,2,-0.0025231630964921425,C
2246703798,2,-0.001041025390310979,C
2246703798,2,0.003722445754596626,C
2246703798,2,-0.0037907941428573233,C
2246703798,2,-0.0024701299440803015,C
1276993226,2,0.0001448754811719244,C
1276993226,2,-0.0027756953240523075,C
1276993226,2,-0.0016048099547535943,C
1276993226,2,0.0016741112607745467,C
1276993226,2,-0.005970395578251131,C
2984966880,2,0.0007538492596684265,C
2984966880,2,0.0004368252128862382,C
2984966880,2,0.0005371472265426891,C
2984966880,2,0.0008956267077262492,C
2984966880,2,0.0007469446233416832,C
3315826729,2,3.642286101945835e-05,C
3315826729,2,0.0002857836400425029,C
3315826729,2,-0.00017066235338858426,C
3315826729,2,0.000382270788239103,C
3315826729,2,-0.00032680406869084466,C
2115476908,2,0.002690631966458912,O
2115476908,2,0.002783587471599791,O
2115476908,2,0.0033637482207690694,O
2115476908,2,0.0027341579917041225,O
2115476908,2,0.004301625942247145,O
717512901,2,-0.0012603330677206648,N
717512901,2,0.0006543280666073681,N
717512901,2,-0.0008666759940810786,N
717512901,2,-0.00048775936256750807,N
717512901,2,-9.969764817785443e-05,N
2245900962,2,-0.0014913039594325328,C
2245900962,2,-0.0019995729607109047,C
2245900962,2,0.0011437605217110014,C
2245900962,2,-0.00047652479163323713,C
2245900962,2,0.002415679885725164,C
3848534832,2,0.004211746196298605,C
3848534832,2,0.0052643075687190954,C
3848534832,2,0.0028654986699209184,C
3848534832,2,0.0025818482054483782,C
3848534832,2,0.003215749907578669,C
3182824521,2,-0.0013981146369432262,C
3182824521,2,-0.0018958133029117197,C
3182824521,2,-0.000974384641691306,C
3182824521,2,-0.0012345795266968107,C
3182824521,2,-0.0010467750585038682,C
26234434,2,0.002544530264526279,O
26234434,2,0.005266472496700203,O
26234434,2,0.004651706389995236,O
26234434,2,0.006163472620561106,O
26234434,2,0.004743073587642588,O
288315894,2,3.5606837466284347e-06,S
288315894,2,9.072868012438562e-10,S
288315894,2,1.914159159249751e-05,S
288315894,2,5.956365434822697e-06,S
288315894,2,-7.671769147066243e-06,S
2811394787,2,0.00011655705998586674,C
2811394787,2,0.0002337053031860603,C
2811394787,2,-0.00013423384869420962,C
2811394787,2,0.00028382659180953285,C
2811394787,2,0.00022605488028271115,C
19852674,2,-0.0004652969632155113,C
19852674,2,-0.0004280277035876856,C
19852674,2,0.00031393723663908357,C
19852674,2,-0.0007255650131450242,C
19852674,2,-0.00043781722610825025,C
1861965050,2,-0.002327290795917314,C
1861965050,2,-0.0008731100644133738,C
1861965050,2,0.00020875045309515228,C
1861965050,2,0.0028738192210837066,C
1861965050,2,-0.0031385062198064917,C
2423543607,2,-9.060918458680955e-05,C
2423543607,2,-6.453984010457159e-05,C
2423543607,2,0.0001040112642046731,C
2423543607,2,7.254563574798922e-05,C
2423543607,2,0.0001239560092992642,C
1257718710,2,-0.001445589676604242,C
1257718710,2,-0.0008484888597610207,C
1257718710,2,3.10553717668971e-05,C
1257718710,2,-0.0006745105975817789,C
1257718710,2,0.00022741632902789632,C
2784506312,2,0.0011711224211558569,C
2784506312,2,-0.0003809005433911272,C
2784506312,2,0.0015609985776380841,C
2784506312,2,0.0012499479766404087,C
2784506312,2,0.0007153969168176011,C
3818546315,2,-0.00020845628976723374,C
3818546315,2,0.001077978076947761,C
3818546315,2,-0.0011898886859053603,C
3818546315,2,0.0006092957817681599,C
3818546315,2,5.186105303600641e-05,C
3657471097,2,-0.0011918319538914424,C
3657471097,2,-0.0008762394485700153,C
3657471097,2,-0.0002856086965881688,C
3657471097,2,-0.00016741751253152026,C
3657471097,2,0.0004312563074216902,C
2360741695,2,0.001151491575273167,C
2360741695,2,0.003163589825978863,C
2360741695,2,0.0025394113324343492,C
2360741695,2,0.003822955650517046,C
2360741695,2,0.004768575835025657,C
551287920,2,-0.0002448903209629205,C
551287920,2,6.09578615010653e-05,C
551287920,2,-7.966055531916094e-05,C
551287920,2,5.608277253665861e-05,C
551287920,2,-0.0008326968757738085,C
1842898132,2,-0.0006388450755335784,C
1842898132,2,-0.002033954595449694,C
1842898132,2,-0.0002281473108974308,C
1842898132,2,-0.000775904192139909,C
1842898132,2,-0.002295269689231383,C
2832976762,2,-0.0006994781033234365,C
2832976762,2,-3.100347591394881e-05,C
2832976762,2,2.6285600336128923e-05,C
2832976762,2,-3.661493527107318e-05,C
2832976762,2,0.00011762437849582863,C
2309124039,2,0.0014500679808157613,C
2309124039,2,0.0017331825123610978,C
2309124039,2,9.841090065160207e-05,C
2309124039,2,-0.00043684904331359187,C
2309124039,2,0.0032360299051162333,C
2591432844,2,0.0005451302693219584,N
2591432844,2,-8.112656671871443e-05,N
2591432844,2,0.0012724227937643828,N
2591432844,2,0.00012702920269036522,N
2591432844,2,4.270431589681323e-05,N
963029399,2,0.001441535895170043,N
963029399,2,0.00011382397278769663,N
963029399,2,0.0017079390246885207,N
963029399,2,-0.0004204978914318924,N
963029399,2,0.00092712256214178,N
3884454603,2,-0.0002906999800874055,C
3884454603,2,0.00016956147813707023,C
3884454603,2,-0.00014010999217983766,C
3884454603,2,3.130968443992854e-05,C
3884454603,2,2.5487892343634133e-05,C
4089138501,2,0.00025149504437149695,C
4089138501,2,0.0002947979191999517,C
4089138501,2,0.0002344654099595278,C
4089138501,2,-0.00028578492723857485,C
4089138501,2,0.0006971495773239744,C
932712697,2,0.0014765457312507224,O
932712697,2,0.0005517079351364251,O
932712697,2,0.00035169543738172715,O
932712697,2,0.0004778740333494236,O
932712697,2,-0.0007665695283957108,O
1634606847,2,-0.0011763813707242887,N
1634606847,2,-0.0007887632809461254,N
1634606847,2,-0.0010361321861626638,N
1634606847,2,-0.0006526061575910513,N
1634606847,2,-0.0019202873525441255,N
3624155,2,0.00022309098991329934,C
3624155,2,0.00034612583713722334,C
3624155,2,-5.383807686576425e-05,C
3624155,2,0.0003805032481249415,C
3624155,2,-0.00012177289856263318,C
161963127,2,0.0014883642291684263,C
161963127,2,0.002063047484916314,C
161963127,2,0.0019006403334216326,C
161963127,2,0.0020293387958965625,C
161963127,2,0.0027812560853305857,C
2257970297,2,-0.001989514033479689,C
2257970297,2,-0.0014592189863566474,C
2257970297,2,-0.0016408807832635763,C
2257970297,2,-0.0010456789166236047,C
2257970297,2,-0.0014273649039456826,C
787069595,2,-0.00019839932862303344,C
787069595,2,-0.00024871236875440017,C
787069595,2,0.0007798752279559173,C
787069595,2,-0.000295384933695797,C
787069595,2,0.0004430834777237047,C
517457164,2,-0.0018880682834697682,C
517457164,2,-0.0013507600236473127,C
517457164,2,-0.0012924016052696663,C
517457164,2,-0.0008807248349027574,C
517457164,2,-0.000907088102824305,C
3207567135,2,0.0010761603943312825,C
3207567135,2,-0.0024029756570486116,C
3207567135,2,-0.001738822042779531,C
3207567135,2,-0.0015694414281025026,C
3207567135,2,-0.0006887142234535681,C
435232729,2,0.00042975166041214763,N
435232729,2,0.00011589761088576234,N
435232729,2,0.00044925621474456445,N
435232729,2,0.0002435555542965595,N
435232729,2,0.0007341138651723589,N
2806018737,2,-5.07931644913584e-05,C
2806018737,2,-2.380409859248367e-05,C
2806018737,2,7.6626923501244e-05,C
2806018737,2,-0.00019855283364755838,C
2806018737,2,-0.00012211406453993545,C
4008337421,2,0.0008647389039760367,C
4008337421,2,-0.0006600951140147138,C
4008337421,2,0.0005802959669158891,C
4008337421,2,0.0005299265819442289,C
4008337421,2,-0.0010407431927897393,C
3026394695,2,0.0029196768196136924,C
3026394695,2,0.0022911613588927904,C
3026394695,2,0.0033451422707841405,C
3026394695,2,0.0016643727294016197,C
3026394695,2,0.0026570593539260723,C
2296565457,2,-0.00011079713517753165,N
2296565457,2,-0.0005739497954966311,N
2296565457,2,-0.0013715133214734498,N
2296565457,2,0.001177070631803001,N
2296565457,2,-0.0005134891655296236,N
2089117413,2,0.0004469306915390048,C
2089117413,2,0.0004629405492290184,C
2089117413,2,-6.269290507782133e-05,C
2089117413,2,0.00038242491286205604,C
2089117413,2,-1.0814850810114685e-05,C
572760528,2,-4.04715702497227e-05,C
572760528,2,4.110489386294214e-05,C
572760528,2,0.000226570981373464,C
572760528,2,0.0003893966751111755,C
572760528,2,0.000729390267733887,C
3002759401,2,0.0018853526605674964,C
3002759401,2,0.0023683051492793816,C
3002759401,2,0.0020625467494251315,C
3002759401,2,0.002360603350829049,C
3002759401,2,0.0016769600746331381,C
3118255683,2,0.0013406792105344345,N
3118255683,2,0.002588473983678785,N
3118255683,2,0.0026894412302261306,N
3118255683,2,0.0027051085781588657,N
3118255683,2,0.002552979159461899,N
74537039,2,0.00011421602498984385,C
74537039,2,-8.110106919262394e-05,C
74537039,2,0.0003501430958796625,C
74537039,2,9.029687459816138e-05,C
74537039,2,-0.0003586788704155186,C
2473389857,2,-1.1540344427574123e-05,C
2473389857,2,-0.00010416729639162181,C
2473389857,2,-0.0012509933945724083,C
2473389857,2,-0.000862255317349736,C
2473389857,2,-0.00044099956518139916,C
899522707,2,-5.763886457998968e-05,C
899522707,2,-0.00035374303270557794,C
899522707,2,3.431305160250808e-05,C
899522707,2,-0.00024685837678650735,C
899522707,2,-0.00026382858111795304,C
675765711,2,-0.0004619770162138104,C
675765711,2,-0.0002495130684394553,C
675765711,2,-0.00028588090372289043,C
675765711,2,-6.250907789595583e-05,C
675765711,2,-0.000314623529097835,C
1313967653,2,-0.0015940211320757403,C
1313967653,2,0.0004648523118845338,C
1313967653,2,-0.001381482555835034,C
1313967653,2,-0.0008766901999228693,C
1313967653,2,-0.002447716884200535,C
3855312692,2,-0.00013197352497995585,C
3855312692,2,-0.0002284665757760207,C
3855312692,2,-0.0005288414470027147,C
3855312692,2,-0.00034003508815311223,C
3855312692,2,-3.6763983174425974e-07,C
1083852209,2,0.0037385881510881847,N
1083852209,2,0.0017520231494547733,N
1083852209,2,0.0006799082569231008,N
1083852209,2,0.0022961628723257577,N
1083852209,2,0.001446048019928925,N
2905660137,2,0.002566799570250522,C
2905660137,2,0.003106459100482628,C
2905660137,2,0.0029286098093013746,C
2905660137,2,0.002501105216551891,C
2905660137,2,0.0028725168127040623,C
3579962709,2,0.005031046393776828,C
3579962709,2,0.001996703053298965,C
3579962709,2,0.003093408925341712,C
3579962709,2,0.0032378385622616745,C
3579962709,2,0.0028206990215893235,C
4041573576,2,0.0002571429439516826,C
4041573576,2,0.0007799859622777405,C
4041573576,2,0.0015450977140189504,C
4041573576,2,0.0014282129670306065,C
4041573576,2,0.0009299600176378431,C
64070612,2,0.0013269285843089396,C
64070612,2,0.0017024461411752623,C
64070612,2,0.001781211832604046,C
64070612,2,0.0017774108881788986,C
64070612,2,0.0011065353238023379,C
729796064,2,1.6618274023272317e-05,C
729796064,2,1.546482772479818e-05,C
729796064,2,6.701078846649278e-06,C
729796064,2,4.8359825203236895e-06,C
729796064,2,7.69003659784051e-06,C
1070821685,2,0.0007198828429895721,C
1070821685,2,-0.0005354832673700738,C
1070821685,2,0.0002917135466414811,C
1070821685,2,0.0008823239055484877,C
1070821685,2,0.001549679715746488,C
3820826669,2,-0.0005252528165614057,C
3820826669,2,-0.0005606479470584569,C
3820826669,2,-0.0004505772469050595,C
3820826669,2,-0.0003131237499318096,C
3820826669,2,-0.001130402860866353,C
2223687999,2,0.00033668219033894387,C
2223687999,2,0.00040618675938419724,C
2223687999,2,0.0004103369333219864,C
2223687999,2,0.0003675084327527389,C
2223687999,2,0.0002070243957363327,C
2435680164,2,-0.00035331432155172315,N
2435680164,2,6.26604242053852e-05,N
2435680164,2,0.00047170704488763704,N
2435680164,2,0.00025225597439937353,N
2435680164,2,6.734984092626739e-05,N
600629739,2,0.0008073103788785452,N
600629739,2,0.0002209277726264447,N
600629739,2,0.0018096986611019772,N
600629739,2,0.0016177928587411405,N
600629739,2,0.0013466044774556596,N
2370996728,2,-0.00026073310539020955,C
2370996728,2,-0.0003673484728615173,C
2370996728,2,-0.00020331451909721965,C
2370996728,2,-0.0003832783538099127,C
2370996728,2,-0.00032017147101365273,C
266675433,2,-0.0017385703053041102,O
266675433,2,0.0009156538990586771,O
266675433,2,-8.316583124501342e-05,O
266675433,2,-0.0012880859382861654,O
266675433,2,0.00012904167026295266,O
2720313463,2,0.001982396872660719,C
2720313463,2,0.002894019655011515,C
2720313463,2,0.0008657196200252959,C
2720313463,2,0.0028347021164785158,C
2720313463,2,0.0022876228541998667,C
847433064,2,0.0015349002617626728,N
847433064,2,-0.003872983505705252,N
847433064,2,-0.000349705347088225,N
847433064,2,-0.004282717793302693,N
847433064,2,-0.004392469188256365,N
2551483158,2,-5.699356812971512e-05,N
2551483158,2,0.006261478670157028,N
2551483158,2,0.0034096668745913217,N
2551483158,2,0.0010380359316525256,N
2551483158,2,-0.0032917169539354307,N
3933537673,2,0.00014490990020138428,C
3933537673,2,-0.0015793087093853297,C
3933537673,2,0.0008368316286679334,C
3933537673,2,0.0002648566906532368,C
3933537673,2,-0.000533704173654781,C
3458774156,2,-0.0004054496632133753,N
3458774156,2,-0.0003170342578966978,N
3458774156,2,0.00023365190980190187,N
3458774156,2,-0.00013014215734208356,N
3458774156,2,-0.00025452493094740847,N
642367021,2,0.0014398109494285771,C
642367021,2,0.0016192710318971848,C
642367021,2,-0.0012815224319666085,C
642367021,2,0.0014091918687708094,C
642367021,2,-0.0009178653717645813,C
847336149,2,0.004998480703903352,N
847336149,2,0.003751451396404093,N
847336149,2,0.0020872570503191468,N
847336149,2,0.0038257879298058683,N
847336149,2,0.005172030555416984,N
3182177290,2,4.94389588258648e-05,C
3182177290,2,0.00012787221268678595,C
3182177290,2,-3.432280522003284e-05,C
3182177290,2,0.00015285189753888595,C
3182177290,2,0.0001510052176739718,C
1167322652,2,-0.0009888572180349886,C
1167322652,2,-0.0003240512481718083,C
1167322652,2,-0.0008903312650420658,C
1167322652,2,-0.0003358098536870857,C
1167322652,2,-0.0014678462107615697,C
3796841743,2,0.0013260286287507528,C
3796841743,2,-0.00013556726350222315,C
3796841743,2,0.0002368719006800024,C
3796841743,2,0.001135076621159914,C
3796841743,2,0.0014065551596879056,C
1730555933,2,-6.056048113878276e-06,C
1730555933,2,-2.686681640989841e-05,C
1730555933,2,-2.2125306732956318e-05,C
1730555933,2,-4.973595057961022e-05,C
1730555933,2,-4.118042334477767e-05,C
1583799011,2,0.0008250806228166097,C
1583799011,2,0.0004923926558729752,C
1583799011,2,0.0017487746344116428,C
1583799011,2,0.0010547662284139392,C
1583799011,2,0.0015314053123327565,C
3908647167,2,-0.00028087752920014086,C
3908647167,2,-9.094439431073242e-05,C
3908647167,2,-0.0001321722438334394,C
3908647167,2,-0.0005140065369131364,C
3908647167,2,2.197192920494473e-05,C
271903915,2,-0.0013102355846527636,N
271903915,2,0.004322883319867854,N
271903915,2,0.0004538567381872083,N
271903915,2,-0.0027584413129955188,N
271903915,2,0.0009043225133282262,N
2447826885,2,0.00029941525856824747,C
2447826885,2,0.0001116886359676661,C
2447826885,2,7.696779115523578e-05,C
2447826885,2,8.269638098135079e-05,C
2447826885,2,-0.00011132412461595242,C
1791271074,2,0.00014233265104079962,S
1791271074,2,0.0001447026452085498,S
1791271074,2,0.00016465737631982114,S
1791271074,2,0.00029299304595564735,S
1791271074,2,0.0002731648972882361,S
3976623167,2,0.000247106274747777,C
3976623167,2,0.00021497508666468157,C
3976623167,2,0.00016329065290604516,C
3976623167,2,-0.0007809119481764215,C
3976623167,2,-0.00010214180566281428,C
966311396,2,0.0018361012481770689,C
966311396,2,0.0012415123107437087,C
966311396,2,0.00016744428295806246,C
966311396,2,0.0005701853973276716,C
966311396,2,0.0014265065800907473,C
1323467736,2,-0.0003818242968384178,C
1323467736,2,0.0024342706205997544,C
1323467736,2,0.0016129033439892804,C
1323467736,2,-0.00013373845065778323,C
1323467736,2,0.0037320558482533683,C
411967733,2,9.053418396187674e-06,C
411967733,2,2.40450489730204e-06,C
411967733,2,-1.2021998679168089e-05,C
411967733,2,4.341072630381637e-05,C
411967733,2,-8.386967916329535e-06,C
3545365497,2,0.0015930186154412551,C
3545365497,2,-0.002296608391196664,C
3545365497,2,0.006914846231186322,C
3545365497,2,0.0006989901237058893,C
3545365497,2,0.0004221824192321977,C
3796359118,2,4.7518647267486e-05,C
3796359118,2,0.00029001328368533086,C
3796359118,2,5.9794659077905266e-05,C
3796359118,2,-4.948624635903176e-05,C
3796359118,2,8.6867843532068e-05,C
36538691,2,9.76573516960344e-05,C
36538691,2,0.000864964660103662,C
36538691,2,0.0014790272062263354,C
36538691,2,0.0007894073484439601,C
36538691,2,0.0017601981291149316,C
2649902721,2,-0.0011737158220844757,C
2649902721,2,-0.0017430938597773893,C
2649902721,2,-0.0008457600141615895,C
2649902721,2,-0.0017072669685446185,C
2649902721,2,-0.0013925319316296925,C
994237755,2,0.00029537474172658396,C
994237755,2,-0.0002930375231787741,C
994237755,2,0.0002764287698424628,C
994237755,2,0.0017059742802865152,C
994237755,2,-0.0002061312774445101,C
1961848637,2,-1.3532945936423069e-05,C
1961848637,2,0.0004917086068763621,C
1961848637,2,3.110544778822666e-05,C
1961848637,2,-0.00022687508015561964,C
1961848637,2,0.0006727731100408807,C
3004333805,2,0.0006895426020833706,C
3004333805,2,0.0007433160261247074,C
3004333805,2,0.000910344042448219,C
3004333805,2,0.00032504922333259634,C
3004333805,2,0.0013668068019506152,C
4033380444,2,0.0001461955068902121,C
4033380444,2,1.4205023855351495e-05,C
4033380444,2,-5.551819740767794e-05,C
4033380444,2,0.00017374306054995792,C
4033380444,2,8.032016648662488e-05,C
619920801,2,1.9508582879301795e-05,C
619920801,2,0.0001278373550986367,C
619920801,2,-8.491512580827143e-05,C
619920801,2,0.00013115390278767292,C
619920801,2,-7.029384673085115e-05,C
3334525955,2,0.0005710507871714565,C
3334525955,2,3.957252357433827e-05,C
3334525955,2,0.0002380875319011322,C
3334525955,2,0.00042191524754098264,C
3334525955,2,0.0002454397688126386,C
3994088662,2,0.0013756342873394445,C
3994088662,2,-5.846319085378582e-05,C
3994088662,2,8.995760651386853e-07,C
3994088662,2,0.0009321867921301408,C
3994088662,2,0.000583206854031848,C
3596485316,2,0.00028045399049048125,C
3596485316,2,0.00019273702746214205,C
3596485316,2,0.00036098154417713024,C
3596485316,2,0.0003268421206685801,C
3596485316,2,6.102282926984115e-05,C
171200514,2,-9.787364247559882e-06,C
171200514,2,0.00021996685788649994,C
171200514,2,0.00015361741487157632,C
171200514,2,0.00021853507630786861,C
171200514,2,7.311835786955045e-05,C
970433791,2,0.00032288236727023856,C
970433791,2,0.00025784762631481106,C
970433791,2,0.0005729083741533025,C
970433791,2,0.00048235113515532335,C
970433791,2,0.0006901341839309905,C
685125387,2,3.1106275363457225e-05,C
685125387,2,-4.5870553012250515e-05,C
685125387,2,4.055633854532781e-05,C
685125387,2,-0.0003660434231241849,C
685125387,2,0.0004308977824099558,C
2835079913,2,-0.0009581923838928863,C
2835079913,2,-0.0003261167847339874,C
2835079913,2,-0.00021486282624616493,C
2835079913,2,-0.0011831624432355192,C
2835079913,2,-0.0013334351398444633,C
1352399629,2,0.0007823122840650565,O
1352399629,2,0.0001741845409795051,O
1352399629,2,0.0013035683728569447,O
1352399629,2,0.0010990405696673644,O
1352399629,2,0.0010946575271262304,O
416356657,2,0.000745740582223875,C
416356657,2,0.0003293501472619309,C
416356657,2,0.0001727274280241553,C
416356657,2,0.0008278801618080145,C
416356657,2,0.000409091502374781,C
1535166686,2,-0.0004632380236253564,O
1535166686,2,-0.0007777917898539877,O
1535166686,2,1.3473766465821324e-05,O
1535166686,2,-0.00011775154067211746,O
1535166686,2,-3.2506672871912556e-05,O
589930590,2,-0.00028520593114006454,C
589930590,2,-0.0009393227913105928,C
589930590,2,0.00024910311658676854,C
589930590,2,-0.000799044932359938,C
589930590,2,-0.0009767091571641906,C
2463614838,2,-0.00016945704877741052,C
2463614838,2,-8.500753071882805e-05,C
2463614838,2,-0.00014104961210281708,C
2463614838,2,0.00010948981792258117,C
2463614838,2,0.0003072379395961944,C
1871221615,2,-2.4060564078387525e-05,C
1871221615,2,-0.0003558094917349708,C
1871221615,2,-0.000994506907767756,C
1871221615,2,-0.0009343581057693062,C
1871221615,2,-0.0011177451062460708,C
3482873808,2,-0.0006612398478109127,C
3482873808,2,-0.00030130950569856596,C
3482873808,2,0.0005571615512770522,C
3482873808,2,-0.00040797494942418355,C
3482873808,2,-7.860074215826351e-05,C
553412256,2,-0.0004217805151646714,C
553412256,2,-0.0006321011332239279,C
553412256,2,-0.000743644765355933,C
553412256,2,-0.00021280323235034482,C
553412256,2,-0.00040250357037685536,C
135980867,2,2.301305351393168e-06,C
135980867,2,-4.548425868167172e-07,C
135980867,2,3.6827494400148986e-06,C
135980867,2,2.77899641770718e-06,C
135980867,2,1.5378926329634446e-05,C
1445852595,2,-0.0005585723570399326,C
1445852595,2,-0.0005484387525142576,C
1445852595,2,-0.00041973676359952083,C
1445852595,2,-0.0005526759283623894,C
1445852595,2,-0.0004856985432504235,C
2434373675,2,0.001523353170161501,N
2434373675,2,0.0018051483979667493,N
2434373675,2,0.0011562128505364644,N
2434373675,2,0.0007791957873022337,N
2434373675,2,0.0007775026588933698,N
2939120473,2,-4.045435337579617e-05,C
2939120473,2,0.00037937708675950255,C
2939120473,2,1.5592550835497043e-06,C
2939120473,2,-0.00039454586791215496,C
2939120473,2,-0.0002466807086164424,C
3203709451,2,0.00010955910814747227,O
3203709451,2,0.0001670210475848144,O
3203709451,2,1.5734615254725526e-05,O
3203709451,2,0.0001278489458215737,O
3203709451,2,0.00012207513741385734,O
368531313,2,-3.737043243046134e-05,C
368531313,2,-0.00033211909745806123,C
368531313,2,0.0003428867758760723,C
368531313,2,0.00015292010410811185,C
368531313,2,0.00035253270790541746,C
3176806076,2,0.0013516662439769234,C
3176806076,2,0.0004165928530771579,C
3176806076,2,0.0013424179829086835,C
3176806076,2,0.001132484573510839,C
3176806076,2,0.0010830043521474764,C
2614860224,2,0.001930741316545137,C
2614860224,2,0.0007129874089256694,C
2614860224,2,0.0007454232125783666,C
2614860224,2,0.001069098192395146,C
2614860224,2,0.0002781351137287613,C
2297887526,2,0.00011340678530025183,N
2297887526,2,9.354402061645395e-05,N
2297887526,2,6.456218869727026e-05,N
2297887526,2,1.0055214035464832e-05,N
2297887526,2,0.00022502263907392406,N
623728226,2,-0.0001905143223279171,C
623728226,2,-0.00018232113057553567,C
623728226,2,8.486330786106056e-05,C
623728226,2,2.6284906595452906e-05,C
623728226,2,0.00034238134884462257,C
603510687,2,-0.0005548129698842441,C
603510687,2,-0.0006876741645070461,C
603510687,2,0.0019840965576207736,C
603510687,2,0.0012263532081336903,C
603510687,2,0.00016521673459080066,C
725322217,2,0.0005913638333834847,C
725322217,2,0.0016900052704303947,C
725322217,2,0.0018170761092973775,C
725322217,2,0.0007129265572269339,C
725322217,2,0.0018090145796349488,C
434423882,2,5.143401073809395e-05,C
434423882,2,0.0006823705942781699,C
434423882,2,0.00029626674708288503,C
434423882,2,0.00064441561156936,C
434423882,2,-0.00031083939055254195,C
548743766,2,-0.0001031903929284983,C
548743766,2,1.374000874210246e-05,C
548743766,2,-0.0001681019047329868,C
548743766,2,0.00014237807895289833,C
548743766,2,0.0001456530841408843,C
1399127774,2,0.00016659875544750014,C
1399127774,2,0.0003354074027986931,C
1399127774,2,0.00035592875965217985,C
1399127774,2,-0.0009015321873476756,C
1399127774,2,-0.00020312003608358165,C
2629723425,2,0.002282330831777757,C
2629723425,2,0.0021597278980443613,C
2629723425,2,0.0007257530763299935,C
2629723425,2,0.002687564314931723,C
2629723425,2,0.0018662447152802408,C
1542633699,2,-0.0008014015732669133,O
1542633699,2,-0.00044903385230954385,O
1542633699,2,-7.926815217917937e-05,O
1542633699,2,-0.0008576001660848265,O
1542633699,2,-0.000918067313422366,O
1824088295,2,-0.002837254425773539,C
1824088295,2,-0.0059393462824614,C
1824088295,2,-9.06221945335961e-05,C
1824088295,2,-0.0006067799089709558,C
1824088295,2,0.00032217683748070325,C
1078211001,2,-0.0006827214023200079,O
1078211001,2,-3.0660516574354535e-05,O
1078211001,2,-0.00035445946910805937,O
1078211001,2,0.00038596479791797034,O
1078211001,2,-0.0001628345253832375,O
579286581,2,-4.1201261185064286e-05,C
579286581,2,-0.00011667241556628793,C
579286581,2,4.8984200238022524e-05,C
579286581,2,-0.0002845205693439712,C
579286581,2,0.00018201492667424546,C
476060908,2,-0.0010837032443989925,C
476060908,2,-0.0017382520277617886,C
476060908,2,-0.0010817993718815755,C
476060908,2,-0.001596391310754397,C
476060908,2,-0.0014907915187680754,C
2154935424,2,-0.0010196768454707739,O
2154935424,2,-0.0005732157003342508,O
2154935424,2,-0.0007505048530441205,O
2154935424,2,-0.0013841261412046446,O
2154935424,2,-0.0017494717515095792,O
4256524850,2,-0.0009094803103608107,C
4256524850,2,0.0019311736433585414,C
4256524850,2,0.003868689943175352,C
4256524850,2,0.0006949567877733154,C
4256524850,2,0.00021965567369530703,C
3980805843,2,0.0006409324871191613,C
3980805843,2,0.0024836820861480202,C
3980805843,2,0.0017831244025848236,C
3980805843,2,0.0010722720428779087,C
3980805843,2,0.0014196237546680313,C
3594646603,2,0.0,C
3594646603,2,0.0,C
3594646603,2,0.0,C
3594646603,2,0.0,C
3594646603,2,0.0,C
4036277955,2,-2.3101214021326033e-05,C
4036277955,2,-3.94196320921969e-05,C
4036277955,2,-2.2316798630517276e-05,C
4036277955,2,4.731556875081644e-06,C
4036277955,2,-1.4048552783307855e-05,C
3554022385,2,1.1782291502948627e-05,C
3554022385,2,0.0,C
3554022385,2,0.0,C
3554022385,2,6.059573288030862e-06,C
3554022385,2,1.865096326270077e-06,C
571978829,2,-0.00020648756829866333,C
571978829,2,-0.0016408328328378907,C
571978829,2,-0.0006048443477913445,C
571978829,2,-0.0013422369930771727,C
571978829,2,-0.0001439604227116975,C
4011293459,2,-0.0006660968233063169,C
4011293459,2,-0.0003305885667443942,C
4011293459,2,-7.528433954628877e-06,C
4011293459,2,-0.001038516432920411,C
4011293459,2,-0.0005660887997183672,C
1378530689,2,0.0,C
1378530689,2,0.0,C
1378530689,2,0.0,C
1378530689,2,0.0,C
1378530689,2,0.0,C
1858577693,2,0.0010075340542011757,C
1858577693,2,0.0006972690856535957,C
1858577693,2,0.0012751017319659885,C
1858577693,2,0.00034793803008498214,C
1858577693,2,0.0002862451601586824,C
3120642300,2,0.0007428261752038257,C
3120642300,2,-0.0008566872472908216,C
3120642300,2,0.0005433938332957688,C
3120642300,2,0.00017114773589604892,C
3120642300,2,0.0002577230539179687,C
2594220197,2,0.0005952614085547592,C
2594220197,2,-0.0010759079078817013,C
2594220197,2,0.0017141182036558567,C
2594220197,2,0.0015957294064667393,C
2594220197,2,-0.0011198000561077337,C
1693331843,2,0.00016870515384764806,N
1693331843,2,0.00035885124589418727,N
1693331843,2,-0.00011173862063201812,N
1693331843,2,0.00033319436087092535,N
1693331843,2,0.00023627456039837513,N
1868602760,2,0.0004581200687949205,N
1868602760,2,0.0002785935142785023,N
1868602760,2,-5.669484280673709e-05,N
1868602760,2,-7.157787431821827e-05,N
1868602760,2,-4.291396233502276e-05,N
1842114921,2,0.00048342900872921923,C
1842114921,2,-0.0003064342510247231,C
1842114921,2,0.000221861715597238,C
1842114921,2,0.000676594715903478,C
1842114921,2,-0.0008673560109930811,C
2021812431,2,0.00010234727001823263,N
2021812431,2,-0.00011216176437206515,N
2021812431,2,7.654023330605497e-05,N
2021812431,2,-0.00040423635146863424,N
2021812431,2,-0.00023393348935296654,N
4197146180,2,-0.0008081191173886504,O
4197146180,2,-0.0007055118296159235,O
4197146180,2,-9.273119165353894e-05,O
4197146180,2,-0.0002668222291770661,O
4197146180,2,0.0002714490860054597,O
3121777292,2,0.00010707913850649398,N
3121777292,2,7.64051062350779e-05,N
3121777292,2,3.964330181538411e-05,N
3121777292,2,0.00036929622421044694,N
3121777292,2,0.00034276432526869627,N
2752034647,2,-0.00011877136683291489,C
2752034647,2,-0.00016185403725110792,C
2752034647,2,-0.00012558199938350612,C
2752034647,2,-0.00020278401916662414,C
2752034647,2,-0.00020482122260273572,C
3614376044,2,5.5654994369880306e-05,C
3614376044,2,2.199694546217712e-05,C
3614376044,2,-2.5715962180983265e-05,C
3614376044,2,1.4850446323100286e-05,C
3614376044,2,-2.012481451901804e-05,C
3266129148,2,0.00016878870940711943,S
3266129148,2,-0.00014533518190629202,S
3266129148,2,0.0003722015624832431,S
3266129148,2,0.00019059812780436447,S
3266129148,2,-0.00037890204672152983,S
3346539298,2,-0.000942125531009641,N
3346539298,2,-0.0005763638000751969,N
3346539298,2,-0.0004945199990957216,N
3346539298,2,-4.530231566235443e-05,N
3346539298,2,-0.0004932240441146152,N
2513428378,2,0.0005413312376943424,C
2513428378,2,0.00012842558564768458,C
2513428378,2,-0.0005886791763103916,C
2513428378,2,0.00018293685872194931,C
2513428378,2,-0.0008603305843932207,C
2827868305,2,0.0022006914861713023,C
2827868305,2,0.0008493163315190233,C
2827868305,2,0.001765286891761919,C
2827868305,2,0.003620880154878714,C
2827868305,2,0.003151315721634129,C
1153219603,2,0.001184655607631202,C
1153219603,2,0.0011635529565936498,C
1153219603,2,0.0008880892040912802,C
1153219603,2,0.0006450201981353931,C
1153219603,2,0.0009804464149795744,C
516041383,2,-0.0010739568620729,C
516041383,2,-0.0011959879716028077,C
516041383,2,-0.0007920655882940886,C
516041383,2,-0.0004927011647093416,C
516041383,2,-0.0007045464870114593,C
312306367,2,-0.00010267227794308331,C
312306367,2,0.0021095140803085166,C
312306367,2,0.0006911252634795861,C
312306367,2,-0.0005318919774586206,C
312306367,2,0.0011571117901253425,C
3925172229,2,0.0010272720509599265,C
3925172229,2,0.0009591194912986767,C
3925172229,2,0.0005761771758255874,C
3925172229,2,0.0004323273901654656,C
3925172229,2,0.0007321858771192069,C
118059098,2,-0.0005397580255196432,C
118059098,2,-0.00045110673170878357,C
118059098,2,0.0003946118618875505,C
118059098,2,0.0009441326339381662,C
118059098,2,-3.4945779228301443e-05,C
3981762496,2,0.0014828071854727787,C
3981762496,2,0.0012809918188619318,C
3981762496,2,0.0013581776488691966,C
3981762496,2,0.0010063356503448029,C
3981762496,2,0.0009770431101069899,C
2122981102,2,-1.3154841854212673e-05,N
2122981102,2,-1.8161499829805194e-05,N
2122981102,2,-7.951149796348034e-06,N
2122981102,2,-1.3154841854212673e-05,N
2122981102,2,-1.3154841854212673e-05,N
1506563592,2,0.0010578336023603918,C
1506563592,2,0.0007740090735937621,C
1506563592,2,0.001264879747338521,C
1506563592,2,0.0002157079485697322,C
1506563592,2,0.0009974864020331209,C
2604440622,2,0.0010902891622641686,C
2604440622,2,0.0010953965416859446,C
2604440622,2,9.357513120100691e-05,C
2604440622,2,0.00027310463691332387,C
2604440622,2,0.0005419859150727624,C
1717044408,2,-1.086002415073839e-05,C
1717044408,2,8.258078239231637e-06,C
1717044408,2,4.033022975802325e-06,C
1717044408,2,-2.5610578754386992e-06,C
1717044408,2,-1.6579070295508203e-06,C
2646219661,2,0.00018958429502818896,C
2646219661,2,-7.239586519514063e-05,C
2646219661,2,2.4904638667166967e-05,C
2646219661,2,0.00017897666397381773,C
2646219661,2,0.00013629794113234617,C
128522177,2,-0.00015386506872122618,C
128522177,2,-0.00010326786183206815,C
128522177,2,-0.00020204713165272725,C
128522177,2,0.0006530282485242012,C
128522177,2,0.00011010415458412304,C
2459741777,2,0.0009125357924089639,O
2459741777,2,-0.002629748453618852,O
2459741777,2,0.000625325925881548,O
2459741777,2,-0.002913433681455191,O
2459741777,2,-0.001994841562523275,O
3612926680,2,0.0017913931640370917,Br
3612926680,2,0.0004339022704417661,Br
3612926680,2,-0.00024934185823810573,Br
3612926680,2,0.0003470625281207229,Br
3612926680,2,0.0018761583506426427,Br
1792562719,2,0.0016136706734806716,S
1792562719,2,0.001973536766534001,S
1792562719,2,0.002148561120911552,S
1792562719,2,0.00165189524610998,S
1792562719,2,0.0025803541093742943,S
868576692,2,9.445878942365704e-05,C
868576692,2,5.0738677202455396e-05,C
868576692,2,1.8881599985642872e-05,C
868576692,2,0.0001082346235591336,C
868576692,2,8.008124013841877e-05,C
1999904870,2,7.071164774441474e-06,C
1999904870,2,6.845488050910564e-06,C
1999904870,2,1.4767612080968107e-06,C
1999904870,2,1.3971937487200492e-05,C
1999904870,2,1.2412071907497157e-05,C
3532053313,2,-5.0149045652869706e-05,S
3532053313,2,-2.3985775951418375e-05,S
3532053313,2,-3.735131190890639e-05,S
3532053313,2,-2.3391753972867857e-05,S
3532053313,2,-2.178238103700547e-05,S
592593828,2,0.001216041550112068,C
592593828,2,0.0011533680255213508,C
592593828,2,0.0020259387772975646,C
592593828,2,4.435031904198583e-05,C
592593828,2,0.0011387733659394272,C
3632350815,2,0.0004813985493161699,Br
3632350815,2,0.0003994492499003188,Br
3632350815,2,0.0003189576685011519,Br
3632350815,2,0.0005739349649545589,Br
3632350815,2,0.000155527754422069,Br
3025629386,2,-0.0016321297193919726,C
3025629386,2,-0.0034620000381547777,C
3025629386,2,-0.00387394713010647,C
3025629386,2,-0.0032297222188384933,C
3025629386,2,-0.004677239397079536,C
3594696610,2,2.2109459160146727e-06,C
3594696610,2,1.646550549960768e-06,C
3594696610,2,2.9529868543765048e-06,C
3594696610,2,4.290991316990844e-06,C
3594696610,2,3.6874394515606923e-07,C
2212573984,2,0.0,S
2212573984,2,0.0,S
2212573984,2,0.0,S
2212573984,2,0.0,S
2212573984,2,0.0,S
3157481675,2,0.00011809384088379282,C
3157481675,2,0.0009625315456835426,C
3157481675,2,0.0006276294991767184,C
3157481675,2,0.001376027152925563,C
3157481675,2,0.0006886772686444109,C
669222828,2,0.0021572330163178166,C
669222828,2,0.0015367822609061998,C
669222828,2,0.002246057259662093,C
669222828,2,0.0018742516724057356,C
669222828,2,0.0010682669138630252,C
1856075173,2,-0.00018430133366242885,C
1856075173,2,-8.526341628833922e-05,C
1856075173,2,-0.00018430133366242885,C
1856075173,2,1.7596970505184828e-06,C
1856075173,2,-8.526341628833922e-05,C
618671879,2,0.0003225226283036231,C
618671879,2,-5.235473368020438e-05,C
618671879,2,-0.00022928021252721642,C
618671879,2,4.8949688673471936e-05,C
618671879,2,0.0006629794832597735,C
714893496,2,-0.00021525124658855477,C
714893496,2,-0.00030081968103568,C
714893496,2,-0.00023536294430598348,C
714893496,2,3.0323576676816177e-05,C
714893496,2,-0.0007442984716330425,C
1685248591,2,0.0003018056318350171,C
1685248591,2,0.0013793023479475308,C
1685248591,2,0.001144543289681721,C
1685248591,2,0.0002579676517908691,C
1685248591,2,0.0029666577344475975,C
2931695851,2,-0.000951054851535682,C
2931695851,2,-0.0019184511482130961,C
2931695851,2,-0.0001986493598069572,C
2931695851,2,-0.0008693470582042395,C
2931695851,2,-0.00338927345419332,C
2222715027,2,0.0013568950474407426,O
2222715027,2,-0.0010523802108534652,O
2222715027,2,0.004773322033527649,O
2222715027,2,-0.0005336527664362989,O
2222715027,2,0.002746922153873177,O
1026928756,2,-0.0016761830515235054,S
1026928756,2,-0.0014014097731176456,S
1026928756,2,-0.0007642147279574019,S
1026928756,2,-9.881577785647577e-05,S
1026928756,2,-0.0033175920579212037,S
458993620,2,-0.00014827360000069234,N
458993620,2,0.0004176110780291231,N
458993620,2,-0.0001468051437629736,N
458993620,2,0.00046839041068269527,N
458993620,2,-0.00014754609224626458,N
1549284008,2,-0.0005592052420825833,C
1549284008,2,-0.0010842453631476068,C
1549284008,2,0.0010859514633823064,C
1549284008,2,-0.0025672593669854304,C
1549284008,2,-0.00026499601275586926,C
3510196525,2,0.0,N
3510196525,2,0.0,N
3510196525,2,0.0,N
3510196525,2,0.0,N
3510196525,2,0.0,N
909362583,2,-0.00039935608594920957,C
909362583,2,0.0004015853411707404,C
909362583,2,-0.0006592131242129096,C
909362583,2,-0.0001962226603228756,C
909362583,2,0.0006041400491871851,C
2556855854,2,8.387608699861326e-05,C
2556855854,2,-0.00022553655212737,C
2556855854,2,-0.00021984076956349519,C
2556855854,2,0.0002843241953613962,C
2556855854,2,-0.00023174562545613675,C
3888780669,2,4.908869090169965e-05,O
3888780669,2,-0.0003391364103974559,O
3888780669,2,-5.559553254852467e-05,O
3888780669,2,0.00012939684240498295,O
3888780669,2,-5.728290822309967e-05,O
2448572767,2,0.00013075507602150482,C
2448572767,2,-2.8997629522076185e-05,C
2448572767,2,0.00013736536632186214,C
2448572767,2,0.0003940150851247104,C
2448572767,2,0.0001669786736437362,C
932692620,2,0.0,C
932692620,2,0.0,C
932692620,2,0.0,C
932692620,2,0.0,C
932692620,2,0.0,C
92620239,2,-0.0007490863562415462,C
92620239,2,-7.799782753842299e-05,C
92620239,2,0.00011066128083697668,C
92620239,2,-9.77641267785323e-05,C
92620239,2,-0.0004673852910259124,C
443932914,2,1.5564900433029383e-05,N
443932914,2,2.19133552583628e-05,N
443932914,2,-2.890025275925634e-06,N
443932914,2,-1.5772261392488218e-06,N
443932914,2,-2.911248373260733e-05,N
586636525,2,0.0002870113322412937,C
586636525,2,-0.00014741277404395348,C
586636525,2,0.00014755728136262025,C
586636525,2,9.279466689326998e-05,C
586636525,2,0.00034652793026546114,C
3462479532,2,-0.00018416592758124795,C
3462479532,2,0.0007974846705700034,C
3462479532,2,0.0011418809736555846,C
3462479532,2,0.0004863705942829699,C
3462479532,2,2.1031345549593627e-05,C
2222621677,2,0.0004936158323329276,O
2222621677,2,0.0005018831214173014,O
2222621677,2,0.0004508915521458934,O
2222621677,2,-0.00020596516526627529,O
2222621677,2,0.0003276829837703943,O
328936174,2,-3.2706182944153284e-05,C
328936174,2,7.292425587113183e-05,C
328936174,2,1.17444128666655e-06,C
328936174,2,-4.28006733834696e-05,C
328936174,2,2.3645063770283414e-06,C
2154777022,2,0.0004268686224483398,C
2154777022,2,0.00048771542637154885,C
2154777022,2,0.0003123006590019517,C
2154777022,2,0.00047074766225829734,C
2154777022,2,0.0003200701130699479,C
3992410619,2,0.0008347389673252215,C
3992410619,2,0.00041832469058494803,C
3992410619,2,0.00036363397806826736,C
3992410619,2,0.00075057644362303,C
3992410619,2,0.0009850201521012791,C
3750444818,2,-0.00129122496330758,C
3750444818,2,-0.0007340189849496248,C
3750444818,2,-0.0010783747648968056,C
3750444818,2,-0.0014617275177349898,C
3750444818,2,-0.002549421964087639,C
2975126068,2,2.937344557457644e-05,N
2975126068,2,5.231581233833271e-05,N
2975126068,2,-0.00010905262639254731,N
2975126068,2,-2.506885633252187e-05,N
2975126068,2,-8.894240147494514e-05,N
2477914203,2,-9.622582859858397e-06,N
2477914203,2,-2.5684204216336326e-05,N
2477914203,2,-1.9267425560021145e-05,N
2477914203,2,-1.2917918195909373e-05,N
2477914203,2,-2.4051998702478983e-05,N
353395765,2,-3.4561545192157705e-05,C
353395765,2,-0.0004500198682060308,C
353395765,2,0.0004331167025637406,C
353395765,2,1.3428004621895973e-05,C
353395765,2,-0.00017740616582351265,C
69470421,2,-5.3933235685033054e-05,C
69470421,2,-0.0002537487846249187,C
69470421,2,-0.0001896293117447101,C
69470421,2,-0.0001896293117447101,C
69470421,2,2.847324184707123e-05,C
540046244,2,0.0021016518981944454,C
540046244,2,0.0034487702525133335,C
540046244,2,0.004385505189929473,C
540046244,2,0.0034436689907832996,C
540046244,2,0.0038691393223396764,C
4261830945,2,0.0007630253253508301,C
4261830945,2,-9.195635399650293e-05,C
4261830945,2,0.0005824712323124759,C
4261830945,2,-0.00035010725715572955,C
4261830945,2,0.0010532261947039934,C
3904721945,2,0.00022536350179624964,C
3904721945,2,0.00020035286670194719,C
3904721945,2,3.6072016277255425e-05,C
3904721945,2,0.00041012062059558874,C
3904721945,2,-0.0001704110278523685,C
4055698890,2,0.00029470132593817366,N
4055698890,2,0.00024331387182707775,N
4055698890,2,0.0006327423409920874,N
4055698890,2,0.001186657449966766,N
4055698890,2,0.0002809483893557174,N
1738265797,2,0.00042733851620530006,C
1738265797,2,0.00026645294702232203,C
1738265797,2,0.00018016909056645103,C
1738265797,2,6.113390807144237e-05,C
1738265797,2,0.0008846510574520572,C
2014543234,2,0.00027286345309512905,C
2014543234,2,-0.0009212824877218306,C
2014543234,2,-0.00019168622441567695,C
2014543234,2,3.272364344653056e-05,C
2014543234,2,-0.0007099335552652186,C
2697110228,2,-0.0012184691314865437,C
2697110228,2,-0.0008078651087057298,C
2697110228,2,-0.00036675158860133283,C
2697110228,2,-0.0006425582427260768,C
2697110228,2,-0.0004998069513232339,C
694069322,2,0.0015637737426520415,N
694069322,2,0.0009757254093299417,N
694069322,2,0.0010735271484338949,N
694069322,2,0.0010968983572851032,N
694069322,2,0.0011062034290091893,N
3120784405,2,0.00034401910186848683,C
3120784405,2,0.00017303089494102863,C
3120784405,2,9.909490680198862e-05,C
3120784405,2,0.00023755846263828762,C
3120784405,2,9.718061860397587e-06,C
2574917850,2,1.2769092204711896e-05,C
2574917850,2,0.00014180960206483517,C
2574917850,2,0.00018078755111683442,C
2574917850,2,0.00018049764882982489,C
2574917850,2,0.00030432901679766644,C
644322065,2,-0.0007734714630966422,C
644322065,2,-0.00045098385007397157,C
644322065,2,-0.00046675383645633506,C
644322065,2,-0.0010772007739978662,C
644322065,2,0.00017308101714830215,C
4068239769,2,-0.00022574756061394252,S
4068239769,2,-3.1685622777499756e-05,S
4068239769,2,-0.00031163361107505727,S
4068239769,2,-2.6970613855037406e-05,S
4068239769,2,-2.6970613855037406e-05,S
606428793,2,0.0001066795525083708,C
606428793,2,0.000269489043323079,C
606428793,2,0.0003649658450817217,C
606428793,2,0.0006108611633663386,C
606428793,2,0.00030898383382510497,C
3304582332,2,-1.567850000222526e-05,C
3304582332,2,-3.5162451683945495e-05,C
3304582332,2,-1.3154841854212673e-05,C
3304582332,2,-1.3154841854212673e-05,C
3304582332,2,-2.804143415435778e-05,C
3920757710,2,0.001013169249645396,C
3920757710,2,5.711888222975636e-05,C
3920757710,2,0.0007861871515392194,C
3920757710,2,0.0009912222403087312,C
3920757710,2,-2.089332320620585e-05,C
2923200147,2,1.1626719261192964e-05,C
2923200147,2,5.6740191697657316e-05,C
2923200147,2,3.7297209196318626e-05,C
2923200147,2,3.7297209196318626e-05,C
2923200147,2,-1.844028950842569e-05,C
1349404210,2,5.1247026510437e-05,N
1349404210,2,2.496231730586551e-05,N
1349404210,2,0.0001647805186916762,N
1349404210,2,0.00019330071692641448,N
1349404210,2,7.668878227712339e-05,N
2238101436,2,0.0018816765271533753,C
2238101436,2,0.0012669272661749997,C
2238101436,2,0.0013786384525592,C
2238101436,2,0.00037285960457211775,C
2238101436,2,0.0010480551839750496,C
310913359,2,0.0,C
310913359,2,0.0,C
310913359,2,0.0,C
310913359,2,0.0,C
310913359,2,0.0,C
4086265842,2,-0.00013429833702460758,C
4086265842,2,5.396253044043231e-05,C
4086265842,2,0.00013586490164879672,C
4086265842,2,-6.43345128618078e-05,C
4086265842,2,-2.51349482516261e-05,C
3328145258,2,-7.694707474448226e-05,C
3328145258,2,-8.330679833723487e-05,C
3328145258,2,-7.502735712100472e-05,C
3328145258,2,-6.114569850618201e-05,C
3328145258,2,-8.207398974235947e-05,C
3045022511,2,-0.0004229208926053718,S
3045022511,2,-0.00024562628752422544,S
3045022511,2,-0.00048569504212780945,S
3045022511,2,-0.00037328458155416744,S
3045022511,2,-0.00037281222149504467,S
910450790,2,0.001343433417076878,C
910450790,2,0.0007202367787426667,C
910450790,2,0.0019002283990041113,C
910450790,2,0.001893186333988106,C
910450790,2,0.0019312566540508613,C
1216095805,2,-0.0001195650894409428,C
1216095805,2,0.0004733003016341719,C
1216095805,2,0.0006071229528658018,C
1216095805,2,4.144204114009398e-05,C
1216095805,2,4.0378776810068295e-05,C
2187394687,2,-8.450682833227585e-06,C
2187394687,2,0.0002947643612157824,C
2187394687,2,9.93142728646923e-05,C
2187394687,2,-0.00013094727262052963,C
2187394687,2,6.763184845126613e-05,C
544755086,2,-3.391139381564434e-05,C
544755086,2,0.0004801974360800765,C
544755086,2,0.00031068289938485094,C
544755086,2,0.00038800149335033174,C
544755086,2,2.0704011785277476e-05,C
2425865203,2,-0.0007017882166525102,C
2425865203,2,-0.0008660029952608506,C
2425865203,2,-0.002203351852289759,C
2425865203,2,-0.0005996063702552457,C
2425865203,2,-8.222935004692511e-05,C
1558658757,2,-0.0005098988154016992,C
1558658757,2,-0.0007104254104189356,C
1558658757,2,-0.0005956856963350021,C
1558658757,2,9.396432424613188e-05,C
1558658757,2,-0.001030151547850744,C
68675643,2,5.7819650116086585e-05,C
68675643,2,7.37310047769224e-05,C
68675643,2,7.37310047769224e-05,C
68675643,2,1.3952171954545456e-05,C
68675643,2,5.7819650116086585e-05,C
2905822145,2,-0.00027262464932947816,C
2905822145,2,2.5367708646362175e-05,C
2905822145,2,0.00026334959612173137,C
2905822145,2,-0.0002619939313986408,C
2905822145,2,0.0005709987479431966,C
2284773903,2,0.0,C
2284773903,2,0.0,C
2284773903,2,0.0,C
2284773903,2,0.0,C
2284773903,2,0.0,C
3835273908,2,8.758445245082846e-05,C
3835273908,2,-0.0005461173826955545,C
3835273908,2,0.0003159569732851808,C
3835273908,2,-0.00038978946752854515,C
3835273908,2,0.0004020203944807843,C
3249398244,2,6.061439724502904e-05,C
3249398244,2,1.450901716992803e-06,C
3249398244,2,-4.148358845501576e-05,C
3249398244,2,-2.865264418699942e-05,C
3249398244,2,6.33587736725838e-06,C
3772302167,2,0.00048627933548278657,C
3772302167,2,-8.346783000123814e-05,C
3772302167,2,4.0003507943420225e-05,C
3772302167,2,0.0004881120115952653,C
3772302167,2,-0.00016619067876760818,C
2510215966,2,8.839981848640655e-06,C
2510215966,2,-3.2763290098547504e-05,C
2510215966,2,-9.102628180190919e-05,C
2510215966,2,-0.0001965973482765393,C
2510215966,2,-0.00015428311369747316,C
3406201864,2,3.860958815748994e-05,C
3406201864,2,-0.00011928113792408768,C
3406201864,2,8.157743629538805e-05,C
3406201864,2,2.9932619843409114e-05,C
3406201864,2,6.581953228002035e-07,C
3684013815,2,0.00015190975172479915,C
3684013815,2,0.0004789671680587304,C
3684013815,2,-0.0002717883906814822,C
3684013815,2,6.628250707235717e-05,C
3684013815,2,-0.0004068260191102402,C
787341104,2,0.0001669950291836031,C
787341104,2,5.457112029311206e-05,C
787341104,2,0.00013627097901619534,C
787341104,2,-9.714855641673736e-05,C
787341104,2,-7.40348114749434e-05,C
1256946769,2,0.0,N
1256946769,2,0.0,N
1256946769,2,0.0,N
1256946769,2,0.0,N
1256946769,2,0.0,N
2110118862,2,3.249995140452988e-06,C
2110118862,2,-0.00032914642972625696,C
2110118862,2,-0.0002311224647820742,C
2110118862,2,-0.00017474043766241287,C
2110118862,2,-0.00016304556299906459,C
1899422126,2,0.0,C
1899422126,2,0.0,C
1899422126,2,0.0,C
1899422126,2,0.0,C
1899422126,2,0.0,C
3727960280,2,0.0004899951610769504,C
3727960280,2,-0.0001226161341399412,C
3727960280,2,0.00018171194274568814,C
3727960280,2,0.00019386047273484142,C
3727960280,2,-4.2781756799337156e-05,C
4023654873,2,0.00011541254468777629,C
4023654873,2,0.00017202797616083787,C
4023654873,2,6.614703408402978e-06,C
4023654873,2,-8.665026219029093e-05,C
4023654873,2,0.00019637239251540928,C
467603055,2,-3.1131277852203265e-05,C
467603055,2,-0.0010825352808362387,C
467603055,2,-0.001395840120838654,C
467603055,2,-0.0007064065996369995,C
467603055,2,-0.0009154267111555758,C
409801989,2,-0.00029305795803397094,C
409801989,2,-0.0004336339017529389,C
409801989,2,0.00020767640223845474,C
409801989,2,0.0002616900948846368,C
409801989,2,0.0005282201877639392,C
1289643292,2,0.0004353337430105797,N
1289643292,2,2.044699708952935e-05,N
1289643292,2,0.0003420704224773585,N
1289643292,2,0.0005018947043107791,N
1289643292,2,0.0007037300456949058,N
3011598321,2,0.0015912402886364418,C
3011598321,2,0.0023304917909289236,C
3011598321,2,-0.0005147488871496408,C
3011598321,2,0.0014429232954936144,C
3011598321,2,0.0010140870674492097,C
3460898310,2,0.00016625461448122048,N
3460898310,2,0.00027278866702640236,N
3460898310,2,0.0002779841607923328,N
3460898310,2,0.00016116129351839703,N
3460898310,2,0.00015912567901071872,N
2971716993,2,-6.71662542215401e-05,N
2971716993,2,-4.347664862680567e-05,N
2971716993,2,-3.777833530665964e-05,N
2971716993,2,-5.5536500179309556e-05,N
2971716993,2,-0.00012098826122192152,N
1556668346,2,-0.00015711428846293396,N
1556668346,2,-0.00038012925520125584,N
1556668346,2,7.656086958035546e-05,N
1556668346,2,-0.0004566084370101753,N
1556668346,2,-0.0005100986627507575,N
4022716898,2,-1.401505489051491e-05,C
4022716898,2,3.436045614546579e-05,C
4022716898,2,0.00012952876080940534,C
4022716898,2,3.7518918066636875e-05,C
4022716898,2,0.0001446809640413549,C
2458968089,2,-0.0007658570340439708,C
2458968089,2,0.0019754757200177164,C
2458968089,2,0.0003290908179620078,C
2458968089,2,4.923126322764482e-05,C
2458968089,2,8.141452643328773e-05,C
4164236649,2,0.0,C
4164236649,2,0.0,C
4164236649,2,0.0,C
4164236649,2,0.0,C
4164236649,2,0.0,C
2154975788,2,-0.0012263943992620319,C
2154975788,2,-0.001488857466908633,C
2154975788,2,-0.0015175419653411515,C
2154975788,2,-0.0012682243220760725,C
2154975788,2,-0.0012975951339917469,C
3248686995,2,-0.0007652541819329062,C
3248686995,2,0.00020123493707058238,C
3248686995,2,-0.0006881835252564583,C
3248686995,2,0.000296945572147822,C
3248686995,2,-0.0008335898862247837,C
3909974435,2,0.0011559169491514032,C
3909974435,2,-0.00015262561475526404,C
3909974435,2,-0.00044457532142050393,C
3909974435,2,0.0008118024437706595,C
3909974435,2,0.0009159179663785211,C
3012080282,2,-5.674793078802587e-05,C
3012080282,2,-7.91779940045867e-06,C
3012080282,2,2.4797148562294424e-06,C
3012080282,2,-0.0001851749079189169,C
3012080282,2,-0.00014257253470789655,C
3462333187,2,0.0010980918511842575,C
3462333187,2,0.0009807736345935347,C
3462333187,2,-8.467497306718919e-05,C
3462333187,2,0.0010152725633880144,C
3462333187,2,0.0010353108203035033,C
1229325558,2,2.006622186340179e-05,N
1229325558,2,-7.159111444288158e-05,N
1229325558,2,-1.1289330150598964e-05,N
1229325558,2,-1.1178265384492736e-05,N
1229325558,2,-1.2221249566513048e-05,N
3599139274,2,0.0,C
3599139274,2,-1.6219356898106163e-06,C
3599139274,2,0.0,C
3599139274,2,1.8466798648586469e-06,C
3599139274,2,3.1846843274729864e-06,C
806369437,2,2.078382755082986e-05,C
806369437,2,1.73611350134939e-05,C
806369437,2,9.37954082091963e-06,C
806369437,2,2.61430496698023e-05,C
806369437,2,1.7666941923066837e-05,C
2395259406,2,-3.7363666503476e-05,C
2395259406,2,2.724470746695573e-05,C
2395259406,2,0.0,C
2395259406,2,5.731033017764009e-06,C
2395259406,2,1.7496460004762238e-05,C
864942795,2,0.0035825248780297914,O
864942795,2,0.007924107219775156,O
864942795,2,-0.0024173490261976127,O
864942795,2,0.007049733342435527,O
864942795,2,-0.004201002264760834,O
1785683843,2,0.0034173414400373026,C
1785683843,2,0.002922349914944833,C
1785683843,2,0.0032277612773365383,C
1785683843,2,0.0028381600947990915,C
1785683843,2,0.0030250856256686665,C
2516197204,2,-9.531086037573022e-06,C
2516197204,2,-3.420660103736761e-05,C
2516197204,2,-9.890828568726029e-05,C
2516197204,2,1.625298912566464e-06,C
2516197204,2,-6.377253801065352e-05,C
2295519362,2,0.00010642558575690853,C
2295519362,2,0.00014965365762947824,C
2295519362,2,0.00011203400688941656,C
2295519362,2,5.172757415239371e-05,C
2295519362,2,0.00011852494360653498,C
2598322190,2,-5.820646993187628e-05,C
2598322190,2,5.8899164549486294e-05,C
2598322190,2,2.4117221233799224e-05,C
2598322190,2,4.857257112556024e-05,C
2598322190,2,4.8031521832747615e-05,C
3153477100,2,0.0004128357127443083,C
3153477100,2,0.00013427463046700172,C
3153477100,2,-0.0004788036921694605,C
3153477100,2,0.00014116099898142664,C
3153477100,2,-0.0001053258706912863,C
2192318254,2,8.736199386594201e-05,O
2192318254,2,0.00010496948413035723,O
2192318254,2,2.041134243319087e-05,O
2192318254,2,1.3352862633486673e-05,O
2192318254,2,6.195208779596895e-05,O
1619222458,2,-0.0006992683265060751,C
1619222458,2,-0.00043765775192911027,C
1619222458,2,-0.0001124222663294594,C
1619222458,2,-0.00024611017087355913,C
1619222458,2,-0.00011866720245967688,C
3824063894,2,5.9809235097352254e-05,C
3824063894,2,-4.3467971975463815e-05,C
3824063894,2,6.250971449245357e-05,C
3824063894,2,0.00010553055368400788,C
3824063894,2,-4.3334821329454876e-05,C
885026269,2,0.00010588294689950484,C
885026269,2,-1.0624104515022381e-05,C
885026269,2,-5.567103480835778e-05,C
885026269,2,-0.00018857138296923814,C
885026269,2,-0.00012726318125327873,C
472281497,2,-7.48374535712859e-05,C
472281497,2,-3.0151726127303213e-05,C
472281497,2,-0.0001680455664660463,C
472281497,2,-0.00010186132931028213,C
472281497,2,-0.00011540106710367093,C
2599973650,2,-2.570709648103131e-05,N
2599973650,2,-0.0004172949381454627,N
2599973650,2,-0.00011635740333426625,N
2599973650,2,-6.153004713893573e-05,N
2599973650,2,-0.000326740341489995,N
1582607016,2,9.648365808578863e-06,C
1582607016,2,-0.000735574314810028,C
1582607016,2,7.443094928305527e-05,C
1582607016,2,-3.940472367819359e-05,C
1582607016,2,-0.00015835460455787542,C
1564511222,2,0.0,C
1564511222,2,0.0,C
1564511222,2,0.0,C
1564511222,2,0.0,C
1564511222,2,0.0,C
3291149959,2,0.0,C
3291149959,2,0.0,C
3291149959,2,0.0,C
3291149959,2,0.0,C
3291149959,2,0.0,C
717151242,2,0.0007117742145169581,O
717151242,2,0.0005454077204859464,O
717151242,2,0.00042799994251524476,O
717151242,2,0.0011036263291652193,O
717151242,2,0.0009674874011587065,O
2664995851,2,-0.0011174798545532383,C
2664995851,2,-0.0016002486165691554,C
2664995851,2,-0.0009889963199085638,C
2664995851,2,-0.0010952771761173485,C
2664995851,2,-0.0013031148649053081,C
4239037249,2,8.430063787279174e-05,C
4239037249,2,-2.5406734931565644e-05,C
4239037249,2,0.0001671559564774272,C
4239037249,2,-0.0001859745998999407,C
4239037249,2,0.0004142676698287717,C
166544320,2,0.0015965956143031423,C
166544320,2,0.004814117616222968,C
166544320,2,0.002186334780590382,C
166544320,2,0.00412454670335638,C
166544320,2,0.0022528878425864818,C
2369690741,2,1.3517424591769078e-05,C
2369690741,2,1.973310737335421e-05,C
2369690741,2,1.0667149840437595e-05,C
2369690741,2,-1.5748442724339284e-06,C
2369690741,2,1.1790974603131943e-05,C
3234104871,2,-0.00011883591619155087,C
3234104871,2,-0.00023321755782146347,C
3234104871,2,-0.00015435056936646818,C
3234104871,2,-0.0002212671250129139,C
3234104871,2,1.664915773047504e-05,C
616374597,2,2.8758623603741817e-05,C
616374597,2,-0.00021838142650509873,C
616374597,2,0.00012460759947002797,C
616374597,2,7.209257903639799e-05,C
616374597,2,0.00013711481803702075,C
2974534217,2,-0.0012901468528117022,C
2974534217,2,-0.001009112416961666,C
2974534217,2,-0.0013635063151216653,C
2974534217,2,-0.0002903614523144804,C
2974534217,2,-0.00024563300012192535,C
828793177,2,1.0307308978219076e-05,N
828793177,2,-8.55859415233029e-05,N
828793177,2,-5.077390122137926e-05,N
828793177,2,3.767179336755522e-05,N
828793177,2,5.9816685162861205e-06,N
368713488,2,-0.0015459319989084563,C
368713488,2,-0.0015439641144304739,C
368713488,2,-0.0015251148666061143,C
368713488,2,-0.0013530096777021328,C
368713488,2,-0.001345427570454527,C
3177362943,2,0.0,C
3177362943,2,0.0,C
3177362943,2,0.0,C
3177362943,2,0.0,C
3177362943,2,0.0,C
912632640,2,0.00028579549778728897,C
912632640,2,0.000353454896446892,C
912632640,2,0.00010181263326014545,C
912632640,2,0.0005550779295140917,C
912632640,2,0.00024075531563011454,C
214126897,2,-2.198821470456025e-07,C
214126897,2,1.295636217990559e-05,C
214126897,2,-5.286262714010448e-06,C
214126897,2,-3.3776320193523723e-06,C
214126897,2,2.0420189047465342e-06,C
4212936508,2,-0.00024341434380420468,N
4212936508,2,-0.000517819961247945,N
4212936508,2,-0.0004745460750590347,N
4212936508,2,-0.0003049375785005304,N
4212936508,2,-0.00021926547957551445,N
3376021752,2,5.420586720100706e-05,O
3376021752,2,-2.887621831149101e-05,O
3376021752,2,-0.00011810227721514854,O
3376021752,2,4.990744572441752e-05,O
3376021752,2,-6.984101193835413e-05,O
2987120039,2,0.0008703582241050278,C
2987120039,2,0.0011626299246182414,C
2987120039,2,0.0006206323763687238,C
2987120039,2,0.00041143016662770204,C
2987120039,2,0.0012360049984604937,C
3816921572,2,-8.927040659356678e-06,C
3816921572,2,2.4426769229313194e-05,C
3816921572,2,-4.633449231039588e-05,C
3816921572,2,3.143451210507742e-05,C
3816921572,2,0.00028095471768252445,C
203749390,2,0.0008817910901038339,C
203749390,2,0.00025714418231742586,C
203749390,2,0.0013920640058023293,C
203749390,2,0.0006912050364571432,C
203749390,2,0.0008527580642053167,C
992462230,2,-0.0007229259899831364,C
992462230,2,-0.0002096022119424945,C
992462230,2,-0.00024608737918596635,C
992462230,2,7.057962574902321e-05,C
992462230,2,-0.0007447425879721914,C
1506993418,2,-3.3069527123341658e-06,C
1506993418,2,-1.88066680861243e-05,C
1506993418,2,-2.285797590467764e-05,C
1506993418,2,-2.304056882224126e-05,C
1506993418,2,-4.564508150167734e-05,C
1486598263,2,0.0006486432142082665,C
1486598263,2,0.001220285983568048,C
1486598263,2,0.0006131239829207935,C
1486598263,2,0.00046105403275181756,C
1486598263,2,0.00023888615206901775,C
1914416804,2,0.0017111115192293136,N
1914416804,2,-1.4794167704723638e-05,N
1914416804,2,-8.591820074699275e-05,N
1914416804,2,0.0008891720153204608,N
1914416804,2,0.0011500205501237537,N
54936104,2,0.0013243066267313308,C
54936104,2,0.0016469628200693753,C
54936104,2,0.0018791816526836924,C
54936104,2,0.0009220955194331748,C
54936104,2,0.0005225565049810088,C
3090652201,2,0.0001646192591483464,C
3090652201,2,-0.0005766870154872983,C
3090652201,2,-0.000974059584056719,C
3090652201,2,0.0003075911596670533,C
3090652201,2,-0.00036838544818607044,C
2987687375,2,0.0,C
2987687375,2,0.0,C
2987687375,2,0.0,C
2987687375,2,0.0,C
2987687375,2,0.0,C
2296493092,2,-0.0004475295645583466,N
2296493092,2,-0.0006078244541367073,N
2296493092,2,0.0007575739961106498,N
2296493092,2,-0.0003601045927054125,N
2296493092,2,5.064326215548087e-05,N
668520641,2,-0.0007147397481752638,C
668520641,2,0.0004870625325771316,C
668520641,2,0.0014400482946872462,C
668520641,2,-0.0014947936375574455,C
668520641,2,-0.0003789118039732031,C
848127915,2,0.008398450336361829,N
848127915,2,0.0060286915446391975,N
848127915,2,0.003874460382479239,N
848127915,2,0.000476547074118594,N
848127915,2,0.004207661704593024,N
2378775366,2,0.0006507180378781952,O
2378775366,2,-0.0035639871501583764,O
2378775366,2,-2.8034933217735425e-05,O
2378775366,2,0.004343498336773777,O
2378775366,2,0.0018813545480340643,O
2592785365,2,-3.8395868445950665e-05,N
2592785365,2,0.0001250540766759567,N
2592785365,2,0.00011966887614178745,N
2592785365,2,4.192900485922024e-05,N
2592785365,2,0.0002757117157699551,N
460073430,2,-6.203975004615003e-06,C
460073430,2,-3.943768670711112e-05,C
460073430,2,-6.187139832869448e-05,C
460073430,2,-2.9157346902897174e-05,C
460073430,2,-5.484577428449544e-05,C
2378779377,2,-0.0020109816147767523,O
2378779377,2,-0.0008357678713847294,O
2378779377,2,-0.0022711859883340346,O
2378779377,2,-0.0013266298321082393,O
2378779377,2,-0.0005401576218008741,O
4194366826,2,-0.0007568168392532715,C
4194366826,2,-0.0004879084864511385,C
4194366826,2,-3.5038504454409924e-05,C
4194366826,2,0.00033178641009196097,C
4194366826,2,-0.0006689602809076267,C
1136130381,2,-0.000382751952287097,C
1136130381,2,0.0003878613506017592,C
1136130381,2,0.0005975810223012301,C
1136130381,2,-0.0005100373214405041,C
1136130381,2,-0.00016377842818027233,C
1646750527,2,0.0006230627230167096,C
1646750527,2,0.0007302690744712126,C
1646750527,2,0.0004442380650757638,C
1646750527,2,0.0006934252924048478,C
1646750527,2,0.0004025795841024471,C
1163692816,2,0.00015272955826922674,N
1163692816,2,-0.00015990321060721513,N
1163692816,2,0.00015272955826922674,N
1163692816,2,0.00013167439125366664,N
1163692816,2,0.00024730252297355815,N
1840994228,2,-0.0007032051286146035,C
1840994228,2,-0.00046348491824638183,C
1840994228,2,-0.00041471362425171687,C
1840994228,2,0.000533550219459944,C
1840994228,2,-8.416869125454918e-05,C
2609658248,2,0.000559789786728826,C
2609658248,2,-0.0009558524212016084,C
2609658248,2,-0.0003863151727283576,C
2609658248,2,-0.0004449403039534783,C
2609658248,2,-3.309402902335057e-05,C
2353583745,2,-0.0005859808549155132,C
2353583745,2,-0.00046621744652747266,C
2353583745,2,-0.0005477537022687273,C
2353583745,2,-0.00029147195781836777,C
2353583745,2,-5.629015439939655e-05,C
3443041413,2,2.9298095964191972e-05,C
3443041413,2,-5.5900170140343874e-05,C
3443041413,2,2.73744800695086e-05,C
3443041413,2,-0.00013038881200783115,C
3443041413,2,2.5676312694900005e-05,C
3286720230,2,-8.89595766734308e-06,C
3286720230,2,-4.659806723317228e-06,C
3286720230,2,1.1101342658637048e-05,C
3286720230,2,7.004709375590945e-06,C
3286720230,2,0.0,C
1449131080,2,0.008256725028527978,C
1449131080,2,0.007172347487764186,C
1449131080,2,0.007998116976026204,C
1449131080,2,0.007163916704290396,C
1449131080,2,0.0076198345994688,C
636971230,2,0.0,C
636971230,2,0.0,C
636971230,2,0.0,C
636971230,2,0.0,C
636971230,2,0.0,C
2251845666,2,-0.0013519540192991064,C
2251845666,2,-0.001628967136554138,C
2251845666,2,-0.000943902925597262,C
2251845666,2,-0.0019390024631339986,C
2251845666,2,-0.002102627594327555,C
305828102,2,0.0,C
305828102,2,0.0,C
305828102,2,0.0,C
305828102,2,0.0,C
305828102,2,0.0,C
2810604122,2,-2.33077897884848e-05,C
2810604122,2,0.00016228743101781573,C
2810604122,2,2.1274695490514084e-05,C
2810604122,2,3.611748602067033e-05,C
2810604122,2,1.8069176280000043e-05,C
979999009,2,-0.0009257561407145509,C
979999009,2,-0.0006345691652459018,C
979999009,2,-0.000680654348844012,C
979999009,2,-0.0016298543787580666,C
979999009,2,-0.00026717674337883857,C
4083722611,2,-7.442696290094197e-05,C
4083722611,2,0.00011414590344271947,C
4083722611,2,-1.0373317149203753e-05,C
4083722611,2,4.0170273843620485e-05,C
4083722611,2,0.00019206801862264866,C
849275503,2,0.0007300773356473944,N
849275503,2,0.0017755967833966158,N
849275503,2,0.0004457277507953772,N
849275503,2,0.00181646531263846,N
849275503,2,0.002205909883329027,N
3533643770,2,0.0004873258273094261,C
3533643770,2,0.00041039844570905926,C
3533643770,2,0.000460610480499557,C
3533643770,2,8.013209533791477e-05,C
3533643770,2,0.00047332330716182147,C
594486406,2,0.00014875416750165238,C
594486406,2,3.237746494499927e-05,C
594486406,2,0.0001384831556079935,C
594486406,2,0.00018660098063033592,C
594486406,2,0.0001461247031797619,C
2697642734,2,-0.0008017283890287552,O
2697642734,2,-0.000133233091728302,O
2697642734,2,0.0006357783733955125,O
2697642734,2,-0.0005891889805149098,O
2697642734,2,-0.00025271272768556674,O
3345225135,2,-3.0706251015422126e-05,N
3345225135,2,0.0013479113147321087,N
3345225135,2,-7.5331162314618e-05,N
3345225135,2,0.0002927914295365319,N
3345225135,2,0.0019740556719375912,N
1348783936,2,0.0007853506673563548,C
1348783936,2,0.0010731611076952863,C
1348783936,2,0.0012467187662041357,C
1348783936,2,0.0009578190654108698,C
1348783936,2,0.0011226921838212722,C
3848368466,2,-3.1488077581465213e-06,C
3848368466,2,1.4011186811879739e-06,C
3848368466,2,-6.29797555012912e-06,C
3848368466,2,4.121609299412299e-07,C
3848368466,2,-1.695872361817674e-06,C
4130182993,2,0.0008369744846850047,C
4130182993,2,0.000580686933358332,C
4130182993,2,0.0009358237122417123,C
4130182993,2,0.0007394022887645124,C
4130182993,2,0.0006802286304017358,C
994637429,2,-0.0001231721035134803,N
994637429,2,1.146625436315718e-05,N
994637429,2,-4.8880777574977774e-05,N
994637429,2,-0.0001171771700154145,N
994637429,2,0.00019658122228893848,N
1868697328,2,-0.00031070313728048804,C
1868697328,2,-0.00025338986408474096,C
1868697328,2,-0.00019454645309313623,C
1868697328,2,-0.00029052591417422224,C
1868697328,2,-6.11738919256144e-05,C
485458970,2,-8.821290025712303e-05,F
485458970,2,0.00043151861391316215,F
485458970,2,4.9718623836014775e-05,F
485458970,2,0.00025429467182730425,F
485458970,2,0.00042829095148255725,F
1971534293,2,0.0010559172509260195,O
1971534293,2,0.00040334719743811975,O
1971534293,2,0.00030570914089855794,O
1971534293,2,0.0006699662016764196,O
1971534293,2,0.0005770265188768664,O
2667063169,2,0.0004900310204089542,O
2667063169,2,0.00023427653765834,O
2667063169,2,0.00014583056592165633,O
2667063169,2,0.0001710051890588815,O
2667063169,2,0.00023027211422649296,O
831463242,2,-5.7241844942934605e-05,N
831463242,2,-0.00039765324132151614,N
831463242,2,-0.00010443285441252836,N
831463242,2,-0.00028495990926630244,N
831463242,2,-0.0005229276477793365,N
473978627,2,-0.0006049460100134296,C
473978627,2,-0.0002807280750733443,C
473978627,2,-0.00036244264780826985,C
473978627,2,-0.0004990198184030015,C
473978627,2,-0.00046164103859680505,C
2251883808,2,-6.191945336753157e-05,C
2251883808,2,0.00019927917728668199,C
2251883808,2,5.250292829939163e-07,C
2251883808,2,0.00014481546577971294,C
2251883808,2,8.646072097390212e-05,C
2959332130,2,-0.00011547024523350657,C
2959332130,2,-0.0001434356477163501,C
2959332130,2,2.0497549327480602e-05,C
2959332130,2,-3.633488572729604e-05,C
2959332130,2,0.00040512074884735405,C
256204769,2,-0.00023311544632853565,C
256204769,2,-0.0005183630350854562,C
256204769,2,-5.548920457659756e-05,C
256204769,2,-0.0006235651063710157,C
256204769,2,-0.00024939353687841725,C
2194376677,2,-7.585345250848974e-05,C
2194376677,2,-0.00046727603748653035,C
2194376677,2,-0.0009384264788426244,C
2194376677,2,-0.00015947432580243337,C
2194376677,2,-0.0011882369583374186,C
800085213,2,0.0006888274992873367,C
800085213,2,0.0006885255250674849,C
800085213,2,-9.387593075643741e-05,C
800085213,2,0.0010850923294680181,C
800085213,2,0.0008286098645374218,C
3705139132,2,-0.0009818101896471032,C
3705139132,2,-0.00011598822857522562,C
3705139132,2,-0.0002756435918322975,C
3705139132,2,-0.0021325449835483123,C
3705139132,2,-0.0007734520294671032,C
2834566420,2,0.00030448975725261285,C
2834566420,2,0.00024402115950178382,C
2834566420,2,0.00018864732100237758,C
2834566420,2,0.00010967841524517352,C
2834566420,2,7.66239400465385e-05,C
3341916169,2,0.0003818351149215138,C
3341916169,2,4.54966238185861e-05,C
3341916169,2,0.000696219458745595,C
3341916169,2,-0.00017710170316759255,C
3341916169,2,0.0002685819832285441,C
1186654798,2,0.0008040614466395812,C
1186654798,2,6.747434152054588e-05,C
1186654798,2,0.00038570039203528195,C
1186654798,2,0.000260440337219503,C
1186654798,2,0.0004705304948259825,C
215394313,2,0.0,C
215394313,2,0.0,C
215394313,2,0.0,C
215394313,2,0.0,C
215394313,2,0.0,C
816543468,2,-9.583206486296625e-05,C
816543468,2,3.134979541735694e-05,C
816543468,2,-4.6053019247649374e-05,C
816543468,2,-6.748872706308084e-05,C
816543468,2,5.526707610337134e-05,C
3796970912,2,1.2525749311653733e-05,C
3796970912,2,5.207493510295258e-06,C
3796970912,2,-1.0840499091668843e-05,C
3796970912,2,7.954438650537021e-07,C
3796970912,2,6.233358760987517e-06,C
3028039221,2,0.0,N
3028039221,2,0.0,N
3028039221,2,0.0,N
3028039221,2,0.0,N
3028039221,2,0.0,N
2261212172,2,0.0,C
2261212172,2,0.0,C
2261212172,2,0.0,C
2261212172,2,0.0,C
2261212172,2,0.0,C
4182960975,2,0.0,C
4182960975,2,-0.00016143912715571584,C
4182960975,2,-1.612783567672693e-05,C
4182960975,2,0.0,C
4182960975,2,-0.0002680565318811112,C
2438720939,2,-3.020150977145475e-05,C
2438720939,2,-2.8147420666257972e-05,C
2438720939,2,-1.9483951681720235e-05,C
2438720939,2,1.5618613383505675e-05,C
2438720939,2,-1.9483951681720235e-05,C
1033192140,2,-0.0001072124113117301,C
1033192140,2,-0.00014944159428187387,C
1033192140,2,-0.00015445173270828283,C
1033192140,2,-0.00011811684698093128,C
1033192140,2,-2.9502261034985988e-05,C
1630528126,2,-2.8599225684322604e-06,C
1630528126,2,-9.910353935826954e-07,C
1630528126,2,-2.8599225684322604e-06,C
1630528126,2,-7.704962722232533e-06,C
1630528126,2,-2.8599225684322604e-06,C
3974650111,2,0.0005700768618405738,C
3974650111,2,0.0006541257402439826,C
3974650111,2,0.0007936740765851491,C
3974650111,2,0.0004697159768805581,C
3974650111,2,0.0009371237965007939,C
1910766508,2,-0.00032847272730834876,C
1910766508,2,-0.000292587630757013,C
1910766508,2,-0.0003196751393074182,C
1910766508,2,-0.0004249858017203456,C
1910766508,2,-0.0003374369993558446,C
4081537576,2,0.0,C
4081537576,2,0.0,C
4081537576,2,0.0,C
4081537576,2,0.0,C
4081537576,2,0.0,C
1255595680,2,-0.00019394392262789273,C
1255595680,2,-9.48220654694576e-05,C
1255595680,2,-0.00011820225771619342,C
1255595680,2,4.595834726595083e-05,C
1255595680,2,1.7907048324494745e-05,C
1630260676,2,0.0010936706013650599,C
1630260676,2,0.0008850382241057941,C
1630260676,2,0.002333034459566785,C
1630260676,2,0.001639880400738536,C
1630260676,2,0.00040752481068007107,C
3129492592,2,0.0013411545297993266,C
3129492592,2,0.001486063168322116,C
3129492592,2,0.0012236623124758372,C
3129492592,2,0.001005298545672939,C
3129492592,2,0.0015397647661272162,C
781912670,2,3.4072974417487245e-05,C
781912670,2,2.2821110498061348e-05,C
781912670,2,2.7081580743049116e-05,C
781912670,2,-8.377883910004602e-06,C
781912670,2,-8.849824480128277e-06,C
2487927669,2,0.00027650420796176967,C
2487927669,2,4.312132905154309e-05,C
2487927669,2,-0.00010915201381700435,C
2487927669,2,9.304677737764777e-05,C
2487927669,2,-0.0014222682121695085,C
3787488754,2,0.0007234713357225919,C
3787488754,2,-0.0004104233481388442,C
3787488754,2,-0.0001568335241168839,C
3787488754,2,-0.002290381163220445,C
3787488754,2,0.0019758025016740066,C
2308348490,2,-5.341165692973604e-05,C
2308348490,2,-1.4065283408359885e-05,C
2308348490,2,-6.016619656751265e-05,C
2308348490,2,-4.88745187168238e-05,C
2308348490,2,-2.0843923813573806e-05,C
2333272823,2,0.00046352103135849365,C
2333272823,2,0.0003977742996002509,C
2333272823,2,0.000481668476936592,C
2333272823,2,0.0005283772966273581,C
2333272823,2,0.0004969962764204139,C
2812398603,2,-0.00020295497103711702,C
2812398603,2,-0.0008534124780246732,C
2812398603,2,-0.0005668287612969336,C
2812398603,2,0.00029353105240537136,C
2812398603,2,-0.00025254458678036773,C
2999514534,2,1.919461916222165e-05,C
2999514534,2,1.6472170808190523e-05,C
2999514534,2,1.919461916222165e-05,C
2999514534,2,2.6507482489668277e-05,C
2999514534,2,3.2055192105140407e-06,C
3222770065,2,-0.0006949956849086059,C
3222770065,2,-0.0003985898750218375,C
3222770065,2,0.00020145568075063958,C
3222770065,2,-0.0004924671123435198,C
3222770065,2,-0.0006890135580774892,C
3491109101,2,-2.188218368764927e-05,C
3491109101,2,-0.0005077072972806129,C
3491109101,2,-0.0005516995196612196,C
3491109101,2,-0.0006806252553095971,C
3491109101,2,-0.0007348947557538899,C
1255626466,2,0.0,
1255626466,2,0.0,
1255626466,2,0.0,
1255626466,2,0.0,
1255626466,2,0.0,
3289231689,2,0.0002534964257164263,C
3289231689,2,0.00047241296793737453,C
3289231689,2,0.0005242720210960616,C
3289231689,2,0.000193524110577048,C
3289231689,2,0.000612196591861125,C
3745584548,2,-0.0007826196420192,C
3745584548,2,-6.749140204015402e-05,C
3745584548,2,-0.0018222863969726832,C
3745584548,2,-0.0007845287615448893,C
3745584548,2,-5.9008335947019486e-05,C
1914229733,2,0.00013565767353623803,C
1914229733,2,0.00011308155008959986,C
1914229733,2,0.00014029015750882667,C
1914229733,2,0.0001519355857874105,C
1914229733,2,0.00017193457677161517,C
216545222,2,0.0001091724637640179,N
216545222,2,2.4455294292458074e-05,N
216545222,2,0.0001091724637640179,N
216545222,2,0.0001893204476884347,N
216545222,2,0.0001275184958901554,N
2331740049,2,1.4377549285238267e-05,N
2331740049,2,-1.056981854613559e-05,N
2331740049,2,0.0,N
2331740049,2,0.0,N
2331740049,2,8.481863041753801e-06,N
2355446912,2,0.0,C
2355446912,2,0.0,C
2355446912,2,0.0,C
2355446912,2,0.0,C
2355446912,2,0.0,C
859799282,2,0.0022967460191500866,C
859799282,2,0.001958515842036712,C
859799282,2,0.001306959357547155,C
859799282,2,0.0015407912649897382,C
859799282,2,0.0016583294998401277,C
3811375594,2,-7.810116001205625e-06,C
3811375594,2,-4.620222140427899e-06,C
3811375594,2,-4.97151812678398e-06,C
3811375594,2,-8.680164819030445e-06,C
3811375594,2,-1.0611174349750563e-05,C
144568923,2,0.0002526268459281389,C
144568923,2,0.000703800459316839,C
144568923,2,0.0001877022663041017,C
144568923,2,0.0003743081050774366,C
144568923,2,0.0002750696362190941,C
2557045420,2,-0.0002832130880239814,N
2557045420,2,-0.0003486519254080056,N
2557045420,2,5.220016450696585e-05,N
2557045420,2,-0.00010972299694639309,N
2557045420,2,0.00017213568660207068,N
4265716399,2,0.00024762660411786763,N
4265716399,2,8.865310226890966e-05,N
4265716399,2,-0.00019248360015572397,N
4265716399,2,0.0009020462867927459,N
4265716399,2,0.0006217233175643821,N
778974661,2,-0.002041710196667712,C
778974661,2,-0.0031895533095770423,C
778974661,2,-0.0015928990192623504,C
778974661,2,-0.0021279467579420897,C
778974661,2,-0.00320822893619499,C
3914061263,2,-9.043672594133412e-07,C
3914061263,2,0.0,C
3914061263,2,0.0,C
3914061263,2,3.0704212364840444e-06,C
3914061263,2,0.0,C
3330819572,2,0.0007766026842959683,C
3330819572,2,0.0009515545317853591,C
3330819572,2,0.0003646783160526912,C
3330819572,2,0.0005011629751225377,C
3330819572,2,0.0006888864475384504,C
1674219510,2,0.000189920641426089,C
1674219510,2,2.290154388262522e-05,C
1674219510,2,0.00025973676133211887,C
1674219510,2,8.050478172555442e-05,C
1674219510,2,0.00016645012698329742,C
2170404731,2,0.0,C
2170404731,2,0.0,C
2170404731,2,0.0,C
2170404731,2,0.0,C
2170404731,2,0.0,C
3116051204,2,-0.00021217044260113394,C
3116051204,2,-0.00011335492021646854,C
3116051204,2,-0.00023221041854026847,C
3116051204,2,4.152088760600581e-05,C
3116051204,2,-0.00014711393757965707,C
493191496,2,-1.3154841854212673e-05,C
493191496,2,-7.951149796348034e-06,C
493191496,2,-2.3117304615793977e-05,C
493191496,2,0.0,C
493191496,2,-1.3154841854212673e-05,C
851463431,2,0.00010054474008192038,C
851463431,2,-4.3428544359847e-05,C
851463431,2,0.00020320259916628558,C
851463431,2,0.00018608560384847372,C
851463431,2,7.800651655376356e-05,C
2839110432,2,0.0,C
2839110432,2,0.0,C
2839110432,2,0.0,C
2839110432,2,0.0,C
2839110432,2,0.0,C
1913726790,2,0.0005447174095623564,C
1913726790,2,0.00017587308607663887,C
1913726790,2,0.0007483187701259886,C
1913726790,2,0.00039579523435800956,C
1913726790,2,0.001315754943205072,C
512485612,2,0.00011539614031924605,C
512485612,2,0.0001577772053791282,C
512485612,2,0.00023176327349988535,C
512485612,2,0.0002132342480552496,C
512485612,2,0.0001531056562126265,C
3631761933,2,0.0003904017349971034,C
3631761933,2,0.00021649425017516988,C
3631761933,2,0.00021649425017516988,C
3631761933,2,0.0002304772369028374,C
3631761933,2,0.00025097065093715454,C
3254486562,2,-0.00035042959386200057,C
3254486562,2,-0.001187037097325594,C
3254486562,2,-0.0006468982652860777,C
3254486562,2,-0.0020468882361165397,C
3254486562,2,-0.0011797595929639026,C
1163048604,2,0.0,C
1163048604,2,0.0,C
1163048604,2,0.0,C
1163048604,2,0.0,C
1163048604,2,0.0,C
265892994,2,-2.1006080630714408e-05,O
265892994,2,0.0012828067877208582,O
265892994,2,0.0023163418220906173,O
265892994,2,0.0008836360839409862,O
265892994,2,0.002289596890863721,O
2328129879,2,0.00031655880146735926,O
2328129879,2,0.0005441226951599099,O
2328129879,2,0.00012978594812751432,O
2328129879,2,0.00043576945511125675,O
2328129879,2,0.00043346814565775604,O
3048383039,2,4.478692148424113e-05,C
3048383039,2,0.00014375976272412716,C
3048383039,2,7.340781059561596e-05,C
3048383039,2,1.644491595143016e-05,C
3048383039,2,1.472848104411284e-05,C
1222631225,2,4.801542752308485e-05,C
1222631225,2,7.30491199694705e-05,C
1222631225,2,0.0003401516251551051,C
1222631225,2,-3.685910266248982e-05,C
1222631225,2,-6.594940098136881e-06,C
1272192549,2,0.0,C
1272192549,2,0.0,C
1272192549,2,0.0,C
1272192549,2,0.0,C
1272192549,2,0.0,C
222023415,2,5.8798464375175996e-08,N
222023415,2,-1.6850590423000966e-07,N
222023415,2,1.546430102011831e-05,N
222023415,2,1.8312504655670914e-05,N
222023415,2,-7.761450508736445e-06,N
617798156,2,-2.5850233080770835e-06,O
617798156,2,-5.10868145608967e-06,O
617798156,2,-5.10868145608967e-06,O
617798156,2,1.0529104271683742e-05,O
617798156,2,-1.9902103650215608e-05,O
190140222,2,2.886927137651929e-05,N
190140222,2,-0.0004768429864748236,N
190140222,2,-0.0003029665595651876,N
190140222,2,-8.90026708203484e-05,N
190140222,2,0.0001391210539090082,N
4180801603,2,0.0004600786181931382,C
4180801603,2,-0.0003653912659348779,C
4180801603,2,0.00011446677662663163,C
4180801603,2,-0.00028713100972066474,C
4180801603,2,7.982334963269055e-05,C
3984860707,2,2.9851322610408015e-05,S
3984860707,2,5.894077589996272e-06,S
3984860707,2,1.050307736616407e-06,S
3984860707,2,4.830646923253967e-05,S
3984860707,2,9.156305015661781e-05,S
3462308225,2,0.0012040455252689264,C
3462308225,2,0.00015731431540511043,C
3462308225,2,0.0017098282480622062,C
3462308225,2,-0.0005195025775520667,C
3462308225,2,0.0003756803773055095,C
2355616982,2,0.00011352753690407891,C
2355616982,2,-0.0002359337445081433,C
2355616982,2,2.830655062513454e-06,C
2355616982,2,-6.905202078133499e-06,C
2355616982,2,-6.087142462779527e-05,C
4042373501,2,-0.00013959877247954333,C
4042373501,2,-8.859109848491364e-05,C
4042373501,2,-9.17463861060952e-05,C
4042373501,2,-3.235364583675793e-05,C
4042373501,2,-6.244449940628893e-06,C
736514702,2,0.0,O
736514702,2,0.0,O
736514702,2,0.0,O
736514702,2,0.0,O
736514702,2,0.0,O
65941455,2,0.0011805862802495293,C
65941455,2,7.313335578107427e-05,C
65941455,2,0.0006690830794789937,C
65941455,2,0.0015367246738424711,C
65941455,2,0.0001430385222159769,C
2411289135,2,0.0001600253724677314,C
2411289135,2,9.441286665484716e-05,C
2411289135,2,0.00022758975151515592,C
2411289135,2,5.7669218992417726e-06,C
2411289135,2,0.00016800433177360796,C
661888323,2,0.0,C
661888323,2,0.0,C
661888323,2,0.0,C
661888323,2,0.0,C
661888323,2,0.0,C
1909986973,2,0.00011422127645643876,C
1909986973,2,-0.0007825427246625494,C
1909986973,2,-0.00047215125603405905,C
1909986973,2,-0.00017256923856184825,C
1909986973,2,-0.0011963270966017792,C
984189120,2,-6.823629174679269e-05,P
984189120,2,-0.0002406304031748463,P
984189120,2,-0.0008996275675803855,P
984189120,2,0.0001362644752127551,P
984189120,2,-0.00018968894719695317,P
237615532,2,-0.0001422145424554433,C
237615532,2,-0.00017462111043264894,C
237615532,2,-7.0031173989904e-05,C
237615532,2,-1.793071544964331e-05,C
237615532,2,-0.00022005581261330676,C
3598064087,2,-5.912393731444254e-05,C
3598064087,2,-5.113982337001666e-05,C
3598064087,2,3.602225407067783e-05,C
3598064087,2,8.148835497046036e-06,C
3598064087,2,6.874588378713575e-05,C
1795978025,2,-0.00011614143306232227,C
1795978025,2,-0.00022712949538006288,C
1795978025,2,-0.00017379537395406652,C
1795978025,2,-0.00012325368805632397,C
1795978025,2,-0.0001532023458156173,C
2235918822,2,0.0017431316087774262,O
2235918822,2,0.000644652850830929,O
2235918822,2,0.000713512807833605,O
2235918822,2,0.00019573599657912721,O
2235918822,2,0.001418634448723255,O
1876820278,2,-0.0005064829129958204,C
1876820278,2,-0.0003662766770826109,C
1876820278,2,-0.00011107560285472662,C
1876820278,2,-0.00038561437901740714,C
1876820278,2,-0.0008214429711153604,C
698395004,2,0.0,C
698395004,2,0.0,C
698395004,2,0.0,C
698395004,2,0.0,C
698395004,2,0.0,C
1207774339,2,0.00012880987211350003,C
1207774339,2,1.6039255219424398e-05,C
1207774339,2,1.1762105762980202e-05,C
1207774339,2,2.0590438828405055e-05,C
1207774339,2,8.080618476125068e-06,C
431202968,2,0.0007061769789366568,O
431202968,2,-0.00015056876769642402,O
431202968,2,0.0003365866017721597,O
431202968,2,0.00040096026718677846,O
431202968,2,0.0004402597634246552,O
833901780,2,9.080866208299732e-05,N
833901780,2,0.0007352016102670778,N
833901780,2,6.205049867952228e-05,N
833901780,2,0.00023469579119428374,N
833901780,2,0.000268914149029742,N
1821698485,2,-1.3065953806679076e-06,C
1821698485,2,-1.05701176221773e-05,C
1821698485,2,4.4921578479795166e-06,C
1821698485,2,1.362698737517043e-06,C
1821698485,2,3.598797809423182e-06,C
1906719888,2,0.0,C
1906719888,2,0.0,C
1906719888,2,0.0,C
1906719888,2,0.0,C
1906719888,2,0.0,C
2809361097,2,-0.00010967373501791222,C
2809361097,2,-0.00023805219672262679,C
2809361097,2,0.00018329590078591806,C
2809361097,2,-3.6516394002650276e-05,C
2809361097,2,1.2010619910129972e-05,C
2036328569,2,-0.0012268212939967604,C
2036328569,2,-0.001152053843132994,C
2036328569,2,-0.001111594576753805,C
2036328569,2,-0.0008446061368962976,C
2036328569,2,-0.0009004084036415838,C
2512623809,2,1.9762928544220237e-05,C
2512623809,2,-1.350533234051321e-05,C
2512623809,2,-2.3163225040423452e-05,C
2512623809,2,-1.9986474323718806e-05,C
2512623809,2,1.7025034017181806e-05,C
2817106133,2,3.2055192105140407e-06,C
2817106133,2,-2.8599225684322604e-06,C
2817106133,2,1.015092428530151e-05,C
2817106133,2,0.0,C
2817106133,2,8.928237425431806e-06,C
1754248939,2,0.00011550708638152773,C
1754248939,2,-0.00018182282680773154,C
1754248939,2,0.0001100684655253037,C
1754248939,2,-5.054403892040815e-05,C
1754248939,2,-0.00020416979477111408,C
2635303940,2,-1.3247302257657356e-05,C
2635303940,2,2.5928895405646912e-05,C
2635303940,2,2.3325372700000457e-07,C
2635303940,2,-5.195590699086372e-05,C
2635303940,2,7.374858902675641e-06,C
1396348621,2,0.0,C
1396348621,2,0.0,C
1396348621,2,0.0,C
1396348621,2,0.0,C
1396348621,2,0.0,C
2479916646,2,0.0001587460880618785,C
2479916646,2,0.00017554142076281476,C
2479916646,2,-0.00010883167642555813,C
2479916646,2,0.00025412297695792674,C
2479916646,2,-3.19311007141998e-05,C
4282315164,2,0.0,N
4282315164,2,0.0,N
4282315164,2,0.0,N
4282315164,2,0.0,N
4282315164,2,0.0,N
2486266314,2,0.0,
2486266314,2,0.0,
2486266314,2,0.0,
2486266314,2,0.0,
2486266314,2,0.0,
1019269664,2,0.0,N
1019269664,2,0.0,N
1019269664,2,0.0,N
1019269664,2,0.0,N
1019269664,2,0.0,N
3118635600,2,-7.40360617039193e-05,C
3118635600,2,-3.8337247333042335e-05,C
3118635600,2,-9.982017151932698e-05,C
3118635600,2,-1.731138601879234e-05,C
3118635600,2,1.22056558549688e-05,C
3218370331,2,3.2024727623092275e-05,P
3218370331,2,4.0642552424474676e-05,P
3218370331,2,4.3456379006601153e-05,P
3218370331,2,9.371607802499682e-05,P
3218370331,2,5.5735198773609884e-05,P
3044392905,2,0.0001125010827936479,N
3044392905,2,1.928943035611752e-05,N
3044392905,2,-0.0003918845748562272,N
3044392905,2,0.00016601313876302148,N
3044392905,2,-0.0002102460838821485,N
4194776273,2,-0.00047981308555666846,O
4194776273,2,-0.0004920563462287308,O
4194776273,2,-0.0004093693542870369,O
4194776273,2,-0.00029020847300398334,O
4194776273,2,-2.8020499656611353e-05,O
263215426,2,0.0004175553887518224,C
263215426,2,0.0005814832611094056,C
263215426,2,0.000734405438477026,C
263215426,2,0.0006055712654680634,C
263215426,2,0.0008731767425795289,C
2753863138,2,0.0,C
2753863138,2,4.682503068231814e-06,C
2753863138,2,0.0,C
2753863138,2,-3.7560158658300757e-06,C
2753863138,2,-1.788941170144387e-06,C
2699298541,2,2.4466009985069093e-05,C
2699298541,2,-4.1070451374747297e-05,C
2699298541,2,-4.1070451374747297e-05,C
2699298541,2,-2.153047094699545e-05,C
2699298541,2,-4.1070451374747297e-05,C
3308404410,2,1.679571716262096e-06,C
3308404410,2,1.679571716262096e-06,C
3308404410,2,-6.310029195100153e-06,C
3308404410,2,3.4514560230958224e-06,C
3308404410,2,3.4514560230958224e-06,C
1446633534,2,-2.694080232568119e-06,C
1446633534,2,4.113977880620956e-05,C
1446633534,2,2.5283503050199663e-05,C
1446633534,2,0.00010712029232468057,C
1446633534,2,9.710564649922926e-05,C
2756489526,2,0.0,C
2756489526,2,0.0,C
2756489526,2,0.0,C
2756489526,2,0.0,C
2756489526,2,0.0,C
913310822,2,1.794902390117592e-05,C
913310822,2,-0.00033398772004644695,C
913310822,2,-0.0003301364281947383,C
913310822,2,-0.00010486078338467486,C
913310822,2,-1.0611803806237496e-06,C
3561946030,2,-2.1520166844091193e-06,N
3561946030,2,1.535017169485009e-06,N
3561946030,2,1.535017169485009e-06,N
3561946030,2,1.535017169485009e-06,N
3561946030,2,6.701078846649278e-06,N
3292836938,2,0.0,
3292836938,2,0.0,
3292836938,2,0.0,
3292836938,2,0.0,
3292836938,2,0.0,
3194612514,2,0.0001177335133589752,O
3194612514,2,-1.7221954273727302e-05,O
3194612514,2,0.00012558699353099056,O
3194612514,2,-0.00016105570144409054,O
3194612514,2,-3.882442176472711e-06,O
1822332700,2,0.0007145392339397705,C
1822332700,2,0.00017453629932395742,C
1822332700,2,0.0006814774960883785,C
1822332700,2,0.0008945168447491714,C
1822332700,2,0.0007690310396316624,C
2215059400,2,3.467896645403812e-07,O
2215059400,2,-0.00023248615323023802,O
2215059400,2,-0.0002448899372892721,O
2215059400,2,-0.0007940204282519958,O
2215059400,2,-0.000393664611903044,O
773709216,2,6.645281330069919e-05,C
773709216,2,5.038659288847391e-05,C
773709216,2,3.08098207758567e-05,C
773709216,2,4.213390477031398e-05,C
773709216,2,4.091948027229453e-05,C
2530377886,2,0.0,N
2530377886,2,3.392878374408603e-05,N
2530377886,2,4.463817820687943e-05,N
2530377886,2,3.7297209196318626e-05,N
2530377886,2,-2.7617895062004294e-06,N
2850656190,2,0.0003439594971467175,C
2850656190,2,-0.0004099632844082879,C
2850656190,2,-0.00014753891882884895,C
2850656190,2,-0.0011942448384390514,C
2850656190,2,-0.0005728075120964848,C
1376881293,2,0.00046002662195138155,C
1376881293,2,-0.00012338837398101488,C
1376881293,2,0.00025868896064085156,C
1376881293,2,-0.0009438412497282944,C
1376881293,2,0.0003064309760741346,C
1214060489,2,-0.00019988740547571826,C
1214060489,2,-0.0003584168163100476,C
1214060489,2,-6.681838064404033e-05,C
1214060489,2,-0.00017551444754432266,C
1214060489,2,6.0835877915665915e-05,C
4203454020,2,0.0,C
4203454020,2,0.0,C
4203454020,2,0.0,C
4203454020,2,0.0,C
4203454020,2,0.0,C
3034212252,2,-2.21987827696557e-05,C
3034212252,2,0.0,C
3034212252,2,0.0004051962901561179,C
3034212252,2,0.0,C
3034212252,2,-0.00015445173270828283,C
3044751281,2,-0.00015019373310015682,N
3044751281,2,7.718672463585818e-05,N
3044751281,2,-0.0001053871794453598,N
3044751281,2,3.984145517982318e-05,N
3044751281,2,8.607078335692853e-05,N
1292826808,2,0.0,C
1292826808,2,0.0,C
1292826808,2,0.0,C
1292826808,2,0.0,C
1292826808,2,0.0,C
950023157,2,0.0010626290380468806,C
950023157,2,0.0012580087060303224,C
950023157,2,-0.0003062053900608763,C
950023157,2,0.0005641522605510096,C
950023157,2,0.00033761431994305813,C
1187730664,2,0.0002951868420537629,C
1187730664,2,0.0005412354776894723,C
1187730664,2,0.0005559863386756514,C
1187730664,2,-9.04104997387356e-05,C
1187730664,2,1.1570057762755326e-05,C
4039837947,2,3.446626198810865e-05,F
4039837947,2,1.1614811631532884e-05,F
4039837947,2,2.8743543773190883e-05,F
4039837947,2,5.749638128293988e-05,F
4039837947,2,7.803731279376613e-05,F
773607102,2,0.00027163768856253157,C
773607102,2,-4.42281773262998e-05,C
773607102,2,0.0001231236166410743,C
773607102,2,0.00033413319684194587,C
773607102,2,-4.1403852863275414e-05,C
2246997334,2,-0.0026245424418512298,C
2246997334,2,0.0012859945032658304,C
2246997334,2,-0.004924477434036456,C
2246997334,2,-0.0015879197970820047,C
2246997334,2,-0.0007095658342033406,C
714711401,2,-0.00027449550119812427,C
714711401,2,0.0003859829950594862,C
714711401,2,0.0007185218384828662,C
714711401,2,-0.00034095985286741737,C
714711401,2,0.00016714502888681704,C
1710869618,2,1.8083003117952412e-05,C
1710869618,2,-2.6716851565578015e-05,C
1710869618,2,0.0004791951086671187,C
1710869618,2,0.0007146560442274907,C
1710869618,2,2.6152970204029735e-05,C
2549196227,2,0.00048541147032604703,C
2549196227,2,2.6399525869469365e-05,C
2549196227,2,0.0007368130054328792,C
2549196227,2,-0.00037927236622348204,C
2549196227,2,0.0005452823261012374,C
2856245513,2,0.00011461180669669613,C
2856245513,2,1.819875516823055e-05,C
2856245513,2,7.440989552409683e-05,C
2856245513,2,6.0020028080254306e-05,C
2856245513,2,6.743982903395507e-05,C
1999077141,2,2.0540931510826255e-05,C
1999077141,2,-1.3154841854212673e-05,C
1999077141,2,0.0,C
1999077141,2,2.0540931510826255e-05,C
1999077141,2,2.3726060779327707e-05,C
817588605,2,0.0007752201397095426,C
817588605,2,0.0006123063962398811,C
817588605,2,0.0010862767250618965,C
817588605,2,0.0010711154436330306,C
817588605,2,0.00018158195472578464,C
3430642422,2,-7.880881219612945e-05,C
3430642422,2,-9.130897557685369e-05,C
3430642422,2,-0.00010569606172539103,C
3430642422,2,-0.00012928913896026462,C
3430642422,2,-0.00014022341868108468,C
1528304983,2,0.00020712492814745076,N
1528304983,2,-0.0003214581709266584,N
1528304983,2,-0.0002185814571718514,N
1528304983,2,0.00035931002861555594,N
1528304983,2,9.691788963328563e-05,N
3873941611,2,-0.0004481401731514234,C
3873941611,2,-0.0001587007579919586,C
3873941611,2,7.149842406528606e-05,C
3873941611,2,4.817916002131106e-05,C
3873941611,2,5.990215960860468e-05,C
2687950697,2,-0.0023431672435983986,C
2687950697,2,-0.002091966245458432,C
2687950697,2,-0.0023858294195748253,C
2687950697,2,-0.001687620167273196,C
2687950697,2,-0.0014214561050350238,C
109461427,2,0.0008199999707655392,C
109461427,2,0.0010854002671474294,C
109461427,2,0.0008524826235631333,C
109461427,2,0.0009660238495761697,C
109461427,2,0.0009365893151871418,C
2950679810,2,-0.0011487562481084512,O
2950679810,2,-0.000983855626480734,O
2950679810,2,-0.0009964620741222951,O
2950679810,2,-0.0014165761206369476,O
2950679810,2,-0.0015496276122096697,O
2914536168,2,0.000142286775990208,C
2914536168,2,-5.705491800744866e-05,C
2914536168,2,0.0004962297265119209,C
2914536168,2,0.0002932787570770756,C
2914536168,2,0.0004489754318065531,C
1530636652,2,0.0,C
1530636652,2,-1.3154841854212673e-05,C
1530636652,2,0.0,C
1530636652,2,1.143305620915358e-05,C
1530636652,2,1.7390183412013815e-05,C
3043679972,2,0.0,C
3043679972,2,0.0,C
3043679972,2,0.0,C
3043679972,2,0.0,C
3043679972,2,0.0,C
2529809651,2,-0.0008350487433670395,C
2529809651,2,-0.0009483226593956506,C
2529809651,2,-0.0006412289243050151,C
2529809651,2,-0.0008795721858519401,C
2529809651,2,-0.0002635609550691309,C
1924383628,2,2.750830024045303e-06,C
1924383628,2,-2.3117304615793977e-05,C
1924383628,2,-1.567850000222526e-05,C
1924383628,2,4.004803922036393e-05,C
1924383628,2,2.3726060779327707e-05,C
4003049590,2,0.0002461007079447297,C
4003049590,2,0.00023108941596455823,C
4003049590,2,0.00030250799762249203,C
4003049590,2,0.00020095425310839854,C
4003049590,2,-1.9205925341547747e-05,C
1026654305,2,-0.0004730889253523607,S
1026654305,2,-0.001964105853307585,S
1026654305,2,0.0002182087956597023,S
1026654305,2,-0.001489572569894515,S
1026654305,2,-0.0003729830503100273,S
1542631284,2,0.0002060670387103447,O
1542631284,2,0.000181925170710584,O
1542631284,2,0.00023736720475936446,O
1542631284,2,0.00018593243999959208,O
1542631284,2,5.963837402744865e-05,O
1349670121,2,-0.00020274261767466717,C
1349670121,2,-0.0003786898392870719,C
1349670121,2,-0.00034263262043704446,C
1349670121,2,-0.000211413244634584,C
1349670121,2,-0.0001242481821521757,C
895118200,2,-0.0009133057935225009,N
895118200,2,-0.00040832503057752767,N
895118200,2,-0.0003564924256350688,N
895118200,2,-0.00030134592624370127,N
895118200,2,-0.0006828321777789803,N
269171368,2,0.0,C
269171368,2,0.0,C
269171368,2,0.0,C
269171368,2,0.0,C
269171368,2,0.0,C
1583930800,2,0.0,C
1583930800,2,0.0,C
1583930800,2,0.0,C
1583930800,2,0.0,C
1583930800,2,0.0,C
738150152,2,0.0,O
738150152,2,0.0,O
738150152,2,0.0,O
738150152,2,0.0,O
738150152,2,0.0,O
1168541985,2,0.0,C
1168541985,2,0.0,C
1168541985,2,0.0,C
1168541985,2,0.0,C
1168541985,2,0.0,C
2747850234,2,-9.959869065773175e-05,C
2747850234,2,-0.00011195103536260076,C
2747850234,2,-0.00019360184193045749,C
2747850234,2,-0.00013307848672056144,C
2747850234,2,-0.0002466265524598832,C
3134313966,2,0.00020769045052210222,O
3134313966,2,0.00042489511550630743,O
3134313966,2,0.00018697375508713865,O
3134313966,2,0.0003756682993413807,O
3134313966,2,0.0006024013963236707,O
1503972698,2,-0.0025742933357643105,C
1503972698,2,-0.0014324694687384842,C
1503972698,2,0.00017528212192485793,C
1503972698,2,0.0010062019557642299,C
1503972698,2,0.0011725903017568151,C
892756502,2,-0.004073289318562268,C
892756502,2,-0.001598546382143351,C
892756502,2,-0.003065430440056749,C
892756502,2,-0.0035961449993350825,C
892756502,2,-0.003101635969747607,C
3136829774,2,1.8108326205357184e-05,N
3136829774,2,-0.00011502002376229115,N
3136829774,2,-8.902115529180188e-05,N
3136829774,2,-0.00010430604906974672,N
3136829774,2,-8.660870741106219e-05,N
3143719699,2,-0.0007838444163364988,C
3143719699,2,-0.0005021857206054525,C
3143719699,2,-0.0009955623907102473,C
3143719699,2,-0.0006705543503872646,C
3143719699,2,-0.0005344080877346391,C
1360035982,2,0.0,N
1360035982,2,0.0,N
1360035982,2,0.0,N
1360035982,2,0.0,N
1360035982,2,0.0,N
908339072,2,-7.831975422856186e-05,C
908339072,2,-8.798222611311468e-05,C
908339072,2,-0.00028239569471916193,C
908339072,2,-0.00021197076290024874,C
908339072,2,4.256153288151321e-05,C
974827889,2,0.0,C
974827889,2,0.0,C
974827889,2,0.0,C
974827889,2,0.0,C
974827889,2,0.0,C
1343371647,2,-1.5196883390966587e-05,N
1343371647,2,-1.086002415073839e-05,N
1343371647,2,-1.5196883390966587e-05,N
1343371647,2,-1.5196883390966587e-05,N
1343371647,2,-1.8056805959398847e-05,N
2669055056,2,0.0001000053326457584,N
2669055056,2,-0.00026170467436170686,N
2669055056,2,0.00025466644890859147,N
2669055056,2,0.00032368589246351,N
2669055056,2,0.0003431629695743732,N
2341585586,2,0.0006945842005504632,N
2341585586,2,0.0008240149648158779,N
2341585586,2,0.00019999102489409726,N
2341585586,2,0.0004917243689851469,N
2341585586,2,0.0016684053754768557,N
934540015,2,0.0,C
934540015,2,0.0,C
934540015,2,0.0,C
934540015,2,0.0,C
934540015,2,0.0,C
3794207567,2,0.0,C
3794207567,2,0.0,C
3794207567,2,0.0,C
3794207567,2,0.0,C
3794207567,2,0.0,C
3278587996,2,-0.00010467982121770136,C
3278587996,2,-4.985244044619641e-05,C
3278587996,2,-6.017875410740947e-05,C
3278587996,2,-4.559337831849808e-05,C
3278587996,2,-7.638619156136173e-05,C
4223108416,2,4.77691066258501e-07,C
4223108416,2,0.0,C
4223108416,2,0.0,C
4223108416,2,0.0,C
4223108416,2,0.0,C
1131570738,2,0.0,N
1131570738,2,0.0,N
1131570738,2,0.0,N
1131570738,2,0.0,N
1131570738,2,0.0,N
2258843522,2,0.0004492394613468953,C
2258843522,2,0.00018605701116586326,C
2258843522,2,0.00011388770104470147,C
2258843522,2,0.00015812138101034545,C
2258843522,2,0.0002809165437072103,C
4257302536,2,0.00023605003244925316,N
4257302536,2,4.5372649311814506e-05,N
4257302536,2,-5.066521066821039e-05,N
4257302536,2,-6.163085438026794e-05,N
4257302536,2,3.288853784078061e-05,N
2840370843,2,0.0008098636160926986,C
2840370843,2,0.0013373958690949816,C
2840370843,2,0.0008092892762274206,C
2840370843,2,-0.00020635391171447415,C
2840370843,2,-0.0008429798700697044,C
1420730566,2,0.0,C
1420730566,2,0.0,C
1420730566,2,0.0,C
1420730566,2,0.0,C
1420730566,2,0.0,C
434045476,2,0.0,O
434045476,2,0.0,O
434045476,2,0.0,O
434045476,2,0.0,O
434045476,2,0.0,O
894436332,2,-0.0001927119982617631,N
894436332,2,-0.0007303980036582058,N
894436332,2,-0.0006422360653972614,N
894436332,2,-0.0006433435157710554,N
894436332,2,-0.0003626090362418566,N
3117292559,2,0.0008650939872096863,C
3117292559,2,0.0011899166254998872,C
3117292559,2,0.0009177088290570068,C
3117292559,2,0.0006696011020709824,C
3117292559,2,0.0007524573095198939,C
1923187777,2,-6.58571183123069e-05,N
1923187777,2,1.245653317233364e-05,N
1923187777,2,9.330368962578994e-05,N
1923187777,2,0.0003986555452080709,N
1923187777,2,0.00010228741578949263,N
2530048747,2,0.0011311331767560051,N
2530048747,2,0.0012560764884029796,N
2530048747,2,0.001009834756843797,N
2530048747,2,0.001178586841567797,N
2530048747,2,0.0001987396456522017,N
622481563,2,0.0,C
622481563,2,0.0,C
622481563,2,0.0,C
622481563,2,0.0,C
622481563,2,0.0,C
1922070456,2,0.0,C
1922070456,2,0.0,C
1922070456,2,0.0,C
1922070456,2,0.0,C
1922070456,2,0.0,C
3995043796,2,-0.00045741765600543216,C
3995043796,2,-0.0007848584916194667,C
3995043796,2,-0.0002506297457125495,C
3995043796,2,-0.0005096354002498416,C
3995043796,2,-0.0007090722090280499,C
2065735937,2,0.0,C
2065735937,2,0.0,C
2065735937,2,0.0,C
2065735937,2,0.0,C
2065735937,2,0.0,C
3308295291,2,0.00018523182327812027,C
3308295291,2,0.00013951994738148343,C
3308295291,2,0.00013534467968745467,C
3308295291,2,0.0001184116746620889,C
3308295291,2,0.00010887414352112046,C
584893129,2,8.287900744097243e-05,C
584893129,2,5.652171427850128e-05,C
584893129,2,0.00034403237997698843,C
584893129,2,0.00020822594912739412,C
584893129,2,0.0002119469886450731,C
413654173,2,-0.0009910739532553725,C
413654173,2,-0.0006260711022106347,C
413654173,2,-0.0006117556117464229,C
413654173,2,-0.0006460757321927746,C
413654173,2,-0.000340793356395086,C
68671624,2,0.0,C
68671624,2,0.0,C
68671624,2,0.0,C
68671624,2,0.0,C
68671624,2,0.0,C
2488692798,2,-0.0011030544886034277,C
2488692798,2,-0.001147711086237846,C
2488692798,2,-4.937302075691541e-05,C
2488692798,2,-0.0016618616744211723,C
2488692798,2,3.9343453769102865e-05,C
3084241488,2,-0.0011370516747087889,C
3084241488,2,-0.0006194563082520532,C
3084241488,2,-0.0008425077783062451,C
3084241488,2,-0.0007902516989011232,C
3084241488,2,-0.0007120124063436095,C
4158944142,2,-0.0014940362013523556,C
4158944142,2,0.00025197390745901327,C
4158944142,2,-0.000263659889416179,C
4158944142,2,-0.0002233071201691028,C
4158944142,2,0.0008865108041453129,C
1469940320,2,1.726216784508905e-05,C
1469940320,2,1.0257458469498104e-05,C
1469940320,2,4.181301393513248e-06,C
1469940320,2,-1.340341712063875e-06,C
1469940320,2,1.3582517442378705e-05,C
662511025,2,0.0006685328489445252,N
662511025,2,0.0003745465954169136,N
662511025,2,0.0012091411440453004,N
662511025,2,0.0005699803576134643,N
662511025,2,0.0006722178203211193,N
2908279847,2,5.318093146855496e-05,C
2908279847,2,5.3738658206292644e-05,C
2908279847,2,-0.0001963925278887224,C
2908279847,2,-0.0008009441963018893,C
2908279847,2,5.887667306297972e-05,C
68650007,2,0.0,C
68650007,2,0.0,C
68650007,2,0.0,C
68650007,2,0.0,C
68650007,2,0.0,C
3337420400,2,-0.0010956617799791069,C
3337420400,2,-0.0010956617799791069,C
3337420400,2,-0.0010956617799791069,C
3337420400,2,-0.0008343583063336046,C
3337420400,2,-0.000511379496469011,C
1979311206,2,0.0010636437246073216,O
1979311206,2,0.00037748043738727866,O
1979311206,2,0.0007082732902751188,O
1979311206,2,0.0008655360644812538,O
1979311206,2,0.00037903288407098445,O
2849741637,2,-3.3347796443150557e-06,C
2849741637,2,0.00025352298316227984,C
2849741637,2,0.00044795149737664186,C
2849741637,2,-0.00020825701449922462,C
2849741637,2,0.0005836528036780586,C
1664608228,2,5.6404548876010097e-05,C
1664608228,2,3.5547118950929324e-05,C
1664608228,2,-1.4362004753076807e-05,C
1664608228,2,4.355345699258439e-06,C
1664608228,2,2.3871586403878542e-05,C
1121298566,2,-9.93943810223552e-06,C
1121298566,2,-1.350419763895827e-05,C
1121298566,2,-4.6115434685356504e-06,C
1121298566,2,-1.1808325277140597e-05,C
1121298566,2,-1.1808325277140597e-05,C
3531344838,2,0.0,
3531344838,2,0.0,
3531344838,2,0.0,
3531344838,2,0.0,
3531344838,2,0.0,
3273018953,2,-0.00030218081674127095,C
3273018953,2,-0.0003366511966684804,C
3273018953,2,-0.0002889489711910276,C
3273018953,2,-0.00036761709606836224,C
3273018953,2,-0.0002751177586753917,C
2034850751,2,-1.5153455670824378e-05,C
2034850751,2,-1.7427421002136345e-05,C
2034850751,2,-1.1691572337491074e-05,C
2034850751,2,-1.1691572337491074e-05,C
2034850751,2,-1.2847688650508005e-05,C
4104822550,2,0.0021025732440441147,C
4104822550,2,0.003507330753257598,C
4104822550,2,0.004044619695402596,C
4104822550,2,0.00541500361313807,C
4104822550,2,0.003000179842323758,C
1704599822,2,-1.727061920819839e-05,C
1704599822,2,-2.5899048449740114e-05,C
1704599822,2,-2.757019184007614e-05,C
1704599822,2,-2.3498889448025917e-05,C
1704599822,2,-2.017276313798222e-05,C
3019519651,2,0.0,C
3019519651,2,0.0,C
3019519651,2,0.0,C
3019519651,2,0.0,C
3019519651,2,0.0,C
3781885420,2,-5.3914375798880254e-05,N
3781885420,2,-0.00012610394377032819,N
3781885420,2,-0.00010238743280494012,N
3781885420,2,1.6566857804045654e-05,N
3781885420,2,-0.00011859059608276823,N
579898624,2,-0.000494276229269619,C
579898624,2,-0.0003417976618965146,C
579898624,2,-0.0005811788573147347,C
579898624,2,-0.0008540824597528252,C
579898624,2,9.821432820578124e-06,C
899522708,2,1.4478132243367359e-05,C
899522708,2,-2.5881795862048307e-07,C
899522708,2,1.8466798648586469e-06,C
899522708,2,8.491608755600843e-07,C
899522708,2,6.208090140735756e-06,C
550081331,2,3.9754236555500366e-05,C
550081331,2,0.00015551206814506946,C
550081331,2,2.5316194833702177e-05,C
550081331,2,-8.706333267166633e-05,C
550081331,2,-7.140643504349731e-05,C
104363044,2,0.0,
104363044,2,0.0,
104363044,2,0.0,
104363044,2,0.0,
104363044,2,0.0,
2072239802,2,0.001326410223585539,C
2072239802,2,0.0016582846126854678,C
2072239802,2,0.0014473590303470951,C
2072239802,2,0.0010399113078351507,C
2072239802,2,0.001170328267028009,C
3394178578,2,0.000785873241875179,C
3394178578,2,-0.00027495319003945085,C
3394178578,2,0.000983190178501625,C
3394178578,2,0.0008435770909454021,C
3394178578,2,0.0005658926648455798,C
2013664411,2,0.0,C
2013664411,2,0.0,C
2013664411,2,0.0,C
2013664411,2,0.0,C
2013664411,2,0.0,C
3346582092,2,-0.0009911135820498962,N
3346582092,2,-0.0012729743901907509,N
3346582092,2,-0.0002466025158903151,N
3346582092,2,-0.0006649256760887234,N
3346582092,2,-0.0001176641685650126,N
4291484675,2,0.0,N
4291484675,2,0.0,N
4291484675,2,0.0,N
4291484675,2,0.0,N
4291484675,2,0.0,N
3275683399,2,-7.353297506051959e-05,N
3275683399,2,-4.965872872153554e-05,N
3275683399,2,-6.981828919039312e-05,N
3275683399,2,-5.1626276522054315e-05,N
3275683399,2,-3.1445212939906764e-05,N
2775257855,2,0.0,C
2775257855,2,0.0,C
2775257855,2,0.0,C
2775257855,2,0.0,C
2775257855,2,0.0,C
2810421479,2,-2.0927120102320895e-05,O
2810421479,2,-6.75059339606543e-05,O
2810421479,2,-4.4277420722105276e-05,O
2810421479,2,-3.064397155772003e-05,O
2810421479,2,-5.629596173506446e-05,O
2662374534,2,-2.8889849719049288e-05,C
2662374534,2,8.63007822533568e-05,C
2662374534,2,0.00022989633404946197,C
2662374534,2,8.63007822533568e-05,C
2662374534,2,0.0001451843382386242,C
3461773897,2,0.0,N
3461773897,2,0.0,N
3461773897,2,0.0,N
3461773897,2,0.0,N
3461773897,2,0.0,N
344019891,2,0.00011254068599431122,N
344019891,2,-1.4125490860772416e-05,N
344019891,2,4.386747816154113e-05,N
344019891,2,0.00014915347305566318,N
344019891,2,4.386747816154113e-05,N
3402570011,2,7.181343410433971e-06,C
3402570011,2,0.0,C
3402570011,2,8.328375751043282e-06,C
3402570011,2,1.865096326270077e-06,C
3402570011,2,0.0,C
1199016914,2,-2.2491730023443957e-06,C
1199016914,2,-3.584999606509598e-06,C
1199016914,2,-1.0717558089734514e-05,C
1199016914,2,-6.607602377528554e-06,C
1199016914,2,2.3150512266090217e-06,C
1714595447,2,-0.00015639946621281986,C
1714595447,2,4.392653355250742e-05,C
1714595447,2,8.028448820696088e-06,C
1714595447,2,4.392653355250742e-05,C
1714595447,2,-0.00024385289131551025,C
871396902,2,0.0,C
871396902,2,2.295987437228586e-06,C
871396902,2,2.750830024045303e-06,C
871396902,2,0.0,C
871396902,2,4.714944271067001e-06,C
2845936339,2,-0.00048797729594102224,C
2845936339,2,0.00015825173697475714,C
2845936339,2,-0.0005127339568065659,C
2845936339,2,-8.42674013887823e-05,C
2845936339,2,-0.0002406804823171793,C
3880022399,2,6.571278487232934e-05,C
3880022399,2,5.6429354139075905e-05,C
3880022399,2,5.00807825700722e-05,C
3880022399,2,0.00010835485951060653,C
3880022399,2,0.00013163439665569987,C
410310586,2,0.0,C
410310586,2,0.0,C
410310586,2,0.0,C
410310586,2,0.0,C
410310586,2,0.0,C
2612409031,2,0.0,C
2612409031,2,0.0,C
2612409031,2,0.0,C
2612409031,2,0.0,C
2612409031,2,0.0,C
2375987095,2,0.00038303579101583995,C
2375987095,2,-0.0005092906135832909,C
2375987095,2,0.0001200419802895869,C
2375987095,2,-7.885675131047432e-05,C
2375987095,2,0.0005811955897517818,C
1294138518,2,0.0,S
1294138518,2,0.0,S
1294138518,2,0.0,S
1294138518,2,0.0,S
1294138518,2,0.0,S
293971392,2,0.0,N
293971392,2,0.0,N
293971392,2,0.0,N
293971392,2,0.0,N
293971392,2,0.0,N
4036774035,2,0.001069018417987011,C
4036774035,2,5.009401315364537e-05,C
4036774035,2,0.0028532103383831497,C
4036774035,2,0.0002442009689335167,C
4036774035,2,0.00014112266407256824,C
1010142783,2,0.0008205225368078106,O
1010142783,2,-0.00018264362692715919,O
1010142783,2,-0.0004364360432610459,O
1010142783,2,0.00010315523972276308,O
1010142783,2,0.00020916065145948348,O
3120364749,2,0.0,N
3120364749,2,0.0,N
3120364749,2,0.0,N
3120364749,2,0.0,N
3120364749,2,0.0,N
3662562115,2,-8.207760869965997e-05,C
3662562115,2,-1.8042137212903597e-05,C
3662562115,2,1.5215122202483222e-05,C
3662562115,2,-7.313193195801482e-05,C
3662562115,2,-6.676838582075906e-05,C
3921298496,2,0.0004342754083837552,C
3921298496,2,0.00017216029025718393,C
3921298496,2,0.0004728735655993299,C
3921298496,2,-0.00016285740629745638,C
3921298496,2,-0.0011084426791193036,C
737501821,2,-0.0009922639283548307,C
737501821,2,-0.0008762682928926124,C
737501821,2,0.0006456693411328596,C
737501821,2,-0.00036372793107386503,C
737501821,2,-0.0009385966363371634,C
2024004397,2,0.0,N
2024004397,2,0.0,N
2024004397,2,0.0,N
2024004397,2,0.0,N
2024004397,2,0.0,N
751208592,2,-2.106653759115229e-05,C
751208592,2,-1.9370665229390127e-05,C
751208592,2,-2.568675973158019e-05,C
751208592,2,-2.568675973158019e-05,C
751208592,2,-2.421570538313489e-05,C
3953445033,2,0.0,S
3953445033,2,0.0,S
3953445033,2,0.0,S
3953445033,2,0.0,S
3953445033,2,0.0,S
497870099,2,5.787912274968221e-05,C
497870099,2,2.3661109084471832e-05,C
497870099,2,0.00013579686277914726,C
497870099,2,-2.8724937314705823e-05,C
497870099,2,8.456383717864169e-05,C
3417531975,2,0.0,C
3417531975,2,0.0,C
3417531975,2,5.596263075169361e-06,C
3417531975,2,8.481863041753801e-06,C
3417531975,2,0.0,C
1044405971,2,-0.0009876947751276122,C
1044405971,2,-0.001602834841185119,C
1044405971,2,-0.0022884797188476025,C
1044405971,2,-0.0010965767101109858,C
1044405971,2,-0.001854897365653807,C
2394338241,2,-0.0011823500722297764,C
2394338241,2,-0.00014751393795997547,C
2394338241,2,-0.0004839363819824083,C
2394338241,2,-0.001379868128332462,C
2394338241,2,-0.000741914537703614,C
1271691605,2,1.3702016508687631e-05,S
1271691605,2,2.80646070033308e-06,S
1271691605,2,2.80646070033308e-06,S
1271691605,2,-1.8496401231749005e-06,S
1271691605,2,7.64244322071228e-06,S
3643491447,2,0.0,C
3643491447,2,0.0,C
3643491447,2,0.0,C
3643491447,2,0.0,C
3643491447,2,0.0,C
21411075,2,0.00016796139956681833,C
21411075,2,6.215340595788765e-05,C
21411075,2,0.00012512980512813243,C
21411075,2,6.971501963282112e-05,C
21411075,2,-3.9281710602245834e-05,C
413381818,2,-6.507990830356691e-05,C
413381818,2,-6.490134053716012e-05,C
413381818,2,-0.00013151287392609845,C
413381818,2,8.607087268280855e-05,C
413381818,2,-6.607202929365119e-05,C
3082607741,2,0.0,C
3082607741,2,0.0,C
3082607741,2,0.0,C
3082607741,2,0.0,C
3082607741,2,0.0,C
4216649732,2,0.0,S
4216649732,2,0.0,S
4216649732,2,0.0,S
4216649732,2,0.0,S
4216649732,2,0.0,S
371876130,2,0.0,C
371876130,2,0.0,C
371876130,2,0.0,C
371876130,2,0.0,C
371876130,2,0.0,C
1978844073,2,-0.00014466801494811277,O
1978844073,2,-2.9831323561768652e-05,O
1978844073,2,-0.00019984700115743825,O
1978844073,2,-0.00015948129358756002,O
1978844073,2,0.0002818838310266192,O
1671692019,2,0.0,C
1671692019,2,0.0,C
1671692019,2,0.0,C
1671692019,2,0.0,C
1671692019,2,0.0,C
2070976245,2,3.1908472984343295e-05,C
2070976245,2,-0.0012157818038407986,C
2070976245,2,-0.0030583000647939618,C
2070976245,2,0.0014021297643269093,C
2070976245,2,0.0013316607770232913,C
845764036,2,4.290991316990844e-06,C
845764036,2,1.828681658211373e-06,C
845764036,2,-1.383872385796181e-06,C
845764036,2,1.325118846473572e-05,C
845764036,2,2.2533393300716575e-06,C
2559453089,2,7.60918505497421e-05,C
2559453089,2,0.0005590236383495317,C
2559453089,2,-0.0003942279384832603,C
2559453089,2,0.0008590296734110603,C
2559453089,2,0.00024317501223597437,C
3286377484,2,0.0,C
3286377484,2,0.0,C
3286377484,2,0.0,C
3286377484,2,0.0,C
3286377484,2,0.0,C
2200148275,2,0.0004293253901095917,N
2200148275,2,2.9191143448570323e-06,N
2200148275,2,0.00016326433463520473,N
2200148275,2,0.000677336418471175,N
2200148275,2,6.324928265910579e-06,N
1962383056,2,-1.9370665229390127e-05,N
1962383056,2,-1.6510742660902356e-05,N
1962383056,2,-1.9370665229390127e-05,N
1962383056,2,-1.9370665229390127e-05,N
1962383056,2,-1.750177805448505e-05,N
3012778962,2,-0.0005131121725416854,N
3012778962,2,-0.00037013513523348474,N
3012778962,2,-0.00042905198294679314,N
3012778962,2,-0.00029742338102323185,N
3012778962,2,-0.0004207512660567292,N
1620258790,2,0.00019513902393691884,N
1620258790,2,0.00013949823020803498,N
1620258790,2,-7.067815256833754e-05,N
1620258790,2,9.405327722922241e-06,N
1620258790,2,0.00016147045203701582,N
3372254436,2,0.002149045585871534,O
3372254436,2,-0.0018712216370457835,O
3372254436,2,-0.00041965779849639784,O
3372254436,2,-0.0008706578938244558,O
3372254436,2,-0.0006207372655706034,O
330223697,2,-9.653487375360648e-06,C
330223697,2,-4.8445896448923165e-06,C
330223697,2,-6.349887236134499e-06,C
330223697,2,-5.9129571586824525e-06,C
330223697,2,-8.418928425180106e-06,C
1208423463,2,-0.0009120560675954792,C
1208423463,2,-0.00048365275264794505,C
1208423463,2,-0.0004962014447666974,C
1208423463,2,-0.0001453273144755296,C
1208423463,2,-0.00024205122063314377,C
141882433,2,4.073025290152188e-06,C
141882433,2,1.175935718056298e-05,C
141882433,2,-9.020873319276479e-06,C
141882433,2,9.656076847941453e-06,C
141882433,2,3.553506470022061e-05,C
3727977332,2,-2.346063376967855e-05,N
3727977332,2,2.1579675682392718e-05,N
3727977332,2,-4.352304159427334e-05,N
3727977332,2,0.00010667304823186452,N
3727977332,2,-1.7647405359144663e-05,N
535847852,2,0.00043483261405852236,C
535847852,2,-0.0003654884295651861,C
535847852,2,-0.00012850647230627787,C
535847852,2,-0.0005909173159261427,C
535847852,2,0.00024349555585734262,C
422165373,2,0.0,C
422165373,2,0.0007489192478804529,C
422165373,2,0.0007489192478804529,C
422165373,2,0.0,C
422165373,2,0.0,C
176403689,2,0.0003201282511748893,C
176403689,2,0.00016072790105670087,C
176403689,2,-7.997691031824683e-06,C
176403689,2,0.0001235403760255216,C
176403689,2,0.00011191717482839092,C
1735672143,2,0.0,C
1735672143,2,0.0,C
1735672143,2,0.0,C
1735672143,2,0.0,C
1735672143,2,0.0,C
1266193593,2,0.002862934256180061,C
1266193593,2,0.0031627675256409304,C
1266193593,2,0.004092339602368655,C
1266193593,2,0.0035123870432786086,C
1266193593,2,0.004193196738393745,C
29410177,2,0.0,N
29410177,2,0.0,N
29410177,2,0.0,N
29410177,2,0.0,N
29410177,2,0.0,N
808416955,2,1.359579258364274e-05,S
808416955,2,1.842675350877121e-05,S
808416955,2,1.2207936600783231e-05,S
808416955,2,-1.8254237057535594e-05,S
808416955,2,2.3191064368266456e-05,S
1949014205,2,0.0,
1949014205,2,0.0,
1949014205,2,0.0,
1949014205,2,0.0,
1949014205,2,0.0,
3431706413,2,-2.349989761463167e-05,C
3431706413,2,-2.063997504619941e-05,C
3431706413,2,-1.1691572337491074e-05,C
3431706413,2,-2.349989761463167e-05,C
3431706413,2,-2.758190707413677e-05,C
150310,2,0.0,C
150310,2,0.0,C
150310,2,0.0,C
150310,2,0.0,C
150310,2,0.0,C
465304290,2,0.0,C
465304290,2,0.0,C
465304290,2,0.0,C
465304290,2,0.0,C
465304290,2,0.0,C
3093061208,2,0.0,C
3093061208,2,0.0,C
3093061208,2,0.0,C
3093061208,2,0.0,C
3093061208,2,0.0,C
3012865236,2,-0.001108422791814112,N
3012865236,2,-0.001173173866757693,N
3012865236,2,-0.0007177919517509235,N
3012865236,2,-0.0009116359822360365,N
3012865236,2,-0.0009769156871649032,N
792968423,2,0.00039567539223744896,C
792968423,2,0.0004609432183206863,C
792968423,2,0.0008253876550177175,C
792968423,2,0.0005447251157503774,C
792968423,2,0.000609304708454661,C
170727310,2,0.0,C
170727310,2,0.0,C
170727310,2,0.0,C
170727310,2,0.0,C
170727310,2,0.0,C
2459558207,2,1.0800856722947838e-05,C
2459558207,2,2.8288944560750373e-06,C
2459558207,2,-8.004149530671523e-06,C
2459558207,2,1.2572741029781564e-05,C
2459558207,2,1.3996406740823808e-06,C
1323888424,2,3.813470842772837e-06,N
1323888424,2,8.662833840267226e-06,N
1323888424,2,-1.5385189794991927e-05,N
1323888424,2,2.2543836927679806e-05,N
1323888424,2,7.159502696973963e-06,N
2975116251,2,-2.6258124916522796e-05,N
2975116251,2,-3.5334320515612028e-06,N
2975116251,2,-2.0658430113285053e-05,N
2975116251,2,-2.2366690227537678e-05,N
2975116251,2,-1.7782447631009557e-05,N
1819912581,2,0.0,C
1819912581,2,0.0,C
1819912581,2,0.0,C
1819912581,2,0.0,C
1819912581,2,0.0,C
335878828,2,0.0,C
335878828,2,0.0,C
335878828,2,0.0,C
335878828,2,0.0,C
335878828,2,0.0,C
3975295864,2,8.185941952348896e-05,C
3975295864,2,-0.00012816583350433453,C
3975295864,2,9.421044062762896e-06,C
3975295864,2,0.00015239777579373337,C
3975295864,2,0.0003474246824455851,C
239116674,2,0.0,C
239116674,2,0.0,C
239116674,2,0.0,C
239116674,2,0.0,C
239116674,2,0.0,C
3538861869,2,-3.334739631150052e-05,C
3538861869,2,-2.004354164170108e-05,C
3538861869,2,3.7177373864438756e-05,C
3538861869,2,5.542471014147177e-05,C
3538861869,2,-2.004354164170108e-05,C
934550081,2,0.00021922330783302746,N
934550081,2,-7.206870305720425e-05,N
934550081,2,0.0002972594939440465,N
934550081,2,0.00036229815723398673,N
934550081,2,0.0005261817503094401,N
3316027208,2,1.8466798648586469e-06,C
3316027208,2,1.8466798648586469e-06,C
3316027208,2,3.1846843274729864e-06,C
3316027208,2,0.0,C
3316027208,2,0.0,C
2865977551,2,0.0021657003807628583,S
2865977551,2,0.0025214873740458388,S
2865977551,2,0.0020192375776078575,S
2865977551,2,0.0016706992096497952,S
2865977551,2,0.000657250834901868,S
3183067622,2,0.0002470444286254425,O
3183067622,2,-0.0003485583997669406,O
3183067622,2,-5.033550349869964e-05,O
3183067622,2,6.212000479877133e-05,O
3183067622,2,0.00023261648871558682,O
564293713,2,0.0,
564293713,2,0.0,
564293713,2,0.0,
564293713,2,0.0,
564293713,2,0.0,
1428903162,2,0.0038570449111708927,C
1428903162,2,0.0004478949738088711,C
1428903162,2,0.004360691645160619,C
1428903162,2,0.002335636099053573,C
1428903162,2,0.0014197956902671782,C
1467524174,2,1.7116165523245463e-05,C
1467524174,2,-1.185157525818159e-05,C
1467524174,2,-3.884907063306242e-05,C
1467524174,2,8.055330940731631e-05,C
1467524174,2,5.1144183163098766e-05,C
651269745,2,0.0,C
651269745,2,0.0,C
651269745,2,0.0,C
651269745,2,0.0,C
651269745,2,0.0,C
3268335377,2,0.0014705436888983736,N
3268335377,2,0.004994544743476714,N
3268335377,2,0.006231395740380563,N
3268335377,2,0.004442203744055517,N
3268335377,2,0.007205745974966815,N
1280488931,2,-9.043672594133412e-07,N
1280488931,2,0.0,N
1280488931,2,-9.043672594133412e-07,N
1280488931,2,-9.043672594133412e-07,N
1280488931,2,-4.548425868167172e-07,N
2098262959,2,-6.0158031795265465e-05,C
2098262959,2,-7.004446389546892e-05,C
2098262959,2,-6.523400398761314e-05,C
2098262959,2,-8.054322686656956e-05,C
2098262959,2,-5.537184508619397e-05,C
2485994647,2,0.0,N
2485994647,2,0.0,N
2485994647,2,0.0,N
2485994647,2,0.0,N
2485994647,2,0.0,N
3088984962,2,2.927442452060891e-05,C
3088984962,2,-7.77101502766886e-05,C
3088984962,2,-5.38665954648021e-05,C
3088984962,2,0.0,C
3088984962,2,0.0,C
3042542132,2,0.000626675976958535,N
3042542132,2,0.0,N
3042542132,2,0.001729527891251914,N
3042542132,2,-0.0006723361354510904,N
3042542132,2,0.0007703949329224136,N
373109870,2,-0.0007544127290209923,C
373109870,2,0.0006929055113953364,C
373109870,2,0.0004509331874258393,C
373109870,2,0.000481131378252897,C
373109870,2,0.00013063949678321363,C
2677752761,2,-0.00022929492722517653,C
2677752761,2,0.00013856998650702002,C
2677752761,2,-0.0005945240304582877,C
2677752761,2,-0.00014233199665381058,C
2677752761,2,2.6102200220035066e-05,C
3807907321,2,3.353263839889209e-05,O
3807907321,2,1.4832020988952976e-05,O
3807907321,2,1.4832020988952976e-05,O
3807907321,2,2.7936375323667217e-05,O
3807907321,2,-1.3728619907116268e-05,O
2587571567,2,-0.0003888155978334362,C
2587571567,2,1.5469220487451807e-05,C
2587571567,2,0.00014198573422763427,C
2587571567,2,-0.00040820639157279626,C
2587571567,2,-0.0001112238077815575,C
3701504231,2,0.00026438344520551826,N
3701504231,2,5.5981140056948764e-05,N
3701504231,2,8.802139866886938e-05,N
3701504231,2,5.5981140056948764e-05,N
3701504231,2,0.00011435655893216046,N
369315086,2,-0.0003835318511347108,C
369315086,2,-0.00039135958451719244,C
369315086,2,-0.0005299067062147778,C
369315086,2,-0.0003877683291555467,C
369315086,2,-0.0005068303942758479,C
1965692378,2,4.646524797174978e-05,N
1965692378,2,3.77830217866415e-05,N
1965692378,2,5.5573123273422453e-05,N
1965692378,2,7.508023098296013e-05,N
1965692378,2,5.8758252541868394e-05,N
1633777018,2,-1.8469695575729084e-05,C
1633777018,2,-8.83540712729447e-05,C
1633777018,2,4.783373670824709e-06,C
1633777018,2,-0.0002166236685907652,C
1633777018,2,-0.00020635084127640368,C
3757038672,2,0.00011450732678791598,C
3757038672,2,0.00020225418870978285,C
3757038672,2,9.689155697822915e-06,C
3757038672,2,4.070971063208084e-05,C
3757038672,2,6.463490649311066e-05,C
2677858541,2,7.03012811842374e-06,C
2677858541,2,-0.00045921991498143466,C
2677858541,2,-0.00035326248368666713,C
2677858541,2,-0.00031416092283925723,C
2677858541,2,2.8726760574193655e-05,C
1446204275,2,3.415802561190784e-05,C
1446204275,2,3.5510343244227194e-05,C
1446204275,2,1.777779522760259e-05,C
1446204275,2,2.015208712313754e-05,C
1446204275,2,1.729478913226057e-05,C
3589407776,2,0.0,
3589407776,2,0.0,
3589407776,2,0.0,
3589407776,2,0.0,
3589407776,2,0.0,
3083149185,2,6.798091398141359e-07,C
3083149185,2,2.9099187601189236e-06,C
3083149185,2,-6.592914016390061e-07,C
3083149185,2,0.0,C
3083149185,2,0.0,C
337875000,2,9.516185852476156e-05,C
337875000,2,0.00011361923527375417,C
337875000,2,0.0003044692521187997,C
337875000,2,2.6324681950407047e-05,C
337875000,2,-6.452691049135817e-05,C
3887884923,2,0.0,C
3887884923,2,0.0,C
3887884923,2,0.0,C
3887884923,2,0.0,C
3887884923,2,0.0,C
4256629345,2,-0.0004585295044384763,C
4256629345,2,-0.0005184420323629535,C
4256629345,2,-0.0005655009105722808,C
4256629345,2,-0.0005655009105722808,C
4256629345,2,-0.0007753714166032211,C
662595032,2,-7.142496701872947e-05,N
662595032,2,-3.633488572729604e-05,N
662595032,2,0.00011727601119776443,N
662595032,2,-0.00010630237068176562,N
662595032,2,-4.5637616534754955e-05,N
3777243454,2,0.0,C
3777243454,2,-1.4793422194125938e-05,C
3777243454,2,-3.5576911343870865e-05,C
3777243454,2,-2.3972102134117712e-05,C
3777243454,2,-4.0353838394124875e-05,C
982949046,2,0.00017816041837342977,C
982949046,2,0.00027664677074740185,C
982949046,2,-0.0002498226170365436,C
982949046,2,4.479570634896568e-05,C
982949046,2,-5.610126714017394e-05,C
267757375,2,0.0,C
267757375,2,0.0,C
267757375,2,0.0,C
267757375,2,0.0,C
267757375,2,0.0,C
2157595070,2,-0.0006499835629115713,C
2157595070,2,-0.00038200659681209004,C
2157595070,2,0.0005596233768465075,C
2157595070,2,0.0002763339631385864,C
2157595070,2,-0.0003081299906048107,C
895910141,2,-0.00014354188051812766,C
895910141,2,-4.400938884968619e-05,C
895910141,2,-4.288314630707113e-05,C
895910141,2,-4.644790584373837e-05,C
895910141,2,-0.0002153303470374679,C
3182041044,2,-5.11153143317733e-06,C
3182041044,2,-7.5623399522495305e-06,C
3182041044,2,-7.5623399522495305e-06,C
3182041044,2,2.722448354031126e-06,C
3182041044,2,1.3369484418990218e-06,C
4105666400,2,-4.898915868245535e-05,C
4105666400,2,-0.00012629173823636153,C
4105666400,2,-0.0006940825865636713,C
4105666400,2,0.00015206134968914764,C
4105666400,2,-0.0002274031196219939,C
1891839201,2,-0.000567968394072027,C
1891839201,2,-0.0015586703187229212,C
1891839201,2,-0.0001565795903114564,C
1891839201,2,-0.0009936491696415084,C
1891839201,2,-0.0007746917614309123,C
2584230118,2,0.00053946992645304,C
2584230118,2,-0.00029445618323842293,C
2584230118,2,0.00018103185640738761,C
2584230118,2,0.00025161846971116786,C
2584230118,2,7.149842406528606e-05,C
3696402029,2,-0.0025400720152747303,C
3696402029,2,0.00039729917537772996,C
3696402029,2,-0.00223643133322482,C
3696402029,2,-0.001842957628474029,C
3696402029,2,-0.0027705247317790227,C
1263988625,2,-2.189105073946429e-05,C
1263988625,2,3.143913382852581e-06,C
1263988625,2,-1.68615225683566e-05,C
1263988625,2,-1.658610572707886e-05,C
1263988625,2,-1.3314045843371147e-05,C
829754261,2,-0.00040077885027628435,C
829754261,2,-0.0007504895617535534,C
829754261,2,-0.0001393641921301758,C
829754261,2,-0.00038979021730028984,C
829754261,2,-0.00035769870035273765,C
2841547777,2,0.0,C
2841547777,2,0.0,C
2841547777,2,0.0,C
2841547777,2,0.0,C
2841547777,2,0.0,C
3059129780,2,4.6488847036896264e-05,C
3059129780,2,-3.638770753433551e-06,C
3059129780,2,4.6488847036896264e-05,C
3059129780,2,6.170396923932397e-05,C
3059129780,2,4.6488847036896264e-05,C
3650394863,2,0.00031085610663772467,C
3650394863,2,0.00028811835570558,C
3650394863,2,-0.0005386470574074709,C
3650394863,2,0.00023808285184900857,C
3650394863,2,0.00022863765640745992,C
3288032115,2,-4.875761250300314e-07,C
3288032115,2,5.132125300288948e-07,C
3288032115,2,1.6195195194912415e-06,C
3288032115,2,0.0,C
3288032115,2,1.054261822841518e-06,C
1308598964,2,0.00019799994216773698,C
1308598964,2,0.00022099222875454627,C
1308598964,2,2.416062826926524e-05,C
1308598964,2,9.472425547274455e-06,C
1308598964,2,0.00027130618481863156,C
4081192417,2,3.155431621826299e-06,C
4081192417,2,0.00013913318888664206,C
4081192417,2,6.420271078266815e-05,C
4081192417,2,-8.555890787242948e-06,C
4081192417,2,2.5104603240122536e-05,C
2085926208,2,0.0001672773055383936,C
2085926208,2,0.00014232429943095148,C
2085926208,2,-2.744117372305288e-05,C
2085926208,2,6.425830995976378e-05,C
2085926208,2,0.0001057648105137754,C
1852134816,2,-1.6757982254089754e-05,C
1852134816,2,-2.694041457879104e-05,C
1852134816,2,-2.1938991668912777e-05,C
1852134816,2,-2.5994219875258295e-05,C
1852134816,2,-2.4080492010358778e-05,C
3628883864,2,-8.507807631957798e-05,C
3628883864,2,0.00017178688788743735,C
3628883864,2,3.756365630308567e-05,C
3628883864,2,-2.3109582398095352e-05,C
3628883864,2,-6.890713836682494e-05,C
1228815484,2,3.5430973752859085e-05,C
1228815484,2,1.4672092476075704e-05,C
1228815484,2,1.650036455652648e-05,C
1228815484,2,-3.063232392896964e-05,C
1228815484,2,6.132969746874828e-05,C
2863170677,2,1.143305620915358e-05,C
2863170677,2,2.3726060779327707e-05,C
2863170677,2,2.750830024045303e-06,C
2863170677,2,2.750830024045303e-06,C
2863170677,2,2.750830024045303e-06,C
2126281302,2,7.875440795263033e-05,C
2126281302,2,8.688094861675211e-05,C
2126281302,2,2.6356446538755574e-05,C
2126281302,2,7.276459143612524e-06,C
2126281302,2,-6.4762745632385155e-06,C
3768390624,2,0.0,C
3768390624,2,0.0,C
3768390624,2,0.0,C
3768390624,2,0.0,C
3768390624,2,0.0,C
2150151661,2,0.00019786246052105882,C
2150151661,2,0.0001434140106267856,C
2150151661,2,0.00014673088591860006,C
2150151661,2,0.00020028277045891496,C
2150151661,2,0.00016647517594248207,C
881868678,2,-7.5623399522495305e-06,C
881868678,2,0.0,C
881868678,2,-7.5623399522495305e-06,C
881868678,2,2.722448354031126e-06,C
881868678,2,-3.874917145374468e-06,C
1796784588,2,-5.7282827792715096e-05,C
1796784588,2,3.7014857361461484e-05,C
1796784588,2,0.00019251054748259389,C
1796784588,2,3.283366252243569e-05,C
1796784588,2,-3.453012638032771e-05,C
3892941493,2,3.409216173699825e-06,N
3892941493,2,1.9228593953812823e-05,N
3892941493,2,1.9217355276823778e-05,N
3892941493,2,9.06628611546667e-06,N
3892941493,2,7.861607262571457e-06,N
847307936,2,-4.488150452397477e-06,C
847307936,2,-1.4408491235351484e-05,C
847307936,2,-1.263128595463403e-05,C
847307936,2,-1.263128595463403e-05,C
847307936,2,-1.263128595463403e-05,C
1514288082,2,6.9475036174049265e-06,N
1514288082,2,-1.1024223285582835e-05,N
1514288082,2,-3.874917145374468e-06,N
1514288082,2,-7.5623399522495305e-06,N
1514288082,2,0.0,N
287232915,2,0.00025174118710441507,C
287232915,2,-9.129374173799665e-05,C
287232915,2,-4.003323791967883e-05,C
287232915,2,-1.270366837063941e-05,C
287232915,2,0.000293290075175201,C
3292836937,2,0.0,
3292836937,2,0.0,
3292836937,2,0.0,
3292836937,2,0.0,
3292836937,2,0.0,
89961214,2,-0.0003122245575207794,C
89961214,2,-0.0002492901368439382,C
89961214,2,-0.00021090479745122792,C
89961214,2,-0.00023945055950524985,C
89961214,2,-0.00019403415883628705,C
1147977085,2,0.000127794661824443,C
1147977085,2,0.001842412329356391,C
1147977085,2,0.002056505702253353,C
1147977085,2,0.00012843781900367945,C
1147977085,2,0.0006182358687500389,C
636182019,2,0.0,C
636182019,2,0.0,C
636182019,2,0.0,C
636182019,2,0.0,C
636182019,2,0.0,C
799373156,2,0.0003361292231553459,C
799373156,2,0.00047232503830396677,C
799373156,2,0.0001389102269254705,C
799373156,2,0.00045432232155645513,C
799373156,2,0.0003458795825440064,C
636990493,2,-2.6814602162805734e-05,C
636990493,2,-2.4945714987900658e-05,C
636990493,2,-4.783549871767434e-07,C
636990493,2,-3.012183529871315e-05,C
636990493,2,-2.0522187613558618e-05,C
1078276907,2,-8.191541140395442e-05,C
1078276907,2,-1.5922586385330728e-05,C
1078276907,2,0.00038636567565658586,C
1078276907,2,0.00010175790205468882,C
1078276907,2,-1.3585382942715718e-05,C
1421345390,2,-0.0020766292591045676,C
1421345390,2,-0.003624495709612985,C
1421345390,2,0.004457446576606683,C
1421345390,2,-0.0015966409541269266,C
1421345390,2,-0.005229270404502495,C
145374537,2,0.00043219552493239943,C
145374537,2,0.00044093174150922065,C
145374537,2,0.0007455409347064124,C
145374537,2,0.0015484779975594165,C
145374537,2,0.0007090917517847406,C
1256751600,2,0.0,C
1256751600,2,0.0,C
1256751600,2,0.0,C
1256751600,2,0.0,C
1256751600,2,0.0,C
30707086,2,4.207955315099765e-05,C
30707086,2,5.106536580512522e-05,C
30707086,2,7.307297563485804e-05,C
30707086,2,1.753171603230408e-05,C
30707086,2,-1.79911711785663e-05,C
454919045,2,-0.00010160720429913672,N
454919045,2,-3.582939705820687e-05,N
454919045,2,-2.5147499040811816e-05,N
454919045,2,0.00020012789423456967,N
454919045,2,9.080804622535465e-05,N
96001975,2,-3.918681312220507e-06,C
96001975,2,2.275965652831502e-06,C
96001975,2,-1.4097497874066e-06,C
96001975,2,-4.484803317272856e-06,C
96001975,2,-5.026660146401074e-06,C
3632480728,2,6.203349366140642e-05,C
3632480728,2,0.00027399393145705053,C
3632480728,2,0.0002636233418636946,C
3632480728,2,0.00015378073132799042,C
3632480728,2,0.000444975628405897,C
2543587995,2,0.0,N
2543587995,2,0.0,N
2543587995,2,0.0,N
2543587995,2,0.0,N
2543587995,2,0.0,N
2664622273,2,8.292455129321752e-05,C
2664622273,2,0.0008317883348890609,C
2664622273,2,3.952632217779639e-05,C
2664622273,2,-0.0005402357539001645,C
2664622273,2,0.00017915528381845514,C
640282103,2,0.0,C
640282103,2,-8.948402708708336e-06,C
640282103,2,-5.735848664700782e-06,C
640282103,2,-8.948402708708336e-06,C
640282103,2,-4.6115434685356504e-06,C
552722929,2,0.0,C
552722929,2,0.0,C
552722929,2,0.0,C
552722929,2,0.0,C
552722929,2,0.0,C
3304326854,2,-7.287874514427806e-07,C
3304326854,2,-7.287874514427806e-07,C
3304326854,2,-1.4097497874066e-06,C
3304326854,2,-2.069041189045606e-06,C
3304326854,2,-7.287874514427806e-07,C
932711668,2,-4.6115434685356504e-06,N
932711668,2,0.0,N
932711668,2,0.0,N
932711668,2,-1.350419763895827e-05,N
932711668,2,-5.735848664700782e-06,N
932734850,2,-0.00016968429472752344,N
932734850,2,-0.00014707933987972988,N
932734850,2,-8.123592224063003e-05,N
932734850,2,-0.00013599859603852238,N
932734850,2,2.359643472238382e-05,N
3198482033,2,-0.00048540094604282435,C
3198482033,2,-0.0008896498642065875,C
3198482033,2,-0.0006431314387205234,C
3198482033,2,-0.000859964376989264,C
3198482033,2,-1.8806735285259446e-05,C
2843970853,2,-0.0002390474249099328,C
2843970853,2,-0.0001973899091998188,C
2843970853,2,-0.0001418007419685119,C
2843970853,2,-4.6306781293026233e-05,C
2843970853,2,-0.0002110191964798669,C
1167268241,2,0.00023833769476688804,C
1167268241,2,0.0007979763491192116,C
1167268241,2,0.0018454319862303281,C
1167268241,2,0.0004773527240615749,C
1167268241,2,0.0009628201966621619,C
1968143303,2,0.0,C
1968143303,2,0.0,C
1968143303,2,0.0,C
1968143303,2,0.0,C
1968143303,2,0.0,C
132611095,2,-0.0014021367610363988,C
132611095,2,-0.0008518144465899935,C
132611095,2,-0.0009603607133727987,C
132611095,2,-0.0009285262306653608,C
132611095,2,-0.0015694092337036336,C
1067305901,2,-0.0005286857483814966,C
1067305901,2,9.487252370243837e-05,C
1067305901,2,0.00019698173135584973,C
1067305901,2,-0.0001762821141045312,C
1067305901,2,-0.00019979211997905866,C
4232044298,2,0.0,C
4232044298,2,0.0,C
4232044298,2,0.0,C
4232044298,2,0.0,C
4232044298,2,0.0,C
3924990413,2,1.997264185771286e-05,C
3924990413,2,-4.936609069505771e-05,C
3924990413,2,-0.0003989931726812723,C
3924990413,2,0.0004603288427162955,C
3924990413,2,-0.0003311969573892015,C
3163510888,2,-3.531019122754442e-05,C
3163510888,2,-3.900112437316139e-05,C
3163510888,2,-3.120023551533846e-05,C
3163510888,2,-2.226947315037142e-05,C
3163510888,2,-2.226947315037142e-05,C
3370172965,2,-0.0036275068089025586,C
3370172965,2,-0.0010137100145873879,C
3370172965,2,-0.0002396972860854718,C
3370172965,2,-0.0029275429064131164,C
3370172965,2,-0.0009647431019523811,C
1544255291,2,2.4466009985069093e-05,C
1544255291,2,-4.377338041650081e-06,C
1544255291,2,-2.5787350483974514e-05,C
1544255291,2,0.0,C
1544255291,2,-1.3040221369720051e-05,C
3961613636,2,3.557707336176996e-06,C
3961613636,2,8.87395442034089e-06,C
3961613636,2,0.0,C
3961613636,2,7.75218429788227e-06,C
3961613636,2,1.3474902512800035e-05,C
50651170,2,4.8312348774892655e-06,C
50651170,2,2.9529868543765048e-06,C
50651170,2,2.439029998746456e-06,C
50651170,2,3.7770344613607953e-06,C
50651170,2,4.8312348774892655e-06,C
3075896141,2,0.0,C
3075896141,2,0.0,C
3075896141,2,0.0,C
3075896141,2,0.0,C
3075896141,2,0.0,C
172238518,2,0.00010491944745372184,C
172238518,2,0.00019469594859505834,C
172238518,2,0.0001979191798927027,C
172238518,2,7.134387126667141e-05,C
172238518,2,-4.327915095314605e-05,C
2136803473,2,0.0,O
2136803473,2,0.0,O
2136803473,2,0.0,O
2136803473,2,0.0,O
2136803473,2,0.0,O
1023209243,2,0.0,N
1023209243,2,0.0,N
1023209243,2,0.0,N
1023209243,2,0.0,N
1023209243,2,0.0,N
885408970,2,0.0002319259358071757,O
885408970,2,-0.00029445618323842293,O
885408970,2,0.0002016701737653781,O
885408970,2,7.149842406528606e-05,O
885408970,2,-0.00029445618323842293,O
1213407188,2,0.0,C
1213407188,2,0.0,C
1213407188,2,0.0,C
1213407188,2,0.0,C
1213407188,2,0.0,C
4210054575,2,-5.338934787391114e-05,N
4210054575,2,-3.18362542284234e-05,N
4210054575,2,-3.248797026167427e-05,N
4210054575,2,-4.9266004638892635e-05,N
4210054575,2,-5.708028101952811e-05,N
3871410344,2,0.0,N
3871410344,2,0.0,N
3871410344,2,0.0,N
3871410344,2,0.0,N
3871410344,2,0.0,N
1184436594,2,-0.00013684702767113865,C
1184436594,2,0.00010353709457722182,C
1184436594,2,6.863864491002403e-05,C
1184436594,2,5.111000245727748e-05,C
1184436594,2,8.724229873569023e-05,C
3431706412,2,1.8577140408704285e-05,C
3431706412,2,-2.7888906731776686e-06,C
3431706412,2,-1.1691572337491074e-05,C
3431706412,2,7.475797750122748e-06,C
3431706412,2,2.98364606065582e-05,C
2758632892,2,0.0,C
2758632892,2,0.0,C
2758632892,2,0.0,C
2758632892,2,0.0,C
2758632892,2,0.0,C
2131356872,2,0.0001981765029026028,C
2131356872,2,0.00019202894841563456,C
2131356872,2,0.0004137418271720761,C
2131356872,2,0.00021432054695663671,C
2131356872,2,0.00016476505414048104,C
3131896227,2,0.0,C
3131896227,2,0.0,C
3131896227,2,0.0,C
3131896227,2,0.0,C
3131896227,2,0.0,C
2739425568,2,1.7107542328309577e-05,C
2739425568,2,-5.922579494244129e-05,C
2739425568,2,9.354927813121083e-05,C
2739425568,2,-3.487227317866548e-05,C
2739425568,2,7.532454899195073e-05,C
2917424199,2,-8.550906339443998e-05,N
2917424199,2,0.0001116287108682279,N
2917424199,2,-0.00031893560810292154,N
2917424199,2,0.0002527677461209299,N
2917424199,2,0.00018166983033995887,N
740717125,2,0.0001555473813632524,C
740717125,2,0.00018913917207025177,C
740717125,2,9.680121748345538e-06,C
740717125,2,0.0002155215262493737,C
740717125,2,-8.863231140798788e-05,C
2604399148,2,-5.3132867222138724e-05,C
2604399148,2,-1.3544683130972679e-05,C
2604399148,2,-2.9680828693590122e-05,C
2604399148,2,-3.311765009600398e-05,C
2604399148,2,-8.52778570596402e-05,C
35816944,2,-8.865944013058957e-06,C
35816944,2,-1.8688871749050762e-06,C
35816944,2,-3.5647595367227503e-06,C
35816944,2,0.0,C
35816944,2,1.359579258364274e-05,C
1623026378,2,7.149842406528606e-05,C
1623026378,2,-0.0006261209466166262,C
1623026378,2,7.149842406528606e-05,C
1623026378,2,0.0003449115084092069,C
1623026378,2,-0.00041221040755168303,C
1514095308,2,-0.0007889799873391223,C
1514095308,2,0.0007150669091929296,C
1514095308,2,0.0002298507183743359,C
1514095308,2,0.0019283567842926508,C
1514095308,2,-2.4937825578441597e-06,C
1814116706,2,0.0005197581298448384,N
1814116706,2,0.0009979778306719589,N
1814116706,2,0.0036288931714946737,N
1814116706,2,0.0029561697816919974,N
1814116706,2,0.0005029672134491681,N
3229069614,2,0.0,N
3229069614,2,0.0,N
3229069614,2,0.0,N
3229069614,2,0.0,N
3229069614,2,0.0,N
269963113,2,0.0,
269963113,2,0.0,
269963113,2,0.0,
269963113,2,0.0,
269963113,2,0.0,
3375441982,2,0.0,C
3375441982,2,0.0,C
3375441982,2,0.0,C
3375441982,2,0.0,C
3375441982,2,0.0,C
2537385504,2,0.0,
2537385504,2,0.0,
2537385504,2,0.0,
2537385504,2,0.0,
2537385504,2,0.0,
1375082737,2,0.00041297198266715407,C
1375082737,2,0.000557213010347557,C
1375082737,2,0.0008256235488878771,C
1375082737,2,0.0006071841879707329,C
1375082737,2,0.000554195747391184,C
3972090239,2,-0.00016792381191588213,C
3972090239,2,-0.0001906002127672335,C
3972090239,2,0.00017134001292373746,C
3972090239,2,5.9132839003384063e-05,C
3972090239,2,0.0002583282654730068,C
542715770,2,0.0009008800069394418,C
542715770,2,0.00017171014469968826,C
542715770,2,0.0004487636052423194,C
542715770,2,6.585044104379101e-05,C
542715770,2,0.00014770889321963354,C
1835135892,2,0.0,C
1835135892,2,0.0,C
1835135892,2,0.0,C
1835135892,2,0.0,C
1835135892,2,0.0,C
3850856377,2,-0.00042080481697071015,C
3850856377,2,-0.00037698262516272507,C
3850856377,2,0.00021206645313354144,C
3850856377,2,-6.89999523441065e-05,C
3850856377,2,-4.2881208249745395e-05,C
3007422704,2,-0.0012912007371851386,O
3007422704,2,0.0008211388832264355,O
3007422704,2,-0.00041265491728620374,O
3007422704,2,0.0002809831037235422,O
3007422704,2,-0.00020216487973045982,O
2209842778,2,0.0,N
2209842778,2,0.0,N
2209842778,2,0.0,N
2209842778,2,0.0,N
2209842778,2,0.0,N
2296764637,2,-5.960475877975213e-06,C
2296764637,2,1.692611009851408e-06,C
2296764637,2,-1.611360774145254e-06,C
2296764637,2,-3.149167791982599e-06,C
2296764637,2,-3.149167791982599e-06,C
3929393147,2,0.0,C
3929393147,2,-2.9502261034985988e-05,C
3929393147,2,0.0,C
3929393147,2,-2.21987827696557e-05,C
3929393147,2,1.6186720213862138e-05,C
2270589688,2,0.0,N
2270589688,2,0.0,N
2270589688,2,0.0,N
2270589688,2,0.0,N
2270589688,2,0.0,N
2592252298,2,2.5839611356159864e-05,C
2592252298,2,2.584938103261658e-05,C
2592252298,2,6.327670752703796e-06,C
2592252298,2,-2.775884054934119e-05,C
2592252298,2,2.315710316125319e-05,C
4116013187,2,0.0,C
4116013187,2,0.0,C
4116013187,2,0.0,C
4116013187,2,0.0,C
4116013187,2,0.0,C
372117123,2,-1.948853409716733e-05,S
372117123,2,0.00022382385743696664,S
372117123,2,0.000173198454055834,S
372117123,2,-0.00012197101535826871,S
372117123,2,-9.246875432333823e-05,S
2709179886,2,0.00013285269638607655,C
2709179886,2,-0.0008859776909401207,C
2709179886,2,-0.0005525165837390045,C
2709179886,2,-0.00020689065246159988,C
2709179886,2,-0.0002652332044632555,C
228862830,2,3.4717736447198444e-05,N
228862830,2,3.3096665065790454e-05,N
228862830,2,2.1037880891638938e-05,N
228862830,2,3.606024484642534e-05,N
228862830,2,-6.685593356703379e-08,N
2300762321,2,-0.00031686321460272504,N
2300762321,2,-0.0001891023526313651,N
2300762321,2,-0.00033160641846785577,N
2300762321,2,-0.00020310787264699037,N
2300762321,2,-0.0002989302711385866,N
4081192418,2,1.156830087450933e-05,C
4081192418,2,2.071517559981695e-05,C
4081192418,2,2.804319260413246e-05,C
4081192418,2,-6.310029195100153e-06,C
4081192418,2,7.406663686593262e-06,C
4120224926,2,-0.00012894122923134965,C
4120224926,2,-7.298842520242488e-05,C
4120224926,2,-4.033864772112761e-05,C
4120224926,2,4.645006465597845e-05,C
4120224926,2,4.011239432089031e-05,C
1090571167,2,0.000761155827724902,N
1090571167,2,0.00020443048023677246,N
1090571167,2,0.00014786270705757776,N
1090571167,2,0.00027283660419641365,N
1090571167,2,0.00012031785289329244,N
369500293,2,8.912349055378854e-05,C
369500293,2,7.292314324003346e-06,C
369500293,2,-4.744598771233566e-05,C
369500293,2,8.12167007457898e-05,C
369500293,2,6.224199523563456e-05,C
3873306213,2,-6.399357924619098e-05,N
3873306213,2,-3.075986754363935e-05,N
3873306213,2,-1.2895293466486102e-05,N
3873306213,2,-9.696194332775576e-06,N
3873306213,2,-2.79028676914983e-05,N
600377156,2,9.25088778258587e-06,C
600377156,2,6.798091398141359e-07,C
600377156,2,-8.739406405500194e-06,C
600377156,2,0.0,C
600377156,2,-6.592914016390061e-07,C
1946997629,2,3.0693667247283507e-06,C
1946997629,2,1.2086401035171779e-05,C
1946997629,2,1.8659396368969627e-05,C
1946997629,2,5.0651208131080594e-05,C
1946997629,2,1.9862330128794792e-05,C
1044537682,2,0.0,C
1044537682,2,0.0,C
1044537682,2,0.0,C
1044537682,2,0.0,C
1044537682,2,0.0,C
2077658817,2,-0.000624041060315883,O
2077658817,2,0.0001909644229195484,O
2077658817,2,0.0009862583105582634,O
2077658817,2,0.0013395684128659768,O
2077658817,2,0.00026109424790338176,O
264974063,2,0.0,N
264974063,2,0.0,N
264974063,2,0.0,N
264974063,2,0.0,N
264974063,2,0.0,N
3792822921,2,-4.816684197450627e-05,N
3792822921,2,-4.7712613624850686e-05,N
3792822921,2,-4.861636664710289e-05,N
3792822921,2,-2.464426451298518e-05,N
3792822921,2,-5.300221982307285e-06,N
2575624905,2,6.243765684277314e-05,C
2575624905,2,4.933591695699402e-05,C
2575624905,2,7.272765577115425e-05,C
2575624905,2,7.961588866112201e-05,C
2575624905,2,5.3448581518955596e-05,C
1640551393,2,0.00028646871144427655,C
1640551393,2,0.0003027992007093028,C
1640551393,2,-0.0001235340281132702,C
1640551393,2,-7.686331079054254e-05,C
1640551393,2,4.9286253044455997e-05,C
3528517994,2,0.0,C
3528517994,2,0.0,C
3528517994,2,0.0,C
3528517994,2,0.0,C
3528517994,2,0.0,C
692277943,2,3.0034734072037494e-06,N
692277943,2,7.699393810289834e-07,N
692277943,2,-1.7389921437849232e-06,N
692277943,2,1.1649098022870064e-06,N
692277943,2,1.4684562377187405e-06,N
990985258,2,0.0030724469223354367,C
990985258,2,-0.0012710224743627263,C
990985258,2,2.1578072548655847e-05,C
990985258,2,0.0005250831683972779,C
990985258,2,0.000649288042422258,C
389385568,2,6.059573288030862e-06,C
389385568,2,1.062884520447449e-05,C
389385568,2,1.1782291502948627e-05,C
389385568,2,3.92158079393079e-06,C
389385568,2,2.854054077516821e-06,C
597336504,2,0.0,C
597336504,2,0.0,C
597336504,2,0.0,C
597336504,2,0.0,C
597336504,2,0.0,C
744747118,2,0.00020550077853070947,S
744747118,2,0.00014051149819982456,S
744747118,2,0.00014200665941521695,S
744747118,2,-0.00012097334475719146,S
744747118,2,0.0001178285451564065,S
1740651977,2,0.00015755873287365274,C
1740651977,2,0.000217697678387474,C
1740651977,2,0.0003406571807688108,C
1740651977,2,0.0002260998212552101,C
1740651977,2,0.00020271014148892652,C
1198890718,2,-0.00010015412530078871,C
1198890718,2,-0.0001976504868499429,C
1198890718,2,-0.00017830954900638352,C
1198890718,2,-0.0002458050127295275,C
1198890718,2,-0.00020174844590475915,C
544863012,2,0.0,C
544863012,2,0.0,C
544863012,2,0.0,C
544863012,2,0.0,C
544863012,2,0.0,C
2127647960,2,6.104886283442301e-06,C
2127647960,2,-1.3518018146807531e-05,C
2127647960,2,-1.4952561690040334e-05,C
2127647960,2,-1.7961423056267467e-05,C
2127647960,2,-3.4554271554632088e-06,C
3372972590,2,0.0,N
3372972590,2,0.0,N
3372972590,2,0.0,N
3372972590,2,0.0,N
3372972590,2,0.0,N
1145656637,2,1.5215122202483222e-05,N
1145656637,2,-5.091503901127892e-05,N
1145656637,2,-5.418568291282178e-07,N
1145656637,2,3.6682743717320054e-05,N
1145656637,2,6.95840186590857e-05,N
3781690415,2,2.0650804118338417e-05,C
3781690415,2,2.8537777824855226e-05,C
3781690415,2,-5.991387672454884e-05,C
3781690415,2,-4.4137895588047815e-05,C
3781690415,2,-2.64700530505646e-06,C
2211843251,2,1.865096326270077e-06,C
2211843251,2,4.990870965615457e-06,C
2211843251,2,-3.307233135962928e-06,C
2211843251,2,-1.695872361817674e-06,C
2211843251,2,0.0,C
1378792052,2,-5.735848664700782e-06,C
1378792052,2,-1.1808325277140597e-05,C
1378792052,2,-3.4618833333333043e-06,C
1378792052,2,1.2226868598697038e-06,C
1378792052,2,-7.87854004757893e-06,C
4240369074,2,7.576412417065193e-05,C
4240369074,2,3.5678579905051855e-05,C
4240369074,2,3.522122640914338e-05,C
4240369074,2,-2.4040955125537167e-06,C
4240369074,2,7.549745607904335e-06,C
3209892106,2,0.0,
3209892106,2,0.0,
3209892106,2,0.0,
3209892106,2,0.0,
3209892106,2,0.0,
2762211251,2,0.0,S
2762211251,2,0.0,S
2762211251,2,0.0,S
2762211251,2,0.0,S
2762211251,2,0.0,S
990985259,2,-0.00019000404232905055,C
990985259,2,0.00036379221892884894,C
990985259,2,-0.0002493061271871544,C
990985259,2,9.515197437914846e-06,C
990985259,2,0.0013356118023745145,C
4256676941,2,0.0,N
4256676941,2,0.0,N
4256676941,2,0.0,N
4256676941,2,0.0,N
4256676941,2,0.0,N
3617179377,2,0.0,
3617179377,2,0.0,
3617179377,2,0.0,
3617179377,2,0.0,
3617179377,2,0.0,
592655526,2,8.239360607120716e-07,C
592655526,2,0.000155036543962761,C
592655526,2,-0.00029091705678530033,C
592655526,2,-0.00016144831054365483,C
592655526,2,-0.00036352335770079014,C
2409787606,2,0.0,C
2409787606,2,0.0,C
2409787606,2,0.0,C
2409787606,2,0.0,C
2409787606,2,0.0,C
2113520109,2,-6.248480682258251e-06,C
2113520109,2,2.6475230636702207e-06,C
2113520109,2,-6.248480682258251e-06,C
2113520109,2,1.2904981533168325e-05,C
2113520109,2,-9.710364015591555e-06,C
1250165012,2,-0.0008062606074162315,C
1250165012,2,6.248740870562486e-05,C
1250165012,2,-0.00013732314921521827,C
1250165012,2,0.00029428462908615005,C
1250165012,2,-0.00011570377028141676,C
1238592536,2,-2.5357059766750734e-05,C
1238592536,2,3.5535323376856276e-05,C
1238592536,2,-4.213480105541567e-05,C
1238592536,2,6.9899098837922224e-06,C
1238592536,2,6.86938791231162e-05,C
2213350725,2,0.0,C
2213350725,2,0.0,C
2213350725,2,0.0,C
2213350725,2,0.0,C
2213350725,2,0.0,C
1915080917,2,0.0,C
1915080917,2,0.0,C
1915080917,2,0.0,C
1915080917,2,0.0,C
1915080917,2,0.0,C
3651174070,2,5.966343987057199e-05,C
3651174070,2,1.9612786201272936e-05,C
3651174070,2,1.9612786201272936e-05,C
3651174070,2,5.6443201315314884e-05,C
3651174070,2,7.232217233310578e-06,C
1365279474,2,0.0,C
1365279474,2,0.0,C
1365279474,2,0.0,C
1365279474,2,0.0,C
1365279474,2,0.0,C
1583009052,2,-0.0002954883814652587,C
1583009052,2,0.00012126774069826096,C
1583009052,2,8.033415988983883e-06,C
1583009052,2,-0.0005750203920048547,C
1583009052,2,-0.000611509620065176,C
1499666286,2,0.0,C
1499666286,2,0.0,C
1499666286,2,0.0,C
1499666286,2,0.0,C
1499666286,2,0.0,C
1191280979,2,-0.0008018673441145818,C
1191280979,2,-9.06136086907261e-05,C
1191280979,2,0.00011303245026211828,C
1191280979,2,-0.0001686014502210731,C
1191280979,2,-0.000709143126680245,C
3457964313,2,1.6083543409317613e-06,N
3457964313,2,1.6083543409317613e-06,N
3457964313,2,8.291836316454138e-06,N
3457964313,2,7.985822145228916e-07,N
3457964313,2,3.422159714794315e-05,N
2881111452,2,9.044170099720139e-05,C
2881111452,2,0.0002543845278616397,C
2881111452,2,8.122056272963363e-05,C
2881111452,2,0.00012776731531766172,C
2881111452,2,0.00020820203490196088,C
423609967,2,-4.4418913238974955e-05,C
423609967,2,-9.049570710334409e-05,C
423609967,2,0.00018056005199351688,C
423609967,2,0.00013481561591555113,C
423609967,2,6.914434325733243e-05,C
3300110909,2,0.0,N
3300110909,2,0.0,N
3300110909,2,0.0,N
3300110909,2,0.0,N
3300110909,2,0.0,N
3345491492,2,-3.451143009869373e-06,N
3345491492,2,-1.735137581238e-05,N
3345491492,2,-5.587732254863642e-05,N
3345491492,2,-1.450884885356718e-05,N
3345491492,2,-4.4038034716809005e-05,N
1534595042,2,4.447823160858011e-05,C
1534595042,2,0.00018947233911298378,C
1534595042,2,-1.637747817645474e-05,C
1534595042,2,0.00019965503519464578,C
1534595042,2,7.172657663090387e-05,C
2014255590,2,-0.0022323655513487584,N
2014255590,2,-0.0011857701057474412,N
2014255590,2,-0.0009607649071107227,N
2014255590,2,-0.002675165205625052,N
2014255590,2,-0.0007076124579650789,N
362715007,2,-2.6000462145570058e-05,C
362715007,2,-3.0491485136785457e-06,C
362715007,2,7.2627939978753275e-06,C
362715007,2,1.023781612091712e-05,C
362715007,2,7.884565702609425e-06,C
2654043257,2,2.249558451306033e-05,N
2654043257,2,2.672063977643413e-05,N
2654043257,2,3.276143469488346e-05,N
2654043257,2,2.165113389379636e-05,N
2654043257,2,1.3335509765732834e-05,N
720253145,2,0.0,N
720253145,2,0.0,N
720253145,2,0.0,N
720253145,2,0.0,N
720253145,2,0.0,N
1342596238,2,0.0,
1342596238,2,0.0,
1342596238,2,0.0,
1342596238,2,0.0,
1342596238,2,0.0,
1505769767,2,0.0006950728518139715,C
1505769767,2,0.0011865994751640296,C
1505769767,2,0.0006972650341111608,C
1505769767,2,0.0009318701787747741,C
1505769767,2,0.0003598431299507987,C
4129558839,2,0.0,N
4129558839,2,0.0,N
4129558839,2,0.0,N
4129558839,2,0.0,N
4129558839,2,0.0,N
1673980810,2,-3.9622002146355584e-05,O
1673980810,2,4.4571447424535116e-06,O
1673980810,2,0.00031191050358359007,O
1673980810,2,4.714559909124727e-05,O
1673980810,2,-2.2136650693116433e-05,O
458195553,2,8.366243618695979e-05,N
458195553,2,-0.00012914254734647246,N
458195553,2,0.00032295342896693224,N
458195553,2,-0.00017549004997230444,N
458195553,2,0.00023367568660415117,N
3083149214,2,-0.001585108272550817,C
3083149214,2,-0.00046228807021231333,C
3083149214,2,-0.0018800151836077528,C
3083149214,2,-0.0018791007061856324,C
3083149214,2,-0.0018728942530165105,C
564807139,2,0.0,C
564807139,2,0.0,C
564807139,2,0.0,C
564807139,2,0.0,C
564807139,2,0.0,C
57405021,2,0.0,P
57405021,2,0.0,P
57405021,2,0.0,P
57405021,2,0.0,P
57405021,2,0.0,P
264906369,2,-0.0001865482700854626,C
264906369,2,0.00018608539646280953,C
264906369,2,0.00035811708629518435,C
264906369,2,-0.0002296685153355682,C
264906369,2,5.9559813678666806e-05,C
906327634,2,0.0,N
906327634,2,0.0,N
906327634,2,0.0,N
906327634,2,0.0,N
906327634,2,0.0,N
3203925050,2,1.1156847477544751e-05,C
3203925050,2,9.994412276059794e-06,C
3203925050,2,1.4352586762078623e-05,C
3203925050,2,2.4932840570146553e-05,C
3203925050,2,2.3520352106232156e-05,C
1238701800,2,-6.316094502190062e-06,C
1238701800,2,-6.316094502190062e-06,C
1238701800,2,0.0,C
1238701800,2,-8.508017661501555e-07,C
1238701800,2,0.0,C
817554650,2,-1.3154841854212673e-05,N
817554650,2,-1.3154841854212673e-05,N
817554650,2,8.481863041753801e-06,N
817554650,2,2.750830024045303e-06,N
817554650,2,1.4377549285238267e-05,N
3210014657,2,9.25088778258587e-06,N
3210014657,2,9.25088778258587e-06,N
3210014657,2,-8.739406405500194e-06,N
3210014657,2,-2.5787350483974514e-05,N
3210014657,2,-2.5787350483974514e-05,N
3869736299,2,0.0,C
3869736299,2,0.0,C
3869736299,2,0.0,C
3869736299,2,0.0,C
3869736299,2,0.0,C
443741425,2,0.0008019461935829253,N
443741425,2,0.0013783871315096174,N
443741425,2,0.0015121598497266908,N
443741425,2,0.0009228325675106896,N
443741425,2,0.0005892231242656809,N
252812893,2,0.0,
252812893,2,0.0,
252812893,2,0.0,
252812893,2,0.0,
252812893,2,0.0,
1352167592,2,0.0,C
1352167592,2,0.0,C
1352167592,2,0.0,C
1352167592,2,0.0,C
1352167592,2,0.0,C
2030757576,2,0.0,C
2030757576,2,0.0,C
2030757576,2,0.0,C
2030757576,2,0.0,C
2030757576,2,0.0,C
3541689698,2,1.1782291502948627e-05,N
3541689698,2,6.059573288030862e-06,N
3541689698,2,1.8015650263936145e-05,N
3541689698,2,1.8015650263936145e-05,N
3541689698,2,1.422725082983467e-05,N
2250143559,2,0.0,C
2250143559,2,0.0,C
2250143559,2,0.0,C
2250143559,2,0.0,C
2250143559,2,0.0,C
2144345290,2,0.0001492926259250016,N
2144345290,2,-0.0005043266892693632,N
2144345290,2,-0.0010066210498643757,N
2144345290,2,-0.0010377559859701124,N
2144345290,2,-0.0006478667680733796,N
1849554589,2,-1.2631625471049013e-05,N
1849554589,2,-1.4007853846642604e-05,N
1849554589,2,2.8351319297792443e-06,N
1849554589,2,1.837993690406714e-05,N
1849554589,2,1.4283139297965874e-06,N
2271158283,2,0.0,C
2271158283,2,0.0,C
2271158283,2,0.0,C
2271158283,2,0.0,C
2271158283,2,0.0,C
1445706287,2,0.0007098017141824453,C
1445706287,2,0.0002575797143377079,C
1445706287,2,0.00033895682539952787,C
1445706287,2,0.0003891002954491407,C
1445706287,2,0.00014020431414707435,C
3385400514,2,-4.889208710190385e-05,C
3385400514,2,-3.5331296818097435e-05,C
3385400514,2,-1.3384492011936366e-05,C
3385400514,2,-9.591085181837045e-06,C
3385400514,2,-4.002420077642288e-05,C
621690156,2,0.0,
621690156,2,0.0,
621690156,2,0.0,
621690156,2,0.0,
621690156,2,0.0,
1214058429,2,2.0075700712940403e-08,C
1214058429,2,9.99132713890849e-05,C
1214058429,2,3.246738687856521e-05,C
1214058429,2,-7.338425298319962e-05,C
1214058429,2,-2.3005779819229577e-05,C
3599391724,2,-2.33927497650388e-06,C
3599391724,2,-1.2312961423233126e-06,C
3599391724,2,-1.2312961423233126e-06,C
3599391724,2,-1.7974181473756623e-06,C
3599391724,2,1.955355119820368e-06,C
3992738647,2,-1.0558136848137778e-06,C
3992738647,2,-5.418568291282178e-07,C
3992738647,2,-2.0303940939658816e-06,C
3992738647,2,-2.508749081142625e-06,C
3992738647,2,2.4119375615083705e-06,C
1637770740,2,0.0,C
1637770740,2,0.0,C
1637770740,2,0.0,C
1637770740,2,0.0,C
1637770740,2,0.0,C
81315441,2,2.6041506395624303e-05,C
81315441,2,-5.731200136227521e-05,C
81315441,2,7.44471220457954e-05,C
81315441,2,4.201146047305704e-05,C
81315441,2,5.67554736045639e-05,C
3145023872,2,0.0,C
3145023872,2,0.0,C
3145023872,2,0.0,C
3145023872,2,0.0,C
3145023872,2,0.0,C
3135357859,2,2.691712553282155e-05,N
3135357859,2,4.407272340301027e-06,N
3135357859,2,2.3028655768309036e-05,N
3135357859,2,2.5597884956485295e-05,N
3135357859,2,1.9224299086684216e-05,N
4078658161,2,1.0797475878288054e-05,C
4078658161,2,8.872362913525667e-06,C
4078658161,2,2.7981015620959226e-05,C
4078658161,2,2.3305441300025542e-05,C
4078658161,2,2.0523780580594675e-05,C
2064788354,2,0.00028840188428941316,C
2064788354,2,0.0003462906192198134,C
2064788354,2,0.0002502585510328337,C
2064788354,2,0.0005200412747746186,C
2064788354,2,0.00023119163495788353,C
3134606292,2,-2.8324508957067174e-05,P
3134606292,2,-7.97375788902932e-05,P
3134606292,2,-4.7200469373565035e-05,P
3134606292,2,-1.1759686676826586e-05,P
3134606292,2,8.089352359075264e-06,P
1797524254,2,0.0,C
1797524254,2,0.0,C
1797524254,2,0.0,C
1797524254,2,0.0,C
1797524254,2,0.0,C
77081066,2,-0.00022582122876607658,C
77081066,2,-0.00031343019683527373,C
77081066,2,5.8648891178791906e-05,C
77081066,2,-4.003894056148205e-05,C
77081066,2,-0.0004503157121710788,C
3594356142,2,0.0003057802154761702,C
3594356142,2,-9.588731243026505e-05,C
3594356142,2,-0.00012040715118838419,C
3594356142,2,-9.562655949962862e-05,C
3594356142,2,-9.525714420566267e-05,C
3313841562,2,0.0,C
3313841562,2,0.0,C
3313841562,2,0.0,C
3313841562,2,0.0,C
3313841562,2,0.0,C
2506328221,2,-4.483518793224617e-05,C
2506328221,2,4.276936245789509e-05,C
2506328221,2,-4.483518793224617e-05,C
2506328221,2,3.351847467530922e-05,C
2506328221,2,0.0002846341976376898,C
517432093,2,0.0,C
517432093,2,0.0,C
517432093,2,0.0,C
517432093,2,0.0,C
517432093,2,0.0,C
1169352347,2,0.0003932156991333091,N
1169352347,2,-0.000467311592891817,N
1169352347,2,0.0004657745056323437,N
1169352347,2,0.00040825742434402734,N
1169352347,2,0.0004714947012752213,N
3010410747,2,-0.00010863597448695916,N
3010410747,2,-8.08676682720888e-05,N
3010410747,2,-7.220883243336251e-05,N
3010410747,2,7.193137771005498e-05,N
3010410747,2,0.00012042899075304092,N
1693589848,2,-0.00011742504790673847,N
1693589848,2,-7.958793608775494e-05,N
1693589848,2,-0.0006044398947975815,N
1693589848,2,-0.0005653720895671954,N
1693589848,2,-0.0005131670164323365,N
4081436575,2,-4.7080979284408464e-05,C
4081436575,2,-0.00012064930887206726,C
4081436575,2,-4.26081600225503e-05,C
4081436575,2,-0.0002893803012560259,C
4081436575,2,-4.17531853214026e-06,C
2975316496,2,6.148854541238036e-05,C
2975316496,2,0.000335879163264885,C
2975316496,2,0.0002980986677004749,C
2975316496,2,0.00017580849161746848,C
2975316496,2,-9.059800660976558e-05,C
3674630670,2,-0.00010173936880447654,C
3674630670,2,-8.33688564998436e-05,C
3674630670,2,-2.9502261034985988e-05,C
3674630670,2,-0.0001391464736096859,C
3674630670,2,8.847133796152651e-05,C
3350945806,2,0.0,C
3350945806,2,0.0,C
3350945806,2,0.0,C
3350945806,2,0.0,C
3350945806,2,0.0,C
1397513080,2,0.0,O
1397513080,2,0.0,O
1397513080,2,0.0,O
1397513080,2,0.0,O
1397513080,2,0.0,O
3126934625,2,0.00012752501030921515,C
3126934625,2,-1.612783567672693e-05,C
3126934625,2,-1.612783567672693e-05,C
3126934625,2,-6.0560194984571325e-05,C
3126934625,2,-1.612783567672693e-05,C
3995362948,2,0.00018880490590872379,N
3995362948,2,0.00023470625254473632,N
3995362948,2,0.00017300485053606263,N
3995362948,2,0.0003935077939958287,N
3995362948,2,0.00019660936874399404,N
1059124080,2,0.0,C
1059124080,2,0.0,C
1059124080,2,0.0,C
1059124080,2,0.0,C
1059124080,2,0.0,C
1153930374,2,0.0,C
1153930374,2,0.0,C
1153930374,2,0.0,C
1153930374,2,0.0,C
1153930374,2,0.0,C
1103832125,2,0.0,
1103832125,2,0.0,
1103832125,2,0.0,
1103832125,2,0.0,
1103832125,2,0.0,
3577933307,2,-0.0014644226452965592,C
3577933307,2,-0.0016410052938670705,C
3577933307,2,-0.0013413521866377787,C
3577933307,2,-0.0022753769078322494,C
3577933307,2,-0.002137632921766608,C
3988861584,2,-5.211384701514499e-05,C
3988861584,2,2.234799221445538e-05,C
3988861584,2,-8.230097990763463e-05,C
3988861584,2,-0.00012550919163883956,C
3988861584,2,0.00022459582324013683,C
2572035617,2,7.272282250614381e-06,N
2572035617,2,-5.908195289949791e-06,N
2572035617,2,3.718921586015611e-06,N
2572035617,2,5.687620577898844e-06,N
2572035617,2,1.1763875041537197e-05,N
3346153511,2,0.0,C
3346153511,2,0.0,C
3346153511,2,0.0,C
3346153511,2,0.0,C
3346153511,2,0.0,C
2918201879,2,-0.0009453812236565606,C
2918201879,2,-0.0009206560777244022,C
2918201879,2,-0.0002741269932468593,C
2918201879,2,0.0014969309159604816,C
2918201879,2,0.00011646238110274432,C
194638448,2,-8.207760869965997e-05,C
194638448,2,-2.2342952177178965e-05,C
194638448,2,-9.302730807403403e-06,C
194638448,2,-5.03731821821507e-05,C
194638448,2,-6.996748495441407e-05,C
869152089,2,-1.675954989988071e-05,C
869152089,2,-0.0013242619277671897,C
869152089,2,-0.003880394296317091,C
869152089,2,0.0004809182423301528,C
869152089,2,-0.000491738154576038,C
3804745459,2,0.0,
3804745459,2,0.0,
3804745459,2,0.0,
3804745459,2,0.0,
3804745459,2,0.0,
3755128710,2,-0.0011365454119924845,C
3755128710,2,-0.0003211397980531494,C
3755128710,2,-0.0008552295367482698,C
3755128710,2,-0.0009618457431367355,C
3755128710,2,-0.0010353310493526058,C
1713195601,2,0.0,C
1713195601,2,0.0,C
1713195601,2,0.0,C
1713195601,2,0.0,C
1713195601,2,0.0,C
1568606682,2,-0.00011518528936788064,C
1568606682,2,-0.0003438110757482127,C
1568606682,2,-0.000313235935626599,C
1568606682,2,-4.087323503609852e-05,C
1568606682,2,0.00010455327068326081,C
2059730245,2,0.00030631516702533945,C
2059730245,2,0.00010376889827573565,C
2059730245,2,0.00016119125737190654,C
2059730245,2,7.74666897636056e-05,C
2059730245,2,0.00021225244561284828,C
2617658656,2,3.557707336176996e-06,C
2617658656,2,4.546665087368229e-06,C
2617658656,2,1.692611009851408e-06,C
2617658656,2,8.434501342913236e-07,C
2617658656,2,1.692611009851408e-06,C
836300471,2,0.0,
836300471,2,0.0,
836300471,2,0.0,
836300471,2,0.0,
836300471,2,0.0,
3490910321,2,0.0007784923861511306,C
3490910321,2,0.00014212408221714323,C
3490910321,2,-6.106330076227628e-05,C
3490910321,2,-0.0007278125516966827,C
3490910321,2,0.00024065632819558758,C
3255046070,2,-8.015628360746874e-05,C
3255046070,2,2.6283250241898592e-05,C
3255046070,2,7.294488016063028e-06,C
3255046070,2,6.353008828952067e-06,C
3255046070,2,-0.00010958939241645371,C
2198820481,2,0.0,
2198820481,2,0.0,
2198820481,2,0.0,
2198820481,2,0.0,
2198820481,2,0.0,
104625121,2,0.0,N
104625121,2,0.0,N
104625121,2,0.0,N
104625121,2,0.0,N
104625121,2,0.0,N
3103858517,2,-0.00039249446529388,C
3103858517,2,-0.00030428549011529693,C
3103858517,2,-0.000259493667675581,C
3103858517,2,-0.00022604271401954756,C
3103858517,2,-0.00024426069809285744,C
1390475220,2,1.4711350938334533e-05,C
1390475220,2,1.1216223558485616e-05,C
1390475220,2,1.6313166838255455e-05,C
1390475220,2,2.327746469482639e-05,C
1390475220,2,2.7418838672410573e-05,C
4006278292,2,0.0,N
4006278292,2,0.0,N
4006278292,2,0.0,N
4006278292,2,0.0,N
4006278292,2,0.0,N
1789200865,2,3.739234538602254e-05,C
1789200865,2,-0.00027918617204120144,C
1789200865,2,-4.2051367438455944e-05,C
1789200865,2,0.0002168852944459676,C
1789200865,2,-0.00032172527848589594,C
2291264872,2,1.5989231024082784e-05,C
2291264872,2,6.351729949422014e-05,C
2291264872,2,7.2768187276806e-05,C
2291264872,2,2.2657855808350114e-05,C
2291264872,2,3.786613002032535e-05,C
2918205364,2,2.8050898883025255e-05,C
2918205364,2,2.5105202218156375e-05,C
2918205364,2,2.7070312146437736e-05,C
2918205364,2,3.7383488908304674e-05,C
2918205364,2,1.375539153247729e-05,C
3798139026,2,0.0,C
3798139026,2,0.0,C
3798139026,2,0.0,C
3798139026,2,0.0,C
3798139026,2,0.0,C
4223976160,2,-0.0002837264029765807,C
4223976160,2,-0.0002683628288759343,C
4223976160,2,-0.00024917829737602926,C
4223976160,2,-0.00026490814110924354,C
4223976160,2,-0.0002711087829005976,C
1511206547,2,0.0,
1511206547,2,0.0,
1511206547,2,0.0,
1511206547,2,0.0,
1511206547,2,0.0,
954800030,2,-0.00011675667798827227,C
954800030,2,-0.00016340670132453106,C
954800030,2,8.982324481260351e-05,C
954800030,2,-0.00014238532335303367,C
954800030,2,-0.00018519012563122939,C
2172997423,2,0.00011804934566733705,C
2172997423,2,0.0003348466988672416,C
2172997423,2,0.00028049872026381095,C
2172997423,2,0.00013509728974581137,C
2172997423,2,0.00028049872026381095,C
1918025650,2,2.750830024045303e-06,C
1918025650,2,2.0540931510826255e-05,C
1918025650,2,1.7390183412013815e-05,C
1918025650,2,2.750830024045303e-06,C
1918025650,2,-1.3154841854212673e-05,C
1491315937,2,8.371482737989933e-05,C
1491315937,2,5.8056446556375985e-05,C
1491315937,2,0.00012086229641511403,C
1491315937,2,0.000100665455697313,C
1491315937,2,0.0001698758840257275,C
1271427701,2,-0.0006925233657079088,C
1271427701,2,7.149842406528606e-05,C
1271427701,2,-0.0006048814070899189,C
1271427701,2,-0.0003435070489861136,C
1271427701,2,-0.0002170433099936142,C
876016289,2,0.0,C
876016289,2,0.0,C
876016289,2,0.0,C
876016289,2,0.0,C
876016289,2,0.0,C
759348397,2,4.858708976029913e-05,S
759348397,2,6.184456101787639e-05,S
759348397,2,0.00012408796513291298,S
759348397,2,6.828423734067668e-05,S
759348397,2,-4.2396815352674366e-05,S
3886074185,2,0.0,
3886074185,2,0.0,
3886074185,2,0.0,
3886074185,2,0.0,
3886074185,2,0.0,
3977047921,2,0.0,N
3977047921,2,0.0,N
3977047921,2,0.0,N
3977047921,2,0.0,N
3977047921,2,0.0,N
3386795352,2,1.0907894982759014e-05,C
3386795352,2,1.2772991309084603e-05,C
3386795352,2,4.546665087368229e-06,C
3386795352,2,1.0907894982759014e-05,C
3386795352,2,1.9476475830615403e-05,C
2640652321,2,-9.04308037455448e-05,C
2640652321,2,-3.660060469901083e-05,C
2640652321,2,-0.00029131833678208707,C
2640652321,2,2.7843088252876846e-05,C
2640652321,2,-3.622643304235229e-05,C
3644443517,2,-0.00016843339844879734,C
3644443517,2,-0.0001444116241490767,C
3644443517,2,-0.0004681590724177065,C
3644443517,2,-0.00014992605599534192,C
3644443517,2,-0.0004937299455778366,C
805268291,2,0.0,C
805268291,2,8.912349055378854e-05,C
805268291,2,-4.085104761419878e-05,C
805268291,2,0.00011774576248207991,C
805268291,2,-6.621429880904195e-05,C
994494548,2,-0.002683088991348559,C
994494548,2,-0.001567369711466371,C
994494548,2,-0.0020604282747789804,C
994494548,2,-0.0012575052220966665,C
994494548,2,-0.0019597101618937796,C
3889081300,2,0.0007276758038794462,C
3889081300,2,0.0007683871969741407,C
3889081300,2,0.00158714844264507,C
3889081300,2,0.0005247301532659288,C
3889081300,2,0.00038100329588197646,C
3119383463,2,-7.196781808660457e-06,C
3119383463,2,-9.046421931835358e-06,C
3119383463,2,-2.9988547775583463e-06,C
3119383463,2,-7.196781808660457e-06,C
3119383463,2,-6.186499363403097e-06,C
4142616092,2,0.0035712742117394725,C
4142616092,2,0.0021854468031058394,C
4142616092,2,-0.0007396582606188917,C
4142616092,2,0.0018279434300124686,C
4142616092,2,0.002900094806308151,C
3633569943,2,-2.3909795831333902e-05,C
3633569943,2,-0.00047340001291235057,C
3633569943,2,-0.0006330652250569613,C
3633569943,2,3.448342731404708e-05,C
3633569943,2,-0.0003692026272416049,C
2810558781,2,0.0,C
2810558781,2,0.0,C
2810558781,2,0.0,C
2810558781,2,0.0,C
2810558781,2,0.0,C
643572069,2,0.0,C
643572069,2,0.0,C
643572069,2,0.0,C
643572069,2,0.0,C
643572069,2,0.0,C
307525970,2,0.0,
307525970,2,0.0,
307525970,2,0.0,
307525970,2,0.0,
307525970,2,0.0,
230478851,2,9.24000050666618e-05,C
230478851,2,-0.0002214075660287862,C
230478851,2,0.00011792510153307845,C
230478851,2,-4.350049232532127e-05,C
230478851,2,-0.00017078457213748344,C
3353919692,2,0.0,C
3353919692,2,0.0,C
3353919692,2,0.0,C
3353919692,2,0.0,C
3353919692,2,0.0,C
4201996000,2,-2.5965160990182312e-06,C
4201996000,2,-5.661220050523497e-07,C
4201996000,2,-1.6219356898106163e-06,C
4201996000,2,-1.6219356898106163e-06,C
4201996000,2,-1.1079788341805674e-06,C
1523193891,2,-6.663163788817039e-05,C
1523193891,2,-2.5392336005847227e-05,C
1523193891,2,-6.561135807914287e-05,C
1523193891,2,-4.6442684141778656e-05,C
1523193891,2,-3.859946063577979e-05,C
2806469715,2,0.0,C
2806469715,2,0.0,C
2806469715,2,0.0,C
2806469715,2,0.0,C
2806469715,2,0.0,C
3705007549,2,2.3726060779327707e-05,C
3705007549,2,2.750830024045303e-06,C
3705007549,2,-7.951149796348034e-06,C
3705007549,2,2.750830024045303e-06,C
3705007549,2,2.0540931510826255e-05,C
1445715347,2,0.0,C
1445715347,2,0.0,C
1445715347,2,0.0,C
1445715347,2,0.0,C
1445715347,2,0.0,C
4232889011,2,-0.00022073364497060544,O
4232889011,2,-0.0008336850246806193,O
4232889011,2,-0.0008325661598439504,O
4232889011,2,-0.000549588681864055,O
4232889011,2,-0.0006950174143169341,O
1932106328,2,0.00019929804465013135,C
1932106328,2,0.0002842955517090573,C
1932106328,2,0.0001112993857826372,C
1932106328,2,0.00021729671909004322,C
1932106328,2,0.0001534947248051366,C
UNK,2,-0.010230542296785772,
UNK,2,-0.014487688520069597,
UNK,2,-0.01209132444030625,
UNK,2,-0.015184133169115488,
UNK,2,-0.016236955943890352,
3218693969,3,0.0011261060317900862,C
3218693969,3,0.0067965074501845635,C
3218693969,3,0.0011910891683183933,C
3218693969,3,-0.01805809658713753,C
3218693969,3,0.0019408882970275987,C
3217380708,3,-0.005288031416939121,C
3217380708,3,0.002039458318727927,C
3217380708,3,0.0016123563902482596,C
3217380708,3,7.282273179920473e-06,C
3217380708,3,-0.005498501659658872,C
951226070,3,0.0004338114409922489,C
951226070,3,0.009788806098226133,C
951226070,3,0.004210263610201936,C
951226070,3,-0.0006418443025849041,C
951226070,3,0.00566354979454381,C
2968968094,3,0.001844616936408583,C
2968968094,3,0.00776232964069018,C
2968968094,3,0.007792783422694627,C
2968968094,3,0.004875548021985754,C
2968968094,3,0.004712709156267703,C
2245384272,3,-0.01392611509589714,C
2245384272,3,-0.005769249769176643,C
2245384272,3,-0.002326517943682216,C
2245384272,3,-0.008046505760363254,C
2245384272,3,0.003520242575628385,C
864942730,3,-0.0010192416022946071,O
864942730,3,-0.00419330099038373,O
864942730,3,0.007811016111880287,O
864942730,3,0.0005856453786007298,O
864942730,3,-0.004776814821066455,O
2246728737,3,-0.005545392606101374,C
2246728737,3,0.006834199928662743,C
2246728737,3,0.00036965328519544816,C
2246728737,3,0.004530575640841972,C
2246728737,3,-0.0013507208195042697,C
98513984,3,0.004875878250127252,C
98513984,3,-0.0033571903065394704,C
98513984,3,0.004866930416055015,C
98513984,3,0.007169361411880626,C
98513984,3,0.01036093428609064,C
2041434490,3,-0.002901569272483917,N
2041434490,3,0.002660456972366776,N
2041434490,3,-0.0018225526738965825,N
2041434490,3,0.0038010153980653216,N
2041434490,3,-0.00029579961474901495,N
2246699815,3,-0.0009678038662234711,C
2246699815,3,0.003488572219848274,C
2246699815,3,0.006043480806935397,C
2246699815,3,0.008128046560437974,C
2246699815,3,0.006772947846737709,C
994485099,3,-0.0006783569036634685,C
994485099,3,0.003781224397550298,C
994485099,3,0.0003682328645374655,C
994485099,3,0.0022838644465559277,C
994485099,3,0.003977815856126721,C
1510328189,3,0.013931581450071062,O
1510328189,3,0.009656396723652205,O
1510328189,3,0.009702537558708257,O
1510328189,3,0.010883327303808366,O
1510328189,3,0.009035264754987116,O
3999906991,3,-0.001886314066394723,C
3999906991,3,-0.0012265606327447331,C
3999906991,3,0.0015537208165971594,C
3999906991,3,0.0012742428297720654,C
3999906991,3,0.0008172401248115468,C
2976033787,3,0.005347913434431251,C
2976033787,3,0.0022002695286337803,C
2976033787,3,0.0019966223945445116,C
2976033787,3,0.0031747022151939475,C
2976033787,3,0.0043700483662047485,C
2092489639,3,0.0023396494515008914,N
2092489639,3,0.004776680176931614,N
2092489639,3,0.0037428902090854144,N
2092489639,3,0.004806310086022447,N
2092489639,3,0.005915466756176935,N
847961216,3,0.006823782932893596,N
847961216,3,-0.000717451175470174,N
847961216,3,-0.0013403408634486413,N
847961216,3,-0.0008239905791763147,N
847961216,3,0.005255012357815891,N
882399112,3,-0.00204052122150028,F
882399112,3,-0.0012629010900784277,F
882399112,3,-0.0017646736861661738,F
882399112,3,-0.002273823946501441,F
882399112,3,-0.004825760463108675,F
2803848648,3,0.0035711925233837816,C
2803848648,3,0.0020780346202717848,C
2803848648,3,0.001984089546143708,C
2803848648,3,0.0016905821654688569,C
2803848648,3,0.0018174333174303392,C
2117068077,3,0.0011254604484867703,C
2117068077,3,0.0011229915238803456,C
2117068077,3,0.0031043577241998688,C
2117068077,3,7.504646830552852e-05,C
2117068077,3,0.005272758744957362,C
864674487,3,0.0032682066402380805,O
864674487,3,-0.001402150653260048,O
864674487,3,0.0033559187372257937,O
864674487,3,0.007241895644184981,O
864674487,3,-0.00027117612154936577,O
864662311,3,0.00407310314208198,O
864662311,3,0.009783729515268846,O
864662311,3,0.0025530360984428735,O
864662311,3,0.0028168984401007457,O
864662311,3,0.012351224077631229,O
2245273601,3,-0.0026882737000152868,C
2245273601,3,-0.0019366378820587782,C
2245273601,3,-0.0006747808808335032,C
2245273601,3,-0.004440117248489361,C
2245273601,3,-0.0013729542281448737,C
1100037548,3,-0.0014587821150490732,N
1100037548,3,-0.0018617368429650338,N
1100037548,3,0.00023668584363317757,N
1100037548,3,0.0021482787989227092,N
1100037548,3,-0.0012493442797441578,N
485463469,3,0.0011712050924486128,F
485463469,3,-0.0007090009593435087,F
485463469,3,0.0011388372565530047,F
485463469,3,0.0004933331738711244,F
485463469,3,0.0010817444693647649,F
1101907775,3,-0.001939206505087665,N
1101907775,3,0.0004257216909697159,N
1101907775,3,-0.0014904306507871334,N
1101907775,3,-2.082619828153165e-05,N
1101907775,3,-0.0020787993353861833,N
10565946,3,0.0006299070536879836,O
10565946,3,-0.0012409214984024364,O
10565946,3,1.3574099089253e-05,O
10565946,3,0.0007152629982259406,O
10565946,3,-0.003599630218636185,O
2076190208,3,0.0014796600934129933,O
2076190208,3,-0.0009366242244278067,O
2076190208,3,-0.00010872821812912825,O
2076190208,3,-0.0007896625707313198,O
2076190208,3,0.0005533796801602264,O
2142032900,3,-0.0014838667242939585,C
2142032900,3,-0.00346274289434928,C
2142032900,3,0.0004069452296364129,C
2142032900,3,-0.0010190256856553725,C
2142032900,3,-0.0012377575229979287,C
2132511834,3,-0.0006379789813725223,N
2132511834,3,-0.0017639183189196994,N
2132511834,3,-0.0013672040645427153,N
2132511834,3,-0.002458500971149302,N
2132511834,3,-0.0004610289319498806,N
1312131881,3,-0.0036290952667663023,C
1312131881,3,-0.0018621162093188093,C
1312131881,3,-0.0012052415556614848,C
1312131881,3,-0.0021520708263473853,C
1312131881,3,-0.0031497109896726494,C
2353112200,3,-0.0005537327930064673,C
2353112200,3,-0.0016334729731108943,C
2353112200,3,0.00082572875822573,C
2353112200,3,-0.0009673231796494264,C
2353112200,3,0.0020575614738321812,C
4121755354,3,-0.0027466059891212424,C
4121755354,3,-0.002541639408955576,C
4121755354,3,-0.0030427103455163973,C
4121755354,3,0.0006689633276409368,C
4121755354,3,-0.0007440466084629449,C
1054767590,3,0.0009973205423986498,C
1054767590,3,0.0018958227674237271,C
1054767590,3,-3.927761491551163e-05,C
1054767590,3,-0.00046588871010805333,C
1054767590,3,-0.0004564075555967273,C
3537119515,3,0.0003113092193785527,C
3537119515,3,0.00032883814258560795,C
3537119515,3,0.00019947861887670282,C
3537119515,3,-0.0012749367143017887,C
3537119515,3,-0.0008000636576264153,C
1510461303,3,0.00551963221009516,C
1510461303,3,0.0005545038895130028,C
1510461303,3,-0.0015773873771139368,C
1510461303,3,0.003921836989390082,C
1510461303,3,0.004097747631970294,C
4216335232,3,-0.0005765378662914711,C
4216335232,3,-0.0024895134414052444,C
4216335232,3,0.0008718890882392083,C
4216335232,3,-0.00046419131167774186,C
4216335232,3,0.0007876026980082051,C
3189457552,3,-0.0013961074263125761,O
3189457552,3,-0.002689339533299251,O
3189457552,3,0.0016521043546058878,O
3189457552,3,0.0008905087773094511,O
3189457552,3,0.0019395195478563165,O
2228063684,3,-0.00010297235820172501,O
2228063684,3,-0.00039057091040850533,O
2228063684,3,-0.0005296954315898716,O
2228063684,3,-0.0016608148825064117,O
2228063684,3,-0.0001854991588555177,O
3777168895,3,-0.0026674339642003275,C
3777168895,3,-0.0007343032398504645,C
3777168895,3,-0.0020049349958629614,C
3777168895,3,-0.001769526224855933,C
3777168895,3,-0.0014543067580180535,C
1016841875,3,0.011112396562720728,Cl
1016841875,3,0.012516320551460958,Cl
1016841875,3,0.012105069207146602,Cl
1016841875,3,0.012681805224361742,Cl
1016841875,3,0.010010726477618637,Cl
422715066,3,-0.002273409590963227,C
422715066,3,-0.001547127992223396,C
422715066,3,-0.0004754211513655071,C
422715066,3,-0.0027392447148794075,C
422715066,3,-0.002218082305949609,C
3452535345,3,0.0019843063174055375,Cl
3452535345,3,0.0011199025941863172,Cl
3452535345,3,0.005083651763624242,Cl
3452535345,3,0.007323871797283221,Cl
3452535345,3,0.0029329303554499475,Cl
1429883190,3,0.0010313820872077661,C
1429883190,3,0.0006618886318708328,C
1429883190,3,0.00036740038741739367,C
1429883190,3,0.001681887853769548,C
1429883190,3,0.0012130000697275767,C
2763854213,3,0.004535027218319776,C
2763854213,3,0.004431230543396891,C
2763854213,3,0.004079576051740086,C
2763854213,3,0.000866100641778722,C
2763854213,3,0.0030607187445446105,C
2424973678,3,0.0033062301440917596,C
2424973678,3,7.248622673006189e-05,C
2424973678,3,-0.005881459286362745,C
2424973678,3,-0.0010861875977793423,C
2424973678,3,-0.0024507195531788817,C
847957139,3,0.0033417994866836165,N
847957139,3,0.007957054093372107,N
847957139,3,0.01096727015157728,N
847957139,3,0.009150265506953248,N
847957139,3,0.004919637666600529,N
1182622762,3,-0.0008113913637266545,C
1182622762,3,-0.002119245613164511,C
1182622762,3,-0.001485601541105941,C
1182622762,3,-0.0016911296584077307,C
1182622762,3,-0.002244834951303454,C
1857396528,3,-0.0015870833311253385,C
1857396528,3,-0.005389538060047161,C
1857396528,3,8.461109929519539e-05,C
1857396528,3,-0.0028968045315375113,C
1857396528,3,-0.002141773305218475,C
3337745083,3,-0.0018503234553062797,F
3337745083,3,-0.0031534359318786676,F
3337745083,3,-0.0025370456990289614,F
3337745083,3,-0.0049128798763118375,F
3337745083,3,-0.0026019411844412366,F
4222851645,3,8.186456734976533e-05,C
4222851645,3,0.00013312200329446133,C
4222851645,3,0.0003718999714585336,C
4222851645,3,0.00029088365283608253,C
4222851645,3,0.00042016704986364006,C
3975275337,3,0.0032412655881013386,C
3975275337,3,0.0009468367310903614,C
3975275337,3,0.0026018215984272564,C
3975275337,3,0.0019950512447181046,C
3975275337,3,0.002169623406443888,C
3692055567,3,-0.005047894203802306,C
3692055567,3,-0.00493822705629432,C
3692055567,3,-0.00384877472691747,C
3692055567,3,-0.005471138215036142,C
3692055567,3,-0.006032178906608621,C
2944555726,3,0.00548373631984822,C
2944555726,3,-0.002699146353201509,C
2944555726,3,0.00328957820969189,C
2944555726,3,0.0029020394563647467,C
2944555726,3,0.0036227453336272197,C
2245277810,3,-0.0020482878954361516,C
2245277810,3,-0.00819024684069869,C
2245277810,3,-0.007825129325284563,C
2245277810,3,-0.008450274899117427,C
2245277810,3,-0.014002094674900212,C
3983062349,3,-0.0019424902682002587,C
3983062349,3,0.002960205532201887,C
3983062349,3,-0.004047690361316525,C
3983062349,3,-0.002656546708434848,C
3983062349,3,-0.0006619200364503253,C
2246340824,3,0.0012183208355839859,C
2246340824,3,0.0011787454002589182,C
2246340824,3,0.002176672579919048,C
2246340824,3,0.0016279089526732293,C
2246340824,3,0.0010040764961603554,C
2976816164,3,-0.0022325505719988925,C
2976816164,3,-0.0007277444547317269,C
2976816164,3,-0.0007528051346671338,C
2976816164,3,-0.002346386554331392,C
2976816164,3,-0.0008040710244809901,C
3776905034,3,0.0030890839028913097,C
3776905034,3,0.0015567853913672214,C
3776905034,3,0.0036004141054921113,C
3776905034,3,0.0034226066965883373,C
3776905034,3,0.0013795909401518869,C
3542456614,3,0.007215964777802952,C
3542456614,3,-0.004993892263144284,C
3542456614,3,0.004406008062544542,C
3542456614,3,0.004505523968031722,C
3542456614,3,-0.0029677375755577384,C
3537123720,3,-0.001339841327874347,C
3537123720,3,-0.0010372019917058717,C
3537123720,3,0.00010605073283587174,C
3537123720,3,-0.001685520495367021,C
3537123720,3,-0.0018261707340251898,C
1637836422,3,-0.0006924569100716371,C
1637836422,3,-0.00016647860875584897,C
1637836422,3,0.0004897675322402262,C
1637836422,3,-0.00037830156280938,C
1637836422,3,-0.00011083465471395382,C
3162837314,3,-0.00018119936130378544,C
3162837314,3,0.0039383713195017545,C
3162837314,3,5.3088754911612135e-06,C
3162837314,3,0.0005848470974305631,C
3162837314,3,-0.0015395666947267683,C
3982076256,3,0.004162045599235387,C
3982076256,3,0.004826559293396482,C
3982076256,3,0.0021113680713045757,C
3982076256,3,0.00022661747706287372,C
3982076256,3,0.003743722346671585,C
1362518133,3,0.00013531480024281395,N
1362518133,3,0.0003927904318159481,N
1362518133,3,0.0007555958753988068,N
1362518133,3,0.00016759614527972477,N
1362518133,3,-9.213943083535847e-05,N
1135286194,3,0.0017315896593953495,C
1135286194,3,0.0050120110069871715,C
1135286194,3,0.0013772229166162941,C
1135286194,3,0.0013780247699013426,C
1135286194,3,0.0048578548887013295,C
1790668568,3,-0.001790436649892091,N
1790668568,3,-0.005652531192306465,N
1790668568,3,-0.0021541267264725827,N
1790668568,3,-0.0033137844729098642,N
1790668568,3,-0.0046799339680473895,N
3124581743,3,-0.0028079895082051554,C
3124581743,3,-0.0018263648020022671,C
3124581743,3,-0.0015502747328924316,C
3124581743,3,0.0004494926385218978,C
3124581743,3,0.00022905301257541977,C
2119439498,3,0.0034556633393534875,C
2119439498,3,0.004136042056622435,C
2119439498,3,-0.0008133093340536579,C
2119439498,3,0.004106935689481506,C
2119439498,3,0.0023951722334792924,C
1533864325,3,-0.0022985197569431737,O
1533864325,3,-0.0031272667625564243,O
1533864325,3,-0.0020225115543834327,O
1533864325,3,-0.0020500335630886934,O
1533864325,3,-0.001344147948213248,O
4278941385,3,-0.00028621011461571477,C
4278941385,3,0.0010992983954363211,C
4278941385,3,0.0002317779245788465,C
4278941385,3,-0.0001311340548378337,C
4278941385,3,0.0008473513569254298,C
3918336191,3,0.002205696003426405,C
3918336191,3,-0.0004549837807290569,C
3918336191,3,0.0011068982260966087,C
3918336191,3,0.00043563892672621174,C
3918336191,3,0.0016271979737247921,C
2560252747,3,-0.000900297517986981,C
2560252747,3,0.0015957513220890007,C
2560252747,3,0.0002609463792564992,C
2560252747,3,0.0006856082990185919,C
2560252747,3,0.0031726702191466893,C
999334238,3,0.00155497537615501,S
999334238,3,-0.001164884453721815,S
999334238,3,0.0011476822814740495,S
999334238,3,-0.0003231322608157061,S
999334238,3,0.0007628946689610117,S
1173125914,3,0.00546163092025298,C
1173125914,3,0.0119850084783798,C
1173125914,3,0.005879327222767683,C
1173125914,3,0.00926705725771515,C
1173125914,3,0.009453594044647962,C
2994748777,3,-0.0007912214810312235,C
2994748777,3,0.00022531111781487478,C
2994748777,3,-0.0005572145112546778,C
2994748777,3,-0.0017500658207119657,C
2994748777,3,4.660130263339779e-05,C
3351556771,3,0.004560130332577905,S
3351556771,3,0.0036378805941572057,S
3351556771,3,0.002636690921890339,S
3351556771,3,0.004125361322639576,S
3351556771,3,0.0019482579020315693,S
2509211297,3,-0.0009976831820598386,C
2509211297,3,0.00041773944821266173,C
2509211297,3,0.002048760920021764,C
2509211297,3,0.0006019579096173122,C
2509211297,3,-0.000670918988515179,C
848128881,3,-0.014610336547968839,N
848128881,3,-0.01564868146216114,N
848128881,3,-0.00558393580862504,N
848128881,3,-0.019002290519023468,N
848128881,3,-0.020211585275055843,N
2246703798,3,0.019444367340948676,C
2246703798,3,0.01920415865576508,C
2246703798,3,0.014088874058206635,C
2246703798,3,0.011799263935847126,C
2246703798,3,0.01534694992216834,C
1276993226,3,-0.0022259423814016688,C
1276993226,3,-0.0019155906315337368,C
1276993226,3,-0.0018182145025296692,C
1276993226,3,-0.0016875194718394826,C
1276993226,3,-0.0007222666004386147,C
2984966880,3,0.0006898529910081552,C
2984966880,3,-0.0002248044842383945,C
2984966880,3,0.00021337402652404913,C
2984966880,3,-0.00034900649457619837,C
2984966880,3,0.00146670620484185,C
3315826729,3,0.0004821156928923598,C
3315826729,3,1.4456391870476537e-05,C
3315826729,3,-0.0011288793267070218,C
3315826729,3,0.00047296835643451107,C
3315826729,3,0.0001253470908680887,C
2115476908,3,-0.00027127964871925814,O
2115476908,3,-0.0013184240127348534,O
2115476908,3,-0.0008034992802669616,O
2115476908,3,-0.0012631587780306264,O
2115476908,3,0.00047089088215679364,O
717512901,3,0.00031153128169392197,N
717512901,3,-0.0005665612241174123,N
717512901,3,-0.00020151501100135194,N
717512901,3,-0.0005545672767656717,N
717512901,3,0.00044974962528104845,N
2245900962,3,0.0015300964754258461,C
2245900962,3,0.0030845738513494148,C
2245900962,3,-0.0008978817174654097,C
2245900962,3,0.0010007760677998023,C
2245900962,3,0.001137106002449928,C
3848534832,3,0.0003124336772661884,C
3848534832,3,-0.001202490602694506,C
3848534832,3,-0.0016864281503419787,C
3848534832,3,-0.0008569378823687912,C
3848534832,3,0.000260755907313337,C
3182824521,3,0.00010254251306951456,C
3182824521,3,-0.0007993300413682847,C
3182824521,3,-0.0005432592562024108,C
3182824521,3,0.00010458059185880497,C
3182824521,3,-0.0006331767413419453,C
26234434,3,0.004209224785943377,O
26234434,3,0.005520238253034604,O
26234434,3,0.004115352708122244,O
26234434,3,0.003713042905701902,O
26234434,3,0.007046006911215319,O
288315894,3,-0.00022684055762300925,S
288315894,3,-4.7384953157425524e-05,S
288315894,3,-3.617694320223741e-07,S
288315894,3,1.8155073487569062e-05,S
288315894,3,-0.0001704015766588185,S
2811394787,3,0.0005009899868166912,C
2811394787,3,0.00013237340684096877,C
2811394787,3,0.00028431865545824886,C
2811394787,3,0.0001746511812807383,C
2811394787,3,-0.0002976717911544746,C
19852674,3,-0.0004465491129170829,C
19852674,3,-0.00037629974744546324,C
19852674,3,0.00036921159132780046,C
19852674,3,0.000973992756361175,C
19852674,3,5.6629079267955795e-05,C
1861965050,3,-0.0009157240234394237,C
1861965050,3,-0.0009088905910656364,C
1861965050,3,0.00280940170814048,C
1861965050,3,-0.0005228859830338495,C
1861965050,3,0.001920934668964147,C
2423543607,3,0.00034054163715097063,C
2423543607,3,-0.00011869912487583179,C
2423543607,3,-8.402458998629792e-05,C
2423543607,3,0.00010531066519248178,C
2423543607,3,-5.894649084126069e-06,C
1257718710,3,0.00095266756554796,C
1257718710,3,-0.001151298037570414,C
1257718710,3,0.0005831022632106775,C
1257718710,3,0.0004108776557644189,C
1257718710,3,-4.873424251305991e-05,C
2784506312,3,0.0015885709914457147,C
2784506312,3,-0.0015273527988193258,C
2784506312,3,0.001279981473723324,C
2784506312,3,-0.002438986112668795,C
2784506312,3,-0.0002966518544486041,C
3818546315,3,0.000583279751843857,C
3818546315,3,-0.00014731533800599328,C
3818546315,3,-0.0013067200181459682,C
3818546315,3,-0.0009274248233607785,C
3818546315,3,-0.0006753547399029891,C
3657471097,3,-0.0001008521615369351,C
3657471097,3,0.00012941502123403614,C
3657471097,3,0.0002815196600385872,C
3657471097,3,-0.0002440797350848345,C
3657471097,3,-2.5016715446746218e-05,C
2360741695,3,0.0029238151052415895,C
2360741695,3,0.0006268706480688779,C
2360741695,3,0.0003758319895188489,C
2360741695,3,9.749618616211597e-05,C
2360741695,3,0.0016990966571986954,C
551287920,3,0.0005446080379544749,C
551287920,3,0.0007500250815309917,C
551287920,3,0.0007975930658925545,C
551287920,3,0.0007819054215839616,C
551287920,3,0.0013162669933010074,C
1842898132,3,0.0010616443745428694,C
1842898132,3,0.002858387059912426,C
1842898132,3,0.0027900014464484757,C
1842898132,3,0.0016438832972520134,C
1842898132,3,0.0006194259842418615,C
2832976762,3,-0.0003722462756807765,C
2832976762,3,-0.0010461780956018685,C
2832976762,3,-0.0009161845258787715,C
2832976762,3,-0.0005257796376428314,C
2832976762,3,-0.0007726886386701382,C
2309124039,3,0.0011613249807869153,C
2309124039,3,0.0023797257250729453,C
2309124039,3,-0.0003362137228061224,C
2309124039,3,-0.00041646835303965624,C
2309124039,3,0.002209930599984422,C
2591432844,3,-0.0015827514295470024,N
2591432844,3,0.00030874326149415987,N
2591432844,3,-0.000362278865021326,N
2591432844,3,-0.0005443215275017232,N
2591432844,3,0.00016444146812916172,N
963029399,3,0.00039633013521001015,N
963029399,3,-0.0006221890702657884,N
963029399,3,-0.0006112220870342355,N
963029399,3,0.0002366146712948769,N
963029399,3,-0.0009357592258063541,N
3884454603,3,-0.001382600504448328,C
3884454603,3,-0.0019547752175341215,C
3884454603,3,-0.0005811570585131376,C
3884454603,3,-0.001970658863489849,C
3884454603,3,-0.00090770859993905,C
4089138501,3,0.001305876973276443,C
4089138501,3,0.0008254199050005129,C
4089138501,3,0.000896847574688775,C
4089138501,3,-0.0002847272399312817,C
4089138501,3,-0.000671375685414366,C
932712697,3,-8.511480663042637e-05,O
932712697,3,-0.0006174178561141885,O
932712697,3,0.00026900202414176233,O
932712697,3,0.0010332987251685521,O
932712697,3,-0.00039505059042327373,O
1634606847,3,-0.0007583198623378196,N
1634606847,3,-0.0007077705735998308,N
1634606847,3,-0.001485974852163896,N
1634606847,3,-0.0015294842179596757,N
1634606847,3,-0.001173531621213919,N
3624155,3,0.0015712159312293306,C
3624155,3,0.0016633589886489997,C
3624155,3,0.0009237485460515948,C
3624155,3,0.001799569132015788,C
3624155,3,0.001369214825150733,C
161963127,3,0.003395624348528692,C
161963127,3,0.002427354624623901,C
161963127,3,0.0011277377281102563,C
161963127,3,0.003005594177891424,C
161963127,3,0.006398919663958613,C
2257970297,3,0.00945933608282884,C
2257970297,3,0.009187868214520556,C
2257970297,3,-0.001314792982179569,C
2257970297,3,0.004689366785990856,C
2257970297,3,0.0031688716364145497,C
787069595,3,0.0004711024205891756,C
787069595,3,9.023979017508399e-05,C
787069595,3,0.00032904165219072024,C
787069595,3,-0.0003165693693903404,C
787069595,3,0.00012091832046728923,C
517457164,3,-0.00012349391707178192,C
517457164,3,1.071533598001606e-05,C
517457164,3,0.00020532941642592561,C
517457164,3,0.0015731232529938577,C
517457164,3,0.0007290206435801583,C
3207567135,3,-0.0012096110128852477,C
3207567135,3,-0.0037643247889012077,C
3207567135,3,-0.003185449080393643,C
3207567135,3,-0.0006663355311925523,C
3207567135,3,-0.0030802345426544364,C
435232729,3,0.002153918959500012,N
435232729,3,0.0012755072595899697,N
435232729,3,0.0009622103820099981,N
435232729,3,0.0013010510294642619,N
435232729,3,0.0011717918283210005,N
2806018737,3,0.00046217584649604904,C
2806018737,3,0.00032761295470284946,C
2806018737,3,6.804549994704479e-05,C
2806018737,3,-0.000481699488483478,C
2806018737,3,0.0004947326795113338,C
4008337421,3,-0.004351448915663858,C
4008337421,3,-0.003224085030373136,C
4008337421,3,-0.0006129008304143757,C
4008337421,3,-0.0053593281034056695,C
4008337421,3,-0.005287519251716,C
3026394695,3,0.004811375561510456,C
3026394695,3,0.005655287117529273,C
3026394695,3,0.008134775363245972,C
3026394695,3,-0.00023670348243448602,C
3026394695,3,0.0046907010750424916,C
2296565457,3,0.002699570667220763,N
2296565457,3,-0.0014315839179266932,N
2296565457,3,-0.0008961288329351613,N
2296565457,3,-0.000677682683700831,N
2296565457,3,0.0004096150153991007,N
2089117413,3,-0.0009964674012675756,C
2089117413,3,0.0004969994799015609,C
2089117413,3,-0.0008641830327379418,C
2089117413,3,0.0008251098926073119,C
2089117413,3,0.00011160698980205996,C
572760528,3,0.0010458336331037321,C
572760528,3,0.0010895017831455411,C
572760528,3,0.002182572694681306,C
572760528,3,0.0006975354545100676,C
572760528,3,0.001605422782394783,C
3002759401,3,0.0005092563133072825,C
3002759401,3,-0.001966779404710406,C
3002759401,3,0.0008306171674202778,C
3002759401,3,-0.002328835514744443,C
3002759401,3,-0.001748301963521215,C
3118255683,3,-0.0031098975305527965,N
3118255683,3,-0.0027277324132666814,N
3118255683,3,-0.0025284618769231826,N
3118255683,3,-0.0029543948216605997,N
3118255683,3,-0.0030544455612199206,N
74537039,3,0.0010367522295811615,C
74537039,3,0.001927430156314025,C
74537039,3,0.0007458437806271978,C
74537039,3,0.0007261770945670154,C
74537039,3,0.0013980479768802012,C
2473389857,3,-0.002554119691026424,C
2473389857,3,-0.0030640069453377605,C
2473389857,3,-0.005776800199163379,C
2473389857,3,-0.00216498712640556,C
2473389857,3,-0.004728772950612969,C
899522707,3,-1.7097048643666124e-05,C
899522707,3,-7.943478953797989e-05,C
899522707,3,-7.943478953797989e-05,C
899522707,3,-0.00010504593093924042,C
899522707,3,-5.0155975928223295e-05,C
675765711,3,-0.00020778207302729612,C
675765711,3,4.4988160338099714e-05,C
675765711,3,-0.00021269769912141134,C
675765711,3,-0.00030941113479193705,C
675765711,3,-0.000198348437723872,C
1313967653,3,-0.005274382795571353,C
1313967653,3,-0.001575520754270865,C
1313967653,3,-0.008422615469683592,C
1313967653,3,-0.010207828487398096,C
1313967653,3,-0.00565063718809572,C
3855312692,3,0.00025678114412458486,C
3855312692,3,-0.00018611314551558733,C
3855312692,3,-0.0003078315268468801,C
3855312692,3,0.00043828073515050914,C
3855312692,3,0.00035101478158683364,C
1083852209,3,0.004512323898149817,N
1083852209,3,0.006594520085558941,N
1083852209,3,-0.0022904896213934434,N
1083852209,3,0.002835341596889196,N
1083852209,3,0.0006087032477420928,N
2905660137,3,0.002476859531407749,C
2905660137,3,0.0007861308423908753,C
2905660137,3,-0.00019355849968943906,C
2905660137,3,0.0020897123472086165,C
2905660137,3,0.0010073143131283935,C
3579962709,3,0.0022332652783727536,C
3579962709,3,0.00034707073684664413,C
3579962709,3,0.00010366282208262856,C
3579962709,3,0.0007636589697664897,C
3579962709,3,-4.0108302020724906e-05,C
4041573576,3,0.0012706660661302993,C
4041573576,3,7.614306496095402e-05,C
4041573576,3,0.0008501262875087456,C
4041573576,3,0.0028335482557172442,C
4041573576,3,0.0007643249841570166,C
64070612,3,0.0,C
64070612,3,6.504263039219804e-06,C
64070612,3,0.0,C
64070612,3,1.374279416938018e-05,C
64070612,3,-7.16799778965882e-06,C
729796064,3,-0.0022688889551798486,C
729796064,3,-0.0020355787589248497,C
729796064,3,-5.3432365426209216e-05,C
729796064,3,-0.0016127743112898663,C
729796064,3,-0.003049763977529929,C
1070821685,3,4.570325954361687e-05,C
1070821685,3,0.00010140341896885952,C
1070821685,3,5.358238661951065e-05,C
1070821685,3,6.082091774972653e-05,C
1070821685,3,4.162938539276073e-05,C
3820826669,3,-0.0003393783302738651,C
3820826669,3,0.0002606493920188635,C
3820826669,3,0.00028422417755658014,C
3820826669,3,0.0002773580283762511,C
3820826669,3,-0.00035185035167450973,C
2223687999,3,0.001591087512373246,C
2223687999,3,0.00027652902478775276,C
2223687999,3,0.0023986428446181596,C
2223687999,3,0.000519342818901869,C
2223687999,3,0.0005120829577284214,C
2435680164,3,0.0004927250667322025,N
2435680164,3,0.00010067919942152725,N
2435680164,3,0.00028800329265976643,N
2435680164,3,-0.0015944484047230034,N
2435680164,3,-0.0006801433241028221,N
600629739,3,-0.0006693758005724693,N
600629739,3,-0.0017547504878380749,N
600629739,3,-0.0012360454654674613,N
600629739,3,3.035182893851296e-06,N
600629739,3,-0.001452144432751712,N
2370996728,3,0.0006886508097302957,C
2370996728,3,0.000842685499183371,C
2370996728,3,8.184760093188359e-05,C
2370996728,3,0.00028143932543972516,C
2370996728,3,0.00010147953745787142,C
266675433,3,0.0006893013939148762,O
266675433,3,0.002075665211838329,O
266675433,3,0.0017584683299251558,O
266675433,3,0.0016775352387204956,O
266675433,3,0.0019443090079319658,O
2720313463,3,0.0023255482783411385,C
2720313463,3,0.0023533524307364218,C
2720313463,3,0.003396068844687017,C
2720313463,3,0.0047901925404626455,C
2720313463,3,0.003176995182759379,C
847433064,3,0.0015730115538319933,N
847433064,3,0.0005050427517045986,N
847433064,3,4.588243480641019e-05,N
847433064,3,0.0014354235926973269,N
847433064,3,0.002510762584944204,N
2551483158,3,9.225525335887497e-06,N
2551483158,3,-1.5160125696800364e-05,N
2551483158,3,-0.0005023832462301425,N
2551483158,3,-0.00023589204814011833,N
2551483158,3,-0.00024709953292822995,N
3933537673,3,-0.006649823770393581,C
3933537673,3,-0.004926675243381751,C
3933537673,3,-0.0011853102278830407,C
3933537673,3,-0.0030673642857990124,C
3933537673,3,-0.005047849784410474,C
3458774156,3,0.0025399143007872604,N
3458774156,3,0.0010951274159129443,N
3458774156,3,0.0021776716882695446,N
3458774156,3,0.002247487825919381,N
3458774156,3,0.0012168639613114873,N
642367021,3,-1.7321713317253185e-05,C
642367021,3,-0.0002691335315356258,C
642367021,3,6.161676027238716e-06,C
642367021,3,-4.4402718120395424e-05,C
642367021,3,-0.00014609380152719176,C
847336149,3,-0.0006626580278648042,N
847336149,3,-0.002937047103803936,N
847336149,3,0.0015695387107896308,N
847336149,3,-0.0011561361124709513,N
847336149,3,-0.006592992085132532,N
3182177290,3,0.0,C
3182177290,3,1.374279416938018e-05,C
3182177290,3,0.0,C
3182177290,3,6.504263039219804e-06,C
3182177290,3,0.0,C
1167322652,3,0.0011119024443036474,C
1167322652,3,0.002656930732740481,C
1167322652,3,0.0010805910730504187,C
1167322652,3,0.0015445341859613437,C
1167322652,3,0.00162166191346097,C
3796841743,3,0.0018407932816899009,C
3796841743,3,0.0010871955501793873,C
3796841743,3,8.557580837176282e-06,C
3796841743,3,-0.0003895756642495751,C
3796841743,3,0.0008007970879834181,C
1730555933,3,-0.0010685622977494869,C
1730555933,3,-0.0012342385965222191,C
1730555933,3,-0.0010552790310101035,C
1730555933,3,-0.0025009632223391143,C
1730555933,3,-0.0017926036377398646,C
1583799011,3,0.00222491033121075,C
1583799011,3,0.002131869551126153,C
1583799011,3,0.001181805273429537,C
1583799011,3,0.0019091256130968626,C
1583799011,3,0.00034546169416366235,C
3908647167,3,-0.0011057035759071132,C
3908647167,3,-0.0015502260658341038,C
3908647167,3,-0.001080350750036707,C
3908647167,3,-0.0008824076227759714,C
3908647167,3,-0.0009486259041039946,C
271903915,3,-0.0038046548075055253,N
271903915,3,-0.001940827647722243,N
271903915,3,-0.00784407691354072,N
271903915,3,-0.0046765350663958705,N
271903915,3,-0.005437896167476419,N
2447826885,3,-0.0012902283671999415,C
2447826885,3,-0.00011817145324072298,C
2447826885,3,-0.0006521587907379334,C
2447826885,3,9.31870804032342e-05,C
2447826885,3,-0.000409871838040865,C
1791271074,3,-0.0006064366927944209,S
1791271074,3,0.00023814258346449568,S
1791271074,3,0.0024924170775147414,S
1791271074,3,0.002245016590020743,S
1791271074,3,0.0016820552166219582,S
3976623167,3,0.0008101196462965143,C
3976623167,3,-0.0007483561542428463,C
3976623167,3,-0.0026546719188011436,C
3976623167,3,-0.0019799759155617602,C
3976623167,3,-0.00016999152778052196,C
966311396,3,0.0007317029976872114,C
966311396,3,0.0007615412430209134,C
966311396,3,0.0003392150347295564,C
966311396,3,0.00017300942545017683,C
966311396,3,0.0002070252253602578,C
1323467736,3,0.0010625794884768225,C
1323467736,3,0.0007164089461061951,C
1323467736,3,0.0017919949814359515,C
1323467736,3,0.0004960365488308471,C
1323467736,3,0.0015101486397450792,C
411967733,3,-0.0008144207981931606,C
411967733,3,-0.000780945025234292,C
411967733,3,-0.0005471647405027591,C
411967733,3,-0.00015185747975576813,C
411967733,3,-0.0009683672652834874,C
3545365497,3,0.0030069313435316936,C
3545365497,3,0.0038421140351880823,C
3545365497,3,-0.00014073650863893894,C
3545365497,3,0.0006025244559070275,C
3545365497,3,0.0024908587505888535,C
3796359118,3,-0.0009512375108835514,C
3796359118,3,0.00032399705678365365,C
3796359118,3,7.807257314318417e-05,C
3796359118,3,-0.000343732726160062,C
3796359118,3,-0.00015256132810770318,C
36538691,3,0.0002801022957403254,C
36538691,3,0.0003135539167326007,C
36538691,3,0.0003436983426966522,C
36538691,3,0.0003651013136351522,C
36538691,3,0.00012513469463881766,C
2649902721,3,0.0006378588246452876,C
2649902721,3,0.0005570906499008377,C
2649902721,3,0.0006613530947418012,C
2649902721,3,0.000633659467177472,C
2649902721,3,0.0006608232706807327,C
994237755,3,-0.0027901635008535375,C
994237755,3,-0.0013187724638751286,C
994237755,3,-0.0021345460558152562,C
994237755,3,8.611527215512949e-05,C
994237755,3,0.00013051554550536082,C
1961848637,3,0.0011605583200138825,C
1961848637,3,-0.0005641728509228061,C
1961848637,3,-0.00042040980110752413,C
1961848637,3,0.0004115146769083644,C
1961848637,3,-0.00029141839742696796,C
3004333805,3,3.6859690236701326e-06,C
3004333805,3,3.1065151615050635e-05,C
3004333805,3,-0.00019638229995605494,C
3004333805,3,3.7956702986952084e-05,C
3004333805,3,-0.0002648066967786411,C
4033380444,3,0.0,C
4033380444,3,3.106167677813243e-05,C
4033380444,3,-9.819851777559396e-06,C
4033380444,3,-8.800160496574838e-05,C
4033380444,3,-6.33865081148266e-05,C
619920801,3,0.00036424565429910016,C
619920801,3,7.634498763725572e-05,C
619920801,3,0.0003704237895865159,C
619920801,3,-0.0014537340604262594,C
619920801,3,0.0002251085818240628,C
3334525955,3,-0.000980674975541329,C
3334525955,3,-0.0011825784754060376,C
3334525955,3,-0.0016681763351578116,C
3334525955,3,-0.000343003754313731,C
3334525955,3,-0.001141073651475255,C
3994088662,3,-9.766868414473606e-06,C
3994088662,3,0.0011714524851807462,C
3994088662,3,0.0015357910910485661,C
3994088662,3,0.0007259137905875068,C
3994088662,3,-0.0007022550828011953,C
3596485316,3,-0.00023347233715459437,C
3596485316,3,-0.00011476388703968166,C
3596485316,3,6.688128457299491e-05,C
3596485316,3,-1.6217275582153245e-05,C
3596485316,3,4.767420598217331e-05,C
171200514,3,-0.0018088904656924365,C
171200514,3,-0.00024127697844988916,C
171200514,3,-6.046798430942024e-05,C
171200514,3,-0.001986391205364313,C
171200514,3,-0.0009352099793236146,C
970433791,3,0.00021031737435678322,C
970433791,3,1.3723941349463864e-05,C
970433791,3,0.000237851246063292,C
970433791,3,0.00024035457848803343,C
970433791,3,6.486784306397597e-05,C
685125387,3,-4.955182416321868e-05,C
685125387,3,-5.111431400339761e-05,C
685125387,3,0.0,C
685125387,3,-8.115548250348104e-05,C
685125387,3,-4.955182416321868e-05,C
2835079913,3,2.6375770162956336e-06,C
2835079913,3,-0.00023415420287120625,C
2835079913,3,-0.0007162581778065169,C
2835079913,3,-3.101555152745794e-05,C
2835079913,3,-0.0011067966949240282,C
1352399629,3,-0.0008772521042226811,O
1352399629,3,-0.0003352844775033059,O
1352399629,3,-0.00023466057783566585,O
1352399629,3,0.0001251077694436331,O
1352399629,3,-0.0007781284925920673,O
416356657,3,0.0004980662165170457,C
416356657,3,0.0013678163775758811,C
416356657,3,-0.00015334748388434738,C
416356657,3,0.0008098209450126403,C
416356657,3,0.0009315760431062858,C
1535166686,3,-0.0027382435315431164,O
1535166686,3,-0.0021851644033258344,O
1535166686,3,-0.0022125221839874865,O
1535166686,3,-0.002884343010183532,O
1535166686,3,-0.0024769892983249053,O
589930590,3,0.0002498948794545375,C
589930590,3,0.0007614926361230179,C
589930590,3,0.001334223861434447,C
589930590,3,0.0007870114721003629,C
589930590,3,0.0008146967233356728,C
2463614838,3,-0.00039669570513967134,C
2463614838,3,-0.00014103073010901523,C
2463614838,3,0.0001771231516195515,C
2463614838,3,-0.00031858926760974793,C
2463614838,3,-0.0001700828817825517,C
1871221615,3,-0.0015835697035362917,C
1871221615,3,-0.0015193485715147559,C
1871221615,3,-0.0014670926179809474,C
1871221615,3,-0.0005561156059583627,C
1871221615,3,-0.0011832068815075814,C
3482873808,3,5.9788978791219805e-06,C
3482873808,3,1.4833356740462378e-05,C
3482873808,3,3.0999752769766964e-06,C
3482873808,3,-8.877229010828547e-06,C
3482873808,3,2.0679437955695157e-05,C
553412256,3,-3.95289184205172e-05,C
553412256,3,0.00010777566032504904,C
553412256,3,0.0,C
553412256,3,-8.376614014610206e-05,C
553412256,3,0.00012116901711395345,C
135980867,3,1.4906988281049305e-05,C
135980867,3,-2.5174376011016797e-06,C
135980867,3,-2.5174376011016797e-06,C
135980867,3,-2.5174376011016797e-06,C
135980867,3,-3.682392948345381e-06,C
1445852595,3,-0.0007805696361303793,C
1445852595,3,-0.0007805696361303793,C
1445852595,3,0.000488931033099993,C
1445852595,3,-0.00040071186543827464,C
1445852595,3,-0.0002915907315803046,C
2434373675,3,-0.0007373903312202779,N
2434373675,3,0.0003833835575004496,N
2434373675,3,0.0008274568018181161,N
2434373675,3,-0.0005022450829892944,N
2434373675,3,-0.000654477341618942,N
2939120473,3,0.0004497767494835436,C
2939120473,3,0.0004957343136761105,C
2939120473,3,0.0007765444870000415,C
2939120473,3,-3.8500256020090884e-05,C
2939120473,3,0.0005179115924748845,C
3203709451,3,0.00032034212355358527,O
3203709451,3,-7.803221949137518e-05,O
3203709451,3,0.00037500280033608835,O
3203709451,3,0.0002772040231469597,O
3203709451,3,-0.0006861139258373394,O
368531313,3,0.0009773278816749276,C
368531313,3,0.001261450949321341,C
368531313,3,0.00011215438565892466,C
368531313,3,0.0011399361179883494,C
368531313,3,0.0008336137863398374,C
3176806076,3,0.0033514484106206277,C
3176806076,3,0.00321011884387995,C
3176806076,3,0.0023953418626057044,C
3176806076,3,0.003774049583960992,C
3176806076,3,0.0013507913527819326,C
2614860224,3,-0.002828050334688581,C
2614860224,3,0.0004871026443076798,C
2614860224,3,-0.000562555087234351,C
2614860224,3,0.0003280375850649442,C
2614860224,3,-0.0037023819535335623,C
2297887526,3,-2.133832107048539e-05,N
2297887526,3,-0.00013331322080134544,N
2297887526,3,-0.0001976393572681867,N
2297887526,3,-5.9256845347022136e-05,N
2297887526,3,-4.3946347789758367e-05,N
623728226,3,0.00011261330659328994,C
623728226,3,-0.00018100059588410655,C
623728226,3,-3.49362147341048e-05,C
623728226,3,0.00035101614738436426,C
623728226,3,-4.788184154652653e-05,C
603510687,3,0.0031075825649831135,C
603510687,3,0.0013709241483128576,C
603510687,3,0.0013489570440727294,C
603510687,3,0.0010281903652009095,C
603510687,3,0.0010166077034682308,C
725322217,3,0.0006751963977875697,C
725322217,3,-0.0010069847024172796,C
725322217,3,0.00016676162952200535,C
725322217,3,0.00040072890122233584,C
725322217,3,-0.0008101579872829556,C
434423882,3,0.0005901862150392012,C
434423882,3,0.00047909666219064784,C
434423882,3,0.0011252450876436115,C
434423882,3,0.0007306478126403726,C
434423882,3,0.0006203880202012013,C
548743766,3,-0.0001762003354617847,C
548743766,3,-6.634228743918058e-05,C
548743766,3,-0.00015002027148308672,C
548743766,3,-0.00018858260335768984,C
548743766,3,-0.00015002027148308672,C
1399127774,3,3.891163348945792e-05,C
1399127774,3,-0.0007177366944715602,C
1399127774,3,0.00038830818493273966,C
1399127774,3,-0.0003397933250656182,C
1399127774,3,-3.029271842663883e-05,C
2629723425,3,0.0011358317695772113,C
2629723425,3,0.0006811738407068724,C
2629723425,3,0.0016379169963431917,C
2629723425,3,0.0015033549068222407,C
2629723425,3,0.0006523628472927534,C
1542633699,3,0.00029113752806114723,O
1542633699,3,0.0019551673735773156,O
1542633699,3,0.001332977476002084,O
1542633699,3,0.001022102342168485,O
1542633699,3,0.0010237779281576098,O
1824088295,3,-0.0005918420991333218,C
1824088295,3,-0.0006195330225886031,C
1824088295,3,-0.001092759422434253,C
1824088295,3,-0.0005512537503989945,C
1824088295,3,-0.0014696400950288124,C
1078211001,3,0.00010655629289335611,O
1078211001,3,-0.0007830958220833573,O
1078211001,3,-0.0003628980063076215,O
1078211001,3,-0.00023449355892013468,O
1078211001,3,-0.0005145487543254945,O
579286581,3,0.0005300136260608657,C
579286581,3,0.0011100804511979256,C
579286581,3,0.0010219498870855936,C
579286581,3,0.00041610038165856844,C
579286581,3,0.0013067063551154834,C
476060908,3,-0.0035909928434980642,C
476060908,3,0.00014222520717188658,C
476060908,3,-0.006988177884798108,C
476060908,3,-0.004773501471287689,C
476060908,3,-0.0016818815656691188,C
2154935424,3,-0.00018209250068157434,O
2154935424,3,-0.0001781251121273364,O
2154935424,3,-0.0003124658354223264,O
2154935424,3,-0.0003699230036602885,O
2154935424,3,0.00016381189013170427,O
4256524850,3,0.0002626511244101515,C
4256524850,3,0.0002321689100958646,C
4256524850,3,-0.0008467898261176887,C
4256524850,3,2.3760097834335525e-05,C
4256524850,3,0.0006989901229728646,C
3980805843,3,-1.7171778354363454e-05,C
3980805843,3,0.0005396969746569447,C
3980805843,3,0.0007566400940755003,C
3980805843,3,0.001357351655916328,C
3980805843,3,0.0006082773227229499,C
3594646603,3,0.000155970123707716,C
3594646603,3,0.00018512620681443437,C
3594646603,3,9.99860236104988e-05,C
3594646603,3,0.00016111523736639377,C
3594646603,3,8.675096255333914e-05,C
4036277955,3,-0.00036817916153619734,C
4036277955,3,-0.0006024008470563724,C
4036277955,3,-0.0005214676413452524,C
4036277955,3,-0.0004545839319533562,C
4036277955,3,-0.00025123310945296407,C
3554022385,3,0.0014203727187822035,C
3554022385,3,0.001276822916154552,C
3554022385,3,0.0011066682325841515,C
3554022385,3,0.001054640894720127,C
3554022385,3,0.001025416523720013,C
571978829,3,0.0006285980386112056,C
571978829,3,0.0018908512179076076,C
571978829,3,0.0005350385096155041,C
571978829,3,0.0026576795752207283,C
571978829,3,0.00489948373845972,C
4011293459,3,0.0,C
4011293459,3,0.0,C
4011293459,3,0.0,C
4011293459,3,0.0,C
4011293459,3,0.0,C
1378530689,3,0.0,C
1378530689,3,0.0,C
1378530689,3,0.0,C
1378530689,3,0.0,C
1378530689,3,0.0,C
1858577693,3,-4.113528185284432e-05,C
1858577693,3,0.00031274175285717076,C
1858577693,3,0.00047169789801049244,C
1858577693,3,0.0005182935711423031,C
1858577693,3,0.0008296394111640959,C
3120642300,3,-0.0008809078360747513,C
3120642300,3,-0.0008646084727994552,C
3120642300,3,-0.0008187883080447156,C
3120642300,3,-0.001114549362003725,C
3120642300,3,-0.0013758964282888364,C
2594220197,3,0.004332816331953149,C
2594220197,3,-0.00024364620735617404,C
2594220197,3,0.0015716220090256083,C
2594220197,3,0.0008362755592413729,C
2594220197,3,-0.0008684909931595541,C
1693331843,3,0.000102042463472507,N
1693331843,3,0.0006505089015267917,N
1693331843,3,0.0008060303656999834,N
1693331843,3,0.0005170878264456058,N
1693331843,3,0.00030804841569509467,N
1868602760,3,-0.0022662705122207805,N
1868602760,3,-0.00013735718017332532,N
1868602760,3,0.0002920489126439496,N
1868602760,3,-0.001998476232902835,N
1868602760,3,-0.001737875387884169,N
1842114921,3,0.00036482192887926645,C
1842114921,3,0.00046571626982139236,C
1842114921,3,0.0003715135705055772,C
1842114921,3,0.0009307836297283156,C
1842114921,3,0.0016774193209134758,C
2021812431,3,0.0001474568558095246,N
2021812431,3,-4.6879096934737685e-05,N
2021812431,3,-1.298517050041248e-05,N
2021812431,3,-2.6911917097138804e-05,N
2021812431,3,-9.061550219469083e-05,N
4197146180,3,-0.008006604265639705,O
4197146180,3,-0.005992029103013163,O
4197146180,3,-0.005497503125147463,O
4197146180,3,-0.003976836470956924,O
4197146180,3,-0.003765228571241508,O
3121777292,3,5.914300221188107e-05,N
3121777292,3,5.12246440719788e-05,N
3121777292,3,4.65649963107273e-05,N
3121777292,3,3.1965877072548388e-06,N
3121777292,3,6.333668443980756e-05,N
2752034647,3,7.434183146715068e-05,C
2752034647,3,-8.05283726879047e-06,C
2752034647,3,-1.059671428649267e-05,C
2752034647,3,-2.799641265782693e-05,C
2752034647,3,2.7622239638092072e-05,C
3614376044,3,-3.305892728455717e-05,C
3614376044,3,-4.069845582005405e-05,C
3614376044,3,4.479918900829327e-05,C
3614376044,3,-3.305892728455717e-05,C
3614376044,3,-7.57453017714016e-05,C
3266129148,3,4.6638571989998656e-05,S
3266129148,3,5.13578093302991e-06,S
3266129148,3,-8.60701323635027e-06,S
3266129148,3,-8.60701323635027e-06,S
3266129148,3,-4.374784466409931e-06,S
3346539298,3,3.6480778141778636e-05,N
3346539298,3,0.0005209347251102225,N
3346539298,3,0.0002792740529179438,N
3346539298,3,-6.130222546085751e-05,N
3346539298,3,0.0005884112990041102,N
2513428378,3,0.00047472411762727873,C
2513428378,3,0.0005272024653820706,C
2513428378,3,0.0002639192275573077,C
2513428378,3,0.00030718379313871,C
2513428378,3,0.000551935020818628,C
2827868305,3,0.001466279960024075,C
2827868305,3,0.0013932492275817165,C
2827868305,3,0.0016297073178016541,C
2827868305,3,0.0004981353922420273,C
2827868305,3,0.0002955762429163733,C
1153219603,3,0.0011105211444665808,C
1153219603,3,-0.00020281895068907652,C
1153219603,3,-0.0010367392028201583,C
1153219603,3,-0.0020972745805859505,C
1153219603,3,-0.003790426920395662,C
516041383,3,0.0009076513897792182,C
516041383,3,0.0007736528876094995,C
516041383,3,0.0006279140414345297,C
516041383,3,0.0005937718580257823,C
516041383,3,0.0010026226225306467,C
312306367,3,0.001445617869642979,C
312306367,3,0.000802210411325277,C
312306367,3,0.0002478728029698396,C
312306367,3,-0.0004739872608649498,C
312306367,3,-0.0007037493154718466,C
3925172229,3,-0.00014961006072677918,C
3925172229,3,0.0009612516900974755,C
3925172229,3,0.0003333146042561186,C
3925172229,3,-0.00013985031623753308,C
3925172229,3,0.0004855123252506255,C
118059098,3,0.0005090439984065109,C
118059098,3,-0.0005992858304113002,C
118059098,3,6.42997326563699e-05,C
118059098,3,0.0008067227357086426,C
118059098,3,-0.00019591823428866117,C
3981762496,3,-0.001693666683320827,C
3981762496,3,0.0011991891895287154,C
3981762496,3,-0.0008915903517752177,C
3981762496,3,-0.0004708194006726729,C
3981762496,3,-0.0004137510465728189,C
2122981102,3,0.0,N
2122981102,3,0.0,N
2122981102,3,0.0,N
2122981102,3,0.0,N
2122981102,3,0.0,N
1506563592,3,-0.0015977711329784317,C
1506563592,3,-0.0012770779608666794,C
1506563592,3,-0.0007461362907171809,C
1506563592,3,-0.0008758771475459448,C
1506563592,3,-0.00016651214981672213,C
2604440622,3,0.0010364477717902942,C
2604440622,3,2.120762796931075e-06,C
2604440622,3,0.0005597148790350004,C
2604440622,3,0.000963010309945389,C
2604440622,3,0.001211556639547584,C
1717044408,3,-0.0009015046661214887,C
1717044408,3,-0.0007140074200278623,C
1717044408,3,-0.0009753087873152766,C
1717044408,3,-0.0001519148355554889,C
1717044408,3,-0.0008747697632024987,C
2646219661,3,0.0003780469683786203,C
2646219661,3,-0.0016242143284949107,C
2646219661,3,-5.11572853940101e-05,C
2646219661,3,-0.000296333990864317,C
2646219661,3,0.00029598286598186974,C
128522177,3,-0.00036500153007862357,C
128522177,3,0.00014183975444609365,C
128522177,3,-0.0007343285656199461,C
128522177,3,-0.0001280699998976731,C
128522177,3,2.3595953868582598e-06,C
2459741777,3,-0.00191209366787376,O
2459741777,3,-0.001471704755928338,O
2459741777,3,-0.0009171240743138243,O
2459741777,3,-0.0012053470010031098,O
2459741777,3,-0.003050603698510068,O
3612926680,3,-0.0017702660060108788,Br
3612926680,3,-0.0025614681317637222,Br
3612926680,3,-0.0021533748131457586,Br
3612926680,3,-0.001114342004251756,Br
3612926680,3,-0.0025486682838848917,Br
1792562719,3,0.0014503560627846523,S
1792562719,3,-0.0003227137710697381,S
1792562719,3,-0.0007664802245629931,S
1792562719,3,0.000612703311436813,S
1792562719,3,0.0007266042070070422,S
868576692,3,0.0,C
868576692,3,0.0,C
868576692,3,0.0,C
868576692,3,0.0,C
868576692,3,0.0,C
1999904870,3,0.0,C
1999904870,3,0.0,C
1999904870,3,0.0,C
1999904870,3,0.0,C
1999904870,3,0.0,C
3532053313,3,-6.2844626359526146e-06,S
3532053313,3,-0.00027050314910070927,S
3532053313,3,-0.000633582092499696,S
3532053313,3,-1.546280021436086e-05,S
3532053313,3,-0.001039412714154142,S
592593828,3,-0.004342899658404564,C
592593828,3,-0.004989333991810396,C
592593828,3,-0.0028161423078819636,C
592593828,3,-0.001196408670469773,C
592593828,3,-0.005986482551568029,C
3632350815,3,-0.0007529603233181748,Br
3632350815,3,-0.0005185456942332634,Br
3632350815,3,-0.000798603934115294,Br
3632350815,3,0.0017541566840338363,Br
3632350815,3,0.0007361068605030163,Br
3025629386,3,0.005267253526155924,C
3025629386,3,-0.00030872526083064455,C
3025629386,3,-0.0009843600904329564,C
3025629386,3,-0.0016023050522278592,C
3025629386,3,-0.0006856824126170169,C
3594696610,3,0.0,C
3594696610,3,0.0,C
3594696610,3,0.0,C
3594696610,3,0.0,C
3594696610,3,0.0,C
2212573984,3,2.689102455671888e-05,S
2212573984,3,-0.00022799888572599958,S
2212573984,3,-0.0002044969675060737,S
2212573984,3,-0.0002044969675060737,S
2212573984,3,-0.0002044969675060737,S
3157481675,3,-3.822991762841843e-05,C
3157481675,3,-0.0002630731998157776,C
3157481675,3,-0.0013944716833343973,C
3157481675,3,0.0005318210470715568,C
3157481675,3,-0.00138250520620814,C
669222828,3,0.00024665987165040093,C
669222828,3,0.00023528095584179898,C
669222828,3,0.0003130014852614771,C
669222828,3,0.00023528095584179898,C
669222828,3,0.00014085203071617647,C
1856075173,3,-0.00023592710676834105,C
1856075173,3,-0.00018804498252511515,C
1856075173,3,-0.00018804498252511515,C
1856075173,3,-0.0002779388360727997,C
1856075173,3,-0.00023889531526233299,C
618671879,3,0.0013812066337160478,C
618671879,3,0.0028905330498888993,C
618671879,3,0.0007454675582169168,C
618671879,3,0.0021753277173005015,C
618671879,3,0.001523294664806829,C
714893496,3,0.0015752970403011823,C
714893496,3,0.0007261263339085056,C
714893496,3,0.0017776621859276753,C
714893496,3,0.0021725375459944463,C
714893496,3,0.001387761515719843,C
1685248591,3,0.02281709547856453,C
1685248591,3,0.004253918681958568,C
1685248591,3,0.004261064746829801,C
1685248591,3,-0.003515954768687657,C
1685248591,3,0.008937358019056374,C
2931695851,3,0.0006217903946675873,C
2931695851,3,-0.000770692136488893,C
2931695851,3,-0.0007439699254924714,C
2931695851,3,-0.0013824030055138992,C
2931695851,3,0.00039921388934927027,C
2222715027,3,-0.0009860506886722464,O
2222715027,3,0.00044073608080941185,O
2222715027,3,0.00045707733660055316,O
2222715027,3,0.0019721511573748685,O
2222715027,3,0.0012045474115704446,O
1026928756,3,-0.0004510682776315278,S
1026928756,3,-0.0007605481273316728,S
1026928756,3,0.0004880450124305491,S
1026928756,3,0.0003579795416934206,S
1026928756,3,0.0007160561587822856,S
458993620,3,-7.698432915920206e-05,N
458993620,3,-8.822771961281006e-05,N
458993620,3,0.00012134163304344803,N
458993620,3,-0.0001523933112929643,N
458993620,3,0.00042523374305208916,N
1549284008,3,0.00020698378368882997,C
1549284008,3,0.00016780418136153052,C
1549284008,3,-0.0010930481547133941,C
1549284008,3,7.699245075931671e-06,C
1549284008,3,4.7990759985350184e-05,C
3510196525,3,0.0006286751753303288,N
3510196525,3,0.0018354820812776507,N
3510196525,3,0.0014160999862682377,N
3510196525,3,0.0006924594349670965,N
3510196525,3,-5.324076174267889e-05,N
909362583,3,-0.00017037282442100565,C
909362583,3,5.58174667054101e-05,C
909362583,3,-8.307956481656831e-05,C
909362583,3,-8.882198348675319e-05,C
909362583,3,0.000138546140292517,C
2556855854,3,-0.000508713800972671,C
2556855854,3,-0.0005468297356767682,C
2556855854,3,0.00035381344174895135,C
2556855854,3,-0.00024793251198884647,C
2556855854,3,-0.00012277779740316186,C
3888780669,3,-0.0012329140731811017,O
3888780669,3,-0.00029987641569850787,O
3888780669,3,0.0006769128119007983,O
3888780669,3,-6.5160961662869e-05,O
3888780669,3,-0.0017121872882936984,O
2448572767,3,-8.520449077786818e-05,C
2448572767,3,5.613574724383508e-05,C
2448572767,3,2.93681775464516e-05,C
2448572767,3,4.9836977708495045e-05,C
2448572767,3,7.658520589554074e-05,C
932692620,3,0.0,C
932692620,3,0.0,C
932692620,3,0.0,C
932692620,3,0.0,C
932692620,3,0.0,C
92620239,3,1.9800904373923345e-05,C
92620239,3,1.7907200524192035e-05,C
92620239,3,3.677727470868808e-05,C
92620239,3,4.443237224754926e-05,C
92620239,3,3.15210137019073e-05,C
443932914,3,0.00020856443663763713,N
443932914,3,-0.0002044969675060737,N
443932914,3,-0.00036341219583585493,N
443932914,3,-0.00015524616759959864,N
443932914,3,-0.0002044969675060737,N
586636525,3,0.00036014169805032026,C
586636525,3,-0.0004592946133120668,C
586636525,3,-0.0009684197548107676,C
586636525,3,-0.0007094803952909512,C
586636525,3,-0.0009313807045761013,C
3462479532,3,0.0008742503368637244,C
3462479532,3,-0.00012304061092377472,C
3462479532,3,0.0008868066256447205,C
3462479532,3,0.00021766833517233852,C
3462479532,3,0.0008942070649028966,C
2222621677,3,0.0009507256472269798,O
2222621677,3,0.00013810094075578094,O
2222621677,3,0.0016565410534341574,O
2222621677,3,0.0007339284354498932,O
2222621677,3,-0.000465566688795771,O
328936174,3,0.0006876245872007303,C
328936174,3,0.00041242805638141977,C
328936174,3,0.0002709669417936267,C
328936174,3,8.890132011357688e-05,C
328936174,3,-0.00011579589931176582,C
2154777022,3,-0.0010624635744430622,C
2154777022,3,-0.00025746869933884753,C
2154777022,3,-0.0005004184713421345,C
2154777022,3,-0.001331518675308896,C
2154777022,3,0.0004694030171717434,C
3992410619,3,0.00023395699335132525,C
3992410619,3,0.0013254553715469908,C
3992410619,3,0.0012750280262170954,C
3992410619,3,0.0007325328020260091,C
3992410619,3,2.577868328024202e-05,C
3750444818,3,0.0,C
3750444818,3,0.0,C
3750444818,3,0.0,C
3750444818,3,0.0,C
3750444818,3,0.0,C
2975126068,3,-0.0002506733792044247,N
2975126068,3,-0.00016062247234310822,N
2975126068,3,-0.00012481921993823253,N
2975126068,3,-3.45428458170538e-07,N
2975126068,3,0.001072563252202896,N
2477914203,3,-1.2757228513016194e-05,N
2477914203,3,-9.237217532764852e-06,N
2477914203,3,-1.0810351321832723e-05,N
2477914203,3,8.646583803395558e-06,N
2477914203,3,-1.8044578437015346e-06,N
353395765,3,-0.0022459525349813325,C
353395765,3,-9.968349150030198e-05,C
353395765,3,-0.0013709046981619788,C
353395765,3,-0.0008413795584898409,C
353395765,3,-0.002228614340167301,C
69470421,3,-6.796666743358326e-06,C
69470421,3,6.550351165945933e-05,C
69470421,3,2.2299426165384162e-05,C
69470421,3,-8.63156381450958e-05,C
69470421,3,-2.0245048441780433e-05,C
540046244,3,0.0023056896987911357,C
540046244,3,0.0009686534892149323,C
540046244,3,0.0009437710104824304,C
540046244,3,0.00013414899439140315,C
540046244,3,0.001127468112678387,C
4261830945,3,-0.0002284474417837412,C
4261830945,3,-0.00025332085534657267,C
4261830945,3,0.00026264016241261956,C
4261830945,3,0.0002806509012158731,C
4261830945,3,-0.00025332085534657267,C
3904721945,3,0.0002728640163447982,C
3904721945,3,0.0002728640163447982,C
3904721945,3,0.0002728640163447982,C
3904721945,3,-0.0003371912301878277,C
3904721945,3,0.0008806861966529356,C
4055698890,3,-0.0016738158008104964,N
4055698890,3,-0.003338889291192082,N
4055698890,3,-0.0019151089362197116,N
4055698890,3,-0.0010180380353497775,N
4055698890,3,-0.0021125676674344507,N
1738265797,3,-0.0011836977442760133,C
1738265797,3,-0.0004682338651084694,C
1738265797,3,-0.0005485318612953316,C
1738265797,3,-0.0009374530208929865,C
1738265797,3,-0.0003929131552700693,C
2014543234,3,0.0002755841447520946,C
2014543234,3,0.0001525844365515283,C
2014543234,3,0.00042458586567778456,C
2014543234,3,0.000269901308200593,C
2014543234,3,-0.00019932772901970486,C
2697110228,3,0.0,C
2697110228,3,0.0,C
2697110228,3,0.0,C
2697110228,3,0.0,C
2697110228,3,0.0,C
694069322,3,0.00020804167973753618,N
694069322,3,0.00010074360938133742,N
694069322,3,0.00011674175074016802,N
694069322,3,0.00012480633724659684,N
694069322,3,4.477998803897876e-05,N
3120784405,3,0.001279785773173614,C
3120784405,3,0.0012044709243395624,C
3120784405,3,0.0009567753038117743,C
3120784405,3,0.0011588336728731163,C
3120784405,3,0.0007226545951214969,C
2574917850,3,-7.89485038172888e-05,C
2574917850,3,-7.525796602964041e-05,C
2574917850,3,-2.0575558666802163e-05,C
2574917850,3,-8.054084101616343e-05,C
2574917850,3,-0.00011436214283239154,C
644322065,3,0.0004067905875894118,C
644322065,3,5.2829351778638234e-05,C
644322065,3,0.0005224529222090935,C
644322065,3,0.0006030737084409821,C
644322065,3,0.00023528095584179898,C
4068239769,3,7.144812914861021e-06,S
4068239769,3,0.0,S
4068239769,3,-1.231132552015346e-07,S
4068239769,3,2.087031439945708e-06,S
4068239769,3,2.997469559784527e-06,S
606428793,3,-0.00010052502191310042,C
606428793,3,-0.00013877305059312173,C
606428793,3,-0.00010561202429265615,C
606428793,3,-6.079414843057629e-05,C
606428793,3,-0.00013454082182312588,C
3304582332,3,1.2945170042910625e-05,C
3304582332,3,5.800357128049605e-06,C
3304582332,3,1.7994524127984413e-06,C
3304582332,3,5.800357128049605e-06,C
3304582332,3,1.2945170042910625e-05,C
3920757710,3,-0.0024465293931460463,C
3920757710,3,-0.004003364813493837,C
3920757710,3,-0.004032876423993803,C
3920757710,3,-0.0024674334211929327,C
3920757710,3,-0.002802897628221279,C
2923200147,3,-0.00034070964577398444,C
2923200147,3,-0.0005491703750118981,C
2923200147,3,-3.909020706333033e-05,C
2923200147,3,0.00014506179605772163,C
2923200147,3,-0.0001442956497378356,C
1349404210,3,-7.73520421519236e-05,N
1349404210,3,-0.0002125478905391498,N
1349404210,3,1.6492276624979763e-05,N
1349404210,3,-0.00014223750491976217,N
1349404210,3,-0.0003479403962647343,N
2238101436,3,-0.0005273390292532265,C
2238101436,3,-0.0007921179636429798,C
2238101436,3,-0.0003185156958223079,C
2238101436,3,-0.0010038735689791856,C
2238101436,3,0.0004967357450725851,C
310913359,3,0.0,C
310913359,3,0.0,C
310913359,3,0.0,C
310913359,3,0.0,C
310913359,3,0.0,C
4086265842,3,-0.0035613600331970696,C
4086265842,3,-0.0042269875457469075,C
4086265842,3,-0.0032454256496392553,C
4086265842,3,-0.0039590768660161535,C
4086265842,3,-0.0033920755097140987,C
3328145258,3,-9.294632712764095e-06,C
3328145258,3,0.0,C
3328145258,3,-9.294632712764095e-06,C
3328145258,3,-9.294632712764095e-06,C
3328145258,3,-7.16799778965882e-06,C
3045022511,3,0.0,S
3045022511,3,0.0,S
3045022511,3,0.0,S
3045022511,3,0.0,S
3045022511,3,0.0,S
910450790,3,-0.00020018572187946448,C
910450790,3,0.0017160584654605793,C
910450790,3,0.0026806546594431713,C
910450790,3,0.0009849391733925406,C
910450790,3,0.00159039825817614,C
1216095805,3,0.000808318004126396,C
1216095805,3,-0.0007400295571290405,C
1216095805,3,-0.0024845438311494883,C
1216095805,3,-0.0014315928567115166,C
1216095805,3,-0.0024084582590593318,C
2187394687,3,-8.121981419528801e-06,C
2187394687,3,2.0749291624322375e-05,C
2187394687,3,-9.473815861305024e-06,C
2187394687,3,7.759708869209403e-05,C
2187394687,3,8.552115706800256e-05,C
544755086,3,-0.00024349728927125502,C
544755086,3,-0.00036957229692186067,C
544755086,3,0.0002345494753648869,C
544755086,3,0.0002900528716404671,C
544755086,3,-0.00054635431762734,C
2425865203,3,0.0023080151449650366,C
2425865203,3,0.0007211875582578409,C
2425865203,3,0.0006269115072592424,C
2425865203,3,2.2949946839656565e-05,C
2425865203,3,3.2758031159152434e-05,C
1558658757,3,-0.0008056430812341531,C
1558658757,3,0.000728025369043539,C
1558658757,3,-0.001446055055108475,C
1558658757,3,-0.0026715400435903813,C
1558658757,3,-0.003277315941613901,C
68675643,3,0.00047242931719354564,C
68675643,3,-0.0002282896406616275,C
68675643,3,0.0004721987015379181,C
68675643,3,0.00026588017456569135,C
68675643,3,0.0004179999383041033,C
2905822145,3,0.00011281112156902307,C
2905822145,3,1.4619892311551475e-05,C
2905822145,3,-0.00032718890800631506,C
2905822145,3,-0.000634957811388781,C
2905822145,3,-0.00028539180112985285,C
2284773903,3,0.00013669829611812068,C
2284773903,3,0.0002687610173716659,C
2284773903,3,0.0003799084294467403,C
2284773903,3,0.00019725588550251194,C
2284773903,3,0.00018617574601054176,C
3835273908,3,-2.6246449891242918e-06,C
3835273908,3,4.441221432227582e-06,C
3835273908,3,-0.00010315618843481644,C
3835273908,3,9.429875052174852e-05,C
3835273908,3,-8.709865359513014e-05,C
3249398244,3,-4.767299472668851e-05,C
3249398244,3,5.758752147921875e-06,C
3249398244,3,1.0160076417187192e-05,C
3249398244,3,-1.5920733142438248e-05,C
3249398244,3,-5.936388683869254e-05,C
3772302167,3,0.0001236416916565175,C
3772302167,3,-0.0007553262449895848,C
3772302167,3,-0.0005540483491892623,C
3772302167,3,0.00012715132791518702,C
3772302167,3,0.00026063093160588746,C
2510215966,3,-0.0003370533129717912,C
2510215966,3,0.0002722858546685969,C
2510215966,3,-0.0001917333231062912,C
2510215966,3,-0.0006094353816908926,C
2510215966,3,-0.0005065673558069528,C
3406201864,3,-0.00304193141161041,C
3406201864,3,-0.002524252922338821,C
3406201864,3,0.0016199856130433843,C
3406201864,3,0.0008779889132515817,C
3406201864,3,0.0008902362739189873,C
3684013815,3,9.43952927022762e-05,C
3684013815,3,0.00020203847160388255,C
3684013815,3,8.980167536531969e-05,C
3684013815,3,0.0007453170818803589,C
3684013815,3,-0.00019792752260378021,C
787341104,3,-4.994078278508507e-05,C
787341104,3,-5.215008973580293e-05,C
787341104,3,-7.57480227649987e-05,C
787341104,3,0.0001342787300628312,C
787341104,3,-5.876112654618071e-05,C
1256946769,3,0.0003618354732136675,N
1256946769,3,0.00022900742443454636,N
1256946769,3,0.0007249241977548282,N
1256946769,3,0.0006758663548294686,N
1256946769,3,0.0004551771602566146,N
2110118862,3,-0.0014236503637855558,C
2110118862,3,-0.0008232371653076886,C
2110118862,3,-0.0011832004436747035,C
2110118862,3,-0.0009834913230129527,C
2110118862,3,-0.0016603122304815754,C
1899422126,3,0.0,C
1899422126,3,0.0,C
1899422126,3,0.0,C
1899422126,3,0.0,C
1899422126,3,0.0,C
3727960280,3,0.0,C
3727960280,3,0.0,C
3727960280,3,0.0,C
3727960280,3,0.0,C
3727960280,3,0.0,C
4023654873,3,-0.001863551093530258,C
4023654873,3,-0.0013618058176599335,C
4023654873,3,-0.0018498923079437457,C
4023654873,3,-0.001967896376267708,C
4023654873,3,-0.001068538236788319,C
467603055,3,0.0001760958436761717,C
467603055,3,-0.0005125486137133595,C
467603055,3,-0.0002680754173328137,C
467603055,3,-0.0006389842315214778,C
467603055,3,-0.0005204553172031834,C
409801989,3,-0.0003986476946376549,C
409801989,3,-6.277942268723136e-05,C
409801989,3,-0.00020821110349317218,C
409801989,3,-8.635991997074655e-05,C
409801989,3,0.000300298942305377,C
1289643292,3,-5.455256539299569e-05,N
1289643292,3,-4.9906886304851295e-05,N
1289643292,3,-4.777394140631497e-05,N
1289643292,3,-3.902282916129485e-05,N
1289643292,3,-5.921309890982718e-05,N
3011598321,3,0.00493004485559595,C
3011598321,3,0.0031611076487470524,C
3011598321,3,0.0032026227117211703,C
3011598321,3,0.0018566096166438562,C
3011598321,3,0.0015160993385818777,C
3460898310,3,-0.00011226402893083076,N
3460898310,3,-0.0002174114481650613,N
3460898310,3,-0.0005317558857761973,N
3460898310,3,-0.00029701964414186044,N
3460898310,3,-0.0010791807051574454,N
2971716993,3,5.4590114767050224e-05,N
2971716993,3,2.8204324245606482e-05,N
2971716993,3,-2.0706337316100942e-05,N
2971716993,3,8.166881176124852e-05,N
2971716993,3,7.083204276314703e-05,N
1556668346,3,0.00025851312458968767,N
1556668346,3,-0.00039251619306318597,N
1556668346,3,-0.0005180369126784323,N
1556668346,3,-0.00037772141696534867,N
1556668346,3,-0.0002535200963931783,N
4022716898,3,4.278299553295284e-06,C
4022716898,3,-2.27540895850753e-05,C
4022716898,3,7.015066845178497e-05,C
4022716898,3,3.0927395018254256e-05,C
4022716898,3,-4.391161478695116e-05,C
2458968089,3,-2.2641629496944482e-05,C
2458968089,3,0.0011906522403271058,C
2458968089,3,0.0011987099196274498,C
2458968089,3,3.9191705387797704e-05,C
2458968089,3,0.0006146367935790931,C
4164236649,3,-0.00030019056059410465,C
4164236649,3,-0.0002913836478465326,C
4164236649,3,-0.0005883791999178878,C
4164236649,3,-0.0008692216284679755,C
4164236649,3,-0.0006806131268554116,C
2154975788,3,0.0007128876450871457,C
2154975788,3,0.0005569222131527884,C
2154975788,3,-0.000555255100101959,C
2154975788,3,-0.00033574493330207344,C
2154975788,3,0.00013057204741617756,C
3248686995,3,0.0010343019971066347,C
3248686995,3,0.0014031469121408846,C
3248686995,3,0.001380892240177789,C
3248686995,3,-7.128299785746917e-05,C
3248686995,3,0.0003159810350135128,C
3909974435,3,-0.0014158570500262813,C
3909974435,3,0.00012006038649153838,C
3909974435,3,-0.0002402720652289192,C
3909974435,3,0.00029181321282822914,C
3909974435,3,-6.366455427569973e-05,C
3012080282,3,0.00028622551257839746,C
3012080282,3,-0.0001247711276052832,C
3012080282,3,0.00027735249672689033,C
3012080282,3,0.0012885863739012793,C
3012080282,3,-0.000953303629837754,C
3462333187,3,0.0005765021820640093,C
3462333187,3,0.00034083235080728524,C
3462333187,3,-1.00784657267039e-05,C
3462333187,3,3.6702547892009107e-06,C
3462333187,3,0.00030905785586754497,C
1229325558,3,-1.35261778184681e-05,N
1229325558,3,3.098291559866517e-05,N
1229325558,3,0.0001408095790467745,N
1229325558,3,8.690344927714255e-05,N
1229325558,3,-7.420613885533722e-06,N
3599139274,3,0.0006973652227620364,C
3599139274,3,0.0006244656169363538,C
3599139274,3,0.0009029912572467991,C
3599139274,3,0.0010380110011812271,C
3599139274,3,0.0006726505420416862,C
806369437,3,0.0,C
806369437,3,0.0,C
806369437,3,0.0,C
806369437,3,0.0,C
806369437,3,0.0,C
2395259406,3,-2.9458806025173256e-05,C
2395259406,3,-2.292965975503325e-05,C
2395259406,3,-1.5661733584970694e-05,C
2395259406,3,-2.1574666821566613e-05,C
2395259406,3,-1.1281455937761642e-06,C
864942795,3,-0.0026851446592160433,O
864942795,3,-0.0034399788132086773,O
864942795,3,-0.004844499072759412,O
864942795,3,-0.008286203867439723,O
864942795,3,-0.0025120939787542373,O
1785683843,3,-0.00018503553037574338,C
1785683843,3,0.0006432268154341059,C
1785683843,3,0.00019383334784045525,C
1785683843,3,0.0006404694418334911,C
1785683843,3,0.000622940706152264,C
2516197204,3,0.0005435878039056763,C
2516197204,3,0.0003663709898389378,C
2516197204,3,0.000510318729945336,C
2516197204,3,0.000774291617081091,C
2516197204,3,-2.761293749559135e-05,C
2295519362,3,0.0,C
2295519362,3,0.0,C
2295519362,3,0.0,C
2295519362,3,0.0,C
2295519362,3,0.0,C
2598322190,3,-3.6905377876483847e-06,C
2598322190,3,0.0,C
2598322190,3,-1.3595954169887126e-05,C
2598322190,3,2.1201905748280403e-06,C
2598322190,3,0.0,C
3153477100,3,-0.00016360978389701186,C
3153477100,3,0.00013450989394331314,C
3153477100,3,-0.0001969648391360601,C
3153477100,3,-0.00022264094887175512,C
3153477100,3,-0.00010733324476158712,C
2192318254,3,-8.586505749863527e-06,O
2192318254,3,4.820711997532978e-06,O
2192318254,3,4.292662964316962e-05,O
2192318254,3,2.8844233101454897e-05,O
2192318254,3,-1.2818734519748354e-05,O
1619222458,3,-0.000586294774918672,C
1619222458,3,-0.0004687530962526054,C
1619222458,3,-0.0007012311937782401,C
1619222458,3,-0.0006442245027274418,C
1619222458,3,-0.0007355362146179711,C
3824063894,3,-0.0003528433688206878,C
3824063894,3,-0.0002646173719203504,C
3824063894,3,-6.365645427630628e-05,C
3824063894,3,-0.0003703082969670479,C
3824063894,3,-2.9228981578366398e-05,C
885026269,3,0.0009904491782307678,C
885026269,3,-0.0016260588678195798,C
885026269,3,9.422961748578595e-05,C
885026269,3,-0.0004083791073887233,C
885026269,3,-0.0005673769463326317,C
472281497,3,7.227025128198061e-05,C
472281497,3,5.196147883318458e-05,C
472281497,3,5.054699253098649e-05,C
472281497,3,0.0001436192519074786,C
472281497,3,7.961683530177677e-06,C
2599973650,3,0.00011406624049992153,N
2599973650,3,0.00021949124475767468,N
2599973650,3,0.0002584612311387624,N
2599973650,3,0.00010806873288199403,N
2599973650,3,0.00018414266973043603,N
1582607016,3,8.849386662623804e-06,C
1582607016,3,1.351834441776223e-06,C
1582607016,3,8.849386662623804e-06,C
1582607016,3,1.351834441776223e-06,C
1582607016,3,0.0,C
1564511222,3,0.00010993122330882343,C
1564511222,3,9.574528865224918e-05,C
1564511222,3,8.898907825855007e-05,C
1564511222,3,0.00012484138156093616,C
1564511222,3,8.241684432436225e-05,C
3291149959,3,-0.0006660314647899401,C
3291149959,3,-0.0011215124505817298,C
3291149959,3,-0.0008419166340006279,C
3291149959,3,-0.0002263154107219889,C
3291149959,3,-0.000250610590964484,C
717151242,3,-0.00023752907758506359,O
717151242,3,0.0004836788538334358,O
717151242,3,-0.0002276623789770893,O
717151242,3,0.001038426094074063,O
717151242,3,-0.00049628005310276,O
2664995851,3,0.0007590474569084127,C
2664995851,3,0.001976856613285616,C
2664995851,3,-0.0010396327801378002,C
2664995851,3,0.0006737854038976754,C
2664995851,3,0.0010511119902857358,C
4239037249,3,3.8455946438753497e-05,C
4239037249,3,-0.0006878527652391386,C
4239037249,3,-0.0013572163248131153,C
4239037249,3,-9.924190132493127e-05,C
4239037249,3,-0.001374024239907734,C
166544320,3,-0.0011346928128024847,C
166544320,3,-0.0002970498604997762,C
166544320,3,0.0008647024095437827,C
166544320,3,-0.001041118861883794,C
166544320,3,0.00022285522348802767,C
2369690741,3,1.7956460532431162e-05,C
2369690741,3,0.00010933823355147032,C
2369690741,3,6.244597997001611e-05,C
2369690741,3,5.180996106807223e-05,C
2369690741,3,1.374279416938018e-05,C
3234104871,3,-9.1858830548186e-06,C
3234104871,3,-7.732479182953611e-06,C
3234104871,3,-9.38093389263317e-06,C
3234104871,3,-3.6246166899012167e-06,C
3234104871,3,-3.232189760227211e-06,C
616374597,3,-0.001522977137267234,C
616374597,3,-0.0013763269278829204,C
616374597,3,-0.0018566041589981874,C
616374597,3,-0.0013365082007907314,C
616374597,3,-0.0015320228996181795,C
2974534217,3,0.0001061607172742618,C
2974534217,3,5.858526418739407e-05,C
2974534217,3,0.0002342899003430765,C
2974534217,3,-7.211234100185093e-05,C
2974534217,3,0.0001307955579535336,C
828793177,3,0.00044708899699702487,N
828793177,3,-8.335271025433633e-05,N
828793177,3,-9.959414129434574e-05,N
828793177,3,-0.00020845112635320406,N
828793177,3,-3.973227071990548e-05,N
368713488,3,0.0009531793254729526,C
368713488,3,0.0015348356546265318,C
368713488,3,0.0013132302602906765,C
368713488,3,0.00020745136860422786,C
368713488,3,0.001424030509201868,C
3177362943,3,0.0001343023674991728,C
3177362943,3,0.0006948325111166831,C
3177362943,3,5.4752920901346425e-05,C
3177362943,3,-0.00011911042307377606,C
3177362943,3,7.112205740078537e-05,C
912632640,3,0.000631607640547982,C
912632640,3,0.0001854783217903888,C
912632640,3,0.0007354618544537783,C
912632640,3,0.0008107456074550323,C
912632640,3,0.0003129495189023168,C
214126897,3,0.0,C
214126897,3,0.0,C
214126897,3,0.0,C
214126897,3,0.0,C
214126897,3,0.0,C
4212936508,3,-0.00031067170887144613,N
4212936508,3,0.002560224444104753,N
4212936508,3,0.0007786249960193281,N
4212936508,3,0.0026949255336876643,N
4212936508,3,-0.001035840663707932,N
3376021752,3,0.00023665317166021715,O
3376021752,3,-6.781019891322071e-05,O
3376021752,3,0.0005095299277245169,O
3376021752,3,0.0008161926341008763,O
3376021752,3,0.00029456936981714366,O
2987120039,3,0.0011055766272430323,C
2987120039,3,3.0935068973891866e-05,C
2987120039,3,0.0008378536030976824,C
2987120039,3,0.0019153155191368176,C
2987120039,3,0.0017595431423101937,C
3816921572,3,-0.0005828811879242113,C
3816921572,3,-0.0003325507766285818,C
3816921572,3,-0.00010361755847393406,C
3816921572,3,-0.0006278974283953076,C
3816921572,3,-4.549667271797064e-05,C
203749390,3,0.0012587574675344548,C
203749390,3,0.002145949510889922,C
203749390,3,0.0014655047990325132,C
203749390,3,0.0009088507601487383,C
203749390,3,0.0002714363367504191,C
992462230,3,0.0004717412380966235,C
992462230,3,-0.00027697095419720874,C
992462230,3,0.0003134141442127647,C
992462230,3,-0.0002403919034417168,C
992462230,3,0.00014654154773419137,C
1506993418,3,-0.000226447950611941,C
1506993418,3,-0.00018423695644181892,C
1506993418,3,-0.0008522464092525772,C
1506993418,3,-0.0006780005514899767,C
1506993418,3,-0.0009446682396721529,C
1486598263,3,0.0003095072426342882,C
1486598263,3,0.00016059106721666438,C
1486598263,3,0.00017968077827096307,C
1486598263,3,0.00017835958674156105,C
1486598263,3,0.00017877709182562151,C
1914416804,3,-2.126634923105275e-06,N
1914416804,3,7.144812914861021e-06,N
1914416804,3,7.144812914861021e-06,N
1914416804,3,0.0,N
1914416804,3,0.0,N
54936104,3,-0.0004006217481574703,C
54936104,3,-0.000965261421736141,C
54936104,3,-0.0009032695327356732,C
54936104,3,-0.0006863289638447401,C
54936104,3,-3.366070710342228e-05,C
3090652201,3,-2.8355027253346154e-05,C
3090652201,3,2.9965090669381578e-05,C
3090652201,3,0.0005571020862012444,C
3090652201,3,0.0,C
3090652201,3,-2.8355027253346154e-05,C
2987687375,3,0.0,C
2987687375,3,0.0,C
2987687375,3,0.0,C
2987687375,3,0.0,C
2987687375,3,0.0,C
2296493092,3,-0.0004361453217693878,N
2296493092,3,-0.0004145877700852951,N
2296493092,3,-0.0005039135032646747,N
2296493092,3,-0.00042716495526468057,N
2296493092,3,-0.0004160411739571601,N
668520641,3,0.0010404001106018579,C
668520641,3,0.003015209007389663,C
668520641,3,-0.0020778074758791565,C
668520641,3,-0.0015332700598188476,C
668520641,3,-0.00024335464072750002,C
848127915,3,-0.007836174314323041,N
848127915,3,-0.007362559219546427,N
848127915,3,-0.0010312913313152428,N
848127915,3,-0.007496082494182432,N
848127915,3,-0.008020301905726002,N
2378775366,3,0.0031439371344719746,O
2378775366,3,0.0001989544383062536,O
2378775366,3,0.0018210892102802911,O
2378775366,3,-0.0003537367421280191,O
2378775366,3,0.00139112989717588,O
2592785365,3,7.384473728389018e-06,N
2592785365,3,-7.180236468923296e-05,N
2592785365,3,3.13256619366431e-06,N
2592785365,3,0.00011265167490936978,N
2592785365,3,5.022736584398002e-05,N
460073430,3,1.0128470886550112e-05,C
460073430,3,2.2311671019181745e-05,C
460073430,3,3.290108695508387e-05,C
460073430,3,1.911640262808323e-05,C
460073430,3,2.2311671019181745e-05,C
2378779377,3,-0.0007942394310910261,O
2378779377,3,0.001662246855556937,O
2378779377,3,0.00134399043764738,O
2378779377,3,0.000560351640716994,O
2378779377,3,-0.0007278613209286688,O
4194366826,3,-0.0005671087166090327,C
4194366826,3,0.0007277029968126847,C
4194366826,3,0.00055830995146533,C
4194366826,3,0.0005520313434089208,C
4194366826,3,0.0007136168454821012,C
1136130381,3,-0.001746256775824906,C
1136130381,3,-0.0019432234958279837,C
1136130381,3,-0.002024929632707839,C
1136130381,3,-0.0021229858989852413,C
1136130381,3,-0.0017467079408816644,C
1646750527,3,-0.0010934979918915677,C
1646750527,3,-0.00019522674288335873,C
1646750527,3,-0.002087811432098796,C
1646750527,3,-0.0014068066719895578,C
1646750527,3,-0.0025871480167088956,C
1163692816,3,0.0013846215403571782,N
1163692816,3,0.001123096380479749,N
1163692816,3,0.0003530659531100211,N
1163692816,3,0.0005658776689147493,N
1163692816,3,0.0006011639995737728,N
1840994228,3,0.000632354569152116,C
1840994228,3,-0.0008205639205237647,C
1840994228,3,0.0007613236134052515,C
1840994228,3,0.00016127668618864943,C
1840994228,3,0.0003431128710371101,C
2609658248,3,-0.0034812224330159625,C
2609658248,3,-0.002273326680690524,C
2609658248,3,-0.00256790290612241,C
2609658248,3,-0.0024953241866866316,C
2609658248,3,-0.0018660171966415895,C
2353583745,3,-0.0005433718092521245,C
2353583745,3,-0.0008571928320779687,C
2353583745,3,-0.0013902710784162164,C
2353583745,3,-0.0014179727925037189,C
2353583745,3,-0.0008320730607028204,C
3443041413,3,-0.00038905312639947454,C
3443041413,3,0.0011798166858082992,C
3443041413,3,-0.000423397739291953,C
3443041413,3,-0.0006422249771940725,C
3443041413,3,-6.080771374256111e-05,C
3286720230,3,1.374279416938018e-05,C
3286720230,3,1.374279416938018e-05,C
3286720230,3,1.374279416938018e-05,C
3286720230,3,1.374279416938018e-05,C
3286720230,3,1.374279416938018e-05,C
1449131080,3,-0.0027690942667167318,C
1449131080,3,-0.0048438968195493315,C
1449131080,3,-0.0016234797445477955,C
1449131080,3,-0.005018541374391505,C
1449131080,3,-0.003809960341829899,C
636971230,3,0.001053653698394108,C
636971230,3,0.000555342432223549,C
636971230,3,0.0010002637627959388,C
636971230,3,0.00046680145866162537,C
636971230,3,0.0005279098845817343,C
2251845666,3,-0.00016747517875209672,C
2251845666,3,-2.142187839765386e-05,C
2251845666,3,-0.00010279535921686733,C
2251845666,3,5.2206720888015035e-06,C
2251845666,3,-9.238292919633295e-05,C
305828102,3,0.0005269786297668055,C
305828102,3,0.0008549140530685895,C
305828102,3,0.000614603081160181,C
305828102,3,0.0007768432508493683,C
305828102,3,0.00047232678120096017,C
2810604122,3,-7.482941957059897e-05,C
2810604122,3,6.472513787997292e-05,C
2810604122,3,6.472513787997292e-05,C
2810604122,3,0.0,C
2810604122,3,-2.107017031588443e-05,C
979999009,3,0.0018299854139067206,C
979999009,3,0.0006503152722743266,C
979999009,3,0.002241583486555898,C
979999009,3,0.0004879525717494948,C
979999009,3,-0.00018934534884929022,C
4083722611,3,5.1016621938848594e-05,C
4083722611,3,8.792774744076359e-05,C
4083722611,3,0.00011158434378572002,C
4083722611,3,4.18094871680319e-05,C
4083722611,3,8.529432392712089e-05,C
849275503,3,0.0009686605953362903,N
849275503,3,0.0009654354763680151,N
849275503,3,0.0007123867454919552,N
849275503,3,0.0015618788977722065,N
849275503,3,0.00031992752642523437,N
3533643770,3,0.0013202172370122556,C
3533643770,3,0.0008631169494794366,C
3533643770,3,0.0008792449603383101,C
3533643770,3,0.000907688944859264,C
3533643770,3,0.0016278660165388592,C
594486406,3,0.0,C
594486406,3,0.0,C
594486406,3,0.0,C
594486406,3,0.0,C
594486406,3,0.0,C
2697642734,3,-6.941802151899656e-05,O
2697642734,3,0.0002805339627497405,O
2697642734,3,-0.00025726810324971927,O
2697642734,3,-6.650688477877198e-05,O
2697642734,3,-0.00046256379672365844,O
3345225135,3,3.6067750489809924e-05,N
3345225135,3,0.0001652319570751848,N
3345225135,3,0.0001360372951475508,N
3345225135,3,-1.2583461483473002e-05,N
3345225135,3,6.941775264968086e-05,N
1348783936,3,-0.0007926562172625995,C
1348783936,3,-0.002359885735218059,C
1348783936,3,-0.0036411452341472694,C
1348783936,3,-0.0016974307243651232,C
1348783936,3,-0.0017106635565233286,C
3848368466,3,0.0,C
3848368466,3,0.0,C
3848368466,3,0.0,C
3848368466,3,0.0,C
3848368466,3,0.0,C
4130182993,3,0.0005714640793857972,C
4130182993,3,4.9322671253515527e-05,C
4130182993,3,-0.0009881893406798459,C
4130182993,3,-0.0005225854338938296,C
4130182993,3,0.00040248320085417566,C
994637429,3,5.141932082630696e-05,N
994637429,3,5.1528051028482125e-05,N
994637429,3,0.00012852466887797176,N
994637429,3,7.344286526389521e-05,N
994637429,3,7.162245531161515e-05,N
1868697328,3,1.045259486825989e-05,C
1868697328,3,1.257278544308793e-05,C
1868697328,3,1.4892126791399285e-05,C
1868697328,3,1.045259486825989e-05,C
1868697328,3,6.772428315038326e-06,C
485458970,3,0.0006247049041937514,F
485458970,3,-5.20796703201154e-05,F
485458970,3,0.0003391757476945978,F
485458970,3,0.0007840286791227502,F
485458970,3,-0.00041751958425234603,F
1971534293,3,-0.000905562286516115,O
1971534293,3,-0.0008175819438563381,O
1971534293,3,-0.0003843940811528723,O
1971534293,3,-0.0003422524551458528,O
1971534293,3,-0.0008318489983152877,O
2667063169,3,-8.582149848279652e-06,O
2667063169,3,0.00016310555040999208,O
2667063169,3,0.00018787316388746422,O
2667063169,3,0.00016597306634563713,O
2667063169,3,0.0004847167766106053,O
831463242,3,0.0016033263957040411,N
831463242,3,0.0014066559072070106,N
831463242,3,0.0010227911396391565,N
831463242,3,0.0003891617768561617,N
831463242,3,0.0014500268071629963,N
473978627,3,0.00022660916521244356,C
473978627,3,-7.52045624919373e-05,C
473978627,3,0.00020541603024687438,C
473978627,3,0.00034639885589760055,C
473978627,3,0.00022660916521244356,C
2251883808,3,0.0005929737281734071,C
2251883808,3,1.1071728534928216e-05,C
2251883808,3,0.00032771188354008274,C
2251883808,3,0.00027893950775298437,C
2251883808,3,4.451707788477588e-05,C
2959332130,3,0.0,C
2959332130,3,0.0,C
2959332130,3,-2.50746427277182e-06,C
2959332130,3,0.0,C
2959332130,3,-7.16799778965882e-06,C
256204769,3,0.0011094073754740474,C
256204769,3,0.001128231744685404,C
256204769,3,0.00010701989764488884,C
256204769,3,0.0010737627584540554,C
256204769,3,0.0015803650745828124,C
2194376677,3,0.00013915841495149017,C
2194376677,3,-0.0004355751086860815,C
2194376677,3,-0.00012268315786956308,C
2194376677,3,0.00039328223137558016,C
2194376677,3,0.0,C
800085213,3,0.00027672586266180854,C
800085213,3,0.000665659281984532,C
800085213,3,0.0009803509228988316,C
800085213,3,-0.00012238428767596954,C
800085213,3,0.0007644998471525444,C
3705139132,3,-0.00021545284104490525,C
3705139132,3,5.189214060846714e-05,C
3705139132,3,-6.476536045646464e-05,C
3705139132,3,8.270437734264613e-05,C
3705139132,3,-0.0006494327287200341,C
2834566420,3,0.0,C
2834566420,3,0.0,C
2834566420,3,0.0,C
2834566420,3,0.0,C
2834566420,3,0.0,C
3341916169,3,0.000144523325488366,C
3341916169,3,0.0007426328978237251,C
3341916169,3,0.0009873187773566383,C
3341916169,3,0.0007261740994097821,C
3341916169,3,0.0013171289813087572,C
1186654798,3,0.0,C
1186654798,3,0.0,C
1186654798,3,0.0,C
1186654798,3,0.0,C
1186654798,3,0.0,C
215394313,3,0.0,C
215394313,3,0.0,C
215394313,3,0.0,C
215394313,3,0.0,C
215394313,3,0.0,C
816543468,3,0.0,C
816543468,3,0.0,C
816543468,3,0.0,C
816543468,3,0.0,C
816543468,3,0.0,C
3796970912,3,-0.00014602582876649395,C
3796970912,3,2.3000290280461577e-05,C
3796970912,3,-7.644653909266719e-05,C
3796970912,3,-0.00014374497294461497,C
3796970912,3,-5.2322019431949585e-05,C
3028039221,3,0.0,N
3028039221,3,0.0,N
3028039221,3,0.0,N
3028039221,3,0.0,N
3028039221,3,0.0,N
2261212172,3,0.0,C
2261212172,3,0.0,C
2261212172,3,0.0,C
2261212172,3,0.0,C
2261212172,3,0.0,C
4182960975,3,0.0,C
4182960975,3,0.0,C
4182960975,3,0.0,C
4182960975,3,0.0,C
4182960975,3,0.0,C
2438720939,3,-0.00010746056679783456,C
2438720939,3,-2.8025777259854667e-05,C
2438720939,3,-0.00010698413566556653,C
2438720939,3,-7.396808682508249e-05,C
2438720939,3,-5.356665633721169e-05,C
1033192140,3,1.1145717630112184e-05,C
1033192140,3,1.1145717630112184e-05,C
1033192140,3,8.646583803395558e-06,C
1033192140,3,8.646583803395558e-06,C
1033192140,3,1.8807141404231231e-06,C
1630528126,3,0.0001290236021051494,C
1630528126,3,6.689296382822452e-05,C
1630528126,3,0.00011060810965135559,C
1630528126,3,0.00013970645130922943,C
1630528126,3,9.109813175972592e-05,C
3974650111,3,0.001293076739191934,C
3974650111,3,0.001295705963028082,C
3974650111,3,0.0013299486608708277,C
3974650111,3,-7.4044317689980765e-06,C
3974650111,3,0.0004457231457808408,C
1910766508,3,-0.0003076536240456673,C
1910766508,3,0.00039517442835002026,C
1910766508,3,0.00032459673154644486,C
1910766508,3,0.00029528034311698814,C
1910766508,3,-8.849372823416246e-07,C
4081537576,3,0.0,C
4081537576,3,0.0,C
4081537576,3,0.0,C
4081537576,3,0.0,C
4081537576,3,0.0,C
1255595680,3,-1.927183713140712e-05,C
1255595680,3,-3.169871838931693e-05,C
1255595680,3,-2.2404085676552832e-05,C
1255595680,3,-2.4911549949380163e-05,C
1255595680,3,-1.927183713140712e-05,C
1630260676,3,0.0,C
1630260676,3,0.0,C
1630260676,3,0.0,C
1630260676,3,0.0,C
1630260676,3,0.0,C
3129492592,3,0.0003120099785079433,C
3129492592,3,5.454888176581463e-05,C
3129492592,3,0.00017088481799498734,C
3129492592,3,0.00029806865936460314,C
3129492592,3,0.00015425756157322335,C
781912670,3,2.9116645475335545e-05,C
781912670,3,0.0001464409805042033,C
781912670,3,0.000281258968968634,C
781912670,3,0.00021740097906697287,C
781912670,3,-5.8485996250190464e-05,C
2487927669,3,0.0,C
2487927669,3,0.0,C
2487927669,3,0.0,C
2487927669,3,0.0,C
2487927669,3,0.0,C
3787488754,3,0.0010988491311027526,C
3787488754,3,0.0002966949886956116,C
3787488754,3,9.726330019149687e-05,C
3787488754,3,0.0006708513819347894,C
3787488754,3,0.0009920784522082227,C
2308348490,3,0.0010520708520032618,C
2308348490,3,0.0010643836569407261,C
2308348490,3,0.0028621905738253073,C
2308348490,3,0.0015773426089056297,C
2308348490,3,0.003077309247358051,C
2333272823,3,0.0,C
2333272823,3,1.351834441776223e-06,C
2333272823,3,0.0,C
2333272823,3,2.8017191759377447e-06,C
2333272823,3,0.0,C
2812398603,3,0.0015478295637331718,C
2812398603,3,0.0005491263944989444,C
2812398603,3,0.0007716290224584754,C
2812398603,3,0.0001179651526982961,C
2812398603,3,0.0009745360300673633,C
2999514534,3,2.32511991504758e-05,C
2999514534,3,0.00020754583692894624,C
2999514534,3,-6.675158258495628e-05,C
2999514534,3,0.0002063833922613112,C
2999514534,3,1.8731466273069763e-06,C
3222770065,3,-0.0006417467524582054,C
3222770065,3,-0.001152435172154298,C
3222770065,3,-0.001059502864362849,C
3222770065,3,-0.0008629012832401806,C
3222770065,3,-0.0005999860568614568,C
3491109101,3,-0.0007059033966950734,C
3491109101,3,-0.0008244932398095983,C
3491109101,3,-0.0008486571490082251,C
3491109101,3,-0.0006071783933105923,C
3491109101,3,-0.00046827914986391495,C
1255626466,3,0.0,
1255626466,3,0.0,
1255626466,3,0.0,
1255626466,3,0.0,
1255626466,3,0.0,
3289231689,3,4.128431168992641e-05,C
3289231689,3,-2.729474664708853e-05,C
3289231689,3,2.753014821954558e-05,C
3289231689,3,2.753014821954558e-05,C
3289231689,3,4.128431168992641e-05,C
3745584548,3,0.004051698816871452,C
3745584548,3,-0.0024900423783540404,C
3745584548,3,-0.0033733997449077457,C
3745584548,3,0.005604841414701134,C
3745584548,3,0.0077103689492605265,C
1914229733,3,-0.0004427303253232706,C
1914229733,3,-0.0007766559754929236,C
1914229733,3,-0.0008141339936206249,C
1914229733,3,-0.0006040037221242689,C
1914229733,3,-0.0012173413700522495,C
216545222,3,-0.0009576688499522423,N
216545222,3,-0.0005829878777928177,N
216545222,3,-0.0008738651479543447,N
216545222,3,-0.0007522763601350846,N
216545222,3,-0.00012546674064867203,N
2331740049,3,6.653969684161654e-05,N
2331740049,3,8.605229788932744e-05,N
2331740049,3,5.8652576396589495e-05,N
2331740049,3,0.00016151233914596386,N
2331740049,3,7.329615388618205e-05,N
2355446912,3,-8.8881861171064e-07,C
2355446912,3,-3.6905377876483847e-06,C
2355446912,3,-9.129260862605904e-06,C
2355446912,3,-4.852982455283428e-06,C
2355446912,3,-7.679376128444382e-06,C
859799282,3,-0.0002134219475138921,C
859799282,3,0.0010931529742678747,C
859799282,3,0.0014276175667584101,C
859799282,3,-0.0002946748787103215,C
859799282,3,0.002152751877100123,C
3811375594,3,0.0015105616297281799,C
3811375594,3,0.0011357616708406737,C
3811375594,3,0.0012852053064534297,C
3811375594,3,0.0018377124217467955,C
3811375594,3,0.001331673427972524,C
144568923,3,-0.00032176043131570964,C
144568923,3,-0.00040599350374187493,C
144568923,3,-0.0003255055424302711,C
144568923,3,0.00015614901704352757,C
144568923,3,0.0003731088444918207,C
2557045420,3,0.0,N
2557045420,3,0.0,N
2557045420,3,0.0,N
2557045420,3,0.0,N
2557045420,3,0.0,N
4265716399,3,-0.0007730490389160072,N
4265716399,3,-0.0007730490389160072,N
4265716399,3,-0.0005382245702063582,N
4265716399,3,0.0002728640163447982,N
4265716399,3,-0.0003371912301878277,N
778974661,3,0.0008535123925964005,C
778974661,3,0.0010059059481104526,C
778974661,3,-0.0007965008113946515,C
778974661,3,-0.00038827083924242167,C
778974661,3,-0.0005101685491965546,C
3914061263,3,-1.3289492109713752e-05,C
3914061263,3,2.3571296989821633e-06,C
3914061263,3,-1.3289492109713752e-05,C
3914061263,3,2.9406994942471343e-06,C
3914061263,3,-8.56992465292361e-06,C
3330819572,3,-0.0014999363504202834,C
3330819572,3,0.0005225279958173124,C
3330819572,3,-0.0010045511101189342,C
3330819572,3,-0.0006828681951965287,C
3330819572,3,-0.0005803109231086734,C
1674219510,3,0.00010844757938194283,C
1674219510,3,-3.764694938707125e-05,C
1674219510,3,-5.099154923815519e-05,C
1674219510,3,-0.0003622528458833152,C
1674219510,3,0.00019333346815342267,C
2170404731,3,0.0016813939869265715,C
2170404731,3,0.001321859478657872,C
2170404731,3,-0.00030283368353317686,C
2170404731,3,0.0006636637811791024,C
2170404731,3,-0.0015799036767292773,C
3116051204,3,0.0003081781522425442,C
3116051204,3,-0.00011895724779420469,C
3116051204,3,0.00034753468746812066,C
3116051204,3,0.0002547316079062334,C
3116051204,3,6.21202384389341e-05,C
493191496,3,4.1081814132759575e-06,C
493191496,3,3.7479417906438606e-06,C
493191496,3,1.275712714216004e-05,C
493191496,3,5.929070461230257e-05,C
493191496,3,2.9810665975738004e-06,C
851463431,3,-0.002341238448844596,C
851463431,3,-0.0015141454470016802,C
851463431,3,-0.001408616244873595,C
851463431,3,-0.0008160602798750194,C
851463431,3,-0.0014862881372042502,C
2839110432,3,0.00023769825986125204,C
2839110432,3,-6.140596517340002e-05,C
2839110432,3,-0.0003878323935287975,C
2839110432,3,0.00011881867811591729,C
2839110432,3,0.0005754680737906082,C
1913726790,3,0.0,C
1913726790,3,0.0,C
1913726790,3,0.0,C
1913726790,3,0.0,C
1913726790,3,0.0,C
512485612,3,0.0,C
512485612,3,0.0,C
512485612,3,0.0,C
512485612,3,0.0,C
512485612,3,0.0,C
3631761933,3,-0.00011431933032463037,C
3631761933,3,-5.906841528907636e-05,C
3631761933,3,-2.798745629639665e-05,C
3631761933,3,-2.1652374477765246e-05,C
3631761933,3,-1.8490015502026225e-07,C
3254486562,3,0.0004981021592610491,C
3254486562,3,0.0003249164644096303,C
3254486562,3,-3.3283974666287186e-05,C
3254486562,3,0.0006483576400351798,C
3254486562,3,0.00030942194954913793,C
1163048604,3,-7.810466024471552e-05,C
1163048604,3,0.0,C
1163048604,3,0.0001651785525897953,C
1163048604,3,0.0008445520319751987,C
1163048604,3,0.000484019431487015,C
265892994,3,-0.00019265720032402012,O
265892994,3,-0.0003071223162765535,O
265892994,3,-0.000470579883064981,O
265892994,3,0.00048401360351191247,O
265892994,3,0.0004672581685077337,O
2328129879,3,-2.390294614312838e-05,O
2328129879,3,-2.8197639355909132e-05,O
2328129879,3,-3.679265471634441e-05,O
2328129879,3,-1.7503427905241065e-05,O
2328129879,3,-1.2872318893575319e-05,O
3048383039,3,-0.0002282169063785311,C
3048383039,3,-5.02142390913507e-05,C
3048383039,3,-1.452422904546502e-05,C
3048383039,3,8.998035076934752e-05,C
3048383039,3,-0.0001774236471169255,C
1222631225,3,0.0002487288893066597,C
1222631225,3,0.00019966201442334075,C
1222631225,3,0.0003772236287902797,C
1222631225,3,-0.0007868639724592508,C
1222631225,3,9.933136852363633e-05,C
1272192549,3,0.0002687792342865869,C
1272192549,3,0.00019066139312806651,C
1272192549,3,-6.37258559205156e-05,C
1272192549,3,-0.00025853038624962243,C
1272192549,3,0.00018436704818275418,C
222023415,3,0.00010652774744740467,N
222023415,3,-0.0001365179325203414,N
222023415,3,0.00040305567970133627,N
222023415,3,-0.0006499271562777076,N
222023415,3,-1.1869064061087453e-05,N
617798156,3,-0.0005635376443026696,O
617798156,3,-0.0006101605690022605,O
617798156,3,-0.000820432207008559,O
617798156,3,-0.0007036091626611007,O
617798156,3,-0.0004701053555894452,O
190140222,3,5.987611443691865e-05,N
190140222,3,1.6152002688729628e-05,N
190140222,3,-9.858214250307862e-05,N
190140222,3,8.364450150399882e-05,N
190140222,3,0.00010835010167881132,N
4180801603,3,0.0003108926608709206,C
4180801603,3,-0.00041572898191538643,C
4180801603,3,0.00021705336546029574,C
4180801603,3,-0.0009414977246605116,C
4180801603,3,0.0010150690167425314,C
3984860707,3,0.0,S
3984860707,3,0.0,S
3984860707,3,0.0,S
3984860707,3,0.0,S
3984860707,3,0.0,S
3462308225,3,0.00131109817342967,C
3462308225,3,0.001219794048718248,C
3462308225,3,0.001433412227340114,C
3462308225,3,0.0017775001327614004,C
3462308225,3,0.0014993078945006455,C
2355616982,3,0.0010447024434267482,C
2355616982,3,-0.0004164566589666685,C
2355616982,3,0.0007499242911149784,C
2355616982,3,-3.6880666919814065e-05,C
2355616982,3,-0.0024412004829066913,C
4042373501,3,-0.0007498628109566807,C
4042373501,3,0.0012296129435043213,C
4042373501,3,0.001156717452426459,C
4042373501,3,-5.3062299335382423e-05,C
4042373501,3,0.0005845454383119897,C
736514702,3,0.0004912789976984078,O
736514702,3,-0.00028240719472572007,O
736514702,3,0.0005266488936689906,O
736514702,3,0.0009481794143215705,O
736514702,3,0.00017998197401403182,O
65941455,3,0.0008957041580212044,C
65941455,3,0.00012947731315982036,C
65941455,3,0.0017665757184945896,C
65941455,3,0.001467391802331408,C
65941455,3,0.00031271319608289216,C
2411289135,3,0.0,C
2411289135,3,0.0,C
2411289135,3,0.0,C
2411289135,3,0.0,C
2411289135,3,0.0,C
661888323,3,0.0,C
661888323,3,0.0,C
661888323,3,0.0,C
661888323,3,0.0,C
661888323,3,0.0,C
1909986973,3,0.0010877087809024188,C
1909986973,3,0.0010049956287903061,C
1909986973,3,0.00018443880992508044,C
1909986973,3,0.00028868026659595314,C
1909986973,3,0.0006133987683435982,C
984189120,3,-0.0020300452503744237,P
984189120,3,-0.0023729956352164794,P
984189120,3,-0.0004849848916550492,P
984189120,3,0.0011366369339393945,P
984189120,3,-0.0007186070660952226,P
237615532,3,5.132341489438863e-05,C
237615532,3,-0.0001072696638453885,C
237615532,3,2.6921389227108072e-05,C
237615532,3,4.793973467026591e-05,C
237615532,3,7.406977747953514e-05,C
3598064087,3,-2.126634923105275e-06,C
3598064087,3,-2.126634923105275e-06,C
3598064087,3,0.0,C
3598064087,3,-1.57225890929924e-05,C
3598064087,3,-5.81717271075366e-06,C
1795978025,3,-5.0155975928223295e-05,C
1795978025,3,-0.00015576800022093495,C
1795978025,3,-0.00017084819742368973,C
1795978025,3,-0.00015068099784137923,C
1795978025,3,-0.00014539812285491172,C
2235918822,3,-0.0008802977179317995,O
2235918822,3,-0.0007273740125363082,O
2235918822,3,-0.0008096818750596424,O
2235918822,3,-0.001531501426030979,O
2235918822,3,-0.0005798131010442686,O
1876820278,3,-0.00018552925826376132,C
1876820278,3,1.834758099034106e-05,C
1876820278,3,-0.0003746963379161472,C
1876820278,3,-8.704205968701473e-05,C
1876820278,3,-0.0003713171634359136,C
698395004,3,-2.8083968053316255e-06,C
698395004,3,0.0,C
698395004,3,-3.9708414729666686e-06,C
698395004,3,-2.8083968053316255e-06,C
698395004,3,-1.4534038718649889e-06,C
1207774339,3,-1.499257292458811e-05,C
1207774339,3,-3.0402671929774527e-05,C
1207774339,3,-4.512921900623468e-06,C
1207774339,3,-4.037651198174341e-05,C
1207774339,3,-1.3263848687772306e-05,C
431202968,3,0.00018447244779384864,O
431202968,3,1.7301479566522726e-05,O
431202968,3,0.0005994194659873497,O
431202968,3,0.0003826724150560179,O
431202968,3,0.00041700896218360706,O
833901780,3,5.990741415640155e-05,N
833901780,3,0.0002682218624156518,N
833901780,3,5.381039131635568e-05,N
833901780,3,0.00029421078917490906,N
833901780,3,8.768767139488709e-05,N
1821698485,3,-0.0001645299792980559,C
1821698485,3,-0.0002622111646240488,C
1821698485,3,-9.543818294849293e-05,C
1821698485,3,0.00013466248252269608,C
1821698485,3,1.2505016561303872e-05,C
1906719888,3,0.0,C
1906719888,3,0.0,C
1906719888,3,0.0,C
1906719888,3,0.0,C
1906719888,3,0.0,C
2809361097,3,0.0,C
2809361097,3,0.00020402335288549622,C
2809361097,3,0.00026151413190345085,C
2809361097,3,-0.0001225961190727265,C
2809361097,3,0.00021861272143025579,C
2036328569,3,-0.0020586681069957313,C
2036328569,3,-0.0011688352338585783,C
2036328569,3,-0.0011589681144388297,C
2036328569,3,-0.0007459254942530635,C
2036328569,3,-0.0007632868474635179,C
2512623809,3,-0.0002044969675060737,C
2512623809,3,-0.0002044969675060737,C
2512623809,3,2.689102455671888e-05,C
2512623809,3,-0.00010551446890388894,C
2512623809,3,-0.0002044969675060737,C
2817106133,3,0.0,C
2817106133,3,0.0,C
2817106133,3,0.0,C
2817106133,3,0.0,C
2817106133,3,0.0,C
1754248939,3,0.00015790715807684208,C
1754248939,3,2.6038551497520324e-05,C
1754248939,3,0.0001801107327967233,C
1754248939,3,0.0003704357455181495,C
1754248939,3,0.0003232923974514912,C
2635303940,3,0.00011935370748572538,C
2635303940,3,0.00015560137201442448,C
2635303940,3,0.0004042635720670207,C
2635303940,3,0.00029902494647143785,C
2635303940,3,0.0001260529550382028,C
1396348621,3,0.00016268508591327224,C
1396348621,3,0.00012716049517041972,C
1396348621,3,-0.00012013453939918595,C
1396348621,3,0.00017501776116896073,C
1396348621,3,-2.9771756441698827e-05,C
2479916646,3,-8.595015360435276e-06,C
2479916646,3,-6.925315440386992e-06,C
2479916646,3,-1.0157505200614203e-05,C
2479916646,3,-8.595015360435276e-06,C
2479916646,3,-6.925315440386992e-06,C
4282315164,3,-0.00024947613837777993,N
4282315164,3,-0.0002198351229341644,N
4282315164,3,-0.00018010424945164027,N
4282315164,3,-0.00020914483062883793,N
4282315164,3,-0.0002580831516141857,N
2486266314,3,0.0,
2486266314,3,0.0,
2486266314,3,0.0,
2486266314,3,0.0,
2486266314,3,0.0,
1019269664,3,0.0,N
1019269664,3,0.0,N
1019269664,3,0.0,N
1019269664,3,0.0,N
1019269664,3,0.0,N
3118635600,3,0.00023883620837605868,C
3118635600,3,0.0004540758156011404,C
3118635600,3,0.0003474683628176267,C
3118635600,3,0.0001532037485075799,C
3118635600,3,0.0005581676008151737,C
3218370331,3,-5.756317202731953e-06,P
3218370331,3,-5.756317202731953e-06,P
3218370331,3,-4.4013242692653165e-06,P
3218370331,3,-4.4013242692653165e-06,P
3218370331,3,-5.756317202731953e-06,P
3044392905,3,0.0011206062421135754,N
3044392905,3,0.00010968668347538513,N
3044392905,3,0.0006482890102805228,N
3044392905,3,-0.00019588694907152204,N
3044392905,3,-4.922466610052245e-05,N
4194776273,3,0.0005047131994852516,O
4194776273,3,4.5205292026118116e-05,O
4194776273,3,0.001350220904251409,O
4194776273,3,0.0009002938760424573,O
4194776273,3,0.0007370047639374544,O
263215426,3,5.9367223354478416e-05,C
263215426,3,7.798626051047641e-05,C
263215426,3,-0.0002825764991392088,C
263215426,3,-0.0003383589883311777,C
263215426,3,9.184792957322996e-05,C
2753863138,3,8.25104774676566e-06,C
2753863138,3,1.1599420957075779e-06,C
2753863138,3,5.3103482525740375e-06,C
2753863138,3,2.511776537483801e-06,C
2753863138,3,1.2630931199131279e-05,C
2699298541,3,0.00017519935057103142,C
2699298541,3,-2.9848977843360824e-05,C
2699298541,3,4.061487155010424e-05,C
2699298541,3,-0.0003867313766942604,C
2699298541,3,-7.920643032049979e-05,C
3308404410,3,0.0002728640163447982,C
3308404410,3,-0.0007730490389160072,C
3308404410,3,-0.0005382245702063582,C
3308404410,3,-0.0007730490389160072,C
3308404410,3,0.0,C
1446633534,3,-0.00019557938837433397,C
1446633534,3,0.0005371065688590804,C
1446633534,3,-0.0001031499983178974,C
1446633534,3,-0.00019672304344187097,C
1446633534,3,9.020710954538158e-05,C
2756489526,3,0.0,C
2756489526,3,0.0,C
2756489526,3,0.0,C
2756489526,3,0.0,C
2756489526,3,0.0,C
913310822,3,-0.00030713157872425123,C
913310822,3,-0.00011349334428278901,C
913310822,3,-0.00024300185544734454,C
913310822,3,3.802871108393724e-05,C
913310822,3,-0.00013163449107073122,C
3561946030,3,-0.00032344843601844753,N
3561946030,3,0.0002951756873639799,N
3561946030,3,-0.00014172417819008354,N
3561946030,3,0.0002951756873639799,N
3561946030,3,0.00028660681051423387,N
3292836938,3,0.0,
3292836938,3,0.0,
3292836938,3,0.0,
3292836938,3,0.0,
3292836938,3,0.0,
3194612514,3,0.0017045726632024527,O
3194612514,3,0.0003784968478974804,O
3194612514,3,0.0007673403379661603,O
3194612514,3,0.0013962797968474217,O
3194612514,3,0.0016197097991634823,O
1822332700,3,1.626554923184198e-05,C
1822332700,3,1.3406368305268757e-05,C
1822332700,3,0.0001842725810871082,C
1822332700,3,0.00013921572824049377,C
1822332700,3,0.0003140657959774251,C
2215059400,3,-0.0006674405904325553,O
2215059400,3,-0.0014596387118684384,O
2215059400,3,-0.0014699206672804666,O
2215059400,3,-0.002444857683042312,O
2215059400,3,-0.0024765439835343628,O
773709216,3,4.013430895083436e-05,C
773709216,3,1.0589415935957636e-05,C
773709216,3,8.702656253228858e-05,C
773709216,3,0.0,C
773709216,3,3.5914493151323335e-05,C
2530377886,3,0.0,N
2530377886,3,1.1599420957075779e-06,N
2530377886,3,1.6781757073369707e-05,N
2530377886,3,2.511776537483801e-06,N
2530377886,3,1.1599420957075779e-06,N
2850656190,3,-0.0002646137826864403,C
2850656190,3,-1.9932969219982333e-05,C
2850656190,3,0.00047268881562595455,C
2850656190,3,0.0005008228388010405,C
2850656190,3,0.0010130115671455608,C
1376881293,3,-3.2709715715950605e-05,C
1376881293,3,0.0002546072709243563,C
1376881293,3,0.00021337797314663343,C
1376881293,3,0.00013294342785080682,C
1376881293,3,0.000399791480637679,C
1214060489,3,-2.8950849916664634e-05,C
1214060489,3,6.124096798065803e-05,C
1214060489,3,0.00014717843084138815,C
1214060489,3,-9.496867792319064e-05,C
1214060489,3,0.00012815401680144056,C
4203454020,3,3.712904401975692e-05,C
4203454020,3,3.924923459464047e-05,C
4203454020,3,5.280973324683913e-05,C
4203454020,3,6.246586306490887e-06,C
4203454020,3,-6.259962450000378e-05,C
3034212252,3,-0.0003488274014236681,C
3034212252,3,-8.953269374528672e-05,C
3034212252,3,-0.0002921672482416593,C
3034212252,3,-0.0003673346971130864,C
3034212252,3,-0.00037130778739552506,C
3044751281,3,0.0,N
3044751281,3,0.0,N
3044751281,3,0.0,N
3044751281,3,0.0,N
3044751281,3,0.0,N
1292826808,3,0.0003466012056048684,C
1292826808,3,0.00042494966055434125,C
1292826808,3,0.00024148367562382145,C
1292826808,3,0.0002727469995077447,C
1292826808,3,0.0003642203237003705,C
950023157,3,0.00048275763115945836,C
950023157,3,0.0001865738649076687,C
950023157,3,0.0001498773750344684,C
950023157,3,0.0007648695243990256,C
950023157,3,0.0006252336041051021,C
1187730664,3,-5.419572756154567e-05,C
1187730664,3,-5.079882983649586e-05,C
1187730664,3,-5.282874986523023e-06,C
1187730664,3,-5.419572756154567e-05,C
1187730664,3,-5.732797610669138e-05,C
4039837947,3,-0.0008636718758178175,F
4039837947,3,0.00011744112272321638,F
4039837947,3,-0.0001773999461798237,F
4039837947,3,-0.0002809760943648931,F
4039837947,3,-0.00020981797186320206,F
773607102,3,-0.00038812768929652464,C
773607102,3,0.0011479519543648453,C
773607102,3,0.0005735268952086203,C
773607102,3,0.0002697794229044037,C
773607102,3,0.0023052732390524966,C
2246997334,3,0.0014386434955533933,C
2246997334,3,0.0031052165214883187,C
2246997334,3,0.001958499899415711,C
2246997334,3,0.0070627385719886915,C
2246997334,3,0.004819908474236023,C
714711401,3,0.0,C
714711401,3,0.0,C
714711401,3,0.0,C
714711401,3,0.0,C
714711401,3,0.0,C
1710869618,3,-0.00021666391605801305,C
1710869618,3,-0.0001225961190727265,C
1710869618,3,-0.00010446322370782912,C
1710869618,3,8.181834529141785e-05,C
1710869618,3,0.0,C
2549196227,3,0.0005533060443527194,C
2549196227,3,1.6134431927605775e-05,C
2549196227,3,0.000993829365284471,C
2549196227,3,-0.0005935727091913034,C
2549196227,3,0.0008028203621193719,C
2856245513,3,-4.117592332741893e-05,C
2856245513,3,-3.9045899327516675e-05,C
2856245513,3,-1.8080829097655293e-05,C
2856245513,3,-4.0230948894826035e-05,C
2856245513,3,-2.150681209106553e-05,C
1999077141,3,0.0,C
1999077141,3,0.0,C
1999077141,3,0.0,C
1999077141,3,0.0,C
1999077141,3,0.0,C
817588605,3,0.00030074799015811227,C
817588605,3,0.0008397315055755916,C
817588605,3,0.0005773458596399772,C
817588605,3,0.0007458923848562282,C
817588605,3,0.0013991023220186194,C
3430642422,3,-0.0013876861657174944,C
3430642422,3,-0.0014557034382368106,C
3430642422,3,-0.0013671844421642154,C
3430642422,3,-0.0020589053828162784,C
3430642422,3,-0.0018854252519507897,C
1528304983,3,0.0,N
1528304983,3,0.0,N
1528304983,3,0.0,N
1528304983,3,0.0,N
1528304983,3,0.0,N
3873941611,3,0.0003930137066853745,C
3873941611,3,-2.1947308900760465e-05,C
3873941611,3,0.0005016393436713673,C
3873941611,3,0.00042505488748173503,C
3873941611,3,0.00027461486172564165,C
2687950697,3,0.0004783212936421699,C
2687950697,3,0.0005746455289968311,C
2687950697,3,0.0007991295468451898,C
2687950697,3,0.0005811444132278187,C
2687950697,3,0.0006129099875531452,C
109461427,3,0.0,C
109461427,3,-2.50746427277182e-06,C
109461427,3,0.0,C
109461427,3,0.0,C
109461427,3,-7.16799778965882e-06,C
2950679810,3,7.163524153697143e-05,O
2950679810,3,0.0,O
2950679810,3,-0.00026677299627991813,O
2950679810,3,2.424020799485227e-05,O
2950679810,3,-2.465998236084177e-05,O
2914536168,3,0.0005724367530452468,C
2914536168,3,0.0010143710977277287,C
2914536168,3,0.0013892416218615478,C
2914536168,3,0.0012195596876308779,C
2914536168,3,0.00017323175402772506,C
1530636652,3,-1.2650470551101023e-06,C
1530636652,3,1.2023553777940066e-05,C
1530636652,3,1.971759835794895e-05,C
1530636652,3,7.0075929219926e-06,C
1530636652,3,2.810664683589037e-05,C
3043679972,3,0.0,C
3043679972,3,1.374279416938018e-05,C
3043679972,3,0.0,C
3043679972,3,1.7956460532431162e-05,C
3043679972,3,0.0,C
2529809651,3,-0.0011952165738621234,C
2529809651,3,-0.0013958013667956792,C
2529809651,3,-0.00126732848004113,C
2529809651,3,-0.002354954930619768,C
2529809651,3,-0.0016538416492171693,C
1924383628,3,-0.0002812301698473241,C
1924383628,3,-0.0006512225115339887,C
1924383628,3,-0.00043599663168952807,C
1924383628,3,-0.0002116510182912923,C
1924383628,3,-0.0008077620327088808,C
4003049590,3,0.0001575010849623193,C
4003049590,3,0.001112432849391054,C
4003049590,3,0.0005021868783159356,C
4003049590,3,0.0006642608911117676,C
4003049590,3,0.0006717557256498696,C
1026654305,3,-0.0005534703675665886,S
1026654305,3,-1.5150497474913927e-05,S
1026654305,3,-0.0002748098955503986,S
1026654305,3,-0.0004418044507034091,S
1026654305,3,-0.000977491132343855,S
1542631284,3,0.000137831730890714,O
1542631284,3,0.0003483647538711776,O
1542631284,3,0.0002852776801749446,O
1542631284,3,0.00022331927645541372,O
1542631284,3,0.00019561368322135175,O
1349670121,3,0.0,C
1349670121,3,0.0,C
1349670121,3,0.0,C
1349670121,3,0.0,C
1349670121,3,0.0,C
895118200,3,0.0,N
895118200,3,0.0,N
895118200,3,0.0,N
895118200,3,0.0,N
895118200,3,0.0,N
269171368,3,4.981497962786019e-05,C
269171368,3,0.0,C
269171368,3,-2.9278813609701082e-05,C
269171368,3,-7.639528535496876e-06,C
269171368,3,4.981497962786019e-05,C
1583930800,3,-0.0005829377339964803,C
1583930800,3,-0.0007851574698937713,C
1583930800,3,-0.001126364763747778,C
1583930800,3,-0.0014102389046427022,C
1583930800,3,-0.000428654564123776,C
738150152,3,0.0004911516518320003,O
738150152,3,0.0006590841691835325,O
738150152,3,0.0005212745957646758,O
738150152,3,0.0005338614393048946,O
738150152,3,0.0011392128371585097,O
1168541985,3,0.001136427318477351,C
1168541985,3,-0.00013642665408097887,C
1168541985,3,0.001103819267253059,C
1168541985,3,0.001136427318477351,C
1168541985,3,0.001136427318477351,C
2747850234,3,2.300779765906924e-05,C
2747850234,3,1.2385586304730634e-05,C
2747850234,3,2.300779765906924e-05,C
2747850234,3,2.7221464022120223e-05,C
2747850234,3,6.765869662972435e-06,C
3134313966,3,-0.002189267279239737,O
3134313966,3,-0.0018810535096636105,O
3134313966,3,-0.0027774591062536547,O
3134313966,3,-0.001682881310453077,O
3134313966,3,-0.00247479700926978,O
1503972698,3,0.001064178103230451,C
1503972698,3,0.00015032437134593346,C
1503972698,3,0.00041186239127644075,C
1503972698,3,0.0007839812373575117,C
1503972698,3,0.00010445295241695574,C
892756502,3,3.0508091949821292e-05,C
892756502,3,-0.00034752954276073833,C
892756502,3,-0.00037542204520907285,C
892756502,3,-8.879414404655561e-05,C
892756502,3,0.00046707154429903586,C
3136829774,3,-0.00020333529563398844,N
3136829774,3,4.130275105612702e-05,N
3136829774,3,0.00019305929609114703,N
3136829774,3,0.00010267361737764658,N
3136829774,3,-9.295323713287562e-05,N
3143719699,3,0.0012877990610595247,C
3143719699,3,0.0012189545797086088,C
3143719699,3,0.0013356362522883858,C
3143719699,3,0.0016566893031503271,C
3143719699,3,0.0010940043766672902,C
1360035982,3,0.0,N
1360035982,3,0.0,N
1360035982,3,0.0,N
1360035982,3,0.0,N
1360035982,3,0.0,N
908339072,3,-0.0020905422020304765,C
908339072,3,-0.0018600581411447048,C
908339072,3,-0.0015542366083919346,C
908339072,3,-0.002878431314193186,C
908339072,3,-0.0014134578466943881,C
974827889,3,0.0,C
974827889,3,0.0,C
974827889,3,0.0,C
974827889,3,0.0,C
974827889,3,0.0,C
1343371647,3,-0.001357651470581478,N
1343371647,3,-0.0020344428775291856,N
1343371647,3,-0.0005508031285244019,N
1343371647,3,-0.0008122280790934244,N
1343371647,3,-0.0010176383630450259,N
2669055056,3,0.00048222009069598393,N
2669055056,3,0.0009004362703509683,N
2669055056,3,0.0003702719777696206,N
2669055056,3,0.0008648294519181254,N
2669055056,3,0.001107875171349526,N
2341585586,3,-0.00045588973939231225,N
2341585586,3,-0.0009821966173553243,N
2341585586,3,-0.0004676402482806097,N
2341585586,3,-0.00024210559951437505,N
2341585586,3,-0.0008945549712260359,N
934540015,3,0.0,C
934540015,3,0.0,C
934540015,3,0.0,C
934540015,3,0.0,C
934540015,3,0.0,C
3794207567,3,-0.001337599047522009,C
3794207567,3,-0.0005105053694886008,C
3794207567,3,0.000550757384331857,C
3794207567,3,-0.0006550896951077467,C
3794207567,3,-0.0013696050247510305,C
3278587996,3,0.0,C
3278587996,3,0.0,C
3278587996,3,0.0,C
3278587996,3,0.0,C
3278587996,3,0.0,C
4223108416,3,0.0,C
4223108416,3,0.0,C
4223108416,3,0.0,C
4223108416,3,0.0,C
4223108416,3,0.0,C
1131570738,3,-0.00018068050664787894,N
1131570738,3,-0.00013601475452751366,N
1131570738,3,-0.00014990376273776862,N
1131570738,3,-0.0002052584435485727,N
1131570738,3,-0.00014990376273776862,N
2258843522,3,-0.00029750564833075366,C
2258843522,3,-0.0002602066576705142,C
2258843522,3,-0.00039763843411738664,C
2258843522,3,-0.0005925724666990817,C
2258843522,3,-0.00015701049270538947,C
4257302536,3,-0.00018431881876490586,N
4257302536,3,-0.0002106144438357438,N
4257302536,3,-0.00015508077433940004,N
4257302536,3,-0.00024088768372587666,N
4257302536,3,-0.00025504878379650764,N
2840370843,3,-0.0007908230070527433,C
2840370843,3,-0.0017796741610928146,C
2840370843,3,-0.0008987285799891276,C
2840370843,3,-0.004063975837352962,C
2840370843,3,-0.0010616881793365507,C
1420730566,3,0.0,C
1420730566,3,0.0,C
1420730566,3,0.0,C
1420730566,3,0.0,C
1420730566,3,0.0,C
434045476,3,0.00035096579373805614,O
434045476,3,0.0005394116341340682,O
434045476,3,0.0005280609788702595,O
434045476,3,0.00035096579373805614,O
434045476,3,0.00034211640707543234,O
894436332,3,-1.6137087924139593e-05,N
894436332,3,2.575894455947303e-05,N
894436332,3,5.635031197215312e-06,N
894436332,3,-1.2602006277950828e-05,N
894436332,3,8.679723401389117e-05,N
3117292559,3,-0.0001605119031805602,C
3117292559,3,-8.562520721794309e-05,C
3117292559,3,0.0004382029231658202,C
3117292559,3,0.0005196194757629002,C
3117292559,3,0.000332842260759858,C
1923187777,3,8.645312777239011e-05,N
1923187777,3,0.00029128934269140316,N
1923187777,3,0.00012603313160614027,N
1923187777,3,0.0002213351901094729,N
1923187777,3,0.00015508072255193683,N
2530048747,3,0.0007617016197946636,N
2530048747,3,-0.00010112892254815486,N
2530048747,3,-0.00018694921651712937,N
2530048747,3,-0.000272614714410091,N
2530048747,3,0.00023067884236832592,N
622481563,3,0.0,C
622481563,3,0.0,C
622481563,3,0.0,C
622481563,3,0.0,C
622481563,3,0.0,C
1922070456,3,-0.0001980434287431332,C
1922070456,3,-6.810657551842292e-05,C
1922070456,3,0.0003424092192383932,C
1922070456,3,-0.00010045227914989852,C
1922070456,3,0.0003655655210139108,C
3995043796,3,0.0026007844766497423,C
3995043796,3,0.0019514255052929252,C
3995043796,3,0.001956679047104337,C
3995043796,3,0.0032554712717373646,C
3995043796,3,0.0012500763734362708,C
2065735937,3,0.0,C
2065735937,3,0.0,C
2065735937,3,0.0,C
2065735937,3,0.0,C
2065735937,3,0.0,C
3308295291,3,0.0,C
3308295291,3,0.0,C
3308295291,3,0.0,C
3308295291,3,0.0,C
3308295291,3,0.0,C
584893129,3,-7.978258775759306e-05,C
584893129,3,-0.0001558678386807677,C
584893129,3,-0.0001383966209070886,C
584893129,3,-0.00019627525701176873,C
584893129,3,-0.00012032811257733922,C
413654173,3,0.0,C
413654173,3,0.0,C
413654173,3,0.0,C
413654173,3,0.0,C
413654173,3,0.0,C
68671624,3,-5.81717271075366e-06,C
68671624,3,-0.0002409906380658744,C
68671624,3,-0.00024287671800982125,C
68671624,3,-0.0003407203199321529,C
68671624,3,-0.00032693359149083,C
2488692798,3,0.0017808308985295396,C
2488692798,3,0.0006306372110633784,C
2488692798,3,0.0015211627478987633,C
2488692798,3,0.0002916278712217224,C
2488692798,3,0.001839965936947574,C
3084241488,3,-7.827484744227231e-05,C
3084241488,3,-2.438093698170496e-05,C
3084241488,3,-2.438093698170496e-05,C
3084241488,3,-0.00012150789518733385,C
3084241488,3,1.1599420957075779e-06,C
4158944142,3,0.001343434675134314,C
4158944142,3,0.0008710472825217419,C
4158944142,3,0.0008143236208507654,C
4158944142,3,0.0038036375729656458,C
4158944142,3,0.0029197382570778085,C
1469940320,3,-0.0007387202327787667,C
1469940320,3,-0.00012750603165984087,C
1469940320,3,-4.97316986957097e-05,C
1469940320,3,-2.465998236084177e-05,C
1469940320,3,0.00022660916521244356,C
662511025,3,-0.0006494187831029841,N
662511025,3,-0.0009383833836174027,N
662511025,3,0.00014602363786447858,N
662511025,3,-0.0006648380801445031,N
662511025,3,-0.001084731312699927,N
2908279847,3,0.0,C
2908279847,3,1.1599420957075779e-06,C
2908279847,3,0.0,C
2908279847,3,1.1599420957075779e-06,C
2908279847,3,0.0,C
68650007,3,-0.001479049432612789,C
68650007,3,-0.0005291636307779846,C
68650007,3,-0.001479049432612789,C
68650007,3,-0.001278344555317168,C
68650007,3,-0.001479049432612789,C
3337420400,3,0.0,C
3337420400,3,0.0,C
3337420400,3,0.0,C
3337420400,3,0.0,C
3337420400,3,0.0,C
1979311206,3,0.0028473651476774164,O
1979311206,3,0.004329103725669692,O
1979311206,3,0.0028315517078552066,O
1979311206,3,0.003374934168943189,O
1979311206,3,0.003021575534392973,O
2849741637,3,4.365303675646359e-06,C
2849741637,3,-5.264205685140411e-06,C
2849741637,3,7.64990075424743e-06,C
2849741637,3,1.1137731990684685e-05,C
2849741637,3,1.2583356832074344e-06,C
1664608228,3,0.0,C
1664608228,3,0.0,C
1664608228,3,0.0,C
1664608228,3,0.0,C
1664608228,3,1.351834441776223e-06,C
1121298566,3,-6.022828082091758e-05,C
1121298566,3,-1.9740521949362932e-05,C
1121298566,3,-4.763103519506151e-05,C
1121298566,3,-8.979822852200892e-05,C
1121298566,3,-5.5855773740176584e-05,C
3531344838,3,0.0,
3531344838,3,0.0,
3531344838,3,0.0,
3531344838,3,0.0,
3531344838,3,0.0,
3273018953,3,2.1201905748280403e-06,C
3273018953,3,0.0,C
3273018953,3,-1.0481095304382126e-05,C
3273018953,3,-1.0481095304382126e-05,C
3273018953,3,0.0,C
2034850751,3,0.0,C
2034850751,3,0.0,C
2034850751,3,0.0,C
2034850751,3,0.0,C
2034850751,3,0.0,C
4104822550,3,0.002798930935717203,C
4104822550,3,0.0015213663315229442,C
4104822550,3,-2.2043644519131878e-05,C
4104822550,3,0.00045241742412499564,C
4104822550,3,-9.010830622602217e-06,C
1704599822,3,-8.60701323635027e-06,C
1704599822,3,-2.2404085676552832e-05,C
1704599822,3,-8.60701323635027e-06,C
1704599822,3,-8.60701323635027e-06,C
1704599822,3,-1.5874939406412825e-05,C
3019519651,3,1.4269980535885907e-05,C
3019519651,3,5.939033129898075e-06,C
3019519651,3,1.4269980535885907e-05,C
3019519651,3,2.6098268298690996e-06,C
3019519651,3,1.795014708905196e-05,C
3781885420,3,5.4239192892713284e-05,N
3781885420,3,8.907317293049832e-05,N
3781885420,3,-3.2930095034355844e-05,N
3781885420,3,-3.51782445776605e-05,N
3781885420,3,-2.126634923105275e-06,N
579898624,3,-0.0002949031334977814,C
579898624,3,-0.00030297032385384615,C
579898624,3,-0.0007228754425104844,C
579898624,3,-0.0005910886345938948,C
579898624,3,-0.0008860972522376498,C
899522708,3,-2.0965070229861382e-05,C
899522708,3,-7.267926170062555e-06,C
899522708,3,4.332342790541732e-05,C
899522708,3,-2.4977785096913507e-05,C
899522708,3,-1.863833066356735e-05,C
550081331,3,3.1205828150415726e-06,C
550081331,3,1.374279416938018e-05,C
550081331,3,3.17411448594318e-05,C
550081331,3,-2.50746427277182e-06,C
550081331,3,0.0,C
104363044,3,0.0,
104363044,3,0.0,
104363044,3,0.0,
104363044,3,0.0,
104363044,3,0.0,
2072239802,3,0.00046334792492325194,C
2072239802,3,-5.037657819056962e-05,C
2072239802,3,0.0005574355353474281,C
2072239802,3,-5.8463366151007e-06,C
2072239802,3,0.00012178335299173337,C
3394178578,3,0.001054344783304073,C
3394178578,3,0.0008929888169682543,C
3394178578,3,0.0003883466389038581,C
3394178578,3,-0.0005819753156462992,C
3394178578,3,0.0015382623970203735,C
2013664411,3,-2.126634923105275e-06,C
2013664411,3,-2.126634923105275e-06,C
2013664411,3,-2.126634923105275e-06,C
2013664411,3,7.144812914861021e-06,C
2013664411,3,0.0,C
3346582092,3,-0.002070403162224288,N
3346582092,3,-0.002085673000149557,N
3346582092,3,-0.001148108566997763,N
3346582092,3,-0.0015447537690366775,N
3346582092,3,-0.0016250804122801,N
4291484675,3,0.0,N
4291484675,3,0.0,N
4291484675,3,0.0,N
4291484675,3,0.0,N
4291484675,3,0.0,N
3275683399,3,-0.00022825534679909998,N
3275683399,3,-0.00044724857501682314,N
3275683399,3,-0.00018317968402831175,N
3275683399,3,-0.00028763065357262363,N
3275683399,3,-0.0008354098746050087,N
2775257855,3,0.0,C
2775257855,3,0.0,C
2775257855,3,0.0,C
2775257855,3,0.0,C
2775257855,3,0.0,C
2810421479,3,-1.3549929334666366e-06,O
2810421479,3,-1.3549929334666366e-06,O
2810421479,3,1.4498847341615217e-06,O
2810421479,3,-2.5174376011016797e-06,O
2810421479,3,1.4269980535885907e-05,O
2662374534,3,-0.005198112298854751,C
2662374534,3,-0.002544138091722936,C
2662374534,3,-0.0016448029528864927,C
2662374534,3,-0.0014408933382493716,C
2662374534,3,-0.005451621132780804,C
3461773897,3,-1.7997278439152442e-05,N
3461773897,3,-1.7997278439152442e-05,N
3461773897,3,-2.0514716040254122e-05,N
3461773897,3,-1.935227137261908e-05,N
3461773897,3,-1.7997278439152442e-05,N
344019891,3,3.475455105561576e-05,N
344019891,3,3.475455105561576e-05,N
344019891,3,3.475455105561576e-05,N
344019891,3,9.429473840250058e-06,N
344019891,3,0.00010035500686017551,N
3402570011,3,0.0,C
3402570011,3,0.0,C
3402570011,3,0.0,C
3402570011,3,0.0,C
3402570011,3,0.0,C
1199016914,3,0.00010773644151829131,C
1199016914,3,-0.00015393420870546404,C
1199016914,3,-1.4442634429900902e-05,C
1199016914,3,-0.000450408001422653,C
1199016914,3,-8.433994659146071e-05,C
1714595447,3,1.374279416938018e-05,C
1714595447,3,1.374279416938018e-05,C
1714595447,3,2.6921389227108072e-05,C
1714595447,3,3.1205828150415726e-06,C
1714595447,3,3.673832039952085e-05,C
871396902,3,-2.5174376011016797e-06,C
871396902,3,-2.5174376011016797e-06,C
871396902,3,-1.3549929334666366e-06,C
871396902,3,-1.3549929334666366e-06,C
871396902,3,-1.3549929334666366e-06,C
2845936339,3,6.16739162603297e-05,C
2845936339,3,-7.552515635556034e-06,C
2845936339,3,8.971102198052083e-06,C
2845936339,3,-0.00010251135551747614,C
2845936339,3,0.00014815635937959204,C
3880022399,3,0.0,C
3880022399,3,0.0,C
3880022399,3,0.0,C
3880022399,3,0.0,C
3880022399,3,0.0,C
410310586,3,0.00037741240584693303,C
410310586,3,-0.0004258382659108606,C
410310586,3,-3.4274363374664496e-06,C
410310586,3,0.00034389103345267014,C
410310586,3,0.0005160061769062807,C
2612409031,3,1.351834441776223e-06,C
2612409031,3,1.351834441776223e-06,C
2612409031,3,0.0,C
2612409031,3,0.0,C
2612409031,3,1.742126739046057e-05,C
2375987095,3,0.0,C
2375987095,3,0.0,C
2375987095,3,0.0,C
2375987095,3,0.0,C
2375987095,3,0.0,C
1294138518,3,-6.529146270195518e-06,S
1294138518,3,-6.529146270195518e-06,S
1294138518,3,1.1452197493266869e-05,S
1294138518,3,-9.036610542967338e-06,S
1294138518,3,-6.529146270195518e-06,S
293971392,3,0.0,N
293971392,3,0.0,N
293971392,3,0.0,N
293971392,3,0.0,N
293971392,3,0.0,N
4036774035,3,2.9135667576729585e-05,C
4036774035,3,-0.0001336189344859351,C
4036774035,3,-0.00027932923895640505,C
4036774035,3,-0.0003787343781341268,C
4036774035,3,-0.0002529938709445734,C
1010142783,3,-0.0005228888553532318,O
1010142783,3,-0.0006368649621885658,O
1010142783,3,-0.0008360801485240432,O
1010142783,3,-0.00014625097061810033,O
1010142783,3,-0.00025920090901732085,O
3120364749,3,0.0,N
3120364749,3,0.0,N
3120364749,3,6.504263039219804e-06,N
3120364749,3,0.0,N
3120364749,3,0.0,N
3662562115,3,2.9965090669381578e-05,C
3662562115,3,-0.0005014629334699761,C
3662562115,3,-0.0007448309702151046,C
3662562115,3,0.0,C
3662562115,3,-0.00041912188600035094,C
3921298496,3,0.00010777566032504904,C
3921298496,3,3.387728007842039e-05,C
3921298496,3,0.0001760965822832361,C
3921298496,3,0.00031954875086609436,C
3921298496,3,0.00025226216612211916,C
737501821,3,0.0012629755821891853,C
737501821,3,-0.0006837920808049347,C
737501821,3,0.001063199208115817,C
737501821,3,0.0009498208214052672,C
737501821,3,0.0018210574339667662,C
2024004397,3,-8.353047356912668e-06,N
2024004397,3,-1.4306740651504057e-05,N
2024004397,3,-6.790557516733742e-06,N
2024004397,3,-6.790557516733742e-06,N
2024004397,3,-1.2853336779639069e-05,N
751208592,3,-0.00014464348770748536,C
751208592,3,-0.00016119494277189172,C
751208592,3,-0.00014436665957262562,C
751208592,3,-0.0001641041476848626,C
751208592,3,-4.47482487712092e-05,C
3953445033,3,-2.0965070229861382e-05,S
3953445033,3,-9.775390442834375e-06,S
3953445033,3,1.706202090279163e-06,S
3953445033,3,-2.6782242940615042e-05,S
3953445033,3,-1.7832821684715672e-05,S
497870099,3,9.054436162475588e-05,C
497870099,3,-0.0004063660047278761,C
497870099,3,0.0009391137081851131,C
497870099,3,-0.0001397103832569968,C
497870099,3,0.0005947496747384928,C
3417531975,3,0.0,C
3417531975,3,0.0,C
3417531975,3,0.0,C
3417531975,3,0.0,C
3417531975,3,0.0,C
1044405971,3,-0.00037292032882429993,C
1044405971,3,0.0001762075015145359,C
1044405971,3,0.0001239757746062109,C
1044405971,3,-0.0005045483580161103,C
1044405971,3,-0.0007866637542678356,C
2394338241,3,-0.0011616507858195346,C
2394338241,3,-0.0015016241126166174,C
2394338241,3,-0.0013974056748593533,C
2394338241,3,-0.0017209265088297676,C
2394338241,3,-0.0005279380533477207,C
1271691605,3,0.00014858919530491566,S
1271691605,3,-1.0333128802719749e-05,S
1271691605,3,-5.9129592159923305e-05,S
1271691605,3,-9.414282644970573e-05,S
1271691605,3,-6.672014935871218e-05,S
3643491447,3,0.0,C
3643491447,3,0.0,C
3643491447,3,0.0,C
3643491447,3,0.0,C
3643491447,3,0.0,C
21411075,3,0.00018766034378681073,C
21411075,3,-0.0004007495126258642,C
21411075,3,0.00012030042093430504,C
21411075,3,0.0001281128382176755,C
21411075,3,-0.0006500255543923084,C
413381818,3,-0.00022415903986855445,C
413381818,3,-4.892321517352416e-05,C
413381818,3,-0.0006755901775134521,C
413381818,3,0.0002528305764369354,C
413381818,3,-0.0001527469169230189,C
3082607741,3,0.0,C
3082607741,3,0.0,C
3082607741,3,0.0,C
3082607741,3,0.0,C
3082607741,3,0.0,C
4216649732,3,-2.6582079621362276e-06,S
4216649732,3,1.7168420624324998e-05,S
4216649732,3,2.9498290048890485e-05,S
4216649732,3,9.559543938209014e-05,S
4216649732,3,-9.187354232276235e-06,S
371876130,3,0.0,C
371876130,3,0.0,C
371876130,3,0.0,C
371876130,3,0.0,C
371876130,3,0.0,C
1978844073,3,0.0005583022947409644,O
1978844073,3,0.0011821365267458694,O
1978844073,3,0.0014943979263997154,O
1978844073,3,5.490139845321096e-05,O
1978844073,3,0.0008879733614499674,O
1671692019,3,0.0,C
1671692019,3,0.0,C
1671692019,3,0.0,C
1671692019,3,0.0,C
1671692019,3,0.0,C
2070976245,3,-0.0001511691996345932,C
2070976245,3,-0.0008344963876553702,C
2070976245,3,-0.001212608434042639,C
2070976245,3,-0.0006859457785587386,C
2070976245,3,-0.0009667691844584825,C
845764036,3,-8.209734574066152e-05,C
845764036,3,-7.482941957059897e-05,C
845764036,3,8.527767075028336e-05,C
845764036,3,-0.00012376774055589124,C
845764036,3,-1.4273503572470592e-05,C
2559453089,3,0.0,C
2559453089,3,0.0,C
2559453089,3,0.0,C
2559453089,3,0.0,C
2559453089,3,0.0,C
3286377484,3,0.0,C
3286377484,3,0.0,C
3286377484,3,0.0,C
3286377484,3,0.0,C
3286377484,3,0.0,C
2200148275,3,-6.082656871631009e-05,N
2200148275,3,0.00019519029448222813,N
2200148275,3,4.033244748680165e-06,N
2200148275,3,-8.719950568092383e-05,N
2200148275,3,0.00016520647593459836,N
1962383056,3,2.273388622142658e-05,N
1962383056,3,4.9836977708495045e-05,N
1962383056,3,5.194518125550829e-05,N
1962383056,3,1.1599420957075779e-06,N
1962383056,3,-2.2523804104557232e-05,N
3012778962,3,-0.000142590991971836,N
3012778962,3,0.00040121357859573825,N
3012778962,3,0.000559588122211685,N
3012778962,3,0.0008803382043185426,N
3012778962,3,-0.0009357225384542533,N
1620258790,3,0.00016530284664162398,N
1620258790,3,-0.00030037261695170514,N
1620258790,3,-0.00017429395793622238,N
1620258790,3,0.00021550615107213122,N
1620258790,3,0.00020027355042956385,N
3372254436,3,0.00020778715144359472,O
3372254436,3,-0.0007532027000969332,O
3372254436,3,-0.00012457931125287036,O
3372254436,3,-1.569603473405845e-05,O
3372254436,3,0.0006969279660864469,O
330223697,3,3.6801665532215644e-06,C
330223697,3,-2.2829731374629514e-05,C
330223697,3,-9.905416382238741e-06,C
330223697,3,1.2945170042910625e-05,C
330223697,3,3.6801665532215644e-06,C
1208423463,3,-0.0002043636849121122,C
1208423463,3,0.00017230180053828814,C
1208423463,3,-0.00020730438440635934,C
1208423463,3,1.562181497766213e-05,C
1208423463,3,-0.0002058349438683882,C
141882433,3,5.576110275762325e-05,C
141882433,3,-2.7696126872478466e-06,C
141882433,3,-0.0002536222453432546,C
141882433,3,0.00017362539082926842,C
141882433,3,0.0004338153790605648,C
3727977332,3,1.1145717630112184e-05,N
3727977332,3,-8.595015360435276e-06,N
3727977332,3,1.8807141404231231e-06,N
3727977332,3,1.8807141404231231e-06,N
3727977332,3,4.0009047152511634e-06,N
535847852,3,-0.0010144091161189417,C
535847852,3,-0.0006179128520980015,C
535847852,3,-0.0005703155705787943,C
535847852,3,-0.0004894664163369034,C
535847852,3,-0.00032165598536493256,C
422165373,3,0.005979895082238618,C
422165373,3,0.0011941362220106444,C
422165373,3,-0.002615746441606892,C
422165373,3,0.007122888420057039,C
422165373,3,0.006124059206169319,C
176403689,3,0.0007267001669105655,C
176403689,3,0.0026814351739075093,C
176403689,3,0.0010918373421720529,C
176403689,3,0.0007707140702893911,C
176403689,3,0.0003342965951471655,C
1735672143,3,0.0,C
1735672143,3,0.0,C
1735672143,3,0.0,C
1735672143,3,0.0,C
1735672143,3,0.0,C
1266193593,3,-0.00011339551213296328,C
1266193593,3,-0.0004833144021418323,C
1266193593,3,-0.0005629927660970035,C
1266193593,3,-0.0014655252305619815,C
1266193593,3,-0.0015522562350867575,C
29410177,3,0.0,N
29410177,3,0.0,N
29410177,3,0.0,N
29410177,3,0.0,N
29410177,3,0.0,N
808416955,3,-3.7332974868187208e-06,S
808416955,3,-0.00022569202513411657,S
808416955,3,0.0006160986399863511,S
808416955,3,0.0003730169224661628,S
808416955,3,0.0005488277447440182,S
1949014205,3,0.0,
1949014205,3,0.0,
1949014205,3,0.0,
1949014205,3,0.0,
1949014205,3,0.0,
3431706413,3,0.0,C
3431706413,3,0.0,C
3431706413,3,0.0,C
3431706413,3,0.0,C
3431706413,3,0.0,C
150310,3,0.0,C
150310,3,0.0,C
150310,3,0.0,C
150310,3,0.0,C
150310,3,0.0,C
465304290,3,-0.00045495363367109576,C
465304290,3,-4.016591436839523e-06,C
465304290,3,0.0004051881505238164,C
465304290,3,-0.0001735536106605151,C
465304290,3,0.00012398536284224937,C
3093061208,3,-0.0002044969675060737,C
3093061208,3,-0.0005410764428975812,C
3093061208,3,-0.0002044969675060737,C
3093061208,3,5.4752920901346425e-05,C
3093061208,3,2.689102455671888e-05,C
3012865236,3,-0.00018843058892648035,N
3012865236,3,0.00011285122276394333,N
3012865236,3,-7.360402689671197e-06,N
3012865236,3,0.00030354746918043185,N
3012865236,3,0.00015676894914906647,N
792968423,3,0.0,C
792968423,3,0.0,C
792968423,3,0.0,C
792968423,3,0.0,C
792968423,3,0.0,C
170727310,3,-0.00018103878533298756,C
170727310,3,0.0008886298483315458,C
170727310,3,-0.0005619467239459941,C
170727310,3,-0.0002052555602588546,C
170727310,3,0.00012142989732211174,C
2459558207,3,-0.0023134155492109953,C
2459558207,3,-0.0021108619104945325,C
2459558207,3,-0.00048086910273087424,C
2459558207,3,-0.0008980549476172994,C
2459558207,3,-0.0028601610617179918,C
1323888424,3,5.647374582118392e-05,N
1323888424,3,0.0003067236908264048,N
1323888424,3,7.20690558623227e-05,N
1323888424,3,0.0003152925676762064,N
1323888424,3,0.00029532806434229286,N
2975116251,3,0.0010533959970659978,N
2975116251,3,0.0009926481868720027,N
2975116251,3,0.0005052842535515079,N
2975116251,3,0.000156160578400788,N
2975116251,3,0.0012259732045450944,N
1819912581,3,0.0,C
1819912581,3,4.332342790541732e-05,C
1819912581,3,0.0001304294194199307,C
1819912581,3,9.559543938209014e-05,C
1819912581,3,0.0001624702302998604,C
335878828,3,0.0,C
335878828,3,3.1205828150415726e-06,C
335878828,3,0.0,C
335878828,3,1.374279416938018e-05,C
335878828,3,1.374279416938018e-05,C
3975295864,3,0.005760054064410991,C
3975295864,3,0.0050376965769070026,C
3975295864,3,0.008741715275958628,C
3975295864,3,0.006754758059535071,C
3975295864,3,0.008049281079357873,C
239116674,3,0.0006440452044356171,C
239116674,3,0.0004918598306874467,C
239116674,3,0.0006468500821032452,C
239116674,3,0.0003135762069973458,C
239116674,3,-0.00011573491672117742,C
3538861869,3,0.0,C
3538861869,3,0.0,C
3538861869,3,0.0,C
3538861869,3,0.0,C
3538861869,3,0.0,C
934550081,3,7.871928760361246e-05,N
934550081,3,0.00017023129534471382,N
934550081,3,0.00022678570691681,N
934550081,3,0.0004275636555636786,N
934550081,3,0.0002919079161699534,N
3316027208,3,0.0,C
3316027208,3,0.0,C
3316027208,3,0.0,C
3316027208,3,0.0,C
3316027208,3,0.0,C
2865977551,3,-0.00040036893915168514,S
2865977551,3,-0.00041231239343009207,S
2865977551,3,0.0005157360153312807,S
2865977551,3,5.944931931028963e-05,S
2865977551,3,0.00022694949254092878,S
3183067622,3,0.0001575173123189444,O
3183067622,3,-2.9192019599499908e-05,O
3183067622,3,9.46099700811498e-05,O
3183067622,3,-8.491161411433579e-05,O
3183067622,3,-4.3480041385934864e-05,O
564293713,3,0.0,
564293713,3,0.0,
564293713,3,0.0,
564293713,3,0.0,
564293713,3,0.0,
1428903162,3,-0.002118376233598618,C
1428903162,3,-0.0012164453633251027,C
1428903162,3,-0.0021193047980217483,C
1428903162,3,-0.0013211051002678942,C
1428903162,3,-0.0016542129797507132,C
1467524174,3,4.888720291973403e-06,C
1467524174,3,4.99008794802025e-06,C
1467524174,3,3.2955443118876104e-07,C
1467524174,3,7.497552220847581e-06,C
1467524174,3,1.085321336047329e-05,C
651269745,3,0.0,C
651269745,3,0.0,C
651269745,3,0.0,C
651269745,3,0.0,C
651269745,3,0.0,C
3268335377,3,-0.0005261822441428587,N
3268335377,3,-0.0018304337580096752,N
3268335377,3,8.117756843412094e-05,N
3268335377,3,-1.1823811700450992e-05,N
3268335377,3,-2.5598838154838877e-05,N
1280488931,3,3.8346167032743406e-05,N
1280488931,3,0.00014360065688395762,N
1280488931,3,3.0256035004450066e-05,N
1280488931,3,0.00010673153157686466,N
1280488931,3,2.1088295422411196e-05,N
2098262959,3,1.6978729968031292e-05,C
2098262959,3,1.6978729968031292e-05,C
2098262959,3,-6.913440763761658e-05,C
2098262959,3,-8.443830433690902e-06,C
2098262959,3,1.6978729968031292e-05,C
2485994647,3,-6.596333331687632e-05,N
2485994647,3,-7.643697006581851e-05,N
2485994647,3,-0.0001274196229749669,N
2485994647,3,-0.00015226043461674665,N
2485994647,3,-7.428153245425673e-05,N
3088984962,3,0.0004511697850160812,C
3088984962,3,0.0001069437675892404,C
3088984962,3,0.00010209916868370028,C
3088984962,3,0.0006777725967113124,C
3088984962,3,0.00032743707104831987,C
3042542132,3,0.0009719247846073364,N
3042542132,3,0.00027481967248849104,N
3042542132,3,0.00023353462438341355,N
3042542132,3,0.0009520476922555976,N
3042542132,3,0.0002242429818548608,N
373109870,3,6.563650389368458e-05,C
373109870,3,3.299558063446506e-05,C
373109870,3,-5.510289921473177e-05,C
373109870,3,-8.779258766905551e-05,C
373109870,3,-2.9496990430200043e-06,C
2677752761,3,-0.0010661725898753471,C
2677752761,3,3.744494906382512e-05,C
2677752761,3,-0.00017273578376780785,C
2677752761,3,-0.0006345670027357864,C
2677752761,3,-0.0006168520932899324,C
3807907321,3,-3.3572800457348784e-05,O
3807907321,3,-2.6782242940615042e-05,O
3807907321,3,-3.629015653927592e-06,O
3807907321,3,-1.6304536713029893e-05,O
3807907321,3,-2.3091705152966657e-05,O
2587571567,3,-0.0001297816223054249,C
2587571567,3,-0.0002594603302137899,C
2587571567,3,-0.00019462077623982887,C
2587571567,3,-0.00022954466666996742,C
2587571567,3,-0.00029171495560015304,C
3701504231,3,0.00020247682022911384,N
3701504231,3,8.241684432436225e-05,N
3701504231,3,3.5524590742908035e-05,N
3701504231,3,7.028144515858203e-05,N
3701504231,3,8.898907825855007e-05,N
369315086,3,0.00012455379495168728,C
369315086,3,-0.0003659465337990664,C
369315086,3,-0.0004861510655794765,C
369315086,3,-5.076152983729543e-06,C
369315086,3,-0.0004701034978814578,C
1965692378,3,0.0,N
1965692378,3,0.0,N
1965692378,3,0.0,N
1965692378,3,0.0,N
1965692378,3,0.0,N
1633777018,3,-0.000475713753637641,C
1633777018,3,0.00011076328654979761,C
1633777018,3,-0.0001944813595600725,C
1633777018,3,-0.00024481096022915816,C
1633777018,3,9.638097313219296e-05,C
3757038672,3,-1.3743480344940995e-05,C
3757038672,3,-1.3797072440202562e-05,C
3757038672,3,-2.5096109109834508e-05,C
3757038672,3,6.289334848130768e-05,C
3757038672,3,-4.232228769940338e-06,C
2677858541,3,-0.0002632340694360691,C
2677858541,3,0.0004387645959398334,C
2677858541,3,-0.0017478117924114578,C
2677858541,3,-0.0004287053097931093,C
2677858541,3,-0.0008654426595517406,C
1446204275,3,3.7593698911042583e-05,C
1446204275,3,-1.927183713140712e-05,C
1446204275,3,1.4426649380339107e-05,C
1446204275,3,3.371195641194147e-05,C
1446204275,3,-1.8171856906668005e-05,C
3589407776,3,0.0,
3589407776,3,0.0,
3589407776,3,0.0,
3589407776,3,0.0,
3589407776,3,0.0,
3083149185,3,-4.509032414956593e-05,C
3083149185,3,6.549584531057029e-05,C
3083149185,3,0.00017132627495070052,C
3083149185,3,6.499529091963385e-05,C
3083149185,3,0.00020119173481975006,C
337875000,3,0.0,C
337875000,3,0.0,C
337875000,3,-0.0002744510978043846,C
337875000,3,-0.0002744510978043846,C
337875000,3,-0.0002744510978043846,C
3887884923,3,0.0,C
3887884923,3,0.0,C
3887884923,3,0.0,C
3887884923,3,0.0,C
3887884923,3,0.0,C
4256629345,3,0.00044626550368492834,C
4256629345,3,0.0006907394601280425,C
4256629345,3,0.001262603192981382,C
4256629345,3,0.001075394203336355,C
4256629345,3,0.0005938041710009667,C
662595032,3,0.0,N
662595032,3,0.0,N
662595032,3,0.0,N
662595032,3,0.0,N
662595032,3,0.0,N
3777243454,3,0.0,C
3777243454,3,0.0,C
3777243454,3,0.0,C
3777243454,3,0.0,C
3777243454,3,0.0,C
982949046,3,-0.00016783841608880579,C
982949046,3,-0.0003558453964666586,C
982949046,3,1.2489107661384224e-06,C
982949046,3,-8.139912207050237e-07,C
982949046,3,-0.0006543400969863389,C
267757375,3,0.0,C
267757375,3,0.0,C
267757375,3,0.0,C
267757375,3,0.0,C
267757375,3,0.0,C
2157595070,3,-1.6751259860170453e-05,C
2157595070,3,7.337511759092363e-05,C
2157595070,3,-2.401918603023301e-05,C
2157595070,3,5.6886679924317285e-05,C
2157595070,3,1.9320761922902996e-05,C
895910141,3,-2.543040849883882e-05,C
895910141,3,-2.0965070229861382e-05,C
895910141,3,-1.3797072440202562e-05,C
895910141,3,-2.42541498206017e-05,C
895910141,3,-2.543040849883882e-05,C
3182041044,3,0.0004057248734669061,C
3182041044,3,0.0004163085417835388,C
3182041044,3,0.00029422371642745526,C
3182041044,3,0.00043345583272585975,C
3182041044,3,1.375641966250285e-05,C
4105666400,3,0.00015751940831626454,C
4105666400,3,-0.00011425949448823358,C
4105666400,3,-3.872703637086694e-05,C
4105666400,3,-0.00014625939246243336,C
4105666400,3,-0.00018395270475163317,C
1891839201,3,0.0008449297755452889,C
1891839201,3,0.0004895866517175551,C
1891839201,3,0.00022637309332601552,C
1891839201,3,0.0001630477823916232,C
1891839201,3,0.00027350720952462604,C
2584230118,3,0.0,C
2584230118,3,0.0,C
2584230118,3,0.0,C
2584230118,3,0.0,C
2584230118,3,0.0,C
3696402029,3,0.0005367105702954733,C
3696402029,3,0.0009021308860187038,C
3696402029,3,0.0010370845472910117,C
3696402029,3,-0.00026325509920549495,C
3696402029,3,0.004194801115219471,C
1263988625,3,0.0,C
1263988625,3,0.0,C
1263988625,3,0.0,C
1263988625,3,0.0,C
1263988625,3,0.0,C
829754261,3,0.0003941064471773559,C
829754261,3,0.0007654667400046056,C
829754261,3,0.001192289948458325,C
829754261,3,0.0011340389018311137,C
829754261,3,0.001021235896266126,C
2841547777,3,0.0,C
2841547777,3,0.0,C
2841547777,3,0.0,C
2841547777,3,0.0,C
2841547777,3,0.0,C
3059129780,3,-0.0003005060278008509,C
3059129780,3,0.00024370975469295564,C
3059129780,3,0.0002915663476034669,C
3059129780,3,-1.1989756611541225e-05,C
3059129780,3,-0.0005041581799213324,C
3650394863,3,-0.000859361467813291,C
3650394863,3,-0.0009947757165087445,C
3650394863,3,-2.770282532144064e-05,C
3650394863,3,-0.000493170665205378,C
3650394863,3,-0.0013362019086626264,C
3288032115,3,1.1599420957075779e-06,C
3288032115,3,1.1599420957075779e-06,C
3288032115,3,1.1599420957075779e-06,C
3288032115,3,2.511776537483801e-06,C
3288032115,3,3.9616612716453226e-06,C
1308598964,3,1.1068261512925393e-05,C
1308598964,3,-3.098508390092514e-05,C
1308598964,3,-1.924976197631434e-05,C
1308598964,3,1.1268485179571908e-05,C
1308598964,3,-8.656635019088643e-06,C
4081192417,3,1.7998350689996112e-05,C
4081192417,3,-1.3797072440202562e-05,C
4081192417,3,-1.0664823895056852e-05,C
4081192417,3,-1.3797072440202562e-05,C
4081192417,3,-1.3797072440202562e-05,C
2085926208,3,0.0,C
2085926208,3,0.0,C
2085926208,3,0.0,C
2085926208,3,0.0,C
2085926208,3,0.0,C
1852134816,3,-0.0027869352324991215,C
1852134816,3,-0.0017392653529782476,C
1852134816,3,-0.0021449293212912335,C
1852134816,3,-0.0017605157733571741,C
1852134816,3,-0.0002744510978043846,C
3628883864,3,0.0,C
3628883864,3,0.0,C
3628883864,3,0.0,C
3628883864,3,0.0,C
3628883864,3,0.0,C
1228815484,3,1.3641295658506358e-05,C
1228815484,3,-1.8673052191719997e-06,C
1228815484,3,1.2912579197887908e-05,C
1228815484,3,1.5233308171824778e-05,C
1228815484,3,-6.148744132350448e-06,C
2863170677,3,0.0,C
2863170677,3,0.0,C
2863170677,3,0.0,C
2863170677,3,0.0,C
2863170677,3,0.0,C
2126281302,3,0.0003699783034200599,C
2126281302,3,-0.00012561998883331427,C
2126281302,3,-4.327894136374466e-05,C
2126281302,3,-2.1795489480835872e-05,C
2126281302,3,0.0004600088453223239,C
3768390624,3,1.6703177910859512e-05,C
3768390624,3,-9.8705852755121e-05,C
3768390624,3,-7.888295137364887e-05,C
3768390624,3,-6.118535798693703e-05,C
3768390624,3,-6.0027475709156786e-05,C
2150151661,3,0.00016040517366389118,C
2150151661,3,-6.288249168373561e-05,C
2150151661,3,3.2721650247424794e-05,C
2150151661,3,3.4832344205093513e-06,C
2150151661,3,0.00011979242778248356,C
881868678,3,0.0,C
881868678,3,0.0,C
881868678,3,0.0,C
881868678,3,0.0,C
881868678,3,0.0,C
1796784588,3,4.669531536877214e-05,C
1796784588,3,3.085671483993302e-05,C
1796784588,3,0.0001679738376680895,C
1796784588,3,1.534888338505791e-05,C
1796784588,3,9.687326024959697e-05,C
3892941493,3,0.00012256275572503084,N
3892941493,3,0.0002152026899756576,N
3892941493,3,9.758078880550691e-05,N
3892941493,3,6.47039699057661e-05,N
3892941493,3,4.152828982423307e-05,N
847307936,3,0.0,C
847307936,3,0.0,C
847307936,3,0.0,C
847307936,3,1.7218464531232325e-05,C
847307936,3,6.772428315038326e-06,C
1514288082,3,0.0,N
1514288082,3,0.0,N
1514288082,3,0.0,N
1514288082,3,0.0,N
1514288082,3,0.0,N
287232915,3,0.0,C
287232915,3,0.0,C
287232915,3,0.0,C
287232915,3,0.0,C
287232915,3,0.0,C
3292836937,3,0.0,
3292836937,3,0.0,
3292836937,3,0.0,
3292836937,3,0.0,
3292836937,3,0.0,
89961214,3,-0.00029243838361636687,C
89961214,3,-0.000437194971466659,C
89961214,3,-0.00014013514254201942,C
89961214,3,5.932295611776883e-05,C
89961214,3,-7.903893876864965e-05,C
1147977085,3,0.0,C
1147977085,3,0.0,C
1147977085,3,0.0,C
1147977085,3,0.0,C
1147977085,3,0.0,C
636182019,3,0.0,C
636182019,3,0.0,C
636182019,3,0.0,C
636182019,3,0.0,C
636182019,3,0.0,C
799373156,3,0.0,C
799373156,3,0.0,C
799373156,3,0.0,C
799373156,3,0.0,C
799373156,3,0.0,C
636990493,3,5.9325397154974535e-05,C
636990493,3,4.868937825303066e-05,C
636990493,3,1.483587771738959e-05,C
636990493,3,0.00010010548829125776,C
636990493,3,4.868937825303066e-05,C
1078276907,3,0.0,C
1078276907,3,0.0,C
1078276907,3,0.0,C
1078276907,3,0.0,C
1078276907,3,0.0,C
1421345390,3,-0.0010560623876041397,C
1421345390,3,-0.00034721928285630366,C
1421345390,3,-0.0001515588213205632,C
1421345390,3,-0.0015093110771858265,C
1421345390,3,-2.2577291475811556e-06,C
145374537,3,0.0,C
145374537,3,-6.529146270195518e-06,C
145374537,3,-6.529146270195518e-06,C
145374537,3,-6.529146270195518e-06,C
145374537,3,0.0,C
1256751600,3,0.0,C
1256751600,3,0.0,C
1256751600,3,0.0,C
1256751600,3,0.0,C
1256751600,3,0.0,C
30707086,3,-2.4067021425877577e-05,C
30707086,3,-2.4067021425877577e-05,C
30707086,3,-5.935468264939292e-05,C
30707086,3,-7.686731924400059e-05,C
30707086,3,-6.124076259333977e-05,C
454919045,3,0.0,N
454919045,3,0.0,N
454919045,3,0.0,N
454919045,3,0.0,N
454919045,3,0.0,N
96001975,3,0.0,C
96001975,3,0.0,C
96001975,3,0.0,C
96001975,3,0.0,C
96001975,3,0.0,C
3632480728,3,0.0,C
3632480728,3,0.0,C
3632480728,3,0.0,C
3632480728,3,0.0,C
3632480728,3,0.0,C
2543587995,3,0.0,N
2543587995,3,0.0,N
2543587995,3,0.0,N
2543587995,3,0.0,N
2543587995,3,0.0,N
2664622273,3,0.0001313654227048655,C
2664622273,3,-2.1838786880945538e-05,C
2664622273,3,0.00012662982060396288,C
2664622273,3,-5.435851990032159e-05,C
2664622273,3,5.77154164319027e-05,C
640282103,3,0.0,C
640282103,3,-1.162444667635043e-06,C
640282103,3,-1.162444667635043e-06,C
640282103,3,0.0,C
640282103,3,0.0,C
552722929,3,-0.00010975013745800899,C
552722929,3,-0.00016288942612335822,C
552722929,3,-0.00026879050864064835,C
552722929,3,-0.00029447957966605154,C
552722929,3,-0.00012770659799049566,C
3304326854,3,0.0,C
3304326854,3,0.0,C
3304326854,3,0.0,C
3304326854,3,0.0,C
3304326854,3,0.0,C
932711668,3,-1.3549929334666366e-06,N
932711668,3,-1.3549929334666366e-06,N
932711668,3,-1.3549929334666366e-06,N
932711668,3,-1.3549929334666366e-06,N
932711668,3,-1.3549929334666366e-06,N
932734850,3,0.0008535847497834204,N
932734850,3,0.0008676841285771286,N
932734850,3,0.00048284713717411387,N
932734850,3,0.00015646436488608861,N
932734850,3,-0.00021889181675865954,N
3198482033,3,-0.0006374109178137743,C
3198482033,3,-0.0010737231350720355,C
3198482033,3,-9.151618588482124e-05,C
3198482033,3,-0.0008606509860603073,C
3198482033,3,-0.0007102807872085282,C
2843970853,3,-7.562099276986478e-05,C
2843970853,3,6.29758204301889e-05,C
2843970853,3,7.03040593001969e-05,C
2843970853,3,-2.2014574113493612e-05,C
2843970853,3,-4.374784466409931e-06,C
1167268241,3,-0.0010032600420084026,C
1167268241,3,-0.0022636865692739483,C
1167268241,3,-0.001794580877556129,C
1167268241,3,-5.788760827202255e-05,C
1167268241,3,-0.00042212285289022766,C
1968143303,3,1.6069432948684348e-05,C
1968143303,3,4.390584228408656e-06,C
1968143303,3,0.0,C
1968143303,3,0.0,C
1968143303,3,1.795014708905196e-05,C
132611095,3,0.0006603383388299466,C
132611095,3,0.0012601130299404462,C
132611095,3,0.0008531654274443468,C
132611095,3,0.0002572371052866895,C
132611095,3,0.0006308338433508864,C
1067305901,3,0.00023895914761512538,C
1067305901,3,0.00028686781932568683,C
1067305901,3,-6.471947892000562e-05,C
1067305901,3,4.854697894463023e-06,C
1067305901,3,0.00017974196797243547,C
4232044298,3,-2.703519468827409e-05,C
4232044298,3,0.0,C
4232044298,3,-9.005893478131188e-06,C
4232044298,3,-2.703519468827409e-05,C
4232044298,3,-2.703519468827409e-05,C
3924990413,3,0.0,C
3924990413,3,0.0,C
3924990413,3,0.0,C
3924990413,3,0.0,C
3924990413,3,0.0,C
3163510888,3,-2.3626194913917153e-05,C
3163510888,3,2.3066059570642228e-05,C
3163510888,3,-2.0561015825482087e-06,C
3163510888,3,0.0001350584649060238,C
3163510888,3,5.527975930880169e-05,C
3370172965,3,-6.1226717341100745e-06,C
3370172965,3,0.0010123961208945431,C
3370172965,3,-0.0001650379000638913,C
3370172965,3,0.0010550456664991104,C
3370172965,3,-0.0002426149278635381,C
1544255291,3,0.0,C
1544255291,3,0.0,C
1544255291,3,0.0,C
1544255291,3,0.0,C
1544255291,3,0.0,C
3961613636,3,7.144812914861021e-06,C
3961613636,3,7.144812914861021e-06,C
3961613636,3,-2.126634923105275e-06,C
3961613636,3,0.0,C
3961613636,3,7.144812914861021e-06,C
50651170,3,0.0,C
50651170,3,0.0,C
50651170,3,0.0,C
50651170,3,0.0,C
50651170,3,0.0,C
3075896141,3,0.0,C
3075896141,3,0.0,C
3075896141,3,0.0,C
3075896141,3,0.0,C
3075896141,3,0.0,C
172238518,3,0.0,C
172238518,3,8.96492869467691e-06,C
172238518,3,3.385350053558556e-05,C
172238518,3,8.96492869467691e-06,C
172238518,3,1.3784684326945129e-05,C
2136803473,3,0.0,O
2136803473,3,0.0,O
2136803473,3,0.0,O
2136803473,3,0.0,O
2136803473,3,0.0,O
1023209243,3,0.0,N
1023209243,3,0.0,N
1023209243,3,0.0,N
1023209243,3,0.0,N
1023209243,3,0.0,N
885408970,3,-2.8083968053316255e-06,O
885408970,3,-2.8083968053316255e-06,O
885408970,3,-2.8083968053316255e-06,O
885408970,3,-2.8083968053316255e-06,O
885408970,3,-2.8083968053316255e-06,O
1213407188,3,0.0,C
1213407188,3,0.0,C
1213407188,3,0.0,C
1213407188,3,0.0,C
1213407188,3,0.0,C
4210054575,3,0.0,N
4210054575,3,0.0,N
4210054575,3,0.0,N
4210054575,3,0.0,N
4210054575,3,0.0,N
3871410344,3,0.0,N
3871410344,3,0.0,N
3871410344,3,0.0,N
3871410344,3,0.0,N
3871410344,3,0.0,N
1184436594,3,-0.00038716889523449094,C
1184436594,3,-0.00028358886918800064,C
1184436594,3,-3.729711536815117e-05,C
1184436594,3,-0.00012443065002920584,C
1184436594,3,4.2179505217454505e-05,C
3431706412,3,0.0,C
3431706412,3,0.0,C
3431706412,3,0.0,C
3431706412,3,0.0,C
3431706412,3,0.0,C
2758632892,3,0.0008984790724311797,C
2758632892,3,0.0010654148033997224,C
2758632892,3,-0.001279354474912342,C
2758632892,3,5.483765240027472e-05,C
2758632892,3,0.0011656874742291823,C
2131356872,3,-6.433019732948742e-05,C
2131356872,3,-0.0002376441698422327,C
2131356872,3,0.0011183731459808444,C
2131356872,3,-0.00021953646770267454,C
2131356872,3,-0.0005186389666466118,C
3131896227,3,0.0006562422800698853,C
3131896227,3,0.001610526315507621,C
3131896227,3,0.0014902491021502873,C
3131896227,3,0.0008388000382753558,C
3131896227,3,0.001705411021726333,C
2739425568,3,0.0001664218383704008,C
2739425568,3,-0.0002761299044620191,C
2739425568,3,0.0002994586708343072,C
2739425568,3,-2.6307665304536876e-06,C
2739425568,3,-9.49689853382285e-05,C
2917424199,3,0.0,N
2917424199,3,0.0,N
2917424199,3,0.0,N
2917424199,3,0.0,N
2917424199,3,0.0,N
740717125,3,-8.983472960777394e-05,C
740717125,3,-8.983472960777394e-05,C
740717125,3,-9.524214692663291e-05,C
740717125,3,-9.524214692663291e-05,C
740717125,3,-8.983472960777394e-05,C
2604399148,3,-1.1709874225940275e-05,C
2604399148,3,-1.6111198495205592e-05,C
2604399148,3,-8.595015360435276e-06,C
2604399148,3,-1.0157505200614203e-05,C
2604399148,3,-1.1709874225940275e-05,C
35816944,3,-0.00015667947969644214,C
35816944,3,-3.572302875026745e-05,C
35816944,3,-0.00026489587352368504,C
35816944,3,-0.0003971331872955619,C
35816944,3,-0.00015722228174513964,C
1623026378,3,0.0,C
1623026378,3,0.0,C
1623026378,3,0.0,C
1623026378,3,0.0,C
1623026378,3,0.0,C
1514095308,3,-0.005922424213893995,C
1514095308,3,-0.00731056778515915,C
1514095308,3,-0.00833372729663262,C
1514095308,3,-0.004906927479957024,C
1514095308,3,-0.007373205598946497,C
1814116706,3,0.0003498831499104682,N
1814116706,3,-0.001371801534018835,N
1814116706,3,-0.0008067425524899141,N
1814116706,3,-0.002162269056615873,N
1814116706,3,0.001545918693924786,N
3229069614,3,-1.8080829097655293e-05,N
3229069614,3,-1.8080829097655293e-05,N
3229069614,3,1.5006872954137496e-05,N
3229069614,3,2.53250772153657e-05,N
3229069614,3,-4.842706849583767e-06,N
269963113,3,0.0,
269963113,3,0.0,
269963113,3,0.0,
269963113,3,0.0,
269963113,3,0.0,
3375441982,3,0.0,C
3375441982,3,0.0,C
3375441982,3,0.0,C
3375441982,3,0.0,C
3375441982,3,0.0,C
2537385504,3,0.0,
2537385504,3,0.0,
2537385504,3,0.0,
2537385504,3,0.0,
2537385504,3,0.0,
1375082737,3,0.0012365154381068777,C
1375082737,3,0.0008761091673687993,C
1375082737,3,-0.001961270398177617,C
1375082737,3,0.0011581668217718333,C
1375082737,3,0.00180764955001822,C
3972090239,3,0.0016835398507148436,C
3972090239,3,0.0010929839073274827,C
3972090239,3,0.001550709849498122,C
3972090239,3,0.0017908538292654708,C
3972090239,3,0.0006675045991975659,C
542715770,3,2.8017191759377447e-06,C
542715770,3,1.351834441776223e-06,C
542715770,3,3.9616612716453226e-06,C
542715770,3,-1.162444667635043e-06,C
542715770,3,0.0,C
1835135892,3,0.0,C
1835135892,3,0.0,C
1835135892,3,0.0,C
1835135892,3,0.0,C
1835135892,3,0.0,C
3850856377,3,-6.529146270195518e-06,C
3850856377,3,-1.3697144059798827e-05,C
3850856377,3,5.056195903563321e-05,C
3850856377,3,-1.5823778982904102e-05,C
3850856377,3,-6.529146270195518e-06,C
3007422704,3,0.0001348888114661717,O
3007422704,3,-0.00042687131223995145,O
3007422704,3,-6.678801545306756e-05,O
3007422704,3,-1.1909916690033828e-05,O
3007422704,3,0.0002089771035461152,O
2209842778,3,0.00014031769344308165,N
2209842778,3,0.0001554290828646998,N
2209842778,3,-5.2765662397646906e-05,N
2209842778,3,0.0004658108331465072,N
2209842778,3,-2.3205807465898065e-05,N
2296764637,3,-0.0009507533107161459,C
2296764637,3,0.00011332705059874382,C
2296764637,3,-0.0006125894082385508,C
2296764637,3,-0.0004912836858730341,C
2296764637,3,-0.0004681626793934246,C
3929393147,3,-6.516128596545379e-05,C
3929393147,3,-9.284235041512323e-05,C
3929393147,3,-9.284235041512323e-05,C
3929393147,3,-9.898904485150517e-05,C
3929393147,3,2.782045904031749e-05,C
2270589688,3,0.0011192917520654322,N
2270589688,3,0.000635584059425709,N
2270589688,3,0.000635584059425709,N
2270589688,3,-8.402970614879157e-05,N
2270589688,3,0.0007397049173614723,N
2592252298,3,0.0005257690159735651,C
2592252298,3,-0.0001876292430444959,C
2592252298,3,0.0002499987767749512,C
2592252298,3,0.00013699357572921622,C
2592252298,3,0.00017249748298409084,C
4116013187,3,0.0,C
4116013187,3,0.0,C
4116013187,3,0.0,C
4116013187,3,0.0,C
4116013187,3,0.0,C
372117123,3,0.0,S
372117123,3,1.374279416938018e-05,S
372117123,3,6.504263039219804e-06,S
372117123,3,-2.50746427277182e-06,S
372117123,3,1.374279416938018e-05,S
2709179886,3,0.0,C
2709179886,3,0.0,C
2709179886,3,0.0,C
2709179886,3,0.0,C
2709179886,3,0.0,C
228862830,3,0.0,N
228862830,3,0.0,N
228862830,3,0.0,N
228862830,3,0.0,N
228862830,3,0.0,N
2300762321,3,0.0,N
2300762321,3,0.0,N
2300762321,3,0.0,N
2300762321,3,0.0,N
2300762321,3,0.0,N
4081192418,3,3.806716689863654e-05,C
4081192418,3,9.559543938209014e-05,C
4081192418,3,3.806716689863654e-05,C
4081192418,3,4.213666363050983e-06,C
4081192418,3,9.559543938209014e-05,C
4120224926,3,-0.00022821902081909817,C
4120224926,3,-4.506160616835064e-05,C
4120224926,3,-0.00012226951480065473,C
4120224926,3,-0.00019373342040895913,C
4120224926,3,-0.00019289016072387977,C
1090571167,3,0.0008886093816004581,N
1090571167,3,-0.00020873947927319003,N
1090571167,3,-9.229910783753459e-05,N
1090571167,3,-0.00020117431444965916,N
1090571167,3,0.0010451166819262503,N
369500293,3,0.0,C
369500293,3,0.0,C
369500293,3,0.0,C
369500293,3,-2.126634923105275e-06,C
369500293,3,-2.126634923105275e-06,C
3873306213,3,-0.00019964800191774046,N
3873306213,3,0.00016414258840513618,N
3873306213,3,0.00027375979323640554,N
3873306213,3,-0.00028444747807881976,N
3873306213,3,-1.6420402074890372e-05,N
600377156,3,-7.619829841210013e-06,C
600377156,3,9.234629073540113e-05,C
600377156,3,5.6210740952189475e-05,C
600377156,3,-9.757296934420623e-06,C
600377156,3,6.8441094407512e-05,C
1946997629,3,0.0,C
1946997629,3,-5.0155975928223295e-05,C
1946997629,3,2.782045904031749e-05,C
1946997629,3,0.0002338838058648096,C
1946997629,3,-5.779550446377568e-05,C
1044537682,3,-0.0007448965616035363,C
1044537682,3,-0.001469808548918261,C
1044537682,3,-0.00010017835431019861,C
1044537682,3,-0.0003719782871096644,C
1044537682,3,-4.981736604986464e-05,C
2077658817,3,0.0004912464415233742,O
2077658817,3,0.0015842980676119,O
2077658817,3,0.0006134774157159351,O
2077658817,3,0.00020605712404214716,O
2077658817,3,0.00034103654524986204,O
264974063,3,0.0,N
264974063,3,0.0,N
264974063,3,0.0,N
264974063,3,0.0,N
264974063,3,0.0,N
3792822921,3,0.0,N
3792822921,3,0.0,N
3792822921,3,0.0,N
3792822921,3,0.0,N
3792822921,3,0.0,N
2575624905,3,0.00013434892044000835,C
2575624905,3,9.013313048955585e-05,C
2575624905,3,0.00019819296505968476,C
2575624905,3,0.00013055993734817362,C
2575624905,3,0.00021911149664260998,C
1640551393,3,6.862759477954672e-05,C
1640551393,3,8.915703938727759e-05,C
1640551393,3,3.0941041855359064e-05,C
1640551393,3,4.752520939782512e-05,C
1640551393,3,3.4324722079481784e-05,C
3528517994,3,0.0,C
3528517994,3,0.0,C
3528517994,3,0.0,C
3528517994,3,0.0,C
3528517994,3,0.0,C
692277943,3,-1.0794234993949381e-05,N
692277943,3,-7.459560942502108e-06,N
692277943,3,9.577459071929972e-07,N
692277943,3,1.351834441776223e-06,N
692277943,3,-1.7706319234922496e-05,N
990985258,3,-8.556563072836809e-05,C
990985258,3,-9.175050551946118e-05,C
990985258,3,-6.308357863626934e-05,C
990985258,3,-4.4938855533416255e-05,C
990985258,3,-7.19950262597635e-05,C
389385568,3,0.0,C
389385568,3,0.0,C
389385568,3,0.0,C
389385568,3,0.0,C
389385568,3,0.0,C
597336504,3,0.0,C
597336504,3,0.0,C
597336504,3,0.0,C
597336504,3,0.0,C
597336504,3,0.0,C
744747118,3,0.0013307832130055597,S
744747118,3,0.0009863151261052527,S
744747118,3,0.001508745344145912,S
744747118,3,0.0005955341431433947,S
744747118,3,0.0002078582730278833,S
1740651977,3,0.00014056362359432528,C
1740651977,3,-0.00014594668186740378,C
1740651977,3,5.017794488082483e-05,C
1740651977,3,0.00026043693725086303,C
1740651977,3,-6.207697759730291e-05,C
1198890718,3,0.00013351304160935662,C
1198890718,3,0.0002547536861791655,C
1198890718,3,0.00015154377497916816,C
1198890718,3,-0.00019235111969695406,C
1198890718,3,0.0004196591516748005,C
544863012,3,0.0,C
544863012,3,0.0,C
544863012,3,0.0,C
544863012,3,0.0,C
544863012,3,0.0,C
2127647960,3,-1.6448595517859488e-06,C
2127647960,3,7.354120219882354e-05,C
2127647960,3,6.901468468784033e-05,C
2127647960,3,0.00010175555309871465,C
2127647960,3,6.687116084136413e-05,C
3372972590,3,0.0,N
3372972590,3,0.0,N
3372972590,3,0.0,N
3372972590,3,0.0,N
3372972590,3,0.0,N
1145656637,3,1.345710292954827e-05,N
1145656637,3,0.0002578551651578609,N
1145656637,3,0.0006020632047828434,N
1145656637,3,0.00041278132454225513,N
1145656637,3,0.0003659000650478861,N
3781690415,3,-0.00010063166566304238,C
3781690415,3,0.0003615866945433921,C
3781690415,3,-0.00017881341885123136,C
3781690415,3,-0.00015419832200030958,C
3781690415,3,-0.0001457544915666742,C
2211843251,3,-1.3797072440202562e-05,C
2211843251,3,-1.3797072440202562e-05,C
2211843251,3,-1.3797072440202562e-05,C
2211843251,3,-1.3797072440202562e-05,C
2211843251,3,-7.267926170062555e-06,C
1378792052,3,0.0,C
1378792052,3,0.0,C
1378792052,3,0.0,C
1378792052,3,0.0,C
1378792052,3,0.0,C
4240369074,3,9.914623501361408e-05,C
4240369074,3,3.525913610347153e-05,C
4240369074,3,0.00029550243217907335,C
4240369074,3,5.318337586135424e-05,C
4240369074,3,2.0972835486854358e-05,C
3209892106,3,0.0,
3209892106,3,0.0,
3209892106,3,0.0,
3209892106,3,0.0,
3209892106,3,0.0,
2762211251,3,9.265003489689061e-06,S
2762211251,3,9.265003489689061e-06,S
2762211251,3,2.1201905748280403e-06,S
2762211251,3,1.5769266528908865e-05,S
2762211251,3,2.300779765906924e-05,S
990985259,3,-8.21508740515009e-05,C
990985259,3,0.0002686300775823769,C
990985259,3,-0.00021508085988553027,C
990985259,3,0.0003819482616501668,C
990985259,3,0.000313803130113699,C
4256676941,3,-7.943478953797989e-05,N
4256676941,3,0.0,N
4256676941,3,-7.23135906898209e-05,N
4256676941,3,-6.516128596545379e-05,N
4256676941,3,-7.943478953797989e-05,N
3617179377,3,0.0,
3617179377,3,0.0,
3617179377,3,0.0,
3617179377,3,0.0,
3617179377,3,0.0,
592655526,3,-0.0009136240008601471,C
592655526,3,-0.00044982113973557336,C
592655526,3,-0.0011292332883405254,C
592655526,3,-0.0007799242885626056,C
592655526,3,-0.0004357007867888396,C
2409787606,3,-0.0012978645114241072,C
2409787606,3,-0.00044638093357890485,C
2409787606,3,-0.001482557011250718,C
2409787606,3,-0.0012084468252690495,C
2409787606,3,-0.0005809865028237327,C
2113520109,3,0.0,C
2113520109,3,0.0,C
2113520109,3,0.0,C
2113520109,3,0.0,C
2113520109,3,0.0,C
1250165012,3,-0.0004659736551747007,C
1250165012,3,-0.00042243071227182627,C
1250165012,3,-0.00047047723604964897,C
1250165012,3,-0.0009283896448691875,C
1250165012,3,0.00011334163285092735,C
1238592536,3,0.0,C
1238592536,3,0.0,C
1238592536,3,0.0,C
1238592536,3,0.0,C
1238592536,3,0.0,C
2213350725,3,0.00042638550629076066,C
2213350725,3,0.0002577639559062095,C
2213350725,3,0.0003296124734063488,C
2213350725,3,0.0002998970728875783,C
2213350725,3,0.0003014431349298574,C
1915080917,3,5.1458743217380754e-05,C
1915080917,3,1.971759835794895e-05,C
1915080917,3,3.346039252732913e-05,C
1915080917,3,1.971759835794895e-05,C
1915080917,3,1.257278544308793e-05,C
3651174070,3,3.8664038528091194e-05,C
3651174070,3,9.889403211255088e-05,C
3651174070,3,-0.00017595432144817957,C
3651174070,3,-0.0002633244362172382,C
3651174070,3,-0.00033146662657845827,C
1365279474,3,0.00013090831568501882,C
1365279474,3,0.00010525703108449358,C
1365279474,3,0.00011879979514045624,C
1365279474,3,8.877904083415267e-05,C
1365279474,3,6.54616895262583e-05,C
1583009052,3,0.0007412316394281859,C
1583009052,3,0.00023792545217621308,C
1583009052,3,0.0003387637774652785,C
1583009052,3,0.00011846059182757385,C
1583009052,3,0.0004158260973871064,C
1499666286,3,0.0,C
1499666286,3,0.0,C
1499666286,3,0.0,C
1499666286,3,0.0,C
1499666286,3,0.0,C
1191280979,3,-0.0001351850404274768,C
1191280979,3,-0.00021673351232526228,C
1191280979,3,-0.00010330201740654799,C
1191280979,3,-0.00013043769152870643,C
1191280979,3,-0.00011977286763359407,C
3457964313,3,-0.00033967823376734874,N
3457964313,3,-0.00037720082182779446,N
3457964313,3,-0.00025535958097827605,N
3457964313,3,-0.00040564639370227473,N
3457964313,3,-0.0004969354228664402,N
2881111452,3,-5.81717271075366e-06,C
2881111452,3,0.00010721159862836505,C
2881111452,3,2.1877576569240276e-06,C
2881111452,3,2.088760708418569e-05,C
2881111452,3,8.250879736715344e-06,C
423609967,3,0.00038423154237177126,C
423609967,3,0.0004943907722237961,C
423609967,3,0.0004382015720655885,C
423609967,3,-0.00035428682828775315,C
423609967,3,0.00034760382211568297,C
3300110909,3,-0.0010554185144158734,N
3300110909,3,-0.0014750707983419709,N
3300110909,3,-0.0017914097287393682,N
3300110909,3,-0.002461247814685541,N
3300110909,3,-0.0015811868424461806,N
3345491492,3,0.0,N
3345491492,3,0.0,N
3345491492,3,0.0,N
3345491492,3,0.0,N
3345491492,3,0.0,N
1534595042,3,-0.0005838052030749386,C
1534595042,3,-0.00037134426598250947,C
1534595042,3,-0.00043638204359180977,C
1534595042,3,-0.00037134426598250947,C
1534595042,3,-0.0005564505401637887,C
2014255590,3,0.0001611545912007517,N
2014255590,3,0.0001112877657296063,N
2014255590,3,4.76374381209177e-05,N
2014255590,3,-3.6573925047744815e-05,N
2014255590,3,0.00014989623540856423,N
362715007,3,0.0,C
362715007,3,0.0,C
362715007,3,0.0,C
362715007,3,0.0,C
362715007,3,0.0,C
2654043257,3,0.0,N
2654043257,3,-3.6905377876483847e-06,N
2654043257,3,0.0,N
2654043257,3,-1.0481095304382126e-05,N
2654043257,3,-3.6905377876483847e-06,N
720253145,3,0.0,N
720253145,3,0.0,N
720253145,3,0.0,N
720253145,3,0.0,N
720253145,3,0.0,N
1342596238,3,0.0,
1342596238,3,0.0,
1342596238,3,0.0,
1342596238,3,0.0,
1342596238,3,0.0,
1505769767,3,0.0010408351254218018,C
1505769767,3,0.000830311066471523,C
1505769767,3,0.0008617632647390794,C
1505769767,3,0.0005588911136156227,C
1505769767,3,0.0011956280710472833,C
4129558839,3,0.0,N
4129558839,3,0.0,N
4129558839,3,0.0,N
4129558839,3,0.0,N
4129558839,3,0.0,N
1673980810,3,-0.00020689422085701237,O
1673980810,3,-0.000221175809111962,O
1673980810,3,-0.00042184758450641846,O
1673980810,3,-0.0003796915677017898,O
1673980810,3,-0.0002983276550008185,O
458195553,3,0.0,N
458195553,3,0.0,N
458195553,3,0.0,N
458195553,3,0.0,N
458195553,3,0.0,N
3083149214,3,7.138669074857606e-05,C
3083149214,3,0.00011037792763018972,C
3083149214,3,4.928865734116217e-05,C
3083149214,3,5.543042665623332e-05,C
3083149214,3,7.062331755341988e-05,C
564807139,3,0.0,C
564807139,3,0.0,C
564807139,3,0.0,C
564807139,3,0.0,C
564807139,3,0.0,C
57405021,3,8.453703489919029e-05,P
57405021,3,8.241684432436225e-05,P
57405021,3,3.7644781317736076e-05,P
57405021,3,0.00010251115831522162,P
57405021,3,8.898907825855007e-05,P
264906369,3,0.0,C
264906369,3,0.0,C
264906369,3,0.0,C
264906369,3,0.0,C
264906369,3,0.0,C
906327634,3,0.0,N
906327634,3,0.0,N
906327634,3,0.0,N
906327634,3,0.0,N
906327634,3,0.0,N
3203925050,3,-5.81717271075366e-06,C
3203925050,3,-1.2607730227487401e-05,C
3203925050,3,-4.012714867052125e-06,C
3203925050,3,-2.126634923105275e-06,C
3203925050,3,-1.0938030307383606e-05,C
1238701800,3,0.0,C
1238701800,3,0.0,C
1238701800,3,0.0,C
1238701800,3,0.0,C
1238701800,3,0.0,C
817554650,3,0.0,N
817554650,3,0.0,N
817554650,3,0.0,N
817554650,3,0.0,N
817554650,3,0.0,N
3210014657,3,0.0,N
3210014657,3,0.0,N
3210014657,3,0.0,N
3210014657,3,0.0,N
3210014657,3,0.0,N
3869736299,3,0.0001139714654800339,C
3869736299,3,-0.0002561692940388216,C
3869736299,3,-0.0003069110479811399,C
3869736299,3,0.0001139714654800339,C
3869736299,3,0.0001139714654800339,C
443741425,3,-0.00023958833820703074,N
443741425,3,-0.00021399372670571903,N
443741425,3,-6.804704483831525e-05,N
443741425,3,1.771243315085158e-05,N
443741425,3,0.00011187177016586114,N
252812893,3,0.0,
252812893,3,0.0,
252812893,3,0.0,
252812893,3,0.0,
252812893,3,0.0,
1352167592,3,1.1616159246274904e-05,C
1352167592,3,4.645679088144394e-06,C
1352167592,3,1.7956460532431162e-05,C
1352167592,3,0.0,C
1352167592,3,7.144812914861021e-06,C
2030757576,3,0.0,C
2030757576,3,0.0,C
2030757576,3,0.0,C
2030757576,3,0.0,C
2030757576,3,0.0,C
3541689698,3,0.0,N
3541689698,3,0.0,N
3541689698,3,0.0,N
3541689698,3,0.0,N
3541689698,3,0.0,N
2250143559,3,0.0005288487715757184,C
2250143559,3,0.0002730528599742543,C
2250143559,3,0.0007938906440920213,C
2250143559,3,0.00011086570362195403,C
2250143559,3,-0.00021925052500965103,C
2144345290,3,0.0,N
2144345290,3,0.0,N
2144345290,3,0.0,N
2144345290,3,0.0,N
2144345290,3,0.0,N
1849554589,3,-0.00030877121010614017,N
1849554589,3,-1.7884663250367083e-05,N
1849554589,3,-0.00029921319644132804,N
1849554589,3,-0.00042118981215977236,N
1849554589,3,-0.00037830459364229796,N
2271158283,3,0.00026587524896787285,C
2271158283,3,0.00010878403020975203,C
2271158283,3,0.0001351546045159635,C
2271158283,3,0.00020532922891236538,C
2271158283,3,0.0001722096169503029,C
1445706287,3,0.0,C
1445706287,3,0.0,C
1445706287,3,0.0,C
1445706287,3,0.0,C
1445706287,3,0.0,C
3385400514,3,0.0,C
3385400514,3,0.0,C
3385400514,3,0.0,C
3385400514,3,0.0,C
3385400514,3,0.0,C
621690156,3,0.0,
621690156,3,0.0,
621690156,3,0.0,
621690156,3,0.0,
621690156,3,0.0,
1214058429,3,0.00024440581444373777,C
1214058429,3,7.063884151381483e-05,C
1214058429,3,0.000289916529604195,C
1214058429,3,0.00016963245122192383,C
1214058429,3,0.00022881977630867523,C
3599391724,3,0.0,C
3599391724,3,0.0,C
3599391724,3,1.1599420957075779e-06,C
3599391724,3,0.0,C
3599391724,3,0.0,C
3992738647,3,0.0,C
3992738647,3,0.0,C
3992738647,3,0.0,C
3992738647,3,0.0,C
3992738647,3,0.0,C
1637770740,3,4.0009047152511634e-06,C
1637770740,3,1.8807141404231231e-06,C
1637770740,3,-4.3119221164733545e-06,C
1637770740,3,-3.1670930744076564e-06,C
1637770740,3,1.8807141404231231e-06,C
81315441,3,-1.4293462224757025e-05,C
81315441,3,0.0006393311058096041,C
81315441,3,0.0002939411429817018,C
81315441,3,-6.074326469390767e-05,C
81315441,3,0.0007738609360673498,C
3145023872,3,0.0,C
3145023872,3,0.0,C
3145023872,3,0.0,C
3145023872,3,0.0,C
3145023872,3,0.0,C
3135357859,3,2.1201905748280403e-06,N
3135357859,3,0.0,N
3135357859,3,-1.3595954169887126e-05,N
3135357859,3,0.0,N
3135357859,3,2.1201905748280403e-06,N
4078658161,3,0.0,C
4078658161,3,-1.6543874567287453e-05,C
4078658161,3,-1.3595954169887126e-05,C
4078658161,3,0.0,C
4078658161,3,-1.3595954169887126e-05,C
2064788354,3,-0.0003995432956421241,C
2064788354,3,-0.00021765041568772014,C
2064788354,3,-0.000306785802261178,C
2064788354,3,-0.000271242221430934,C
2064788354,3,-0.00038897439032015146,C
3134606292,3,0.0,P
3134606292,3,0.0,P
3134606292,3,0.0,P
3134606292,3,2.511776537483801e-06,P
3134606292,3,1.1599420957075779e-06,P
1797524254,3,0.0,C
1797524254,3,0.0,C
1797524254,3,0.0,C
1797524254,3,0.0,C
1797524254,3,0.0,C
77081066,3,-0.0004893519034360194,C
77081066,3,-0.00037542204520907285,C
77081066,3,-0.00012006849657197893,C
77081066,3,0.0,C
77081066,3,-0.0002529376283870177,C
3594356142,3,-0.00015031410286542313,C
3594356142,3,-8.010831730503876e-05,C
3594356142,3,-4.090001955558975e-05,C
3594356142,3,-0.00011660145377173636,C
3594356142,3,-0.00011914931629103398,C
3313841562,3,0.0,C
3313841562,3,0.0,C
3313841562,3,0.0,C
3313841562,3,0.0,C
3313841562,3,0.0,C
2506328221,3,0.0,C
2506328221,3,0.0,C
2506328221,3,0.0,C
2506328221,3,0.0,C
2506328221,3,0.0,C
517432093,3,0.0,C
517432093,3,0.0,C
517432093,3,0.0,C
517432093,3,0.0,C
517432093,3,0.0,C
1169352347,3,0.0,N
1169352347,3,0.0,N
1169352347,3,0.0,N
1169352347,3,0.0,N
1169352347,3,0.0,N
3010410747,3,0.00014568919640550737,N
3010410747,3,0.00020974598848982895,N
3010410747,3,0.00039636314153579377,N
3010410747,3,0.00024899205340089825,N
3010410747,3,0.0005595441641728094,N
1693589848,3,0.000318965593876952,N
1693589848,3,-0.00016822467925092788,N
1693589848,3,-6.095501540548387e-05,N
1693589848,3,-6.095501540548387e-05,N
1693589848,3,0.00027627553777964664,N
4081436575,3,0.0,C
4081436575,3,0.0,C
4081436575,3,0.0,C
4081436575,3,0.0,C
4081436575,3,0.0,C
2975316496,3,0.0,C
2975316496,3,0.0,C
2975316496,3,0.0,C
2975316496,3,0.0,C
2975316496,3,0.0,C
3674630670,3,0.0,C
3674630670,3,1.351834441776223e-06,C
3674630670,3,0.0,C
3674630670,3,0.0,C
3674630670,3,0.0,C
3350945806,3,-0.00012935437790245752,C
3350945806,3,-0.0005750718516345787,C
3350945806,3,-0.0001241190108828838,C
3350945806,3,-0.0002938001665278578,C
3350945806,3,-0.00019898632014919704,C
1397513080,3,-1.977572801714622e-05,O
1397513080,3,-1.977572801714622e-05,O
1397513080,3,-2.50746427277182e-06,O
1397513080,3,-1.977572801714622e-05,O
1397513080,3,-1.977572801714622e-05,O
3126934625,3,-1.7997278439152442e-05,C
3126934625,3,-1.0481095304382126e-05,C
3126934625,3,-3.6905377876483847e-06,C
3126934625,3,0.0,C
3126934625,3,-1.88607994394685e-06,C
3995362948,3,0.00014451152834110692,N
3995362948,3,0.00014451152834110692,N
3995362948,3,-3.492389043008304e-05,N
3995362948,3,8.710599151456888e-05,N
3995362948,3,0.0,N
1059124080,3,0.0,C
1059124080,3,0.0,C
1059124080,3,0.0,C
1059124080,3,0.0,C
1059124080,3,0.0,C
1153930374,3,0.0,C
1153930374,3,-9.1858830548186e-06,C
1153930374,3,-1.6696999200482843e-06,C
1153930374,3,-4.784558785553283e-06,C
1153930374,3,-4.784558785553283e-06,C
1103832125,3,0.0,
1103832125,3,0.0,
1103832125,3,0.0,
1103832125,3,0.0,
1103832125,3,0.0,
3577933307,3,0.0007329707641474115,C
3577933307,3,1.6141734704988586e-06,C
3577933307,3,-0.00014291288377027422,C
3577933307,3,-0.00011154725338480276,C
3577933307,3,-0.0010738633225920724,C
3988861584,3,0.0005629358531907269,C
3988861584,3,0.0008605143861874498,C
3988861584,3,0.0006455773693577749,C
3988861584,3,0.00031677629053988854,C
3988861584,3,-0.00036384775822861926,C
2572035617,3,-0.00011819110568284108,N
2572035617,3,-0.00015487193871616123,N
2572035617,3,-2.1939755493305402e-05,N
2572035617,3,-6.82368050259341e-05,N
2572035617,3,-0.00020196428533025834,N
3346153511,3,0.0,C
3346153511,3,0.0,C
3346153511,3,-9.294632712764095e-06,C
3346153511,3,0.0,C
3346153511,3,0.0,C
2918201879,3,0.0,C
2918201879,3,0.0,C
2918201879,3,0.0,C
2918201879,3,0.0,C
2918201879,3,0.0,C
194638448,3,0.0,C
194638448,3,0.0,C
194638448,3,0.0,C
194638448,3,0.0,C
194638448,3,0.0,C
869152089,3,0.0,C
869152089,3,0.0,C
869152089,3,0.0,C
869152089,3,0.0,C
869152089,3,0.0,C
3804745459,3,0.0,
3804745459,3,0.0,
3804745459,3,0.0,
3804745459,3,0.0,
3804745459,3,0.0,
3755128710,3,0.0005369963928972266,C
3755128710,3,0.0009708246965298151,C
3755128710,3,0.00022209727215521946,C
3755128710,3,0.0009128068576003123,C
3755128710,3,0.0006900602057772209,C
1713195601,3,-1.2203580524172697e-05,C
1713195601,3,4.242453723662942e-05,C
1713195601,3,4.242453723662942e-05,C
1713195601,3,-5.255577243973297e-05,C
1713195601,3,-5.255577243973297e-05,C
1568606682,3,0.001301509210239471,C
1568606682,3,0.0007407540811071311,C
1568606682,3,0.00022479320621310306,C
1568606682,3,0.0007273629509464419,C
1568606682,3,-0.00011015194193692013,C
2059730245,3,-0.00015519063684565904,C
2059730245,3,-7.24064306734662e-05,C
2059730245,3,1.7304703000597943e-05,C
2059730245,3,0.00031339109577244173,C
2059730245,3,-9.132375850234853e-05,C
2617658656,3,0.0,C
2617658656,3,0.0,C
2617658656,3,0.0,C
2617658656,3,0.0,C
2617658656,3,0.0,C
836300471,3,0.0,
836300471,3,0.0,
836300471,3,0.0,
836300471,3,0.0,
836300471,3,0.0,
3490910321,3,2.8017191759377447e-06,C
3490910321,3,0.0,C
3490910321,3,1.351834441776223e-06,C
3490910321,3,1.351834441776223e-06,C
3490910321,3,0.0,C
3255046070,3,2.8884924348160368e-05,C
3255046070,3,-2.0729021001086867e-05,C
3255046070,3,1.2549043213627709e-05,C
3255046070,3,1.374279416938018e-05,C
3255046070,3,5.00128363965513e-05,C
2198820481,3,0.0,
2198820481,3,0.0,
2198820481,3,0.0,
2198820481,3,0.0,
2198820481,3,0.0,
104625121,3,0.0,N
104625121,3,0.0,N
104625121,3,0.0,N
104625121,3,0.0,N
104625121,3,0.0,N
3103858517,3,-2.7373936054564396e-05,C
3103858517,3,-1.3093828506616223e-05,C
3103858517,3,-1.4176778589947148e-05,C
3103858517,3,-1.4176778589947148e-05,C
3103858517,3,-1.4176778589947148e-05,C
1390475220,3,-1.9154213976302348e-05,C
1390475220,3,-2.703519468827409e-05,C
1390475220,3,-1.7704329242140826e-05,C
1390475220,3,-3.420319247793291e-05,C
1390475220,3,-2.390294614312838e-05,C
4006278292,3,9.092553301992545e-05,N
4006278292,3,7.759708869209403e-05,N
4006278292,3,0.00012118156802437552,N
4006278292,3,2.0068816208640428e-05,N
4006278292,3,7.875703078780161e-05,N
1789200865,3,-0.001437838185421092,C
1789200865,3,-0.001154683003705137,C
1789200865,3,-0.0014484736142763022,C
1789200865,3,-1.977572801714622e-05,C
1789200865,3,-0.0016959750387149364,C
2291264872,3,-0.00042076501686411083,C
2291264872,3,0.00023207104860434313,C
2291264872,3,0.0001318342862478561,C
2291264872,3,8.914423015055073e-05,C
2291264872,3,0.0001318342862478561,C
2918205364,3,0.0,C
2918205364,3,0.0,C
2918205364,3,0.0,C
2918205364,3,0.0,C
2918205364,3,0.0,C
3798139026,3,0.0006802603113485461,C
3798139026,3,-0.0002506905374625168,C
3798139026,3,0.000480522355753743,C
3798139026,3,-0.0004802797781963686,C
3798139026,3,0.0015576908123063338,C
4223976160,3,0.0,C
4223976160,3,0.0,C
4223976160,3,0.0,C
4223976160,3,0.0,C
4223976160,3,0.0,C
1511206547,3,0.0,
1511206547,3,0.0,
1511206547,3,0.0,
1511206547,3,0.0,
1511206547,3,0.0,
954800030,3,0.0007162031179642203,C
954800030,3,0.0014222102327918207,C
954800030,3,0.0005362508404215816,C
954800030,3,0.0011986904278616928,C
954800030,3,0.0011740587689931248,C
2172997423,3,0.0,C
2172997423,3,-1.162444667635043e-06,C
2172997423,3,0.0,C
2172997423,3,0.0,C
2172997423,3,0.0,C
1918025650,3,1.7218464531232325e-05,C
1918025650,3,1.045259486825989e-05,C
1918025650,3,1.257278544308793e-05,C
1918025650,3,1.7218464531232325e-05,C
1918025650,3,8.571880727836767e-06,C
1491315937,3,0.0,C
1491315937,3,0.0,C
1491315937,3,0.0,C
1491315937,3,0.0,C
1491315937,3,0.0,C
1271427701,3,-3.6715298313838574e-05,C
1271427701,3,0.00013915841495149017,C
1271427701,3,0.0007056382902053127,C
1271427701,3,5.787983261051899e-05,C
1271427701,3,0.00013915841495149017,C
876016289,3,0.0,C
876016289,3,0.0,C
876016289,3,0.0,C
876016289,3,0.0,C
876016289,3,0.0,C
759348397,3,8.991174129641122e-05,S
759348397,3,1.5209159028306551e-05,S
759348397,3,9.301870928885014e-05,S
759348397,3,9.832220237870892e-05,S
759348397,3,9.611781635548988e-05,S
3886074185,3,0.0,
3886074185,3,0.0,
3886074185,3,0.0,
3886074185,3,0.0,
3886074185,3,0.0,
3977047921,3,0.0,N
3977047921,3,0.0,N
3977047921,3,0.0,N
3977047921,3,0.0,N
3977047921,3,0.0,N
3386795352,3,9.0030541902264e-05,C
3386795352,3,9.0030541902264e-05,C
3386795352,3,-0.00016122415906844045,C
3386795352,3,0.00012189362678549642,C
3386795352,3,0.0,C
2640652321,3,0.00013428628597650372,C
2640652321,3,2.3905638276311425e-05,C
2640652321,3,5.146128072119893e-06,C
2640652321,3,-9.497536967112419e-05,C
2640652321,3,0.00011311958816900836,C
3644443517,3,-2.3412335252936955e-05,C
3644443517,3,-8.544148618278014e-05,C
3644443517,3,-7.611205157104228e-05,C
3644443517,3,-7.611205157104228e-05,C
3644443517,3,-0.00010413782883095246,C
805268291,3,-0.0006037536191193515,C
805268291,3,-0.0006037536191193515,C
805268291,3,-0.00011683675846774211,C
805268291,3,-0.00137344843871956,C
805268291,3,-0.0001449810656607986,C
994494548,3,-0.0012064954665720884,C
994494548,3,-0.0008774308914104578,C
994494548,3,0.00026248336802126015,C
994494548,3,-0.0004662425033484796,C
994494548,3,2.872958786448443e-05,C
3889081300,3,0.0,C
3889081300,3,0.0,C
3889081300,3,0.0,C
3889081300,3,0.0,C
3889081300,3,0.0,C
3119383463,3,0.0,C
3119383463,3,0.0,C
3119383463,3,0.0,C
3119383463,3,0.0,C
3119383463,3,0.0,C
4142616092,3,0.0028653448207219823,C
4142616092,3,0.001829453886650012,C
4142616092,3,0.0017209762314957522,C
4142616092,3,0.0022052204904083883,C
4142616092,3,0.002371348708092469,C
3633569943,3,-0.00013676925740352397,C
3633569943,3,-6.761236239816171e-05,C
3633569943,3,0.00020341482897384688,C
3633569943,3,0.00012906562465148097,C
3633569943,3,-0.00011879394582808844,C
2810558781,3,0.0,C
2810558781,3,0.0,C
2810558781,3,0.0,C
2810558781,3,0.0,C
2810558781,3,1.351834441776223e-06,C
643572069,3,0.0,C
643572069,3,0.0,C
643572069,3,0.0,C
643572069,3,0.0,C
643572069,3,0.0,C
307525970,3,0.0,
307525970,3,0.0,
307525970,3,0.0,
307525970,3,0.0,
307525970,3,0.0,
230478851,3,0.0,C
230478851,3,0.0,C
230478851,3,0.0,C
230478851,3,0.0,C
230478851,3,0.0,C
3353919692,3,0.0,C
3353919692,3,0.0,C
3353919692,3,0.0,C
3353919692,3,0.0,C
3353919692,3,0.0,C
4201996000,3,9.166450366004941e-05,C
4201996000,3,6.862759477954672e-05,C
4201996000,3,5.778722358157351e-05,C
4201996000,3,3.756591800141429e-05,C
4201996000,3,3.756591800141429e-05,C
1523193891,3,-6.273539342549483e-05,C
1523193891,3,-6.524285769832217e-05,C
1523193891,3,-4.893832098529227e-05,C
1523193891,3,-5.9603144880349124e-05,C
1523193891,3,-5.9603144880349124e-05,C
2806469715,3,1.9704750357507628e-05,C
2806469715,3,2.996676454131153e-05,C
2806469715,3,2.996676454131153e-05,C
2806469715,3,-2.8025777259854667e-05,C
2806469715,3,2.996676454131153e-05,C
3705007549,3,0.0,C
3705007549,3,0.0,C
3705007549,3,0.0,C
3705007549,3,0.0,C
3705007549,3,0.0,C
1445715347,3,1.0262014183803903e-05,C
1445715347,3,9.267521470818219e-05,C
1445715347,3,9.267521470818219e-05,C
1445715347,3,0.0,C
1445715347,3,1.0262014183803903e-05,C
4232889011,3,4.410117620262666e-05,O
4232889011,3,0.0006937216661345169,O
4232889011,3,-0.00026460496764396657,O
4232889011,3,7.710961613988099e-05,O
4232889011,3,0.0008239056905114395,O
1932106328,3,0.0,C
1932106328,3,0.0,C
1932106328,3,0.0,C
1932106328,3,0.0,C
1932106328,3,0.0,C
UNK,3,-0.011628051956111829,
UNK,3,-0.01089032887424668,
UNK,3,-0.011140765500023853,
UNK,3,-0.026646222698069044,
UNK,3,-0.01726198112687294,
3218693969,4,0.006109055322949752,C
3218693969,4,0.004640074399687333,C
3218693969,4,0.007489385604304677,C
3218693969,4,0.010967852413379497,C
3218693969,4,0.013811642111156597,C
3217380708,4,0.023465176302283453,C
3217380708,4,0.017732725953781225,C
3217380708,4,0.011472077259362168,C
3217380708,4,0.01372390362989484,C
3217380708,4,0.01572322969130935,C
951226070,4,0.013293459012864384,C
951226070,4,0.005716056017908366,C
951226070,4,0.009384975738818024,C
951226070,4,0.004723079132777086,C
951226070,4,0.00734090650779301,C
2968968094,4,0.005393015992296912,C
2968968094,4,0.004988774223797232,C
2968968094,4,0.01005912251828267,C
2968968094,4,0.010905935321057214,C
2968968094,4,0.004723090503771954,C
2245384272,4,0.011948856630921045,C
2245384272,4,0.0056050213260323,C
2245384272,4,0.005246131911144203,C
2245384272,4,0.004491100446224139,C
2245384272,4,0.005715986834598452,C
864942730,4,0.012536071474752941,O
864942730,4,0.01146455633279625,O
864942730,4,0.017967048399071595,O
864942730,4,0.007475525350153389,O
864942730,4,0.016390267777184997,O
2246728737,4,0.00619606750978019,C
2246728737,4,0.012979317851701921,C
2246728737,4,0.015700236959678593,C
2246728737,4,0.018149837447354156,C
2246728737,4,0.013320825579610507,C
98513984,4,0.00559689184991613,C
98513984,4,-0.0025415214450666967,C
98513984,4,-0.003511781975820971,C
98513984,4,-0.0013508721575710703,C
98513984,4,0.002751543952174529,C
2041434490,4,0.005821977949210244,N
2041434490,4,0.0025396021777275846,N
2041434490,4,0.00528894690863474,N
2041434490,4,0.008984474289566169,N
2041434490,4,0.008646535060247429,N
2246699815,4,0.006161483088676922,C
2246699815,4,0.004406506095998686,C
2246699815,4,0.00733637759470146,C
2246699815,4,0.006868226852893955,C
2246699815,4,-0.00017357353427804867,C
994485099,4,-0.012183127195861232,C
994485099,4,-0.009809423696110375,C
994485099,4,-0.009237165101172895,C
994485099,4,-0.0024874477383633464,C
994485099,4,-0.0037366600129202787,C
1510328189,4,-0.0037564114086099942,O
1510328189,4,-0.009068164485054042,O
1510328189,4,-0.002212861066264782,O
1510328189,4,-0.005504528171051237,O
1510328189,4,-0.0011996249519440894,O
3999906991,4,-0.005291356906722333,C
3999906991,4,-0.001421109351150307,C
3999906991,4,-0.0007454927875483186,C
3999906991,4,0.0015588341345412204,C
3999906991,4,-0.0023474399252366718,C
2976033787,4,0.0012814356175117059,C
2976033787,4,0.0035469028219380916,C
2976033787,4,0.004232292200937737,C
2976033787,4,0.007443922036875827,C
2976033787,4,0.008254589159679526,C
2092489639,4,-0.00031993994679241355,N
2092489639,4,0.003674410742794454,N
2092489639,4,0.0034638155817849903,N
2092489639,4,0.0011445783061881376,N
2092489639,4,0.002183538066709234,N
847961216,4,0.006491773123765143,N
847961216,4,0.002255350955910118,N
847961216,4,-0.0027714658849464224,N
847961216,4,0.003756855594407138,N
847961216,4,0.0027382654215812874,N
882399112,4,0.0024836977585218634,F
882399112,4,0.002192420560507502,F
882399112,4,0.005585291987373564,F
882399112,4,0.003515985537144717,F
882399112,4,0.0031000385778863215,F
2803848648,4,0.0007969698021255689,C
2803848648,4,-0.0008478231713687778,C
2803848648,4,0.00021355473661532898,C
2803848648,4,-0.0014447388342272993,C
2803848648,4,-0.0006251404129851146,C
2117068077,4,0.0016221782741847601,C
2117068077,4,0.0009511753959305924,C
2117068077,4,0.0022762599050286103,C
2117068077,4,0.001218052110330381,C
2117068077,4,0.0020594023590044808,C
864674487,4,0.00017546649428462624,O
864674487,4,-0.0010566484540778798,O
864674487,4,-0.0037426303772036817,O
864674487,4,-0.0045948487742792365,O
864674487,4,-0.001922273540485575,O
864662311,4,0.007008264325340519,O
864662311,4,0.0006828722432345447,O
864662311,4,0.010186212101821912,O
864662311,4,0.010968222178056708,O
864662311,4,0.009766355363444612,O
2245273601,4,0.0014268589089360684,C
2245273601,4,0.0010591142574333245,C
2245273601,4,0.0003588376827145523,C
2245273601,4,-0.0012809430001568534,C
2245273601,4,-0.0022414143203371983,C
1100037548,4,-0.001420005705573102,N
1100037548,4,-0.0003793014841161346,N
1100037548,4,-0.0025271809172260906,N
1100037548,4,-0.00043226590841810575,N
1100037548,4,-0.0018479662626488813,N
485463469,4,-0.0012412742530428789,F
485463469,4,0.0003242926323519524,F
485463469,4,-0.0017170768480936904,F
485463469,4,-0.0015762792374939272,F
485463469,4,-0.000935276464759216,F
1101907775,4,0.0021134470519496573,N
1101907775,4,0.0025489882760039717,N
1101907775,4,0.004829019814959812,N
1101907775,4,0.0015240608121797616,N
1101907775,4,0.001547600551924766,N
10565946,4,0.0009036675119375448,O
10565946,4,0.003798501653301145,O
10565946,4,0.0004456069025327025,O
10565946,4,0.002200267996146532,O
10565946,4,1.7003886853050876e-05,O
2076190208,4,0.00039340585129632455,O
2076190208,4,-0.0006709376293230207,O
2076190208,4,0.00015182120037426916,O
2076190208,4,-0.0018716428934420493,O
2076190208,4,-0.0016729473767255199,O
2142032900,4,5.9273037516849314e-05,C
2142032900,4,-0.00045689734899762025,C
2142032900,4,0.0015766835998729523,C
2142032900,4,0.0003674487069430521,C
2142032900,4,0.001510334921427714,C
2132511834,4,0.004334403295909894,N
2132511834,4,0.005031811292237509,N
2132511834,4,0.0036010934651703463,N
2132511834,4,0.0048121203358212905,N
2132511834,4,0.003974113760891518,N
1312131881,4,-0.0009280978067148782,C
1312131881,4,-0.0017969831989878005,C
1312131881,4,-0.0014238317127513445,C
1312131881,4,-0.00015566483893952876,C
1312131881,4,-0.0018583408426414705,C
2353112200,4,-0.004070464432098464,C
2353112200,4,-0.0034271079615730837,C
2353112200,4,-0.002879415737047364,C
2353112200,4,-0.004348739313023653,C
2353112200,4,-0.0031787625201161185,C
4121755354,4,-0.0016089992446085,C
4121755354,4,-0.0006235554080117889,C
4121755354,4,0.0007126515562209668,C
4121755354,4,-0.00011711021734472915,C
4121755354,4,-0.0017765095541801834,C
1054767590,4,0.0010298439005280713,C
1054767590,4,0.0009844033578070288,C
1054767590,4,0.00017764471453679542,C
1054767590,4,0.002415751170654068,C
1054767590,4,0.0004377212212274828,C
3537119515,4,0.0008907018220512541,C
3537119515,4,-0.00044263742766237346,C
3537119515,4,0.000901404941061501,C
3537119515,4,-0.0005147686095587356,C
3537119515,4,0.0008448276661032206,C
1510461303,4,-0.001250183737827204,C
1510461303,4,0.00036954028101082725,C
1510461303,4,-0.0014762284738214504,C
1510461303,4,-0.002606282244673297,C
1510461303,4,-0.0014639945256652576,C
4216335232,4,-0.0024853872370200203,C
4216335232,4,-0.0025241259052026233,C
4216335232,4,-0.003568819820128577,C
4216335232,4,-0.0024885844072096153,C
4216335232,4,-0.002334971506949002,C
3189457552,4,-0.0017849566050751609,O
3189457552,4,0.0006783862680094233,O
3189457552,4,-0.00018415788993741966,O
3189457552,4,-0.0018493996935237123,O
3189457552,4,-0.0005789294154912583,O
2228063684,4,0.0019024880959704893,O
2228063684,4,0.0005922701750534776,O
2228063684,4,0.0016091103209132096,O
2228063684,4,0.0013737609747626056,O
2228063684,4,0.0020134312922797104,O
3777168895,4,-0.00284411390329542,C
3777168895,4,-0.003341521867245123,C
3777168895,4,-0.0004264747886666975,C
3777168895,4,-0.0038333045986405634,C
3777168895,4,-0.0010779042324108312,C
1016841875,4,0.01051243880138436,Cl
1016841875,4,0.010807733735577196,Cl
1016841875,4,0.01013179176080825,Cl
1016841875,4,0.009321744251184205,Cl
1016841875,4,0.01408166012479467,Cl
422715066,4,-0.0009789544698106667,C
422715066,4,-0.001934827798247274,C
422715066,4,-0.0003877801018760674,C
422715066,4,-0.0017109222154552128,C
422715066,4,-0.0022837856303581927,C
3452535345,4,-0.00016006935643847475,Cl
3452535345,4,-0.00039316220657470424,Cl
3452535345,4,-0.002579479707605914,Cl
3452535345,4,-0.00048557935221738013,Cl
3452535345,4,-0.0022308325668333184,Cl
1429883190,4,-0.0012444091844046046,C
1429883190,4,-0.0006721618597908541,C
1429883190,4,-0.001378103713667922,C
1429883190,4,-0.0014929751488464982,C
1429883190,4,-0.0010827641020498824,C
2763854213,4,0.004003009959910042,C
2763854213,4,-0.00021132373940446758,C
2763854213,4,0.000894891973390044,C
2763854213,4,-0.0008219809961821367,C
2763854213,4,-0.0036179557096302495,C
2424973678,4,-0.0012006796540443565,C
2424973678,4,-0.0031600780365194092,C
2424973678,4,2.3619902715044105e-05,C
2424973678,4,-0.00048428791547983074,C
2424973678,4,-0.0009585128546570898,C
847957139,4,0.01732253363769931,N
847957139,4,0.016562795874660197,N
847957139,4,0.015994359215439125,N
847957139,4,0.015125594330702374,N
847957139,4,0.014467063792159673,N
1182622762,4,0.00015079227957276453,C
1182622762,4,-0.0003817805497404181,C
1182622762,4,-0.0005287899546556618,C
1182622762,4,-0.0005577835339835024,C
1182622762,4,0.0005217749420008966,C
1857396528,4,0.0006323771688082624,C
1857396528,4,0.001999977931620156,C
1857396528,4,0.0009105322802678284,C
1857396528,4,0.001424349152589488,C
1857396528,4,0.001918052069976195,C
3337745083,4,0.0012641773261348743,F
3337745083,4,0.002216781144551816,F
3337745083,4,0.0012248057938912815,F
3337745083,4,0.00022865106183223016,F
3337745083,4,0.0010182514344616589,F
4222851645,4,-0.0004888978924600385,C
4222851645,4,-0.0005805549286625467,C
4222851645,4,-0.00034655317680437614,C
4222851645,4,-0.0007793161246120728,C
4222851645,4,-0.0007574353643601262,C
3975275337,4,-0.0025310967511792404,C
3975275337,4,-0.0021056112687998785,C
3975275337,4,0.00044514432943326687,C
3975275337,4,-0.005460096195062825,C
3975275337,4,-0.0024898049983247406,C
3692055567,4,0.003690150350664778,C
3692055567,4,0.0028143711944768057,C
3692055567,4,-0.00041619527569347614,C
3692055567,4,-0.0026773323550121075,C
3692055567,4,-0.0007318885386621843,C
2944555726,4,0.001451515395787084,C
2944555726,4,0.001318892662638349,C
2944555726,4,-0.0012923314010959697,C
2944555726,4,-0.0010675641995571694,C
2944555726,4,2.416712135366872e-05,C
2245277810,4,0.001280006953020163,C
2245277810,4,-0.0025627288517164337,C
2245277810,4,-0.0033406396498855684,C
2245277810,4,-0.0005516192753144411,C
2245277810,4,0.0022192158905517956,C
3983062349,4,0.0013121812241528863,C
3983062349,4,0.0039263229704363245,C
3983062349,4,0.004763769157888009,C
3983062349,4,0.0021234735566889595,C
3983062349,4,0.006204911537792235,C
2246340824,4,-0.00028613611404038064,C
2246340824,4,-0.0059478944444077975,C
2246340824,4,0.0022066923414970074,C
2246340824,4,-0.003639679829616216,C
2246340824,4,-0.0011066312147897661,C
2976816164,4,-0.0002704645422065832,C
2976816164,4,-0.0015474673041636633,C
2976816164,4,0.0012872544296833044,C
2976816164,4,-0.002159460156890447,C
2976816164,4,0.002162701340882034,C
3776905034,4,0.001282384376875445,C
3776905034,4,-0.0011022629425159747,C
3776905034,4,-9.118541981750772e-05,C
3776905034,4,-0.00010737715256048386,C
3776905034,4,-0.001346256648676547,C
3542456614,4,0.0009391047461667634,C
3542456614,4,-0.0011966093836358604,C
3542456614,4,0.003281400059403916,C
3542456614,4,5.7406504175849804e-05,C
3542456614,4,-0.000757440031022294,C
3537123720,4,0.00037739786674018116,C
3537123720,4,-0.0007795381439335003,C
3537123720,4,-0.0010946919436881086,C
3537123720,4,-0.0016147377463987533,C
3537123720,4,-0.0013423208186860713,C
1637836422,4,0.0022558544107506573,C
1637836422,4,0.0016078953275582286,C
1637836422,4,0.0005127021184590519,C
1637836422,4,0.0001093728999739807,C
1637836422,4,0.0033173614656628603,C
3162837314,4,-0.0014296596278554619,C
3162837314,4,-0.003993940241902916,C
3162837314,4,-0.001342186588627614,C
3162837314,4,9.68798497312795e-05,C
3162837314,4,-0.001724313150650525,C
3982076256,4,0.002097219352614643,C
3982076256,4,-0.0008926365946949066,C
3982076256,4,-0.0020575085315202024,C
3982076256,4,0.0012166410444530706,C
3982076256,4,0.0023588393687230536,C
1362518133,4,7.207783483764718e-05,N
1362518133,4,0.00021518476766990702,N
1362518133,4,-0.000544743748978116,N
1362518133,4,0.0003612130001725,N
1362518133,4,6.725449275546413e-05,N
1135286194,4,-0.003434469712217003,C
1135286194,4,-0.007067408693842758,C
1135286194,4,-0.00375746389447984,C
1135286194,4,-0.005332251241175312,C
1135286194,4,-0.0036089200940956356,C
1790668568,4,0.002850524996778958,N
1790668568,4,0.0011575519944848622,N
1790668568,4,0.0009768259278429836,N
1790668568,4,0.00020204503175896837,N
1790668568,4,-0.00018230628975762775,N
3124581743,4,0.0007949694024534937,C
3124581743,4,-0.0024330455393493655,C
3124581743,4,-0.002007128513901002,C
3124581743,4,-0.003583493076788069,C
3124581743,4,-0.0019344287130778626,C
2119439498,4,-0.0013580437053267724,C
2119439498,4,-0.0031092368302148565,C
2119439498,4,-0.0019045205417848599,C
2119439498,4,-0.002242021164433894,C
2119439498,4,-0.0018872381047846387,C
1533864325,4,-0.00017316422927515784,O
1533864325,4,-0.001974863859127207,O
1533864325,4,0.0006526067366414146,O
1533864325,4,0.0007828893843037088,O
1533864325,4,0.0020499366715243106,O
4278941385,4,7.975241971658331e-06,C
4278941385,4,-0.0008876180168049252,C
4278941385,4,-0.0018425359985984602,C
4278941385,4,-0.0016601219165228165,C
4278941385,4,-0.001086478392979373,C
3918336191,4,0.0023826113998546283,C
3918336191,4,0.005652728957763475,C
3918336191,4,0.0004865195263122346,C
3918336191,4,0.003324433611065769,C
3918336191,4,0.00307403069905382,C
2560252747,4,0.0013067687198928812,C
2560252747,4,0.0008442160940804189,C
2560252747,4,-2.9340123050058953e-05,C
2560252747,4,9.044023987203609e-05,C
2560252747,4,0.0002127448993564096,C
999334238,4,0.009372864549775817,S
999334238,4,0.007308335033678837,S
999334238,4,0.003552614313585223,S
999334238,4,0.007782665257483168,S
999334238,4,0.0007977752511447722,S
1173125914,4,0.0003610858007795925,C
1173125914,4,-0.0002708632170799752,C
1173125914,4,0.0006279360087539376,C
1173125914,4,-0.0003824760536672023,C
1173125914,4,-0.00024123908600554023,C
2994748777,4,-0.0007229469925691401,C
2994748777,4,0.0011557127856891558,C
2994748777,4,0.0005152868439958214,C
2994748777,4,0.001388519193189941,C
2994748777,4,-0.0006966174133710146,C
3351556771,4,0.0021786784454339014,S
3351556771,4,-0.00021023236595707484,S
3351556771,4,0.0012815922870902385,S
3351556771,4,0.0045448185903392835,S
3351556771,4,-0.0011894432714872893,S
2509211297,4,-0.0006410903811426283,C
2509211297,4,-0.0012999073941343253,C
2509211297,4,-0.0007358744464568967,C
2509211297,4,-0.0015020462353754205,C
2509211297,4,-5.40534688872607e-05,C
848128881,4,0.0028975718849771903,N
848128881,4,0.0006454914739220663,N
848128881,4,0.0029666967050678283,N
848128881,4,0.004043886255136353,N
848128881,4,0.005627799771167452,N
2246703798,4,0.008071141614316157,C
2246703798,4,0.008165196958112575,C
2246703798,4,0.006270632950760302,C
2246703798,4,0.004399054670518043,C
2246703798,4,0.005166144364879055,C
1276993226,4,0.0007535713202195815,C
1276993226,4,-0.0019788697360985097,C
1276993226,4,0.0007546435829172693,C
1276993226,4,-0.0008239199301078304,C
1276993226,4,0.0007694782928859834,C
2984966880,4,0.0009003110060500363,C
2984966880,4,-0.00040686046883253724,C
2984966880,4,0.002268381944100728,C
2984966880,4,-0.0006644404795643211,C
2984966880,4,-0.0005792498261505408,C
3315826729,4,-0.0015457068698009335,C
3315826729,4,-0.0018356301886053306,C
3315826729,4,-0.0008266937153325049,C
3315826729,4,-0.0018366056126090102,C
3315826729,4,-0.0017731825843476656,C
2115476908,4,0.0005528614017585864,O
2115476908,4,-0.0013192923317766336,O
2115476908,4,0.003148113891137727,O
2115476908,4,-0.0003989146125153442,O
2115476908,4,0.0006707645145508367,O
717512901,4,-0.0011986692073489014,N
717512901,4,-0.000661893269234104,N
717512901,4,-0.00013273308363559444,N
717512901,4,-0.0006599147052501753,N
717512901,4,-0.0009799379861113455,N
2245900962,4,0.001437806073456005,C
2245900962,4,0.0025642903371035364,C
2245900962,4,0.002479201211259774,C
2245900962,4,0.0028422267770961684,C
2245900962,4,0.004058216594370612,C
3848534832,4,0.003652894290126274,C
3848534832,4,0.003757404928877439,C
3848534832,4,0.005839925193621753,C
3848534832,4,0.004557954295465683,C
3848534832,4,0.0007884762018066649,C
3182824521,4,0.002952343848999228,C
3182824521,4,0.0019208642717785662,C
3182824521,4,0.0017154673638972717,C
3182824521,4,0.002788510844166814,C
3182824521,4,0.00028637568017336745,C
26234434,4,0.00025184311303305673,O
26234434,4,0.0055912941145848105,O
26234434,4,0.00816499758278627,O
26234434,4,0.008714196512710326,O
26234434,4,0.012439514844390487,O
288315894,4,-0.0010198753671100125,S
288315894,4,-0.00010450438557263464,S
288315894,4,-0.00029969488103620545,S
288315894,4,0.0003079570205227755,S
288315894,4,-0.000476909376260215,S
2811394787,4,0.0002891957295140246,C
2811394787,4,0.0015852041653889315,C
2811394787,4,0.0009874533610066405,C
2811394787,4,0.0010874341389113251,C
2811394787,4,0.0007659671654786648,C
19852674,4,-0.00014363575717213362,C
19852674,4,-0.0019747761505327643,C
19852674,4,-0.0021772988807312044,C
19852674,4,0.0012386801584375329,C
19852674,4,-0.0006214478797799128,C
1861965050,4,-0.0014010822558327973,C
1861965050,4,-0.00035015025871376615,C
1861965050,4,-0.002256707603944752,C
1861965050,4,-0.0015174596955752073,C
1861965050,4,-0.0028406098249322276,C
2423543607,4,-0.00020796849097287629,C
2423543607,4,-7.46878988756583e-05,C
2423543607,4,0.0005497185385280323,C
2423543607,4,0.0006528490353628902,C
2423543607,4,0.00026133773208109057,C
1257718710,4,0.0003221838427203694,C
1257718710,4,0.00020119295473558507,C
1257718710,4,0.0005641453617151737,C
1257718710,4,0.00032397692526392463,C
1257718710,4,-0.0009552748300979963,C
2784506312,4,-0.0008637255931823185,C
2784506312,4,0.0005776123331705518,C
2784506312,4,-0.0008430751183035601,C
2784506312,4,-0.0007577977509572453,C
2784506312,4,-0.001145781055685302,C
3818546315,4,0.002801600804716531,C
3818546315,4,0.003787945580305263,C
3818546315,4,0.004491610012585079,C
3818546315,4,0.002972141362270031,C
3818546315,4,0.003379055732065428,C
3657471097,4,0.000624484178697482,C
3657471097,4,0.0012305551551120009,C
3657471097,4,0.002001059097001212,C
3657471097,4,0.0017368835964533536,C
3657471097,4,0.0011088626517314348,C
2360741695,4,-0.0025697472725229598,C
2360741695,4,-0.0016207656379597646,C
2360741695,4,0.002460693858459484,C
2360741695,4,-0.005200783205633719,C
2360741695,4,-0.002453321208104431,C
551287920,4,-4.0245957433959756e-05,C
551287920,4,-0.0007172255540555117,C
551287920,4,-0.0005804744556580643,C
551287920,4,-0.0012303704196529597,C
551287920,4,0.0002399223085490787,C
1842898132,4,0.002236375878094221,C
1842898132,4,0.0014991211467658139,C
1842898132,4,0.0026317250585096708,C
1842898132,4,0.00290601850256772,C
1842898132,4,0.00021318345519993898,C
2832976762,4,0.0020059742425051486,C
2832976762,4,0.0010728694527909477,C
2832976762,4,0.0012559837251541195,C
2832976762,4,0.0010358511117988245,C
2832976762,4,0.0007855342691508449,C
2309124039,4,-0.0032711323055557573,C
2309124039,4,-0.0001921235869708493,C
2309124039,4,-0.00022447730559838064,C
2309124039,4,0.0011174206649957608,C
2309124039,4,-0.0012597857605154417,C
2591432844,4,0.0004941759980078286,N
2591432844,4,0.0026348664097251007,N
2591432844,4,0.0010601342167795291,N
2591432844,4,9.878638888655145e-05,N
2591432844,4,0.0005614743739442152,N
963029399,4,-0.0013559478414471027,N
963029399,4,-0.00023829362092098183,N
963029399,4,0.00014384475747220016,N
963029399,4,-0.0009266462534570086,N
963029399,4,-0.00020386995956217513,N
3884454603,4,-0.00015406290260705502,C
3884454603,4,5.1514669266783386e-05,C
3884454603,4,-0.000442139828184418,C
3884454603,4,0.00012432144625662556,C
3884454603,4,-4.194139588270529e-05,C
4089138501,4,-0.006602158978994466,C
4089138501,4,-0.003461845494034943,C
4089138501,4,-0.0046433751300775095,C
4089138501,4,-0.006120303738084587,C
4089138501,4,-0.007133903888473736,C
932712697,4,-0.0011920308584966177,O
932712697,4,-0.0010626382809589274,O
932712697,4,-0.002236624131052134,O
932712697,4,-0.0007942342127387203,O
932712697,4,-0.0005935970863062412,O
1634606847,4,-0.002250861685058392,N
1634606847,4,-0.0011871201647564722,N
1634606847,4,-0.0018012948005937113,N
1634606847,4,-0.00013634712298488116,N
1634606847,4,-0.0022932184123324872,N
3624155,4,-0.001135926641815943,C
3624155,4,-0.002441837729341201,C
3624155,4,-0.0019852911156171826,C
3624155,4,-0.00039320785770813327,C
3624155,4,-0.0020473688283483282,C
161963127,4,-6.887003052225005e-05,C
161963127,4,0.00024384136066235573,C
161963127,4,2.7670187806860813e-05,C
161963127,4,-0.00020256434924353917,C
161963127,4,7.510107466213167e-05,C
2257970297,4,-0.001665786316502993,C
2257970297,4,-0.0015632124897542732,C
2257970297,4,-0.0017305191694616529,C
2257970297,4,-0.0013295546737291941,C
2257970297,4,-0.0013280131072667678,C
787069595,4,-0.00024196623848971033,C
787069595,4,8.805995256805366e-05,C
787069595,4,-0.000396540823008773,C
787069595,4,-0.0007923215735126665,C
787069595,4,-0.0004252071709170413,C
517457164,4,-0.0008646080826666402,C
517457164,4,-0.0005739849231455318,C
517457164,4,0.0011751574853105518,C
517457164,4,-3.0958691859428455e-05,C
517457164,4,0.0003224527204955807,C
3207567135,4,0.0008291747853680365,C
3207567135,4,-0.00027524102057463473,C
3207567135,4,0.0003608916269154383,C
3207567135,4,0.0010591630358668946,C
3207567135,4,-9.15651811332352e-05,C
435232729,4,0.0009565530149288071,N
435232729,4,-3.630258667147723e-05,N
435232729,4,0.0017670738504391714,N
435232729,4,0.00014141864063704768,N
435232729,4,0.000434370637400483,N
2806018737,4,-0.00019498243031362827,C
2806018737,4,0.00043280456457822636,C
2806018737,4,-3.258753947082971e-05,C
2806018737,4,0.00033971812098498866,C
2806018737,4,7.867512128695298e-05,C
4008337421,4,-0.0015996375722841516,C
4008337421,4,0.0011034928074731831,C
4008337421,4,-0.0022969185450333884,C
4008337421,4,-0.0006540665125652767,C
4008337421,4,0.000539444235995945,C
3026394695,4,0.007706763345148138,C
3026394695,4,0.004449801409955045,C
3026394695,4,-0.00253097663041546,C
3026394695,4,-0.0015465403838254566,C
3026394695,4,0.0049638490312934325,C
2296565457,4,-0.0008697032517988035,N
2296565457,4,0.0018536087640319554,N
2296565457,4,0.0015035319891213983,N
2296565457,4,-0.002726658931196446,N
2296565457,4,-0.002942293506262239,N
2089117413,4,0.00022470437897270656,C
2089117413,4,0.0007865963772122342,C
2089117413,4,-0.0005451691542411874,C
2089117413,4,0.000545827164298962,C
2089117413,4,0.00020143561691465806,C
572760528,4,-0.0001748511716010981,C
572760528,4,-0.00023717788132593398,C
572760528,4,-0.0002658494554453883,C
572760528,4,-0.00021241898832330408,C
572760528,4,-0.00021970445756247514,C
3002759401,4,-0.001253037704262383,C
3002759401,4,-0.000994799846343486,C
3002759401,4,-0.0010017323511143927,C
3002759401,4,0.0004225370670725703,C
3002759401,4,-0.000830393827197462,C
3118255683,4,0.0013474241339931359,N
3118255683,4,0.0005980615886618246,N
3118255683,4,-0.00020989240573132673,N
3118255683,4,0.00015075058406138764,N
3118255683,4,-0.00013667069856559966,N
74537039,4,0.0004208339815860995,C
74537039,4,-6.870305376843744e-05,C
74537039,4,-8.194038807107784e-05,C
74537039,4,0.00027516636426311303,C
74537039,4,0.0004625648281078587,C
2473389857,4,-0.0009132353205349442,C
2473389857,4,-0.0003827567112860697,C
2473389857,4,-0.0003867600144182859,C
2473389857,4,-0.001536888351857446,C
2473389857,4,-0.0013824868430331039,C
899522707,4,-0.00010629810446705079,C
899522707,4,-0.0003870384107128033,C
899522707,4,-0.0004369634603352268,C
899522707,4,0.0003760506241828887,C
899522707,4,7.718274018964077e-05,C
675765711,4,1.7940728322229926e-05,C
675765711,4,-0.0006727461006441615,C
675765711,4,0.0010411422682424232,C
675765711,4,-0.0004107938071341577,C
675765711,4,-0.0005597712825697321,C
1313967653,4,-0.0020166778833312082,C
1313967653,4,-0.0021512539979722245,C
1313967653,4,-0.001968664586273927,C
1313967653,4,-0.001628865795668677,C
1313967653,4,7.791025812775576e-05,C
3855312692,4,3.615302126119824e-05,C
3855312692,4,-0.00010548087587464172,C
3855312692,4,2.0649142939144216e-05,C
3855312692,4,0.0002477492979937601,C
3855312692,4,-2.429268344805724e-05,C
1083852209,4,0.0025865310321318558,N
1083852209,4,-0.0010883530660705798,N
1083852209,4,-0.0010720731067494493,N
1083852209,4,0.003922977780579373,N
1083852209,4,-9.995828789832739e-05,N
2905660137,4,0.0005111890755002957,C
2905660137,4,-0.0013595009108720024,C
2905660137,4,-0.0013732010396397265,C
2905660137,4,0.0009175306131730676,C
2905660137,4,0.0014198589692107078,C
3579962709,4,-0.00031670946872797145,C
3579962709,4,-1.781073209866646e-05,C
3579962709,4,-0.000562884295910171,C
3579962709,4,-0.0004741801957160452,C
3579962709,4,-0.000884083174261141,C
4041573576,4,0.00048417806244382966,C
4041573576,4,-0.0005774427642533664,C
4041573576,4,0.0003881586631167,C
4041573576,4,-2.8757791677880284e-05,C
4041573576,4,5.444995669079411e-05,C
64070612,4,-0.0005222407203107071,C
64070612,4,0.0006179617095304901,C
64070612,4,0.0002891429547273727,C
64070612,4,-1.2536823095654626e-05,C
64070612,4,0.00026897326847430403,C
729796064,4,0.00034992413553375235,C
729796064,4,-0.00024250780179624343,C
729796064,4,4.043607766590629e-05,C
729796064,4,0.000735192157593767,C
729796064,4,-0.0001475274451854247,C
1070821685,4,-0.00026871393343291805,C
1070821685,4,0.0,C
1070821685,4,-0.00014332039894526805,C
1070821685,4,0.0003628407351424223,C
1070821685,4,-0.0002047145142207718,C
3820826669,4,0.0009212915902547802,C
3820826669,4,0.000296526126349006,C
3820826669,4,-1.487752533513298e-05,C
3820826669,4,-0.0005180972350413149,C
3820826669,4,0.0004662885442774378,C
2223687999,4,-0.0006509113180390158,C
2223687999,4,0.00029957746253378437,C
2223687999,4,0.0002946989815893475,C
2223687999,4,-0.0012756889948739025,C
2223687999,4,0.00020585156659996828,C
2435680164,4,0.0010197601826076874,N
2435680164,4,-0.0005443352797597223,N
2435680164,4,-0.00019653781350648103,N
2435680164,4,0.00013354410659360827,N
2435680164,4,0.0005868298373727376,N
600629739,4,0.0012900646424859885,N
600629739,4,0.00022254298454005284,N
600629739,4,0.000245754506348117,N
600629739,4,0.0006900318162934571,N
600629739,4,0.00042469756865143315,N
2370996728,4,-0.0012994556872318874,C
2370996728,4,0.0003925765998318287,C
2370996728,4,0.0006655358959402058,C
2370996728,4,-0.00042056874534346367,C
2370996728,4,0.000611346001799018,C
266675433,4,-0.0014302050576310843,O
266675433,4,-0.003997972079904266,O
266675433,4,-0.0008749003855364479,O
266675433,4,-0.0013859214083614124,O
266675433,4,-0.0027931260738429664,O
2720313463,4,-0.0030726758621709704,C
2720313463,4,-0.0019475615072054864,C
2720313463,4,-0.0026978699344973878,C
2720313463,4,-0.0020996068792126232,C
2720313463,4,-0.0022199668852034282,C
847433064,4,-0.0009874154069312024,N
847433064,4,0.00034455276323319683,N
847433064,4,8.131124483595764e-05,N
847433064,4,-0.00022338901284607582,N
847433064,4,-0.0002808822494568819,N
2551483158,4,0.0005944760804127425,N
2551483158,4,0.0003588401821689735,N
2551483158,4,0.00047452553764770755,N
2551483158,4,0.0007889270057431785,N
2551483158,4,3.566537753396659e-05,N
3933537673,4,-0.0013196970705980915,C
3933537673,4,-0.0023837752952203806,C
3933537673,4,-0.001014923449003946,C
3933537673,4,0.00017455074347555444,C
3933537673,4,-0.0012300676165404867,C
3458774156,4,-0.0003105048100300878,N
3458774156,4,-0.0001230983220548154,N
3458774156,4,-0.0007419818205947615,N
3458774156,4,0.00016525269920664165,N
3458774156,4,-0.0008101945123165089,N
642367021,4,-5.030942994510568e-05,C
642367021,4,-3.376208316219209e-05,C
642367021,4,1.946931146135089e-06,C
642367021,4,-4.430685820144831e-05,C
642367021,4,-8.911736304018092e-06,C
847336149,4,-0.0007799186773980726,N
847336149,4,-0.002496218983308096,N
847336149,4,0.0004899738888884397,N
847336149,4,0.0006430827131675976,N
847336149,4,0.0012197008347587524,N
3182177290,4,-2.49746340409418e-05,C
3182177290,4,6.037772303529865e-05,C
3182177290,4,0.00021546327477306448,C
3182177290,4,-2.49746340409418e-05,C
3182177290,4,0.00023611388918887144,C
1167322652,4,-0.00015065483622789255,C
1167322652,4,0.0001366045120842485,C
1167322652,4,0.00039034313789354513,C
1167322652,4,0.00025063306716172074,C
1167322652,4,0.00025359014276504777,C
3796841743,4,0.0003489724940747285,C
3796841743,4,0.0005969778308436147,C
3796841743,4,0.0007081501486600472,C
3796841743,4,0.00044586776973343234,C
3796841743,4,0.00044386436362131576,C
1730555933,4,0.0017581000759644416,C
1730555933,4,0.0020909249620408854,C
1730555933,4,0.0016580941935847582,C
1730555933,4,0.0017284120090744204,C
1730555933,4,0.002292264388140508,C
1583799011,4,-0.0006337509792760931,C
1583799011,4,-0.0004963034737311967,C
1583799011,4,0.00015243700323280818,C
1583799011,4,-3.2694174344038984e-05,C
1583799011,4,-0.0009239373922362293,C
3908647167,4,-0.00020890991736755016,C
3908647167,4,-0.00023235940484045425,C
3908647167,4,-0.00014642943842330114,C
3908647167,4,0.00014829781502501138,C
3908647167,4,0.0003644333853958237,C
271903915,4,0.0005614142522235022,N
271903915,4,0.0005293538647064278,N
271903915,4,0.0010681986563705337,N
271903915,4,0.0026302426877393703,N
271903915,4,0.0024425663848765544,N
2447826885,4,0.00013689952050238707,C
2447826885,4,0.00013692606791854134,C
2447826885,4,-8.76799361045899e-05,C
2447826885,4,0.00033878736266690357,C
2447826885,4,-0.00045420242596050375,C
1791271074,4,0.0006709254915811536,S
1791271074,4,-0.0011174085734576011,S
1791271074,4,-0.0032544529227175323,S
1791271074,4,-0.0010765183473189777,S
1791271074,4,-0.00037484609910964917,S
3976623167,4,-0.0035533357577009483,C
3976623167,4,-0.0006343568821355339,C
3976623167,4,-0.003207498845997192,C
3976623167,4,-0.002934755473606887,C
3976623167,4,-0.004730517985998717,C
966311396,4,0.000988009869900941,C
966311396,4,-0.0002953932084696631,C
966311396,4,-0.001218426969775921,C
966311396,4,0.0014017757399532593,C
966311396,4,3.6948252655988334e-05,C
1323467736,4,-0.0005563254111476401,C
1323467736,4,0.0008130042581011021,C
1323467736,4,-7.620360086679767e-05,C
1323467736,4,0.0007366157321825884,C
1323467736,4,-0.0005045105768405889,C
411967733,4,-0.00027501478640101773,C
411967733,4,-0.0003587765501683049,C
411967733,4,-0.00016244975267809547,C
411967733,4,-0.00019749152464182407,C
411967733,4,-0.00016213556670408025,C
3545365497,4,-0.00037980812553523036,C
3545365497,4,-0.0012046544549396132,C
3545365497,4,-0.0012429965599982662,C
3545365497,4,-0.0001879865526644986,C
3545365497,4,-0.0012688847256503433,C
3796359118,4,0.0009990285264060983,C
3796359118,4,0.0011778347567247827,C
3796359118,4,0.0013314630278968287,C
3796359118,4,0.0014289702723053743,C
3796359118,4,0.0016817500291426701,C
36538691,4,-0.001587912897692445,C
36538691,4,-0.0010913890202177146,C
36538691,4,-0.0015882870259549264,C
36538691,4,-0.0013994937280800146,C
36538691,4,-0.0013307343578305986,C
2649902721,4,-0.0004136762438857189,C
2649902721,4,0.0006488530439152651,C
2649902721,4,0.0011135335404645619,C
2649902721,4,0.0010437058385525666,C
2649902721,4,0.000902768135348897,C
994237755,4,0.0009252049208801627,C
994237755,4,-0.0004776706753278903,C
994237755,4,7.54401302391905e-05,C
994237755,4,-0.0002964885111864657,C
994237755,4,-2.8882516139749903e-05,C
1961848637,4,9.230244575991753e-05,C
1961848637,4,0.000754776898516607,C
1961848637,4,-0.00010722959141129529,C
1961848637,4,-0.0009678608790392174,C
1961848637,4,-0.0005096911030497697,C
3004333805,4,0.0001003298909237893,C
3004333805,4,6.979540660806416e-05,C
3004333805,4,0.00032197817827273045,C
3004333805,4,-9.216520295030062e-05,C
3004333805,4,0.0006654791578126207,C
4033380444,4,0.0009102181308838775,C
4033380444,4,0.0017693049485794088,C
4033380444,4,0.0008537560358464202,C
4033380444,4,0.0014676232897481989,C
4033380444,4,0.0006146995058949334,C
619920801,4,3.982782450856481e-05,C
619920801,4,-0.0002631853070625412,C
619920801,4,0.00043348592096492666,C
619920801,4,0.00043859891898945236,C
619920801,4,0.0006420024258059209,C
3334525955,4,0.000893033005702426,C
3334525955,4,-0.00031226772837433803,C
3334525955,4,0.0013537112160477704,C
3334525955,4,-0.001346389941002335,C
3334525955,4,0.00046635563815672354,C
3994088662,4,-0.0029421558491621314,C
3994088662,4,-0.001127483050182787,C
3994088662,4,-0.0017084713618836234,C
3994088662,4,-0.0004540978171815313,C
3994088662,4,-0.0007029270752318406,C
3596485316,4,-0.00014655563687793194,C
3596485316,4,-0.0001317371337200557,C
3596485316,4,-0.00013583866469724093,C
3596485316,4,-7.091941603182272e-05,C
3596485316,4,-0.0001828027221709716,C
171200514,4,-0.0003249171752138791,C
171200514,4,-0.0007060711335334924,C
171200514,4,3.3630443061927195e-05,C
171200514,4,-0.0003946943972146233,C
171200514,4,-0.000550659569852674,C
970433791,4,2.21787837596521e-05,C
970433791,4,0.00010047058914575135,C
970433791,4,-0.00016338443062935415,C
970433791,4,-0.00017686380035841776,C
970433791,4,0.0002207172500523491,C
685125387,4,0.00013120023910195844,C
685125387,4,2.8544211678527276e-05,C
685125387,4,8.885984774137379e-05,C
685125387,4,6.163528678049257e-05,C
685125387,4,5.1839480474047406e-05,C
2835079913,4,0.0019540231171156774,C
2835079913,4,0.0013791597474589468,C
2835079913,4,0.0014120440890966757,C
2835079913,4,-0.0005321735865417843,C
2835079913,4,0.0013952723391937871,C
1352399629,4,0.0014925115797707056,O
1352399629,4,-0.0005106254010631694,O
1352399629,4,-4.726792054937645e-05,O
1352399629,4,0.00024343760494738298,O
1352399629,4,-0.0002570569879587481,O
416356657,4,4.022859028063319e-06,C
416356657,4,4.6270870707965095e-05,C
416356657,4,-6.155696644899455e-05,C
416356657,4,9.659130160466489e-05,C
416356657,4,1.7486054733395484e-05,C
1535166686,4,-0.0018728957674435942,O
1535166686,4,-0.0021122225937244,O
1535166686,4,-0.0013687772589247582,O
1535166686,4,-0.0016635174198099123,O
1535166686,4,-0.0014391441379364989,O
589930590,4,-0.001347993711171891,C
589930590,4,-0.0006465833390364439,C
589930590,4,-0.0004534193402764286,C
589930590,4,-0.0001377451316054712,C
589930590,4,-0.0019828760271674017,C
2463614838,4,0.00023655688822071808,C
2463614838,4,-0.0003214259630240912,C
2463614838,4,-0.0015852563267066966,C
2463614838,4,-0.0006239920415169742,C
2463614838,4,-0.0008762673551813149,C
1871221615,4,0.0007031058738565243,C
1871221615,4,0.0006964094674057897,C
1871221615,4,0.0008589918778685868,C
1871221615,4,0.0005202079435211449,C
1871221615,4,0.0010117617685813651,C
3482873808,4,0.0010660161643615274,C
3482873808,4,0.0009110025457925719,C
3482873808,4,0.0014771243106140308,C
3482873808,4,0.001454762862690362,C
3482873808,4,0.0008118847774790661,C
553412256,4,0.0002709794821557643,C
553412256,4,0.00025674264888536635,C
553412256,4,0.0005467502082988629,C
553412256,4,0.00035409862242308243,C
553412256,4,0.0005754082539632943,C
135980867,4,-0.0002758616510218914,C
135980867,4,-0.0006434525143488856,C
135980867,4,-3.5055002937656177e-06,C
135980867,4,-0.0004178024485523846,C
135980867,4,-0.0006098797439865189,C
1445852595,4,-0.0014668182667915142,C
1445852595,4,0.0008234457647242621,C
1445852595,4,-0.0006201823608946166,C
1445852595,4,-0.0014477828680138916,C
1445852595,4,-0.00011041333900985162,C
2434373675,4,0.002120098948570348,N
2434373675,4,0.0016146993920701513,N
2434373675,4,0.0014527700150205325,N
2434373675,4,0.0015871416783681536,N
2434373675,4,0.001201679203371664,N
2939120473,4,-0.00022419369503579034,C
2939120473,4,-0.0004448574516081605,C
2939120473,4,-1.792282704904391e-05,C
2939120473,4,-1.545814107456467e-05,C
2939120473,4,-0.00036154211163369476,C
3203709451,4,3.0785758253770723e-07,O
3203709451,4,-6.805888304856067e-05,O
3203709451,4,-0.00031433296779842523,O
3203709451,4,-0.00012342259935765876,O
3203709451,4,-0.00021163050578959508,O
368531313,4,-0.0008016965987027724,C
368531313,4,-0.000727397362970561,C
368531313,4,0.001178794744750522,C
368531313,4,0.00018225721196163391,C
368531313,4,0.0008354904853974943,C
3176806076,4,0.0016527836547217123,C
3176806076,4,0.003166732215994672,C
3176806076,4,0.0018300090082976062,C
3176806076,4,0.004659255784714489,C
3176806076,4,0.0022806741676658637,C
2614860224,4,7.539095687353337e-05,C
2614860224,4,0.0004175056017355905,C
2614860224,4,0.0007499589086178426,C
2614860224,4,0.000612882437584672,C
2614860224,4,0.001308872578207776,C
2297887526,4,-0.0007354224302552614,N
2297887526,4,-0.0005630457142844492,N
2297887526,4,-0.0007520344959962566,N
2297887526,4,-0.00016462746166573394,N
2297887526,4,-0.0004681460234866597,N
623728226,4,-0.00015460355211943666,C
623728226,4,0.0002501651647131564,C
623728226,4,0.0008922702586900977,C
623728226,4,-0.0005251151555927813,C
623728226,4,-0.000382310140759623,C
603510687,4,0.0019108407946510364,C
603510687,4,0.0015622920436101917,C
603510687,4,0.0016163911461321012,C
603510687,4,0.0017452392364996627,C
603510687,4,0.0007979970114122548,C
725322217,4,-0.0010425586362177164,C
725322217,4,-0.00041426253283310954,C
725322217,4,-0.0007138063381634252,C
725322217,4,-0.0007929466267799223,C
725322217,4,0.00048257658966915917,C
434423882,4,-0.00030064745506908075,C
434423882,4,-0.00016277127159508575,C
434423882,4,-0.0001578678993479632,C
434423882,4,-0.000176906236699359,C
434423882,4,-7.458904394824772e-05,C
548743766,4,2.832243428246839e-05,C
548743766,4,0.00037411077545923543,C
548743766,4,0.0003450819833177854,C
548743766,4,0.0002823837210458868,C
548743766,4,-3.485904525568628e-05,C
1399127774,4,0.00021963517696127477,C
1399127774,4,-0.0005760048111630445,C
1399127774,4,0.00025346714994489705,C
1399127774,4,0.0006126014851395301,C
1399127774,4,0.0005362677888445244,C
2629723425,4,-0.0018427702248110522,C
2629723425,4,-0.0022607972674202337,C
2629723425,4,-0.0013936044594260455,C
2629723425,4,0.000883700159404921,C
2629723425,4,-0.002517052254897234,C
1542633699,4,-0.0014027005938520576,O
1542633699,4,-9.508334006691488e-05,O
1542633699,4,0.0003727348719501644,O
1542633699,4,0.0008098081226666221,O
1542633699,4,-8.523659881198853e-05,O
1824088295,4,0.0002071967594242663,C
1824088295,4,-0.0007454892633067534,C
1824088295,4,-0.0013809693910609155,C
1824088295,4,-0.0011910900595271112,C
1824088295,4,-0.0007127424755906664,C
1078211001,4,-9.653842398360535e-05,O
1078211001,4,-0.0026063824021198556,O
1078211001,4,-0.0030066070568484093,O
1078211001,4,-0.002889480369844488,O
1078211001,4,-0.00201036958711992,O
579286581,4,-0.0004125182580342335,C
579286581,4,-0.0005060113484863793,C
579286581,4,-0.0006279605425668633,C
579286581,4,-4.1737984244949455e-05,C
579286581,4,-0.0006982577207026996,C
476060908,4,-8.807260157694952e-05,C
476060908,4,0.00023766365710387038,C
476060908,4,0.0007467172697244173,C
476060908,4,0.00029641001545654966,C
476060908,4,6.519371006874497e-05,C
2154935424,4,-0.00041162164995428574,O
2154935424,4,-0.0006360014125338376,O
2154935424,4,0.0007775688292669392,O
2154935424,4,-0.00014410635173045527,O
2154935424,4,0.00013848197375082583,O
4256524850,4,-0.001229867870116419,C
4256524850,4,2.978793800939572e-05,C
4256524850,4,-0.0007828107068452161,C
4256524850,4,-0.0011068030346379487,C
4256524850,4,-0.0002847835382969177,C
3980805843,4,0.000583390370793635,C
3980805843,4,-0.003320729094201169,C
3980805843,4,7.366174066092412e-05,C
3980805843,4,2.2243162759782997e-05,C
3980805843,4,-0.0012099873016574447,C
3594646603,4,-0.00038746720136195734,C
3594646603,4,0.0001034310629483004,C
3594646603,4,-0.0004839509436169731,C
3594646603,4,-5.9952737492097175e-05,C
3594646603,4,-0.00011528212606654042,C
4036277955,4,-0.00042446083377634114,C
4036277955,4,-1.864683310648374e-05,C
4036277955,4,-0.0010332009668873043,C
4036277955,4,0.0003285058924075157,C
4036277955,4,-0.00021689733797847222,C
3554022385,4,0.0002196216661848327,C
3554022385,4,0.0004918645361619012,C
3554022385,4,0.0004945653086065316,C
3554022385,4,0.0002658400764924962,C
3554022385,4,0.00035515097675975493,C
571978829,4,0.0011299646119558027,C
571978829,4,0.0012705315632500214,C
571978829,4,0.0006943709211827964,C
571978829,4,0.0015167738345061021,C
571978829,4,0.000511216639826062,C
4011293459,4,0.0005320135087537037,C
4011293459,4,-0.0003280423768195484,C
4011293459,4,1.5121763206060734e-06,C
4011293459,4,-0.0004306940109640167,C
4011293459,4,-3.7964802764078875e-05,C
1378530689,4,0.0002720840820231718,C
1378530689,4,0.00016202519782815283,C
1378530689,4,7.1290601083573435e-06,C
1378530689,4,9.594555351843947e-05,C
1378530689,4,0.00015018456322296592,C
1858577693,4,-0.00015631658903170198,C
1858577693,4,-0.0006169556246535257,C
1858577693,4,0.00028377979331967174,C
1858577693,4,-0.00033694304832626587,C
1858577693,4,-0.0002929126461411191,C
3120642300,4,-0.0013221700070507048,C
3120642300,4,-0.0018346629043973217,C
3120642300,4,-0.002013669179515176,C
3120642300,4,-0.002876713110396445,C
3120642300,4,-0.0019954162955959087,C
2594220197,4,0.0017105035598151686,C
2594220197,4,0.00038418950516350137,C
2594220197,4,0.003399601136824859,C
2594220197,4,0.002850218866458698,C
2594220197,4,0.004611362668673125,C
1693331843,4,6.311891367050126e-05,N
1693331843,4,6.709918782593638e-05,N
1693331843,4,-9.283554825256779e-05,N
1693331843,4,0.00010759709303437281,N
1693331843,4,-2.2487260348036386e-05,N
1868602760,4,-6.192599237209162e-05,N
1868602760,4,-3.325441825269282e-05,N
1868602760,4,-2.8744704192951165e-05,N
1868602760,4,5.270352343933471e-06,N
1868602760,4,-1.9500857177889852e-05,N
1842114921,4,-0.00044113169230358684,C
1842114921,4,-0.0005091613833937414,C
1842114921,4,-0.0008716910152535839,C
1842114921,4,0.0005457850016181154,C
1842114921,4,-0.0007366883005694436,C
2021812431,4,0.0004310124284291894,N
2021812431,4,0.0003289740595356916,N
2021812431,4,0.0005969421093727223,N
2021812431,4,0.00028519037230129163,N
2021812431,4,0.00037036408785801056,N
4197146180,4,-1.9668747669121522e-05,O
4197146180,4,-4.204430315613017e-05,O
4197146180,4,-0.0008239366953137206,O
4197146180,4,-0.0005699670796552869,O
4197146180,4,0.0002630030895782731,O
3121777292,4,4.298214093384489e-05,N
3121777292,4,0.0001797056287943799,N
3121777292,4,6.191064732152807e-06,N
3121777292,4,-0.00012435402155974717,N
3121777292,4,0.0002494973525957178,N
2752034647,4,-0.0014929405700597753,C
2752034647,4,-0.0018475203819677266,C
2752034647,4,-0.001532024800227516,C
2752034647,4,-0.0010479422261822635,C
2752034647,4,-0.001049196967711552,C
3614376044,4,-2.5301951269651735e-05,C
3614376044,4,-2.5301951269651735e-05,C
3614376044,4,-2.5301951269651735e-05,C
3614376044,4,-3.248467497679597e-05,C
3614376044,4,-3.248467497679597e-05,C
3266129148,4,0.0,S
3266129148,4,0.0,S
3266129148,4,0.0,S
3266129148,4,0.0,S
3266129148,4,0.0,S
3346539298,4,-0.0003306425079561137,N
3346539298,4,-0.00043232674146015393,N
3346539298,4,-0.000257418873212123,N
3346539298,4,0.0005643588544532174,N
3346539298,4,-0.00046526605211022476,N
2513428378,4,8.17692169663431e-06,C
2513428378,4,8.354717799163858e-05,C
2513428378,4,0.00045910030808221647,C
2513428378,4,0.0005532897612998133,C
2513428378,4,0.0003987656029796338,C
2827868305,4,-0.0021601944150297925,C
2827868305,4,-0.002267866260073248,C
2827868305,4,-0.0018752621485478294,C
2827868305,4,-0.0019365524193644679,C
2827868305,4,-0.0009211510861124594,C
1153219603,4,0.00027417952216907127,C
1153219603,4,0.0008066491269493326,C
1153219603,4,0.0013367659469612492,C
1153219603,4,-0.001719431483075351,C
1153219603,4,-0.0020240999834250095,C
516041383,4,0.00035024373492842376,C
516041383,4,0.0010029306336782895,C
516041383,4,0.0007289717572708243,C
516041383,4,0.0004550446704082445,C
516041383,4,0.0005003910963653491,C
312306367,4,0.0003218107908436463,C
312306367,4,0.0017640985694221123,C
312306367,4,0.0009754674712438849,C
312306367,4,0.0017898921526521283,C
312306367,4,-0.0002979093004428224,C
3925172229,4,0.00015713604838279993,C
3925172229,4,8.613979378979675e-05,C
3925172229,4,-3.78171515428849e-05,C
3925172229,4,7.32150931456732e-05,C
3925172229,4,-5.8155922220026746e-05,C
118059098,4,-0.0009007738777973007,C
118059098,4,-0.0002126719636164065,C
118059098,4,-8.654009466235735e-05,C
118059098,4,-0.0004006259347866248,C
118059098,4,0.0003571193516417326,C
3981762496,4,0.005492520847925952,C
3981762496,4,0.0028725664019152997,C
3981762496,4,0.0032850246431558316,C
3981762496,4,0.001753510384013779,C
3981762496,4,0.0011797495611785558,C
2122981102,4,0.0001922917337062735,N
2122981102,4,0.00024996004188421184,N
2122981102,4,0.00022463353993767976,N
2122981102,4,0.0003518261442895798,N
2122981102,4,0.0004079195861457774,N
1506563592,4,0.0008610461126961066,C
1506563592,4,0.0009340294370767666,C
1506563592,4,0.0023942500150656576,C
1506563592,4,0.0011993635912883605,C
1506563592,4,0.0017377871968367598,C
2604440622,4,0.0012416889330977843,C
2604440622,4,-0.001932068302798462,C
2604440622,4,0.00010856918312834862,C
2604440622,4,0.0013211503618252851,C
2604440622,4,0.0001802011044576557,C
1717044408,4,-0.0005394863258911253,C
1717044408,4,0.0007572698411795198,C
1717044408,4,0.0004205254875799813,C
1717044408,4,-0.00017692725712425972,C
1717044408,4,-0.0003397110541588644,C
2646219661,4,0.0,C
2646219661,4,7.159623404473514e-06,C
2646219661,4,0.0,C
2646219661,4,0.0,C
2646219661,4,-9.393939344404245e-06,C
128522177,4,0.0013129703573084295,C
128522177,4,-0.00028233110419229046,C
128522177,4,0.0011253187990085678,C
128522177,4,-0.0009456645434161581,C
128522177,4,-0.00017288462075054634,C
2459741777,4,-0.0002183470744617222,O
2459741777,4,0.0009619731197311188,O
2459741777,4,0.0007614492329861555,O
2459741777,4,0.00024822299213556054,O
2459741777,4,0.0016227126623055144,O
3612926680,4,-0.0032664845615956173,Br
3612926680,4,-0.002359561554538314,Br
3612926680,4,-0.0020872481373841456,Br
3612926680,4,-0.0024688462127744892,Br
3612926680,4,-0.001197178997861481,Br
1792562719,4,-0.0016632637224475166,S
1792562719,4,-0.0012890343123110881,S
1792562719,4,1.7518780577707727e-05,S
1792562719,4,-0.0011697917624226006,S
1792562719,4,-0.0006024981806848628,S
868576692,4,0.00044029421122776524,C
868576692,4,0.0002990314853972831,C
868576692,4,0.0004456063905846075,C
868576692,4,0.00037459142786627764,C
868576692,4,0.0002990314853972831,C
1999904870,4,0.00022563115143964252,C
1999904870,4,-0.0002746141840175853,C
1999904870,4,-0.00010965242308441647,C
1999904870,4,0.00012710980257890636,C
1999904870,4,0.00040015966856787877,C
3532053313,4,5.5829352427982926e-05,S
3532053313,4,0.000258791355453758,S
3532053313,4,5.023068345688664e-05,S
3532053313,4,0.00014350513565453138,S
3532053313,4,0.0004741785059585446,S
592593828,4,-0.0008517779112471868,C
592593828,4,-0.00034188744277463545,C
592593828,4,-0.001133025337180793,C
592593828,4,-0.0009381014807068322,C
592593828,4,-0.0004488600072706239,C
3632350815,4,-0.0024041541289674395,Br
3632350815,4,-0.0031502801834102367,Br
3632350815,4,-0.0019052392656215278,Br
3632350815,4,-0.0008086538204696292,Br
3632350815,4,-0.00048528334938707784,Br
3025629386,4,-0.0033626259853772322,C
3025629386,4,-0.0003459686365610004,C
3025629386,4,0.002054815798198606,C
3025629386,4,0.0012879162631979635,C
3025629386,4,-0.00106497924173643,C
3594696610,4,0.0001471654418730428,C
3594696610,4,8.7088205752206e-05,C
3594696610,4,0.0004037855458584594,C
3594696610,4,0.0003208716530617717,C
3594696610,4,0.00012914226745036617,C
2212573984,4,-0.00010912943148666532,S
2212573984,4,-0.00032249891729174696,S
2212573984,4,-0.0004915961162876292,S
2212573984,4,-1.1794577245483051e-05,S
2212573984,4,-0.00017925730535672812,S
3157481675,4,0.0005809276245376527,C
3157481675,4,0.0012030704153809801,C
3157481675,4,0.002095565067566807,C
3157481675,4,0.0018366793634232437,C
3157481675,4,-0.00011253526456278529,C
669222828,4,0.001471550037271785,C
669222828,4,0.0034621044125058287,C
669222828,4,4.1686303116794665e-05,C
669222828,4,0.001681701616624398,C
669222828,4,0.002787664601178186,C
1856075173,4,0.0,C
1856075173,4,0.0,C
1856075173,4,0.0,C
1856075173,4,0.0,C
1856075173,4,0.0,C
618671879,4,-0.0003356902498433678,C
618671879,4,0.000887170192853115,C
618671879,4,-0.0005021581190258195,C
618671879,4,-0.0003614144653723006,C
618671879,4,-0.00011694435214010257,C
714893496,4,-8.335880783288951e-05,C
714893496,4,-0.0005389970879400852,C
714893496,4,-0.0001958993663307429,C
714893496,4,0.0005213032899590297,C
714893496,4,0.0009900702212245482,C
1685248591,4,0.0003149456201786416,C
1685248591,4,0.0009365745001517767,C
1685248591,4,0.0001473108537081158,C
1685248591,4,3.991802243696885e-06,C
1685248591,4,0.0002792243323697652,C
2931695851,4,0.0006404858902502308,C
2931695851,4,0.00034399294474207753,C
2931695851,4,0.0008404065261928828,C
2931695851,4,0.002058503730783756,C
2931695851,4,0.000420368636404711,C
2222715027,4,-0.0009222177466071679,O
2222715027,4,-0.000757953279293011,O
2222715027,4,0.000799920516072139,O
2222715027,4,-0.0025969015855205058,O
2222715027,4,-0.002064854221883461,O
1026928756,4,0.0008032801559888503,S
1026928756,4,0.0005854165456418148,S
1026928756,4,0.0008267172739783724,S
1026928756,4,-0.0005558245555321584,S
1026928756,4,-0.0008099335579470068,S
458993620,4,-0.00033627388099910505,N
458993620,4,0.00017939853896864477,N
458993620,4,0.0002829447028455667,N
458993620,4,-0.00047815866372225013,N
458993620,4,0.0008938453695260251,N
1549284008,4,-0.0008950651377950258,C
1549284008,4,-0.0010431986554723105,C
1549284008,4,-0.0005591209075314074,C
1549284008,4,-0.0007601346858428504,C
1549284008,4,-0.00010759456835052195,C
3510196525,4,-3.168739254699737e-05,N
3510196525,4,6.473931403533362e-05,N
3510196525,4,6.324085120079648e-05,N
3510196525,4,0.00014163222985213997,N
3510196525,4,0.00014615281837593308,N
909362583,4,0.00018249609985965254,C
909362583,4,0.0005555557713014525,C
909362583,4,0.00036228993065101633,C
909362583,4,0.00012085339391104677,C
909362583,4,0.0002091025628325749,C
2556855854,4,-0.0008239262370948186,C
2556855854,4,-3.4499081770333895e-05,C
2556855854,4,-0.0007547289781624222,C
2556855854,4,-3.0467360537023147e-05,C
2556855854,4,-0.0005656023110113817,C
3888780669,4,0.0004075628792231112,O
3888780669,4,-0.0002124889243947381,O
3888780669,4,0.0003616516869531794,O
3888780669,4,-0.00014256502128268123,O
3888780669,4,-0.0001340055308181598,O
2448572767,4,-2.5301951269651735e-05,C
2448572767,4,-2.5301951269651735e-05,C
2448572767,4,-2.2437236676442485e-05,C
2448572767,4,-2.5301951269651735e-05,C
2448572767,4,-2.2437236676442485e-05,C
932692620,4,3.9503724022504905e-06,C
932692620,4,-0.0005309542754008967,C
932692620,4,0.0003097975527053265,C
932692620,4,0.0006826884982234493,C
932692620,4,0.0001793105224730529,C
92620239,4,-0.0003749466018346248,C
92620239,4,0.0014246384620882901,C
92620239,4,-0.0001615111341793929,C
92620239,4,0.00033488192839464803,C
92620239,4,0.000853007839142994,C
443932914,4,4.566330443267486e-06,N
443932914,4,-1.75337650851759e-05,N
443932914,4,1.0218661676997254e-05,N
443932914,4,-1.5734358713492824e-05,N
443932914,4,-1.1040340144874428e-06,N
586636525,4,-1.861138638570292e-05,C
586636525,4,0.00010123299789077667,C
586636525,4,-1.4413235151278236e-05,C
586636525,4,1.3971331304540868e-05,C
586636525,4,7.083504170041222e-05,C
3462479532,4,7.904974391481634e-05,C
3462479532,4,0.00023295205701467925,C
3462479532,4,0.0002605025906307068,C
3462479532,4,0.0004112798811557461,C
3462479532,4,0.0003386781133921657,C
2222621677,4,0.0004656595404080033,O
2222621677,4,0.0004536528776321602,O
2222621677,4,-5.1115801963930174e-05,O
2222621677,4,0.00016216077364245018,O
2222621677,4,0.0003222064704657135,O
328936174,4,-4.445823687432293e-05,C
328936174,4,-0.00020023315815731468,C
328936174,4,-0.0011325260714810659,C
328936174,4,-6.561962991924464e-05,C
328936174,4,0.0004508717754329039,C
2154777022,4,0.0,C
2154777022,4,0.0,C
2154777022,4,0.0,C
2154777022,4,0.0,C
2154777022,4,0.0,C
3992410619,4,-0.0003638011590115786,C
3992410619,4,0.00037349321768298527,C
3992410619,4,0.00034845915248549186,C
3992410619,4,0.0004708498855062748,C
3992410619,4,0.0001917613928505424,C
3750444818,4,-9.016067308170728e-05,C
3750444818,4,0.00019553681072986828,C
3750444818,4,-0.00011718811162353404,C
3750444818,4,0.00010730673323905426,C
3750444818,4,3.899307872923252e-05,C
2975126068,4,-0.00038952545004905526,N
2975126068,4,5.829842444621258e-05,N
2975126068,4,0.00034089305306073125,N
2975126068,4,0.0002667052377033352,N
2975126068,4,4.062232227058926e-05,N
2477914203,4,0.0,N
2477914203,4,0.0,N
2477914203,4,0.0,N
2477914203,4,0.0,N
2477914203,4,1.3136185461615213e-06,N
353395765,4,0.002069241741856076,C
353395765,4,0.0008884764986787919,C
353395765,4,0.002526246124390563,C
353395765,4,0.003304040981537526,C
353395765,4,0.002236878813456522,C
69470421,4,0.00030488914783183274,C
69470421,4,0.00023616151196553803,C
69470421,4,0.00016487573344531326,C
69470421,4,0.0,C
69470421,4,0.00038841435906844524,C
540046244,4,-0.0007675295330224485,C
540046244,4,-0.0008276047587791879,C
540046244,4,-0.00037544677848377894,C
540046244,4,-0.0009773993330573494,C
540046244,4,0.00032488712745754045,C
4261830945,4,0.001576391044631864,C
4261830945,4,0.000777484039620302,C
4261830945,4,0.0010889618072517093,C
4261830945,4,0.0018499146030218627,C
4261830945,4,0.002928158339795983,C
3904721945,4,-0.0005489434592807485,C
3904721945,4,-0.0004059759971064558,C
3904721945,4,0.00035047528944215367,C
3904721945,4,-0.0007331398969133152,C
3904721945,4,-0.0008530566497544356,C
4055698890,4,-0.00041952771837300284,N
4055698890,4,-0.0006527866938881854,N
4055698890,4,-0.0012881718852931212,N
4055698890,4,1.472284401465851e-05,N
4055698890,4,-0.000177927979102821,N
1738265797,4,0.00029048900779249376,C
1738265797,4,3.666065273955077e-05,C
1738265797,4,0.0001131961956311045,C
1738265797,4,4.57995264792066e-05,C
1738265797,4,-0.00010144840105325015,C
2014543234,4,0.0006382387172311765,C
2014543234,4,0.0009382303283408389,C
2014543234,4,0.0010977943163309467,C
2014543234,4,0.0013449940484545064,C
2014543234,4,0.0010356042950548372,C
2697110228,4,-0.0002554922644866231,C
2697110228,4,-0.0004531913366315199,C
2697110228,4,-0.00028329051822706397,C
2697110228,4,-0.000468456882171453,C
2697110228,4,-0.00034642366015413817,C
694069322,4,-6.740873198529673e-05,N
694069322,4,2.8575273007258595e-06,N
694069322,4,0.0005365814901008292,N
694069322,4,0.0007949122328046454,N
694069322,4,0.00025021837702793315,N
3120784405,4,0.00025538114678264057,C
3120784405,4,0.00016008793345501093,C
3120784405,4,4.0345447272438495e-05,C
3120784405,4,0.0001206456673540357,C
3120784405,4,-1.1979709141463069e-05,C
2574917850,4,3.161740214019382e-05,C
2574917850,4,0.0005201473739574469,C
2574917850,4,0.00022463542176992535,C
2574917850,4,0.0007004136596943655,C
2574917850,4,8.199969395644713e-05,C
644322065,4,-0.0008910619084841476,C
644322065,4,-0.0009627891668788635,C
644322065,4,-0.0008067999445125484,C
644322065,4,-0.0008344187958657656,C
644322065,4,-0.0013477472962978299,C
4068239769,4,0.0,S
4068239769,4,0.0,S
4068239769,4,0.0,S
4068239769,4,0.0,S
4068239769,4,0.0,S
606428793,4,-0.00013311025145806843,C
606428793,4,0.0009947845421877655,C
606428793,4,0.001059551924059654,C
606428793,4,0.00010524957008944957,C
606428793,4,0.0009530927650510668,C
3304582332,4,2.1676959415906083e-05,C
3304582332,4,1.4517336011432569e-05,C
3304582332,4,3.0812748254060995e-05,C
3304582332,4,2.1676959415906083e-05,C
3304582332,4,1.4517336011432569e-05,C
3920757710,4,0.0012522968208475427,C
3920757710,4,0.00159925009910733,C
3920757710,4,0.0028493555327328,C
3920757710,4,-0.00012516147448865533,C
3920757710,4,0.0019266529896727058,C
2923200147,4,0.0,C
2923200147,4,0.0,C
2923200147,4,0.0,C
2923200147,4,0.0,C
2923200147,4,0.0,C
1349404210,4,-0.00011412755715745071,N
1349404210,4,6.969275174611989e-05,N
1349404210,4,-4.865257261121858e-05,N
1349404210,4,-7.695087805142942e-05,N
1349404210,4,-7.957280853521098e-05,N
2238101436,4,0.0025800085374616533,C
2238101436,4,0.0015075699557698385,C
2238101436,4,0.0027122433873723595,C
2238101436,4,0.0015374814999836728,C
2238101436,4,0.002784668966685222,C
310913359,4,0.00012808059769614522,C
310913359,4,0.00016126425922197152,C
310913359,4,5.7174145133565e-05,C
310913359,4,0.0001390321110170123,C
310913359,4,6.719061091081668e-05,C
4086265842,4,0.0012463537846558181,C
4086265842,4,0.0010720820818519439,C
4086265842,4,0.000812995408148498,C
4086265842,4,0.0009482225937931243,C
4086265842,4,0.00025880709172332317,C
3328145258,4,-7.986391693348693e-05,C
3328145258,4,2.5457264047457073e-05,C
3328145258,4,-0.00029528125242661574,C
3328145258,4,-7.308005272216311e-05,C
3328145258,4,-0.00025427703489988573,C
3045022511,4,-3.993323690110184e-06,S
3045022511,4,6.129299046131464e-05,S
3045022511,4,2.235208763612384e-05,S
3045022511,4,2.8512304582339887e-06,S
3045022511,4,-2.917721358930425e-05,S
910450790,4,0.0015280008041994586,C
910450790,4,0.001487240495506581,C
910450790,4,-0.000589925086721288,C
910450790,4,-0.0005096505611166813,C
910450790,4,0.000298504311070924,C
1216095805,4,-0.00043908526168179307,C
1216095805,4,-0.0015560412097390675,C
1216095805,4,-0.0006505856627321283,C
1216095805,4,-0.001330414718351547,C
1216095805,4,-0.0013245244160899894,C
2187394687,4,-0.0002339569616310877,C
2187394687,4,-0.00043388677550471044,C
2187394687,4,-0.00010915875871497782,C
2187394687,4,-0.00015626023695680669,C
2187394687,4,-0.00020398815823596816,C
544755086,4,-0.00025793569686194395,C
544755086,4,0.0006465120290423676,C
544755086,4,0.0003408711353962146,C
544755086,4,4.577652459586412e-05,C
544755086,4,0.0005054306872414593,C
2425865203,4,-0.0021352561875697673,C
2425865203,4,-0.003058574283204163,C
2425865203,4,-0.00023232666880418362,C
2425865203,4,0.0005173207703138005,C
2425865203,4,0.0012179692885029847,C
1558658757,4,0.0010252890689738114,C
1558658757,4,0.00041674770972471853,C
1558658757,4,0.0005606657969062789,C
1558658757,4,0.0011278758050338178,C
1558658757,4,0.0008125813548280347,C
68675643,4,-0.00026871393343291805,C
68675643,4,-0.0002047145142207718,C
68675643,4,-8.435445080401394e-05,C
68675643,4,-5.5725081843038815e-05,C
68675643,4,-0.00044196924614969824,C
2905822145,4,-0.0005246089680083776,C
2905822145,4,-0.00048319460697276995,C
2905822145,4,-0.0009733775787968413,C
2905822145,4,-0.00010777850764298602,C
2905822145,4,6.635215796518823e-05,C
2284773903,4,-1.8868861722809438e-05,C
2284773903,4,-0.0001948087328739745,C
2284773903,4,-0.00010310813888536607,C
2284773903,4,-4.1868125873367745e-05,C
2284773903,4,-7.28140507195163e-05,C
3835273908,4,0.0,C
3835273908,4,0.0,C
3835273908,4,0.0,C
3835273908,4,0.0,C
3835273908,4,0.0,C
3249398244,4,0.0,C
3249398244,4,0.0,C
3249398244,4,0.0,C
3249398244,4,0.0,C
3249398244,4,0.0,C
3772302167,4,0.00024225314241732576,C
3772302167,4,0.0001490106725567375,C
3772302167,4,-6.225500249307236e-05,C
3772302167,4,2.1323696733799302e-05,C
3772302167,4,-6.225500249307236e-05,C
2510215966,4,-1.873519458445161e-05,C
2510215966,4,-0.00015188658070475203,C
2510215966,4,-0.0002976462312316852,C
2510215966,4,8.070968909168474e-05,C
2510215966,4,-1.3516693427251258e-05,C
3406201864,4,-0.0001695509049110533,C
3406201864,4,0.00044113423361913373,C
3406201864,4,-0.00016231296549196195,C
3406201864,4,-0.000215134846562548,C
3406201864,4,7.425356386675519e-05,C
3684013815,4,-0.00012258121246500053,C
3684013815,4,-0.0005046151783918429,C
3684013815,4,0.00025325123601216415,C
3684013815,4,4.764611988228307e-05,C
3684013815,4,0.0007578530018503282,C
787341104,4,3.2294642571262244e-08,C
787341104,4,3.838637117192789e-05,C
787341104,4,8.854009353098657e-05,C
787341104,4,0.0001714870050412154,C
787341104,4,2.9940186254573398e-05,C
1256946769,4,-0.0004122225513394362,N
1256946769,4,-0.00011873417533359021,N
1256946769,4,-0.0007249991438904035,N
1256946769,4,-0.0009265425493050206,N
1256946769,4,-0.0009994396559770413,N
2110118862,4,0.0001849052207304469,C
2110118862,4,-0.00018821322734358104,C
2110118862,4,-4.943730151241166e-05,C
2110118862,4,-0.00020236020310510083,C
2110118862,4,-5.7696539396911994e-05,C
1899422126,4,0.0005942039283043932,C
1899422126,4,0.0010072835288079673,C
1899422126,4,0.0008893377335748576,C
1899422126,4,0.0006165294158868573,C
1899422126,4,0.0005186439858353986,C
3727960280,4,0.0,C
3727960280,4,0.0,C
3727960280,4,1.8986613250948636e-05,C
3727960280,4,0.0,C
3727960280,4,-1.7998081681402933e-05,C
4023654873,4,-0.00014455794739581806,C
4023654873,4,-1.0563186952694537e-05,C
4023654873,4,3.748337134951152e-05,C
4023654873,4,0.00010471936067285581,C
4023654873,4,0.00027122838494003654,C
467603055,4,0.00010198676320982702,C
467603055,4,-0.0012521516711060943,C
467603055,4,-0.0001358460077869328,C
467603055,4,-0.0007129215755479756,C
467603055,4,-0.0004808569709169319,C
409801989,4,0.0006014654773811579,C
409801989,4,-0.00035182519673748747,C
409801989,4,-0.0005186019901000094,C
409801989,4,-0.000793765777387434,C
409801989,4,-0.0002741296306693619,C
1289643292,4,1.4731562928582687e-05,N
1289643292,4,0.00013598760923344555,N
1289643292,4,-1.0524446118154174e-05,N
1289643292,4,3.6022700334925606e-05,N
1289643292,4,-1.2963709703772697e-05,N
3011598321,4,-0.0006132902473464097,C
3011598321,4,-0.0031953315194248044,C
3011598321,4,-0.0003938462320046132,C
3011598321,4,-0.0013915596472869884,C
3011598321,4,-0.0010463418201971386,C
3460898310,4,0.0006086854020037058,N
3460898310,4,-0.00042431299612832873,N
3460898310,4,0.00038932742837216594,N
3460898310,4,0.0002712833503221712,N
3460898310,4,0.0009287867706370134,N
2971716993,4,0.00023822764277803277,N
2971716993,4,0.00024407442577573102,N
2971716993,4,0.00020316579770190968,N
2971716993,4,0.0004960607945862505,N
2971716993,4,0.00021618218514418697,N
1556668346,4,0.001059163001865926,N
1556668346,4,0.0009437318467294675,N
1556668346,4,0.0007668569692363958,N
1556668346,4,0.001064544663917255,N
1556668346,4,0.0009430967449858829,N
4022716898,4,0.00028786410298803355,C
4022716898,4,5.508979285073767e-05,C
4022716898,4,3.697358710486043e-05,C
4022716898,4,0.00020889925426698097,C
4022716898,4,0.00039190698354307774,C
2458968089,4,-0.00027181977515822187,C
2458968089,4,-0.0017413249984162826,C
2458968089,4,-0.001825527778041125,C
2458968089,4,-0.0010483572282538045,C
2458968089,4,-0.00018297528456373557,C
4164236649,4,-0.0005335740487120155,C
4164236649,4,-0.00023386550373749593,C
4164236649,4,-0.00040501437774692617,C
4164236649,4,-0.00022455352638900417,C
4164236649,4,-0.000320981404201115,C
2154975788,4,-0.00045673240243299107,C
2154975788,4,-0.0010535843331123673,C
2154975788,4,-0.0004759933819612483,C
2154975788,4,0.00013091132830661545,C
2154975788,4,-0.00190684764173904,C
3248686995,4,-0.0001552798710263703,C
3248686995,4,-0.0014355609854546092,C
3248686995,4,-0.0009996798132940743,C
3248686995,4,-0.0009349340191250888,C
3248686995,4,-0.00090814698577113,C
3909974435,4,-0.0006488019773437381,C
3909974435,4,-0.00042797227855329023,C
3909974435,4,-0.0001605300196673154,C
3909974435,4,-0.0005417836507970453,C
3909974435,4,-0.0005176581868931995,C
3012080282,4,0.0017705946151905239,C
3012080282,4,0.0021130821478667627,C
3012080282,4,0.0021617315152989702,C
3012080282,4,0.0006769538321392821,C
3012080282,4,0.0020452284462067483,C
3462333187,4,0.0021991957713741184,C
3462333187,4,0.0022026113416314663,C
3462333187,4,0.002143980996622774,C
3462333187,4,0.0014260471315162837,C
3462333187,4,0.002269151554409321,C
1229325558,4,-0.0004427727407318449,N
1229325558,4,-4.654150608696117e-05,N
1229325558,4,-0.0008509094406345952,N
1229325558,4,-0.0007658944128003942,N
1229325558,4,0.00010116705380869284,N
3599139274,4,-0.0011054364656209459,C
3599139274,4,-0.0023427242038114304,C
3599139274,4,-0.0013575939285025984,C
3599139274,4,-0.002069185051363498,C
3599139274,4,-0.0020166869022748557,C
806369437,4,0.0,C
806369437,4,0.0,C
806369437,4,0.0,C
806369437,4,0.0,C
806369437,4,0.0,C
2395259406,4,-0.00011745824713205177,C
2395259406,4,0.00017756451187589395,C
2395259406,4,-5.67429258231944e-05,C
2395259406,4,0.00016080897938819394,C
2395259406,4,-0.00011657576219986643,C
864942795,4,0.0012228252257399097,O
864942795,4,0.006886248968787145,O
864942795,4,0.0069202810729872555,O
864942795,4,0.0044294158847247855,O
864942795,4,0.0012584814030867641,O
1785683843,4,-0.0007971286573813519,C
1785683843,4,-0.00015135027106366605,C
1785683843,4,-0.00096382709105991,C
1785683843,4,-0.00030507085023068203,C
1785683843,4,0.000506671424187477,C
2516197204,4,-1.583964074597377e-05,C
2516197204,4,6.25191975096584e-05,C
2516197204,4,4.418677361445189e-05,C
2516197204,4,0.00011006396706519928,C
2516197204,4,0.000212577324736285,C
2295519362,4,-5.910838222800141e-05,C
2295519362,4,-2.9910506671615433e-05,C
2295519362,4,0.0002614470898845145,C
2295519362,4,5.082248287274771e-05,C
2295519362,4,-6.821340563956113e-06,C
2598322190,4,0.00022064887110034848,C
2598322190,4,0.0002689996250756499,C
2598322190,4,0.0001657930647021022,C
2598322190,4,0.0002529447812951169,C
2598322190,4,0.000599274755654744,C
3153477100,4,0.00033337796603766234,C
3153477100,4,-0.00015129626718624056,C
3153477100,4,0.0003250680918140958,C
3153477100,4,-0.0006268114017726201,C
3153477100,4,-6.349971962182899e-05,C
2192318254,4,2.3218092360943743e-05,O
2192318254,4,-6.252540965284714e-05,O
2192318254,4,-2.2897370878960377e-05,O
2192318254,4,-4.455050784557546e-05,O
2192318254,4,-3.382746893670907e-05,O
1619222458,4,0.00016565693207354348,C
1619222458,4,-0.0003825458558366912,C
1619222458,4,0.0004328840889377128,C
1619222458,4,0.0004258636439060104,C
1619222458,4,0.00023939969692382546,C
3824063894,4,0.0013851193613961255,C
3824063894,4,-0.00018975192031134291,C
3824063894,4,-0.00017086773238489394,C
3824063894,4,0.000774602191158158,C
3824063894,4,0.0016802281775742944,C
885026269,4,-0.0004417828583960226,C
885026269,4,-0.0008526339326733745,C
885026269,4,-0.00021790572272095687,C
885026269,4,-0.0009885962063891363,C
885026269,4,-0.00014374892264817918,C
472281497,4,0.0025167846355170775,C
472281497,4,0.0019278490684646044,C
472281497,4,0.001236347496107848,C
472281497,4,0.002187455769953439,C
472281497,4,0.002758430763075581,C
2599973650,4,-0.00011896699503871622,N
2599973650,4,-3.80324748867622e-05,N
2599973650,4,-0.0001087019913284526,N
2599973650,4,-0.0004002414739562865,N
2599973650,4,4.57715314082785e-05,N
1582607016,4,9.871815405210205e-05,C
1582607016,4,-0.0003031143675868986,C
1582607016,4,-1.1090436830785144e-05,C
1582607016,4,0.00014314111754010206,C
1582607016,4,0.0001667453027528465,C
1564511222,4,0.0,C
1564511222,4,0.0,C
1564511222,4,0.0,C
1564511222,4,0.0,C
1564511222,4,0.0,C
3291149959,4,0.0,C
3291149959,4,0.0,C
3291149959,4,0.0,C
3291149959,4,0.0,C
3291149959,4,0.0,C
717151242,4,-0.0008881246102114826,O
717151242,4,-0.0004388158508994988,O
717151242,4,-0.00036160468341667196,O
717151242,4,-0.000736353354779562,O
717151242,4,-0.0007275800766031737,O
2664995851,4,0.0006122497891725143,C
2664995851,4,0.0007010941070329513,C
2664995851,4,0.0007566660610397458,C
2664995851,4,0.00033354522255923946,C
2664995851,4,4.073627421619097e-05,C
4239037249,4,-0.003188231837417954,C
4239037249,4,-0.0031611280874193626,C
4239037249,4,-0.0017618013150791367,C
4239037249,4,-0.0017163336386301076,C
4239037249,4,-0.0022047861222069254,C
166544320,4,-0.0002002371303068684,C
166544320,4,-0.0002002371303068684,C
166544320,4,-0.0001101758301194633,C
166544320,4,0.0,C
166544320,4,-0.00018343332021392156,C
2369690741,4,0.0,C
2369690741,4,0.0,C
2369690741,4,0.0,C
2369690741,4,0.0,C
2369690741,4,0.0,C
3234104871,4,-0.0003597797376284073,C
3234104871,4,-0.000385523739276028,C
3234104871,4,-0.0004947975669081783,C
3234104871,4,-0.0004333400391527409,C
3234104871,4,-0.00041000861823092816,C
616374597,4,0.0008540211175130374,C
616374597,4,0.0005609330675234725,C
616374597,4,0.0016946964883968185,C
616374597,4,0.00040331233195256555,C
616374597,4,0.0014652397243785087,C
2974534217,4,0.0009849990179993662,C
2974534217,4,0.000623724824776628,C
2974534217,4,0.0016294066186960388,C
2974534217,4,0.0010581765053007675,C
2974534217,4,0.0007623098535492479,C
828793177,4,-0.0007715418075804337,N
828793177,4,-0.001214410374964281,N
828793177,4,-0.0010549028167043395,N
828793177,4,-0.0004899144757198326,N
828793177,4,-0.0009799100060512989,N
368713488,4,-1.3451559159216586e-05,C
368713488,4,0.00033369574551428416,C
368713488,4,-0.00021601448795394163,C
368713488,4,5.409591774324651e-05,C
368713488,4,-0.00040090317438556955,C
3177362943,4,-3.923693679241946e-06,C
3177362943,4,0.0,C
3177362943,4,-3.923693679241946e-06,C
3177362943,4,0.0,C
3177362943,4,0.0,C
912632640,4,0.00028574860789620793,C
912632640,4,0.00044292891152175606,C
912632640,4,-6.16530268512383e-05,C
912632640,4,-7.965110853258572e-05,C
912632640,4,0.00022852131646233786,C
214126897,4,-5.7608338044856655e-05,C
214126897,4,-0.000105054180743136,C
214126897,4,0.0002868198098769925,C
214126897,4,-0.00013483230186533968,C
214126897,4,-0.00023006740830527894,C
4212936508,4,-3.57406237946889e-05,N
4212936508,4,-3.57406237946889e-05,N
4212936508,4,-1.0438672525037163e-05,N
4212936508,4,-2.6571169125022553e-05,N
4212936508,4,-3.5018617983717526e-06,N
3376021752,4,0.0006737329603396236,O
3376021752,4,-9.45311556699302e-05,O
3376021752,4,-0.00015689769106386198,O
3376021752,4,0.00010924491258856861,O
3376021752,4,6.953964518741085e-05,O
2987120039,4,-0.0010685204768042245,C
2987120039,4,-0.0018614271439154062,C
2987120039,4,0.0009032788537650105,C
2987120039,4,-0.0024962963711040453,C
2987120039,4,-0.0021169676549623317,C
3816921572,4,-0.0006916151124494174,C
3816921572,4,-0.0013902021517165908,C
3816921572,4,-0.001184766064628029,C
3816921572,4,-0.003097236529400693,C
3816921572,4,-0.0012150542097798533,C
203749390,4,-0.0017871729819076698,C
203749390,4,-0.0013164510368759985,C
203749390,4,-0.0012383578228130632,C
203749390,4,-0.0008334298084652358,C
203749390,4,-0.0013131444532387682,C
992462230,4,-0.0014005025919007208,C
992462230,4,0.0002525729618410022,C
992462230,4,-0.0009566039645575453,C
992462230,4,-0.001465102297674048,C
992462230,4,-0.0010086888632965252,C
1506993418,4,0.0002321653509157473,C
1506993418,4,8.443786707007517e-05,C
1506993418,4,9.827121012734308e-05,C
1506993418,4,6.962580656644235e-05,C
1506993418,4,0.00027048259410505926,C
1486598263,4,-0.0007798067167100742,C
1486598263,4,-0.0008312678054188671,C
1486598263,4,-0.000850493644947159,C
1486598263,4,-0.0011067247196878682,C
1486598263,4,-0.0008327699773197916,C
1914416804,4,-0.00020575767136887801,N
1914416804,4,-0.000265300492347742,N
1914416804,4,-0.00037827922051308915,N
1914416804,4,-0.00020575767136887801,N
1914416804,4,-0.00017474825277485895,N
54936104,4,-0.00014520990190614036,C
54936104,4,0.0008534133752814976,C
54936104,4,5.017339981755464e-05,C
54936104,4,0.00021609530157612467,C
54936104,4,0.00023448064934489254,C
3090652201,4,-7.64473680689437e-05,C
3090652201,4,-1.3537957158527014e-05,C
3090652201,4,0.0007076052055194348,C
3090652201,4,-0.00014933472605577203,C
3090652201,4,-0.0012086232347020553,C
2987687375,4,0.0,C
2987687375,4,0.0,C
2987687375,4,0.0,C
2987687375,4,0.0,C
2987687375,4,0.0,C
2296493092,4,-0.0003298853659816636,N
2296493092,4,0.0006479313213796911,N
2296493092,4,-0.00011139927367098679,N
2296493092,4,-0.00016916125561983186,N
2296493092,4,0.0015841512686425863,N
668520641,4,-0.0008744159403188401,C
668520641,4,-0.0006890534663726577,C
668520641,4,-0.0020735963111505606,C
668520641,4,-0.0011369625343047307,C
668520641,4,-0.0002876786587249214,C
848127915,4,0.010401482739173407,N
848127915,4,0.01413762971423016,N
848127915,4,0.008010202882898998,N
848127915,4,0.011125073160111465,N
848127915,4,0.011659379357892019,N
2378775366,4,0.003129850171127213,O
2378775366,4,0.003996144681264746,O
2378775366,4,0.001691443596979758,O
2378775366,4,0.0026260996314203533,O
2378775366,4,0.007465519746075233,O
2592785365,4,9.285786695101272e-05,N
2592785365,4,-0.00019088491074881198,N
2592785365,4,7.713953601640178e-05,N
2592785365,4,-0.00013895940625280323,N
2592785365,4,6.936163391518813e-05,N
460073430,4,6.51861925105024e-05,C
460073430,4,0.00012403157863261072,C
460073430,4,-3.128615822006742e-05,C
460073430,4,4.769027721113206e-05,C
460073430,4,1.433500582581626e-05,C
2378779377,4,0.004113498068878008,O
2378779377,4,0.00452159365884941,O
2378779377,4,0.005491157159371485,O
2378779377,4,0.0043906002156643975,O
2378779377,4,0.004008071466814145,O
4194366826,4,-0.00022033286461975443,C
4194366826,4,0.0010045534104312082,C
4194366826,4,-7.953793440979018e-05,C
4194366826,4,-0.0003952405936648584,C
4194366826,4,0.0008771606101788398,C
1136130381,4,-0.002097091032397358,C
1136130381,4,-0.0013294558160555359,C
1136130381,4,-0.0005249193347120484,C
1136130381,4,-0.0022675125512833794,C
1136130381,4,-0.0022898199366820915,C
1646750527,4,-0.00010871083723856811,C
1646750527,4,0.00013517717860883627,C
1646750527,4,0.000449059047505862,C
1646750527,4,-9.228055116911049e-05,C
1646750527,4,-0.0002840525453859377,C
1163692816,4,-5.1520299161667005e-05,N
1163692816,4,0.0005916258135119645,N
1163692816,4,0.0003675975201673509,N
1163692816,4,0.00011694156087943552,N
1163692816,4,4.418677361445189e-05,N
1840994228,4,0.0002943070352008914,C
1840994228,4,-0.00029206011772658913,C
1840994228,4,-0.00010481634174402954,C
1840994228,4,-0.0010490073877479356,C
1840994228,4,-0.0007452715667057297,C
2609658248,4,-3.9837969423639485e-05,C
2609658248,4,-0.0018457865634619597,C
2609658248,4,-0.00019587790315989118,C
2609658248,4,-0.0022245636513252287,C
2609658248,4,-0.002141279688520903,C
2353583745,4,0.000280849221983015,C
2353583745,4,-0.0007207275284547565,C
2353583745,4,-0.00022741782615726125,C
2353583745,4,-0.0005452772541441608,C
2353583745,4,0.0006009714521726939,C
3443041413,4,0.0,C
3443041413,4,0.0,C
3443041413,4,7.159623404473514e-06,C
3443041413,4,7.159623404473514e-06,C
3443041413,4,2.3485636977405022e-06,C
3286720230,4,1.6489160574562067e-05,C
3286720230,4,2.0977552109169295e-05,C
3286720230,4,-2.2546717522942128e-05,C
3286720230,4,-8.113664520636998e-06,C
3286720230,4,2.0977552109169295e-05,C
1449131080,4,0.0010673003893541533,C
1449131080,4,0.0007273228706599633,C
1449131080,4,0.0001262921924808369,C
1449131080,4,0.0010393913884869654,C
1449131080,4,-0.00019801865178642464,C
636971230,4,0.00017759081912183117,C
636971230,4,-0.0005010686136541764,C
636971230,4,-0.0009280126137982125,C
636971230,4,-0.0011916957474796264,C
636971230,4,0.0002940326581797881,C
2251845666,4,0.0004927206250672223,C
2251845666,4,-0.0001786960310294905,C
2251845666,4,-0.0004706211111150105,C
2251845666,4,-0.0005726165669627803,C
2251845666,4,0.0003048797051574126,C
305828102,4,-9.605816328506211e-05,C
305828102,4,-0.00029743297751444464,C
305828102,4,-0.0003443123084168054,C
305828102,4,-0.0014792717563738567,C
305828102,4,0.0005928698562011614,C
2810604122,4,3.794166630705087e-05,C
2810604122,4,-0.0002546416294365583,C
2810604122,4,8.076754997293767e-05,C
2810604122,4,-0.00018252617922204228,C
2810604122,4,-0.0005232457330341389,C
979999009,4,0.00028147468888889415,C
979999009,4,0.00012529860478471821,C
979999009,4,5.9895801609033406e-06,C
979999009,4,0.00024873997616975396,C
979999009,4,0.0002546673671122712,C
4083722611,4,0.0003962845098886558,C
4083722611,4,0.0002681542553045757,C
4083722611,4,0.00014876754650861024,C
4083722611,4,0.00016588180396015506,C
4083722611,4,0.0005018107123265225,C
849275503,4,0.0012689624525350496,N
849275503,4,-8.36933786552696e-05,N
849275503,4,0.00023556623015252853,N
849275503,4,0.00039734423586396117,N
849275503,4,0.0011784132770769062,N
3533643770,4,-0.0011925261022850409,C
3533643770,4,-0.0011497626583732434,C
3533643770,4,-0.0010755407261842098,C
3533643770,4,-0.0017681381654375272,C
3533643770,4,-0.0013790472055147385,C
594486406,4,0.00015225620217201863,C
594486406,4,0.00021823066282172787,C
594486406,4,0.00015903436969444407,C
594486406,4,0.0,C
594486406,4,0.00013860532231751987,C
2697642734,4,-0.0010907576420186027,O
2697642734,4,-0.0013518251710531448,O
2697642734,4,-0.00100313789372658,O
2697642734,4,-0.0005335151494456625,O
2697642734,4,-0.0009317919968973576,O
3345225135,4,-0.0006309555107015807,N
3345225135,4,-0.0012319006535473909,N
3345225135,4,-0.0007032475637425706,N
3345225135,4,-0.0004049673729358272,N
3345225135,4,-0.0005840972648328835,N
1348783936,4,-3.248850489245836e-05,C
1348783936,4,6.234449177794366e-05,C
1348783936,4,-0.00012046636190027327,C
1348783936,4,-0.00044736598152284035,C
1348783936,4,-0.00044269637078686586,C
3848368466,4,0.0004767739315619246,C
3848368466,4,0.00031144527402993116,C
3848368466,4,-0.00013873960776028538,C
3848368466,4,0.000247044766474358,C
3848368466,4,0.0004874077644271835,C
4130182993,4,-0.0012154012805666858,C
4130182993,4,-0.003005232465062402,C
4130182993,4,-0.000816064656374238,C
4130182993,4,-0.001790808673090949,C
4130182993,4,-0.002240832724203057,C
994637429,4,9.645279626663283e-05,N
994637429,4,0.00010761196207842438,N
994637429,4,0.0002892361150651501,N
994637429,4,5.086925133707121e-05,N
994637429,4,8.708530086992683e-05,N
1868697328,4,0.00011470935798441051,C
1868697328,4,0.00011447128332769951,C
1868697328,4,8.161231992653839e-06,C
1868697328,4,6.211192789973285e-05,C
1868697328,4,7.442754393521822e-05,C
485458970,4,-0.00023541063397286566,F
485458970,4,-0.0003264145386487338,F
485458970,4,-0.00046914209484771874,F
485458970,4,-0.0003404286126637568,F
485458970,4,-0.00023345098997684666,F
1971534293,4,0.00011084679935807751,O
1971534293,4,0.0005197388010818038,O
1971534293,4,-0.00013821130306068685,O
1971534293,4,-9.243841068284908e-05,O
1971534293,4,-0.00035985624701229124,O
2667063169,4,-0.00048040032012802714,O
2667063169,4,-0.00034672677920560835,O
2667063169,4,-0.0006785569035446248,O
2667063169,4,-0.0005733451765566611,O
2667063169,4,0.000672404474666155,O
831463242,4,6.854170170977891e-05,N
831463242,4,5.7584993126025275e-05,N
831463242,4,0.0002563139303726758,N
831463242,4,4.136634782991866e-06,N
831463242,4,0.00010742638091615353,N
473978627,4,5.097113917390539e-05,C
473978627,4,3.3417480831965385e-05,C
473978627,4,6.872763586629471e-05,C
473978627,4,6.872763586629471e-05,C
473978627,4,3.3417480831965385e-05,C
2251883808,4,0.0009357651052209759,C
2251883808,4,0.00023994490427231563,C
2251883808,4,3.0930920565830355e-05,C
2251883808,4,4.315175745506217e-06,C
2251883808,4,0.0009664974798331838,C
2959332130,4,0.0,C
2959332130,4,0.0,C
2959332130,4,0.0,C
2959332130,4,0.0,C
2959332130,4,0.0,C
256204769,4,-2.0121178778809146e-05,C
256204769,4,0.0001596556659004822,C
256204769,4,7.177523209966896e-05,C
256204769,4,0.0003617543204899043,C
256204769,4,-7.156914821571103e-05,C
2194376677,4,0.000303478400907109,C
2194376677,4,0.00027280767705090136,C
2194376677,4,0.00013029553456794796,C
2194376677,4,0.0003409905142449099,C
2194376677,4,0.0007448465499725887,C
800085213,4,0.0005110017434208913,C
800085213,4,0.000834343110031055,C
800085213,4,0.0005904692804341027,C
800085213,4,0.0008825408575831029,C
800085213,4,3.128673837698992e-05,C
3705139132,4,0.0011241211453589806,C
3705139132,4,0.0003053920843937852,C
3705139132,4,0.0003663634708582775,C
3705139132,4,0.0011807976828882016,C
3705139132,4,0.0009776131908369456,C
2834566420,4,0.0,C
2834566420,4,9.015223309483122e-06,C
2834566420,4,1.2927585030020339e-05,C
2834566420,4,9.015223309483122e-06,C
2834566420,4,0.0,C
3341916169,4,-0.00028818486099152496,C
3341916169,4,-7.025574724500716e-05,C
3341916169,4,-0.00023823475327233723,C
3341916169,4,-6.744271054021089e-05,C
3341916169,4,0.0002640860967304537,C
1186654798,4,0.0,C
1186654798,4,1.7662318599453997e-05,C
1186654798,4,0.0,C
1186654798,4,-5.96601188712631e-06,C
1186654798,4,-1.593816840728124e-06,C
215394313,4,1.2701241925650031e-05,C
215394313,4,1.5219706817060086e-05,C
215394313,4,-2.981046388422781e-05,C
215394313,4,2.5648033867564646e-05,C
215394313,4,2.7996597565305148e-05,C
816543468,4,-4.4000408321420714e-05,C
816543468,4,2.421448615469446e-05,C
816543468,4,6.952704713386604e-05,C
816543468,4,-5.1719751615775245e-05,C
816543468,4,3.351402291418282e-05,C
3796970912,4,0.0006589038546770953,C
3796970912,4,0.0008389008054769942,C
3796970912,4,-0.00017716684015095518,C
3796970912,4,0.00018871477959281346,C
3796970912,4,0.0005608183215107254,C
3028039221,4,-0.00019796906008334725,N
3028039221,4,-0.00010836833656258094,N
3028039221,4,0.0001553538343643246,N
3028039221,4,0.00041273692653509553,N
3028039221,4,-0.00014101016956707957,N
2261212172,4,2.6149842806078016e-05,C
2261212172,4,4.0091744328007994e-05,C
2261212172,4,6.414756447192804e-05,C
2261212172,4,4.7658403897421486e-05,C
2261212172,4,3.3091075101909784e-05,C
4182960975,4,-0.00023482761914789263,C
4182960975,4,5.567240129622508e-06,C
4182960975,4,0.00029542697570777987,C
4182960975,4,0.0003563881758115728,C
4182960975,4,2.3262338584295605e-06,C
2438720939,4,3.8940902825246315e-05,C
2438720939,4,-3.248467497679597e-05,C
2438720939,4,0.0,C
2438720939,4,-6.4632916851325994e-06,C
2438720939,4,-2.5301951269651735e-05,C
1033192140,4,0.0,C
1033192140,4,4.5583544929506115e-05,C
1033192140,4,0.0,C
1033192140,4,-3.8481766442499676e-05,C
1033192140,4,0.0,C
1630528126,4,0.00010894405301381527,C
1630528126,4,6.109430716139119e-05,C
1630528126,4,6.10626071825826e-05,C
1630528126,4,0.00018498114159948287,C
1630528126,4,0.00013207950857879736,C
3974650111,4,-0.0010355277609246927,C
3974650111,4,-0.0014400197755604638,C
3974650111,4,-0.0018117310141071985,C
3974650111,4,-0.0013768621966314676,C
3974650111,4,-0.0015625719144772843,C
1910766508,4,0.0023413111235291995,C
1910766508,4,0.001641660998908001,C
1910766508,4,0.000562880719784109,C
1910766508,4,0.00045777399892898973,C
1910766508,4,0.00019106616620367944,C
4081537576,4,0.0,C
4081537576,4,0.0,C
4081537576,4,0.0,C
4081537576,4,0.0,C
4081537576,4,0.0,C
1255595680,4,-0.0005748677934164226,C
1255595680,4,-0.0005423684737332901,C
1255595680,4,-0.0002104472728443607,C
1255595680,4,0.0002483405901451685,C
1255595680,4,-3.3298405512527385e-05,C
1630260676,4,-0.0008722256586338184,C
1630260676,4,-0.0002470766235322386,C
1630260676,4,-0.0006889776812916693,C
1630260676,4,-0.00048053257708224884,C
1630260676,4,-0.0007344018425919918,C
3129492592,4,0.0018542208608988142,C
3129492592,4,0.0018513662868882008,C
3129492592,4,0.002217080620614098,C
3129492592,4,0.0018402829698044854,C
3129492592,4,0.0016225248460702835,C
781912670,4,-0.00014330543618873426,C
781912670,4,-0.00010768283945944424,C
781912670,4,5.807507853922145e-05,C
781912670,4,-0.00023519595846172026,C
781912670,4,-0.00021395399203516519,C
2487927669,4,0.00047936963295880375,C
2487927669,4,0.0008448377852087186,C
2487927669,4,0.0006767012238824699,C
2487927669,4,0.001666706687011854,C
2487927669,4,0.0014207081023109858,C
3787488754,4,0.00017362269923970608,C
3787488754,4,0.0,C
3787488754,4,2.4726119166929017e-05,C
3787488754,4,0.00020297785043971173,C
3787488754,4,2.4726119166929017e-05,C
2308348490,4,0.0011358251063252611,C
2308348490,4,0.001592789586721377,C
2308348490,4,0.002341551041453782,C
2308348490,4,0.0012746013060884742,C
2308348490,4,0.0018394356481008511,C
2333272823,4,0.0004695758022658092,C
2333272823,4,0.00043759987905528375,C
2333272823,4,-8.005162077556749e-05,C
2333272823,4,0.0006593838142621711,C
2333272823,4,0.0001675325213073564,C
2812398603,4,-2.1685607767885084e-05,C
2812398603,4,-0.0006398088257946188,C
2812398603,4,-0.000403710782809763,C
2812398603,4,-0.0011609338232202449,C
2812398603,4,-0.00020006254750021268,C
2999514534,4,-0.0001121604131246734,C
2999514534,4,9.040719604158642e-05,C
2999514534,4,-8.335871313197574e-05,C
2999514534,4,8.516692428722772e-05,C
2999514534,4,0.0002480535102851733,C
3222770065,4,0.0008259747194623301,C
3222770065,4,0.001392890892707166,C
3222770065,4,0.0013307318919370537,C
3222770065,4,-0.00010835156088773168,C
3222770065,4,-8.555314703789785e-05,C
3491109101,4,-0.0003187515399165619,C
3491109101,4,-0.0005479896154574337,C
3491109101,4,-0.0010220718111948468,C
3491109101,4,-0.0012810017000392526,C
3491109101,4,-0.0005580787480170546,C
1255626466,4,0.0,
1255626466,4,0.0,
1255626466,4,0.0,
1255626466,4,0.0,
1255626466,4,0.0,
3289231689,4,0.0,C
3289231689,4,0.0,C
3289231689,4,0.0,C
3289231689,4,0.0,C
3289231689,4,0.0,C
3745584548,4,-0.0005734573713873092,C
3745584548,4,-0.0007397800697704904,C
3745584548,4,0.0015391932208571601,C
3745584548,4,-0.00027425453035939684,C
3745584548,4,-4.0778454120093954e-06,C
1914229733,4,0.00010761196207842438,C
1914229733,4,3.197565441992456e-05,C
1914229733,4,3.794166630705087e-05,C
1914229733,4,3.794166630705087e-05,C
1914229733,4,-0.0003798663015900927,C
216545222,4,-0.001467343356579498,N
216545222,4,-0.0011031063520644535,N
216545222,4,-0.0006977182795627201,N
216545222,4,-0.0013044852060598022,N
216545222,4,-0.00047493494889394583,N
2331740049,4,0.0004005972690309667,N
2331740049,4,0.0002879074162694395,N
2331740049,4,-7.831230210475493e-06,N
2331740049,4,-0.0001625997345758856,N
2331740049,4,0.0002565331338072463,N
2355446912,4,0.0,C
2355446912,4,0.0,C
2355446912,4,0.0,C
2355446912,4,0.0,C
2355446912,4,0.0,C
859799282,4,-0.001163715180778957,C
859799282,4,-0.0004234421798496868,C
859799282,4,-0.0013963005395846162,C
859799282,4,-0.0006434227539754978,C
859799282,4,-1.4010854642421133e-05,C
3811375594,4,0.0013462805973167291,C
3811375594,4,0.0012793475849161573,C
3811375594,4,0.0014957376855204152,C
3811375594,4,0.0013035668097771125,C
3811375594,4,0.0018007964869568016,C
144568923,4,-0.00017417431241767423,C
144568923,4,0.0001005669724393754,C
144568923,4,-0.0006550427155683769,C
144568923,4,0.000256046380295305,C
144568923,4,-0.0005501716402694368,C
2557045420,4,4.276297619787428e-05,N
2557045420,4,3.570383508300079e-05,N
2557045420,4,0.00013281595915226596,N
2557045420,4,9.88740451564607e-05,N
2557045420,4,8.481779654279098e-05,N
4265716399,4,0.0,N
4265716399,4,0.0,N
4265716399,4,-0.0010040160642570406,N
4265716399,4,0.0,N
4265716399,4,0.0,N
778974661,4,-0.0004840220989478228,C
778974661,4,-0.00025197993087633375,C
778974661,4,0.0007274716802618819,C
778974661,4,-0.00033415575638817696,C
778974661,4,-0.000594328700394775,C
3914061263,4,0.0,C
3914061263,4,0.0,C
3914061263,4,4.36159100003497e-06,C
3914061263,4,0.0,C
3914061263,4,0.0,C
3330819572,4,-0.0004777106133332931,C
3330819572,4,-0.0002372038327722037,C
3330819572,4,0.0025357921344795753,C
3330819572,4,0.0005075932393578397,C
3330819572,4,0.0005737587558267143,C
1674219510,4,-0.0002360804331348887,C
1674219510,4,0.00029508903859332136,C
1674219510,4,0.0001737702238160388,C
1674219510,4,6.353049094809382e-05,C
1674219510,4,0.00010407051788591248,C
2170404731,4,6.719061091081668e-05,C
2170404731,4,7.554763712952495e-05,C
2170404731,4,2.8313044568351042e-05,C
2170404731,4,-6.784171267110173e-05,C
2170404731,4,1.8173159528844796e-05,C
3116051204,4,-0.0004954959784068125,C
3116051204,4,-0.00027579326766558054,C
3116051204,4,0.00015456049094952906,C
3116051204,4,-0.0004309210883122194,C
3116051204,4,0.0008211091993778896,C
493191496,4,-0.00014071974849133584,C
493191496,4,-0.00016434984881391612,C
493191496,4,-0.0001938122711522272,C
493191496,4,-0.00026054681893056264,C
493191496,4,-0.00012624321255549908,C
851463431,4,-9.987642230496752e-05,C
851463431,4,1.3808554680250218e-05,C
851463431,4,-5.759657668819029e-05,C
851463431,4,0.00016635465681774653,C
851463431,4,0.00031534060389704077,C
2839110432,4,0.0,C
2839110432,4,0.0,C
2839110432,4,0.0,C
2839110432,4,0.0,C
2839110432,4,0.0,C
1913726790,4,-3.6122593885523635e-05,C
1913726790,4,0.0005478525550967062,C
1913726790,4,0.00011839958983184129,C
1913726790,4,0.00035871391119762785,C
1913726790,4,0.0003992940506927778,C
512485612,4,0.00039691691544874175,C
512485612,4,0.000205323899392873,C
512485612,4,0.00015225620217201863,C
512485612,4,0.0002990314853972831,C
512485612,4,0.00023099749378857615,C
3631761933,4,0.0006938733404042163,C
3631761933,4,0.000963121121256294,C
3631761933,4,0.0013148998521052002,C
3631761933,4,0.0006503381186976909,C
3631761933,4,0.0013908567855540621,C
3254486562,4,-0.0006060009824797596,C
3254486562,4,0.0002369689176290879,C
3254486562,4,0.002536428992908013,C
3254486562,4,0.0021128448614173845,C
3254486562,4,-0.0008512568726406489,C
1163048604,4,0.00012612024452485215,C
1163048604,4,-0.00029207061684799474,C
1163048604,4,-0.0001373013421206437,C
1163048604,4,-0.0001373013421206437,C
1163048604,4,-0.0001373013421206437,C
265892994,4,0.0025926160964778733,O
265892994,4,0.002944403531535633,O
265892994,4,0.0029916618202477374,O
265892994,4,0.0010668751852853098,O
265892994,4,0.002015534505254324,O
2328129879,4,0.0,O
2328129879,4,0.0,O
2328129879,4,0.0,O
2328129879,4,0.0,O
2328129879,4,0.0,O
3048383039,4,0.00028862490101749794,C
3048383039,4,-3.7742230078796624e-05,C
3048383039,4,-0.00015813321274121828,C
3048383039,4,1.1351391443370495e-05,C
3048383039,4,-8.114076487902855e-05,C
1222631225,4,0.0003631317160659453,C
1222631225,4,0.0001309642842156622,C
1222631225,4,0.00025736176642665587,C
1222631225,4,0.00010693928227401006,C
1222631225,4,0.00014730608626267738,C
1272192549,4,-1.9667107912346715e-05,C
1272192549,4,-0.00021291268171264033,C
1272192549,4,-5.388118096461003e-05,C
1272192549,4,-0.00011302392323508936,C
1272192549,4,3.822527425212385e-05,C
222023415,4,-7.182723707144234e-06,N
222023415,4,3.5603352793400767e-05,N
222023415,4,3.5603352793400767e-05,N
222023415,4,-7.182723707144234e-06,N
222023415,4,3.5603352793400767e-05,N
617798156,4,-0.00035963727157639624,O
617798156,4,0.0,O
617798156,4,-4.63071822347505e-05,O
617798156,4,2.4086750841811888e-05,O
617798156,4,-0.00035963727157639624,O
190140222,4,0.0001701012569406135,N
190140222,4,0.0002499534268458614,N
190140222,4,0.00025159425345838704,N
190140222,4,0.00016035158664434723,N
190140222,4,-0.0002704299645022723,N
4180801603,4,-0.0007434516350781073,C
4180801603,4,-0.00010645983942891846,C
4180801603,4,-0.0017453780772406224,C
4180801603,4,-0.00042181926220530297,C
4180801603,4,-0.00044670520616879594,C
3984860707,4,0.0,S
3984860707,4,0.0,S
3984860707,4,0.0,S
3984860707,4,0.0,S
3984860707,4,0.0,S
3462308225,4,0.0001747546038339265,C
3462308225,4,-6.344690721343804e-05,C
3462308225,4,0.0006415673519631349,C
3462308225,4,0.0006042120893550162,C
3462308225,4,0.0003754765683344208,C
2355616982,4,-0.0006102657668130562,C
2355616982,4,-0.0004553374668974097,C
2355616982,4,-0.0005496884975019212,C
2355616982,4,-0.0008540677185153167,C
2355616982,4,-0.001092703520165328,C
4042373501,4,0.0009056160816687253,C
4042373501,4,0.0008429241386879172,C
4042373501,4,0.0011698686364008948,C
4042373501,4,0.0010163194401343612,C
4042373501,4,0.0007603217847693133,C
736514702,4,0.000876732140205172,O
736514702,4,0.000720262104217051,O
736514702,4,0.00012612024452485215,O
736514702,4,0.0011499337903431717,O
736514702,4,0.0011499337903431717,O
65941455,4,0.001600280693158762,C
65941455,4,0.0012250262124044453,C
65941455,4,0.0011326031344214837,C
65941455,4,0.00013125026722848876,C
65941455,4,6.16926658513206e-05,C
2411289135,4,4.488391534607228e-06,C
2411289135,4,4.488391534607228e-06,C
2411289135,4,-2.8671574119454313e-05,C
2411289135,4,2.8200011037482486e-05,C
2411289135,4,4.488391534607228e-06,C
661888323,4,5.377323825428437e-05,C
661888323,4,0.0001056718995792183,C
661888323,4,0.0002281357860940414,C
661888323,4,0.0002044375312335589,C
661888323,4,7.993968008335184e-05,C
1909986973,4,0.0005049707812026516,C
1909986973,4,0.00020122934429084305,C
1909986973,4,-0.0008953135784868227,C
1909986973,4,-0.0007520526620446999,C
1909986973,4,-2.4753749786055046e-05,C
984189120,4,-0.003486593298448859,P
984189120,4,-0.004195293880639439,P
984189120,4,-0.004953758748348469,P
984189120,4,-0.005044905538299893,P
984189120,4,-0.00512337409712238,P
237615532,4,0.00040631236824661965,C
237615532,4,0.0002474748109931313,C
237615532,4,0.00039623386547393835,C
237615532,4,0.00039623386547393835,C
237615532,4,0.0004555634551598464,C
3598064087,4,0.0010326633242991878,C
3598064087,4,-0.00014830115038932945,C
3598064087,4,-0.00065386836016601,C
3598064087,4,-0.00029104770927756984,C
3598064087,4,-7.321622131017946e-06,C
1795978025,4,-0.0015383961733170248,C
1795978025,4,-0.0014807566115228599,C
1795978025,4,-0.0019777599473532748,C
1795978025,4,-0.0016051499547566905,C
1795978025,4,-0.0016429054234215479,C
2235918822,4,-0.0011359357262816783,O
2235918822,4,-0.0008208879754779685,O
2235918822,4,-0.001583902187619779,O
2235918822,4,-0.001613506533332143,O
2235918822,4,-0.00149795963714211,O
1876820278,4,0.00024135831287674936,C
1876820278,4,0.0004734459592503071,C
1876820278,4,0.0017458077391103166,C
1876820278,4,0.0003863094687959756,C
1876820278,4,0.00047433938366786554,C
698395004,4,0.0,C
698395004,4,0.0,C
698395004,4,0.0,C
698395004,4,0.0,C
698395004,4,0.0,C
1207774339,4,-0.0015274054743464327,C
1207774339,4,-0.00014494666121012134,C
1207774339,4,-0.0005925203979276206,C
1207774339,4,-0.0002958042521415405,C
1207774339,4,-0.0010600900302901173,C
431202968,4,0.0010501785614002723,O
431202968,4,0.0010146678029030465,O
431202968,4,0.0007131427823310887,O
431202968,4,0.0014023642486954424,O
431202968,4,0.0013661283621160258,O
833901780,4,0.00012046761994655153,N
833901780,4,0.00044258881128755867,N
833901780,4,-4.0583233315905076e-05,N
833901780,4,0.0002657591899283829,N
833901780,4,4.131104670207497e-05,N
1821698485,4,-8.882506685625735e-05,C
1821698485,4,6.844252265197914e-05,C
1821698485,4,-4.706924818947966e-05,C
1821698485,4,-9.808936695349102e-05,C
1821698485,4,0.0001442998233302517,C
1906719888,4,8.437826655299796e-05,C
1906719888,4,-0.00011123305115579019,C
1906719888,4,0.000312483458441426,C
1906719888,4,0.0003104461687684634,C
1906719888,4,0.0003104461687684634,C
2809361097,4,0.0,C
2809361097,4,4.734733569433658e-06,C
2809361097,4,0.0,C
2809361097,4,0.0,C
2809361097,4,0.0,C
2036328569,4,0.0,C
2036328569,4,0.0,C
2036328569,4,0.0,C
2036328569,4,0.0,C
2036328569,4,0.0,C
2512623809,4,1.3136185461615213e-06,C
2512623809,4,0.0,C
2512623809,4,1.3136185461615213e-06,C
2512623809,4,1.3136185461615213e-06,C
2512623809,4,1.3136185461615213e-06,C
2817106133,4,-2.2437236676442485e-05,C
2817106133,4,-9.684898801043396e-06,C
2817106133,4,-2.5301951269651735e-05,C
2817106133,4,-2.7734752653885142e-05,C
2817106133,4,-2.5301951269651735e-05,C
1754248939,4,0.0010659410888354537,C
1754248939,4,-6.262734666195868e-05,C
1754248939,4,0.0010832011019243915,C
1754248939,4,0.00047211028295207624,C
1754248939,4,0.00012012865328842048,C
2635303940,4,-2.9591502831216587e-05,C
2635303940,4,-3.0841027269468135e-05,C
2635303940,4,0.0001670532253449375,C
2635303940,4,-1.7336626698671864e-05,C
2635303940,4,1.8431746827030082e-05,C
1396348621,4,0.00017021521241095128,C
1396348621,4,7.751032135755453e-05,C
1396348621,4,0.00041841602585196425,C
1396348621,4,-0.00019211154510018202,C
1396348621,4,-0.00010329957266647094,C
2479916646,4,-0.0005450385112214517,C
2479916646,4,-0.00048692653278503695,C
2479916646,4,-0.0006329129586692961,C
2479916646,4,-0.00037160674158814855,C
2479916646,4,-0.0008127040153792509,C
4282315164,4,-0.0006470032197444797,N
4282315164,4,-0.0010448856173739807,N
4282315164,4,-0.0011974789967758581,N
4282315164,4,-0.0008046939496968997,N
4282315164,4,-0.0002694513731608117,N
2486266314,4,0.0,
2486266314,4,0.0,
2486266314,4,0.0,
2486266314,4,0.0,
2486266314,4,0.0,
1019269664,4,-1.110641738633067e-05,N
1019269664,4,1.0014197415086912e-05,N
1019269664,4,-3.923693679241946e-06,N
1019269664,4,4.0338086362834424e-05,N
1019269664,4,-1.0691196686285487e-06,N
3118635600,4,-8.00873329308005e-05,C
3118635600,4,-5.765009625435802e-05,C
3118635600,4,-8.00873329308005e-05,C
3118635600,4,-4.7211423729320856e-05,C
3118635600,4,-4.7211423729320856e-05,C
3218370331,4,3.3032603213190015e-05,P
3218370331,4,4.091531915140223e-05,P
3218370331,4,-1.316634891890267e-06,P
3218370331,4,2.4365142949733798e-05,P
3218370331,4,3.171596832129975e-05,P
3044392905,4,-0.0007419531783776079,N
3044392905,4,-0.00046360382807136835,N
3044392905,4,-0.00017499745049176507,N
3044392905,4,-0.00046360382807136835,N
3044392905,4,-0.00028241595838474076,N
4194776273,4,-0.0007293483615403162,O
4194776273,4,-0.0009622660771234637,O
4194776273,4,-0.0001932364536570974,O
4194776273,4,-0.0001932364536570974,O
4194776273,4,3.912361720481705e-06,O
263215426,4,-0.000889262852068029,C
263215426,4,-0.0006886604638039473,C
263215426,4,-0.0009743040168418426,C
263215426,4,0.0006369073841197559,C
263215426,4,-0.00127385541985231,C
2753863138,4,-8.530384868798979e-05,C
2753863138,4,-2.737223679322165e-05,C
2753863138,4,5.5287183302554777e-05,C
2753863138,4,5.5287183302554777e-05,C
2753863138,4,2.3377428778392773e-05,C
2699298541,4,0.00010012392616987054,C
2699298541,4,-1.513312293477398e-06,C
2699298541,4,0.0001885666408429909,C
2699298541,4,5.610624890894922e-05,C
2699298541,4,8.768657541774472e-05,C
3308404410,4,-0.00046360382807136835,C
3308404410,4,6.142215922511074e-05,C
3308404410,4,-0.0001202672515003278,C
3308404410,4,6.142215922511074e-05,C
3308404410,4,-0.00022966257195766726,C
1446633534,4,-5.379539781580345e-06,C
1446633534,4,5.609973323883466e-06,C
1446633534,4,7.562691048346171e-06,C
1446633534,4,1.4722314452875196e-05,C
1446633534,4,7.562691048346171e-06,C
2756489526,4,0.0,C
2756489526,4,0.0,C
2756489526,4,0.0,C
2756489526,4,0.0,C
2756489526,4,0.0,C
913310822,4,2.235208763612384e-05,C
913310822,4,-1.110641738633067e-05,C
913310822,4,0.0,C
913310822,4,5.521596259105976e-06,C
913310822,4,-1.0047438300353484e-05,C
3561946030,4,0.00043337679575738974,N
3561946030,4,0.00047841431338568885,N
3561946030,4,0.0005646196542380411,N
3561946030,4,0.0004855123293923125,N
3561946030,4,0.0005646196542380411,N
3292836938,4,0.0,
3292836938,4,0.0,
3292836938,4,0.0,
3292836938,4,0.0,
3292836938,4,0.0,
3194612514,4,0.0014760931164763402,O
3194612514,4,0.0020566447553503897,O
3194612514,4,0.0016436565308354245,O
3194612514,4,0.0009450365166931984,O
3194612514,4,0.0013268126604938368,O
1822332700,4,-0.00010321545491320805,C
1822332700,4,7.492305150741396e-05,C
1822332700,4,-5.790598555655002e-05,C
1822332700,4,-5.1953461174480964e-05,C
1822332700,4,-2.2339726418851846e-05,C
2215059400,4,-0.000364464755852556,O
2215059400,4,-0.000410329509426377,O
2215059400,4,-0.00039237786048429424,O
2215059400,4,-5.497974793572391e-05,O
2215059400,4,-8.931269393436247e-05,O
773709216,4,4.189044829422395e-05,C
773709216,4,-1.277833598306577e-05,C
773709216,4,0.00012013905481672582,C
773709216,4,5.7619857307067424e-05,C
773709216,4,1.2946791941914615e-05,C
2530377886,4,-0.0001849573114433567,N
2530377886,4,-0.00034224068977911637,N
2530377886,4,-0.00014910059156786337,N
2530377886,4,-0.00039382715285735115,N
2530377886,4,-7.647689813777836e-05,N
2850656190,4,-0.0006404199573498137,C
2850656190,4,0.0007869400445826846,C
2850656190,4,-0.0005463096615795915,C
2850656190,4,0.0003736456989031356,C
2850656190,4,-0.0012257205354564427,C
1376881293,4,3.7842907734120246e-06,C
1376881293,4,-8.857139596585295e-06,C
1376881293,4,9.37814762674849e-06,C
1376881293,4,1.4222963298449187e-05,C
1376881293,4,-1.5044677639075577e-05,C
1214060489,4,0.0,C
1214060489,4,0.0,C
1214060489,4,0.0,C
1214060489,4,0.0,C
1214060489,4,0.0,C
4203454020,4,0.00046832521678652483,C
4203454020,4,0.00010666930217340109,C
4203454020,4,3.3417480831965385e-05,C
4203454020,4,-0.0003102288692764521,C
4203454020,4,-9.921315458960578e-05,C
3034212252,4,-9.940225051185969e-06,C
3034212252,4,-6.2797488082355635e-06,C
3034212252,4,8.873660274910655e-07,C
3034212252,4,-6.2797488082355635e-06,C
3034212252,4,-2.356055128993617e-06,C
3044751281,4,-0.0005271954567398485,N
3044751281,4,0.000463474744833936,N
3044751281,4,0.0003020377172002764,N
3044751281,4,-0.00017697431376539896,N
3044751281,4,-0.00046532896916423594,N
1292826808,4,-0.0001565253417583623,C
1292826808,4,-0.0006412441694171878,C
1292826808,4,-0.00030006627704426414,C
1292826808,4,-0.0003690454623176964,C
1292826808,4,0.0,C
950023157,4,0.0003436795538468429,C
950023157,4,0.0006234817733645759,C
950023157,4,0.0005699241714827719,C
950023157,4,0.0007637637961513954,C
950023157,4,0.000709204118510165,C
1187730664,4,0.0,C
1187730664,4,0.0,C
1187730664,4,0.0,C
1187730664,4,0.0,C
1187730664,4,0.0,C
4039837947,4,0.0,F
4039837947,4,0.0,F
4039837947,4,0.0,F
4039837947,4,0.0,F
4039837947,4,0.0,F
773607102,4,-9.65340585318275e-05,C
773607102,4,-8.265200183621424e-05,C
773607102,4,4.909093026267408e-05,C
773607102,4,-0.0001541240624781115,C
773607102,4,8.791936384616728e-05,C
2246997334,4,0.0033815661673495256,C
2246997334,4,-0.0007968829824669399,C
2246997334,4,-0.0010426080013285488,C
2246997334,4,-0.0007019399735253007,C
2246997334,4,-0.0008312610030756784,C
714711401,4,-0.0004308175750336596,C
714711401,4,-0.0005268497925224325,C
714711401,4,-0.0011466074425721673,C
714711401,4,-0.0007739279500725837,C
714711401,4,-0.0007085952987676558,C
1710869618,4,-0.001544460136506498,C
1710869618,4,-3.0118895588238104e-05,C
1710869618,4,-0.0007906008343314119,C
1710869618,4,-0.0007444555579840251,C
1710869618,4,-0.0012837230835046065,C
2549196227,4,0.0058949966420800415,C
2549196227,4,0.001648789061875544,C
2549196227,4,0.0005030010495852277,C
2549196227,4,0.0047868945343392255,C
2549196227,4,0.005181429776228319,C
2856245513,4,-0.00046078586154668644,C
2856245513,4,-0.0003163988284887731,C
2856245513,4,-0.00023450580508416197,C
2856245513,4,-0.00036150538844231805,C
2856245513,4,-0.0003163988284887731,C
1999077141,4,0.0004295846303853934,C
1999077141,4,0.0003460584938492217,C
1999077141,4,0.00015225620217201863,C
1999077141,4,0.00021178850425102036,C
1999077141,4,-3.935888745543181e-05,C
817588605,4,-0.0016092997254835706,C
817588605,4,-0.0008627912289222439,C
817588605,4,-0.0020400621231819183,C
817588605,4,-0.0019496186823391715,C
817588605,4,-0.0012795136542678165,C
3430642422,4,0.00025494092464878326,C
3430642422,4,-0.0001857590614535165,C
3430642422,4,0.0003378964973260734,C
3430642422,4,-0.00010327277871691187,C
3430642422,4,0.0006559586327943845,C
1528304983,4,0.00011145540061574533,N
1528304983,4,0.0001006348246948563,N
1528304983,4,0.00017005966382588333,N
1528304983,4,7.586341091453397e-05,N
1528304983,4,0.00015977664225591548,N
3873941611,4,0.00012612024452485215,C
3873941611,4,0.001717858235482539,C
3873941611,4,0.0005468760406721618,C
3873941611,4,0.00012612024452485215,C
3873941611,4,0.0004519015481073141,C
2687950697,4,-0.00035845236777609646,C
2687950697,4,0.0007633085579982213,C
2687950697,4,-0.0015976206271872129,C
2687950697,4,0.00011197276309377058,C
2687950697,4,-0.000471481454136613,C
109461427,4,0.0006101088512515673,C
109461427,4,0.0008834644328526431,C
109461427,4,0.0010080958188347089,C
109461427,4,0.000476840923507138,C
109461427,4,0.0007857605931404499,C
2950679810,4,2.4677006440709803e-05,O
2950679810,4,-0.00014518496962084848,O
2950679810,4,-9.140122936568407e-06,O
2950679810,4,8.912944383832055e-05,O
2950679810,4,0.0005397631133982617,O
2914536168,4,0.00017014120318598058,C
2914536168,4,-0.000783979160395798,C
2914536168,4,-0.00022665180187381173,C
2914536168,4,0.0003608919399917254,C
2914536168,4,6.25191975096584e-05,C
1530636652,4,-7.551685544682218e-05,C
1530636652,4,1.6712787450079425e-06,C
1530636652,4,-0.00019495868092872515,C
1530636652,4,-0.00015602527304514613,C
1530636652,4,-0.0001051437359665397,C
3043679972,4,0.0002767314998627368,C
3043679972,4,0.0003259825867759636,C
3043679972,4,0.0003259825867759636,C
3043679972,4,0.0002666529970900555,C
3043679972,4,0.0001730305054254977,C
2529809651,4,8.590825499232846e-05,C
2529809651,4,-8.796947372846642e-05,C
2529809651,4,0.00013659848619529402,C
2529809651,4,0.00012414713542602263,C
2529809651,4,-7.20441450740017e-05,C
1924383628,4,4.160368785482982e-05,C
1924383628,4,0.00011785825391630311,C
1924383628,4,5.2283154301724366e-05,C
1924383628,4,5.235622186866573e-05,C
1924383628,4,-5.052877821154489e-06,C
4003049590,4,-0.002424975529403184,C
4003049590,4,-0.0006574728695666887,C
4003049590,4,-0.0008907323504617759,C
4003049590,4,-0.0010684639519097372,C
4003049590,4,-0.0015492656449083708,C
1026654305,4,-0.0018434711375550639,S
1026654305,4,0.00017224907615764895,S
1026654305,4,-0.002112810111263075,S
1026654305,4,-0.0018305475251158554,S
1026654305,4,0.00091504401562853,S
1542631284,4,-0.0015718787294310976,O
1542631284,4,-0.0010345382080282906,O
1542631284,4,-0.00043249473749723544,O
1542631284,4,-0.00054543087485448,O
1542631284,4,-0.000879485275714964,O
1349670121,4,0.0,C
1349670121,4,0.0,C
1349670121,4,0.0,C
1349670121,4,0.0,C
1349670121,4,0.0,C
895118200,4,0.0,N
895118200,4,0.0,N
895118200,4,0.0,N
895118200,4,0.0,N
895118200,4,0.0,N
269171368,4,0.0,C
269171368,4,7.06767039587719e-05,C
269171368,4,-3.099912396603566e-05,C
269171368,4,0.0,C
269171368,4,-6.142193582836519e-05,C
1583930800,4,0.0005658927898740673,C
1583930800,4,-0.0007662913803094806,C
1583930800,4,-0.0008333417740130633,C
1583930800,4,0.00011441572071907435,C
1583930800,4,-0.0009132035898332114,C
738150152,4,0.0,O
738150152,4,0.0,O
738150152,4,0.0,O
738150152,4,0.0,O
738150152,4,0.0,O
1168541985,4,0.0,C
1168541985,4,0.0,C
1168541985,4,0.0,C
1168541985,4,0.0,C
1168541985,4,0.0,C
2747850234,4,0.0005347412119798833,C
2747850234,4,0.0013940594148573737,C
2747850234,4,0.0010023233537336806,C
2747850234,4,0.0018478564342824244,C
2747850234,4,0.0020054436396629294,C
3134313966,4,-0.0008745638646308618,O
3134313966,4,-0.00040570402473649736,O
3134313966,4,-0.00040739013467194773,O
3134313966,4,-0.0014163737642344243,O
3134313966,4,0.00035026126117326806,O
1503972698,4,0.00023712410755621915,C
1503972698,4,-0.0005740169145256879,C
1503972698,4,0.00023712410755621915,C
1503972698,4,0.0002984601540883536,C
1503972698,4,-0.0015002573247741013,C
892756502,4,0.0,C
892756502,4,0.0,C
892756502,4,0.0,C
892756502,4,0.0,C
892756502,4,0.0,C
3136829774,4,0.0,N
3136829774,4,0.0,N
3136829774,4,0.0,N
3136829774,4,0.0,N
3136829774,4,0.0,N
3143719699,4,0.00024119859734850202,C
3143719699,4,0.0010068108396891762,C
3143719699,4,0.0005212201995007382,C
3143719699,4,-0.0005275330142036627,C
3143719699,4,0.00042559962195243273,C
1360035982,4,0.0,N
1360035982,4,0.0,N
1360035982,4,0.0,N
1360035982,4,0.0,N
1360035982,4,0.0,N
908339072,4,0.0017987798664015897,C
908339072,4,0.0013218271470051834,C
908339072,4,0.0009752280749418807,C
908339072,4,0.00045604615312971886,C
908339072,4,0.0003088700117355181,C
974827889,4,0.0,C
974827889,4,2.8545740106133977e-06,C
974827889,4,3.5603352793400767e-05,C
974827889,4,0.0,C
974827889,4,2.8645566968577008e-05,C
1343371647,4,-0.0001998648537699932,N
1343371647,4,0.00021358436879348464,N
1343371647,4,-0.00017134741901786432,N
1343371647,4,-0.00010728553261352136,N
1343371647,4,0.00016492519006999773,N
2669055056,4,-2.5301951269651735e-05,N
2669055056,4,-3.248467497679597e-05,N
2669055056,4,0.0,N
2669055056,4,1.0396691146663528e-05,N
2669055056,4,-1.613249659998539e-05,N
2341585586,4,-0.00020112478871370243,N
2341585586,4,-0.00030504828412847296,N
2341585586,4,-4.699134067392974e-05,N
2341585586,4,-0.00020125767142731288,N
2341585586,4,-0.0002371355794553165,N
934540015,4,8.92364172885296e-05,C
934540015,4,0.0002819120017522603,C
934540015,4,0.00026782558237820053,C
934540015,4,0.0005608253018635212,C
934540015,4,0.00024472622159454893,C
3794207567,4,0.0004087766735521581,C
3794207567,4,0.002295954487456342,C
3794207567,4,0.0020958064567696555,C
3794207567,4,0.00012458926414565807,C
3794207567,4,0.001153421693403267,C
3278587996,4,-0.0002689411616569326,C
3278587996,4,-0.00026570364733213836,C
3278587996,4,-0.0002038235567314306,C
3278587996,4,-0.00024342135611027382,C
3278587996,4,3.925159698547898e-06,C
4223108416,4,-0.00042698082217434985,C
4223108416,4,-0.00014833050188539643,C
4223108416,4,-0.00035634977508652854,C
4223108416,4,-0.0004312175221878878,C
4223108416,4,-6.552865204062508e-05,C
1131570738,4,9.176148990153177e-06,N
1131570738,4,9.176148990153177e-06,N
1131570738,4,-3.7351788104766914e-05,N
1131570738,4,-0.00016574692828436044,N
1131570738,4,-0.0001250303608456571,N
2258843522,4,-0.0002746241057561827,C
2258843522,4,0.0006113960869491564,C
2258843522,4,0.0012278615429306972,C
2258843522,4,4.677519096535354e-05,C
2258843522,4,0.0005488975547239261,C
4257302536,4,-5.6520700775497534e-05,N
4257302536,4,-5.933847471217835e-06,N
4257302536,4,-0.0002634383722956435,N
4257302536,4,-0.00024362737259253642,N
4257302536,4,0.00023944343089671305,N
2840370843,4,0.0002053947239796794,C
2840370843,4,-0.0012001155037804079,C
2840370843,4,-0.0012866505720763866,C
2840370843,4,-0.0011891232892923265,C
2840370843,4,-0.00019717656144069284,C
1420730566,4,-8.413790294020673e-05,C
1420730566,4,-0.00014568538626108518,C
1420730566,4,-0.00011280947705960553,C
1420730566,4,-8.413790294020673e-05,C
1420730566,4,-7.962818888052059e-05,C
434045476,4,-9.186766587665485e-05,O
434045476,4,8.242485446263714e-05,O
434045476,4,0.0005348537970121248,O
434045476,4,0.001511520222828966,O
434045476,4,0.0001039233595084843,O
894436332,4,-7.836424654905638e-05,N
894436332,4,-4.5291464505547996e-05,N
894436332,4,-1.3501848938335392e-05,N
894436332,4,-7.573698869395296e-05,N
894436332,4,3.8597380005556126e-05,N
3117292559,4,-0.0010318574103548306,C
3117292559,4,-8.871898182583049e-05,C
3117292559,4,-0.0003286423813452233,C
3117292559,4,-0.0012089432374490228,C
3117292559,4,-0.0010318574103548306,C
1923187777,4,-1.455192505195324e-05,N
1923187777,4,0.00028617826063886964,N
1923187777,4,-8.400789367424277e-06,N
1923187777,4,5.331849607492778e-05,N
1923187777,4,5.2848505457114836e-05,N
2530048747,4,0.000981080243672161,N
2530048747,4,0.002390655176638612,N
2530048747,4,0.0014093878729481424,N
2530048747,4,0.001270859216795872,N
2530048747,4,0.0006138802047402914,N
622481563,4,0.0,C
622481563,4,0.0,C
622481563,4,0.0,C
622481563,4,0.0,C
622481563,4,0.0,C
1922070456,4,-0.0006758872622707468,C
1922070456,4,-0.0004437939653905154,C
1922070456,4,-0.0009499978619416094,C
1922070456,4,-0.0006758872622707468,C
1922070456,4,-0.0005787244173426354,C
3995043796,4,2.0450190026055637e-05,C
3995043796,4,-0.0001338715436100535,C
3995043796,4,0.00025220640026080154,C
3995043796,4,0.0005916290571491567,C
3995043796,4,-0.00021121509906685265,C
2065735937,4,-1.2108044997960477e-05,C
2065735937,4,-2.2546717522942128e-05,C
2065735937,4,-1.5609906796276718e-05,C
2065735937,4,-2.9010009208074727e-05,C
2065735937,4,-8.113664520636998e-06,C
3308295291,4,7.25418955561663e-05,C
3308295291,4,-8.30438683581125e-05,C
3308295291,4,-0.00018034287293727802,C
3308295291,4,-6.925998038664893e-05,C
3308295291,4,-4.621061102205726e-05,C
584893129,4,-0.0009056080992249083,C
584893129,4,-0.0006897881684891916,C
584893129,4,-0.0006539727798706152,C
584893129,4,-0.0005853192990609712,C
584893129,4,-0.0006252422658058476,C
413654173,4,0.0,C
413654173,4,0.0,C
413654173,4,0.0,C
413654173,4,0.0,C
413654173,4,0.0,C
68671624,4,5.083270690497965e-05,C
68671624,4,-6.304740076457094e-06,C
68671624,4,-6.304740076457094e-06,C
68671624,4,0.0,C
68671624,4,-6.304740076457094e-06,C
2488692798,4,0.0,C
2488692798,4,0.0,C
2488692798,4,0.0,C
2488692798,4,0.0,C
2488692798,4,0.0,C
3084241488,4,-3.958212398458283e-06,C
3084241488,4,0.00016760470626325796,C
3084241488,4,6.688525377746002e-05,C
3084241488,4,-6.243697787544633e-05,C
3084241488,4,0.0,C
4158944142,4,0.004372392298978789,C
4158944142,4,0.00220726619397682,C
4158944142,4,0.0009628265140957382,C
4158944142,4,0.0036639609355794134,C
4158944142,4,0.001873525265809195,C
1469940320,4,0.00014558942730924507,C
1469940320,4,-7.211545021451604e-05,C
1469940320,4,6.9670295771318e-05,C
1469940320,4,-2.9704617285741808e-05,C
1469940320,4,-5.815750454879476e-05,C
662511025,4,0.00010666930217340109,N
662511025,4,8.771424911724335e-05,N
662511025,4,0.0,N
662511025,4,5.097113917390539e-05,N
662511025,4,-0.00016733771551291632,N
2908279847,4,0.00023714356352411148,C
2908279847,4,0.00015578749319589136,C
2908279847,4,0.00010460979445953145,C
2908279847,4,0.00019997426681034325,C
2908279847,4,7.32150931456732e-05,C
68650007,4,-0.00016627670330487954,C
68650007,4,-0.0004570002500290937,C
68650007,4,-0.0004759881201001348,C
68650007,4,-0.00031333008934164575,C
68650007,4,-0.00020733235334569056,C
3337420400,4,-0.00022619285804748035,C
3337420400,4,-0.0001811878696866831,C
3337420400,4,0.000523657602975014,C
3337420400,4,-0.00023539220887758283,C
3337420400,4,1.52831434052092e-05,C
1979311206,4,-0.0005561043001546806,O
1979311206,4,-0.0007620543624573539,O
1979311206,4,-0.000648105962474943,O
1979311206,4,-0.0015340349164224554,O
1979311206,4,-0.0010706648154441556,O
2849741637,4,-0.0010571042517533158,C
2849741637,4,-0.0009454866272431972,C
2849741637,4,-0.0009627906644049666,C
2849741637,4,-0.0010182558326500835,C
2849741637,4,-0.0005033863441190056,C
1664608228,4,-7.584169922192352e-06,C
1664608228,4,-3.923693679241946e-06,C
1664608228,4,-1.2963709703772697e-05,C
1664608228,4,-3.923693679241946e-06,C
1664608228,4,-3.923693679241946e-06,C
1121298566,4,-0.0001467207386166014,C
1121298566,4,-0.0004377438031744618,C
1121298566,4,0.00024010254392875519,C
1121298566,4,-0.00017739901615404507,C
1121298566,4,9.534954133655349e-05,C
3531344838,4,0.0,
3531344838,4,0.0,
3531344838,4,0.0,
3531344838,4,0.0,
3531344838,4,0.0,
3273018953,4,-0.0002390782053249274,C
3273018953,4,-0.0006479044239273146,C
3273018953,4,-0.0004697076621738572,C
3273018953,4,-0.00066623122636289,C
3273018953,4,-0.0010432253072896192,C
2034850751,4,0.0,C
2034850751,4,0.0,C
2034850751,4,0.0,C
2034850751,4,0.0,C
2034850751,4,0.0,C
4104822550,4,-0.00042740394195295295,C
4104822550,4,-0.00010916089327739353,C
4104822550,4,9.599152949707479e-05,C
4104822550,4,-0.0005396803891610791,C
4104822550,4,-0.00010529058993541396,C
1704599822,4,0.00039725907471865884,C
1704599822,4,0.00015812009304161379,C
1704599822,4,7.689777064529002e-05,C
1704599822,4,0.00012215230731488225,C
1704599822,4,0.00017008575313021135,C
3019519651,4,-0.00072685793501992,C
3019519651,4,-0.0004437939653905154,C
3019519651,4,-0.0008343415204384863,C
3019519651,4,-0.0004437939653905154,C
3019519651,4,-0.00072685793501992,C
3781885420,4,1.966272792641721e-06,N
3781885420,4,5.565806563800901e-06,N
3781885420,4,2.656439401171884e-06,N
3781885420,4,5.091529630241176e-06,N
3781885420,4,9.015223309483122e-06,N
579898624,4,0.00011826553470267731,C
579898624,4,-6.963743231364061e-05,C
579898624,4,-9.934204959938242e-05,C
579898624,4,0.00040608088986798796,C
579898624,4,0.00033235186396246563,C
899522708,4,0.0,C
899522708,4,0.0,C
899522708,4,0.0,C
899522708,4,0.0,C
899522708,4,0.0,C
550081331,4,0.0006951918535274548,C
550081331,4,0.0007017359083568153,C
550081331,4,9.730293857901362e-05,C
550081331,4,0.0005539061543136659,C
550081331,4,0.001075244820631538,C
104363044,4,0.0,
104363044,4,0.0,
104363044,4,0.0,
104363044,4,0.0,
104363044,4,0.0,
2072239802,4,0.0005441984025705837,C
2072239802,4,-0.0007612891031600899,C
2072239802,4,-0.00029956380919426984,C
2072239802,4,0.000497689968563586,C
2072239802,4,-0.0004906637733598229,C
3394178578,4,0.00034133190899593435,C
3394178578,4,-0.0003965356719056734,C
3394178578,4,-0.0018952913812850802,C
3394178578,4,-0.0022871823464965524,C
3394178578,4,-0.0022078611452549524,C
2013664411,4,-3.095988741652622e-06,C
2013664411,4,0.0,C
2013664411,4,-3.095988741652622e-06,C
2013664411,4,-1.593816840728124e-06,C
2013664411,4,-3.095988741652622e-06,C
3346582092,4,-0.0004063138151168544,N
3346582092,4,0.00016401381289959938,N
3346582092,4,0.0008391333333941375,N
3346582092,4,-0.0003059990589505679,N
3346582092,4,-0.00020978322117509718,N
4291484675,4,0.00016910923764135166,N
4291484675,4,0.00019230778062934162,N
4291484675,4,0.00013468792332221868,N
4291484675,4,0.00019230778062934162,N
4291484675,4,0.00019230778062934162,N
3275683399,4,-2.0358342089910053e-05,N
3275683399,4,0.00020672922310116526,N
3275683399,4,-0.00010604001982666977,N
3275683399,4,0.0003476055880078932,N
3275683399,4,0.00013947029863259353,N
2775257855,4,0.00027700590817753,C
2775257855,4,7.709472800543349e-06,C
2775257855,4,0.00044249071618424063,C
2775257855,4,5.991618262729537e-05,C
2775257855,4,5.991618262729537e-05,C
2810421479,4,-0.000646138270302965,O
2810421479,4,-0.0005602047665743681,O
2810421479,4,-0.0005583949971522117,O
2810421479,4,-0.0004410357606928206,O
2810421479,4,-0.0005651345541420882,O
2662374534,4,0.0,C
2662374534,4,0.0,C
2662374534,4,0.0,C
2662374534,4,0.0,C
2662374534,4,0.0,C
3461773897,4,9.821305039042771e-05,N
3461773897,4,6.049985178846473e-05,N
3461773897,4,7.255871508238254e-05,N
3461773897,4,0.00024312792008407413,N
3461773897,4,-5.375275619756703e-05,N
344019891,4,1.672540234431974e-05,N
344019891,4,1.672540234431974e-05,N
344019891,4,1.672540234431974e-05,N
344019891,4,0.0,N
344019891,4,1.672540234431974e-05,N
3402570011,4,0.0,C
3402570011,4,0.0,C
3402570011,4,0.0,C
3402570011,4,0.0,C
3402570011,4,0.0,C
1199016914,4,0.0004729816870344683,C
1199016914,4,0.00017601815516499197,C
1199016914,4,0.00012122221096549923,C
1199016914,4,-6.653982261789482e-05,C
1199016914,4,0.00018093473130909032,C
1714595447,4,9.485337164771845e-06,C
1714595447,4,-5.297515977442657e-06,C
1714595447,4,2.235208763612384e-05,C
1714595447,4,9.485337164771845e-06,C
1714595447,4,0.0,C
871396902,4,-0.00055608481785141,C
871396902,4,-0.0006128105815288998,C
871396902,4,-0.0007331706449456021,C
871396902,4,-0.00026399129233167784,C
871396902,4,-6.208319501088688e-05,C
2845936339,4,0.0,C
2845936339,4,0.0,C
2845936339,4,0.0,C
2845936339,4,0.0,C
2845936339,4,0.0,C
3880022399,4,0.0,C
3880022399,4,0.0,C
3880022399,4,0.0,C
3880022399,4,0.0,C
3880022399,4,0.0,C
410310586,4,0.0,C
410310586,4,1.0396691146663528e-05,C
410310586,4,0.0,C
410310586,4,2.245174225073976e-05,C
410310586,4,1.0396691146663528e-05,C
2612409031,4,0.0,C
2612409031,4,0.0,C
2612409031,4,0.0,C
2612409031,4,0.0,C
2612409031,4,0.0,C
2375987095,4,-0.00040974746060817857,C
2375987095,4,0.00039636399382059206,C
2375987095,4,0.0002542453519267518,C
2375987095,4,0.0003217568093222267,C
2375987095,4,9.830431710866616e-05,C
1294138518,4,-0.00039714107898047857,S
1294138518,4,5.932958968590807e-05,S
1294138518,4,-0.00043819176955667283,S
1294138518,4,-0.0007839758192152435,S
1294138518,4,-0.0004948489285029889,S
293971392,4,0.0,N
293971392,4,0.0,N
293971392,4,0.0,N
293971392,4,0.0,N
293971392,4,0.0,N
4036774035,4,0.0007858697391983638,C
4036774035,4,0.0009627339332630158,C
4036774035,4,0.001345704322356922,C
4036774035,4,0.0010536168031921034,C
4036774035,4,-0.0004172386675808104,C
1010142783,4,-0.00029705671881036233,O
1010142783,4,-5.490000544244866e-05,O
1010142783,4,0.0007972256332461902,O
1010142783,4,-0.0001737059448454481,O
1010142783,4,0.00043540420151333414,O
3120364749,4,0.0002666529970900555,N
3120364749,4,0.0002666529970900555,N
3120364749,4,0.0002666529970900555,N
3120364749,4,6.037772303529865e-05,N
3120364749,4,0.0002463824975224016,N
3662562115,4,0.00046338036222698387,C
3662562115,4,0.00034593533246041197,C
3662562115,4,0.0004599276737174418,C
3662562115,4,0.00020750585782014497,C
3662562115,4,3.7535577786185215e-05,C
3921298496,4,3.802824262838511e-05,C
3921298496,4,3.454055840818038e-05,C
3921298496,4,1.4764801010369588e-05,C
3921298496,4,2.4248898350398562e-06,C
3921298496,4,5.279463845597743e-06,C
737501821,4,0.0005673324774096988,C
737501821,4,0.0001133974614723754,C
737501821,4,-0.00023834004069478443,C
737501821,4,-0.0009536128411468114,C
737501821,4,-0.00020039915926650664,C
2024004397,4,-0.00016972363989142814,N
2024004397,4,9.021239305467832e-05,N
2024004397,4,8.075832787396431e-05,N
2024004397,4,8.51219033444206e-05,N
2024004397,4,0.0001359779342284262,N
751208592,4,0.0002467097181895195,C
751208592,4,0.00025169951061854157,C
751208592,4,-1.4722006239920038e-05,C
751208592,4,8.63058771554126e-05,C
751208592,4,0.00028882352590758886,C
3953445033,4,-7.182723707144234e-06,S
3953445033,4,0.0,S
3953445033,4,0.0,S
3953445033,4,2.8545740106133977e-06,S
3953445033,4,0.0,S
497870099,4,0.0001833209789446344,C
497870099,4,4.095695619776851e-05,C
497870099,4,-0.00010570602320125744,C
497870099,4,0.00023304140187813127,C
497870099,4,8.501207057959315e-05,C
3417531975,4,-0.00014945064853977286,C
3417531975,4,-4.780357013278724e-05,C
3417531975,4,-0.00014107956304759695,C
3417531975,4,-0.0003951660134861035,C
3417531975,4,-1.1428075219477307e-05,C
1044405971,4,-0.0002744164064522603,C
1044405971,4,4.0495394740880375e-05,C
1044405971,4,-0.002042579278151324,C
1044405971,4,-0.0012453219981106156,C
1044405971,4,-0.0016829001612181926,C
2394338241,4,0.0011261981840853807,C
2394338241,4,0.0007474810004495236,C
2394338241,4,-0.00016671222311664957,C
2394338241,4,0.0007592900919927148,C
2394338241,4,0.0004290996825357385,C
1271691605,4,-0.0004298245201513895,S
1271691605,4,-0.00010252909022745449,S
1271691605,4,0.0023582329396555912,S
1271691605,4,0.0014399270045682422,S
1271691605,4,0.0005303533405283112,S
3643491447,4,0.00036564578496067757,C
3643491447,4,-0.00011194414790088869,C
3643491447,4,2.1665741658072335e-05,C
3643491447,4,-0.00012113748179654049,C
3643491447,4,0.00032643805468313136,C
21411075,4,-9.04001602453075e-06,C
21411075,4,-1.0633832865258874e-05,C
21411075,4,-1.0633832865258874e-05,C
21411075,4,-9.04001602453075e-06,C
21411075,4,-9.04001602453075e-06,C
413381818,4,0.0,C
413381818,4,0.0,C
413381818,4,0.0,C
413381818,4,0.0,C
413381818,4,0.0,C
3082607741,4,-0.0008146295643345902,C
3082607741,4,-0.0007819819394490057,C
3082607741,4,-0.00038520895996219107,C
3082607741,4,0.00016780489511453167,C
3082607741,4,-0.0006245725980736916,C
4216649732,4,0.0013712995338381329,S
4216649732,4,0.0006479849690007589,S
4216649732,4,0.0013485500163945563,S
4216649732,4,0.00097475006624137,S
4216649732,4,0.0007584001999251799,S
371876130,4,0.0001461904590917551,C
371876130,4,6.287567286666906e-05,C
371876130,4,3.594564911252318e-05,C
371876130,4,0.0001232752976115803,C
371876130,4,0.0001049663877016882,C
1978844073,4,0.0012353940158083554,O
1978844073,4,0.0009113493640276471,O
1978844073,4,0.0013876177753955332,O
1978844073,4,0.001146745447888009,O
1978844073,4,0.0006996570571655147,O
1671692019,4,-0.00031942665562934014,C
1671692019,4,-0.00012762139102384662,C
1671692019,4,2.9768388021822467e-06,C
1671692019,4,-0.0002746829901593695,C
1671692019,4,-0.00015627158925130002,C
2070976245,4,0.0010901663974665632,C
2070976245,4,0.0013810969043170918,C
2070976245,4,0.0016741630224048065,C
2070976245,4,0.001377280721076568,C
2070976245,4,0.0020355752567247087,C
845764036,4,-3.708124711643279e-05,C
845764036,4,-0.00016398979067555608,C
845764036,4,-0.00015324882673511953,C
845764036,4,-0.00017766668364860294,C
845764036,4,-0.00017387741395774592,C
2559453089,4,0.0015956086844450823,C
2559453089,4,0.0018653055290041576,C
2559453089,4,0.002305890928349319,C
2559453089,4,0.0017726321576838622,C
2559453089,4,0.0009806011134431136,C
3286377484,4,0.00039691691544874175,C
3286377484,4,0.0001922917337062735,C
3286377484,4,0.00024367715557821468,C
3286377484,4,0.0001922917337062735,C
3286377484,4,8.088899960551066e-05,C
2200148275,4,-4.309232955157505e-05,N
2200148275,4,-3.183117602079122e-05,N
2200148275,4,-4.160835397781781e-06,N
2200148275,4,-2.4242425345488705e-05,N
2200148275,4,-1.2963709703772697e-05,N
1962383056,4,-0.000294850752605047,N
1962383056,4,1.72525556713099e-05,N
1962383056,4,-0.00012409314374739466,N
1962383056,4,0.00021501149178781986,N
1962383056,4,-5.055260817249385e-05,N
3012778962,4,0.00020165383876347143,N
3012778962,4,-0.0002663256150180482,N
3012778962,4,0.00025762655120942224,N
3012778962,4,0.00014090484339446263,N
3012778962,4,-0.0005182604236962929,N
1620258790,4,0.00014313128337828385,N
1620258790,4,1.3421474957753254e-05,N
1620258790,4,0.00013311481760103216,N
1620258790,4,0.00017178377499210695,N
1620258790,4,0.00024530624485957775,N
3372254436,4,0.0002040698190002299,O
3372254436,4,0.00030181813493551646,O
3372254436,4,8.041343492570796e-05,O
3372254436,4,-3.7351788104766914e-05,O
3372254436,4,-0.0005322731521207325,O
330223697,4,0.0004062337106738867,C
330223697,4,0.00145108597422966,C
330223697,4,0.0009716524106427871,C
330223697,4,2.4421453497791568e-06,C
330223697,4,3.0365066665150042e-05,C
1208423463,4,0.0002461713779575714,C
1208423463,4,-0.0010457839286990844,C
1208423463,4,-0.00032505795944720584,C
1208423463,4,1.0776963157488328e-05,C
1208423463,4,-0.0005596405125778969,C
141882433,4,7.361170058084454e-05,C
141882433,4,-4.2773568907361614e-05,C
141882433,4,-2.1519111947698732e-05,C
141882433,4,8.721805200839761e-07,C
141882433,4,6.599762492182082e-05,C
3727977332,4,0.00020918705928230086,N
3727977332,4,0.00015416986022548373,N
3727977332,4,0.00018957138433561838,N
3727977332,4,0.00041910978911186003,N
3727977332,4,-0.00017122543349989972,N
535847852,4,-0.0001567078426386037,C
535847852,4,-9.627364995606902e-05,C
535847852,4,-6.594129135217841e-05,C
535847852,4,-8.689224200109091e-05,C
535847852,4,-5.311401205987387e-05,C
422165373,4,-0.0006882626647702894,C
422165373,4,-0.00038157567768332123,C
422165373,4,-0.000751466518454369,C
422165373,4,-0.0005163087155317103,C
422165373,4,-0.0005035546340181885,C
176403689,4,-8.398813271359717e-06,C
176403689,4,-1.3148735594215033e-05,C
176403689,4,-5.96601188712631e-06,C
176403689,4,-5.96601188712631e-06,C
176403689,4,-5.5287901258860295e-06,C
1735672143,4,0.0,C
1735672143,4,0.0,C
1735672143,4,0.0,C
1735672143,4,0.0,C
1735672143,4,0.0,C
1266193593,4,0.0010748339496641224,C
1266193593,4,-0.0006481184609458679,C
1266193593,4,0.00015155475158995513,C
1266193593,4,0.0010810669183634047,C
1266193593,4,-0.00114525157720069,C
29410177,4,3.3091075101909784e-05,N
29410177,4,3.8361427445898766e-05,N
29410177,4,1.8450453123819432e-05,N
29410177,4,1.8450453123819432e-05,N
29410177,4,3.8361427445898766e-05,N
808416955,4,-0.00030243870315888044,S
808416955,4,-0.00011003878945398116,S
808416955,4,0.00012170702257396915,S
808416955,4,-0.00022088597999142534,S
808416955,4,0.00010674016452322244,S
1949014205,4,0.0,
1949014205,4,0.0,
1949014205,4,0.0,
1949014205,4,0.0,
1949014205,4,0.0,
3431706413,4,0.0,C
3431706413,4,0.0,C
3431706413,4,0.0,C
3431706413,4,0.0,C
3431706413,4,0.0,C
150310,4,0.0,C
150310,4,0.0,C
150310,4,0.0,C
150310,4,0.0,C
150310,4,0.0,C
465304290,4,0.0,C
465304290,4,0.0,C
465304290,4,0.0,C
465304290,4,0.0,C
465304290,4,0.0,C
3093061208,4,-0.0008269385204580648,C
3093061208,4,-0.0008498928299013886,C
3093061208,4,-0.000339260797926344,C
3093061208,4,0.0002456399883687954,C
3093061208,4,0.00038765910025051475,C
3012865236,4,0.0010424252898493247,N
3012865236,4,0.0001866417370827711,N
3012865236,4,-2.9125754956560446e-05,N
3012865236,4,0.0007140680460615556,N
3012865236,4,0.0017755217355001074,N
792968423,4,0.000598312602835549,C
792968423,4,0.0005145172634555273,C
792968423,4,0.00012434713813608278,C
792968423,4,-0.0007869092958384671,C
792968423,4,3.5179053833933605e-05,C
170727310,4,0.0,C
170727310,4,0.0,C
170727310,4,0.0,C
170727310,4,0.0,C
170727310,4,0.0,C
2459558207,4,0.00031290438300307644,C
2459558207,4,0.0012111688242824603,C
2459558207,4,-0.0002798354017620186,C
2459558207,4,0.0009446705661344534,C
2459558207,4,2.7426204692926337e-05,C
1323888424,4,0.00010321409552366267,N
1323888424,4,-6.545385423994965e-06,N
1323888424,4,5.239255009870103e-05,N
1323888424,4,-2.850685878125203e-05,N
1323888424,4,8.414037525256157e-05,N
2975116251,4,1.4574401076661303e-05,N
2975116251,4,7.414777672187789e-06,N
2975116251,4,2.1722800751744487e-05,N
2975116251,4,1.652711880117952e-05,N
2975116251,4,1.2614757080642303e-05,N
1819912581,4,0.0009046298512377926,C
1819912581,4,0.001187063935400523,C
1819912581,4,0.0007656122423406742,C
1819912581,4,0.0009046298512377926,C
1819912581,4,0.001187063935400523,C
335878828,4,0.0,C
335878828,4,0.0,C
335878828,4,0.0,C
335878828,4,0.0,C
335878828,4,0.0,C
3975295864,4,0.0021577945802571663,C
3975295864,4,-0.0008673742567032461,C
3975295864,4,-0.0016249459247213438,C
3975295864,4,0.0001779804141848751,C
3975295864,4,0.0004016029176777125,C
239116674,4,0.00039954096374617,C
239116674,4,-0.0009380458539070546,C
239116674,4,-2.2437236676442485e-05,C
239116674,4,0.0004232777214149275,C
239116674,4,-0.0008536730523377445,C
3538861869,4,-7.883625566990071e-05,C
3538861869,4,0.0,C
3538861869,4,5.7174145133565e-05,C
3538861869,4,6.719061091081668e-05,C
3538861869,4,-3.6674395443914154e-05,C
934550081,4,0.0004593460073535338,N
934550081,4,0.00010468446687367239,N
934550081,4,0.0004022709059303131,N
934550081,4,0.00020510440398707752,N
934550081,4,0.000481991242505142,N
3316027208,4,-2.870023145473688e-06,C
3316027208,4,-2.870023145473688e-06,C
3316027208,4,-2.870023145473688e-06,C
3316027208,4,-2.870023145473688e-06,C
3316027208,4,-1.316634891890267e-06,C
2865977551,4,0.0014550095242319427,S
2865977551,4,0.0011374477972151409,S
2865977551,4,0.0014892855851148523,S
2865977551,4,0.0009795998607344258,S
2865977551,4,-7.565745396570511e-05,S
3183067622,4,7.175914119117444e-05,O
3183067622,4,0.00014889469432372016,O
3183067622,4,-0.0002318588780247932,O
3183067622,4,2.945573107215882e-05,O
3183067622,4,-0.0001092083382093767,O
564293713,4,0.0,
564293713,4,0.0,
564293713,4,0.0,
564293713,4,0.0,
564293713,4,0.0,
1428903162,4,0.0039096193825600145,C
1428903162,4,0.0021743067504217395,C
1428903162,4,0.0028741748009546986,C
1428903162,4,0.0008154365602171532,C
1428903162,4,0.0027978150987240658,C
1467524174,4,0.0,C
1467524174,4,0.0,C
1467524174,4,0.0,C
1467524174,4,0.0,C
1467524174,4,0.0,C
651269745,4,0.0,C
651269745,4,0.0,C
651269745,4,0.0,C
651269745,4,0.0,C
651269745,4,0.0,C
3268335377,4,0.0022927920101502575,N
3268335377,4,0.0011497897194408524,N
3268335377,4,-0.00041787567661699665,N
3268335377,4,-0.0009737908071189572,N
3268335377,4,0.0012197214691284097,N
1280488931,4,3.912361720481705e-06,N
1280488931,4,3.912361720481705e-06,N
1280488931,4,0.0,N
1280488931,4,3.912361720481705e-06,N
1280488931,4,3.912361720481705e-06,N
2098262959,4,0.00029206992448926883,C
2098262959,4,0.0004658305406481378,C
2098262959,4,0.0006395769389344053,C
2098262959,4,0.0001020683324621241,C
2098262959,4,0.00047562634695458295,C
2485994647,4,5.4551336761687885e-06,N
2485994647,4,5.4551336761687885e-06,N
2485994647,4,9.367495396706005e-06,N
2485994647,4,9.367495396706005e-06,N
2485994647,4,1.1716059094446507e-05,N
3088984962,4,0.0,C
3088984962,4,0.0,C
3088984962,4,0.0,C
3088984962,4,0.0,C
3088984962,4,0.0,C
3042542132,4,0.000954650278065905,N
3042542132,4,0.0013667829570980783,N
3042542132,4,0.00032563356817083555,N
3042542132,4,0.0011512184107120293,N
3042542132,4,0.0020579996012377033,N
373109870,4,0.0,C
373109870,4,0.0,C
373109870,4,0.0,C
373109870,4,0.0,C
373109870,4,0.0,C
2677752761,4,2.6467563955190343e-05,C
2677752761,4,-6.304740076457094e-06,C
2677752761,4,1.6070872808526815e-05,C
2677752761,4,1.6070872808526815e-05,C
2677752761,4,-6.304740076457094e-06,C
3807907321,4,0.0,O
3807907321,4,0.0,O
3807907321,4,0.0,O
3807907321,4,0.0,O
3807907321,4,0.0,O
2587571567,4,-2.356055128993617e-06,C
2587571567,4,0.0,C
2587571567,4,4.811059706733012e-06,C
2587571567,4,-2.356055128993617e-06,C
2587571567,4,-2.356055128993617e-06,C
3701504231,4,-0.00015613596712737987,N
3701504231,4,-9.489595411532603e-05,N
3701504231,4,-0.00015463379522645537,N
3701504231,4,-9.489595411532603e-05,N
3701504231,4,-0.00010990279611733378,N
369315086,4,-0.0010343010214517445,C
369315086,4,0.0005632581268530945,C
369315086,4,0.0010401376353093017,C
369315086,4,0.0006731704023043572,C
369315086,4,4.0524622630710994e-05,C
1965692378,4,-2.356055128993617e-06,N
1965692378,4,-2.356055128993617e-06,N
1965692378,4,2.3861698716931556e-06,N
1965692378,4,-2.356055128993617e-06,N
1965692378,4,-2.356055128993617e-06,N
1633777018,4,-0.0014001726775197954,C
1633777018,4,-0.00047565753548933776,C
1633777018,4,-0.0009420790963578507,C
1633777018,4,-0.0008459235115385044,C
1633777018,4,-0.002106772325000006,C
3757038672,4,-0.00012181259113047682,C
3757038672,4,0.0008092619256686584,C
3757038672,4,0.0007489247371043617,C
3757038672,4,0.0009888307519061446,C
3757038672,4,-8.27155596694884e-05,C
2677858541,4,-0.00016631680247258807,C
2677858541,4,-0.0005312362355776035,C
2677858541,4,-0.00018971009394463945,C
2677858541,4,-0.0008259897094823332,C
2677858541,4,0.0006322518558248835,C
1446204275,4,-0.00034495255859340324,C
1446204275,4,-0.00035741186988147433,C
1446204275,4,-0.00037712006371870554,C
1446204275,4,3.05786797571983e-06,C
1446204275,4,-0.00043553964613007867,C
3589407776,4,0.0,
3589407776,4,0.0,
3589407776,4,0.0,
3589407776,4,0.0,
3589407776,4,0.0,
3083149185,4,0.0007126224502373435,C
3083149185,4,0.00021164531070316794,C
3083149185,4,0.00020715691916856072,C
3083149185,4,0.00017904599918522335,C
3083149185,4,0.0006713957913281887,C
337875000,4,0.0005322916737577899,C
337875000,4,0.0009710991151487547,C
337875000,4,0.0004046556718700356,C
337875000,4,0.001084568124291474,C
337875000,4,-0.0003112687877169229,C
3887884923,4,-6.624246327202599e-05,C
3887884923,4,-2.6668985623534702e-05,C
3887884923,4,-4.347279571653706e-05,C
3887884923,4,-4.347279571653706e-05,C
3887884923,4,-3.539598052398896e-05,C
4256629345,4,-0.0004979105253494209,C
4256629345,4,-9.905925510100833e-05,C
4256629345,4,-0.00026445437121053184,C
4256629345,4,-0.0004846172537565918,C
4256629345,4,3.838649074988654e-05,C
662595032,4,-5.755747507718567e-06,N
662595032,4,-3.923693679241946e-06,N
662595032,4,0.0,N
662595032,4,7.159623404473514e-06,N
662595032,4,-1.958377775890252e-06,N
3777243454,4,-0.0007692988987232363,C
3777243454,4,0.00012329097459856664,C
3777243454,4,-0.00027949898978851806,C
3777243454,4,-0.0004922556161287561,C
3777243454,4,-0.001131383601961966,C
982949046,4,0.00010195712151050973,C
982949046,4,-0.00014131948175921671,C
982949046,4,9.417132603550815e-06,C
982949046,4,0.00015849961966801773,C
982949046,4,0.0005349699919890982,C
267757375,4,0.00011929641763458454,C
267757375,4,8.369306484118377e-05,C
267757375,4,8.654763885179717e-05,C
267757375,4,7.98671749098756e-05,C
267757375,4,0.00011929641763458454,C
2157595070,4,0.0006380659933596378,C
2157595070,4,0.001017563006978417,C
2157595070,4,9.484061952985678e-05,C
2157595070,4,0.0003953234815572415,C
2157595070,4,5.615408118447851e-05,C
895910141,4,0.00029884119814155286,C
895910141,4,0.0002686430384514771,C
895910141,4,-0.00017822754168461685,C
895910141,4,0.0002180089620003045,C
895910141,4,0.00013312256541547773,C
3182041044,4,-6.363904080419758e-05,C
3182041044,4,-0.00022226359592636413,C
3182041044,4,3.1496661262175873e-05,C
3182041044,4,-3.157275951604088e-05,C
3182041044,4,-5.959730643700922e-05,C
4105666400,4,-0.0007080780178053137,C
4105666400,4,0.00012094019459996108,C
4105666400,4,0.000789398639150285,C
4105666400,4,0.0008603122994350065,C
4105666400,4,0.0008564011364618485,C
1891839201,4,0.000312236913984576,C
1891839201,4,-0.0011414092117216779,C
1891839201,4,0.0001947965020681064,C
1891839201,4,0.0006801810938080188,C
1891839201,4,-0.00026285532392372746,C
2584230118,4,-0.00040363263728293575,C
2584230118,4,-0.0002394286638187082,C
2584230118,4,-0.00040363263728293575,C
2584230118,4,-0.0002394286638187082,C
2584230118,4,-0.00046256859074034207,C
3696402029,4,0.0004078614640839473,C
3696402029,4,0.0007508936987437043,C
3696402029,4,0.0008826275379159032,C
3696402029,4,0.0007542630716913523,C
3696402029,4,0.00016415412588932643,C
1263988625,4,7.920467330657655e-05,C
1263988625,4,0.0,C
1263988625,4,0.00011789259535316399,C
1263988625,4,0.00011111442783073855,C
1263988625,4,7.920467330657655e-05,C
829754261,4,0.0,C
829754261,4,0.0008035050048637582,C
829754261,4,0.0,C
829754261,4,0.0007235653247804064,C
829754261,4,0.00016748152028400742,C
2841547777,4,0.0,C
2841547777,4,0.0,C
2841547777,4,0.0,C
2841547777,4,0.0,C
2841547777,4,0.0,C
3059129780,4,0.00087063807286758,C
3059129780,4,0.0010415240075464793,C
3059129780,4,0.00041203484007917845,C
3059129780,4,0.0020844429807824194,C
3059129780,4,0.0003069365962414805,C
3650394863,4,2.2548887176399024e-05,C
3650394863,4,-6.2002008094586e-05,C
3650394863,4,-3.565755813489391e-05,C
3650394863,4,-5.7635121600396744e-05,C
3650394863,4,-6.591967836733215e-05,C
3288032115,4,0.0,C
3288032115,4,0.0,C
3288032115,4,0.0,C
3288032115,4,0.0,C
3288032115,4,0.0,C
1308598964,4,0.0005499633115527702,C
1308598964,4,-0.0002147323295406678,C
1308598964,4,-0.00039937408751705705,C
1308598964,4,-0.00019032395664414503,C
1308598964,4,-0.00021690686219694166,C
4081192417,4,-4.198151234480196e-06,C
4081192417,4,-0.00019494827742427834,C
4081192417,4,2.0555901503738205e-06,C
4081192417,4,-2.0623606976133413e-05,C
4081192417,4,2.8545740106133977e-06,C
2085926208,4,0.0,C
2085926208,4,0.0,C
2085926208,4,0.0,C
2085926208,4,0.0,C
2085926208,4,0.0,C
1852134816,4,1.205505110402072e-05,C
1852134816,4,3.3032603213190015e-05,C
1852134816,4,1.205505110402072e-05,C
1852134816,4,2.8544211678527276e-05,C
1852134816,4,-3.8173425178922304e-05,C
3628883864,4,0.0003078794160138454,C
3628883864,4,2.0578259960990497e-05,C
3628883864,4,0.0002723108264661711,C
3628883864,4,0.000289557790427053,C
3628883864,4,-5.750465298337559e-05,C
1228815484,4,-9.90296520902989e-06,C
1228815484,4,-4.9957799015565296e-05,C
1228815484,4,-3.2340201885472375e-05,C
1228815484,4,-2.089778393227215e-05,C
1228815484,4,-3.7472953605344195e-05,C
2863170677,4,-4.154508507636656e-05,C
2863170677,4,-6.088141850335571e-05,C
2863170677,4,6.537025325015211e-05,C
2863170677,4,1.8233645378007424e-06,C
2863170677,4,-4.210559061346153e-05,C
2126281302,4,0.0,C
2126281302,4,0.0,C
2126281302,4,0.0,C
2126281302,4,0.0,C
2126281302,4,0.0,C
3768390624,4,-0.0013863456714596212,C
3768390624,4,-0.0008451966297710056,C
3768390624,4,-0.001710666924398474,C
3768390624,4,-0.0017201045435846773,C
3768390624,4,-0.001431391359134837,C
2150151661,4,6.105412267953803e-05,C
2150151661,4,-2.0323578078462745e-05,C
2150151661,4,-2.2296812392741394e-05,C
2150151661,4,-1.583393562887281e-05,C
2150151661,4,5.203246836937847e-05,C
881868678,4,6.909006926458794e-06,C
881868678,4,1.0396691146663528e-05,C
881868678,4,3.0645764595216285e-05,C
881868678,4,0.0,C
881868678,4,6.909006926458794e-06,C
1796784588,4,0.0,C
1796784588,4,0.0,C
1796784588,4,0.0,C
1796784588,4,0.0,C
1796784588,4,0.0,C
3892941493,4,0.0008107490188738464,N
3892941493,4,0.0004822376857331334,N
3892941493,4,0.0005078242506779684,N
3892941493,4,0.0007284122897248668,N
3892941493,4,0.0003521055050286215,N
847307936,4,-0.0001904525522041789,C
847307936,4,-0.0006367793812490641,C
847307936,4,-0.0006457819777231921,C
847307936,4,-6.73529789313454e-05,C
847307936,4,-0.00015953961724762822,C
1514288082,4,0.0,N
1514288082,4,-6.4632916851325994e-06,N
1514288082,4,-2.2437236676442485e-05,N
1514288082,4,3.4389053218952803e-06,N
1514288082,4,0.0,N
287232915,4,-0.0010249578585620478,C
287232915,4,-0.0006731227046248289,C
287232915,4,-0.0008466883574268502,C
287232915,4,0.000250046054525388,C
287232915,4,-0.00021475111177798878,C
3292836937,4,0.0,
3292836937,4,0.0,
3292836937,4,0.0,
3292836937,4,0.0,
3292836937,4,0.0,
89961214,4,0.0,C
89961214,4,0.0,C
89961214,4,0.0,C
89961214,4,0.0,C
89961214,4,0.0,C
1147977085,4,0.0018442066634837273,C
1147977085,4,0.0022123458870446644,C
1147977085,4,0.0018442066634837273,C
1147977085,4,0.0022123458870446644,C
1147977085,4,0.0022123458870446644,C
636182019,4,-1.76253274642435e-05,C
636182019,4,-8.099469660532987e-05,C
636182019,4,0.0009475225885123284,C
636182019,4,0.00010513227721792306,C
636182019,4,0.0007067023369293768,C
799373156,4,0.00011201937912180826,C
799373156,4,7.420366443455784e-05,C
799373156,4,0.000248232744922916,C
799373156,4,0.00028602089950208187,C
799373156,4,0.00017141377977525352,C
636990493,4,0.0,C
636990493,4,0.0,C
636990493,4,0.0,C
636990493,4,0.0,C
636990493,4,0.0,C
1078276907,4,-0.0014258960291722578,C
1078276907,4,-0.0012006911628942851,C
1078276907,4,-0.0009236679989780283,C
1078276907,4,-0.0014584633079439135,C
1078276907,4,-0.0013571018666883594,C
1421345390,4,-0.0018633122073669628,C
1421345390,4,-0.0020288298633325264,C
1421345390,4,-0.0017601427799907587,C
1421345390,4,-0.0018338921167287414,C
1421345390,4,-0.002052414968325089,C
145374537,4,-6.266007154581699e-05,C
145374537,4,-0.00044972344872934444,C
145374537,4,-0.00018684678182723236,C
145374537,4,-0.0004742829564164386,C
145374537,4,6.803994585635742e-05,C
1256751600,4,0.0,C
1256751600,4,0.0,C
1256751600,4,0.0,C
1256751600,4,0.0,C
1256751600,4,0.0,C
30707086,4,0.0,C
30707086,4,0.0,C
30707086,4,0.0,C
30707086,4,0.0,C
30707086,4,0.0,C
454919045,4,-3.287590920147965e-05,N
454919045,4,0.0,N
454919045,4,-6.985984015495106e-06,N
454919045,4,-3.5018617983717526e-06,N
454919045,4,-1.0438672525037163e-05,N
96001975,4,-2.8744704192951165e-05,C
96001975,4,-4.158722169489426e-05,C
96001975,4,-1.9500857177889852e-05,C
96001975,4,-5.387802522882623e-05,C
96001975,4,-4.9817947374186655e-05,C
3632480728,4,0.0,C
3632480728,4,0.0,C
3632480728,4,0.0,C
3632480728,4,0.0,C
3632480728,4,0.0,C
2543587995,4,-2.86471459320925e-06,N
2543587995,4,-2.86471459320925e-06,N
2543587995,4,6.281214827597026e-06,N
2543587995,4,-2.86471459320925e-06,N
2543587995,4,-2.86471459320925e-06,N
2664622273,4,0.0005443929067264763,C
2664622273,4,0.0008181628313014278,C
2664622273,4,0.00022496295702173486,C
2664622273,4,0.0005447430777468232,C
2664622273,4,0.0005887562525794809,C
640282103,4,0.0,C
640282103,4,0.0,C
640282103,4,0.0,C
640282103,4,0.0,C
640282103,4,0.0,C
552722929,4,3.794166630705087e-05,C
552722929,4,3.794166630705087e-05,C
552722929,4,3.794166630705087e-05,C
552722929,4,0.0,C
552722929,4,-1.7998081681402933e-05,C
3304326854,4,-6.033624139067939e-05,C
3304326854,4,0.0,C
3304326854,4,-6.192599237209162e-05,C
3304326854,4,-6.033624139067939e-05,C
3304326854,4,-3.166466727128059e-05,C
932711668,4,0.0007291325649100289,N
932711668,4,0.0012041782206692608,N
932711668,4,0.00017776264350183313,N
932711668,4,-0.00018747211325753632,N
932711668,4,-0.0006687717266584681,N
932734850,4,0.00011471084861375269,N
932734850,4,-8.037124486492964e-05,N
932734850,4,9.054786786422131e-06,N
932734850,4,0.00018865146990360016,N
932734850,4,0.00017744533790819972,N
3198482033,4,0.0,C
3198482033,4,0.0,C
3198482033,4,0.0,C
3198482033,4,0.0,C
3198482033,4,0.0,C
2843970853,4,-0.0003199431089600524,C
2843970853,4,-6.691394458163691e-05,C
2843970853,4,-7.182983638248652e-05,C
2843970853,4,-0.00017012935191690337,C
2843970853,4,-7.182983638248652e-05,C
1167268241,4,-9.215999562756094e-05,C
1167268241,4,-0.0005578044490253675,C
1167268241,4,0.00028541434107470787,C
1167268241,4,0.00025309348696922473,C
1167268241,4,-0.0005384170563733637,C
1968143303,4,8.947558861482907e-05,C
1968143303,4,0.00019398413859172958,C
1968143303,4,5.451157423430608e-05,C
1968143303,4,0.0001508852640276226,C
1968143303,4,0.0001956119700494141,C
132611095,4,-0.000441628010370676,C
132611095,4,-0.001643936120132805,C
132611095,4,-0.001436553266284557,C
132611095,4,-0.000911989681766201,C
132611095,4,-0.00045057318115199196,C
1067305901,4,0.0,C
1067305901,4,0.0,C
1067305901,4,0.0,C
1067305901,4,0.0,C
1067305901,4,0.0,C
4232044298,4,0.0,C
4232044298,4,0.0,C
4232044298,4,0.0,C
4232044298,4,0.0,C
4232044298,4,0.0,C
3924990413,4,0.002233265904531989,C
3924990413,4,0.001958242780418007,C
3924990413,4,0.0026840356723730197,C
3924990413,4,0.002242236385985752,C
3924990413,4,0.001703571110276969,C
3163510888,4,0.00030340361480468703,C
3163510888,4,-0.00020717339577475125,C
3163510888,4,0.0002069437522982942,C
3163510888,4,0.00017249401184826763,C
3163510888,4,0.0003130181564149348,C
3370172965,4,0.0001293893001743096,C
3370172965,4,7.417031604189939e-05,C
3370172965,4,4.710063330115588e-05,C
3370172965,4,8.298445323645653e-05,C
3370172965,4,3.478562548192565e-05,C
1544255291,4,0.0,C
1544255291,4,0.0,C
1544255291,4,0.0,C
1544255291,4,0.0,C
1544255291,4,0.0,C
3961613636,4,0.0,C
3961613636,4,0.0,C
3961613636,4,0.0,C
3961613636,4,0.0,C
3961613636,4,0.0,C
50651170,4,0.0006579902396762205,C
50651170,4,0.000438792777671837,C
50651170,4,0.00029484547042579745,C
50651170,4,0.000308535336907112,C
50651170,4,0.00019633822573927873,C
3075896141,4,0.0003926319568197112,C
3075896141,4,-0.0012846365894667033,C
3075896141,4,0.0007030698617987441,C
3075896141,4,-0.0006406902291472005,C
3075896141,4,-0.0003618912088712567,C
172238518,4,0.00011789394260919295,C
172238518,4,0.0,C
172238518,4,-2.49746340409418e-05,C
172238518,4,0.00010660980810228704,C
172238518,4,6.037772303529865e-05,C
2136803473,4,-0.00023323478456094282,O
2136803473,4,-0.0003937347746676423,O
2136803473,4,0.0005972109771000267,O
2136803473,4,-0.0003501433220821082,O
2136803473,4,-0.00033546943624312986,O
1023209243,4,-0.00013180175401250604,N
1023209243,4,4.669731684114886e-06,N
1023209243,4,-7.559177208571466e-05,N
1023209243,4,-9.729409963549207e-05,N
1023209243,4,-6.133236385763574e-06,N
885408970,4,-0.00013525485997689657,O
885408970,4,1.1854613899409117e-05,O
885408970,4,-4.1684587013424146e-05,O
885408970,4,-2.1802271355397806e-05,O
885408970,4,-0.0001848685525148719,O
1213407188,4,6.956495232152138e-05,C
1213407188,4,6.956495232152138e-05,C
1213407188,4,0.0,C
1213407188,4,6.956495232152138e-05,C
1213407188,4,6.956495232152138e-05,C
4210054575,4,0.0004937260031909751,N
4210054575,4,0.001365035030560291,N
4210054575,4,0.0009615017930480474,N
4210054575,4,0.0011600365941736301,N
4210054575,4,0.001289136668778279,N
3871410344,4,-0.00024438030702456093,N
3871410344,4,-0.00018850462256286837,N
3871410344,4,0.0002916341254469157,N
3871410344,4,0.00015990399701742986,N
3871410344,4,-0.00023418716803258466,N
1184436594,4,-1.6606464354029793e-05,C
1184436594,4,-1.2153585207119733e-05,C
1184436594,4,4.36159100003497e-06,C
1184436594,4,-1.6606464354029793e-05,C
1184436594,4,-1.3743336188531963e-05,C
3431706412,4,0.0,C
3431706412,4,0.0,C
3431706412,4,0.0,C
3431706412,4,0.0,C
3431706412,4,0.0,C
2758632892,4,0.0,C
2758632892,4,0.00012757616271202865,C
2758632892,4,3.0356588728908118e-05,C
2758632892,4,0.0002010516801320139,C
2758632892,4,0.00016386589997435808,C
2131356872,4,-0.0001340923517063053,C
2131356872,4,-0.0004566306213414917,C
2131356872,4,-0.0006210519428310746,C
2131356872,4,-0.0016959253565788646,C
2131356872,4,0.0011892599789578573,C
3131896227,4,-0.0002263653099781604,C
3131896227,4,7.617780082058712e-05,C
3131896227,4,5.898735507658959e-06,C
3131896227,4,-0.00014812058797147865,C
3131896227,4,-0.0002444976834728996,C
2739425568,4,0.0006796953403124251,C
2739425568,4,-5.057360180588111e-05,C
2739425568,4,0.0006523149638705261,C
2739425568,4,0.00012245078885830818,C
2739425568,4,0.0009899225658077104,C
2917424199,4,5.163197833207844e-05,N
2917424199,4,-0.00027078549684123043,N
2917424199,4,0.0001055800363051751,N
2917424199,4,0.0001276164775917965,N
2917424199,4,0.00020555106682290658,N
740717125,4,-0.0001142982750457211,C
740717125,4,-0.0005264329371214016,C
740717125,4,-0.0004440599499725417,C
740717125,4,-0.00018627403494242412,C
740717125,4,-0.0003539927283554012,C
2604399148,4,-5.3266375918958886e-05,C
2604399148,4,-0.00011944082323489535,C
2604399148,4,-0.00027893883440971434,C
2604399148,4,0.00011781390869403108,C
2604399148,4,0.0006513132069546623,C
35816944,4,-0.0005574145712258227,C
35816944,4,-0.0012912486651337485,C
35816944,4,0.00022977726493983441,C
35816944,4,-0.0011842896711046769,C
35816944,4,-0.00037645782091200175,C
1623026378,4,0.0,C
1623026378,4,0.0,C
1623026378,4,0.0,C
1623026378,4,0.0,C
1623026378,4,0.0,C
1514095308,4,0.007029471225860562,C
1514095308,4,0.005031633455960083,C
1514095308,4,0.0027024152061418394,C
1514095308,4,0.004552093010224634,C
1514095308,4,0.0038124545297645307,C
1814116706,4,0.0025300744565232014,N
1814116706,4,0.0007361106309804466,N
1814116706,4,0.0040685928647880565,N
1814116706,4,0.0022798120706944425,N
1814116706,4,0.003021908844973331,N
3229069614,4,-0.00031098461509815323,N
3229069614,4,-5.163935063223768e-05,N
3229069614,4,-0.00020390694103283868,N
3229069614,4,-4.577167810776439e-05,N
3229069614,4,-0.00030371071535995053,N
269963113,4,0.0,
269963113,4,0.0,
269963113,4,0.0,
269963113,4,0.0,
269963113,4,0.0,
3375441982,4,0.0,C
3375441982,4,0.0,C
3375441982,4,0.0,C
3375441982,4,0.0,C
3375441982,4,0.0,C
2537385504,4,0.0,
2537385504,4,0.0,
2537385504,4,0.0,
2537385504,4,0.0,
2537385504,4,0.0,
1375082737,4,-0.00037335818811246035,C
1375082737,4,-0.0005458797372566715,C
1375082737,4,-0.000829673988578139,C
1375082737,4,-0.00043290100909132434,C
1375082737,4,-0.0005458797372566715,C
3972090239,4,-0.00031068844451076494,C
3972090239,4,-0.00016760051674358234,C
3972090239,4,0.0,C
3972090239,4,-0.00012848300774659371,C
3972090239,4,0.0,C
542715770,4,-0.00021600528180515388,C
542715770,4,-0.00018575162642509024,C
542715770,4,-0.00022257937143377315,C
542715770,4,0.00043605499109283796,C
542715770,4,4.808714762599697e-05,C
1835135892,4,0.0,C
1835135892,4,0.0,C
1835135892,4,0.0,C
1835135892,4,0.0,C
1835135892,4,0.0,C
3850856377,4,-0.0005688309067426456,C
3850856377,4,-0.00012789130824347739,C
3850856377,4,-1.0566680000767548e-05,C
3850856377,4,-0.0001364976080453495,C
3850856377,4,-0.00017891438525896586,C
3007422704,4,0.0,O
3007422704,4,0.0,O
3007422704,4,0.0,O
3007422704,4,0.0,O
3007422704,4,0.0,O
2209842778,4,0.0002598169664310701,N
2209842778,4,0.00023617128892294836,N
2209842778,4,0.0,N
2209842778,4,0.00037991297870382246,N
2209842778,4,0.00018613418042151553,N
2296764637,4,-2.8671574119454313e-05,C
2296764637,4,4.911396145973468e-05,C
2296764637,4,-6.154748332087845e-05,C
2296764637,4,-2.8671574119454313e-05,C
2296764637,4,-2.0623606976133413e-05,C
3929393147,4,1.575352392563234e-05,C
3929393147,4,5.7393265106009395e-06,C
3929393147,4,1.2898949915074454e-05,C
3929393147,4,1.2898949915074454e-05,C
3929393147,4,1.575352392563234e-05,C
2270589688,4,-0.0003690454623176964,N
2270589688,4,0.00033457930477054365,N
2270589688,4,-2.7215087456067266e-05,N
2270589688,4,0.00014189553268617594,N
2270589688,4,0.00010465975328155519,N
2592252298,4,0.00034854000776657346,C
2592252298,4,0.00031482489425221916,C
2592252298,4,0.0001533580459773809,C
2592252298,4,0.00029501092703343446,C
2592252298,4,0.00026198304492219826,C
4116013187,4,0.0,C
4116013187,4,0.0,C
4116013187,4,0.0,C
4116013187,4,0.0,C
4116013187,4,0.0,C
372117123,4,0.0,S
372117123,4,0.0,S
372117123,4,0.0,S
372117123,4,0.0,S
372117123,4,0.0,S
2709179886,4,-0.0007606782562479819,C
2709179886,4,0.0001813227091965186,C
2709179886,4,0.0010067096330327874,C
2709179886,4,5.933993240819779e-05,C
2709179886,4,-0.000440240288841931,C
228862830,4,7.166372605893478e-05,N
228862830,4,1.2314664302237599e-05,N
228862830,4,-0.00016555247214261604,N
228862830,4,-0.00012484930814637973,N
228862830,4,-3.108007768554133e-05,N
2300762321,4,-7.297890859414569e-05,N
2300762321,4,5.163197833207844e-05,N
2300762321,4,0.00014265006544683656,N
2300762321,4,0.00011601961585799847,N
2300762321,4,8.488639658477126e-05,N
4081192418,4,-9.845468180780248e-06,C
4081192418,4,-6.192599237209162e-05,C
4081192418,4,1.6819515838428778e-05,C
4081192418,4,-3.59274279000954e-05,C
4081192418,4,-6.667591469494694e-05,C
4120224926,4,0.0001824352616107694,C
4120224926,4,0.0003420578276708275,C
4120224926,4,0.00028455868210852664,C
4120224926,4,0.0003405160651285266,C
4120224926,4,0.0003750608997948879,C
1090571167,4,-0.0003982576976322427,N
1090571167,4,0.0003293325305882555,N
1090571167,4,-0.001970565164960414,N
1090571167,4,-0.00029721219324163606,N
1090571167,4,-0.00033476740034837915,N
369500293,4,0.0003238993822116676,C
369500293,4,-3.543586109144847e-05,C
369500293,4,-6.777495529597388e-05,C
369500293,4,-6.777495529597388e-05,C
369500293,4,-0.000586760499363348,C
3873306213,4,-1.765894579519589e-05,N
3873306213,4,0.00042823765706828665,N
3873306213,4,2.5911400581946076e-05,N
3873306213,4,0.00030723263338949813,N
3873306213,4,0.00016173058013591035,N
600377156,4,2.1912088914666228e-05,C
600377156,4,0.00020899032694682296,C
600377156,4,0.00020505525200370522,C
600377156,4,-0.00015299624338172002,C
600377156,4,0.0001116800243745053,C
1946997629,4,3.531242424464898e-05,C
1946997629,4,-2.9783633119118136e-05,C
1946997629,4,-4.4168989811355086e-05,C
1946997629,4,-6.375144164877389e-05,C
1946997629,4,3.321827372337882e-06,C
1044537682,4,0.0,C
1044537682,4,0.0,C
1044537682,4,0.0,C
1044537682,4,0.0,C
1044537682,4,0.0,C
2077658817,4,-0.0003627995544910889,O
2077658817,4,-0.0002997785398249353,O
2077658817,4,8.095477166580878e-05,O
2077658817,4,0.0007792216354953752,O
2077658817,4,7.454383490179683e-05,O
264974063,4,0.0,N
264974063,4,0.0,N
264974063,4,0.0,N
264974063,4,0.0,N
264974063,4,0.0,N
3792822921,4,0.0,N
3792822921,4,0.0,N
3792822921,4,0.0,N
3792822921,4,0.0,N
3792822921,4,0.0,N
2575624905,4,0.0,C
2575624905,4,0.0,C
2575624905,4,0.0,C
2575624905,4,0.0,C
2575624905,4,0.0,C
1640551393,4,5.7393265106009395e-06,C
1640551393,4,5.7393265106009395e-06,C
1640551393,4,5.7393265106009395e-06,C
1640551393,4,5.7393265106009395e-06,C
1640551393,4,5.7393265106009395e-06,C
3528517994,4,0.00020659902928099605,C
3528517994,4,0.0006959464734271892,C
3528517994,4,4.3652872358967976e-05,C
3528517994,4,4.3652872358967976e-05,C
3528517994,4,0.0006678784646418912,C
692277943,4,0.0,N
692277943,4,0.0,N
692277943,4,0.0,N
692277943,4,0.0,N
692277943,4,0.0,N
990985258,4,-0.001331742603512709,C
990985258,4,-0.000423179836198051,C
990985258,4,-0.00015635787896062237,C
990985258,4,-0.0016894086104718986,C
990985258,4,-0.00016376053130578994,C
389385568,4,0.0,C
389385568,4,0.0,C
389385568,4,0.0,C
389385568,4,0.0,C
389385568,4,0.0,C
597336504,4,0.0,C
597336504,4,0.0,C
597336504,4,0.0,C
597336504,4,0.0,C
597336504,4,0.0,C
744747118,4,-0.0013395449518965874,S
744747118,4,0.0001279305728061897,S
744747118,4,0.0010712298625182859,S
744747118,4,-0.0007873852065468645,S
744747118,4,-0.00023393236828006536,S
1740651977,4,-0.00045172533336729215,C
1740651977,4,-0.000203893491791729,C
1740651977,4,-0.0006043403153939697,C
1740651977,4,-0.0003475605612767163,C
1740651977,4,-8.406523901821616e-05,C
1198890718,4,-4.1364305585933625e-05,C
1198890718,4,-5.718270067739395e-05,C
1198890718,4,-0.0001537949035023134,C
1198890718,4,-6.233341473421694e-05,C
1198890718,4,-0.00011256514406127183,C
544863012,4,-3.923693679241946e-06,C
544863012,4,-1.455752654450082e-05,C
544863012,4,0.0,C
544863012,4,-1.605969844542532e-05,C
544863012,4,-1.455752654450082e-05,C
2127647960,4,0.001576782593645576,C
2127647960,4,0.0007472680936330134,C
2127647960,4,0.0009829275479308341,C
2127647960,4,4.8887473623082656e-05,C
2127647960,4,0.0018149696371978497,C
3372972590,4,0.0,N
3372972590,4,0.0,N
3372972590,4,0.0,N
3372972590,4,0.0,N
3372972590,4,0.0,N
1145656637,4,0.0008795629624835932,N
1145656637,4,0.0005433754996501672,N
1145656637,4,0.0023335538336022865,N
1145656637,4,0.0007001298612826501,N
1145656637,4,0.0005497149259882095,N
3781690415,4,0.00019666942200402548,C
3781690415,4,0.00030296715900618443,C
3781690415,4,0.00012846304903407768,C
3781690415,4,0.0003670420229716642,C
3781690415,4,0.00012094675443763414,C
2211843251,4,0.0,C
2211843251,4,0.0,C
2211843251,4,0.0,C
2211843251,4,0.0,C
2211843251,4,0.0,C
1378792052,4,0.0,C
1378792052,4,0.0,C
1378792052,4,0.0,C
1378792052,4,0.0,C
1378792052,4,0.0,C
4240369074,4,-7.394261198923058e-05,C
4240369074,4,0.0001791477999641411,C
4240369074,4,-0.0002782294146333464,C
4240369074,4,-0.0018539777482564634,C
4240369074,4,-0.00035754480501909436,C
3209892106,4,0.0,
3209892106,4,0.0,
3209892106,4,0.0,
3209892106,4,0.0,
3209892106,4,0.0,
2762211251,4,0.0,S
2762211251,4,0.0,S
2762211251,4,0.0,S
2762211251,4,0.0,S
2762211251,4,0.0,S
990985259,4,1.4984628345371398e-06,C
990985259,4,0.0,C
990985259,4,-2.870023145473688e-06,C
990985259,4,0.0,C
990985259,4,3.08821381594937e-06,C
4256676941,4,0.0,N
4256676941,4,0.0,N
4256676941,4,0.0,N
4256676941,4,0.0,N
4256676941,4,0.0,N
3617179377,4,0.0,
3617179377,4,0.0,
3617179377,4,0.0,
3617179377,4,0.0,
3617179377,4,0.0,
592655526,4,0.00031370078004716584,C
592655526,4,0.0003235303206053364,C
592655526,4,0.00039564582335854803,C
592655526,4,0.0003235303206053364,C
592655526,4,0.0005537068358545949,C
2409787606,4,0.00012028928775897896,C
2409787606,4,6.9670295771318e-05,C
2409787606,4,0.00014558942730924507,C
2409787606,4,0.00038972392339836626,C
2409787606,4,0.0,C
2113520109,4,-0.0012667430280219882,C
2113520109,4,0.00011669449689821754,C
2113520109,4,0.0001405591142176199,C
2113520109,4,-0.00011305523370497284,C
2113520109,4,-0.0008635173490990078,C
1250165012,4,-0.0007981846366783563,C
1250165012,4,-0.0012762634437367137,C
1250165012,4,-0.000122191406507266,C
1250165012,4,0.0010855900740342483,C
1250165012,4,-9.850900591829026e-05,C
1238592536,4,0.0,C
1238592536,4,0.0,C
1238592536,4,0.0,C
1238592536,4,0.0,C
1238592536,4,0.0,C
2213350725,4,0.0,C
2213350725,4,0.0,C
2213350725,4,0.0,C
2213350725,4,0.0,C
2213350725,4,0.0,C
1915080917,4,3.802824262838511e-05,C
1915080917,4,4.604110168332509e-05,C
1915080917,4,0.00010493388175292218,C
1915080917,4,-2.3938671939172096e-06,C
1915080917,4,5.008329373246134e-05,C
3651174070,4,-0.00013975384596287554,C
3651174070,4,-0.0003251000060096043,C
3651174070,4,-0.00022598195921347264,C
3651174070,4,-0.0001724919038519901,C
3651174070,4,-0.0004488446316102124,C
1365279474,4,0.002097114920179166,C
1365279474,4,0.001786415323319357,C
1365279474,4,0.001559295968776575,C
1365279474,4,0.0017548728507591482,C
1365279474,4,0.0017301228052118423,C
1583009052,4,-0.0003318035474857983,C
1583009052,4,-0.00015701787990152205,C
1583009052,4,-0.0003426732530618093,C
1583009052,4,-0.00043999655140686267,C
1583009052,4,-0.00018681584670315887,C
1499666286,4,-0.0003451211656892439,C
1499666286,4,-1.5579559617784344e-05,C
1499666286,4,0.00047180674401531286,C
1499666286,4,0.0002624463216505113,C
1499666286,4,0.0002990314853972831,C
1191280979,4,0.0005841430525069247,C
1191280979,4,0.0005663139342708678,C
1191280979,4,0.0006871472276073765,C
1191280979,4,0.0002745841537536431,C
1191280979,4,0.00032613772776057814,C
3457964313,4,0.0,N
3457964313,4,0.0,N
3457964313,4,0.0,N
3457964313,4,0.0,N
3457964313,4,0.0,N
2881111452,4,0.0,C
2881111452,4,0.0,C
2881111452,4,0.0,C
2881111452,4,0.0,C
2881111452,4,0.0,C
423609967,4,0.0,C
423609967,4,0.0,C
423609967,4,0.0,C
423609967,4,0.0,C
423609967,4,0.0,C
3300110909,4,-0.00013377705269207452,N
3300110909,4,-0.00012099871670895324,N
3300110909,4,-7.883625566990071e-05,N
3300110909,4,-6.299661492392694e-05,N
3300110909,4,-0.000101150538700856,N
3345491492,4,0.00011542550448595534,N
3345491492,4,-0.0003224756096237291,N
3345491492,4,-0.00021490981127042508,N
3345491492,4,-0.00017655384374859473,N
3345491492,4,8.488639658477126e-05,N
1534595042,4,0.00037108775181859954,C
1534595042,4,0.0007595665415465747,C
1534595042,4,0.001069004376607341,C
1534595042,4,0.0014410486568565695,C
1534595042,4,-4.810698722645945e-05,C
2014255590,4,0.0,N
2014255590,4,0.0,N
2014255590,4,0.0,N
2014255590,4,0.0,N
2014255590,4,0.0,N
362715007,4,0.0,C
362715007,4,0.0,C
362715007,4,0.0,C
362715007,4,0.0,C
362715007,4,0.0,C
2654043257,4,-0.00015555222128976753,N
2654043257,4,-0.0005170758883502047,N
2654043257,4,-0.0006813592067920204,N
2654043257,4,-0.0005980241543881437,N
2654043257,4,-0.0006252422658058476,N
720253145,4,-5.875539344163405e-05,N
720253145,4,-1.7895056193373282e-05,N
720253145,4,7.493198023716952e-05,N
720253145,4,-3.539598052398896e-05,N
720253145,4,-5.123562127001824e-05,N
1342596238,4,0.0,
1342596238,4,0.0,
1342596238,4,0.0,
1342596238,4,0.0,
1342596238,4,0.0,
1505769767,4,0.0006766283936175399,C
1505769767,4,-0.000324124567693318,C
1505769767,4,-0.00010121756506392687,C
1505769767,4,-0.00030141524853249946,C
1505769767,4,7.497357784641556e-05,C
4129558839,4,-0.0005706009942409995,N
4129558839,4,0.0007083667941276683,N
4129558839,4,0.00030473450555795756,N
4129558839,4,0.0005982604438675154,N
4129558839,4,-0.00012802261304439844,N
1673980810,4,-1.0944408813995388e-05,O
1673980810,4,-9.510000001911045e-05,O
1673980810,4,-2.1454809884191572e-05,O
1673980810,4,-0.0001292163019230852,O
1673980810,4,-0.00019222702297289063,O
458195553,4,0.0,N
458195553,4,0.0,N
458195553,4,0.0,N
458195553,4,0.0,N
458195553,4,0.0,N
3083149214,4,0.0,C
3083149214,4,0.0,C
3083149214,4,0.0,C
3083149214,4,0.0,C
3083149214,4,0.0,C
564807139,4,0.0,C
564807139,4,0.0,C
564807139,4,0.0,C
564807139,4,0.0,C
564807139,4,0.0,C
57405021,4,0.0,P
57405021,4,0.0,P
57405021,4,0.0,P
57405021,4,0.0,P
57405021,4,0.0,P
264906369,4,-0.00022570965567442203,C
264906369,4,-8.750980047772527e-05,C
264906369,4,3.080854262632604e-05,C
264906369,4,-0.00021286443763457452,C
264906369,4,-6.0909581627077714e-05,C
906327634,4,0.0007753201816084188,N
906327634,4,0.0015737598748768455,N
906327634,4,0.00013901760889711845,N
906327634,4,0.0,N
906327634,4,0.0002651378534219706,N
3203925050,4,0.0,C
3203925050,4,0.0,C
3203925050,4,0.0,C
3203925050,4,0.0,C
3203925050,4,0.0,C
1238701800,4,0.0,C
1238701800,4,0.0,C
1238701800,4,0.0,C
1238701800,4,0.0,C
1238701800,4,0.0,C
817554650,4,0.00019881926602166589,N
817554650,4,-8.005162077556749e-05,N
817554650,4,0.00015903436969444407,N
817554650,4,0.00023099749378857615,N
817554650,4,0.0004973456307403867,N
3210014657,4,0.0,N
3210014657,4,0.0,N
3210014657,4,0.0,N
3210014657,4,0.0,N
3210014657,4,0.0,N
3869736299,4,0.0,C
3869736299,4,0.0,C
3869736299,4,0.0,C
3869736299,4,0.0,C
3869736299,4,0.0,C
443741425,4,0.0,N
443741425,4,0.0,N
443741425,4,0.0,N
443741425,4,0.0,N
443741425,4,0.0,N
252812893,4,0.0,
252812893,4,0.0,
252812893,4,0.0,
252812893,4,0.0,
252812893,4,0.0,
1352167592,4,-7.644860033345635e-05,C
1352167592,4,-0.0002998839340047077,C
1352167592,4,-9.41294581128238e-05,C
1352167592,4,-0.00013083828664528507,C
1352167592,4,-0.00010313512866400032,C
2030757576,4,-1.936133417079766e-05,C
2030757576,4,-0.00015879059076845392,C
2030757576,4,-0.00012063666699146935,C
2030757576,4,-0.00012871348218396195,C
2030757576,4,-0.00015879059076845392,C
3541689698,4,0.0,N
3541689698,4,0.0,N
3541689698,4,0.0,N
3541689698,4,0.0,N
3541689698,4,0.0,N
2250143559,4,0.0,C
2250143559,4,0.0,C
2250143559,4,0.0,C
2250143559,4,0.0,C
2250143559,4,0.0,C
2144345290,4,0.0,N
2144345290,4,0.0,N
2144345290,4,0.0,N
2144345290,4,0.0,N
2144345290,4,0.0,N
1849554589,4,0.00014753652074017687,N
1849554589,4,0.0001423364117200121,N
1849554589,4,0.0002705666376929816,N
1849554589,4,0.00016806149159853678,N
1849554589,4,-0.00025815617630864374,N
2271158283,4,-6.723813944692347e-05,C
2271158283,4,0.00013309582131082465,C
2271158283,4,-0.0001356946296942052,C
2271158283,4,0.0003959672215045895,C
2271158283,4,0.0004607374548372678,C
1445706287,4,-1.0941529785701842e-05,C
1445706287,4,-4.937433685792136e-06,C
1445706287,4,7.130863202781113e-05,C
1445706287,4,9.084140749293645e-05,C
1445706287,4,-7.364515236135682e-05,C
3385400514,4,0.0,C
3385400514,4,0.0,C
3385400514,4,0.0,C
3385400514,4,0.0,C
3385400514,4,0.0,C
621690156,4,0.0,
621690156,4,0.0,
621690156,4,0.0,
621690156,4,0.0,
621690156,4,0.0,
1214058429,4,3.429846126745684e-05,C
1214058429,4,-0.00011025956915522439,C
1214058429,4,-0.00044303426460690076,C
1214058429,4,-0.00023099010335725367,C
1214058429,4,-5.129279567195333e-06,C
3599391724,4,7.441695963689154e-05,C
3599391724,4,0.00023684668050005797,C
3599391724,4,-2.4484878954955658e-05,C
3599391724,4,-2.4484878954955658e-05,C
3599391724,4,-0.00012568215833214103,C
3992738647,4,4.36159100003497e-06,C
3992738647,4,5.9513419814472e-06,C
3992738647,4,4.36159100003497e-06,C
3992738647,4,4.36159100003497e-06,C
3992738647,4,0.0,C
1637770740,4,0.0004397234754174306,C
1637770740,4,0.0002092430043398874,C
1637770740,4,0.00015450241424785904,C
1637770740,4,0.0004713518202988376,C
1637770740,4,0.00040874401761431534,C
81315441,4,2.3485636977405022e-06,C
81315441,4,0.0,C
81315441,4,0.0,C
81315441,4,0.0,C
81315441,4,4.734733569433658e-06,C
3145023872,4,3.912361720481705e-06,C
3145023872,4,-9.04001602453075e-06,C
3145023872,4,0.0,C
3145023872,4,-5.470245665106788e-06,C
3145023872,4,-5.470245665106788e-06,C
3135357859,4,-0.0009335849192729784,N
3135357859,4,-0.0011257452343873542,N
3135357859,4,-0.0006610296254042636,N
3135357859,4,-0.0009000905887049937,N
3135357859,4,-0.0009335849192729784,N
4078658161,4,-0.0009000905887049937,C
4078658161,4,-0.0007530372026682275,C
4078658161,4,-0.0002186168888375084,C
4078658161,4,-0.0005404533171285975,C
4078658161,4,-0.000586760499363348,C
2064788354,4,-0.0006947414257666429,C
2064788354,4,-0.001335515655014774,C
2064788354,4,-0.0008158895885405637,C
2064788354,4,-0.001213859324032951,C
2064788354,4,-0.0006386278790819766,C
3134606292,4,0.00013453099471494312,P
3134606292,4,0.00023684668050005797,P
3134606292,4,0.0001273713713104696,P
3134606292,4,7.591913153787155e-05,P
3134606292,4,0.00013453099471494312,P
1797524254,4,-4.133655395971436e-05,C
1797524254,4,-3.2143441627829894e-05,C
1797524254,4,-2.891488372430695e-05,C
1797524254,4,-1.5973944991309885e-05,C
1797524254,4,-2.891488372430695e-05,C
77081066,4,0.0,C
77081066,4,0.0,C
77081066,4,0.0,C
77081066,4,0.0,C
77081066,4,0.0,C
3594356142,4,1.7325278155455592e-05,C
3594356142,4,0.00027386678526952757,C
3594356142,4,-0.00010120035045318998,C
3594356142,4,-2.66047715021811e-05,C
3594356142,4,0.00011789394260919295,C
3313841562,4,0.001073417494958595,C
3313841562,4,0.0013318263159691202,C
3313841562,4,0.0006443567557139485,C
3313841562,4,0.0013863116744882165,C
3313841562,4,0.0007327786250093116,C
2506328221,4,0.0,C
2506328221,4,0.0,C
2506328221,4,0.0,C
2506328221,4,0.0,C
2506328221,4,0.0,C
517432093,4,0.0,C
517432093,4,0.0,C
517432093,4,0.0,C
517432093,4,0.0,C
517432093,4,0.0,C
1169352347,4,0.0001708043088031741,N
1169352347,4,-0.0010657449719499446,N
1169352347,4,0.00027608965713699085,N
1169352347,4,0.0010852019979293859,N
1169352347,4,0.0003569384892246896,N
3010410747,4,-0.0003846412283446399,N
3010410747,4,-0.00020143291311680578,N
3010410747,4,-3.427984377457616e-05,N
3010410747,4,-0.001016148824774854,N
3010410747,4,8.691883205586004e-05,N
1693589848,4,3.794166630705087e-05,N
1693589848,4,3.794166630705087e-05,N
1693589848,4,0.0002621143763262834,N
1693589848,4,0.00018353109361635145,N
1693589848,4,3.794166630705087e-05,N
4081436575,4,0.0,C
4081436575,4,-1.593816840728124e-06,C
4081436575,4,5.364893981618657e-06,C
4081436575,4,9.015223309483122e-06,C
4081436575,4,0.0,C
2975316496,4,-0.0001688014290627815,C
2975316496,4,0.0006474472829881006,C
2975316496,4,-0.00023954624263494706,C
2975316496,4,-0.00017136987596011455,C
2975316496,4,0.0002812797443533799,C
3674630670,4,0.0,C
3674630670,4,0.0,C
3674630670,4,0.0,C
3674630670,4,0.0,C
3674630670,4,0.0,C
3350945806,4,0.0,C
3350945806,4,0.0,C
3350945806,4,0.0,C
3350945806,4,0.0,C
3350945806,4,0.0,C
1397513080,4,0.0,O
1397513080,4,0.0,O
1397513080,4,0.0,O
1397513080,4,0.0,O
1397513080,4,0.0,O
3126934625,4,0.0,C
3126934625,4,4.734733569433658e-06,C
3126934625,4,4.734733569433658e-06,C
3126934625,4,0.0,C
3126934625,4,0.0,C
3995362948,4,0.0,N
3995362948,4,0.0,N
3995362948,4,0.0,N
3995362948,4,0.0,N
3995362948,4,0.0,N
1059124080,4,0.0,C
1059124080,4,0.0,C
1059124080,4,0.0,C
1059124080,4,0.0,C
1059124080,4,0.0,C
1153930374,4,0.0,C
1153930374,4,0.0,C
1153930374,4,0.0,C
1153930374,4,0.0,C
1153930374,4,0.0,C
1103832125,4,0.0,
1103832125,4,0.0,
1103832125,4,0.0,
1103832125,4,0.0,
1103832125,4,0.0,
3577933307,4,-0.00013558006414149393,C
3577933307,4,0.00030871723314135346,C
3577933307,4,0.0003699336687789656,C
3577933307,4,-0.0003550055073063274,C
3577933307,4,-0.0006253789222642747,C
3988861584,4,0.0,C
3988861584,4,0.0,C
3988861584,4,0.0,C
3988861584,4,0.0,C
3988861584,4,0.0,C
2572035617,4,-1.7472993777967183e-05,N
2572035617,4,6.129299046131464e-05,N
2572035617,4,-2.86471459320925e-06,N
2572035617,4,6.163528678049257e-05,N
2572035617,4,5.877057218728332e-05,N
3346153511,4,0.0,C
3346153511,4,0.0,C
3346153511,4,0.0,C
3346153511,4,0.0,C
3346153511,4,0.0,C
2918201879,4,0.0009394957213963995,C
2918201879,4,0.00011034603477766414,C
2918201879,4,-0.0008163805632974697,C
2918201879,4,0.00018375937531045494,C
2918201879,4,7.596795367525999e-05,C
194638448,4,0.0,C
194638448,4,0.0004248305920978579,C
194638448,4,0.0010832423242980727,C
194638448,4,0.0011310526130722254,C
194638448,4,0.0006980322422358021,C
869152089,4,3.0108980753895676e-05,C
869152089,4,-0.00038243018898287406,C
869152089,4,-0.0010956332069547159,C
869152089,4,-0.0005009275518046974,C
869152089,4,-0.00034521081747768134,C
3804745459,4,0.0,
3804745459,4,0.0,
3804745459,4,0.0,
3804745459,4,0.0,
3804745459,4,0.0,
3755128710,4,0.0011458284485863501,C
3755128710,4,7.275478726498363e-05,C
3755128710,4,0.0007531964917665834,C
3755128710,4,0.0010068108396891762,C
3755128710,4,7.275478726498363e-05,C
1713195601,4,0.0,C
1713195601,4,0.0,C
1713195601,4,0.0,C
1713195601,4,0.0,C
1713195601,4,0.0,C
1568606682,4,0.00015671431877078978,C
1568606682,4,-0.00018419643763256666,C
1568606682,4,0.0007531964917665834,C
1568606682,4,0.0005212201995007382,C
1568606682,4,-6.392918613229437e-05,C
2059730245,4,-0.00011609360346026554,C
2059730245,4,-0.0007252895354109001,C
2059730245,4,-0.00021176672949080322,C
2059730245,4,-0.0005766984137670628,C
2059730245,4,-0.0005850180372761193,C
2617658656,4,-0.00022122756864390025,C
2617658656,4,-0.0002615635151408391,C
2617658656,4,-0.00020164001442879442,C
2617658656,4,-0.0002308378899851249,C
2617658656,4,-0.0002253316002642225,C
836300471,4,0.0,
836300471,4,0.0,
836300471,4,0.0,
836300471,4,0.0,
836300471,4,0.0,
3490910321,4,0.0,C
3490910321,4,0.0,C
3490910321,4,0.0,C
3490910321,4,0.0,C
3490910321,4,0.0,C
3255046070,4,0.0,C
3255046070,4,0.0,C
3255046070,4,0.0,C
3255046070,4,0.0,C
3255046070,4,0.0,C
2198820481,4,0.0,
2198820481,4,0.0,
2198820481,4,0.0,
2198820481,4,0.0,
2198820481,4,0.0,
104625121,4,0.0005098093461821107,N
104625121,4,0.000594454346749762,N
104625121,4,0.0004185799077848773,N
104625121,4,0.00042250360146411925,N
104625121,4,4.5370091554530756e-05,N
3103858517,4,5.329303018858367e-05,C
3103858517,4,0.00012086461243232538,C
3103858517,4,0.00022505427333580075,C
3103858517,4,5.7270081466387346e-05,C
3103858517,4,8.181828917452894e-05,C
1390475220,4,0.0,C
1390475220,4,0.0,C
1390475220,4,0.0,C
1390475220,4,0.0,C
1390475220,4,0.0,C
4006278292,4,0.0,N
4006278292,4,0.0,N
4006278292,4,0.0,N
4006278292,4,0.0,N
4006278292,4,0.0,N
1789200865,4,-7.550302611575299e-05,C
1789200865,4,-9.45805780886988e-05,C
1789200865,4,-2.5577739523163778e-05,C
1789200865,4,-5.565484810760024e-05,C
1789200865,4,-0.00014546406277626822,C
2291264872,4,0.0,C
2291264872,4,0.0,C
2291264872,4,0.0,C
2291264872,4,0.0,C
2291264872,4,0.0,C
2918205364,4,0.0,C
2918205364,4,0.0,C
2918205364,4,0.0,C
2918205364,4,0.0,C
2918205364,4,0.0,C
3798139026,4,-0.00028241595838474076,C
3798139026,4,-0.0001202672515003278,C
3798139026,4,-0.00046074925406075495,C
3798139026,4,-0.00028241595838474076,C
3798139026,4,-0.00017499745049176507,C
4223976160,4,3.08821381594937e-06,C
4223976160,4,3.08821381594937e-06,C
4223976160,4,3.08821381594937e-06,C
4223976160,4,1.4984628345371398e-06,C
4223976160,4,1.4984628345371398e-06,C
1511206547,4,0.0,
1511206547,4,0.0,
1511206547,4,0.0,
1511206547,4,0.0,
1511206547,4,0.0,
954800030,4,-0.0007266513433539235,C
954800030,4,0.0003231033714153342,C
954800030,4,-1.2080006819792377e-05,C
954800030,4,0.00034193618239952706,C
954800030,4,-0.0004978047000977481,C
2172997423,4,-1.5021719009800094e-06,C
2172997423,4,1.5897509814122301e-06,C
2172997423,4,0.0,C
2172997423,4,1.5897509814122301e-06,C
2172997423,4,1.5897509814122301e-06,C
1918025650,4,-1.0955666203571468e-05,C
1918025650,4,-8.83331366946516e-06,C
1918025650,4,-1.9607099089546942e-05,C
1918025650,4,-1.9607099089546942e-05,C
1918025650,4,9.403191484347317e-06,C
1491315937,4,-0.00072685793501992,C
1491315937,4,-0.00072685793501992,C
1491315937,4,-0.0012837230835046065,C
1491315937,4,-0.0008910619084841476,C
1491315937,4,-0.00072685793501992,C
1271427701,4,-1.0047438300353484e-05,C
1271427701,4,-2.86471459320925e-06,C
1271427701,4,-5.297515977442657e-06,C
1271427701,4,-2.86471459320925e-06,C
1271427701,4,-1.0047438300353484e-05,C
876016289,4,0.0004322289724306705,C
876016289,4,0.00023198989470663012,C
876016289,4,-4.119469363544903e-05,C
876016289,4,0.00012405490168665434,C
876016289,4,1.1803158595835583e-05,C
759348397,4,0.0,S
759348397,4,-2.8671574119454313e-05,S
759348397,4,-4.198151234480196e-06,S
759348397,4,-3.2173435917770554e-05,S
759348397,4,4.488391534607228e-06,S
3886074185,4,0.0,
3886074185,4,0.0,
3886074185,4,0.0,
3886074185,4,0.0,
3886074185,4,0.0,
3977047921,4,-2.737223679322165e-05,N
3977047921,4,0.00016247944617736598,N
3977047921,4,0.00011733201184838116,N
3977047921,4,8.423083965486411e-05,N
3977047921,4,5.5287183302554777e-05,N
3386795352,4,0.0,C
3386795352,4,0.0,C
3386795352,4,0.0,C
3386795352,4,0.0,C
3386795352,4,0.0,C
2640652321,4,0.00032983385506274443,C
2640652321,4,0.000980738408456916,C
2640652321,4,0.0004910391650985169,C
2640652321,4,0.00033302683986435877,C
2640652321,4,0.0004379713492376758,C
3644443517,4,8.660155664153013e-05,C
3644443517,4,3.461535585419506e-05,C
3644443517,4,-0.0003714679501495288,C
3644443517,4,-0.00017012396933813179,C
3644443517,4,0.000402644265395935,C
805268291,4,-0.00029359175808996163,C
805268291,4,-0.0005275330142036627,C
805268291,4,0.0005212201995007382,C
805268291,4,-0.00018419643763256666,C
805268291,4,7.275478726498363e-05,C
994494548,4,-2.4484878954955658e-05,C
994494548,4,0.0004397234754174306,C
994494548,4,7.591913153787155e-05,C
994494548,4,-7.079206118970616e-05,C
994494548,4,-0.00014506118723056627,C
3889081300,4,0.0,C
3889081300,4,0.0,C
3889081300,4,0.0,C
3889081300,4,0.0,C
3889081300,4,0.0,C
3119383463,4,0.00032572058872570864,C
3119383463,4,-0.00018917251056477236,C
3119383463,4,-0.0003215139872007611,C
3119383463,4,-9.327374890572004e-05,C
3119383463,4,-0.0001315865354554746,C
4142616092,4,0.0004397249212145238,C
4142616092,4,0.0010520586779405594,C
4142616092,4,0.0017343394732144968,C
4142616092,4,0.0006894831058579243,C
4142616092,4,0.0012243772673675157,C
3633569943,4,0.0,C
3633569943,4,0.0,C
3633569943,4,0.0,C
3633569943,4,0.0,C
3633569943,4,0.0,C
2810558781,4,0.00016862164712977412,C
2810558781,4,-6.089764237238171e-05,C
2810558781,4,0.00018805976693286874,C
2810558781,4,0.0009062732483331448,C
2810558781,4,4.4262384706894586e-05,C
643572069,4,-0.0007962938123033392,C
643572069,4,4.3652872358967976e-05,C
643572069,4,-0.00046256859074034207,C
643572069,4,-0.0010353452561740473,C
643572069,4,-0.0010353452561740473,C
307525970,4,0.0,
307525970,4,0.0,
307525970,4,0.0,
307525970,4,0.0,
307525970,4,0.0,
230478851,4,-8.755690419515183e-05,C
230478851,4,0.0003275066294358697,C
230478851,4,0.00037784811809771224,C
230478851,4,0.0005185372207207051,C
230478851,4,-0.0003286923753557103,C
3353919692,4,0.0002085387089999502,C
3353919692,4,-0.0007796113214469935,C
3353919692,4,-0.0002809073793925698,C
3353919692,4,0.00018047070021470768,C
3353919692,4,-0.0008910619084841476,C
4201996000,4,-2.870023145473688e-06,C
4201996000,4,-2.870023145473688e-06,C
4201996000,4,-2.870023145473688e-06,C
4201996000,4,0.0,C
4201996000,4,-2.870023145473688e-06,C
1523193891,4,0.0,C
1523193891,4,0.0,C
1523193891,4,0.0,C
1523193891,4,0.0,C
1523193891,4,0.0,C
2806469715,4,0.0,C
2806469715,4,0.0,C
2806469715,4,0.0,C
2806469715,4,0.0,C
2806469715,4,0.0,C
3705007549,4,0.0,C
3705007549,4,0.0,C
3705007549,4,0.0,C
3705007549,4,0.0,C
3705007549,4,0.0,C
1445715347,4,0.0,C
1445715347,4,0.0,C
1445715347,4,0.0,C
1445715347,4,0.0,C
1445715347,4,0.0,C
4232889011,4,0.0006533829133542612,O
4232889011,4,0.0007024200583436446,O
4232889011,4,0.0007831293637567405,O
4232889011,4,0.0005651019379513955,O
4232889011,4,0.0007427026072828191,O
1932106328,4,0.0,C
1932106328,4,0.0,C
1932106328,4,0.0,C
1932106328,4,0.0,C
1932106328,4,0.0,C
UNK,4,0.002128179276607689,
UNK,4,-0.0008668503405876993,
UNK,4,-0.006687034332270803,
UNK,4,-0.004050417979545029,
UNK,4,0.003998074612655778,
