Substructure,Fold,Importance,Central Atom
847961216,0,0.011742108702058163,N
847961216,0,0.017462504948818625,N
847961216,0,0.00929161454697125,N
847961216,0,0.03273551403702468,N
847961216,0,0.014341844313663588,N
864942730,0,0.006651862603963554,O
864942730,0,0.0003629824509313595,O
864942730,0,0.0015902299402335007,O
864942730,0,0.013035762570035359,O
864942730,0,0.012192521533191836,O
882399112,0,0.0022326689910574515,F
882399112,0,-0.0009039021130379243,F
882399112,0,5.806093133675638e-05,F
882399112,0,0.0013680801575171042,F
882399112,0,-0.001636318564519068,F
2041434490,0,-0.002122733824134637,N
2041434490,0,0.0025891919147454923,N
2041434490,0,-0.0005476014004991425,N
2041434490,0,-0.0044859877929301906,N
2041434490,0,0.0015817707117016244,N
2092489639,0,-0.004771220950974042,N
2092489639,0,-0.003064090318290802,N
2092489639,0,-0.003462054699023054,N
2092489639,0,-0.0061146187639204985,N
2092489639,0,-0.00611136797599221,N
2246699815,0,0.008758454796804482,C
2246699815,0,-0.0011173226043632578,C
2246699815,0,0.008570249848731004,C
2246699815,0,0.008190981929912633,C
2246699815,0,0.0066647785188509445,C
2246728737,0,-0.0007633751870431693,C
2246728737,0,-0.001311255932406885,C
2246728737,0,-0.003572622288297911,C
2246728737,0,-0.0023978192443241397,C
2246728737,0,-0.003612017093896469,C
2968968094,0,-0.0015942381118196902,C
2968968094,0,-0.00028053130335248255,C
2968968094,0,0.0044123003608563804,C
2968968094,0,-0.0008891510840032257,C
2968968094,0,0.0011448420240256496,C
2976033787,0,0.006803477567350225,C
2976033787,0,0.0016770109475728878,C
2976033787,0,0.001880819305698389,C
2976033787,0,0.004161645259356694,C
2976033787,0,0.004382653695158223,C
3217380708,0,0.0003315018864539221,C
3217380708,0,0.00011957998553535631,C
3217380708,0,0.00011245457230313338,C
3217380708,0,0.00012636810835786605,C
3217380708,0,9.738778029622086e-05,C
3218693969,0,2.6202280688947255e-05,C
3218693969,0,-0.00018446241325897894,C
3218693969,0,0.00030688314898008606,C
3218693969,0,0.00020828041348752713,C
3218693969,0,0.0003205833001124203,C
10565946,0,0.013827073746175755,O
10565946,0,0.01447061593179566,O
10565946,0,0.027789346028068374,O
10565946,0,0.015353326105917553,O
10565946,0,0.018827569514261344,O
98513984,0,0.005453461814813987,C
98513984,0,0.03480982680099032,C
98513984,0,0.010881409814079923,C
98513984,0,0.026984038906366026,C
98513984,0,0.01935464745604587,C
295371635,0,0.0,C
295371635,0,0.0,C
295371635,0,0.0,C
295371635,0,0.0,C
295371635,0,0.0,C
517457164,0,0.0019049955668412055,C
517457164,0,0.006016273103285008,C
517457164,0,0.0033371886728266187,C
517457164,0,0.0030493484930359527,C
517457164,0,0.0009398650737012515,C
553412256,0,0.0005772254600128202,C
553412256,0,0.0005373740274586813,C
553412256,0,0.0010031272647570422,C
553412256,0,0.002043460436089717,C
553412256,0,0.0024189698257314207,C
571978829,0,0.0010885161495497453,C
571978829,0,-0.0014680223365124423,C
571978829,0,0.0003146427697889864,C
571978829,0,-0.001276668801729497,C
571978829,0,-0.0008502999395824107,C
600629739,0,0.0020483433940292617,N
600629739,0,0.0033936645881115224,N
600629739,0,0.004369793398246058,N
600629739,0,0.0018218773420227707,N
600629739,0,0.0016256771064268039,N
951226070,0,0.004941656883087675,C
951226070,0,0.00547396877951567,C
951226070,0,0.008575683064571349,C
951226070,0,-0.004341560991766524,C
951226070,0,0.004462036060499441,C
994485099,0,0.01888052932108908,C
994485099,0,0.01587856806282273,C
994485099,0,0.01775780123830495,C
994485099,0,0.013822581101073483,C
994485099,0,0.028066473684715154,C
1054767590,0,-0.00030287071111301245,C
1054767590,0,-0.0012644843206477407,C
1054767590,0,-0.0020474419942633215,C
1054767590,0,0.0023406383620978577,C
1054767590,0,0.003623866471908155,C
1100037548,0,0.0029158706069609686,N
1100037548,0,0.00141632266970515,N
1100037548,0,-0.0011872802247911984,N
1100037548,0,0.00449958902683123,N
1100037548,0,0.0012771228941657053,N
1510328189,0,-0.0017402572762206248,O
1510328189,0,-0.003817198984039094,O
1510328189,0,0.001134636264986666,O
1510328189,0,-0.0026471746664720186,O
1510328189,0,-0.0003988421139422549,O
1693331843,0,0.0004974169715855625,N
1693331843,0,-0.0011995329886341777,N
1693331843,0,-0.0005249852837811986,N
1693331843,0,0.0003146539768348333,N
1693331843,0,-0.000364457021138076,N
1926716577,0,0.0,C
1926716577,0,0.0,C
1926716577,0,0.0,C
1926716577,0,0.0,C
1926716577,0,0.0,C
1965692378,0,0.0,N
1965692378,0,0.0,N
1965692378,0,0.0,N
1965692378,0,0.0,N
1965692378,0,0.0,N
2284773903,0,0.0010789423860811942,C
2284773903,0,-0.000853695996682502,C
2284773903,0,-0.0007453392999967612,C
2284773903,0,0.0010262999738821499,C
2284773903,0,-0.000669243592313129,C
2370996728,0,0.0014044606650592817,C
2370996728,0,0.003653769621874692,C
2370996728,0,0.001981541915324847,C
2370996728,0,9.080255317872599e-05,C
2370996728,0,6.634412522432687e-05,C
2435680164,0,-0.00048130685250769023,N
2435680164,0,-0.0010636322135960663,N
2435680164,0,-0.002922392280707564,N
2435680164,0,-0.004441259835510358,N
2435680164,0,-0.0011121054193516944,N
3042542132,0,6.424444619468339e-05,N
3042542132,0,6.424444619468339e-05,N
3042542132,0,6.424444619468339e-05,N
3042542132,0,6.424444619468339e-05,N
3042542132,0,9.815047469929894e-05,N
3151378920,0,-0.00017714200104201883,C
3151378920,0,-0.00011556136624757407,C
3151378920,0,-0.00010707885208982582,C
3151378920,0,-0.00012403577108455188,C
3151378920,0,-0.00011338429148743945,C
3594646603,0,0.001601865747507425,C
3594646603,0,0.0015227995634095048,C
3594646603,0,0.0002705772689963748,C
3594646603,0,0.0004484921261873609,C
3594646603,0,0.00039735270969765146,C
3776905034,0,0.0019042422890165334,C
3776905034,0,0.0033965861743495696,C
3776905034,0,0.0003469831126192702,C
3776905034,0,0.0015141678861542163,C
3776905034,0,0.0029323919271307952,C
3777168895,0,-0.0011460282021439339,C
3777168895,0,-0.004722099916929512,C
3777168895,0,-0.005313242669493401,C
3777168895,0,-0.006626719248370216,C
3777168895,0,-0.002906253579107121,C
3824063894,0,0.0001677275968073877,C
3824063894,0,0.003274634266801968,C
3824063894,0,0.0019045724087649596,C
3824063894,0,0.0021254821219089948,C
3824063894,0,-0.001323963985673915,C
4041152544,0,0.0,F
4041152544,0,0.0,F
4041152544,0,0.0,F
4041152544,0,0.0,F
4041152544,0,0.0,F
4041573576,0,0.0011505691062279055,C
4041573576,0,0.0029409199458633184,C
4041573576,0,0.001208896036223872,C
4041573576,0,0.0028148510314177644,C
4041573576,0,0.0016784146445932846,C
4282315164,0,2.3148694165975314e-06,N
4282315164,0,0.00012231354407243877,N
4282315164,0,0.0003184890195683243,N
4282315164,0,4.8025721261502063e-05,N
4282315164,0,5.402806518828296e-05,N
311123009,0,0.0,N
311123009,0,0.0,N
311123009,0,0.0,N
311123009,0,0.0,N
311123009,0,0.0,N
348407665,0,0.0,C
348407665,0,0.0,C
348407665,0,0.0,C
348407665,0,0.0,C
348407665,0,0.0,C
466968574,0,0.0,C
466968574,0,0.0,C
466968574,0,0.0,C
466968574,0,0.0,C
466968574,0,0.0,C
468580057,0,0.0,C
468580057,0,0.0,C
468580057,0,0.0,C
468580057,0,0.0,C
468580057,0,0.0,C
719981074,0,0.0,N
719981074,0,0.0,N
719981074,0,0.0,N
719981074,0,0.0,N
719981074,0,0.0,N
1116934767,0,0.0,C
1116934767,0,0.0,C
1116934767,0,0.0,C
1116934767,0,0.0,C
1116934767,0,0.0,C
1207774339,0,-7.744121168573592e-05,C
1207774339,0,0.0003108075540241284,C
1207774339,0,-7.735671346331685e-05,C
1207774339,0,-0.0002057233220142951,C
1207774339,0,-0.0007385074935010172,C
1255595680,0,0.0004858940164423897,C
1255595680,0,9.943324332561954e-05,C
1255595680,0,0.0003763839421245807,C
1255595680,0,0.0009759559712837484,C
1255595680,0,-9.57336247627838e-05,C
1311389685,0,0.0,N
1311389685,0,0.0,N
1311389685,0,0.0,N
1311389685,0,0.0,N
1311389685,0,0.0,N
1450006771,0,0.0,C
1450006771,0,0.0,C
1450006771,0,0.0,C
1450006771,0,0.0,C
1450006771,0,0.0,C
1469139952,0,0.0,C
1469139952,0,0.0,C
1469139952,0,0.0,C
1469139952,0,0.0,C
1469139952,0,0.0,C
2081695608,0,0.0,C
2081695608,0,0.0,C
2081695608,0,0.0,C
2081695608,0,0.0,C
2081695608,0,0.0,C
2509315187,0,0.0,N
2509315187,0,0.0,N
2509315187,0,0.0,N
2509315187,0,0.0,N
2509315187,0,0.0,N
2614860224,0,0.0008930507656683684,C
2614860224,0,0.0018988722096403565,C
2614860224,0,0.0013256102960116367,C
2614860224,0,0.0003008155957091585,C
2614860224,0,0.0027642375146837983,C
2955372299,0,0.0,C
2955372299,0,0.0,C
2955372299,0,0.0,C
2955372299,0,0.0,C
2955372299,0,0.0,C
3053370223,0,0.0,C
3053370223,0,0.0,C
3053370223,0,0.0,C
3053370223,0,0.0,C
3053370223,0,0.0,C
3108428435,0,0.0,C
3108428435,0,0.0,C
3108428435,0,0.0,C
3108428435,0,0.0,C
3108428435,0,0.0,C
3274190031,0,0.0,N
3274190031,0,0.0,N
3274190031,0,0.0,N
3274190031,0,0.0,N
3274190031,0,0.0,N
3329836627,0,0.0,N
3329836627,0,0.0,N
3329836627,0,0.0,N
3329836627,0,0.0,N
3329836627,0,0.0,N
3428161631,0,0.0,C
3428161631,0,0.0,C
3428161631,0,0.0,C
3428161631,0,0.0,C
3428161631,0,0.0,C
3594714330,0,0.0,N
3594714330,0,0.0,N
3594714330,0,0.0,N
3594714330,0,0.0,N
3594714330,0,0.0,N
3653021149,0,0.0,C
3653021149,0,0.0,C
3653021149,0,0.0,C
3653021149,0,0.0,C
3653021149,0,0.0,C
3667409787,0,0.0,C
3667409787,0,0.0,C
3667409787,0,0.0,C
3667409787,0,0.0,C
3667409787,0,0.0,C
3814690997,0,0.0,N
3814690997,0,0.0,N
3814690997,0,0.0,N
3814690997,0,0.0,N
3814690997,0,0.0,N
3999906991,0,0.020847802191671705,C
3999906991,0,0.03892337963822046,C
3999906991,0,0.03763057809121306,C
3999906991,0,0.03751400794961668,C
3999906991,0,0.035474461078779496,C
4210721535,0,0.0,C
4210721535,0,0.0,C
4210721535,0,0.0,C
4210721535,0,0.0,C
4210721535,0,0.0,C
4282148553,0,0.0,C
4282148553,0,0.0,C
4282148553,0,0.0,C
4282148553,0,0.0,C
4282148553,0,0.0,C
864662311,0,0.03266736403429493,O
864662311,0,0.03478582852371093,O
864662311,0,0.04046222449883763,O
864662311,0,0.026173308691987973,O
864662311,0,0.038075468135588486,O
864674487,0,0.004430750080387846,O
864674487,0,0.001977602425661029,O
864674487,0,-0.0044956862319252,O
864674487,0,0.004066316359390809,O
864674487,0,0.0015073460003984795,O
2245273601,0,0.007362221139413094,C
2245273601,0,0.005512810345814412,C
2245273601,0,0.00136632013333704,C
2245273601,0,0.00822228646123857,C
2245273601,0,0.00699945243383604,C
2245277810,0,0.0014457390872668618,C
2245277810,0,0.0020722510119487447,C
2245277810,0,0.0013914503007410595,C
2245277810,0,0.001606351348659052,C
2245277810,0,0.0025301901121591586,C
2245384272,0,0.004868589895608011,C
2245384272,0,-0.0029196350860598574,C
2245384272,0,0.001770679062470304,C
2245384272,0,-0.004572652335573135,C
2245384272,0,0.005728480816269976,C
485458970,0,-0.00032620108080894106,F
485458970,0,-0.0003795462252060844,F
485458970,0,-0.00021203685663806482,F
485458970,0,-0.0002780946946701057,F
485458970,0,-0.00035792288991587373,F
572760528,0,-0.003244005913277892,C
572760528,0,-0.0036861504805194567,C
572760528,0,-0.004153195091233908,C
572760528,0,-0.003518394588840623,C
572760528,0,-0.0015364047134271974,C
1101907775,0,0.011774453192609613,N
1101907775,0,0.0091245820158119,N
1101907775,0,0.010592729927863642,N
1101907775,0,0.004409681651112329,N
1101907775,0,0.003572675802989478,N
1135286194,0,-0.0010336447780245894,C
1135286194,0,-0.001769566174015469,C
1135286194,0,-0.0007823230853781782,C
1135286194,0,-0.0010741470952051468,C
1135286194,0,-0.0023353015172603575,C
1542631284,0,-1.5473669579546545e-05,O
1542631284,0,-4.402089663579911e-05,O
1542631284,0,-0.00024041040966948923,O
1542631284,0,-0.00011554491492571373,O
1542631284,0,-7.342073567040419e-05,O
1583009052,0,0.0,C
1583009052,0,0.0,C
1583009052,0,0.0,C
1583009052,0,0.0,C
1583009052,0,0.0,C
1790668568,0,0.002398362971869572,N
1790668568,0,0.0020658171114597,N
1790668568,0,0.00460754644576522,N
1790668568,0,0.002649638317875347,N
1790668568,0,0.0016325689124908616,N
2115476908,0,0.0015660916014259563,O
2115476908,0,0.0006835883786934227,O
2115476908,0,-0.001478917902994814,O
2115476908,0,3.754346801543296e-05,O
2115476908,0,-0.0005067209946850726,O
2257970297,0,0.0011112327937423672,C
2257970297,0,-0.00034262804443374595,C
2257970297,0,0.0023605259125851763,C
2257970297,0,0.0001318605095244063,C
2257970297,0,-0.0006411373722794433,C
2360741695,0,0.00765620156484037,C
2360741695,0,0.0008881713733303043,C
2360741695,0,0.0012508118520295763,C
2360741695,0,0.005533269908803096,C
2360741695,0,-0.0011356967360001136,C
2530048747,0,2.251842023404116e-06,N
2530048747,0,0.00011415257151048408,N
2530048747,0,-3.506349663673358e-05,N
2530048747,0,3.989200840504026e-05,N
2530048747,0,2.251842023404116e-06,N
3182824521,0,-0.0011196687918948456,C
3182824521,0,0.00010414261141178383,C
3182824521,0,0.0003904977830556655,C
3182824521,0,-2.56413986242654e-05,C
3182824521,0,3.3015755327880925e-05,C
3297830269,0,0.0,C
3297830269,0,0.0,C
3297830269,0,0.0,C
3297830269,0,0.0,C
3297830269,0,0.0,C
3537123720,0,0.0004849886050155572,C
3537123720,0,0.0007562870654683751,C
3537123720,0,-0.0005718820344030595,C
3537123720,0,-0.000267281555037191,C
3537123720,0,0.000217592843804848,C
3542456614,0,-0.0008538405345293043,C
3542456614,0,0.003824786023246207,C
3542456614,0,0.001376995985595042,C
3542456614,0,0.00013250678591636422,C
3542456614,0,-2.764310989855634e-05,C
3772302167,0,0.0016497441132681256,C
3772302167,0,0.0003721986444553682,C
3772302167,0,2.2931064277975644e-05,C
3772302167,0,0.00018638423993777575,C
3772302167,0,7.726010945019457e-05,C
3847608821,0,0.0,C
3847608821,0,0.0,C
3847608821,0,0.0,C
3847608821,0,0.0,C
3847608821,0,0.0,C
3992738647,0,0.0,C
3992738647,0,0.0,C
3992738647,0,0.0,C
3992738647,0,0.0,C
3992738647,0,0.0,C
3994088662,0,0.0014143563720947494,C
3994088662,0,-0.0005215478688709307,C
3994088662,0,-0.001963521507485466,C
3994088662,0,-0.0006968374401864486,C
3994088662,0,0.0002794449804771615,C
262046533,0,0.0,N
262046533,0,0.0,N
262046533,0,0.0,N
262046533,0,0.0,N
262046533,0,0.0,N
344019891,0,1.0186255324784455e-06,N
344019891,0,1.1947522626010176e-05,N
344019891,0,9.406233655651075e-05,N
344019891,0,3.364400979899429e-05,N
344019891,0,3.348862669705355e-05,N
384152397,0,0.0,C
384152397,0,0.0,C
384152397,0,0.0,C
384152397,0,0.0,C
384152397,0,0.0,C
425761239,0,0.0,C
425761239,0,0.0,C
425761239,0,0.0,C
425761239,0,0.0,C
425761239,0,0.0,C
450728941,0,0.0,C
450728941,0,0.0,C
450728941,0,0.0,C
450728941,0,0.0,C
450728941,0,0.0,C
1025696713,0,0.0,C
1025696713,0,0.0,C
1025696713,0,0.0,C
1025696713,0,0.0,C
1025696713,0,0.0,C
1169545996,0,0.0,C
1169545996,0,0.0,C
1169545996,0,0.0,C
1169545996,0,0.0,C
1169545996,0,0.0,C
1511206547,0,0.002351126368198786,C
1511206547,0,0.002204334033953259,C
1511206547,0,0.0016783071258350546,C
1511206547,0,0.0018118971535383555,C
1511206547,0,0.0016669022822575208,C
1586220957,0,0.0,N
1586220957,0,0.0,N
1586220957,0,0.0,N
1586220957,0,0.0,N
1586220957,0,0.0,N
1824749366,0,0.0,C
1824749366,0,0.0,C
1824749366,0,0.0,C
1824749366,0,0.0,C
1824749366,0,0.0,C
1870383208,0,0.0,C
1870383208,0,0.0,C
1870383208,0,0.0,C
1870383208,0,0.0,C
1870383208,0,0.0,C
1926335522,0,0.0,C
1926335522,0,0.0,C
1926335522,0,0.0,C
1926335522,0,0.0,C
1926335522,0,0.0,C
2022234070,0,0.0,N
2022234070,0,0.0,N
2022234070,0,0.0,N
2022234070,0,0.0,N
2022234070,0,0.0,N
2148447261,0,0.0,C
2148447261,0,0.0,C
2148447261,0,0.0,C
2148447261,0,0.0,C
2148447261,0,0.0,C
2149173445,0,0.0,C
2149173445,0,0.0,C
2149173445,0,0.0,C
2149173445,0,0.0,C
2149173445,0,0.0,C
2358351923,0,0.0,C
2358351923,0,0.0,C
2358351923,0,0.0,C
2358351923,0,0.0,C
2358351923,0,0.0,C
2457808095,0,0.0,C
2457808095,0,0.0,C
2457808095,0,0.0,C
2457808095,0,0.0,C
2457808095,0,0.0,C
2677858541,0,0.0,C
2677858541,0,0.0,C
2677858541,0,0.0,C
2677858541,0,0.0,C
2677858541,0,0.0,C
3088822697,0,0.0,O
3088822697,0,0.0,O
3088822697,0,0.0,O
3088822697,0,0.0,O
3088822697,0,0.0,O
3196938764,0,0.0,C
3196938764,0,0.0,C
3196938764,0,0.0,C
3196938764,0,0.0,C
3196938764,0,0.0,C
3392629863,0,0.0,C
3392629863,0,0.0,C
3392629863,0,0.0,C
3392629863,0,0.0,C
3392629863,0,0.0,C
3692055567,0,0.004986033871408502,C
3692055567,0,0.013354544781183253,C
3692055567,0,0.0061512222966371155,C
3692055567,0,0.011090768917730975,C
3692055567,0,0.008596731085774967,C
4217292029,0,0.0,C
4217292029,0,0.0,C
4217292029,0,0.0,C
4217292029,0,0.0,C
4217292029,0,0.0,C
847957139,0,0.016389825029462735,N
847957139,0,0.00978750341016299,N
847957139,0,0.01806787290128853,N
847957139,0,0.014521290925931019,N
847957139,0,0.01086259233705067,N
1016841875,0,-0.004638784222018355,Cl
1016841875,0,-0.0010628260337465223,Cl
1016841875,0,-0.001464284335029542,Cl
1016841875,0,-0.003993122061697552,Cl
1016841875,0,-0.001772568751603032,Cl
434045476,0,0.0,O
434045476,0,0.0,O
434045476,0,0.0,O
434045476,0,0.0,O
434045476,0,0.0,O
1083852209,0,-0.0007999630563643167,N
1083852209,0,-0.0005211010605814526,N
1083852209,0,0.0008021824921897736,N
1083852209,0,-0.0010547032328827033,N
1083852209,0,-0.0003450943981125887,N
1445852595,0,0.007511542796537873,C
1445852595,0,0.005509555673462119,C
1445852595,0,0.00715219137186951,C
1445852595,0,0.005312185304159223,C
1445852595,0,0.0028115987992455294,C
1533864325,0,0.02546012743802495,O
1533864325,0,0.03321148525291717,O
1533864325,0,0.03953705547059638,O
1533864325,0,0.0297983008940379,O
1533864325,0,0.02429864826084238,O
2246340824,0,-0.002943672115762408,C
2246340824,0,7.618676092191468e-05,C
2246340824,0,-0.0035373715194261246,C
2246340824,0,-0.0026013562020553715,C
2246340824,0,-0.0041670179466538615,C
2353112200,0,0.011658773934488442,C
2353112200,0,0.010177637305663456,C
2353112200,0,0.0039038892349239074,C
2353112200,0,0.008774998382991672,C
2353112200,0,0.004947737725551571,C
2442433719,0,0.0,C
2442433719,0,0.0,C
2442433719,0,0.0,C
2442433719,0,0.0,C
2442433719,0,0.0,C
3162837314,0,0.0018455793228503437,C
3162837314,0,0.00036337750366088883,C
3162837314,0,-0.000889738380830174,C
3162837314,0,0.0036274216995433317,C
3162837314,0,0.0003812799439522063,C
3452535345,0,-0.0021091049214958524,Cl
3452535345,0,-0.00022903146498898241,Cl
3452535345,0,0.0035810550566754973,Cl
3452535345,0,-0.002852949501479407,Cl
3452535345,0,0.003549446733192685,Cl
3850856377,0,0.0,C
3850856377,0,0.0,C
3850856377,0,0.0,C
3850856377,0,0.0,C
3850856377,0,0.0,C
3982076256,0,0.0035492718671038537,C
3982076256,0,-0.001152781445050599,C
3982076256,0,0.0018190409601386293,C
3982076256,0,0.002102567015124679,C
3982076256,0,0.00493277219960897,C
636971230,0,0.0005105546798087612,C
636971230,0,0.0020079075335454055,C
636971230,0,0.00032883189680399383,C
636971230,0,0.0010341323353959542,C
636971230,0,0.0012862577302861222,C
669222828,0,-5.5929492195572195e-05,C
669222828,0,0.0001148155533007289,C
669222828,0,-0.00020559759362670516,C
669222828,0,-6.418160618759661e-05,C
669222828,0,0.00024258193297421737,C
1545280258,0,0.0,O
1545280258,0,0.0,O
1545280258,0,0.0,O
1545280258,0,0.0,O
1545280258,0,0.0,O
1733062447,0,0.0,C
1733062447,0,0.0,C
1733062447,0,0.0,C
1733062447,0,0.0,C
1733062447,0,0.0,C
1999971574,0,0.0,C
1999971574,0,0.0,C
1999971574,0,0.0,C
1999971574,0,0.0,C
1999971574,0,0.0,C
2256986338,0,0.0,C
2256986338,0,0.0,C
2256986338,0,0.0,C
2256986338,0,0.0,C
2256986338,0,0.0,C
2604440622,0,-0.000271519977989243,C
2604440622,0,-0.0004084010127641813,C
2604440622,0,-0.0006712501907216728,C
2604440622,0,-0.00039936103683868573,C
2604440622,0,-0.0003232306339266966,C
2703868098,0,0.0,N
2703868098,0,0.0,N
2703868098,0,0.0,N
2703868098,0,0.0,N
2703868098,0,0.0,N
2810558781,0,0.0,C
2810558781,0,0.0,C
2810558781,0,0.0,C
2810558781,0,0.0,C
2810558781,0,0.0,C
2916595165,0,0.0,C
2916595165,0,0.0,C
2916595165,0,0.0,C
2916595165,0,0.0,C
2916595165,0,0.0,C
2944555726,0,0.0015719446925757108,C
2944555726,0,0.0005209213269091739,C
2944555726,0,0.0024509099022703706,C
2944555726,0,0.001171055440476021,C
2944555726,0,0.001981016056396112,C
2987687375,0,-0.0006432337899199281,C
2987687375,0,0.0004642958891004634,C
2987687375,0,0.0002365537101172155,C
2987687375,0,0.0009847804467676413,C
2987687375,0,0.00043248339074453135,C
3848534832,0,-0.0013354942563674754,C
3848534832,0,-0.0015180259557804332,C
3848534832,0,-0.0016536087730730786,C
3848534832,0,-0.0008447001399336518,C
3848534832,0,-0.000903344161352182,C
3981351246,0,0.0,C
3981351246,0,0.0,C
3981351246,0,0.0,C
3981351246,0,0.0,C
3981351246,0,0.0,C
4143286053,0,0.0,C
4143286053,0,0.0,C
4143286053,0,0.0,C
4143286053,0,0.0,C
4143286053,0,0.0,C
4216335232,0,0.003868741663501152,C
4216335232,0,0.007209295125721438,C
4216335232,0,0.0004100719267992048,C
4216335232,0,0.003982061835798301,C
4216335232,0,0.003062631784895742,C
485463469,0,0.000507199428542715,F
485463469,0,0.00035286107029597336,F
485463469,0,0.0008094891423442441,F
485463469,0,0.0003198066300788005,F
485463469,0,0.00015502119381305413,F
1312131881,0,0.002272143605815291,C
1312131881,0,0.001259953576720707,C
1312131881,0,0.002681799049423117,C
1312131881,0,0.0017510415941601742,C
1312131881,0,0.002187431998841638,C
1979131117,0,0.0,C
1979131117,0,0.0,C
1979131117,0,0.0,C
1979131117,0,0.0,C
1979131117,0,0.0,C
2459558207,0,0.0008792838340706544,C
2459558207,0,0.0005075527523449308,C
2459558207,0,0.0003764614319787807,C
2459558207,0,0.0006453462658306819,C
2459558207,0,0.0005438884021959911,C
3909974435,0,0.0002669057384707685,C
3909974435,0,2.4657522533666487e-05,C
3909974435,0,0.0005676061759364304,C
3909974435,0,0.00039586207910613513,C
3909974435,0,0.0006812767243554729,C
304550229,0,0.0,N
304550229,0,0.0,N
304550229,0,0.0,N
304550229,0,0.0,N
304550229,0,0.0,N
515013889,0,0.0,C
515013889,0,0.0,C
515013889,0,0.0,C
515013889,0,0.0,C
515013889,0,0.0,C
2376477245,0,0.0,C
2376477245,0,0.0,C
2376477245,0,0.0,C
2376477245,0,0.0,C
2376477245,0,0.0,C
2805850412,0,0.0,C
2805850412,0,0.0,C
2805850412,0,0.0,C
2805850412,0,0.0,C
2805850412,0,0.0,C
2830400721,0,0.0,C
2830400721,0,0.0,C
2830400721,0,0.0,C
2830400721,0,0.0,C
2830400721,0,0.0,C
3313841562,0,0.0,C
3313841562,0,0.0,C
3313841562,0,0.0,C
3313841562,0,0.0,C
3313841562,0,0.0,C
3886135871,0,0.0,C
3886135871,0,0.0,C
3886135871,0,0.0,C
3886135871,0,0.0,C
3886135871,0,0.0,C
4231742335,0,0.0,C
4231742335,0,0.0,C
4231742335,0,0.0,C
4231742335,0,0.0,C
4231742335,0,0.0,C
2132511834,0,0.0012088130225718086,N
2132511834,0,0.0069840843497186444,N
2132511834,0,0.021497403272744076,N
2132511834,0,0.0006920487905359707,N
2132511834,0,-0.00025061439818896414,N
2245900962,0,-0.000490459071098015,C
2245900962,0,-0.0005318835747638584,C
2245900962,0,0.00029687362427199826,C
2245900962,0,-0.00020672120160991625,C
2245900962,0,-0.00024143611247851027,C
393353044,0,0.0,C
393353044,0,0.0,C
393353044,0,0.0,C
393353044,0,0.0,C
393353044,0,0.0,C
422715066,0,0.015297350854010183,C
422715066,0,0.008272877193795325,C
422715066,0,0.01837259649148515,C
422715066,0,0.010311726020273304,C
422715066,0,0.009291976667468171,C
623728226,0,0.003103745487239906,C
623728226,0,0.0016261045522887319,C
623728226,0,0.0020280564958170544,C
623728226,0,0.0014214716040675812,C
623728226,0,0.002076156414929642,C
963029399,0,-0.0009483668101112341,N
963029399,0,0.0013151641374162804,N
963029399,0,0.0007843120264457992,N
963029399,0,-0.001735193551402836,N
963029399,0,0.004137514108052742,N
1070821685,0,-0.00027102043007465326,C
1070821685,0,-1.5921854796374646e-05,C
1070821685,0,-6.418023725796029e-05,C
1070821685,0,2.906700163674003e-06,C
1070821685,0,-9.089808050932735e-05,C
1308598964,0,0.0,C
1308598964,0,0.0,C
1308598964,0,0.0,C
1308598964,0,0.0,C
1308598964,0,0.0,C
1857396528,0,-0.0018064903742605054,C
1857396528,0,0.0005297321349758688,C
1857396528,0,-0.00044884465282446495,C
1857396528,0,-0.0006734983500241709,C
1857396528,0,-0.00039731939033693653,C
2117068077,0,0.0007725585254950706,C
2117068077,0,-0.00047694745585513676,C
2117068077,0,-0.001034184858483167,C
2117068077,0,-0.0012849543180339928,C
2117068077,0,0.0016243751345434987,C
2142032900,0,0.011202776859616903,C
2142032900,0,-0.0004134580144663502,C
2142032900,0,0.007550868322227844,C
2142032900,0,0.003934275507012197,C
2142032900,0,0.008979837096408816,C
2296565457,0,-0.0012823827218764183,N
2296565457,0,-0.0020324240302694863,N
2296565457,0,-0.0003827928774692291,N
2296565457,0,-0.0013133615148243072,N
2296565457,0,-0.00047336927134933315,N
2309124039,0,0.0006634701101516649,C
2309124039,0,0.0021425161902950407,C
2309124039,0,0.0026883233476694413,C
2309124039,0,0.0025902132066831784,C
2309124039,0,0.0033484282846529823,C
2591432844,0,0.00066250096491971,N
2591432844,0,-0.0011341891016329875,N
2591432844,0,4.27022296356494e-06,N
2591432844,0,-0.0007050687567015101,N
2591432844,0,-0.0007389126231565069,N
2747850234,0,0.0,C
2747850234,0,0.0,C
2747850234,0,0.0,C
2747850234,0,0.0,C
2747850234,0,0.0,C
2803848648,0,0.006088767693204766,C
2803848648,0,0.004219203700444152,C
2803848648,0,0.002481591436368946,C
2803848648,0,-0.0033748746361773607,C
2803848648,0,-0.0032599190000833778,C
2811394787,0,0.000941275579249945,C
2811394787,0,-0.0004730671293510236,C
2811394787,0,5.400771148855732e-06,C
2811394787,0,0.005000953372568895,C
2811394787,0,-0.0009728071079079248,C
3120642300,0,0.006175337414765725,C
3120642300,0,0.0012163047435620467,C
3120642300,0,0.010336115275612845,C
3120642300,0,0.008195967523685677,C
3120642300,0,0.009109030237718252,C
3337745083,0,-0.00042066180928468366,F
3337745083,0,0.003181599475675201,F
3337745083,0,0.0012199557055189159,F
3337745083,0,0.0002705810802042796,F
3337745083,0,0.0014783424419938518,F
3545074552,0,0.0,C
3545074552,0,0.0,C
3545074552,0,0.0,C
3545074552,0,0.0,C
3545074552,0,0.0,C
3798139026,0,0.0,C
3798139026,0,0.0,C
3798139026,0,0.0,C
3798139026,0,0.0,C
3798139026,0,0.0,C
3981762496,0,0.0012149266646221957,C
3981762496,0,-0.0007859537679999473,C
3981762496,0,0.00226795636209165,C
3981762496,0,0.0007767926200681341,C
3981762496,0,0.002963120521429885,C
4265016989,0,0.0,C
4265016989,0,0.0,C
4265016989,0,0.0,C
4265016989,0,0.0,C
4265016989,0,0.0,C
4291903839,0,0.0,C
4291903839,0,0.0,C
4291903839,0,0.0,C
4291903839,0,0.0,C
4291903839,0,0.0,C
237615532,0,-0.00022172198475312044,C
237615532,0,-0.00018574387503822454,C
237615532,0,-0.0002574617024089232,C
237615532,0,-0.0003830391249045606,C
237615532,0,-0.00025676395754803405,C
269171368,0,0.00075810483203953,C
269171368,0,-0.003919743420629063,C
269171368,0,-0.000824728660759777,C
269171368,0,-0.01255865929992983,C
269171368,0,-0.00040439086785926115,C
373109870,0,-0.0007061249503929057,C
373109870,0,-0.0002863471191106859,C
373109870,0,0.0002223501385002491,C
373109870,0,-0.00031267976749882465,C
373109870,0,0.000427369400525901,C
420637473,0,0.0,N
420637473,0,0.0,N
420637473,0,0.0,N
420637473,0,0.0,N
420637473,0,0.0,N
959544246,0,0.0,C
959544246,0,0.0,C
959544246,0,0.0,C
959544246,0,0.0,C
959544246,0,0.0,C
1459763726,0,0.0,C
1459763726,0,0.0,C
1459763726,0,0.0,C
1459763726,0,0.0,C
1459763726,0,0.0,C
1671473110,0,0.0,C
1671473110,0,0.0,C
1671473110,0,0.0,C
1671473110,0,0.0,C
1671473110,0,0.0,C
2154777022,0,0.0004898510689570479,C
2154777022,0,-0.0007929766832714957,C
2154777022,0,-0.0003325670059365349,C
2154777022,0,-0.0011213240829905935,C
2154777022,0,-0.0002114330290681199,C
2717193360,0,0.0,C
2717193360,0,0.0,C
2717193360,0,0.0,C
2717193360,0,0.0,C
2717193360,0,0.0,C
3111864946,0,0.0,C
3111864946,0,0.0,C
3111864946,0,0.0,C
3111864946,0,0.0,C
3111864946,0,0.0,C
3136475462,0,0.0,C
3136475462,0,0.0,C
3136475462,0,0.0,C
3136475462,0,0.0,C
3136475462,0,0.0,C
3749319234,0,0.0,N
3749319234,0,0.0,N
3749319234,0,0.0,N
3749319234,0,0.0,N
3749319234,0,0.0,N
3819564588,0,0.0,C
3819564588,0,0.0,C
3819564588,0,0.0,C
3819564588,0,0.0,C
3819564588,0,0.0,C
3840482014,0,0.0,C
3840482014,0,0.0,C
3840482014,0,0.0,C
3840482014,0,0.0,C
3840482014,0,0.0,C
3920625465,0,0.0,C
3920625465,0,0.0,C
3920625465,0,0.0,C
3920625465,0,0.0,C
3920625465,0,0.0,C
3954174598,0,0.0,C
3954174598,0,0.0,C
3954174598,0,0.0,C
3954174598,0,0.0,C
3954174598,0,0.0,C
4032294624,0,0.0,N
4032294624,0,0.0,N
4032294624,0,0.0,N
4032294624,0,0.0,N
4032294624,0,0.0,N
4226294099,0,0.0,C
4226294099,0,0.0,C
4226294099,0,0.0,C
4226294099,0,0.0,C
4226294099,0,0.0,C
4232016909,0,0.0,C
4232016909,0,0.0,C
4232016909,0,0.0,C
4232016909,0,0.0,C
4232016909,0,0.0,C
4289161048,0,0.0,C
4289161048,0,0.0,C
4289161048,0,0.0,C
4289161048,0,0.0,C
4289161048,0,0.0,C
781912670,0,0.0,C
781912670,0,0.0,C
781912670,0,0.0,C
781912670,0,0.0,C
781912670,0,0.0,C
1369588494,0,0.0,N
1369588494,0,0.0,N
1369588494,0,0.0,N
1369588494,0,0.0,N
1369588494,0,0.0,N
1542633699,0,0.0,O
1542633699,0,0.0,O
1542633699,0,0.0,O
1542633699,0,0.0,O
1542633699,0,0.0,O
1674219510,0,0.0,C
1674219510,0,0.0,C
1674219510,0,0.0,C
1674219510,0,0.0,C
1674219510,0,0.0,C
2635303940,0,0.0,C
2635303940,0,0.0,C
2635303940,0,0.0,C
2635303940,0,0.0,C
2635303940,0,0.0,C
3537119515,0,-0.00015613864276897704,C
3537119515,0,-0.003138252743606018,C
3537119515,0,-0.0055516157454088555,C
3537119515,0,-0.00020123668392346694,C
3537119515,0,0.0025294264252661014,C
3983062349,0,0.010336837669699506,C
3983062349,0,0.0024826058140802187,C
3983062349,0,0.00487361106705031,C
3983062349,0,0.010706912104789912,C
3983062349,0,0.009658275883480671,C
4003049590,0,0.0,C
4003049590,0,0.0,C
4003049590,0,0.0,C
4003049590,0,0.0,C
4003049590,0,0.0,C
711358894,0,0.0,C
711358894,0,0.0,C
711358894,0,0.0,C
711358894,0,0.0,C
711358894,0,0.0,C
1313967653,0,-0.000753727439809948,C
1313967653,0,0.0007374591769561123,C
1313967653,0,0.0010807641784148503,C
1313967653,0,0.0007307384097465786,C
1313967653,0,0.0016824053709186826,C
1568268146,0,0.0,C
1568268146,0,0.0,C
1568268146,0,0.0,C
1568268146,0,0.0,C
1568268146,0,0.0,C
1696659438,0,0.0,C
1696659438,0,0.0,C
1696659438,0,0.0,C
1696659438,0,0.0,C
1696659438,0,0.0,C
1896049752,0,0.0,C
1896049752,0,0.0,C
1896049752,0,0.0,C
1896049752,0,0.0,C
1896049752,0,0.0,C
2014543234,0,-0.0006277923091696502,C
2014543234,0,-0.0009717665303293765,C
2014543234,0,-0.0006411993237056546,C
2014543234,0,-0.00019330997048305765,C
2014543234,0,-0.0007956409612659421,C
2579153554,0,0.0,C
2579153554,0,0.0,C
2579153554,0,0.0,C
2579153554,0,0.0,C
2579153554,0,0.0,C
3181446473,0,0.0,O
3181446473,0,0.0,O
3181446473,0,0.0,O
3181446473,0,0.0,O
3181446473,0,0.0,O
3685257385,0,0.0,C
3685257385,0,0.0,C
3685257385,0,0.0,C
3685257385,0,0.0,C
3685257385,0,0.0,C
3757038672,0,0.0007512714090301964,C
3757038672,0,-0.0005828297622925138,C
3757038672,0,-0.0003102670749453029,C
3757038672,0,-0.0004923274236509068,C
3757038672,0,-0.000988001572694519,C
3976623167,0,-1.9030830850863545e-05,C
3976623167,0,-0.00035697529764699976,C
3976623167,0,-0.0010781803044760396,C
3976623167,0,-0.0006365781439178209,C
3976623167,0,-0.0014873617771423708,C
3993796134,0,0.0,N
3993796134,0,0.0,N
3993796134,0,0.0,N
3993796134,0,0.0,N
3993796134,0,0.0,N
999334238,0,-0.00019433319205008903,S
999334238,0,0.00047580559391080524,S
999334238,0,-0.00035786904733703384,S
999334238,0,0.0006780484852271229,S
999334238,0,0.000680502885879064,S
3624155,0,0.00834337663253426,C
3624155,0,0.005997826835708153,C
3624155,0,0.009546823306637142,C
3624155,0,0.0030540585006668675,C
3624155,0,0.006086078618037116,C
288315894,0,0.0005021037206511814,S
288315894,0,0.0004906041067604949,S
288315894,0,0.0008911886185701823,S
288315894,0,0.0006238082188325667,S
288315894,0,0.0007937074456552118,S
717512901,0,-4.715048874870398e-05,N
717512901,0,0.0003945139150415278,N
717512901,0,0.0034760780501106314,N
717512901,0,0.005691933406806071,N
717512901,0,0.0013578406780420105,N
787069595,0,0.002677000601830626,C
787069595,0,0.002581534630980431,C
787069595,0,0.0017444392861019065,C
787069595,0,0.001379336291532196,C
787069595,0,0.0027651132808228507,C
2076190208,0,0.001820460466551932,O
2076190208,0,0.001359217457196804,O
2076190208,0,-0.004942144953316241,O
2076190208,0,0.0018134016902905392,O
2076190208,0,-0.0014075772411200616,O
2200148275,0,0.0,N
2200148275,0,0.0,N
2200148275,0,0.0,N
2200148275,0,0.0,N
2200148275,0,0.0,N
2223687999,0,1.2000700236991513e-05,C
2223687999,0,0.0002418684665794757,C
2223687999,0,0.0004356985585268758,C
2223687999,0,0.00020722237060188942,C
2223687999,0,0.00014798729426646062,C
2228063684,0,0.001945744248776471,O
2228063684,0,0.0014369820879707174,O
2228063684,0,0.0015130835666147258,O
2228063684,0,0.000883691823499233,O
2228063684,0,0.0016316211937004166,O
2447826885,0,0.001446436393608752,C
2447826885,0,2.3419789836442995e-05,C
2447826885,0,-0.002187995255726438,C
2447826885,0,-0.0008890847573506111,C
2447826885,0,-0.0003012127144788046,C
3975275337,0,-0.0018314438787113696,C
3975275337,0,-0.0024436501778299924,C
3975275337,0,-0.0029211425916796374,C
3975275337,0,-0.0030603275060631097,C
3975275337,0,-0.003793153290442164,C
4121755354,0,0.00562145337655251,C
4121755354,0,0.010131812452126687,C
4121755354,0,0.0015550093877715332,C
4121755354,0,0.005803631982580715,C
4121755354,0,0.011458275725372724,C
97370940,0,-5.000202932725628e-05,C
97370940,0,-6.497567842667085e-05,C
97370940,0,-3.4040863535422794e-05,C
97370940,0,-8.131241956776947e-05,C
97370940,0,-5.6547592086952925e-05,C
109296634,0,0.0,N
109296634,0,0.0,N
109296634,0,0.0,N
109296634,0,0.0,N
109296634,0,0.0,N
171200514,0,0.012557674993833645,C
171200514,0,0.007794908403471079,C
171200514,0,0.013742006000086682,C
171200514,0,0.006760816718784146,C
171200514,0,0.019282850055057033,C
294799712,0,0.0,C
294799712,0,0.0,C
294799712,0,0.0,C
294799712,0,0.0,C
294799712,0,0.0,C
564807139,0,0.00010164913308952084,C
564807139,0,-7.368355282477701e-06,C
564807139,0,-1.5069459586847245e-05,C
564807139,0,4.7768845365836476e-05,C
564807139,0,0.00011525896480557574,C
589930590,0,0.002992274016363372,C
589930590,0,0.00035237394679488165,C
589930590,0,0.0005517437042237283,C
589930590,0,0.004723699032030959,C
589930590,0,6.400107207937822e-05,C
932712697,0,-0.0001667963525724403,O
932712697,0,0.00015837039497512695,O
932712697,0,-0.00019226577267861256,O
932712697,0,-5.260249580008036e-05,O
932712697,0,-0.0003858035561156159,O
1429883190,0,0.009072984843547571,C
1429883190,0,0.006657187580441537,C
1429883190,0,0.00473442815684455,C
1429883190,0,0.010389670735266088,C
1429883190,0,0.012103895682159749,C
1446204275,0,0.0,C
1446204275,0,0.0,C
1446204275,0,0.0,C
1446204275,0,0.0,C
1446204275,0,0.0,C
1714595447,0,-0.00039624547357908213,C
1714595447,0,-0.0008911483091635919,C
1714595447,0,-0.0007213056087844727,C
1714595447,0,-0.0005692324216289846,C
1714595447,0,-0.0008896325139844397,C
1751335243,0,0.0,S
1751335243,0,0.0,S
1751335243,0,0.0,S
1751335243,0,0.0,S
1751335243,0,0.0,S
1912641094,0,0.0,N
1912641094,0,0.0,N
1912641094,0,0.0,N
1912641094,0,0.0,N
1912641094,0,0.0,N
2594220197,0,-0.0003807833619562384,C
2594220197,0,-0.0003469758616534424,C
2594220197,0,-0.00012042836045300653,C
2594220197,0,-0.0006076656787082912,C
2594220197,0,-0.00030356250404917073,C
2734391750,0,0.0,C
2734391750,0,0.0,C
2734391750,0,0.0,C
2734391750,0,0.0,C
2734391750,0,0.0,C
2832976762,0,-0.0004551673510775345,C
2832976762,0,0.011679794526605836,C
2832976762,0,0.00647488796221618,C
2832976762,0,0.005204889726872719,C
2832976762,0,0.009602702828571896,C
2843970853,0,0.0003394439827179019,C
2843970853,0,0.0004715933593376631,C
2843970853,0,0.0002383516386527118,C
2843970853,0,0.00035114034179706266,C
2843970853,0,0.000550163271240911,C
3120784405,0,-5.088703496847202e-05,C
3120784405,0,-4.914910736109057e-05,C
3120784405,0,-0.0002888537335100638,C
3120784405,0,0.00010976560103859168,C
3120784405,0,0.00016325311126252906,C
3263463138,0,0.0,C
3263463138,0,0.0,C
3263463138,0,0.0,C
3263463138,0,0.0,C
3263463138,0,0.0,C
3305781483,0,0.0,C
3305781483,0,0.0,C
3305781483,0,0.0,C
3305781483,0,0.0,C
3305781483,0,0.0,C
3884454603,0,-0.0010975751134476575,C
3884454603,0,-4.2572751870695313e-05,C
3884454603,0,0.0007235964906052716,C
3884454603,0,0.00010475859742764548,C
3884454603,0,9.078631153736083e-05,C
4257302536,0,-0.0010053340154971835,N
4257302536,0,-0.0002182931127292509,N
4257302536,0,2.343723596276437e-05,N
4257302536,0,-0.00012325685776692907,N
4257302536,0,0.00013618129127956902,N
458195553,0,2.602697277342969e-05,N
458195553,0,2.602697277342969e-05,N
458195553,0,2.602697277342969e-05,N
458195553,0,2.602697277342969e-05,N
458195553,0,2.602697277342969e-05,N
694069322,0,0.0007045569739364543,N
694069322,0,0.0002861020588075247,N
694069322,0,0.0004575377030522354,N
694069322,0,0.00020476202284647194,N
694069322,0,0.0004707072961542824,N
1362518133,0,-0.0013171400639313546,N
1362518133,0,-0.001680789167775143,N
1362518133,0,-0.0012523914294628735,N
1362518133,0,-0.0010332066684843877,N
1362518133,0,-0.0022778649369024073,N
2720313463,0,0.004297629358145039,C
2720313463,0,0.002576158101914694,C
2720313463,0,0.0028134322416555335,C
2720313463,0,0.004502216056814667,C
2720313463,0,0.003683882603998212,C
3315826729,0,-0.004749669168510495,C
3315826729,0,-0.0038120389779996433,C
3315826729,0,-0.005782894207554068,C
3315826729,0,-0.0027813562728724595,C
3315826729,0,0.0018446936737070985,C
3596485316,0,0.002337893336884833,C
3596485316,0,0.0006724239462240211,C
3596485316,0,0.0028471785543719985,C
3596485316,0,0.0021367742109773546,C
3596485316,0,0.002076982892389445,C
3918336191,0,0.0027337752759424294,C
3918336191,0,0.0017467950620172479,C
3918336191,0,0.0045918809482741185,C
3918336191,0,0.000824784551539115,C
3918336191,0,0.0021399816589825482,C
3995043796,0,0.0010120700829201468,C
3995043796,0,0.00024400562022131034,C
3995043796,0,0.0007728799621243843,C
3995043796,0,-0.0025634399662042284,C
3995043796,0,-0.0005634137716074017,C
4164236649,0,-0.0008795001204612296,C
4164236649,0,-0.00043993680602305574,C
4164236649,0,0.0022181432940818757,C
4164236649,0,0.0010413129769986096,C
4164236649,0,-0.0004919551826935153,C
217962118,0,0.0,C
217962118,0,0.0,C
217962118,0,0.0,C
217962118,0,0.0,C
217962118,0,0.0,C
521507416,0,0.0,C
521507416,0,0.0,C
521507416,0,0.0,C
521507416,0,0.0,C
521507416,0,0.0,C
797194079,0,0.0,O
797194079,0,0.0,O
797194079,0,0.0,O
797194079,0,0.0,O
797194079,0,0.0,O
856123584,0,0.0,C
856123584,0,0.0,C
856123584,0,0.0,C
856123584,0,0.0,C
856123584,0,0.0,C
885026269,0,-0.00025951386278177946,C
885026269,0,0.0003928613412060855,C
885026269,0,8.898984695271395e-05,C
885026269,0,0.0004087656524891514,C
885026269,0,-0.0004916312146742152,C
895118200,0,0.0,N
895118200,0,0.0,N
895118200,0,0.0,N
895118200,0,0.0,N
895118200,0,0.0,N
1442940596,0,0.0,N
1442940596,0,0.0,N
1442940596,0,0.0,N
1442940596,0,0.0,N
1442940596,0,0.0,N
1444177117,0,0.0,C
1444177117,0,0.0,C
1444177117,0,0.0,C
1444177117,0,0.0,C
1444177117,0,0.0,C
1728247164,0,0.0,C
1728247164,0,0.0,C
1728247164,0,0.0,C
1728247164,0,0.0,C
1728247164,0,0.0,C
1819912581,0,0.00017932271431375657,C
1819912581,0,8.32310169550654e-05,C
1819912581,0,0.00023930886195566714,C
1819912581,0,0.00020462809338994692,C
1819912581,0,0.00028024236572754546,C
2146359984,0,0.0,C
2146359984,0,0.0,C
2146359984,0,0.0,C
2146359984,0,0.0,C
2146359984,0,0.0,C
2386884508,0,0.0,C
2386884508,0,0.0,C
2386884508,0,0.0,C
2386884508,0,0.0,C
2386884508,0,0.0,C
2560252747,0,-0.0005343236070434187,C
2560252747,0,-0.001502164592066979,C
2560252747,0,-0.0012644015588740842,C
2560252747,0,-0.000434821050538603,C
2560252747,0,-3.92017839020431e-05,C
2798699798,0,0.0,C
2798699798,0,0.0,C
2798699798,0,0.0,C
2798699798,0,0.0,C
2798699798,0,0.0,C
2931878080,0,0.0,C
2931878080,0,0.0,C
2931878080,0,0.0,C
2931878080,0,0.0,C
2931878080,0,0.0,C
2984966880,0,0.003046044883625365,C
2984966880,0,-0.0006729134767602396,C
2984966880,0,0.0026605363165979057,C
2984966880,0,0.004258402051735,C
2984966880,0,0.0015922322924325494,C
3037937276,0,0.0,C
3037937276,0,0.0,C
3037937276,0,0.0,C
3037937276,0,0.0,C
3037937276,0,0.0,C
3248686995,0,0.0033895625342941216,C
3248686995,0,0.0038612195346691136,C
3248686995,0,0.001365647003584325,C
3248686995,0,0.0034504969648777584,C
3248686995,0,0.002648099359177869,C
3276799575,0,0.0,N
3276799575,0,0.0,N
3276799575,0,0.0,N
3276799575,0,0.0,N
3276799575,0,0.0,N
3280857178,0,0.0,N
3280857178,0,0.0,N
3280857178,0,0.0,N
3280857178,0,0.0,N
3280857178,0,0.0,N
3289231689,0,0.0002768902368619486,C
3289231689,0,0.0005600315883578233,C
3289231689,0,0.00041315996105306674,C
3289231689,0,0.000375910404903923,C
3289231689,0,0.00039718028378921133,C
3617179377,0,0.0,C
3617179377,0,0.0,C
3617179377,0,0.0,C
3617179377,0,0.0,C
3617179377,0,0.0,C
3726546016,0,0.0,N
3726546016,0,0.0,N
3726546016,0,0.0,N
3726546016,0,0.0,N
3726546016,0,0.0,N
3733987795,0,0.0,C
3733987795,0,0.0,C
3733987795,0,0.0,C
3733987795,0,0.0,C
3733987795,0,0.0,C
4210576319,0,0.0,N
4210576319,0,0.0,N
4210576319,0,0.0,N
4210576319,0,0.0,N
4210576319,0,0.0,N
4256524850,0,-0.002308617280590064,C
4256524850,0,-0.0004076000568582483,C
4256524850,0,0.00019376262689085877,C
4256524850,0,0.0005062525563187537,C
4256524850,0,-0.0003323897004743337,C
4261830945,0,0.0007918122034683561,C
4261830945,0,0.0018535324074374637,C
4261830945,0,-0.0002925689511312779,C
4261830945,0,0.0017596767805070357,C
4261830945,0,0.002922825088438441,C
847433064,0,5.9654815759646596e-05,N
847433064,0,-0.0009672245342829955,N
847433064,0,0.0008070709670899845,N
847433064,0,-0.00025631347293686435,N
847433064,0,-0.00044237185283779734,N
2976816164,0,0.004657237421568761,C
2976816164,0,-0.0006681256915780365,C
2976816164,0,0.0015014186504895832,C
2976816164,0,2.138202365942199e-05,C
2976816164,0,-0.0015367461609184785,C
36538691,0,-0.0006734181382451743,C
36538691,0,0.00021120807667940333,C
36538691,0,0.00010597541974222136,C
36538691,0,-0.00032606084235142774,C
36538691,0,0.0002953241678524954,C
141882433,0,0.0005089570886738226,C
141882433,0,-0.001722391827451486,C
141882433,0,-0.002744730986629307,C
141882433,0,0.00034640716173528485,C
141882433,0,0.00010214614854542337,C
725322217,0,-0.0017821316112829333,C
725322217,0,-0.0010327835077049707,C
725322217,0,-0.0005436516914471001,C
725322217,0,-0.0012204405726253809,C
725322217,0,-0.0024680504701088957,C
1036770003,0,0.0,N
1036770003,0,0.0,N
1036770003,0,0.0,N
1036770003,0,0.0,N
1036770003,0,0.0,N
1782291908,0,0.0,C
1782291908,0,0.0,C
1782291908,0,0.0,C
1782291908,0,0.0,C
1782291908,0,0.0,C
2297887526,0,-0.0013146185309689251,N
2297887526,0,-0.0018174435699962466,N
2297887526,0,-0.0007356592251613892,N
2297887526,0,-0.0006874790547904963,N
2297887526,0,-4.962212117465281e-05,N
2355446912,0,7.46931551465213e-05,C
2355446912,0,7.46931551465213e-05,C
2355446912,0,7.46931551465213e-05,C
2355446912,0,7.46931551465213e-05,C
2355446912,0,7.46931551465213e-05,C
2434373675,0,-0.00017475639702735357,N
2434373675,0,0.0007468719262659906,N
2434373675,0,0.0001811010087398035,N
2434373675,0,0.00036951867987000675,N
2434373675,0,3.92228532076766e-05,N
2551483158,0,1.5855086849425604e-05,N
2551483158,0,-0.0004455348644004653,N
2551483158,0,0.00017958862386890928,N
2551483158,0,-0.0001522538445455357,N
2551483158,0,5.854454084097682e-05,N
2753863138,0,-0.00016987390139511227,C
2753863138,0,1.5650105032016803e-05,C
2753863138,0,-0.0005625348287343623,C
2753863138,0,0.0002514273466540651,C
2753863138,0,-0.0002942094883550128,C
2762211251,0,0.0,S
2762211251,0,0.0,S
2762211251,0,0.0,S
2762211251,0,0.0,S
2762211251,0,0.0,S
2810604122,0,0.0007412613310739946,C
2810604122,0,0.00027361137322134965,C
2810604122,0,0.0006749255874460847,C
2810604122,0,0.00022671750263214552,C
2810604122,0,0.0008713086375180534,C
3324153899,0,0.0,C
3324153899,0,0.0,C
3324153899,0,0.0,C
3324153899,0,0.0,C
3324153899,0,0.0,C
3461773897,0,0.0015708824120022058,N
3461773897,0,0.0016479433004593647,N
3461773897,0,0.0018250074140364614,N
3461773897,0,0.0010774111253576413,N
3461773897,0,0.001232005874537312,N
3623693988,0,0.0,C
3623693988,0,0.0,C
3623693988,0,0.0,C
3623693988,0,0.0,C
3623693988,0,0.0,C
32728066,0,0.0,C
32728066,0,0.0,C
32728066,0,0.0,C
32728066,0,0.0,C
32728066,0,0.0,C
269963113,0,0.0,C
269963113,0,0.0,C
269963113,0,0.0,C
269963113,0,0.0,C
269963113,0,0.0,C
753666527,0,0.0,N
753666527,0,0.0,N
753666527,0,0.0,N
753666527,0,0.0,N
753666527,0,0.0,N
1263243849,0,0.0,C
1263243849,0,0.0,C
1263243849,0,0.0,C
1263243849,0,0.0,C
1263243849,0,0.0,C
1274352488,0,0.0,C
1274352488,0,0.0,C
1274352488,0,0.0,C
1274352488,0,0.0,C
1274352488,0,0.0,C
2164380819,0,0.0,N
2164380819,0,0.0,N
2164380819,0,0.0,N
2164380819,0,0.0,N
2164380819,0,0.0,N
2290681723,0,0.0,C
2290681723,0,0.0,C
2290681723,0,0.0,C
2290681723,0,0.0,C
2290681723,0,0.0,C
2366448291,0,0.0,N
2366448291,0,0.0,N
2366448291,0,0.0,N
2366448291,0,0.0,N
2366448291,0,0.0,N
2432368409,0,0.0,N
2432368409,0,0.0,N
2432368409,0,0.0,N
2432368409,0,0.0,N
2432368409,0,0.0,N
2612409031,0,0.00045025262522446763,C
2612409031,0,0.00037422260989217193,C
2612409031,0,0.0003705248291031582,C
2612409031,0,0.000846262266219977,C
2612409031,0,0.00016351805750336457,C
2644135390,0,0.0,S
2644135390,0,0.0,S
2644135390,0,0.0,S
2644135390,0,0.0,S
2644135390,0,0.0,S
2739434395,0,0.0,C
2739434395,0,0.0,C
2739434395,0,0.0,C
2739434395,0,0.0,C
2739434395,0,0.0,C
2739952872,0,0.0,C
2739952872,0,0.0,C
2739952872,0,0.0,C
2739952872,0,0.0,C
2739952872,0,0.0,C
3299531028,0,0.0,N
3299531028,0,0.0,N
3299531028,0,0.0,N
3299531028,0,0.0,N
3299531028,0,0.0,N
3396503693,0,0.0,N
3396503693,0,0.0,N
3396503693,0,0.0,N
3396503693,0,0.0,N
3396503693,0,0.0,N
3463225569,0,0.0,C
3463225569,0,0.0,C
3463225569,0,0.0,C
3463225569,0,0.0,C
3463225569,0,0.0,C
3611333349,0,0.0,C
3611333349,0,0.0,C
3611333349,0,0.0,C
3611333349,0,0.0,C
3611333349,0,0.0,C
3744003924,0,0.0,C
3744003924,0,0.0,C
3744003924,0,0.0,C
3744003924,0,0.0,C
3744003924,0,0.0,C
3750444818,0,-0.0009834762819661558,C
3750444818,0,-0.00024982505764470364,C
3750444818,0,-0.001512210601501418,C
3750444818,0,-0.0013314426399875234,C
3750444818,0,-0.0006279589115136819,C
3986395223,0,0.0,C
3986395223,0,0.0,C
3986395223,0,0.0,C
3986395223,0,0.0,C
3986395223,0,0.0,C
4074174690,0,0.0,C
4074174690,0,0.0,C
4074174690,0,0.0,C
4074174690,0,0.0,C
4074174690,0,0.0,C
190140222,0,0.00046769909908883633,N
190140222,0,0.0005978953842599166,N
190140222,0,0.00017162537745551987,N
190140222,0,0.00011547862566141376,N
190140222,0,0.0005103151397845007,N
1228815484,0,-8.93790549094664e-05,C
1228815484,0,0.00023977888902759759,C
1228815484,0,0.0005254748005179,C
1228815484,0,-0.00041038832465112307,C
1228815484,0,0.00024247433251589623,C
1858577693,0,-0.00018919346185175545,C
1858577693,0,6.755660396939867e-05,C
1858577693,0,-2.4469243906977134e-05,C
1858577693,0,-0.0006116688631683243,C
1858577693,0,0.00014708827191955987,C
2212573984,0,0.0022086111848618195,S
2212573984,0,0.0035250389686126704,S
2212573984,0,0.00705159089573848,S
2212573984,0,0.004791894030179655,S
2212573984,0,0.002680562648868512,S
2463614838,0,0.001611756743870263,C
2463614838,0,0.00012068884429816684,C
2463614838,0,-0.00021181104279233143,C
2463614838,0,0.0003595887566645306,C
2463614838,0,0.00013125830979154873,C
597336504,0,0.0,C
597336504,0,0.0,C
597336504,0,0.0,C
597336504,0,0.0,C
597336504,0,0.0,C
1349611886,0,-1.3234895019587078e-05,N
1349611886,0,2.292106154166973e-05,N
1349611886,0,4.834071508941218e-05,N
1349611886,0,2.292106154166973e-05,N
1349611886,0,5.3190623646171e-05,N
1352399629,0,-0.0006908430078286232,O
1352399629,0,-0.0005232016097611591,O
1352399629,0,-7.569762676129521e-06,O
1352399629,0,0.0024618089947061605,O
1352399629,0,-0.0003102455431035489,O
1646750527,0,0.0005211359826482465,C
1646750527,0,0.0007451470928080406,C
1646750527,0,0.0004736858486187323,C
1646750527,0,0.0006685075469452517,C
1646750527,0,0.000463298143925428,C
1713195601,0,0.0,C
1713195601,0,0.0,C
1713195601,0,0.0,C
1713195601,0,0.0,C
1713195601,0,0.0,C
1854031727,0,0.0,C
1854031727,0,0.0,C
1854031727,0,0.0,C
1854031727,0,0.0,C
1854031727,0,0.0,C
2090654641,0,0.0,C
2090654641,0,0.0,C
2090654641,0,0.0,C
2090654641,0,0.0,C
2090654641,0,0.0,C
3372972590,0,0.0,N
3372972590,0,0.0,N
3372972590,0,0.0,N
3372972590,0,0.0,N
3372972590,0,0.0,N
3480777078,0,-0.00039248273848435655,C
3480777078,0,-0.00039248273848435655,C
3480777078,0,-0.00039248273848435655,C
3480777078,0,-0.00039248273848435655,C
3480777078,0,-0.00039248273848435655,C
3741881293,0,-0.0002455489725065041,C
3741881293,0,-3.4629855535039944e-05,C
3741881293,0,8.959087566595691e-05,C
3741881293,0,-0.00025193413311774826,C
3741881293,0,-9.537846728724375e-05,C
3966612213,0,0.0,S
3966612213,0,0.0,S
3966612213,0,0.0,S
3966612213,0,0.0,S
3966612213,0,0.0,S
4182960975,0,-2.8006797667678995e-06,C
4182960975,0,-5.202474309007332e-05,C
4182960975,0,1.8927119840306261e-06,C
4182960975,0,-6.916819920377293e-06,C
4182960975,0,0.00010886065314608118,C
3189457552,0,0.003389739553421811,O
3189457552,0,-0.004072234992104851,O
3189457552,0,0.004831536090953437,O
3189457552,0,-0.00810444414808853,O
3189457552,0,-0.005949873528129146,O
254000342,0,0.0,O
254000342,0,0.0,O
254000342,0,0.0,O
254000342,0,0.0,O
254000342,0,0.0,O
1257718710,0,-0.0010879378278036977,C
1257718710,0,0.0002786733893642701,C
1257718710,0,0.0005899251377396997,C
1257718710,0,-0.0006003559336564823,C
1257718710,0,0.001417255035985776,C
1634606847,0,-0.002792832763719222,N
1634606847,0,8.450954407857036e-05,N
1634606847,0,-0.0002630336653921539,N
1634606847,0,-0.003079525213498635,N
1634606847,0,-0.003357346069211231,N
2251845666,0,-0.0001822171669763062,C
2251845666,0,1.2408656396512008e-05,C
2251845666,0,-0.000729779393421115,C
2251845666,0,0.00025483579180740623,C
2251845666,0,-0.0005055966193140415,C
2459741777,0,-0.0007859558463483296,O
2459741777,0,-0.001484503542939053,O
2459741777,0,-0.002386318495724127,O
2459741777,0,-0.0007799987008531017,O
2459741777,0,-0.0011718662769866217,O
2994748777,0,-0.0019243005862021878,C
2994748777,0,0.00021645462734576348,C
2994748777,0,-0.0019125837724486283,C
2994748777,0,0.0015339884814851157,C
2994748777,0,-0.0037435639100197315,C
3203709451,0,0.0008211528413505365,O
3203709451,0,0.00023292281216380495,O
3203709451,0,0.0022799525140574373,O
3203709451,0,0.0005498531150063268,O
3203709451,0,0.0013781266287884453,O
3254486562,0,0.0009606175726790678,C
3254486562,0,0.0006133234861704917,C
3254486562,0,0.0007979514524165676,C
3254486562,0,0.001063663487229638,C
3254486562,0,0.0005857515221121545,C
3308404410,0,-0.00029598307537437307,C
3308404410,0,4.441957766065929e-05,C
3308404410,0,0.00017051502159404208,C
3308404410,0,-0.000426386963652714,C
3308404410,0,0.0002188439261882058,C
3346539298,0,-0.00021613051183400067,N
3346539298,0,-0.0002816906275089348,N
3346539298,0,-0.000687089353297976,N
3346539298,0,-0.0024671609338429157,N
3346539298,0,-0.0007494408555789311,N
3460898310,0,0.0009520555962724275,N
3460898310,0,0.0038208643416198784,N
3460898310,0,0.004313523854834744,N
3460898310,0,0.002129913133106509,N
3460898310,0,0.0041582927113509305,N
3820826669,0,0.000383391076058337,C
3820826669,0,0.0012541828575555192,C
3820826669,0,0.001018844082379955,C
3820826669,0,0.0014541226840734112,C
3820826669,0,0.0035227981808901854,C
4008337421,0,0.001800661133733672,C
4008337421,0,0.001828232531918328,C
4008337421,0,0.002365764823433536,C
4008337421,0,0.0026357288012168745,C
4008337421,0,0.003713015269618536,C
38514050,0,0.0,C
38514050,0,0.0,C
38514050,0,0.0,C
38514050,0,0.0,C
38514050,0,0.0,C
116811903,0,0.0,N
116811903,0,0.0,N
116811903,0,0.0,N
116811903,0,0.0,N
116811903,0,0.0,N
312306367,0,-0.00041862970963713053,C
312306367,0,-0.0001285032157182231,C
312306367,0,0.0008553546128244882,C
312306367,0,0.0007947665491455647,C
312306367,0,0.0022964629721865526,C
461775698,0,0.0,C
461775698,0,0.0,C
461775698,0,0.0,C
461775698,0,0.0,C
461775698,0,0.0,C
473978627,0,-0.0012514523405766642,C
473978627,0,-0.001258551511476358,C
473978627,0,-0.001422549526213568,C
473978627,0,-0.0013827318055601445,C
473978627,0,-0.0010096619642161464,C
619920801,0,-0.0001294338635111636,C
619920801,0,3.036351849616814e-05,C
619920801,0,-0.00026150479663578086,C
619920801,0,-0.00023997295118793893,C
619920801,0,-0.00044387155871838946,C
714893496,0,-1.9177336383013888e-05,C
714893496,0,3.9366302304277845e-05,C
714893496,0,-0.0002108082703285996,C
714893496,0,-0.0003222781782882267,C
714893496,0,-0.0002157106602116432,C
717151242,0,-0.0002701259409085832,O
717151242,0,-0.00012938303960874364,O
717151242,0,-0.0003640747073115902,O
717151242,0,-0.00016035325012631052,O
717151242,0,-0.00024042031039450684,O
910450790,0,-0.0015995469462144474,C
910450790,0,0.0024681728021402893,C
910450790,0,-0.0003783732078914692,C
910450790,0,-9.290104255654796e-05,C
910450790,0,0.000750924668035724,C
965146774,0,0.0,N
965146774,0,0.0,N
965146774,0,0.0,N
965146774,0,0.0,N
965146774,0,0.0,N
1081197576,0,0.0,C
1081197576,0,0.0,C
1081197576,0,0.0,C
1081197576,0,0.0,C
1081197576,0,0.0,C
1222631225,0,-3.492168292651421e-06,C
1222631225,0,-4.273023885137395e-05,C
1222631225,0,-9.519292479265307e-05,C
1222631225,0,0.00018694568202859418,C
1222631225,0,-2.0281567192359518e-06,C
1503972698,0,0.0,C
1503972698,0,0.0,C
1503972698,0,0.0,C
1503972698,0,0.0,C
1503972698,0,0.0,C
1556668346,0,6.482820847486526e-05,N
1556668346,0,4.61531039336327e-05,N
1556668346,0,-7.628475682852631e-05,N
1556668346,0,4.077726519513547e-05,N
1556668346,0,2.034247909898923e-06,N
1775767796,0,0.0,C
1775767796,0,0.0,C
1775767796,0,0.0,C
1775767796,0,0.0,C
1775767796,0,0.0,C
1823366930,0,0.0,C
1823366930,0,0.0,C
1823366930,0,0.0,C
1823366930,0,0.0,C
1823366930,0,0.0,C
1989685697,0,0.0,C
1989685697,0,0.0,C
1989685697,0,0.0,C
1989685697,0,0.0,C
1989685697,0,0.0,C
2018628328,0,0.0,C
2018628328,0,0.0,C
2018628328,0,0.0,C
2018628328,0,0.0,C
2018628328,0,0.0,C
2058492642,0,0.0,N
2058492642,0,0.0,N
2058492642,0,0.0,N
2058492642,0,0.0,N
2058492642,0,0.0,N
2180419430,0,0.0,O
2180419430,0,0.0,O
2180419430,0,0.0,O
2180419430,0,0.0,O
2180419430,0,0.0,O
2353583745,0,-0.0007774400039889384,C
2353583745,0,-0.0007046092460287756,C
2353583745,0,-0.0010266103952835115,C
2353583745,0,-0.0006691141695066571,C
2353583745,0,-0.0006541528185624035,C
2409362763,0,0.0,N
2409362763,0,0.0,N
2409362763,0,0.0,N
2409362763,0,0.0,N
2409362763,0,0.0,N
2498219816,0,0.0,C
2498219816,0,0.0,C
2498219816,0,0.0,C
2498219816,0,0.0,C
2498219816,0,0.0,C
2509211297,0,0.0013727277340009891,C
2509211297,0,0.0024792876468832103,C
2509211297,0,-2.800590154439231e-05,C
2509211297,0,0.0007595895651764106,C
2509211297,0,0.00151296895210018,C
2682881773,0,0.0,C
2682881773,0,0.0,C
2682881773,0,0.0,C
2682881773,0,0.0,C
2682881773,0,0.0,C
3292898205,0,0.0,C
3292898205,0,0.0,C
3292898205,0,0.0,C
3292898205,0,0.0,C
3292898205,0,0.0,C
3431531268,0,0.0,O
3431531268,0,0.0,O
3431531268,0,0.0,O
3431531268,0,0.0,O
3431531268,0,0.0,O
3888780669,0,-0.0011251884324193773,O
3888780669,0,-0.0023281237432719593,O
3888780669,0,0.0011051724216873948,O
3888780669,0,-0.0013299598212459518,O
3888780669,0,-0.0011145425618703797,O
3950788475,0,0.0,C
3950788475,0,0.0,C
3950788475,0,0.0,C
3950788475,0,0.0,C
3950788475,0,0.0,C
3983190549,0,0.0,C
3983190549,0,0.0,C
3983190549,0,0.0,C
3983190549,0,0.0,C
3983190549,0,0.0,C
4055698890,0,0.0012776311471558444,N
4055698890,0,0.001511780663100204,N
4055698890,0,0.0009217140891956133,N
4055698890,0,0.000124696612886388,N
4055698890,0,0.0009528633747142301,N
4129558839,0,5.416828160487164e-05,N
4129558839,0,0.0001408165757390556,N
4129558839,0,3.378235851192457e-05,N
4129558839,0,8.43669901823274e-05,N
4129558839,0,0.00016924127657680366,N
91144555,0,0.0,C
91144555,0,0.0,C
91144555,0,0.0,C
91144555,0,0.0,C
91144555,0,0.0,C
153234704,0,0.0,C
153234704,0,0.0,C
153234704,0,0.0,C
153234704,0,0.0,C
153234704,0,0.0,C
350061832,0,0.0,C
350061832,0,0.0,C
350061832,0,0.0,C
350061832,0,0.0,C
350061832,0,0.0,C
505767871,0,0.0,C
505767871,0,0.0,C
505767871,0,0.0,C
505767871,0,0.0,C
505767871,0,0.0,C
516041383,0,-0.00010697196289799482,C
516041383,0,-0.0011851621570666548,C
516041383,0,0.00040349750648327465,C
516041383,0,-0.00013482625553473682,C
516041383,0,0.0003912220002056932,C
542023358,0,0.0,C
542023358,0,0.0,C
542023358,0,0.0,C
542023358,0,0.0,C
542023358,0,0.0,C
551287920,0,0.0006517300933867043,C
551287920,0,0.002367103886642963,C
551287920,0,0.006434013364314262,C
551287920,0,0.002060067243184305,C
551287920,0,0.002627897194475093,C
994494548,0,0.0,C
994494548,0,0.0,C
994494548,0,0.0,C
994494548,0,0.0,C
994494548,0,0.0,C
1301245444,0,0.0,C
1301245444,0,0.0,C
1301245444,0,0.0,C
1301245444,0,0.0,C
1301245444,0,0.0,C
1693589848,0,0.0,N
1693589848,0,0.0,N
1693589848,0,0.0,N
1693589848,0,0.0,N
1693589848,0,0.0,N
1850810846,0,0.0,C
1850810846,0,0.0,C
1850810846,0,0.0,C
1850810846,0,0.0,C
1850810846,0,0.0,C
1861965050,0,0.0007979367261990999,C
1861965050,0,-0.0028316825412110225,C
1861965050,0,0.0008791434234040052,C
1861965050,0,-0.0007175550226942162,C
1861965050,0,-0.001592723459168388,C
1913679217,0,0.0,C
1913679217,0,0.0,C
1913679217,0,0.0,C
1913679217,0,0.0,C
1913679217,0,0.0,C
2119439498,0,-0.00020626440022908366,C
2119439498,0,0.0003552764047372037,C
2119439498,0,0.0007346701726735905,C
2119439498,0,-0.0003111419988641728,C
2119439498,0,-0.0004020129188548882,C
2605374084,0,0.0,C
2605374084,0,0.0,C
2605374084,0,0.0,C
2605374084,0,0.0,C
2605374084,0,0.0,C
3178196225,0,0.0,C
3178196225,0,0.0,C
3178196225,0,0.0,C
3178196225,0,0.0,C
3178196225,0,0.0,C
3188578434,0,0.0,C
3188578434,0,0.0,C
3188578434,0,0.0,C
3188578434,0,0.0,C
3188578434,0,0.0,C
3577933307,0,0.0,C
3577933307,0,0.0,C
3577933307,0,0.0,C
3577933307,0,0.0,C
3577933307,0,0.0,C
3614969428,0,0.0,C
3614969428,0,0.0,C
3614969428,0,0.0,C
3614969428,0,0.0,C
3614969428,0,0.0,C
3914061263,0,0.00047437356258273056,C
3914061263,0,0.00022933433432237305,C
3914061263,0,-0.00016843974798053107,C
3914061263,0,0.00011386718172057275,C
3914061263,0,-0.00046013508157749516,C
4223108416,0,0.0,C
4223108416,0,0.0,C
4223108416,0,0.0,C
4223108416,0,0.0,C
4223108416,0,0.0,C
4273842364,0,0.0,C
4273842364,0,0.0,C
4273842364,0,0.0,C
4273842364,0,0.0,C
4273842364,0,0.0,C
21584602,0,0.0,C
21584602,0,0.0,C
21584602,0,0.0,C
21584602,0,0.0,C
21584602,0,0.0,C
65448228,0,0.0,C
65448228,0,0.0,C
65448228,0,0.0,C
65448228,0,0.0,C
65448228,0,0.0,C
334078805,0,0.0,C
334078805,0,0.0,C
334078805,0,0.0,C
334078805,0,0.0,C
334078805,0,0.0,C
364599101,0,0.0,C
364599101,0,0.0,C
364599101,0,0.0,C
364599101,0,0.0,C
364599101,0,0.0,C
709642840,0,0.0,C
709642840,0,0.0,C
709642840,0,0.0,C
709642840,0,0.0,C
709642840,0,0.0,C
719459903,0,0.0,C
719459903,0,0.0,C
719459903,0,0.0,C
719459903,0,0.0,C
719459903,0,0.0,C
950899254,0,0.0,C
950899254,0,0.0,C
950899254,0,0.0,C
950899254,0,0.0,C
950899254,0,0.0,C
955777749,0,0.0,C
955777749,0,0.0,C
955777749,0,0.0,C
955777749,0,0.0,C
955777749,0,0.0,C
1551143545,0,0.0,C
1551143545,0,0.0,C
1551143545,0,0.0,C
1551143545,0,0.0,C
1551143545,0,0.0,C
1644491370,0,0.0,C
1644491370,0,0.0,C
1644491370,0,0.0,C
1644491370,0,0.0,C
1644491370,0,0.0,C
1689894946,0,0.0,C
1689894946,0,0.0,C
1689894946,0,0.0,C
1689894946,0,0.0,C
1689894946,0,0.0,C
2035804146,0,0.0,C
2035804146,0,0.0,C
2035804146,0,0.0,C
2035804146,0,0.0,C
2035804146,0,0.0,C
2240515393,0,0.0,C
2240515393,0,0.0,C
2240515393,0,0.0,C
2240515393,0,0.0,C
2240515393,0,0.0,C
2261370001,0,0.0,C
2261370001,0,0.0,C
2261370001,0,0.0,C
2261370001,0,0.0,C
2261370001,0,0.0,C
2370345011,0,0.0,C
2370345011,0,0.0,C
2370345011,0,0.0,C
2370345011,0,0.0,C
2370345011,0,0.0,C
2399760887,0,0.0,C
2399760887,0,0.0,C
2399760887,0,0.0,C
2399760887,0,0.0,C
2399760887,0,0.0,C
2467557643,0,0.0,C
2467557643,0,0.0,C
2467557643,0,0.0,C
2467557643,0,0.0,C
2467557643,0,0.0,C
2599740753,0,0.0,C
2599740753,0,0.0,C
2599740753,0,0.0,C
2599740753,0,0.0,C
2599740753,0,0.0,C
2786514417,0,0.0,C
2786514417,0,0.0,C
2786514417,0,0.0,C
2786514417,0,0.0,C
2786514417,0,0.0,C
3563343120,0,0.0,C
3563343120,0,0.0,C
3563343120,0,0.0,C
3563343120,0,0.0,C
3563343120,0,0.0,C
3639831514,0,0.0,C
3639831514,0,0.0,C
3639831514,0,0.0,C
3639831514,0,0.0,C
3639831514,0,0.0,C
3655890563,0,0.0,C
3655890563,0,0.0,C
3655890563,0,0.0,C
3655890563,0,0.0,C
3655890563,0,0.0,C
3736033135,0,0.0,C
3736033135,0,0.0,C
3736033135,0,0.0,C
3736033135,0,0.0,C
3736033135,0,0.0,C
3786095590,0,0.0,C
3786095590,0,0.0,C
3786095590,0,0.0,C
3786095590,0,0.0,C
3786095590,0,0.0,C
4226640035,0,0.0,N
4226640035,0,0.0,N
4226640035,0,0.0,N
4226640035,0,0.0,N
4226640035,0,0.0,N
848128881,0,0.0006840148923298317,N
848128881,0,0.008427749835472786,N
848128881,0,0.0088589151166788,N
848128881,0,-0.001139678339234118,N
848128881,0,0.00806373568456642,N
603510687,0,0.0006885130879045187,C
603510687,0,0.00027844731677628687,C
603510687,0,-0.0015238858235886443,C
603510687,0,-0.0003678058952584218,C
603510687,0,-0.00040121777520440993,C
1007161414,0,0.0,C
1007161414,0,0.0,C
1007161414,0,0.0,C
1007161414,0,0.0,C
1007161414,0,0.0,C
1276993226,0,-0.0030706752606393106,C
1276993226,0,-0.0014361328326589762,C
1276993226,0,-0.004016028633070157,C
1276993226,0,0.0011777687149592264,C
1276993226,0,0.0018219260081326905,C
1510461303,0,0.001320748823259832,C
1510461303,0,0.001131335494186314,C
1510461303,0,-0.0014318605866313616,C
1510461303,0,0.0006924418182647774,C
1510461303,0,-0.0013707527920427953,C
1824088295,0,0.0,C
1824088295,0,0.0,C
1824088295,0,0.0,C
1824088295,0,0.0,C
1824088295,0,0.0,C
1842898132,0,0.0008946785673460411,C
1842898132,0,-0.0034247950847345887,C
1842898132,0,-0.0031206782947535983,C
1842898132,0,-0.004250746992707444,C
1842898132,0,0.00041847328008715046,C
1923187777,0,0.0005838210434375712,N
1923187777,0,0.0007002357884262622,N
1923187777,0,0.0006053679285565883,N
1923187777,0,0.0007064753051824191,N
1923187777,0,4.512079133356384e-05,N
2510215966,0,0.000834712265693871,C
2510215966,0,0.0003763280351546383,C
2510215966,0,0.0003326477743831324,C
2510215966,0,0.0008936149692597706,C
2510215966,0,0.00023268704701429055,C
3012865236,0,0.0005279416334464937,N
3012865236,0,-8.173848386539007e-05,N
3012865236,0,0.0006156007225692761,N
3012865236,0,0.0002020451978654858,N
3012865236,0,0.00032857311813139223,N
3334525955,0,0.00011459110697220609,C
3334525955,0,-0.0029477429067205074,C
3334525955,0,-0.001374798063783711,C
3334525955,0,-0.0030803596830765168,C
3334525955,0,-0.0012991044170680421,C
3818546315,0,0.002348262896974096,C
3818546315,0,0.0017165160104315458,C
3818546315,0,0.0031294712564197136,C
3818546315,0,0.001895922545196549,C
3818546315,0,0.0038975075776976897,C
4142616092,0,0.0,C
4142616092,0,0.0,C
4142616092,0,0.0,C
4142616092,0,0.0,C
4142616092,0,0.0,C
4292539202,0,-0.00021065685783139276,C
4292539202,0,5.001433673279543e-05,C
4292539202,0,8.858106060316562e-05,C
4292539202,0,5.503256129801848e-06,C
4292539202,0,5.6022001786004694e-05,C
28542897,0,0.0,N
28542897,0,0.0,N
28542897,0,0.0,N
28542897,0,0.0,N
28542897,0,0.0,N
323531961,0,0.0,C
323531961,0,0.0,C
323531961,0,0.0,C
323531961,0,0.0,C
323531961,0,0.0,C
398568954,0,0.0,C
398568954,0,0.0,C
398568954,0,0.0,C
398568954,0,0.0,C
398568954,0,0.0,C
468055343,0,-0.00022290209037334474,C
468055343,0,-0.0002503918594022325,C
468055343,0,-0.0002503918594022325,C
468055343,0,-0.0002503918594022325,C
468055343,0,-3.47024396945006e-05,C
663118487,0,0.0,C
663118487,0,0.0,C
663118487,0,0.0,C
663118487,0,0.0,C
663118487,0,0.0,C
696146905,0,0.0,C
696146905,0,0.0,C
696146905,0,0.0,C
696146905,0,0.0,C
696146905,0,0.0,C
714619592,0,0.0,C
714619592,0,0.0,C
714619592,0,0.0,C
714619592,0,0.0,C
714619592,0,0.0,C
800085213,0,-0.0004556458470035274,C
800085213,0,0.0011026595870207156,C
800085213,0,0.0008590159826619148,C
800085213,0,-0.0011391103683237036,C
800085213,0,-0.00048131553300578833,C
1085715869,0,0.0,C
1085715869,0,0.0,C
1085715869,0,0.0,C
1085715869,0,0.0,C
1085715869,0,0.0,C
1099011003,0,0.0,C
1099011003,0,0.0,C
1099011003,0,0.0,C
1099011003,0,0.0,C
1099011003,0,0.0,C
1156796571,0,0.0,N
1156796571,0,0.0,N
1156796571,0,0.0,N
1156796571,0,0.0,N
1156796571,0,0.0,N
1923646266,0,0.0,C
1923646266,0,0.0,C
1923646266,0,0.0,C
1923646266,0,0.0,C
1923646266,0,0.0,C
2405245879,0,0.0,C
2405245879,0,0.0,C
2405245879,0,0.0,C
2405245879,0,0.0,C
2405245879,0,0.0,C
2513505929,0,6.224794435738534e-05,C
2513505929,0,6.224794435738534e-05,C
2513505929,0,6.224794435738534e-05,C
2513505929,0,6.224794435738534e-05,C
2513505929,0,6.224794435738534e-05,C
2514995658,0,0.0,C
2514995658,0,0.0,C
2514995658,0,0.0,C
2514995658,0,0.0,C
2514995658,0,0.0,C
2773066454,0,0.0,C
2773066454,0,0.0,C
2773066454,0,0.0,C
2773066454,0,0.0,C
2773066454,0,0.0,C
3507559179,0,0.0,C
3507559179,0,0.0,C
3507559179,0,0.0,C
3507559179,0,0.0,C
3507559179,0,0.0,C
3721278156,0,0.0,C
3721278156,0,0.0,C
3721278156,0,0.0,C
3721278156,0,0.0,C
3721278156,0,0.0,C
4105666400,0,-8.414966712333438e-07,C
4105666400,0,0.0001470541472475828,C
4105666400,0,-3.765635868979711e-05,C
4105666400,0,0.00017836865373077604,C
4105666400,0,1.810357218079428e-05,C
26234434,0,0.0008813419582838211,O
26234434,0,0.0014566144506987788,O
26234434,0,0.0011885914827353128,O
26234434,0,0.000911066338351918,O
26234434,0,0.000472970153856056,O
64070612,0,0.0002641552619151444,C
64070612,0,0.0004438045855545969,C
64070612,0,3.889062443163116e-05,C
64070612,0,0.0008268305004079934,C
64070612,0,0.0008722053302319122,C
239116674,0,0.0,C
239116674,0,0.0,C
239116674,0,0.0,C
239116674,0,0.0,C
239116674,0,0.0,C
1999904870,0,0.0003943860225139595,C
1999904870,0,-0.0004705152909623145,C
1999904870,0,-0.00046875816652702795,C
1999904870,0,-0.00032217892769026424,C
1999904870,0,5.313514232363481e-05,C
2089117413,0,-0.00013340361982405735,C
2089117413,0,-0.0004959776081878697,C
2089117413,0,0.0002600241150262361,C
2089117413,0,-0.0005850817329028368,C
2089117413,0,-0.0006530544125560311,C
3980805843,0,-0.0005580900930161059,C
3980805843,0,-0.000288006974527355,C
3980805843,0,-2.189278257758165e-05,C
3980805843,0,-0.0002177993682970225,C
3980805843,0,-0.0002531308238328256,C
96001975,0,-0.00019540812298879384,C
96001975,0,-0.0003066568128202718,C
96001975,0,-0.0007398502676532193,C
96001975,0,4.411307444707191e-05,C
96001975,0,0.00030198091362543256,C
128750964,0,0.0,C
128750964,0,0.0,C
128750964,0,0.0,C
128750964,0,0.0,C
128750964,0,0.0,C
142531445,0,0.00034424326535031913,C
142531445,0,0.0006615784087138366,C
142531445,0,0.0003678945336859085,C
142531445,0,-6.380510085224333e-05,C
142531445,0,-0.0005110604502218674,C
214126897,0,-0.0009570848651555552,C
214126897,0,-0.0016801667566966882,C
214126897,0,-0.0012644897140888789,C
214126897,0,-0.0007868405512854171,C
214126897,0,-0.0007451535592915004,C
497870099,0,0.0,C
497870099,0,0.0,C
497870099,0,0.0,C
497870099,0,0.0,C
497870099,0,0.0,C
866262779,0,0.0,N
866262779,0,0.0,N
866262779,0,0.0,N
866262779,0,0.0,N
866262779,0,0.0,N
1163692816,0,-8.727560282772995e-05,N
1163692816,0,-0.00021553581662947519,N
1163692816,0,-0.00022927199209832327,N
1163692816,0,-0.00019541129336253515,N
1163692816,0,0.00029594539458899227,N
1585902678,0,0.0,C
1585902678,0,0.0,C
1585902678,0,0.0,C
1585902678,0,0.0,C
1585902678,0,0.0,C
1754248939,0,0.0009171415368739444,C
1754248939,0,0.00012066966352075603,C
1754248939,0,-0.00033145756093166945,C
1754248939,0,-0.0007695129012276203,C
1754248939,0,-1.3108601131794906e-05,C
2261474071,0,0.0,C
2261474071,0,0.0,C
2261474071,0,0.0,C
2261474071,0,0.0,C
2261474071,0,0.0,C
2744158313,0,0.0,C
2744158313,0,0.0,C
2744158313,0,0.0,C
2744158313,0,0.0,C
2744158313,0,0.0,C
2800885459,0,0.0,C
2800885459,0,0.0,C
2800885459,0,0.0,C
2800885459,0,0.0,C
2800885459,0,0.0,C
2841547777,0,0.00018975530306575283,C
2841547777,0,0.0001961072552433274,C
2841547777,0,0.00013148341736579638,C
2841547777,0,0.00017457383162233775,C
2841547777,0,0.00011503308363292053,C
3209892106,0,0.0,N
3209892106,0,0.0,N
3209892106,0,0.0,N
3209892106,0,0.0,N
3209892106,0,0.0,N
3348622688,0,0.0,C
3348622688,0,0.0,C
3348622688,0,0.0,C
3348622688,0,0.0,C
3348622688,0,0.0,C
3594696610,0,-7.323860264363269e-06,C
3594696610,0,-9.245466499052668e-06,C
3594696610,0,0.0,C
3594696610,0,0.0,C
3594696610,0,-7.025457035014782e-07,C
30707086,0,3.8513747055657355e-05,C
30707086,0,9.089590148203541e-05,C
30707086,0,6.661754372916384e-06,C
30707086,0,6.628731698254953e-05,C
30707086,0,0.0001372453038407384,C
1173125914,0,-1.1405258141361507e-05,C
1173125914,0,-4.9481292204611727e-05,C
1173125914,0,5.4352035930071985e-05,C
1173125914,0,-6.746917214517367e-05,C
1173125914,0,-0.0001460514400623003,C
1462241120,0,0.0,C
1462241120,0,0.0,C
1462241120,0,0.0,C
1462241120,0,0.0,C
1462241120,0,0.0,C
2513428378,0,3.4035079766736587e-06,C
2513428378,0,-1.2232621011576406e-05,C
2513428378,0,0.00040878748753181426,C
2513428378,0,0.0008780109585657669,C
2513428378,0,0.0007608228956540453,C
2697110228,0,-0.0007519850081071366,C
2697110228,0,-0.0007159485914715047,C
2697110228,0,-0.0013898490996854251,C
2697110228,0,-0.0013169537455428593,C
2697110228,0,-0.0002969781353191481,C
2762810942,0,0.0,C
2762810942,0,0.0,C
2762810942,0,0.0,C
2762810942,0,0.0,C
2762810942,0,0.0,C
2975126068,0,0.00013545836330075556,N
2975126068,0,-0.0028032453749119446,N
2975126068,0,0.0020055158092892045,N
2975126068,0,0.0012477441191339755,N
2975126068,0,0.004852374581946872,N
2984045667,0,0.0,C
2984045667,0,0.0,C
2984045667,0,0.0,C
2984045667,0,0.0,C
2984045667,0,0.0,C
3034212252,0,0.0002598266010375161,C
3034212252,0,8.394396221955702e-05,C
3034212252,0,0.0008286042905777391,C
3034212252,0,0.00023123871538988094,C
3034212252,0,0.00034383326377152024,C
3482873808,0,0.0035206709172405093,C
3482873808,0,0.0004156692646778426,C
3482873808,0,0.005373786799243496,C
3482873808,0,0.008346382231200877,C
3482873808,0,-4.472207904282488e-05,C
3657471097,0,0.002437217757170096,C
3657471097,0,0.0017971885185205094,C
3657471097,0,-0.0025148827972661936,C
3657471097,0,-0.002903802631330943,C
3657471097,0,0.0005727209152374124,C
411946514,0,0.0,N
411946514,0,0.0,N
411946514,0,0.0,N
411946514,0,0.0,N
411946514,0,0.0,N
698395004,0,0.0005317898015795297,C
698395004,0,0.00030463828372340185,C
698395004,0,0.00028714317551303825,C
698395004,0,0.0004956645768131596,C
698395004,0,0.0002453008530197698,C
715404902,0,0.0,C
715404902,0,0.0,C
715404902,0,0.0,C
715404902,0,0.0,C
715404902,0,0.0,C
752433856,0,0.0,N
752433856,0,0.0,N
752433856,0,0.0,N
752433856,0,0.0,N
752433856,0,0.0,N
975892776,0,0.0,C
975892776,0,0.0,C
975892776,0,0.0,C
975892776,0,0.0,C
975892776,0,0.0,C
1007507120,0,0.0,C
1007507120,0,0.0,C
1007507120,0,0.0,C
1007507120,0,0.0,C
1007507120,0,0.0,C
1553638162,0,-0.00017731363009809709,C
1553638162,0,-0.0003040073018714118,C
1553638162,0,1.0051419638612558e-05,C
1553638162,0,-3.726284895722021e-05,C
1553638162,0,-0.00017610350870589375,C
1669800820,0,0.0,N
1669800820,0,0.0,N
1669800820,0,0.0,N
1669800820,0,0.0,N
1669800820,0,0.0,N
1863555477,0,-0.00029929042271692463,C
1863555477,0,-0.00016193896060956448,C
1863555477,0,0.000157264731382889,C
1863555477,0,-0.000364595755925623,C
1863555477,0,-6.236007366122731e-05,C
1892048877,0,0.0,C
1892048877,0,0.0,C
1892048877,0,0.0,C
1892048877,0,0.0,C
1892048877,0,0.0,C
2171097092,0,0.0,C
2171097092,0,0.0,C
2171097092,0,0.0,C
2171097092,0,0.0,C
2171097092,0,0.0,C
2447508436,0,0.0,C
2447508436,0,0.0,C
2447508436,0,0.0,C
2447508436,0,0.0,C
2447508436,0,0.0,C
2787503806,0,-0.0005409862906837759,C
2787503806,0,-0.00042079002741557403,C
2787503806,0,-0.00011168537432248993,C
2787503806,0,-0.00223318008775808,C
2787503806,0,-0.002191690863303508,C
2955423774,0,0.0,N
2955423774,0,0.0,N
2955423774,0,0.0,N
2955423774,0,0.0,N
2955423774,0,0.0,N
3260652206,0,0.0,C
3260652206,0,0.0,C
3260652206,0,0.0,C
3260652206,0,0.0,C
3260652206,0,0.0,C
3408309917,0,0.0,C
3408309917,0,0.0,C
3408309917,0,0.0,C
3408309917,0,0.0,C
3408309917,0,0.0,C
3507930102,0,0.0,N
3507930102,0,0.0,N
3507930102,0,0.0,N
3507930102,0,0.0,N
3507930102,0,0.0,N
3539604354,0,0.0,N
3539604354,0,0.0,N
3539604354,0,0.0,N
3539604354,0,0.0,N
3539604354,0,0.0,N
3763576453,0,0.0,C
3763576453,0,0.0,C
3763576453,0,0.0,C
3763576453,0,0.0,C
3763576453,0,0.0,C
3882774308,0,0.0,N
3882774308,0,0.0,N
3882774308,0,0.0,N
3882774308,0,0.0,N
3882774308,0,0.0,N
3917289208,0,0.0,C
3917289208,0,0.0,C
3917289208,0,0.0,C
3917289208,0,0.0,C
3917289208,0,0.0,C
4253828657,0,0.0,C
4253828657,0,0.0,C
4253828657,0,0.0,C
4253828657,0,0.0,C
4253828657,0,0.0,C
2900982932,0,0.0,C
2900982932,0,0.0,C
2900982932,0,0.0,C
2900982932,0,0.0,C
2900982932,0,0.0,C
3118255683,0,-0.00027623752379302147,N
3118255683,0,-0.00011081744966523477,N
3118255683,0,-9.398492709400408e-05,N
3118255683,0,8.440892066507999e-05,N
3118255683,0,0.00036472851831592656,N
359077626,0,0.0,N
359077626,0,0.0,N
359077626,0,0.0,N
359077626,0,0.0,N
359077626,0,0.0,N
644322065,0,0.0005236136520997414,C
644322065,0,0.0013340889232483777,C
644322065,0,0.0009684047222652259,C
644322065,0,0.001014756507004222,C
644322065,0,0.00040404776699864975,C
895250610,0,0.0,C
895250610,0,0.0,C
895250610,0,0.0,C
895250610,0,0.0,C
895250610,0,0.0,C
1215492469,0,0.0,C
1215492469,0,0.0,C
1215492469,0,0.0,C
1215492469,0,0.0,C
1215492469,0,0.0,C
1349404210,0,0.00023895725339539986,N
1349404210,0,-0.0008630456719724844,N
1349404210,0,-0.0006573190648694327,N
1349404210,0,-0.000762304024549243,N
1349404210,0,9.94607422959426e-05,N
1399598682,0,0.0,N
1399598682,0,0.0,N
1399598682,0,0.0,N
1399598682,0,0.0,N
1399598682,0,0.0,N
1423775345,0,0.0,C
1423775345,0,0.0,C
1423775345,0,0.0,C
1423775345,0,0.0,C
1423775345,0,0.0,C
1443130335,0,0.0,C
1443130335,0,0.0,C
1443130335,0,0.0,C
1443130335,0,0.0,C
1443130335,0,0.0,C
1558658757,0,-3.584909008425008e-05,C
1558658757,0,0.00010706337963761747,C
1558658757,0,-4.6292058632046995e-05,C
1558658757,0,-3.584909008425008e-05,C
1558658757,0,-0.00012294895905717862,C
1717044408,0,0.0007168004814389617,C
1717044408,0,-3.420534025799782e-05,C
1717044408,0,0.00015258064085355016,C
1717044408,0,-0.00013997863135373212,C
1717044408,0,7.932510434205398e-05,C
2486184522,0,0.0,C
2486184522,0,0.0,C
2486184522,0,0.0,C
2486184522,0,0.0,C
2486184522,0,0.0,C
2624111612,0,0.0,C
2624111612,0,0.0,C
2624111612,0,0.0,C
2624111612,0,0.0,C
2624111612,0,0.0,C
4029796037,0,0.0,C
4029796037,0,0.0,C
4029796037,0,0.0,C
4029796037,0,0.0,C
4029796037,0,0.0,C
4058119759,0,0.0,C
4058119759,0,0.0,C
4058119759,0,0.0,C
4058119759,0,0.0,C
4058119759,0,0.0,C
4101595700,0,0.0,C
4101595700,0,0.0,C
4101595700,0,0.0,C
4101595700,0,0.0,C
4101595700,0,0.0,C
4160330003,0,0.0,C
4160330003,0,0.0,C
4160330003,0,0.0,C
4160330003,0,0.0,C
4160330003,0,0.0,C
665262190,0,0.0,C
665262190,0,0.0,C
665262190,0,0.0,C
665262190,0,0.0,C
665262190,0,0.0,C
720253145,0,-0.00015104681784450236,N
720253145,0,-0.0002444315040552869,N
720253145,0,8.142227491458875e-06,N
720253145,0,8.375090601664414e-05,N
720253145,0,2.6585744570262193e-06,N
780490489,0,0.0,C
780490489,0,0.0,C
780490489,0,0.0,C
780490489,0,0.0,C
780490489,0,0.0,C
979289493,0,0.0,C
979289493,0,0.0,C
979289493,0,0.0,C
979289493,0,0.0,C
979289493,0,0.0,C
1216311943,0,0.0,C
1216311943,0,0.0,C
1216311943,0,0.0,C
1216311943,0,0.0,C
1216311943,0,0.0,C
1685931278,0,0.0,C
1685931278,0,0.0,C
1685931278,0,0.0,C
1685931278,0,0.0,C
1685931278,0,0.0,C
1869728514,0,0.0,C
1869728514,0,0.0,C
1869728514,0,0.0,C
1869728514,0,0.0,C
1869728514,0,0.0,C
2067855442,0,0.0,C
2067855442,0,0.0,C
2067855442,0,0.0,C
2067855442,0,0.0,C
2067855442,0,0.0,C
2619833740,0,0.0,C
2619833740,0,0.0,C
2619833740,0,0.0,C
2619833740,0,0.0,C
2619833740,0,0.0,C
2781567920,0,0.0,C
2781567920,0,0.0,C
2781567920,0,0.0,C
2781567920,0,0.0,C
2781567920,0,0.0,C
3157481675,0,-0.00037509269018953795,C
3157481675,0,4.12391661007705e-05,C
3157481675,0,-8.38777516043443e-05,C
3157481675,0,2.659540411364958e-05,C
3157481675,0,-9.621240319501734e-05,C
3163484390,0,0.0,N
3163484390,0,0.0,N
3163484390,0,0.0,N
3163484390,0,0.0,N
3163484390,0,0.0,N
3460418063,0,0.0,C
3460418063,0,0.0,C
3460418063,0,0.0,C
3460418063,0,0.0,C
3460418063,0,0.0,C
3567332457,0,0.0,C
3567332457,0,0.0,C
3567332457,0,0.0,C
3567332457,0,0.0,C
3567332457,0,0.0,C
3628146810,0,0.0,C
3628146810,0,0.0,C
3628146810,0,0.0,C
3628146810,0,0.0,C
3628146810,0,0.0,C
3689791161,0,-0.001130443084417121,C
3689791161,0,-0.0006944427399213637,C
3689791161,0,-0.0019298078023762821,C
3689791161,0,-7.973411500361571e-05,C
3689791161,0,-0.00043841261909172147,C
3727960280,0,0.0005501428320697777,C
3727960280,0,0.0003563323345403546,C
3727960280,0,0.00033992844919683574,C
3727960280,0,0.0003305045002335305,C
3727960280,0,0.0004864311861977333,C
2246703798,0,0.007844675418279046,C
2246703798,0,0.006833842324521222,C
2246703798,0,0.007327230022315834,C
2246703798,0,0.004833250903411468,C
2246703798,0,0.007161463523360001,C
2246997334,0,0.0,C
2246997334,0,0.0,C
2246997334,0,0.0,C
2246997334,0,0.0,C
2246997334,0,0.0,C
443932914,0,0.00018708867549610542,N
443932914,0,0.00015174795815209308,N
443932914,0,0.0001664790188291576,N
443932914,0,0.000167102159281729,N
443932914,0,0.00015624292949700802,N
723026879,0,0.0,C
723026879,0,0.0,C
723026879,0,0.0,C
723026879,0,0.0,C
723026879,0,0.0,C
2858133368,0,0.0,C
2858133368,0,0.0,C
2858133368,0,0.0,C
2858133368,0,0.0,C
2858133368,0,0.0,C
3028039221,0,2.0414822676451116e-05,N
3028039221,0,-1.8875650070748762e-05,N
3028039221,0,2.0414822676451116e-05,N
3028039221,0,-5.252733347149707e-05,N
3028039221,0,1.6090958507852804e-06,N
3431706412,0,0.0,C
3431706412,0,0.0,C
3431706412,0,0.0,C
3431706412,0,0.0,C
3431706412,0,0.0,C
3696402029,0,0.0,C
3696402029,0,0.0,C
3696402029,0,0.0,C
3696402029,0,0.0,C
3696402029,0,0.0,C
215394313,0,5.815680463205908e-06,C
215394313,0,-7.12810193649327e-05,C
215394313,0,-0.00011237468621017044,C
215394313,0,-0.00014490461081551054,C
215394313,0,-0.00011978583383120966,C
411975912,0,0.0,C
411975912,0,0.0,C
411975912,0,0.0,C
411975912,0,0.0,C
411975912,0,0.0,C
683436560,0,0.0,C
683436560,0,0.0,C
683436560,0,0.0,C
683436560,0,0.0,C
683436560,0,0.0,C
1102307062,0,0.0,C
1102307062,0,0.0,C
1102307062,0,0.0,C
1102307062,0,0.0,C
1102307062,0,0.0,C
1136770028,0,0.0,C
1136770028,0,0.0,C
1136770028,0,0.0,C
1136770028,0,0.0,C
1136770028,0,0.0,C
1288465416,0,0.0,N
1288465416,0,0.0,N
1288465416,0,0.0,N
1288465416,0,0.0,N
1288465416,0,0.0,N
1528304983,0,-0.00010842417629941536,N
1528304983,0,-0.00010842417629941536,N
1528304983,0,-0.00017163237541817367,N
1528304983,0,-0.00016690733416269143,N
1528304983,0,-0.00010842417629941536,N
1616374401,0,0.0,N
1616374401,0,0.0,N
1616374401,0,0.0,N
1616374401,0,0.0,N
1616374401,0,0.0,N
2855844237,0,0.0,C
2855844237,0,0.0,C
2855844237,0,0.0,C
2855844237,0,0.0,C
2855844237,0,0.0,C
3541589939,0,0.0,C
3541589939,0,0.0,C
3541589939,0,0.0,C
3541589939,0,0.0,C
3541589939,0,0.0,C
3566991489,0,0.0,C
3566991489,0,0.0,C
3566991489,0,0.0,C
3566991489,0,0.0,C
3566991489,0,0.0,C
3869083168,0,0.0,C
3869083168,0,0.0,C
3869083168,0,0.0,C
3869083168,0,0.0,C
3869083168,0,0.0,C
994821171,0,0.0,N
994821171,0,0.0,N
994821171,0,0.0,N
994821171,0,0.0,N
994821171,0,0.0,N
1255626466,0,-0.00013360310196541825,N
1255626466,0,0.00024827716542696887,N
1255626466,0,0.00017217489018872545,N
1255626466,0,0.0010135169026137536,N
1255626466,0,-9.828342252848898e-05,N
2556855854,0,5.477527743535937e-05,C
2556855854,0,9.109201068391304e-05,C
2556855854,0,-3.982551317449623e-05,C
2556855854,0,-4.4254023933709696e-05,C
2556855854,0,-4.224727723911581e-05,C
2819130785,0,0.0,C
2819130785,0,0.0,C
2819130785,0,0.0,C
2819130785,0,0.0,C
2819130785,0,0.0,C
3177362943,0,-0.0005344478141761089,C
3177362943,0,-0.00020590270183895587,C
3177362943,0,-0.000547330845279359,C
3177362943,0,-2.761946240248392e-05,C
3177362943,0,-0.00032627895970105403,C
3410651186,0,0.0,C
3410651186,0,0.0,C
3410651186,0,0.0,C
3410651186,0,0.0,C
3410651186,0,0.0,C
4039837947,0,0.0,F
4039837947,0,0.0,F
4039837947,0,0.0,F
4039837947,0,0.0,F
4039837947,0,0.0,F
92925610,0,0.0,C
92925610,0,0.0,C
92925610,0,0.0,C
92925610,0,0.0,C
92925610,0,0.0,C
540815687,0,-0.00038341130346164487,N
540815687,0,0.00037274910514195625,N
540815687,0,0.0005078854586895165,N
540815687,0,-0.00019806068183847447,N
540815687,0,0.0010870378811799197,N
780370718,0,0.0,N
780370718,0,0.0,N
780370718,0,0.0,N
780370718,0,0.0,N
780370718,0,0.0,N
781025043,0,0.0,C
781025043,0,0.0,C
781025043,0,0.0,C
781025043,0,0.0,C
781025043,0,0.0,C
1023209243,0,0.0,N
1023209243,0,0.0,N
1023209243,0,0.0,N
1023209243,0,0.0,N
1023209243,0,0.0,N
1131570738,0,0.0,N
1131570738,0,-2.6074454752444964e-05,N
1131570738,0,5.6215572681428405e-05,N
1131570738,0,-2.808240114149374e-05,N
1131570738,0,2.298301785785828e-05,N
1150405168,0,0.0,C
1150405168,0,0.0,C
1150405168,0,0.0,C
1150405168,0,0.0,C
1150405168,0,0.0,C
1641839479,0,0.0,N
1641839479,0,0.0,N
1641839479,0,0.0,N
1641839479,0,0.0,N
1641839479,0,0.0,N
2160384926,0,-0.0013088501724650703,N
2160384926,0,-0.0006698543902512455,N
2160384926,0,-0.00023418263337582346,N
2160384926,0,-6.437080812826679e-06,N
2160384926,0,0.00023108598244503398,N
2460299331,0,0.0,C
2460299331,0,0.0,C
2460299331,0,0.0,C
2460299331,0,0.0,C
2460299331,0,0.0,C
2486266314,0,-2.685710364769278e-06,C
2486266314,0,-0.0007184678227919461,C
2486266314,0,0.00039816556874605613,C
2486266314,0,-0.00010877170463574615,C
2486266314,0,0.00034874682118102296,C
2628190857,0,0.0,N
2628190857,0,0.0,N
2628190857,0,0.0,N
2628190857,0,0.0,N
2628190857,0,0.0,N
2872312665,0,0.0,C
2872312665,0,0.0,C
2872312665,0,0.0,C
2872312665,0,0.0,C
2872312665,0,0.0,C
3005819886,0,0.0,C
3005819886,0,0.0,C
3005819886,0,0.0,C
3005819886,0,0.0,C
3005819886,0,0.0,C
3154728280,0,0.0,C
3154728280,0,0.0,C
3154728280,0,0.0,C
3154728280,0,0.0,C
3154728280,0,0.0,C
3848368466,0,0.0,C
3848368466,0,0.0,C
3848368466,0,0.0,C
3848368466,0,0.0,C
3848368466,0,0.0,C
4011293459,0,-0.003018607581163124,C
4011293459,0,-0.002039402856694905,C
4011293459,0,-0.0033556785815568313,C
4011293459,0,-0.0041185991195570315,C
4011293459,0,-0.0027615461879392234,C
4015884349,0,0.0,C
4015884349,0,0.0,C
4015884349,0,0.0,C
4015884349,0,0.0,C
4015884349,0,0.0,C
4017659646,0,0.0,C
4017659646,0,0.0,C
4017659646,0,0.0,C
4017659646,0,0.0,C
4017659646,0,0.0,C
4151045509,0,0.0,C
4151045509,0,0.0,C
4151045509,0,0.0,C
4151045509,0,0.0,C
4151045509,0,0.0,C
4277593707,0,0.0,H
4277593707,0,0.0,H
4277593707,0,0.0,H
4277593707,0,0.0,H
4277593707,0,0.0,H
540046244,0,0.0004677599045430636,C
540046244,0,-0.0016570432538133284,C
540046244,0,-0.0010829597868869945,C
540046244,0,-0.0003903472393919083,C
540046244,0,-0.005545881744315473,C
828793177,0,0.0006768768493742305,N
828793177,0,-0.0003221567750280041,N
828793177,0,0.0003051073768605139,N
828793177,0,0.0004113269058522162,N
828793177,0,0.00010488133835728775,N
1136130381,0,0.0008784944910462666,C
1136130381,0,0.0010122393082645509,C
1136130381,0,0.002219995916807105,C
1136130381,0,0.0010431487757956992,C
1136130381,0,0.00047326316053852846,C
1874871479,0,0.0,C
1874871479,0,0.0,C
1874871479,0,0.0,C
1874871479,0,0.0,C
1874871479,0,0.0,C
2110118862,0,-0.0004520341001542638,C
2110118862,0,0.00020822974903822455,C
2110118862,0,9.623522891766267e-05,C
2110118862,0,0.00021920065121483479,C
2110118862,0,2.4284947239272547e-05,C
2806018737,0,-0.0016875826347476641,C
2806018737,0,0.0009239008763373135,C
2806018737,0,0.001356262342591008,C
2806018737,0,-0.0004737138046418954,C
2806018737,0,-0.00033559716511344373,C
3321501200,0,0.0,H
3321501200,0,0.0,H
3321501200,0,0.0,H
3321501200,0,0.0,H
3321501200,0,0.0,H
3458774156,0,0.023882704418291767,N
3458774156,0,0.007691003390890905,N
3458774156,0,-0.0033892925348888436,N
3458774156,0,0.010143168458315643,N
3458774156,0,0.014793370179806864,N
3811375594,0,0.0,C
3811375594,0,0.0,C
3811375594,0,0.0,C
3811375594,0,0.0,C
3811375594,0,0.0,C
26983675,0,0.0,C
26983675,0,0.0,C
26983675,0,0.0,C
26983675,0,-0.00011038382207995134,C
26983675,0,0.0,C
535741794,0,0.0,N
535741794,0,0.0,N
535741794,0,0.0,N
535741794,0,0.0,N
535741794,0,0.0,N
786150277,0,0.0,N
786150277,0,0.0,N
786150277,0,0.0,N
786150277,0,0.0,N
786150277,0,0.0,N
909290456,0,0.0,C
909290456,0,0.0,C
909290456,0,0.0,C
909290456,0,0.0,C
909290456,0,0.0,C
910588689,0,0.0,C
910588689,0,0.0,C
910588689,0,0.0,C
910588689,0,0.0,C
910588689,0,0.0,C
930311090,0,0.0,C
930311090,0,0.0,C
930311090,0,0.0,C
930311090,0,0.0,C
930311090,0,0.0,C
1010142783,0,0.0,O
1010142783,0,0.0,O
1010142783,0,0.0,O
1010142783,0,0.0,O
1010142783,0,0.0,O
1024985588,0,0.0,N
1024985588,0,0.0,N
1024985588,0,0.0,N
1024985588,0,0.0,N
1024985588,0,0.0,N
1323467736,0,0.002023951163819704,C
1323467736,0,0.002101333374081693,C
1323467736,0,0.0021457593250301388,C
1323467736,0,0.0018703641225072953,C
1323467736,0,0.001843344285022086,C
1553946601,0,0.0,C
1553946601,0,0.0,C
1553946601,0,0.0,C
1553946601,0,0.0,C
1553946601,0,0.0,C
1657678088,0,0.0,N
1657678088,0,0.0,N
1657678088,0,0.0,N
1657678088,0,0.0,N
1657678088,0,0.0,N
1869141243,0,0.0,N
1869141243,0,0.0,N
1869141243,0,0.0,N
1869141243,0,0.0,N
1869141243,0,0.0,N
1903925225,0,0.0,N
1903925225,0,0.0,N
1903925225,0,0.0,N
1903925225,0,0.0,N
1903925225,0,0.0,N
1957117295,0,0.0,C
1957117295,0,0.0,C
1957117295,0,0.0,C
1957117295,0,0.0,C
1957117295,0,0.0,C
2029358908,0,0.0,C
2029358908,0,0.0,C
2029358908,0,0.0,C
2029358908,0,0.0,C
2029358908,0,0.0,C
2048724485,0,0.0,N
2048724485,0,0.0,N
2048724485,0,0.0,N
2048724485,0,0.0,N
2048724485,0,0.0,N
2751443729,0,0.0,C
2751443729,0,0.0,C
2751443729,0,0.0,C
2751443729,0,0.0,C
2751443729,0,0.0,C
2931743253,0,0.0,N
2931743253,0,0.0,N
2931743253,0,0.0,N
2931743253,0,0.0,N
2931743253,0,0.0,N
3088984962,0,-0.00010432484461997404,C
3088984962,0,3.308273847257848e-05,C
3088984962,0,0.0003224081842689852,C
3088984962,0,0.0005578360688860418,C
3088984962,0,0.00018586696876343733,C
3387690060,0,0.0,C
3387690060,0,0.0,C
3387690060,0,0.0,C
3387690060,0,0.0,C
3387690060,0,0.0,C
3552728635,0,0.0,C
3552728635,0,0.0,C
3552728635,0,0.0,C
3552728635,0,0.0,C
3552728635,0,0.0,C
3598084476,0,0.0,C
3598084476,0,0.0,C
3598084476,0,0.0,C
3598084476,0,0.0,C
3598084476,0,0.0,C
4048157477,0,0.0,C
4048157477,0,0.0,C
4048157477,0,0.0,C
4048157477,0,0.0,C
4048157477,0,0.0,C
3351556771,0,-0.00802194083104435,S
3351556771,0,-0.007713707884652865,S
3351556771,0,0.00518438619925099,S
3351556771,0,0.005951315293445059,S
3351556771,0,0.019163310111482645,S
54936104,0,0.00020224894897358237,C
54936104,0,-0.00016925165422543298,C
54936104,0,-9.122942425465741e-05,C
54936104,0,0.000261057586093405,C
54936104,0,-0.0003554903283879973,C
1229325558,0,0.00021411842437235595,N
1229325558,0,-2.9641491305576473e-05,N
1229325558,0,-0.00011256890540645159,N
1229325558,0,-0.0001094274012874985,N
1229325558,0,-0.0002033184153972245,N
1880637161,0,0.0,S
1880637161,0,0.0,S
1880637161,0,0.0,S
1880637161,0,0.0,S
1880637161,0,0.0,S
2360467803,0,0.0,C
2360467803,0,0.0,C
2360467803,0,0.0,C
2360467803,0,0.0,C
2360467803,0,0.0,C
2424973678,0,0.0035537491066788274,C
2424973678,0,0.005918548682216529,C
2424973678,0,0.006174825766267711,C
2424973678,0,0.006690947280513337,C
2424973678,0,0.009497048143490172,C
2609658248,0,-0.0005368811205289648,C
2609658248,0,-0.00018706736572560168,C
2609658248,0,0.00032694240441011324,C
2609658248,0,0.00012261604933494485,C
2609658248,0,0.0003221989368070721,C
4179862704,0,-0.0003910510426734515,C
4179862704,0,-0.00043517809342230596,C
4179862704,0,-0.00044450625584879777,C
4179862704,0,-0.0010123396542703889,C
4179862704,0,-0.0006665968430648039,C
197088345,0,0.0,C
197088345,0,0.0,C
197088345,0,0.0,C
197088345,0,0.0,C
197088345,0,0.0,C
324017337,0,0.0,S
324017337,0,0.0,S
324017337,0,0.0,S
324017337,0,0.0,S
324017337,0,0.0,S
991022577,0,0.0,C
991022577,0,0.0,C
991022577,0,0.0,C
991022577,0,0.0,C
991022577,0,0.0,C
1050388032,0,0.0,O
1050388032,0,0.0,O
1050388032,0,0.0,O
1050388032,0,0.0,O
1050388032,0,0.0,O
1243327745,0,0.0,C
1243327745,0,0.0,C
1243327745,0,0.0,C
1243327745,0,0.0,C
1243327745,0,0.0,C
1498355701,0,0.0,C
1498355701,0,0.0,C
1498355701,0,0.0,C
1498355701,0,0.0,C
1498355701,0,0.0,C
1525423190,0,0.0,C
1525423190,0,0.0,C
1525423190,0,0.0,C
1525423190,0,0.0,C
1525423190,0,0.0,C
2223903554,0,0.0,C
2223903554,0,0.0,C
2223903554,0,0.0,C
2223903554,0,0.0,C
2223903554,0,0.0,C
2278249975,0,0.0,S
2278249975,0,0.0,S
2278249975,0,0.0,S
2278249975,0,0.0,S
2278249975,0,0.0,S
2307411320,0,0.0,C
2307411320,0,0.0,C
2307411320,0,0.0,C
2307411320,0,0.0,C
2307411320,0,0.0,C
2326951013,0,0.0,C
2326951013,0,0.0,C
2326951013,0,0.0,C
2326951013,0,0.0,C
2326951013,0,0.0,C
2613287784,0,0.0,C
2613287784,0,0.0,C
2613287784,0,0.0,C
2613287784,0,0.0,C
2613287784,0,0.0,C
3216057531,0,0.0,C
3216057531,0,0.0,C
3216057531,0,0.0,C
3216057531,0,0.0,C
3216057531,0,0.0,C
3498419259,0,0.0,C
3498419259,0,0.0,C
3498419259,0,0.0,C
3498419259,0,0.0,C
3498419259,0,0.0,C
3572239627,0,0.0,N
3572239627,0,0.0,N
3572239627,0,0.0,N
3572239627,0,0.0,N
3572239627,0,0.0,N
3607642719,0,0.0,C
3607642719,0,0.0,C
3607642719,0,0.0,C
3607642719,0,0.0,C
3607642719,0,0.0,C
3728348531,0,0.0,N
3728348531,0,0.0,N
3728348531,0,0.0,N
3728348531,0,0.0,N
3728348531,0,0.0,N
3760180875,0,0.0,N
3760180875,0,0.0,N
3760180875,0,0.0,N
3760180875,0,0.0,N
3760180875,0,0.0,N
3962114891,0,0.0,C
3962114891,0,0.0,C
3962114891,0,0.0,C
3962114891,0,0.0,C
3962114891,0,0.0,C
3995596583,0,0.0,C
3995596583,0,0.0,C
3995596583,0,0.0,C
3995596583,0,0.0,C
3995596583,0,0.0,C
4033041123,0,0.0,C
4033041123,0,0.0,C
4033041123,0,0.0,C
4033041123,0,0.0,C
4033041123,0,0.0,C
3632480728,0,0.0,C
3632480728,0,0.0,C
3632480728,0,0.0,C
3632480728,0,0.0,C
3632480728,0,0.0,C
4174067669,0,0.0,C
4174067669,0,0.0,C
4174067669,0,0.0,C
4174067669,0,0.0,C
4174067669,0,0.0,C
4291484675,0,0.0,N
4291484675,0,0.0,N
4291484675,0,0.0,N
4291484675,0,0.0,N
4291484675,0,0.0,N
314877203,0,0.0,C
314877203,0,0.0,C
314877203,0,0.0,C
314877203,0,0.0,C
314877203,0,0.0,C
489388916,0,0.0,C
489388916,0,0.0,C
489388916,0,0.0,C
489388916,0,0.0,C
489388916,0,0.0,C
1680331922,0,0.0,C
1680331922,0,0.0,C
1680331922,0,0.0,C
1680331922,0,0.0,C
1680331922,0,0.0,C
1777036577,0,0.0,C
1777036577,0,0.0,C
1777036577,0,0.0,C
1777036577,0,0.0,C
1777036577,0,0.0,C
1907838786,0,0.0,C
1907838786,0,0.0,C
1907838786,0,0.0,C
1907838786,0,0.0,C
1907838786,0,0.0,C
2083378866,0,0.0,N
2083378866,0,0.0,N
2083378866,0,0.0,N
2083378866,0,0.0,N
2083378866,0,0.0,N
2089800336,0,0.0,C
2089800336,0,0.0,C
2089800336,0,0.0,C
2089800336,0,0.0,C
2089800336,0,0.0,C
2148515119,0,0.0,C
2148515119,0,0.0,C
2148515119,0,0.0,C
2148515119,0,0.0,C
2148515119,0,0.0,C
2243261910,0,0.0,C
2243261910,0,0.0,C
2243261910,0,0.0,C
2243261910,0,0.0,C
2243261910,0,0.0,C
2347372764,0,0.0,C
2347372764,0,0.0,C
2347372764,0,0.0,C
2347372764,0,0.0,C
2347372764,0,0.0,C
2415345060,0,0.0,C
2415345060,0,0.0,C
2415345060,0,0.0,C
2415345060,0,0.0,C
2415345060,0,0.0,C
3325032788,0,0.0,C
3325032788,0,0.0,C
3325032788,0,0.0,C
3325032788,0,0.0,C
3325032788,0,0.0,C
3717772879,0,0.0,N
3717772879,0,0.0,N
3717772879,0,0.0,N
3717772879,0,0.0,N
3717772879,0,0.0,N
4046948928,0,0.0,C
4046948928,0,0.0,C
4046948928,0,0.0,C
4046948928,0,0.0,C
4046948928,0,0.0,C
4098206784,0,0.0,N
4098206784,0,0.0,N
4098206784,0,0.0,N
4098206784,0,0.0,N
4098206784,0,0.0,N
104625121,0,0.0,N
104625121,0,0.0,N
104625121,0,0.0,N
104625121,0,0.0,N
104625121,0,0.0,N
1153219603,0,0.0017965640913909509,C
1153219603,0,0.0026480166130942173,C
1153219603,0,0.003975857079445699,C
1153219603,0,0.0006822630614619074,C
1153219603,0,0.004573635659523179,C
1356825073,0,0.0,C
1356825073,0,0.0,C
1356825073,0,0.0,C
1356825073,0,0.0,C
1356825073,0,0.0,C
1821698485,0,-0.00013839928060654927,C
1821698485,0,-0.0002362733389208449,C
1821698485,0,0.00017938892221236458,C
1821698485,0,-0.0002152224994804719,C
1821698485,0,-4.3015251088851514e-05,C
1896930344,0,0.0,C
1896930344,0,0.0,C
1896930344,0,0.0,C
1896930344,0,0.0,C
1896930344,0,0.0,C
2359349084,0,0.00012057217798489006,C
2359349084,0,0.0003614813479705381,C
2359349084,0,2.059667088361028e-05,C
2359349084,0,4.508286523940974e-05,C
2359349084,0,0.00015976277304152742,C
2395259406,0,-0.0009177064427550174,C
2395259406,0,-0.0001305506816746682,C
2395259406,0,-0.0010209629122555075,C
2395259406,0,-0.0005565200308849105,C
2395259406,0,-3.296495585336512e-05,C
3120625249,0,0.0,C
3120625249,0,0.0,C
3120625249,0,0.0,C
3120625249,0,0.0,C
3120625249,0,0.0,C
3886074185,0,0.0,C
3886074185,0,0.0,C
3886074185,0,0.0,C
3886074185,0,0.0,C
3886074185,0,0.0,C
1535166686,0,-0.00023367116103756302,O
1535166686,0,-0.002221037858764152,O
1535166686,0,-0.0010633789285122708,O
1535166686,0,0.0018748512013578855,O
1535166686,0,0.0006744783702816726,O
1785683843,0,-0.00017457237923856894,C
1785683843,0,-0.00016030125383970084,C
1785683843,0,-0.00014788622452355238,C
1785683843,0,-2.3271411960679167e-05,C
1785683843,0,-0.00026610623471579054,C
2752034647,0,0.00031238045034109874,C
2752034647,0,0.0002535931156392168,C
2752034647,0,0.00012333319221002892,C
2752034647,0,0.00027835049277791235,C
2752034647,0,0.00041166701389916405,C
2771627449,0,0.0,C
2771627449,0,0.0,C
2771627449,0,0.0,C
2771627449,0,0.0,C
2771627449,0,0.0,C
3153477100,0,0.0001391974549743713,C
3153477100,0,-0.0003084721405997026,C
3153477100,0,0.00016905291565594283,C
3153477100,0,0.0008102510001830598,C
3153477100,0,0.0006117078292099398,C
3194612514,0,0.0,O
3194612514,0,0.0,O
3194612514,0,0.0,O
3194612514,0,0.0,O
3194612514,0,0.0,O
3341916169,0,0.0,C
3341916169,0,0.0,C
3341916169,0,0.0,C
3341916169,0,0.0,C
3341916169,0,0.0,C
77862099,0,0.0,C
77862099,0,0.0,C
77862099,0,0.0,C
77862099,0,0.0,C
77862099,0,0.0,C
668520641,0,0.0,C
668520641,0,0.0,C
668520641,0,0.0,C
668520641,0,0.0,C
668520641,0,0.0,C
755077069,0,0.0,O
755077069,0,0.0,O
755077069,0,0.0,O
755077069,0,0.0,O
755077069,0,0.0,O
793325400,0,0.0,N
793325400,0,0.0,N
793325400,0,0.0,N
793325400,0,0.0,N
793325400,0,0.0,N
818492636,0,0.0,C
818492636,0,0.0,C
818492636,0,0.0,C
818492636,0,0.0,C
818492636,0,0.0,C
1015892308,0,0.0,C
1015892308,0,0.0,C
1015892308,0,0.0,C
1015892308,0,0.0,C
1015892308,0,0.0,C
1822434734,0,0.0,C
1822434734,0,0.0,C
1822434734,0,0.0,C
1822434734,0,0.0,C
1822434734,0,0.0,C
2492789883,0,0.0,C
2492789883,0,0.0,C
2492789883,0,0.0,C
2492789883,0,0.0,C
2492789883,0,0.0,C
2540133449,0,0.0,C
2540133449,0,0.0,C
2540133449,0,0.0,C
2540133449,0,0.0,C
2540133449,0,0.0,C
2763854213,0,0.0037380942022899877,C
2763854213,0,0.001217583252259069,C
2763854213,0,0.007505872487333476,C
2763854213,0,0.0036846393663111376,C
2763854213,0,0.007919422934935194,C
2834619317,0,0.0,C
2834619317,0,0.0,C
2834619317,0,0.0,C
2834619317,0,0.0,C
2834619317,0,0.0,C
3234023386,0,0.0,C
3234023386,0,0.0,C
3234023386,0,0.0,C
3234023386,0,0.0,C
3234023386,0,0.0,C
3240313869,0,0.0,C
3240313869,0,0.0,C
3240313869,0,0.0,C
3240313869,0,0.0,C
3240313869,0,0.0,C
3372254436,0,0.0,O
3372254436,0,0.0,O
3372254436,0,0.0,O
3372254436,0,0.0,O
3372254436,0,0.0,O
3539151164,0,0.0,C
3539151164,0,0.0,C
3539151164,0,0.0,C
3539151164,0,0.0,C
3539151164,0,0.0,C
3608102527,0,0.0,C
3608102527,0,0.0,C
3608102527,0,0.0,C
3608102527,0,0.0,C
3608102527,0,0.0,C
3991689940,0,0.0,C
3991689940,0,0.0,C
3991689940,0,0.0,C
3991689940,0,0.0,C
3991689940,0,0.0,C
4056028133,0,0.0,C
4056028133,0,0.0,C
4056028133,0,0.0,C
4056028133,0,0.0,C
4056028133,0,0.0,C
4159990639,0,0.0,C
4159990639,0,0.0,C
4159990639,0,0.0,C
4159990639,0,0.0,C
4159990639,0,0.0,C
4180801603,0,0.0015896599526449284,C
4180801603,0,0.0015627109797529126,C
4180801603,0,0.001878303865870623,C
4180801603,0,0.0011652131247626984,C
4180801603,0,0.001598722395076635,C
203749390,0,-0.0003574522692817439,C
203749390,0,-0.001686560902369738,C
203749390,0,-0.0009060283731537888,C
203749390,0,-0.0009425493112419359,C
203749390,0,-0.00016205891264187144,C
413654173,0,0.0,C
413654173,0,0.0,C
413654173,0,0.0,C
413654173,0,0.0,C
413654173,0,0.0,C
1792562719,0,-0.0020509991041127718,S
1792562719,0,-0.0013163586409640216,S
1792562719,0,-0.004320041043651024,S
1792562719,0,-0.0032484376159287454,S
1792562719,0,0.0019458112004454575,S
2021812431,0,0.0003775845185279847,N
2021812431,0,0.003055733124708193,N
2021812431,0,0.0011442931115736021,N
2021812431,0,-0.0008495597363175067,N
2021812431,0,-0.0016295271534310096,N
2473389857,0,0.002459927056875033,C
2473389857,0,-7.69201239552153e-05,C
2473389857,0,0.0005245314469942697,C
2473389857,0,0.002255776872366444,C
2473389857,0,0.0016343854358658039,C
3222770065,0,-5.052360573876147e-05,C
3222770065,0,-0.00014178325404645697,C
3222770065,0,1.618707274697595e-05,C
3222770065,0,2.696807515012445e-05,C
3222770065,0,8.2920685378296e-05,C
4116013187,0,0.0,C
4116013187,0,0.0,C
4116013187,0,0.0,C
4116013187,0,0.0,C
4116013187,0,0.0,C
201130145,0,0.0,C
201130145,0,0.0,C
201130145,0,0.0,C
201130145,0,0.0,C
201130145,0,0.0,C
242735932,0,0.0,C
242735932,0,0.0,C
242735932,0,0.0,C
242735932,0,0.0,C
242735932,0,0.0,C
545884714,0,-0.00027619702959591486,C
545884714,0,-0.00019950291017489796,C
545884714,0,-0.00019950291017489796,C
545884714,0,-0.00019950291017489796,C
545884714,0,-0.00019950291017489796,C
833901780,0,0.000921200882239015,N
833901780,0,-0.00036507573057920073,N
833901780,0,0.0006642455670727854,N
833901780,0,0.0008245732640971282,N
833901780,0,-0.00039655583393793936,N
936207910,0,0.0,C
936207910,0,0.0,C
936207910,0,0.0,C
936207910,0,0.0,C
936207910,0,0.0,C
966311396,0,0.0001186986641742438,C
966311396,0,0.0008633941686463364,C
966311396,0,0.0021629749615125204,C
966311396,0,0.000770302428180325,C
966311396,0,0.0008534461789757586,C
1147977085,0,-0.00018014182024628234,C
1147977085,0,-0.00019272721463503562,C
1147977085,0,-0.00022927531619154617,C
1147977085,0,3.9360636408081184e-05,C
1147977085,0,-0.0004230810733799606,C
1424298323,0,0.0,C
1424298323,0,0.0,C
1424298323,0,0.0,C
1424298323,0,0.0,C
1424298323,0,0.0,C
1918623435,0,0.0,N
1918623435,0,0.0,N
1918623435,0,0.0,N
1918623435,0,0.0,N
1918623435,0,0.0,N
1935489231,0,0.0,C
1935489231,0,0.0,C
1935489231,0,0.0,C
1935489231,0,0.0,C
1935489231,0,0.0,C
1950697347,0,0.0,N
1950697347,0,0.0,N
1950697347,0,0.0,N
1950697347,0,0.0,N
1950697347,0,0.0,N
2396858788,0,0.0,N
2396858788,0,0.0,N
2396858788,0,0.0,N
2396858788,0,0.0,N
2396858788,0,0.0,N
2598322190,0,5.692441755855704e-06,C
2598322190,0,-7.591013465324536e-05,C
2598322190,0,-7.591013465324536e-05,C
2598322190,0,-7.591013465324536e-05,C
2598322190,0,-7.591013465324536e-05,C
3002759401,0,0.0006440411963725134,C
3002759401,0,-0.0002256118711300159,C
3002759401,0,-0.00019540391429895276,C
3002759401,0,0.0006931662316157494,C
3002759401,0,0.0005370893615168626,C
3330819572,0,0.0,C
3330819572,0,0.0,C
3330819572,0,0.0,C
3330819572,0,0.0,C
3330819572,0,0.0,C
3352470083,0,0.0,C
3352470083,0,0.0,C
3352470083,0,0.0,C
3352470083,0,0.0,C
3352470083,0,0.0,C
3471652661,0,0.0,O
3471652661,0,0.0,O
3471652661,0,0.0,O
3471652661,0,0.0,O
3471652661,0,0.0,O
3598569199,0,0.0,S
3598569199,0,0.0,S
3598569199,0,0.0,S
3598569199,0,0.0,S
3598569199,0,0.0,S
4232961910,0,0.0,C
4232961910,0,0.0,C
4232961910,0,0.0,C
4232961910,0,0.0,C
4232961910,0,0.0,C
4265716399,0,-1.2521161905976186e-05,N
4265716399,0,-0.0009633425508215332,N
4265716399,0,-0.00048303565161111894,N
4265716399,0,0.00012520721756126285,N
4265716399,0,-0.0011357264938688383,N
328936174,0,0.0,C
328936174,0,0.0,C
328936174,0,0.0,C
328936174,0,0.0,C
328936174,0,0.0,C
435232729,0,0.006945153197126075,N
435232729,0,-0.0012698673401464466,N
435232729,0,0.003938210219525118,N
435232729,0,-0.00021462798957472273,N
435232729,0,-0.0007815836149942523,N
458993620,0,0.0007887766130625362,N
458993620,0,1.9522940179261816e-05,N
458993620,0,0.00026910186313766626,N
458993620,0,-4.70810423631729e-05,N
458993620,0,-0.0013294926678318886,N
934550081,0,-0.0010233537768719048,N
934550081,0,0.0006866425057195924,N
934550081,0,0.00044151555938121145,N
934550081,0,0.0009673998158432617,N
934550081,0,0.0010156083405493677,N
2840499317,0,0.0,C
2840499317,0,0.0,C
2840499317,0,0.0,C
2840499317,0,0.0,C
2840499317,0,0.0,C
3796970912,0,0.00010892505896109572,C
3796970912,0,-3.3999461444222945e-05,C
3796970912,0,-0.00011535109638538543,C
3796970912,0,6.122841373135124e-05,C
3796970912,0,0.00010004736166480122,C
230678001,0,0.0,C
230678001,0,0.0,C
230678001,0,0.0,C
230678001,0,0.0,C
230678001,0,0.0,C
332862697,0,0.0,C
332862697,0,0.0,C
332862697,0,0.0,C
332862697,0,0.0,C
332862697,0,0.0,C
409185398,0,0.0,C
409185398,0,0.0,C
409185398,0,0.0,C
409185398,0,0.0,C
409185398,0,0.0,C
695841657,0,0.0,C
695841657,0,0.0,C
695841657,0,0.0,C
695841657,0,0.0,C
695841657,0,0.0,C
762067053,0,0.0,C
762067053,0,0.0,C
762067053,0,0.0,C
762067053,0,0.0,C
762067053,0,0.0,C
841278242,0,0.0,N
841278242,0,0.0,N
841278242,0,0.0,N
841278242,0,0.0,N
841278242,0,0.0,N
932692620,0,0.0019248273319670828,C
932692620,0,0.001889063989019002,C
932692620,0,0.002985733432411486,C
932692620,0,-0.0007986626759585169,C
932692620,0,-0.0003575450292730986,C
1185824059,0,0.0,C
1185824059,0,0.0,C
1185824059,0,0.0,C
1185824059,0,0.0,C
1185824059,0,0.0,C
1943918545,0,0.0,C
1943918545,0,0.0,C
1943918545,0,0.0,C
1943918545,0,0.0,C
1943918545,0,0.0,C
2068878394,0,0.0,C
2068878394,0,0.0,C
2068878394,0,0.0,C
2068878394,0,0.0,C
2068878394,0,0.0,C
2297892197,0,0.0,C
2297892197,0,0.0,C
2297892197,0,0.0,C
2297892197,0,0.0,C
2297892197,0,0.0,C
2483208228,0,0.0,C
2483208228,0,0.0,C
2483208228,0,0.0,C
2483208228,0,0.0,C
2483208228,0,0.0,C
2506939770,0,0.0,N
2506939770,0,0.0,N
2506939770,0,0.0,N
2506939770,0,0.0,N
2506939770,0,0.0,N
2662811161,0,0.0,N
2662811161,0,0.0,N
2662811161,0,0.0,N
2662811161,0,0.0,N
2662811161,0,0.0,N
2826263842,0,0.0,O
2826263842,0,0.0,O
2826263842,0,0.0,O
2826263842,0,0.0,O
2826263842,0,0.0,O
3344936865,0,0.0,C
3344936865,0,0.0,C
3344936865,0,0.0,C
3344936865,0,0.0,C
3344936865,0,0.0,C
3406201864,0,0.0001735368433231077,C
3406201864,0,0.00026497195959329645,C
3406201864,0,8.16421128564393e-05,C
3406201864,0,0.00018438168641898844,C
3406201864,0,1.4293213050464715e-05,C
3938681396,0,0.0,C
3938681396,0,0.0,C
3938681396,0,0.0,C
3938681396,0,0.0,C
3938681396,0,0.0,C
4002245684,0,0.0,N
4002245684,0,0.0,N
4002245684,0,0.0,N
4002245684,0,0.0,N
4002245684,0,0.0,N
3796841743,0,0.0018432911222709958,C
3796841743,0,0.0032197179111258523,C
3796841743,0,0.012725484974009604,C
3796841743,0,0.013758835222988708,C
3796841743,0,0.008101761630779358,C
100962550,0,0.0,C
100962550,0,0.0,C
100962550,0,0.0,C
100962550,0,0.0,C
100962550,0,0.0,C
260432667,0,0.0,C
260432667,0,0.0,C
260432667,0,0.0,C
260432667,0,0.0,C
260432667,0,0.0,C
417622085,0,0.0,C
417622085,0,0.0,C
417622085,0,0.0,C
417622085,0,0.0,C
417622085,0,0.0,C
1508145766,0,0.0,N
1508145766,0,0.0,N
1508145766,0,0.0,N
1508145766,0,0.0,N
1508145766,0,0.0,N
2170404731,0,-0.0008605559544438979,C
2170404731,0,-0.0006943363143117054,C
2170404731,0,-0.0006869155541495697,C
2170404731,0,-0.00031691416547363627,C
2170404731,0,-0.0007078677794288835,C
2578122382,0,0.0,C
2578122382,0,0.0,C
2578122382,0,0.0,C
2578122382,0,0.0,C
2578122382,0,0.0,C
2609110922,0,0.0,C
2609110922,0,0.0,C
2609110922,0,0.0,C
2609110922,0,0.0,C
2609110922,0,0.0,C
3701504231,0,-0.0008497477739445314,N
3701504231,0,-0.0002115662415221875,N
3701504231,0,-0.00017318424273682353,N
3701504231,0,-0.0005558075586740152,N
3701504231,0,-0.00031361640691152104,N
3930312868,0,0.0,C
3930312868,0,0.0,C
3930312868,0,0.0,C
3930312868,0,0.0,C
3930312868,0,0.0,C
222023415,0,0.0002862192760428872,N
222023415,0,0.00021983199777153573,N
222023415,0,0.0002862192760428872,N
222023415,0,0.0002917560172798206,N
222023415,0,0.0002862192760428872,N
729796064,0,-0.0007857349163918892,C
729796064,0,-0.0009654555069981141,C
729796064,0,-0.0015737547213882097,C
729796064,0,-0.0028494282953179795,C
729796064,0,-0.0014465047538292364,C
1187730664,0,-0.0008150617685153128,C
1187730664,0,0.00034272469537244277,C
1187730664,0,0.00043008649702558355,C
1187730664,0,-0.0015121815020769924,C
1187730664,0,0.0013457587984990749,C
1637836422,0,-0.0005530381714807797,C
1637836422,0,-0.0021974266150088795,C
1637836422,0,0.000189758709541743,C
1637836422,0,-0.0009116243854572215,C
1637836422,0,0.0001569819816653606,C
2400081732,0,0.0,C
2400081732,0,0.0,C
2400081732,0,0.0,C
2400081732,0,0.0,C
2400081732,0,0.0,C
2425865203,0,-9.326437488998973e-05,C
2425865203,0,6.906235208337108e-05,C
2425865203,0,-0.0002203634346277239,C
2425865203,0,9.963629196541035e-05,C
2425865203,0,-0.000223841344783815,C
3886201961,0,0.0,C
3886201961,0,0.0,C
3886201961,0,0.0,C
3886201961,0,0.0,C
3886201961,0,0.0,C
4212936508,0,0.00018702059488417966,N
4212936508,0,-5.8254703095173e-05,N
4212936508,0,-6.311662276192731e-05,N
4212936508,0,0.0005141159214453461,N
4212936508,0,0.00032517685139943353,N
60429991,0,0.0,C
60429991,0,0.0,C
60429991,0,0.0,C
60429991,0,0.0,C
60429991,0,0.0,C
278784068,0,0.0,C
278784068,0,0.0,C
278784068,0,0.0,C
278784068,0,0.0,C
278784068,0,0.0,C
287232915,0,0.0,C
287232915,0,0.0,C
287232915,0,0.0,C
287232915,0,0.0,C
287232915,0,0.0,C
305828102,0,0.0,C
305828102,0,0.0,C
305828102,0,0.0,C
305828102,0,0.0,C
305828102,0,0.0,C
645290606,0,0.0,N
645290606,0,0.0,N
645290606,0,0.0,N
645290606,0,0.0,N
645290606,0,0.0,N
746318684,0,0.0,C
746318684,0,0.0,C
746318684,0,0.0,C
746318684,0,0.0,C
746318684,0,0.0,C
884057105,0,0.0,N
884057105,0,0.0,N
884057105,0,0.0,N
884057105,0,0.0,N
884057105,0,0.0,N
1119998199,0,0.0,C
1119998199,0,0.0,C
1119998199,0,0.0,C
1119998199,0,0.0,C
1119998199,0,0.0,C
1350297244,0,0.0,N
1350297244,0,0.0,N
1350297244,0,0.0,N
1350297244,0,0.0,N
1350297244,0,0.0,N
1789923979,0,0.0,C
1789923979,0,0.0,C
1789923979,0,0.0,C
1789923979,0,0.0,C
1789923979,0,0.0,C
2162322537,0,0.0,C
2162322537,0,0.0,C
2162322537,0,0.0,C
2162322537,0,0.0,C
2162322537,0,0.0,C
2299950619,0,0.0,N
2299950619,0,0.0,N
2299950619,0,0.0,N
2299950619,0,0.0,N
2299950619,0,0.0,N
2821184046,0,0.0,C
2821184046,0,0.0,C
2821184046,0,0.0,C
2821184046,0,0.0,C
2821184046,0,0.0,C
2930866781,0,0.0,C
2930866781,0,0.0,C
2930866781,0,0.0,C
2930866781,0,0.0,C
2930866781,0,0.0,C
2987120039,0,-0.0004597014030691682,C
2987120039,0,-0.0005111392067829179,C
2987120039,0,-0.0009791402086837264,C
2987120039,0,-0.000621140826671307,C
2987120039,0,-0.001624948449556407,C
3348690903,0,0.0,N
3348690903,0,0.0,N
3348690903,0,0.0,N
3348690903,0,0.0,N
3348690903,0,0.0,N
3695853513,0,0.0,C
3695853513,0,0.0,C
3695853513,0,0.0,C
3695853513,0,0.0,C
3695853513,0,0.0,C
3735507473,0,0.0,C
3735507473,0,0.0,C
3735507473,0,0.0,C
3735507473,0,0.0,C
3735507473,0,0.0,C
4033378718,0,0.0,C
4033378718,0,0.0,C
4033378718,0,0.0,C
4033378718,0,0.0,C
4033378718,0,0.0,C
416356657,0,0.011217789721977511,C
416356657,0,0.008748856309205078,C
416356657,0,0.014086832961874407,C
416356657,0,0.0047407645267656395,C
416356657,0,-0.0036346090611591997,C
662511025,0,0.001412610719179308,N
662511025,0,0.0004962649604994818,N
662511025,0,0.0001342410386916404,N
662511025,0,0.0024119324160384314,N
662511025,0,0.00433907953980639,N
831463242,0,0.00017337043933451923,N
831463242,0,-0.00023120411650856543,N
831463242,0,0.000222301243702816,N
831463242,0,0.0002827229033394163,N
831463242,0,0.0005626001921205104,N
2310395539,0,0.0,C
2310395539,0,0.0,C
2310395539,0,0.0,C
2310395539,0,0.0,C
2310395539,0,0.0,C
3119383463,0,-0.0004909999753335281,C
3119383463,0,-0.00025594365911851824,C
3119383463,0,-0.0004007081226139464,C
3119383463,0,-0.0002669729043867086,C
3119383463,0,-0.00010766001845385897,C
128522177,0,0.001082346208710172,C
128522177,0,5.686213812639007e-05,C
128522177,0,-0.00013238743217836024,C
128522177,0,0.0011646117162955605,C
128522177,0,-3.2954183192268616e-06,C
358788357,0,0.0,C
358788357,0,0.0,C
358788357,0,0.0,C
358788357,0,0.0,C
358788357,0,0.0,C
417995860,0,0.0,N
417995860,0,0.0,N
417995860,0,0.0,N
417995860,0,0.0,N
417995860,0,0.0,N
571413391,0,0.0,N
571413391,0,0.0,N
571413391,0,0.0,N
571413391,0,0.0,N
571413391,0,0.0,N
746542050,0,0.0,N
746542050,0,0.0,N
746542050,0,0.0,N
746542050,0,0.0,N
746542050,0,0.0,N
1226425884,0,0.0,C
1226425884,0,0.0,C
1226425884,0,0.0,C
1226425884,0,0.0,C
1226425884,0,0.0,C
1617093318,0,0.0,C
1617093318,0,0.0,C
1617093318,0,0.0,C
1617093318,0,0.0,C
1617093318,0,0.0,C
1853715860,0,0.0,C
1853715860,0,0.0,C
1853715860,0,0.0,C
1853715860,0,0.0,C
1853715860,0,0.0,C
2211718247,0,0.0,C
2211718247,0,0.0,C
2211718247,0,0.0,C
2211718247,0,0.0,C
2211718247,0,0.0,C
2347776210,0,8.979832896272022e-06,C
2347776210,0,8.979832896272022e-06,C
2347776210,0,8.979832896272022e-06,C
2347776210,0,8.979832896272022e-06,C
2347776210,0,8.979832896272022e-06,C
2641560504,0,0.0,C
2641560504,0,0.0,C
2641560504,0,0.0,C
2641560504,0,0.0,C
2641560504,0,0.0,C
3160601726,0,0.0,N
3160601726,0,0.0,N
3160601726,0,0.0,N
3160601726,0,0.0,N
3160601726,0,0.0,N
3209815398,0,0.0,N
3209815398,0,0.0,N
3209815398,0,0.0,N
3209815398,0,0.0,N
3209815398,0,0.0,N
3595863686,0,0.0,C
3595863686,0,0.0,C
3595863686,0,0.0,C
3595863686,0,0.0,C
3595863686,0,0.0,C
3595891795,0,0.0,C
3595891795,0,0.0,C
3595891795,0,0.0,C
3595891795,0,0.0,C
3595891795,0,0.0,C
3600446318,0,0.0,C
3600446318,0,0.0,C
3600446318,0,0.0,C
3600446318,0,0.0,C
3600446318,0,0.0,C
3904721945,0,-0.00042153024349911306,C
3904721945,0,-0.000664116884436794,C
3904721945,0,-0.0002899838352432571,C
3904721945,0,-0.00032193908199129595,C
3904721945,0,-0.0009749083938677128,C
472281497,0,8.113132084353047e-05,C
472281497,0,8.113132084353047e-05,C
472281497,0,8.113132084353047e-05,C
472281497,0,6.264174471781736e-05,C
472281497,0,8.113132084353047e-05,C
2617658656,0,0.0,C
2617658656,0,0.0,C
2617658656,0,0.0,C
2617658656,0,0.0,C
2617658656,0,0.0,C
3933537673,0,0.0011643603539895908,C
3933537673,0,0.0007886841081562457,C
3933537673,0,0.0011629223491863572,C
3933537673,0,0.0005640625069189831,C
3933537673,0,0.0012795178987973221,C
81456112,0,0.0,C
81456112,0,0.0,C
81456112,0,0.0,C
81456112,0,0.0,C
81456112,0,0.0,C
253518567,0,0.0,C
253518567,0,0.0,C
253518567,0,0.0,C
253518567,0,0.0,C
253518567,0,0.0,C
256204769,0,0.0,C
256204769,0,0.0,C
256204769,0,0.0,C
256204769,0,0.0,C
256204769,0,0.0,C
476060908,0,0.0005888163649210298,C
476060908,0,0.0005652268206683964,C
476060908,0,-0.00039159803189592335,C
476060908,0,-0.00030268814242961906,C
476060908,0,-7.258168361490291e-05,C
564771590,0,0.0,C
564771590,0,0.0,C
564771590,0,0.0,C
564771590,0,0.0,C
564771590,0,0.0,C
661888323,0,0.0,C
661888323,0,0.0,C
661888323,0,0.0,C
661888323,0,0.0,C
661888323,0,0.0,C
818767036,0,0.0,C
818767036,0,0.0,C
818767036,0,0.0,C
818767036,0,0.0,C
818767036,0,0.0,C
1091340519,0,0.0,C
1091340519,0,0.0,C
1091340519,0,0.0,C
1091340519,0,0.0,C
1091340519,0,0.0,C
1617222861,0,0.0,N
1617222861,0,0.0,N
1617222861,0,0.0,N
1617222861,0,0.0,N
1617222861,0,0.0,N
2512623809,0,0.000142713595479238,C
2512623809,0,0.000142713595479238,C
2512623809,0,0.0002087950955121931,C
2512623809,0,0.000142713595479238,C
2512623809,0,0.000142713595479238,C
2889160788,0,0.0,N
2889160788,0,0.0,N
2889160788,0,0.0,N
2889160788,0,0.0,N
2889160788,0,0.0,N
2893839638,0,0.0,C
2893839638,0,0.0,C
2893839638,0,0.0,C
2893839638,0,0.0,C
2893839638,0,0.0,C
3261995957,0,0.0,C
3261995957,0,0.0,C
3261995957,0,0.0,C
3261995957,0,0.0,C
3261995957,0,0.0,C
3787488754,0,0.0,C
3787488754,0,0.0,C
3787488754,0,0.0,C
3787488754,0,0.0,C
3787488754,0,0.0,C
3796359118,0,0.006869959374240842,C
3796359118,0,0.010433275080096616,C
3796359118,0,0.00979684194554975,C
3796359118,0,0.01101716552731169,C
3796359118,0,0.007096816144688933,C
3968717672,0,0.0,N
3968717672,0,0.0,N
3968717672,0,0.0,N
3968717672,0,0.0,N
3968717672,0,0.0,N
4003276113,0,0.0,C
4003276113,0,0.0,C
4003276113,0,0.0,C
4003276113,0,0.0,C
4003276113,0,0.0,C
4012121575,0,-0.0002824544666905071,C
4012121575,0,-0.0011015942274310575,C
4012121575,0,-0.00012355889500847983,C
4012121575,0,-0.0003201877648570939,C
4012121575,0,-0.0010091924704723754,C
1912836315,0,0.0,N
1912836315,0,0.0,N
1912836315,0,0.0,N
1912836315,0,0.0,N
1912836315,0,0.0,N
3457964313,0,-0.0010396834248332931,N
3457964313,0,-0.002832061804973751,N
3457964313,0,-0.0055627300173446415,N
3457964313,0,-0.004908535982325879,N
3457964313,0,-0.003976945882185223,N
3889081300,0,0.00033668014776744304,C
3889081300,0,0.0007512859269606098,C
3889081300,0,0.0005705940713256474,C
3889081300,0,0.0007292217239027732,C
3889081300,0,-0.0004925669014916867,C
128657259,0,0.0,C
128657259,0,0.0,C
128657259,0,0.0,C
128657259,0,0.0,C
128657259,0,0.0,C
192298547,0,0.0,C
192298547,0,0.0,C
192298547,0,0.0,C
192298547,0,0.0,C
192298547,0,0.0,C
594658892,0,1.2698033355906801e-06,C
594658892,0,3.0133678428190258e-05,C
594658892,0,1.2698033355906801e-06,C
594658892,0,-6.363939151077247e-05,C
594658892,0,-5.5129988270841146e-05,C
598859535,0,0.0,C
598859535,0,0.0,C
598859535,0,0.0,C
598859535,0,0.0,C
598859535,0,0.0,C
710118558,0,-0.0008204950722091597,C
710118558,0,-0.00041463620439330384,C
710118558,0,-0.000997766168919223,C
710118558,0,-0.00040769105495308544,C
710118558,0,-0.0012957751263413808,C
1282066571,0,0.0,C
1282066571,0,0.0,C
1282066571,0,0.0,C
1282066571,0,0.0,C
1282066571,0,0.0,C
1407073473,0,0.0,N
1407073473,0,0.0,N
1407073473,0,0.0,N
1407073473,0,0.0,N
1407073473,0,0.0,N
1615627369,0,-0.00169176284884609,N
1615627369,0,-0.0014029588147377314,N
1615627369,0,-0.002940754688723679,N
1615627369,0,-0.002205217526527803,N
1615627369,0,-0.0020028352342251754,N
1648314920,0,0.0,N
1648314920,0,0.0,N
1648314920,0,0.0,N
1648314920,0,0.0,N
1648314920,0,0.0,N
1805557757,0,0.0,N
1805557757,0,0.0,N
1805557757,0,0.0,N
1805557757,0,0.0,N
1805557757,0,0.0,N
2064487208,0,0.0,C
2064487208,0,0.0,C
2064487208,0,0.0,C
2064487208,0,0.0,C
2064487208,0,0.0,C
2106698969,0,0.0,C
2106698969,0,0.0,C
2106698969,0,0.0,C
2106698969,0,0.0,C
2106698969,0,0.0,C
2612466107,0,0.0,C
2612466107,0,0.0,C
2612466107,0,0.0,C
2612466107,0,0.0,C
2612466107,0,0.0,C
2659408927,0,0.0,C
2659408927,0,0.0,C
2659408927,0,0.0,C
2659408927,0,0.0,C
2659408927,0,0.0,C
2732776273,0,0.0,C
2732776273,0,0.0,C
2732776273,0,0.0,C
2732776273,0,0.0,C
2732776273,0,0.0,C
3009655663,0,0.0,N
3009655663,0,0.0,N
3009655663,0,0.0,N
3009655663,0,0.0,N
3009655663,0,0.0,N
3056534737,0,0.0,N
3056534737,0,0.0,N
3056534737,0,0.0,N
3056534737,0,0.0,N
3056534737,0,0.0,N
3271309638,0,0.0,C
3271309638,0,0.0,C
3271309638,0,0.0,C
3271309638,0,0.0,C
3271309638,0,0.0,C
3421997501,0,0.0,C
3421997501,0,0.0,C
3421997501,0,0.0,C
3421997501,0,0.0,C
3421997501,0,0.0,C
692277943,0,0.0,N
692277943,0,0.0,N
692277943,0,0.0,N
692277943,0,0.0,N
692277943,0,0.0,N
1620258790,0,0.0,N
1620258790,0,0.0,N
1620258790,0,0.0,N
1620258790,0,0.0,N
1620258790,0,0.0,N
1600048,0,0.0,N
1600048,0,0.0,N
1600048,0,0.0,N
1600048,0,0.0,N
1600048,0,0.0,N
514870344,0,0.0,C
514870344,0,0.0,C
514870344,0,0.0,C
514870344,0,0.0,C
514870344,0,0.0,C
613390970,0,0.0,C
613390970,0,0.0,C
613390970,0,0.0,C
613390970,0,0.0,C
613390970,0,0.0,C
1196782798,0,0.0,C
1196782798,0,0.0,C
1196782798,0,0.0,C
1196782798,0,0.0,C
1196782798,0,0.0,C
1940576386,0,0.0,C
1940576386,0,0.0,C
1940576386,0,0.0,C
1940576386,0,0.0,C
1940576386,0,0.0,C
1975226074,0,0.0,N
1975226074,0,0.0,N
1975226074,0,0.0,N
1975226074,0,0.0,N
1975226074,0,0.0,N
2905822145,0,0.0,C
2905822145,0,0.0,C
2905822145,0,0.0,C
2905822145,0,0.0,C
2905822145,0,0.0,C
2914536168,0,0.0002626458589001235,C
2914536168,0,0.0005288265690619465,C
2914536168,0,0.00022076519567082453,C
2914536168,0,0.0008675944466954855,C
2914536168,0,0.0004716869752606767,C
2965143722,0,0.0,C
2965143722,0,0.0,C
2965143722,0,0.0,C
2965143722,0,0.0,C
2965143722,0,0.0,C
2977977841,0,0.0,N
2977977841,0,0.0,N
2977977841,0,0.0,N
2977977841,0,0.0,N
2977977841,0,0.0,N
3244372419,0,0.0,C
3244372419,0,0.0,C
3244372419,0,0.0,C
3244372419,0,0.0,C
3244372419,0,0.0,C
3513840186,0,0.0,C
3513840186,0,0.0,C
3513840186,0,0.0,C
3513840186,0,0.0,C
3513840186,0,0.0,C
3777584818,0,0.0,C
3777584818,0,0.0,C
3777584818,0,0.0,C
3777584818,0,0.0,C
3777584818,0,0.0,C
3869736299,0,0.0,C
3869736299,0,0.0,C
3869736299,0,0.0,C
3869736299,0,0.0,C
3869736299,0,0.0,C
3873306213,0,-6.602525543630833e-06,N
3873306213,0,-5.166394979672084e-05,N
3873306213,0,-4.28335565039184e-05,N
3873306213,0,-4.28335565039184e-05,N
3873306213,0,-2.1969548031575137e-05,N
3927757939,0,0.0,C
3927757939,0,0.0,C
3927757939,0,0.0,C
3927757939,0,0.0,C
3927757939,0,0.0,C
3975317568,0,0.0,C
3975317568,0,0.0,C
3975317568,0,0.0,C
3975317568,0,0.0,C
3975317568,0,0.0,C
913310822,0,-0.00745545782204915,C
913310822,0,0.003176966558809169,C
913310822,0,-0.007822207087567423,C
913310822,0,-0.0076260346347198915,C
913310822,0,-0.0052979216837582,C
3345225135,0,0.00038891727978029866,N
3345225135,0,-0.00024362317083026497,N
3345225135,0,-7.413946193546295e-05,N
3345225135,0,-9.542027907649686e-05,N
3345225135,0,0.0003725710072176591,N
575877237,0,0.0,C
575877237,0,0.0,C
575877237,0,0.0,C
575877237,0,0.0,C
575877237,0,0.0,C
773497988,0,0.0,N
773497988,0,0.0,N
773497988,0,0.0,N
773497988,0,0.0,N
773497988,0,0.0,N
887349181,0,-7.263512603927769e-05,N
887349181,0,-7.263512603927769e-05,N
887349181,0,-7.263512603927769e-05,N
887349181,0,-7.263512603927769e-05,N
887349181,0,-6.32193308002238e-05,N
980509515,0,0.0,C
980509515,0,0.0,C
980509515,0,0.0,C
980509515,0,0.0,C
980509515,0,0.0,C
1103832125,0,0.0,C
1103832125,0,0.0,C
1103832125,0,0.0,C
1103832125,0,0.0,C
1103832125,0,0.0,C
1182622762,0,-0.0014142102631882203,C
1182622762,0,0.0016090300062029383,C
1182622762,0,-0.0006865356755813012,C
1182622762,0,0.0007020426623183251,C
1182622762,0,0.00406257612846006,C
1460642244,0,0.0,C
1460642244,0,0.0,C
1460642244,0,0.0,C
1460642244,0,0.0,C
1460642244,0,0.0,C
1502159688,0,0.0,C
1502159688,0,0.0,C
1502159688,0,0.0,C
1502159688,0,0.0,C
1502159688,0,0.0,C
1619299783,0,0.0,C
1619299783,0,0.0,C
1619299783,0,0.0,C
1619299783,0,0.0,C
1619299783,0,0.0,C
1976473596,0,0.0,C
1976473596,0,0.0,C
1976473596,0,0.0,C
1976473596,0,0.0,C
1976473596,0,0.0,C
2003124847,0,0.0,C
2003124847,0,0.0,C
2003124847,0,0.0,C
2003124847,0,0.0,C
2003124847,0,0.0,C
2233928532,0,0.0,C
2233928532,0,0.0,C
2233928532,0,0.0,C
2233928532,0,0.0,C
2233928532,0,0.0,C
2923200147,0,-0.00014175229328483585,C
2923200147,0,2.7325391818600053e-05,C
2923200147,0,-0.00046560276012985735,C
2923200147,0,-0.0004096542988561991,C
2923200147,0,-0.0008066783824390855,C
3404106711,0,2.2438519066358964e-05,N
3404106711,0,2.2438519066358964e-05,N
3404106711,0,2.2438519066358964e-05,N
3404106711,0,2.2438519066358964e-05,N
3404106711,0,2.2438519066358964e-05,N
618671879,0,-0.0019872601780850374,C
618671879,0,0.0027442017187202516,C
618671879,0,-0.0029622083245673947,C
618671879,0,0.0003424339793557385,C
618671879,0,-0.00018449847050960866,C
970433791,0,4.2482332943571954e-05,C
970433791,0,-0.0017424065800216715,C
970433791,0,0.001812871385731718,C
970433791,0,0.00014187286906264251,C
970433791,0,-0.00029733860676295354,C
2369690741,0,-0.001034121277938893,C
2369690741,0,-0.0017303552351818352,C
2369690741,0,-0.002771274699187143,C
2369690741,0,-0.0019079599156109905,C
2369690741,0,-0.001273766317299363,C
2687950697,0,0.0,C
2687950697,0,0.0,C
2687950697,0,0.0,C
2687950697,0,0.0,C
2687950697,0,0.0,C
3044751281,0,-0.0012030595170566816,N
3044751281,0,0.0012498356674250921,N
3044751281,0,-0.0012681328697652372,N
3044751281,0,-0.0014782729827034213,N
3044751281,0,5.173929940560651e-05,N
3124581743,0,0.0027877128192012046,C
3124581743,0,-0.005661753291284488,C
3124581743,0,-0.002573479687221991,C
3124581743,0,-0.007032817058843177,C
3124581743,0,0.005735830415021681,C
4036277955,0,-0.0018163960489641084,C
4036277955,0,-0.0006306127158131059,C
4036277955,0,-0.0024144528391017994,C
4036277955,0,0.0008682863120216266,C
4036277955,0,-0.0016060682025527129,C
162451061,0,0.0,C
162451061,0,0.0,C
162451061,0,0.0,C
162451061,0,0.0,C
162451061,0,0.0,C
360746412,0,0.0,C
360746412,0,0.0,C
360746412,0,0.0,C
360746412,0,0.0,C
360746412,0,0.0,C
517432093,0,0.0,C
517432093,0,0.0,C
517432093,0,0.0,C
517432093,0,0.0,C
517432093,0,0.0,C
588583197,0,0.0,N
588583197,0,0.0,N
588583197,0,0.0,N
588583197,0,0.0,N
588583197,0,0.0,N
700366059,0,0.0,C
700366059,0,0.0,C
700366059,0,0.0,C
700366059,0,0.0,C
700366059,0,0.0,C
972212618,0,0.0,C
972212618,0,0.0,C
972212618,0,0.0,C
972212618,0,0.0,C
972212618,0,0.0,C
1085951520,0,0.0,C
1085951520,0,0.0,C
1085951520,0,0.0,C
1085951520,0,0.0,C
1085951520,0,0.0,C
1640551393,0,0.0,C
1640551393,0,0.0,C
1640551393,0,0.0,C
1640551393,0,0.0,C
1640551393,0,0.0,C
1659746977,0,0.0,C
1659746977,0,0.0,C
1659746977,0,0.0,C
1659746977,0,0.0,C
1659746977,0,0.0,C
1746956355,0,0.0,C
1746956355,0,0.0,C
1746956355,0,0.0,C
1746956355,0,0.0,C
1746956355,0,0.0,C
1782103841,0,0.0,C
1782103841,0,0.0,C
1782103841,0,0.0,C
1782103841,0,0.0,C
1782103841,0,0.0,C
1928643610,0,0.0,N
1928643610,0,0.0,N
1928643610,0,0.0,N
1928643610,0,0.0,N
1928643610,0,0.0,N
2083345085,0,0.0,C
2083345085,0,0.0,C
2083345085,0,0.0,C
2083345085,0,0.0,C
2083345085,0,0.0,C
2253487798,0,0.0,C
2253487798,0,0.0,C
2253487798,0,0.0,C
2253487798,0,0.0,C
2253487798,0,0.0,C
2363766683,0,0.0,N
2363766683,0,0.0,N
2363766683,0,0.0,N
2363766683,0,0.0,N
2363766683,0,0.0,N
2452950201,0,0.0,C
2452950201,0,0.0,C
2452950201,0,0.0,C
2452950201,0,0.0,C
2452950201,0,0.0,C
2649179154,0,0.0,C
2649179154,0,0.0,C
2649179154,0,0.0,C
2649179154,0,0.0,C
2649179154,0,0.0,C
2871620237,0,0.0,C
2871620237,0,0.0,C
2871620237,0,0.0,C
2871620237,0,0.0,C
2871620237,0,0.0,C
2959332130,0,0.0002872851285528055,C
2959332130,0,0.0003315109109309766,C
2959332130,0,0.0007511843026716258,C
2959332130,0,0.00021502456623245791,C
2959332130,0,0.0001029766453184422,C
2975850206,0,0.0,N
2975850206,0,0.0,N
2975850206,0,0.0,N
2975850206,0,0.0,N
2975850206,0,0.0,N
3790270853,0,0.0,N
3790270853,0,0.0,N
3790270853,0,0.0,N
3790270853,0,0.0,N
3790270853,0,0.0,N
4084104128,0,0.0,C
4084104128,0,0.0,C
4084104128,0,0.0,C
4084104128,0,0.0,C
4084104128,0,0.0,C
4139827362,0,0.0,C
4139827362,0,0.0,C
4139827362,0,0.0,C
4139827362,0,0.0,C
4139827362,0,0.0,C
460073430,0,0.0,C
460073430,0,0.0,C
460073430,0,0.0,C
460073430,0,0.0,C
460073430,0,0.0,C
606428793,0,0.0,C
606428793,0,0.0,C
606428793,0,0.0,C
606428793,0,0.0,C
606428793,0,0.0,C
932711668,0,0.00027762180982615625,N
932711668,0,0.0006316087403914761,N
932711668,0,-0.000730819232343527,N
932711668,0,-0.0007765580611734935,N
932711668,0,-0.000776573659874602,N
1163048604,0,0.00012159893293761659,C
1163048604,0,-0.0002717535383548464,C
1163048604,0,-0.0002524816304956268,C
1163048604,0,5.662020222840791e-05,C
1163048604,0,-0.00020946934795706973,C
146938217,0,0.0,C
146938217,0,0.0,C
146938217,0,0.0,C
146938217,0,0.0,C
146938217,0,0.0,C
158446930,0,0.0,C
158446930,0,0.0,C
158446930,0,0.0,C
158446930,0,0.0,C
158446930,0,0.0,C
365734419,0,0.0,C
365734419,0,0.0,C
365734419,0,0.0,C
365734419,0,0.0,C
365734419,0,0.0,C
771723397,0,0.0,N
771723397,0,0.0,N
771723397,0,0.0,N
771723397,0,0.0,N
771723397,0,0.0,N
1024158439,0,0.0,C
1024158439,0,0.0,C
1024158439,0,0.0,C
1024158439,0,0.0,C
1024158439,0,0.0,C
1155611512,0,0.0,C
1155611512,0,0.0,C
1155611512,0,0.0,C
1155611512,0,0.0,C
1155611512,0,0.0,C
1189676512,0,0.0,C
1189676512,0,0.0,C
1189676512,0,0.0,C
1189676512,0,0.0,C
1189676512,0,0.0,C
1795401471,0,0.0,N
1795401471,0,0.0,N
1795401471,0,0.0,N
1795401471,0,0.0,N
1795401471,0,0.0,N
1842875217,0,0.0,C
1842875217,0,0.0,C
1842875217,0,0.0,C
1842875217,0,0.0,C
1842875217,0,0.0,C
3012080282,0,-0.0009522986363690311,C
3012080282,0,-0.0008316995934198879,C
3012080282,0,-8.073979359124461e-05,C
3012080282,0,-0.0003709576862381825,C
3012080282,0,-0.0008949846962432728,C
3136639252,0,0.0,C
3136639252,0,0.0,C
3136639252,0,0.0,C
3136639252,0,0.0,C
3136639252,0,0.0,C
3737010417,0,0.0,C
3737010417,0,0.0,C
3737010417,0,0.0,C
3737010417,0,0.0,C
3737010417,0,0.0,C
431202968,0,0.0,O
431202968,0,0.0,O
431202968,0,0.0,O
431202968,0,0.0,O
431202968,0,0.0,O
600377156,0,0.0,C
600377156,0,0.0,C
600377156,0,0.0,C
600377156,0,0.0,C
600377156,0,0.0,C
829754261,0,6.74266678903912e-05,C
829754261,0,8.303890212257858e-05,C
829754261,0,0.0003388764623341034,C
829754261,0,0.00012000777370624327,C
829754261,0,0.00017975151594284977,C
3777243454,0,-0.00013535409706955104,C
3777243454,0,-0.0004475634569828246,C
3777243454,0,-0.0018597105163108418,C
3777243454,0,0.001047525513070302,C
3777243454,0,0.0008362670906025826,C
3917497376,0,0.0,C
3917497376,0,0.0,C
3917497376,0,0.0,C
3917497376,0,0.0,C
3917497376,0,0.0,C
3992410619,0,0.0024193456896689502,C
3992410619,0,0.000872296177739984,C
3992410619,0,0.0014009640949066426,C
3992410619,0,0.0029818095512359477,C
3992410619,0,0.0025862274728831736,C
683707489,0,-0.00021649120451727732,N
683707489,0,-0.00021649120451727732,N
683707489,0,-0.00021649120451727732,N
683707489,0,-0.00021649120451727732,N
683707489,0,-0.00021649120451727732,N
830985528,0,0.0,N
830985528,0,0.0,N
830985528,0,0.0,N
830985528,0,0.0,N
830985528,0,0.0,N
969309216,0,0.0,N
969309216,0,0.0,N
969309216,0,0.0,N
969309216,0,0.0,N
969309216,0,0.0,N
1633777018,0,0.0,C
1633777018,0,0.0,C
1633777018,0,0.0,C
1633777018,0,0.0,C
1633777018,0,0.0,C
2329183264,0,0.0,N
2329183264,0,0.0,N
2329183264,0,0.0,N
2329183264,0,0.0,N
2329183264,0,0.0,N
3249389781,0,0.0,C
3249389781,0,0.0,C
3249389781,0,0.0,C
3249389781,0,0.0,C
3249389781,0,0.0,C
3394178578,0,0.0,C
3394178578,0,0.0,C
3394178578,0,0.0,C
3394178578,0,0.0,C
3394178578,0,0.0,C
3564721854,0,0.0,O
3564721854,0,0.0,O
3564721854,0,0.0,O
3564721854,0,0.0,O
3564721854,0,0.0,O
3645962415,0,0.0,C
3645962415,0,0.0,C
3645962415,0,0.0,C
3645962415,0,0.0,C
3645962415,0,0.0,C
3783734726,0,0.0,C
3783734726,0,0.0,C
3783734726,0,0.0,C
3783734726,0,0.0,C
3783734726,0,0.0,C
3825351850,0,0.0,C
3825351850,0,0.0,C
3825351850,0,0.0,C
3825351850,0,0.0,C
3825351850,0,0.0,C
3937808328,0,0.0,C
3937808328,0,0.0,C
3937808328,0,0.0,C
3937808328,0,0.0,C
3937808328,0,0.0,C
4098238333,0,0.0,C
4098238333,0,0.0,C
4098238333,0,0.0,C
4098238333,0,0.0,C
4098238333,0,0.0,C
662595032,0,-1.7199506027631983e-05,N
662595032,0,-3.6410735840042285e-05,N
662595032,0,-0.0001711597792750652,N
662595032,0,-4.2029542523414065e-05,N
662595032,0,-5.5793465038478374e-05,N
2010446245,0,0.0019448979532157296,C
2010446245,0,0.003400861206320438,C
2010446245,0,0.005090407311882816,C
2010446245,0,0.0039043434526567777,C
2010446245,0,0.0042575310589942905,C
104601905,0,0.0,C
104601905,0,0.0,C
104601905,0,0.0,C
104601905,0,0.0,C
104601905,0,0.0,C
480757840,0,0.0,C
480757840,0,0.0,C
480757840,0,0.0,C
480757840,0,0.0,C
480757840,0,0.0,C
511170092,0,0.0,C
511170092,0,0.0,C
511170092,0,0.0,C
511170092,0,0.0,C
511170092,0,0.0,C
543277772,0,0.0,N
543277772,0,0.0,N
543277772,0,0.0,N
543277772,0,0.0,N
543277772,0,0.0,N
970519089,0,0.0,N
970519089,0,0.0,N
970519089,0,0.0,N
970519089,0,0.0,N
970519089,0,0.0,N
1341222171,0,0.0,C
1341222171,0,0.0,C
1341222171,0,0.0,C
1341222171,0,0.0,C
1341222171,0,0.0,C
1465027698,0,0.002229833236225054,C
1465027698,0,0.0017382069009651557,C
1465027698,0,0.0003724441183874383,C
1465027698,0,0.0035001525997427896,C
1465027698,0,0.002141627857265682,C
2022575067,0,0.0,C
2022575067,0,0.0,C
2022575067,0,0.0,C
2022575067,0,0.0,C
2022575067,0,0.0,C
2657601682,0,0.0,C
2657601682,0,0.0,C
2657601682,0,0.0,C
2657601682,0,0.0,C
2657601682,0,0.0,C
3053981858,0,0.0,C
3053981858,0,0.0,C
3053981858,0,0.0,C
3053981858,0,0.0,C
3053981858,0,0.0,C
3070730034,0,0.0,O
3070730034,0,0.0,O
3070730034,0,0.0,O
3070730034,0,0.0,O
3070730034,0,0.0,O
3618348383,0,0.0,N
3618348383,0,0.0,N
3618348383,0,0.0,N
3618348383,0,0.0,N
3618348383,0,0.0,N
3751635473,0,0.0,N
3751635473,0,0.0,N
3751635473,0,0.0,N
3751635473,0,0.0,N
3751635473,0,0.0,N
3794207567,0,-7.667616896134266e-05,C
3794207567,0,-0.0005933538662967752,C
3794207567,0,-0.0003707724308892324,C
3794207567,0,-0.0005998013628503163,C
3794207567,0,-0.00018819496030786365,C
3906451376,0,0.0,C
3906451376,0,0.0,C
3906451376,0,0.0,C
3906451376,0,0.0,C
3906451376,0,0.0,C
4144272315,0,0.0,C
4144272315,0,0.0,C
4144272315,0,0.0,C
4144272315,0,0.0,C
4144272315,0,0.0,C
849275503,0,0.0,N
849275503,0,0.0,N
849275503,0,0.0,N
849275503,0,0.0,N
849275503,0,0.0,N
2271053895,0,0.0,S
2271053895,0,0.0,S
2271053895,0,0.0,S
2271053895,0,0.0,S
2271053895,0,0.0,S
2765522949,0,0.0,C
2765522949,0,0.0,C
2765522949,0,0.0,C
2765522949,0,0.0,C
2765522949,0,0.0,C
3386854121,0,0.0,N
3386854121,0,0.0,N
3386854121,0,0.0,N
3386854121,0,0.0,N
3386854121,0,0.0,N
3835273908,0,0.005230936634027961,C
3835273908,0,0.002557016201824913,C
3835273908,0,-0.00044675434029450845,C
3835273908,0,0.007161966203826364,C
3835273908,0,0.0030683041338233075,C
16828163,0,0.0,C
16828163,0,0.0,C
16828163,0,0.0,C
16828163,0,0.0,C
16828163,0,0.0,C
19852674,0,0.0008990296832425138,C
19852674,0,-0.00017713746883551984,C
19852674,0,-0.0011392127701459476,C
19852674,0,-0.0006514999889277728,C
19852674,0,0.0007368509538683288,C
92620239,0,0.0003016735264500525,C
92620239,0,0.00044283636196362774,C
92620239,0,-0.0005032751470084307,C
92620239,0,3.470597512145179e-05,C
92620239,0,-0.00016345985313859224,C
369426003,0,0.0,C
369426003,0,0.0,C
369426003,0,0.0,C
369426003,0,0.0,C
369426003,0,0.0,C
510990731,0,0.0,C
510990731,0,0.0,C
510990731,0,0.0,C
510990731,0,0.0,C
510990731,0,0.0,C
961603178,0,0.0,N
961603178,0,0.0,N
961603178,0,0.0,N
961603178,0,0.0,N
961603178,0,0.0,N
1207414429,0,0.0,C
1207414429,0,0.0,C
1207414429,0,0.0,C
1207414429,0,0.0,C
1207414429,0,0.0,C
1549284008,0,0.00026924978558529045,C
1549284008,0,0.00048234706200123156,C
1549284008,0,0.00028545963841042354,C
1549284008,0,0.0004905116221202155,C
1549284008,0,0.00034037274324483224,C
1951686536,0,0.0,C
1951686536,0,0.0,C
1951686536,0,0.0,C
1951686536,0,0.0,C
1951686536,0,0.0,C
2634192545,0,0.0,N
2634192545,0,0.0,N
2634192545,0,0.0,N
2634192545,0,0.0,N
2634192545,0,0.0,N
2900010091,0,0.0,N
2900010091,0,0.0,N
2900010091,0,0.0,N
2900010091,0,0.0,N
2900010091,0,0.0,N
3649581391,0,0.0,C
3649581391,0,0.0,C
3649581391,0,0.0,C
3649581391,0,0.0,C
3649581391,0,0.0,C
3879778762,0,0.0,C
3879778762,0,0.0,C
3879778762,0,0.0,C
3879778762,0,0.0,C
3879778762,0,0.0,C
4227537395,0,0.0,S
4227537395,0,0.0,S
4227537395,0,0.0,S
4227537395,0,0.0,S
4227537395,0,0.0,S
141157017,0,0.0016300705826395312,C
141157017,0,0.0011404679926776407,C
141157017,0,0.00165810175844594,C
141157017,0,0.0014647679215405995,C
141157017,0,0.001054390773189362,C
1198890718,0,0.0,C
1198890718,0,0.0,C
1198890718,0,0.0,C
1198890718,0,0.0,C
1198890718,0,0.0,C
1456537864,0,0.0,C
1456537864,0,0.0,C
1456537864,0,0.0,C
1456537864,0,0.0,C
1456537864,0,0.0,C
1791271074,0,-0.0016697709686096518,S
1791271074,0,0.000879548772586447,S
1791271074,0,-0.002670484376361304,S
1791271074,0,-0.00034193523235204193,S
1791271074,0,-0.0019906023708765597,S
3988861584,0,-2.24786560143464e-07,C
3988861584,0,7.244542832063328e-05,C
3988861584,0,-0.0002182448898203626,C
3988861584,0,4.150815462578006e-05,C
3988861584,0,4.931968550370147e-05,C
275442231,0,0.0,C
275442231,0,0.0,C
275442231,0,0.0,C
275442231,0,0.0,C
275442231,0,0.0,C
290925539,0,0.0,C
290925539,0,0.0,C
290925539,0,0.0,C
290925539,0,0.0,C
290925539,0,0.0,C
413209849,0,0.0,C
413209849,0,0.0,C
413209849,0,0.0,C
413209849,0,0.0,C
413209849,0,0.0,C
540900169,0,0.0,N
540900169,0,0.0,N
540900169,0,0.0,N
540900169,0,0.0,N
540900169,0,0.0,N
586636525,0,-0.00015976704815812148,C
586636525,0,-0.00010429353021623733,C
586636525,0,-0.00043448989052941034,C
586636525,0,0.00014157552873528267,C
586636525,0,-0.00018644714816140606,C
1159849141,0,0.0,N
1159849141,0,0.0,N
1159849141,0,0.0,N
1159849141,0,0.0,N
1159849141,0,0.0,N
1360035982,0,0.00011004515468260312,N
1360035982,0,0.00018243612417556676,N
1360035982,0,0.00032794790560675136,N
1360035982,0,4.544198777245434e-05,N
1360035982,0,6.917944437079271e-05,N
847961216,1,0.006373863693923898,N
847961216,1,0.016830752512566827,N
847961216,1,0.0035276747181741674,N
847961216,1,0.01218873685882449,N
847961216,1,0.01953727514263326,N
864942730,1,0.004664532000909105,O
864942730,1,0.00640429747532667,O
864942730,1,0.00020656994002488105,O
864942730,1,-0.0051316416874152004,O
864942730,1,0.00702392283693809,O
882399112,1,0.0036288206617424157,F
882399112,1,0.006931157686446587,F
882399112,1,0.0037351156520892825,F
882399112,1,0.005581450229051321,F
882399112,1,0.005801863541597174,F
2041434490,1,0.0009640986932435425,N
2041434490,1,0.0027374326016923467,N
2041434490,1,0.0023716918623509775,N
2041434490,1,0.0006967650873876963,N
2041434490,1,-0.00047672316888736077,N
2092489639,1,0.00961418572325523,N
2092489639,1,0.0071059363905571216,N
2092489639,1,0.00594230684360797,N
2092489639,1,-0.0028557583831601008,N
2092489639,1,0.001055096765348984,N
2246699815,1,0.00024335105033479465,C
2246699815,1,0.00037622307260254395,C
2246699815,1,-0.002015870343857973,C
2246699815,1,0.003504838078726036,C
2246699815,1,0.003018582471068787,C
2246728737,1,-0.0020801407695856255,C
2246728737,1,-0.0013118409029652112,C
2246728737,1,-0.0016664071937032565,C
2246728737,1,-0.00213403427524661,C
2246728737,1,0.0025363109644067627,C
2968968094,1,-0.0013075144967718,C
2968968094,1,-0.0031323497355312258,C
2968968094,1,-0.0001318277091477693,C
2968968094,1,0.004612817609127684,C
2968968094,1,0.0015900005512036186,C
2976033787,1,0.000908722720567634,C
2976033787,1,0.0031566931326596492,C
2976033787,1,0.0028917999012375573,C
2976033787,1,0.004515056959270791,C
2976033787,1,0.00028431079449986463,C
3217380708,1,-5.3106690990345484e-05,C
3217380708,1,-5.3106690990345484e-05,C
3217380708,1,-5.3106690990345484e-05,C
3217380708,1,-4.652299977681018e-05,C
3217380708,1,-5.3106690990345484e-05,C
3218693969,1,0.00043299246725980733,C
3218693969,1,0.0009926628206499144,C
3218693969,1,0.001531976570724125,C
3218693969,1,-0.0011690179950715196,C
3218693969,1,0.002196267866501511,C
10565946,1,0.011181683797307884,O
10565946,1,0.013868268068994993,O
10565946,1,0.004461573528389828,O
10565946,1,0.008621865140689633,O
10565946,1,0.011119292997456842,O
98513984,1,0.030751554522181368,C
98513984,1,0.012244483162995867,C
98513984,1,0.029353092268571523,C
98513984,1,0.014607667165202565,C
98513984,1,0.008389814609371049,C
295371635,1,0.0,C
295371635,1,0.0,C
295371635,1,0.0,C
295371635,1,0.0,C
295371635,1,0.0,C
517457164,1,0.002858877908445301,C
517457164,1,0.00299227964804083,C
517457164,1,0.0025443904305875176,C
517457164,1,0.0006344870981552786,C
517457164,1,0.004186494048862732,C
553412256,1,-0.0005699056535731772,C
553412256,1,0.0010081716953395103,C
553412256,1,-4.294542010152558e-05,C
553412256,1,0.0004970064904165072,C
553412256,1,-0.000253099176205418,C
571978829,1,-0.0002844598220549388,C
571978829,1,-0.00047880954175383295,C
571978829,1,-0.00023861788051637856,C
571978829,1,-0.0004156064232998524,C
571978829,1,-0.001689605855706544,C
600629739,1,-0.0009764013214683676,N
600629739,1,-0.0003548470429093342,N
600629739,1,0.006446025667866118,N
600629739,1,0.0014030249344948453,N
600629739,1,0.002623352037302795,N
951226070,1,0.004212238618459652,C
951226070,1,0.006855375670657304,C
951226070,1,0.0052020112355036785,C
951226070,1,0.0019952493740840183,C
951226070,1,0.0015985899443760054,C
994485099,1,0.0505096882211713,C
994485099,1,0.03788814589604139,C
994485099,1,0.033200909009980406,C
994485099,1,0.04099127498116517,C
994485099,1,0.025986062735322113,C
1054767590,1,0.0003886186794543889,C
1054767590,1,0.0040153476434329205,C
1054767590,1,0.003120634797502908,C
1054767590,1,-1.0027030682757676e-05,C
1054767590,1,0.003241805644191409,C
1100037548,1,0.0014991246562624516,N
1100037548,1,0.002052375666025563,N
1100037548,1,0.00663600514544882,N
1100037548,1,-0.0037076801380180324,N
1100037548,1,0.001061900565334728,N
1510328189,1,-0.0032038161090131023,O
1510328189,1,-0.0032740063466588643,O
1510328189,1,-0.00123503577127404,O
1510328189,1,-0.002182600640111887,O
1510328189,1,-0.0026444355175946344,O
1693331843,1,0.0014759462924097688,N
1693331843,1,0.0011460016306389376,N
1693331843,1,0.000613890626013025,N
1693331843,1,0.00105059123711837,N
1693331843,1,0.0002021401853344873,N
1926716577,1,0.0,C
1926716577,1,0.0,C
1926716577,1,0.0,C
1926716577,1,0.0,C
1926716577,1,0.0,C
1965692378,1,0.0,N
1965692378,1,0.0,N
1965692378,1,0.0,N
1965692378,1,0.0,N
1965692378,1,0.0,N
2284773903,1,-0.00014136945323828254,C
2284773903,1,-0.0004175515630728821,C
2284773903,1,-0.0023687232532989544,C
2284773903,1,0.00033808336506790937,C
2284773903,1,-0.00044451806169076846,C
2370996728,1,0.0011991791247102368,C
2370996728,1,0.0017815960386662333,C
2370996728,1,-0.004329705502677972,C
2370996728,1,-0.00102151305926923,C
2370996728,1,-0.0012668028682721877,C
2435680164,1,0.003589035596618495,N
2435680164,1,0.0034316635645924576,N
2435680164,1,0.002614963532873049,N
2435680164,1,0.003054884587795792,N
2435680164,1,0.0026977196510210577,N
3042542132,1,-3.7851582067260914e-05,N
3042542132,1,-7.984524617499211e-05,N
3042542132,1,-2.3284336011175633e-05,N
3042542132,1,-3.6646495049419414e-05,N
3042542132,1,4.836352114334641e-05,N
3151378920,1,-0.00052229773730883,C
3151378920,1,-0.0002693900936885374,C
3151378920,1,-0.00021641081080547853,C
3151378920,1,-0.00028396559644305874,C
3151378920,1,-6.789395287198907e-06,C
3594646603,1,-0.00016057630723376182,C
3594646603,1,-0.0006731866663580721,C
3594646603,1,0.0014940876039953865,C
3594646603,1,0.00029163226967987566,C
3594646603,1,-0.0013410802940873046,C
3776905034,1,-0.0012960800731748323,C
3776905034,1,-0.00211123120716028,C
3776905034,1,-0.003728962707050476,C
3776905034,1,-0.001223952564418762,C
3776905034,1,-0.0036088673853771347,C
3777168895,1,-0.0021864111805810493,C
3777168895,1,-0.0010542597018672328,C
3777168895,1,-0.0013316683970006071,C
3777168895,1,-0.0008454946635537697,C
3777168895,1,-0.00248550886922716,C
3824063894,1,0.0020514187437408182,C
3824063894,1,0.0017054313532816057,C
3824063894,1,0.0009240013468402308,C
3824063894,1,0.0026992682876036955,C
3824063894,1,0.0014884623825430765,C
4041152544,1,0.0,F
4041152544,1,0.0,F
4041152544,1,0.0,F
4041152544,1,0.0,F
4041152544,1,0.0,F
4041573576,1,0.00257068447788944,C
4041573576,1,8.57412223499443e-05,C
4041573576,1,-0.0007312717837937299,C
4041573576,1,0.0007985608669637267,C
4041573576,1,0.0016916718694475197,C
4282315164,1,0.0014710885917861294,N
4282315164,1,0.00012411247475874188,N
4282315164,1,0.0003664231070767965,N
4282315164,1,0.0015746353970736982,N
4282315164,1,0.0006794837584774838,N
311123009,1,0.0,N
311123009,1,0.0,N
311123009,1,0.0,N
311123009,1,0.0,N
311123009,1,0.0,N
348407665,1,0.0,C
348407665,1,0.0,C
348407665,1,0.0,C
348407665,1,0.0,C
348407665,1,0.0,C
466968574,1,0.0,C
466968574,1,0.0,C
466968574,1,0.0,C
466968574,1,0.0,C
466968574,1,0.0,C
468580057,1,0.0,C
468580057,1,0.0,C
468580057,1,0.0,C
468580057,1,0.0,C
468580057,1,0.0,C
719981074,1,0.0,N
719981074,1,0.0,N
719981074,1,0.0,N
719981074,1,0.0,N
719981074,1,0.0,N
1116934767,1,0.0,C
1116934767,1,0.0,C
1116934767,1,0.0,C
1116934767,1,0.0,C
1116934767,1,0.0,C
1207774339,1,-0.00027882339780282983,C
1207774339,1,-0.00034570943929856934,C
1207774339,1,-0.0003907524371126181,C
1207774339,1,-0.0005229028353334053,C
1207774339,1,-0.00028829061755442087,C
1255595680,1,0.0004970560358470433,C
1255595680,1,0.00016907558569922987,C
1255595680,1,0.0007732226033517753,C
1255595680,1,0.0007528994537039368,C
1255595680,1,0.0008277617220743272,C
1311389685,1,0.0,N
1311389685,1,0.0,N
1311389685,1,0.0,N
1311389685,1,0.0,N
1311389685,1,0.0,N
1450006771,1,0.0,C
1450006771,1,0.0,C
1450006771,1,0.0,C
1450006771,1,0.0,C
1450006771,1,0.0,C
1469139952,1,0.0,C
1469139952,1,0.0,C
1469139952,1,0.0,C
1469139952,1,0.0,C
1469139952,1,0.0,C
2081695608,1,0.0,C
2081695608,1,0.0,C
2081695608,1,0.0,C
2081695608,1,0.0,C
2081695608,1,0.0,C
2509315187,1,0.0,N
2509315187,1,0.0,N
2509315187,1,0.0,N
2509315187,1,0.0,N
2509315187,1,0.0,N
2614860224,1,-0.00436006349264606,C
2614860224,1,-0.005363226392817055,C
2614860224,1,-0.002192524553436326,C
2614860224,1,-0.001743204144020405,C
2614860224,1,-0.0022278043692234295,C
2955372299,1,0.0,C
2955372299,1,0.0,C
2955372299,1,0.0,C
2955372299,1,0.0,C
2955372299,1,0.0,C
3053370223,1,0.0,C
3053370223,1,0.0,C
3053370223,1,0.0,C
3053370223,1,0.0,C
3053370223,1,0.0,C
3108428435,1,0.0,C
3108428435,1,0.0,C
3108428435,1,0.0,C
3108428435,1,0.0,C
3108428435,1,0.0,C
3274190031,1,0.0,N
3274190031,1,0.0,N
3274190031,1,0.0,N
3274190031,1,0.0,N
3274190031,1,0.0,N
3329836627,1,0.0,N
3329836627,1,0.0,N
3329836627,1,0.0,N
3329836627,1,0.0,N
3329836627,1,0.0,N
3428161631,1,0.0,C
3428161631,1,0.0,C
3428161631,1,0.0,C
3428161631,1,0.0,C
3428161631,1,0.0,C
3594714330,1,0.0,N
3594714330,1,0.0,N
3594714330,1,0.0,N
3594714330,1,0.0,N
3594714330,1,0.0,N
3653021149,1,0.0,C
3653021149,1,0.0,C
3653021149,1,0.0,C
3653021149,1,0.0,C
3653021149,1,0.0,C
3667409787,1,0.0,C
3667409787,1,0.0,C
3667409787,1,0.0,C
3667409787,1,0.0,C
3667409787,1,0.0,C
3814690997,1,0.0,N
3814690997,1,0.0,N
3814690997,1,0.0,N
3814690997,1,0.0,N
3814690997,1,0.0,N
3999906991,1,0.024396621356051584,C
3999906991,1,0.01936565857003958,C
3999906991,1,0.016760007790853182,C
3999906991,1,0.03499159563433418,C
3999906991,1,0.012919364914711462,C
4210721535,1,0.0,C
4210721535,1,0.0,C
4210721535,1,0.0,C
4210721535,1,0.0,C
4210721535,1,0.0,C
4282148553,1,0.0,C
4282148553,1,0.0,C
4282148553,1,0.0,C
4282148553,1,0.0,C
4282148553,1,0.0,C
848128881,1,-0.0012681493908969221,N
848128881,1,0.003735357803100414,N
848128881,1,0.0029235470987575285,N
848128881,1,0.0005562532567690015,N
848128881,1,9.384009245338998e-05,N
2132511834,1,0.013743401116898979,N
2132511834,1,0.013673456666673633,N
2132511834,1,0.012085091128091974,N
2132511834,1,0.00926489365537142,N
2132511834,1,0.010222818615980955,N
416356657,1,0.008371765997504554,C
416356657,1,0.008556102146107913,C
416356657,1,0.004819043860954775,C
416356657,1,0.00347435547130015,C
416356657,1,0.0027663265305900575,C
460073430,1,0.00010966684926150272,C
460073430,1,-5.8697929268047844e-05,C
460073430,1,-0.00012069874121678481,C
460073430,1,1.3559023452791585e-05,C
460073430,1,-3.381972727189986e-05,C
1289643292,1,0.008729995260685297,N
1289643292,1,0.006273930347842627,N
1289643292,1,0.0019659578622254203,N
1289643292,1,0.0015384421936879278,N
1289643292,1,0.004644903923036736,N
1602567453,1,0.0,C
1602567453,1,0.0,C
1602567453,1,0.0,C
1602567453,1,0.0,C
1602567453,1,0.0,C
1637836422,1,0.001176994224557748,C
1637836422,1,0.0009031575564435457,C
1637836422,1,0.000893834084844114,C
1637836422,1,-0.0003694454982096085,C
1637836422,1,-0.00023596446272622362,C
1795978025,1,-0.0029117092190694693,C
1795978025,1,0.000590955936030646,C
1795978025,1,-0.0019429192573845455,C
1795978025,1,-0.004201201279503075,C
1795978025,1,-0.0017630919333684325,C
2117068077,1,0.0035780064609808315,C
2117068077,1,0.0017417439663118817,C
2117068077,1,0.005754929947057397,C
2117068077,1,0.008193768317261152,C
2117068077,1,0.0031942772916878637,C
2142032900,1,0.025173079550319,C
2142032900,1,0.02464500134833192,C
2142032900,1,0.019223421600551793,C
2142032900,1,0.023239141161151333,C
2142032900,1,0.01902251628657159,C
2603759688,1,0.0,N
2603759688,1,0.0,N
2603759688,1,0.0,N
2603759688,1,0.0,N
2603759688,1,0.0,N
3337745083,1,0.00155908737245547,F
3337745083,1,8.97745000160155e-05,F
3337745083,1,-0.001962582693705417,F
3337745083,1,0.000883266560681939,F
3337745083,1,0.0022484766188413108,F
3818546315,1,-0.0012052657170967818,C
3818546315,1,0.0013914377117673071,C
3818546315,1,0.0005972831086681341,C
3818546315,1,0.0005546763694489476,C
3818546315,1,-0.0015202869126397234,C
278784068,1,0.0,C
278784068,1,0.0,C
278784068,1,0.0,C
278784068,1,0.0,C
278784068,1,0.0,C
573641903,1,0.0,C
573641903,1,0.0,C
573641903,1,0.0,C
573641903,1,0.0,C
573641903,1,0.0,C
649517798,1,0.0,C
649517798,1,0.0,C
649517798,1,0.0,C
649517798,1,0.0,C
649517798,1,0.0,C
691557941,1,0.0,N
691557941,1,0.0,N
691557941,1,0.0,N
691557941,1,0.0,N
691557941,1,0.0,N
2059101240,1,0.0,C
2059101240,1,0.0,C
2059101240,1,0.0,C
2059101240,1,0.0,C
2059101240,1,0.0,C
2499140822,1,0.0,C
2499140822,1,0.0,C
2499140822,1,0.0,C
2499140822,1,0.0,C
2499140822,1,0.0,C
3227199106,1,0.0,N
3227199106,1,0.0,N
3227199106,1,0.0,N
3227199106,1,0.0,N
3227199106,1,0.0,N
3514909735,1,-0.0014270686058014403,C
3514909735,1,0.0010521967199375037,C
3514909735,1,-0.0008317237277487566,C
3514909735,1,-0.004496224140007499,C
3514909735,1,-0.0009587763418184014,C
3695853513,1,0.0,C
3695853513,1,0.0,C
3695853513,1,0.0,C
3695853513,1,0.0,C
3695853513,1,0.0,C
3738436850,1,0.0,C
3738436850,1,0.0,C
3738436850,1,0.0,C
3738436850,1,0.0,C
3738436850,1,0.0,C
3792822921,1,0.0,N
3792822921,1,0.0,N
3792822921,1,0.0,N
3792822921,1,0.0,N
3792822921,1,0.0,N
847957139,1,0.014000952445102688,N
847957139,1,0.0228686377509999,N
847957139,1,0.03780984792118436,N
847957139,1,0.04482268865040562,N
847957139,1,0.023630617562262368,N
864662311,1,0.025948969527508026,O
864662311,1,0.025950929035768677,O
864662311,1,0.03096884773321218,O
864662311,1,0.026136930621922905,O
864662311,1,0.04376044565814097,O
864674487,1,0.007742431974393615,O
864674487,1,0.003110772529338335,O
864674487,1,0.004324959774178794,O
864674487,1,0.008762942515248562,O
864674487,1,0.008248493095917686,O
1016841875,1,0.0009478414154242554,Cl
1016841875,1,0.0033056053580816647,Cl
1016841875,1,0.0034406677199332325,Cl
1016841875,1,-0.0009756892090219127,Cl
1016841875,1,-0.001988636700562152,Cl
2245277810,1,0.0007691443806222553,C
2245277810,1,9.532296873482338e-05,C
2245277810,1,0.00023525001089352848,C
2245277810,1,0.000750337846153637,C
2245277810,1,0.0015762111649407773,C
434045476,1,0.0,O
434045476,1,0.0,O
434045476,1,0.0,O
434045476,1,0.0,O
434045476,1,0.0,O
1083852209,1,0.002092499397850167,N
1083852209,1,0.00261924803227509,N
1083852209,1,-0.0008334206656176457,N
1083852209,1,0.0015058167045881587,N
1083852209,1,0.001806506288688503,N
1445852595,1,0.0006495447002925481,C
1445852595,1,0.0009695063648808011,C
1445852595,1,0.0007830474386668618,C
1445852595,1,0.00041474174351086024,C
1445852595,1,0.00044169272799854387,C
1533864325,1,0.03078691755201135,O
1533864325,1,0.022261950285481613,O
1533864325,1,0.03327389679298365,O
1533864325,1,0.02410494928916762,O
1533864325,1,0.03245223727417679,O
2246340824,1,0.002091965964341136,C
2246340824,1,0.003272597566042812,C
2246340824,1,0.0007870646810402837,C
2246340824,1,0.0012647101805529637,C
2246340824,1,0.0015148228906347594,C
2353112200,1,0.01781098089204336,C
2353112200,1,0.014218543811238327,C
2353112200,1,0.009251795939511087,C
2353112200,1,0.005502189399234192,C
2353112200,1,0.009119753262066821,C
2442433719,1,0.0,C
2442433719,1,0.0,C
2442433719,1,0.0,C
2442433719,1,0.0,C
2442433719,1,0.0,C
3162837314,1,0.0003827069295585517,C
3162837314,1,-0.0008064113238898107,C
3162837314,1,0.0010179411775301794,C
3162837314,1,0.005769287747731999,C
3162837314,1,0.006043103513748815,C
3452535345,1,0.005766373074953535,Cl
3452535345,1,0.00633813509369463,Cl
3452535345,1,0.0036530669268473037,Cl
3452535345,1,0.0023447485258718537,Cl
3452535345,1,0.0031711993465030064,Cl
3537123720,1,-0.001567196423789996,C
3537123720,1,-0.000981675574438512,C
3537123720,1,-0.0011801750011058987,C
3537123720,1,-0.001421298112920133,C
3537123720,1,-0.0012770985337923202,C
3850856377,1,0.0,C
3850856377,1,0.0,C
3850856377,1,0.0,C
3850856377,1,0.0,C
3850856377,1,0.0,C
3982076256,1,-0.0011961716682391543,C
3982076256,1,-0.00014884413000693097,C
3982076256,1,-0.0028568980406341593,C
3982076256,1,-0.002009043457766646,C
3982076256,1,-0.002971811556668258,C
636971230,1,-2.51534209412263e-05,C
636971230,1,-0.00012179520454980164,C
636971230,1,-0.00010412650384006295,C
636971230,1,1.459602106301805e-05,C
636971230,1,0.00010613393157743456,C
669222828,1,6.723462099456068e-05,C
669222828,1,5.458227140786587e-05,C
669222828,1,6.723462099456068e-05,C
669222828,1,3.133603880067781e-05,C
669222828,1,-2.7659005077174115e-05,C
1545280258,1,0.0,O
1545280258,1,0.0,O
1545280258,1,0.0,O
1545280258,1,0.0,O
1545280258,1,0.0,O
1733062447,1,0.0,C
1733062447,1,0.0,C
1733062447,1,0.0,C
1733062447,1,0.0,C
1733062447,1,0.0,C
1999971574,1,0.0,C
1999971574,1,0.0,C
1999971574,1,0.0,C
1999971574,1,0.0,C
1999971574,1,0.0,C
2256986338,1,0.0,C
2256986338,1,0.0,C
2256986338,1,0.0,C
2256986338,1,0.0,C
2256986338,1,0.0,C
2604440622,1,-8.990698985411605e-06,C
2604440622,1,0.0015153017805160651,C
2604440622,1,-0.0009566888398305773,C
2604440622,1,0.0010457274741597633,C
2604440622,1,-0.00025050683144267616,C
2703868098,1,0.0,N
2703868098,1,0.0,N
2703868098,1,0.0,N
2703868098,1,0.0,N
2703868098,1,0.0,N
2810558781,1,0.0,C
2810558781,1,0.0,C
2810558781,1,0.0,C
2810558781,1,0.0,C
2810558781,1,0.0,C
2916595165,1,0.0,C
2916595165,1,0.0,C
2916595165,1,0.0,C
2916595165,1,0.0,C
2916595165,1,0.0,C
2944555726,1,-0.0023267800994609678,C
2944555726,1,0.004328356883973705,C
2944555726,1,0.0005565227577777332,C
2944555726,1,1.2540539752858848e-05,C
2944555726,1,0.0024293592227335736,C
2987687375,1,0.0,C
2987687375,1,0.0,C
2987687375,1,0.0,C
2987687375,1,0.0,C
2987687375,1,0.0,C
3848534832,1,0.0022950381354385208,C
3848534832,1,0.0019635038792902293,C
3848534832,1,0.0001882264619623708,C
3848534832,1,0.0018128077204321302,C
3848534832,1,0.0005014548374142613,C
3981351246,1,0.0,C
3981351246,1,0.0,C
3981351246,1,0.0,C
3981351246,1,0.0,C
3981351246,1,0.0,C
4143286053,1,0.0,C
4143286053,1,0.0,C
4143286053,1,0.0,C
4143286053,1,0.0,C
4143286053,1,0.0,C
4216335232,1,-0.0014016773392605542,C
4216335232,1,-0.0005336428897342316,C
4216335232,1,0.00011531434253264639,C
4216335232,1,0.0032307901875149314,C
4216335232,1,0.0004728728837721796,C
2245900962,1,-0.0011961266573267126,C
2245900962,1,-0.0014448218652329814,C
2245900962,1,-5.1639200903119686e-05,C
2245900962,1,0.0004245479775129013,C
2245900962,1,0.0005997484922378726,C
393353044,1,0.0,C
393353044,1,0.0,C
393353044,1,0.0,C
393353044,1,0.0,C
393353044,1,0.0,C
422715066,1,0.0038940781299102722,C
422715066,1,-0.0008209593732005915,C
422715066,1,0.017611084961388523,C
422715066,1,0.003159507132276529,C
422715066,1,-0.00032496502614454137,C
623728226,1,0.0033970866173986813,C
623728226,1,0.0009495661066747374,C
623728226,1,0.0007877242341364221,C
623728226,1,0.0037138444660792524,C
623728226,1,0.00151031049474315,C
963029399,1,0.004121056068332241,N
963029399,1,0.0025523370879703133,N
963029399,1,-0.003342488328124893,N
963029399,1,0.002710042688777614,N
963029399,1,-0.002633768669259351,N
1070821685,1,-2.8724247012834603e-05,C
1070821685,1,5.31517998839659e-05,C
1070821685,1,5.31517998839659e-05,C
1070821685,1,0.0001056143213271632,C
1070821685,1,4.420089090340085e-05,C
1308598964,1,-0.0002132386009506826,C
1308598964,1,-0.00011145798336598123,C
1308598964,1,-0.00023930708575814474,C
1308598964,1,6.526945361962078e-07,C
1308598964,1,-3.2964467634899464e-05,C
1857396528,1,0.001954984860948916,C
1857396528,1,0.0017584018175630378,C
1857396528,1,0.007889537455254447,C
1857396528,1,0.007636913334035267,C
1857396528,1,0.005465165419459406,C
2296565457,1,0.00029440340825059863,N
2296565457,1,3.041392007485655e-05,N
2296565457,1,-0.0008313078899061521,N
2296565457,1,-4.068708535531762e-06,N
2296565457,1,0.00024515428036442355,N
2309124039,1,-0.001716444326189337,C
2309124039,1,-0.0008675270113930322,C
2309124039,1,-0.001897751811677062,C
2309124039,1,-0.0006355356907326026,C
2309124039,1,-0.0009860671067687399,C
2591432844,1,0.0005707755351327393,N
2591432844,1,-0.0007215453179737485,N
2591432844,1,0.00034952215332750836,N
2591432844,1,0.0019325754889836233,N
2591432844,1,-0.0012355876100982321,N
2747850234,1,0.0,C
2747850234,1,0.0,C
2747850234,1,0.0,C
2747850234,1,0.0,C
2747850234,1,0.0,C
2803848648,1,0.0032293115731345523,C
2803848648,1,0.0005600003670028775,C
2803848648,1,0.002144982187474498,C
2803848648,1,-0.0013644807462677155,C
2803848648,1,0.0013896222697511451,C
2811394787,1,0.0031412921935752847,C
2811394787,1,0.004415896124453922,C
2811394787,1,0.0026890742726346506,C
2811394787,1,0.0030430336257155632,C
2811394787,1,0.0017699247318060385,C
3120642300,1,-7.708392248850782e-05,C
3120642300,1,0.001068223008630742,C
3120642300,1,0.0019115557766509195,C
3120642300,1,0.0005150078636687594,C
3120642300,1,0.006214846783194505,C
3545074552,1,0.0,C
3545074552,1,0.0,C
3545074552,1,0.0,C
3545074552,1,0.0,C
3545074552,1,0.0,C
3798139026,1,0.0,C
3798139026,1,0.0,C
3798139026,1,0.0,C
3798139026,1,0.0,C
3798139026,1,0.0,C
3981762496,1,-0.0005898705352650468,C
3981762496,1,-0.001276244441599017,C
3981762496,1,0.0003034150457968954,C
3981762496,1,-0.0010327752199231766,C
3981762496,1,-0.0006781576182818272,C
4265016989,1,0.0,C
4265016989,1,0.0,C
4265016989,1,0.0,C
4265016989,1,0.0,C
4265016989,1,0.0,C
4291903839,1,0.0,C
4291903839,1,0.0,C
4291903839,1,0.0,C
4291903839,1,0.0,C
4291903839,1,0.0,C
237615532,1,0.0032262154770175133,C
237615532,1,0.0003577677492917486,C
237615532,1,0.0043148626728996,C
237615532,1,-0.0005788444368227674,C
237615532,1,0.00332604004401571,C
269171368,1,0.0036697157000247227,C
269171368,1,0.0004727422664406733,C
269171368,1,-0.0038230998883334033,C
269171368,1,0.0010705513222359908,C
269171368,1,-0.0037246614789635535,C
373109870,1,0.00021602656129637854,C
373109870,1,0.0012820168029654688,C
373109870,1,-0.00017156011420194073,C
373109870,1,-0.0006053110287120855,C
373109870,1,1.326581811056382e-05,C
420637473,1,0.0,N
420637473,1,0.0,N
420637473,1,0.0,N
420637473,1,0.0,N
420637473,1,0.0,N
959544246,1,0.0,C
959544246,1,0.0,C
959544246,1,0.0,C
959544246,1,0.0,C
959544246,1,0.0,C
1459763726,1,0.0,C
1459763726,1,0.0,C
1459763726,1,0.0,C
1459763726,1,0.0,C
1459763726,1,0.0,C
1671473110,1,0.0,C
1671473110,1,0.0,C
1671473110,1,0.0,C
1671473110,1,0.0,C
1671473110,1,0.0,C
2154777022,1,0.0003943417430137819,C
2154777022,1,0.00019465766727311262,C
2154777022,1,0.0026511137486842085,C
2154777022,1,0.002742051164378867,C
2154777022,1,0.0032778569726406026,C
2717193360,1,0.0,C
2717193360,1,0.0,C
2717193360,1,0.0,C
2717193360,1,0.0,C
2717193360,1,0.0,C
3111864946,1,0.0,C
3111864946,1,0.0,C
3111864946,1,0.0,C
3111864946,1,0.0,C
3111864946,1,0.0,C
3136475462,1,0.0,C
3136475462,1,0.0,C
3136475462,1,0.0,C
3136475462,1,0.0,C
3136475462,1,0.0,C
3749319234,1,0.0,N
3749319234,1,0.0,N
3749319234,1,0.0,N
3749319234,1,0.0,N
3749319234,1,0.0,N
3819564588,1,0.0,C
3819564588,1,0.0,C
3819564588,1,0.0,C
3819564588,1,0.0,C
3819564588,1,0.0,C
3840482014,1,0.0,C
3840482014,1,0.0,C
3840482014,1,0.0,C
3840482014,1,0.0,C
3840482014,1,0.0,C
3920625465,1,0.0,C
3920625465,1,0.0,C
3920625465,1,0.0,C
3920625465,1,0.0,C
3920625465,1,0.0,C
3954174598,1,0.0,C
3954174598,1,0.0,C
3954174598,1,0.0,C
3954174598,1,0.0,C
3954174598,1,0.0,C
4032294624,1,0.0,N
4032294624,1,0.0,N
4032294624,1,0.0,N
4032294624,1,0.0,N
4032294624,1,0.0,N
4226294099,1,0.0,C
4226294099,1,0.0,C
4226294099,1,0.0,C
4226294099,1,0.0,C
4226294099,1,0.0,C
4232016909,1,0.0,C
4232016909,1,0.0,C
4232016909,1,0.0,C
4232016909,1,0.0,C
4232016909,1,0.0,C
4289161048,1,0.0,C
4289161048,1,0.0,C
4289161048,1,0.0,C
4289161048,1,0.0,C
4289161048,1,0.0,C
2245273601,1,0.0014798885580867838,C
2245273601,1,-0.0001494091062876901,C
2245273601,1,-0.008396428749337437,C
2245273601,1,-0.0010800607356835634,C
2245273601,1,0.0002748952367958024,C
2245384272,1,0.004604972888276437,C
2245384272,1,0.0009930728636623476,C
2245384272,1,0.004314931314232884,C
2245384272,1,0.0066569082492352605,C
2245384272,1,0.004303553413624539,C
781912670,1,0.0,C
781912670,1,0.0,C
781912670,1,0.0,C
781912670,1,0.0,C
781912670,1,0.0,C
1135286194,1,0.0022680340679055444,C
1135286194,1,-0.0010773658064029412,C
1135286194,1,-0.001451196126581067,C
1135286194,1,-0.0009107740078965199,C
1135286194,1,-0.0015629877682125093,C
1369588494,1,0.0,N
1369588494,1,0.0,N
1369588494,1,0.0,N
1369588494,1,0.0,N
1369588494,1,0.0,N
1542633699,1,0.0,O
1542633699,1,0.0,O
1542633699,1,0.0,O
1542633699,1,0.0,O
1542633699,1,0.0,O
1674219510,1,0.0,C
1674219510,1,0.0,C
1674219510,1,0.0,C
1674219510,1,0.0,C
1674219510,1,0.0,C
2115476908,1,0.004491660739085246,O
2115476908,1,0.0005316943885496084,O
2115476908,1,0.0014795633378468231,O
2115476908,1,0.0011766952414776766,O
2115476908,1,0.0015709175527680586,O
2360741695,1,0.014602714269865591,C
2360741695,1,0.010359724572894247,C
2360741695,1,0.012071595546130354,C
2360741695,1,0.016581718556613168,C
2360741695,1,0.014986313913310068,C
2635303940,1,2.2805932044289712e-05,C
2635303940,1,0.0004320972357426678,C
2635303940,1,0.0004394169047176044,C
2635303940,1,0.0001889295677106606,C
2635303940,1,0.0002234788453838732,C
3537119515,1,-0.0029572031298683576,C
3537119515,1,-0.0008213719246787932,C
3537119515,1,-0.00035698777491610656,C
3537119515,1,-0.0018434972778530456,C
3537119515,1,-0.0008523619712297315,C
3983062349,1,0.006810927769344111,C
3983062349,1,0.003557676341360394,C
3983062349,1,0.008628527841965217,C
3983062349,1,0.006323420761642939,C
3983062349,1,0.002438820469280234,C
4003049590,1,0.0,C
4003049590,1,0.0,C
4003049590,1,0.0,C
4003049590,1,0.0,C
4003049590,1,0.0,C
711358894,1,0.0,C
711358894,1,0.0,C
711358894,1,0.0,C
711358894,1,0.0,C
711358894,1,0.0,C
1313967653,1,0.000325169900216582,C
1313967653,1,-0.0005850203803462461,C
1313967653,1,0.0006757151593094202,C
1313967653,1,-0.00047386753849898433,C
1313967653,1,-0.001231221756196832,C
1568268146,1,0.0,C
1568268146,1,0.0,C
1568268146,1,0.0,C
1568268146,1,0.0,C
1568268146,1,0.0,C
1696659438,1,0.0,C
1696659438,1,0.0,C
1696659438,1,0.0,C
1696659438,1,0.0,C
1696659438,1,0.0,C
1896049752,1,0.0,C
1896049752,1,0.0,C
1896049752,1,0.0,C
1896049752,1,0.0,C
1896049752,1,0.0,C
2014543234,1,-0.00017220185647093267,C
2014543234,1,-0.0007348182621331745,C
2014543234,1,-0.0005236604593104044,C
2014543234,1,-0.0006320378620960909,C
2014543234,1,-0.00025860518448339587,C
2579153554,1,0.0,C
2579153554,1,0.0,C
2579153554,1,0.0,C
2579153554,1,0.0,C
2579153554,1,0.0,C
3181446473,1,0.0,O
3181446473,1,0.0,O
3181446473,1,0.0,O
3181446473,1,0.0,O
3181446473,1,0.0,O
3685257385,1,0.0,C
3685257385,1,0.0,C
3685257385,1,0.0,C
3685257385,1,0.0,C
3685257385,1,0.0,C
3692055567,1,0.013840200810426806,C
3692055567,1,0.007502581989366486,C
3692055567,1,0.017277530312179268,C
3692055567,1,0.00766044285429579,C
3692055567,1,0.012285686743145896,C
3757038672,1,0.003312725256257809,C
3757038672,1,0.0009049980971606031,C
3757038672,1,0.0039378963802255695,C
3757038672,1,0.005068132517277557,C
3757038672,1,0.004532425962231579,C
3976623167,1,0.0027054962542976124,C
3976623167,1,0.0023463819144164955,C
3976623167,1,0.0035369893274561637,C
3976623167,1,0.0026589465788982025,C
3976623167,1,0.0038586159312717916,C
3993796134,1,0.0,N
3993796134,1,0.0,N
3993796134,1,0.0,N
3993796134,1,0.0,N
3993796134,1,0.0,N
2246703798,1,0.0013284094437734373,C
2246703798,1,-0.00021570514749491565,C
2246703798,1,-0.00025917265133990064,C
2246703798,1,0.0020861366475249943,C
2246703798,1,0.0005987574992194489,C
2246997334,1,-0.003054059020969113,C
2246997334,1,-0.0015525793150018563,C
2246997334,1,-0.0004636853889032899,C
2246997334,1,-0.0007355390932962669,C
2246997334,1,-0.0006092337139441684,C
36538691,1,-0.00015332396323985975,C
36538691,1,0.00010561053020385902,C
36538691,1,1.3637500545504722e-06,C
36538691,1,0.0011233561841675899,C
36538691,1,0.001302086278527459,C
435232729,1,8.353435970664957e-05,N
435232729,1,2.2329246114671797e-05,N
435232729,1,-0.003315630567387151,N
435232729,1,-0.007992056033668815,N
435232729,1,-0.006473416202747995,N
723026879,1,0.0,C
723026879,1,0.0,C
723026879,1,0.0,C
723026879,1,0.0,C
723026879,1,0.0,C
725322217,1,0.0011181097123782457,C
725322217,1,0.0014564461285468955,C
725322217,1,0.002476930767049912,C
725322217,1,0.00038594048357931676,C
725322217,1,0.0025735423541860536,C
741451336,1,0.0,N
741451336,1,0.0,N
741451336,1,0.0,N
741451336,1,0.0,N
741451336,1,0.0,N
2459741777,1,0.0009323528581011153,O
2459741777,1,0.0021718401414283495,O
2459741777,1,0.00045809862855761274,O
2459741777,1,0.00029907187918387645,O
2459741777,1,0.0007351965606342548,O
2463614838,1,-0.0010030607762993027,C
2463614838,1,0.0023931983059891637,C
2463614838,1,0.001937309314287039,C
2463614838,1,0.002948127030720671,C
2463614838,1,0.0011636988293397543,C
2858133368,1,0.0,C
2858133368,1,0.0,C
2858133368,1,0.0,C
2858133368,1,0.0,C
2858133368,1,0.0,C
3696402029,1,-0.0016802031131801787,C
3696402029,1,-0.0011028810914497367,C
3696402029,1,-0.0010507107402473181,C
3696402029,1,-0.000559019600783639,C
3696402029,1,-0.0005493447970714715,C
174629429,1,0.0,C
174629429,1,0.0,C
174629429,1,0.0,C
174629429,1,0.0,C
174629429,1,0.0,C
659845977,1,0.0,N
659845977,1,0.0,N
659845977,1,0.0,N
659845977,1,0.0,N
659845977,1,0.0,N
668520641,1,0.0,C
668520641,1,0.0,C
668520641,1,0.0,C
668520641,1,0.0,C
668520641,1,0.0,C
857468449,1,0.0,N
857468449,1,0.0,N
857468449,1,0.0,N
857468449,1,0.0,N
857468449,1,0.0,N
974827889,1,9.012935494534524e-05,C
974827889,1,0.0006067831015925673,C
974827889,1,0.00012929183604615258,C
974827889,1,0.0001795043595634871,C
974827889,1,1.1088781496471078e-05,C
1214060489,1,-6.972532339066806e-05,C
1214060489,1,6.976716005691053e-06,C
1214060489,1,0.00022010068040634323,C
1214060489,1,8.468171565823024e-05,C
1214060489,1,-6.313594642204379e-06,C
1807808053,1,0.0,C
1807808053,1,0.0,C
1807808053,1,0.0,C
1807808053,1,0.0,C
1807808053,1,0.0,C
2000644822,1,0.0,C
2000644822,1,0.0,C
2000644822,1,0.0,C
2000644822,1,0.0,C
2000644822,1,0.0,C
2064813323,1,0.0,C
2064813323,1,0.0,C
2064813323,1,0.0,C
2064813323,1,0.0,C
2064813323,1,0.0,C
2068878394,1,0.0,C
2068878394,1,0.0,C
2068878394,1,0.0,C
2068878394,1,0.0,C
2068878394,1,0.0,C
2300762321,1,-0.0006717888950584783,N
2300762321,1,-0.0006391231048299417,N
2300762321,1,-0.000635449513064823,N
2300762321,1,-4.8065639901007096e-05,N
2300762321,1,-0.0003420519815175993,N
2763854213,1,0.0019383776140462494,C
2763854213,1,0.0025179120466850557,C
2763854213,1,0.0020504507265121097,C
2763854213,1,0.0026337268745690867,C
2763854213,1,0.0004479262500707293,C
3230769595,1,0.0,C
3230769595,1,0.0,C
3230769595,1,0.0,C
3230769595,1,0.0,C
3230769595,1,0.0,C
3254171083,1,0.0,C
3254171083,1,0.0,C
3254171083,1,0.0,C
3254171083,1,0.0,C
3254171083,1,0.0,C
3345491492,1,-0.00011464635807079127,N
3345491492,1,0.00013504519636708956,N
3345491492,1,3.627912026493707e-05,N
3345491492,1,8.2572227573241e-06,N
3345491492,1,2.599605451880649e-05,N
3372254436,1,0.0,O
3372254436,1,0.0,O
3372254436,1,0.0,O
3372254436,1,0.0,O
3372254436,1,0.0,O
3432195425,1,0.0,N
3432195425,1,0.0,N
3432195425,1,0.0,N
3432195425,1,0.0,N
3432195425,1,0.0,N
3598064087,1,-0.00023344558837834484,C
3598064087,1,-0.00023185409994574968,C
3598064087,1,-0.00022543101329186577,C
3598064087,1,-0.00038378331509547614,C
3598064087,1,-0.000325625593699308,C
3750444818,1,0.0003596759728410337,C
3750444818,1,0.00022779083352741925,C
3750444818,1,0.0011214116099550475,C
3750444818,1,7.029788909085344e-05,C
3750444818,1,0.0007705767929273577,C
3869083168,1,0.0,C
3869083168,1,0.0,C
3869083168,1,0.0,C
3869083168,1,0.0,C
3869083168,1,0.0,C
4256524850,1,-0.0009917488001025543,C
4256524850,1,-0.0006596994870269324,C
4256524850,1,8.06778746442749e-06,C
4256524850,1,-0.0013226457733049868,C
4256524850,1,-0.0005316867842922735,C
847433064,1,7.405158134787815e-05,N
847433064,1,0.0002330323792089084,N
847433064,1,-0.00042714247912212233,N
847433064,1,0.0001119263822377814,N
847433064,1,0.00045241934450779286,N
999334238,1,-0.005350426418241128,S
999334238,1,-0.0050021516449397785,S
999334238,1,-0.003858043091017893,S
999334238,1,-0.004946138568237557,S
999334238,1,-0.005263882049396984,S
2976816164,1,0.0020848503650315875,C
2976816164,1,0.004503331010047185,C
2976816164,1,0.005557039348673687,C
2976816164,1,0.006706966662908598,C
2976816164,1,0.005532491337405077,C
141882433,1,0.0002601994628396165,C
141882433,1,0.0004986279397750648,C
141882433,1,8.190671205121625e-05,C
141882433,1,0.00040129185496362574,C
141882433,1,0.0003691853059893946,C
572760528,1,-0.001135496304465522,C
572760528,1,-0.001722546921958834,C
572760528,1,-0.0027315920930548465,C
572760528,1,-0.0007750881532746501,C
572760528,1,0.0012615253051510011,C
1036770003,1,0.0,N
1036770003,1,0.0,N
1036770003,1,0.0,N
1036770003,1,0.0,N
1036770003,1,0.0,N
1782291908,1,0.0,C
1782291908,1,0.0,C
1782291908,1,0.0,C
1782291908,1,0.0,C
1782291908,1,0.0,C
2228063684,1,-0.0012180036728755006,O
2228063684,1,-0.0010520615902076536,O
2228063684,1,-0.0009980126983414328,O
2228063684,1,-0.0017317696375706015,O
2228063684,1,7.442369375465496e-05,O
2297887526,1,-0.0001621764291381833,N
2297887526,1,7.920483411172352e-05,N
2297887526,1,-0.00036989296183065346,N
2297887526,1,-0.0005973602503877018,N
2297887526,1,-0.00044712002912339344,N
2355446912,1,2.513352169675187e-05,C
2355446912,1,-0.00011374449536838416,C
2355446912,1,4.895642650104559e-05,C
2355446912,1,7.661182325979787e-06,C
2355446912,1,0.00012112772274963657,C
2434373675,1,0.0005108363731829435,N
2434373675,1,-0.0007548543084872072,N
2434373675,1,7.848166673873891e-06,N
2434373675,1,-0.0016199832740995124,N
2434373675,1,-0.00010076558839478,N
2551483158,1,-0.0007121531112935786,N
2551483158,1,-0.0007477894851004585,N
2551483158,1,-0.00011467834075029604,N
2551483158,1,-9.183189522066204e-05,N
2551483158,1,-0.00013695685897074927,N
2753863138,1,-0.00032258556293385254,C
2753863138,1,-4.190504527035177e-05,C
2753863138,1,-1.4702946295797048e-05,C
2753863138,1,-0.0001376671394257567,C
2753863138,1,-0.0003267612736583825,C
2762211251,1,0.0,S
2762211251,1,0.0,S
2762211251,1,0.0,S
2762211251,1,0.0,S
2762211251,1,0.0,S
2810604122,1,0.0014657710704616411,C
2810604122,1,0.001263706501471562,C
2810604122,1,0.0011388076929013113,C
2810604122,1,0.0017212502599723845,C
2810604122,1,0.0013931028017033498,C
3324153899,1,0.0,C
3324153899,1,0.0,C
3324153899,1,0.0,C
3324153899,1,0.0,C
3324153899,1,0.0,C
3461773897,1,0.0024867878747275585,N
3461773897,1,0.0008238481321631852,N
3461773897,1,0.0010102644885306988,N
3461773897,1,0.0010240966276988672,N
3461773897,1,-0.0006049445426613564,N
3542456614,1,0.0019652687639539757,C
3542456614,1,0.004917495048838871,C
3542456614,1,0.001724992636382261,C
3542456614,1,0.007076724197209949,C
3542456614,1,0.003022906775687395,C
3623693988,1,0.0,C
3623693988,1,0.0,C
3623693988,1,0.0,C
3623693988,1,0.0,C
3623693988,1,0.0,C
32728066,1,0.0,C
32728066,1,0.0,C
32728066,1,0.0,C
32728066,1,0.0,C
32728066,1,0.0,C
269963113,1,0.0,C
269963113,1,0.0,C
269963113,1,0.0,C
269963113,1,0.0,C
269963113,1,0.0,C
753666527,1,0.0,N
753666527,1,0.0,N
753666527,1,0.0,N
753666527,1,0.0,N
753666527,1,0.0,N
1263243849,1,0.0,C
1263243849,1,0.0,C
1263243849,1,0.0,C
1263243849,1,0.0,C
1263243849,1,0.0,C
1274352488,1,0.0,C
1274352488,1,0.0,C
1274352488,1,0.0,C
1274352488,1,0.0,C
1274352488,1,0.0,C
2164380819,1,0.0,N
2164380819,1,0.0,N
2164380819,1,0.0,N
2164380819,1,0.0,N
2164380819,1,0.0,N
2290681723,1,0.0,C
2290681723,1,0.0,C
2290681723,1,0.0,C
2290681723,1,0.0,C
2290681723,1,0.0,C
2366448291,1,0.0,N
2366448291,1,0.0,N
2366448291,1,0.0,N
2366448291,1,0.0,N
2366448291,1,0.0,N
2432368409,1,0.0,N
2432368409,1,0.0,N
2432368409,1,0.0,N
2432368409,1,0.0,N
2432368409,1,0.0,N
2612409031,1,0.00015037897110270482,C
2612409031,1,-5.562877595211013e-05,C
2612409031,1,-4.854357428418776e-05,C
2612409031,1,-6.141555034733237e-05,C
2612409031,1,2.4233894524439137e-07,C
2644135390,1,0.0,S
2644135390,1,0.0,S
2644135390,1,0.0,S
2644135390,1,0.0,S
2644135390,1,0.0,S
2739434395,1,0.0,C
2739434395,1,0.0,C
2739434395,1,0.0,C
2739434395,1,0.0,C
2739434395,1,0.0,C
2739952872,1,0.0,C
2739952872,1,0.0,C
2739952872,1,0.0,C
2739952872,1,0.0,C
2739952872,1,0.0,C
3299531028,1,0.0,N
3299531028,1,0.0,N
3299531028,1,0.0,N
3299531028,1,0.0,N
3299531028,1,0.0,N
3396503693,1,0.0,N
3396503693,1,0.0,N
3396503693,1,0.0,N
3396503693,1,0.0,N
3396503693,1,0.0,N
3463225569,1,0.0,C
3463225569,1,0.0,C
3463225569,1,0.0,C
3463225569,1,0.0,C
3463225569,1,0.0,C
3611333349,1,0.0,C
3611333349,1,0.0,C
3611333349,1,0.0,C
3611333349,1,0.0,C
3611333349,1,0.0,C
3744003924,1,0.0,C
3744003924,1,0.0,C
3744003924,1,0.0,C
3744003924,1,0.0,C
3744003924,1,0.0,C
3986395223,1,0.0,C
3986395223,1,0.0,C
3986395223,1,0.0,C
3986395223,1,0.0,C
3986395223,1,0.0,C
4074174690,1,0.0,C
4074174690,1,0.0,C
4074174690,1,0.0,C
4074174690,1,0.0,C
4074174690,1,0.0,C
190140222,1,0.0014782161259273563,N
190140222,1,-0.00039345104727994684,N
190140222,1,0.00046291546039589626,N
190140222,1,2.678471919281833e-05,N
190140222,1,0.0029187546522928542,N
1228815484,1,-0.00036260880927452277,C
1228815484,1,-0.00037305604627091427,C
1228815484,1,0.0001946832194046344,C
1228815484,1,0.0008110476731412186,C
1228815484,1,0.00023322155836957847,C
1858577693,1,0.00020064001760211614,C
1858577693,1,0.0002977872834643014,C
1858577693,1,0.0003366795251692478,C
1858577693,1,0.0003771174682841716,C
1858577693,1,0.00019915653057744898,C
2076190208,1,0.00027603066038617285,O
2076190208,1,0.001134061353348148,O
2076190208,1,0.0007528701107735181,O
2076190208,1,0.0017857409536193858,O
2076190208,1,0.0010520721137692313,O
2212573984,1,0.00536794030310439,S
2212573984,1,0.0059366326469680875,S
2212573984,1,0.0042984990532417555,S
2212573984,1,0.007082407214537456,S
2212573984,1,0.0012904559349595779,S
2223687999,1,0.0008076544308549538,C
2223687999,1,0.0005435168839946769,C
2223687999,1,0.002618519498106875,C
2223687999,1,0.001996368897243306,C
2223687999,1,0.0023182669271218925,C
3975275337,1,0.0014387825124482223,C
3975275337,1,0.001477871872942016,C
3975275337,1,0.002033904081645388,C
3975275337,1,0.001316401294146674,C
3975275337,1,0.001278682763644956,C
597336504,1,-6.709514066671751e-06,C
597336504,1,-6.709514066671751e-06,C
597336504,1,-6.709514066671751e-06,C
597336504,1,-6.709514066671751e-06,C
597336504,1,-1.4155834847762172e-05,C
1349611886,1,0.0,N
1349611886,1,0.0,N
1349611886,1,0.0,N
1349611886,1,0.0,N
1349611886,1,0.0,N
1352399629,1,0.00030261663975672537,O
1352399629,1,0.0011297500414287898,O
1352399629,1,0.0009244427374658359,O
1352399629,1,-0.0005720985295210035,O
1352399629,1,0.0013168177041275042,O
1646750527,1,8.228769008689074e-05,C
1646750527,1,-3.864602180114751e-05,C
1646750527,1,0.00018568131277785227,C
1646750527,1,1.562086139994534e-06,C
1646750527,1,2.02793749385366e-05,C
1713195601,1,0.0,C
1713195601,1,0.0,C
1713195601,1,0.0,C
1713195601,1,0.0,C
1713195601,1,0.0,C
1854031727,1,0.0,C
1854031727,1,0.0,C
1854031727,1,0.0,C
1854031727,1,0.0,C
1854031727,1,0.0,C
2090654641,1,0.0,C
2090654641,1,0.0,C
2090654641,1,0.0,C
2090654641,1,0.0,C
2090654641,1,0.0,C
3372972590,1,5.059762770820431e-05,N
3372972590,1,0.00021427676278007457,N
3372972590,1,0.00014423430694143757,N
3372972590,1,-8.360277220065271e-06,N
3372972590,1,0.00021490653939226778,N
3480777078,1,0.0,C
3480777078,1,0.0,C
3480777078,1,0.0,C
3480777078,1,0.0,C
3480777078,1,0.0,C
3741881293,1,8.292320301306333e-05,C
3741881293,1,4.576361889374603e-05,C
3741881293,1,0.000675679962832687,C
3741881293,1,0.0005883146933772787,C
3741881293,1,0.0004461550778827039,C
3884454603,1,-0.00042236066483847257,C
3884454603,1,-0.0007263876990790674,C
3884454603,1,5.0775089966648146e-05,C
3884454603,1,-0.0005322868146969695,C
3884454603,1,-0.000495577237542455,C
3966612213,1,-8.247745952982832e-06,S
3966612213,1,0.0,S
3966612213,1,0.0,S
3966612213,1,0.0,S
3966612213,1,0.0,S
4182960975,1,0.0,C
4182960975,1,0.0,C
4182960975,1,0.0,C
4182960975,1,0.0,C
4182960975,1,0.0,C
3189457552,1,0.0025580734745168643,O
3189457552,1,0.011328845568688184,O
3189457552,1,0.009487475539753376,O
3189457552,1,0.007355252375156107,O
3189457552,1,0.0118481253502557,O
254000342,1,0.0,O
254000342,1,0.0,O
254000342,1,0.0,O
254000342,1,0.0,O
254000342,1,0.0,O
1101907775,1,0.013210198519368,N
1101907775,1,0.011447317008450586,N
1101907775,1,0.01298183856057078,N
1101907775,1,0.010720518801108248,N
1101907775,1,0.004118749636958574,N
1257718710,1,0.002991726906695469,C
1257718710,1,0.0021451294698443535,C
1257718710,1,-6.03054929521063e-05,C
1257718710,1,0.0012154106723603064,C
1257718710,1,0.0012948649008448498,C
1634606847,1,0.0008889358459414076,N
1634606847,1,-0.0004548320521682303,N
1634606847,1,0.0005004740727223567,N
1634606847,1,-0.00058142886979895,N
1634606847,1,0.0006717493323969981,N
1790668568,1,0.0002919504428351427,N
1790668568,1,0.0010866404065307256,N
1790668568,1,0.0006172648473700137,N
1790668568,1,-0.0004981050958325905,N
1790668568,1,0.0037933057936258008,N
2251845666,1,-0.0003662731803960595,C
2251845666,1,-0.000557696695572818,C
2251845666,1,-0.00033449678173613773,C
2251845666,1,-0.0003573532290186421,C
2251845666,1,-0.0005731508033063326,C
2257970297,1,0.00023438776775497328,C
2257970297,1,-0.00034369301971992616,C
2257970297,1,0.001898870497718419,C
2257970297,1,0.00024478142937711667,C
2257970297,1,-0.002031720953930005,C
2994748777,1,0.0003102294809820272,C
2994748777,1,-0.0015444413856868788,C
2994748777,1,-0.003085795312353312,C
2994748777,1,0.0023132668005733104,C
2994748777,1,-0.0011372023425608724,C
3182824521,1,0.001204428171758587,C
3182824521,1,-0.0010381152422637152,C
3182824521,1,-0.0015210760511583654,C
3182824521,1,-0.0009584255929195873,C
3182824521,1,0.001618666254316392,C
3203709451,1,0.0037131596000927747,O
3203709451,1,0.0009225334374521887,O
3203709451,1,0.0007799265960248825,O
3203709451,1,0.0016953982607991192,O
3203709451,1,0.0025473557147088766,O
3254486562,1,-0.0003164310107439672,C
3254486562,1,-0.0015133281119785735,C
3254486562,1,0.0023429063897961733,C
3254486562,1,-0.0012587371312079432,C
3254486562,1,-0.0009513522513714401,C
3308404410,1,0.00015215918506084058,C
3308404410,1,0.00019717782861772282,C
3308404410,1,-0.0008936069307077243,C
3308404410,1,-0.0004155606357302277,C
3308404410,1,-0.0007221670278843018,C
3346539298,1,-0.00010535921472776266,N
3346539298,1,0.0011957340521956406,N
3346539298,1,-0.0001616075808387185,N
3346539298,1,-0.0013276198732918854,N
3346539298,1,0.001393439744930447,N
3460898310,1,0.001591123839668751,N
3460898310,1,0.0002158207729490158,N
3460898310,1,0.0003945700991778711,N
3460898310,1,0.0014315870873682357,N
3460898310,1,-0.0023379286551804546,N
3820826669,1,0.003341823740686367,C
3820826669,1,0.0029317389533504157,C
3820826669,1,0.004081251529009622,C
3820826669,1,0.002479665985468449,C
3820826669,1,0.0025945672505888195,C
3918336191,1,-0.00144569369360259,C
3918336191,1,-0.0009650804306519101,C
3918336191,1,-0.00014894646209051565,C
3918336191,1,-0.0005162683265358403,C
3918336191,1,3.2700721920742026e-05,C
4008337421,1,0.0006081187617181794,C
4008337421,1,0.0005315349868955099,C
4008337421,1,0.00038738538932625577,C
4008337421,1,0.0005811629949181718,C
4008337421,1,0.0004432081797449694,C
38514050,1,0.0,C
38514050,1,0.0,C
38514050,1,0.0,C
38514050,1,0.0,C
38514050,1,0.0,C
116811903,1,0.0,N
116811903,1,0.0,N
116811903,1,0.0,N
116811903,1,0.0,N
116811903,1,0.0,N
312306367,1,0.0003906033482021787,C
312306367,1,-2.5868633786729767e-05,C
312306367,1,0.00029130379586905786,C
312306367,1,0.0008752490286685344,C
312306367,1,0.0016889616324080592,C
461775698,1,0.0,C
461775698,1,0.0,C
461775698,1,0.0,C
461775698,1,0.0,C
461775698,1,0.0,C
473978627,1,-0.00045111886973314697,C
473978627,1,-0.0013520949879868294,C
473978627,1,-4.844657432168109e-05,C
473978627,1,-6.329017101669443e-05,C
473978627,1,-0.00019891341961486564,C
619920801,1,-2.9482974060579537e-05,C
619920801,1,0.00026003806216157166,C
619920801,1,-0.0005577536740687394,C
619920801,1,-2.6900735903501172e-05,C
619920801,1,0.0003348060237706729,C
714893496,1,0.0007023574060250892,C
714893496,1,0.0007900788566327366,C
714893496,1,0.0003389246872577134,C
714893496,1,-0.0003275612030844144,C
714893496,1,0.00022121813091524611,C
717151242,1,-0.00012499771063811949,O
717151242,1,0.0005422041515861231,O
717151242,1,0.00024074863998335694,O
717151242,1,0.00015581590948521296,O
717151242,1,-0.00013068547308403566,O
910450790,1,-1.9948789565571445e-05,C
910450790,1,0.0002779947394122573,C
910450790,1,1.3839327757447784e-05,C
910450790,1,0.0005612049185574897,C
910450790,1,-7.112046133694871e-05,C
965146774,1,0.0,N
965146774,1,0.0,N
965146774,1,0.0,N
965146774,1,0.0,N
965146774,1,0.0,N
1081197576,1,0.0,C
1081197576,1,0.0,C
1081197576,1,0.0,C
1081197576,1,0.0,C
1081197576,1,0.0,C
1222631225,1,-6.068085003541057e-05,C
1222631225,1,-1.13519896063341e-05,C
1222631225,1,3.368738914977243e-05,C
1222631225,1,-2.2524564907366873e-05,C
1222631225,1,-6.301132848207658e-05,C
1503972698,1,0.0,C
1503972698,1,0.0,C
1503972698,1,0.0,C
1503972698,1,0.0,C
1503972698,1,0.0,C
1556668346,1,-1.3572157078978186e-05,N
1556668346,1,0.0001282090080646503,N
1556668346,1,5.582454448582741e-05,N
1556668346,1,5.471817887370278e-05,N
1556668346,1,0.00017890061352665576,N
1775767796,1,0.0,C
1775767796,1,0.0,C
1775767796,1,0.0,C
1775767796,1,0.0,C
1775767796,1,0.0,C
1823366930,1,0.0,C
1823366930,1,0.0,C
1823366930,1,0.0,C
1823366930,1,0.0,C
1823366930,1,0.0,C
1989685697,1,0.0,C
1989685697,1,0.0,C
1989685697,1,0.0,C
1989685697,1,0.0,C
1989685697,1,0.0,C
2018628328,1,0.0,C
2018628328,1,0.0,C
2018628328,1,0.0,C
2018628328,1,0.0,C
2018628328,1,0.0,C
2058492642,1,0.0,N
2058492642,1,0.0,N
2058492642,1,0.0,N
2058492642,1,0.0,N
2058492642,1,0.0,N
2180419430,1,0.0,O
2180419430,1,0.0,O
2180419430,1,0.0,O
2180419430,1,0.0,O
2180419430,1,0.0,O
2353583745,1,-1.1229926756395336e-05,C
2353583745,1,-2.4066929209864973e-05,C
2353583745,1,-2.087134303385696e-06,C
2353583745,1,-5.270679548929902e-05,C
2353583745,1,-5.8874860892621506e-05,C
2409362763,1,0.0,N
2409362763,1,0.0,N
2409362763,1,0.0,N
2409362763,1,0.0,N
2409362763,1,0.0,N
2498219816,1,7.941320776339023e-05,C
2498219816,1,0.00015731860493550798,C
2498219816,1,2.7390519232284305e-05,C
2498219816,1,-0.0002961894077649907,C
2498219816,1,0.0001411920408417311,C
2509211297,1,0.002657573214687403,C
2509211297,1,0.002878048270033018,C
2509211297,1,0.002778980319009916,C
2509211297,1,0.0015245122071373407,C
2509211297,1,0.0026330746885177003,C
2682881773,1,0.0,C
2682881773,1,0.0,C
2682881773,1,0.0,C
2682881773,1,0.0,C
2682881773,1,0.0,C
3292898205,1,0.0,C
3292898205,1,0.0,C
3292898205,1,0.0,C
3292898205,1,0.0,C
3292898205,1,0.0,C
3431531268,1,0.0,O
3431531268,1,0.0,O
3431531268,1,0.0,O
3431531268,1,0.0,O
3431531268,1,0.0,O
3888780669,1,0.0005403579340720333,O
3888780669,1,0.00036778080948529634,O
3888780669,1,-0.00027558760042889485,O
3888780669,1,0.00043176136876132976,O
3888780669,1,0.000145645841986064,O
3950788475,1,0.0,C
3950788475,1,0.0,C
3950788475,1,0.0,C
3950788475,1,0.0,C
3950788475,1,0.0,C
3983190549,1,0.0,C
3983190549,1,0.0,C
3983190549,1,0.0,C
3983190549,1,0.0,C
3983190549,1,0.0,C
4055698890,1,-0.0023568603543762112,N
4055698890,1,-0.0014109374914417216,N
4055698890,1,-0.0008623552611877194,N
4055698890,1,-0.0016476107176121024,N
4055698890,1,-0.0013441261419869788,N
4129558839,1,-3.947803315695886e-06,N
4129558839,1,6.382842891483609e-05,N
4129558839,1,-6.0242949296185344e-05,N
4129558839,1,9.487497926086164e-05,N
4129558839,1,3.218971030938267e-05,N
91144555,1,0.0,C
91144555,1,0.0,C
91144555,1,0.0,C
91144555,1,0.0,C
91144555,1,0.0,C
153234704,1,0.0,C
153234704,1,0.0,C
153234704,1,0.0,C
153234704,1,0.0,C
153234704,1,0.0,C
350061832,1,0.0,C
350061832,1,0.0,C
350061832,1,0.0,C
350061832,1,0.0,C
350061832,1,0.0,C
485463469,1,0.000949066668467613,F
485463469,1,-2.25872419673534e-05,F
485463469,1,0.0006278958403788115,F
485463469,1,0.0007622556542561387,F
485463469,1,-7.776230588529831e-05,F
505767871,1,0.0,C
505767871,1,0.0,C
505767871,1,0.0,C
505767871,1,0.0,C
505767871,1,0.0,C
516041383,1,0.000314832811818877,C
516041383,1,0.0004422823711008883,C
516041383,1,3.878669025436654e-05,C
516041383,1,0.001238811088303149,C
516041383,1,4.429046153386906e-05,C
542023358,1,0.0,C
542023358,1,0.0,C
542023358,1,0.0,C
542023358,1,0.0,C
542023358,1,0.0,C
551287920,1,0.0012620833436803869,C
551287920,1,0.0035811791642639257,C
551287920,1,0.0021734660103028824,C
551287920,1,0.0018753649442674325,C
551287920,1,0.0019884983463983597,C
994494548,1,0.0,C
994494548,1,0.0,C
994494548,1,0.0,C
994494548,1,0.0,C
994494548,1,0.0,C
1301245444,1,0.0,C
1301245444,1,0.0,C
1301245444,1,0.0,C
1301245444,1,0.0,C
1301245444,1,0.0,C
1693589848,1,0.0,N
1693589848,1,0.0,N
1693589848,1,0.0,N
1693589848,1,0.0,N
1693589848,1,0.0,N
1850810846,1,0.0,C
1850810846,1,0.0,C
1850810846,1,0.0,C
1850810846,1,0.0,C
1850810846,1,0.0,C
1861965050,1,0.0028878373034884053,C
1861965050,1,0.0034460811137565495,C
1861965050,1,0.003110532474107086,C
1861965050,1,0.002124588073483147,C
1861965050,1,0.0027279607132261185,C
1913679217,1,0.0,C
1913679217,1,0.0,C
1913679217,1,0.0,C
1913679217,1,0.0,C
1913679217,1,0.0,C
2119439498,1,0.0005621574378693595,C
2119439498,1,0.0008020050123312972,C
2119439498,1,0.0005071613617583237,C
2119439498,1,-0.0002253762523449776,C
2119439498,1,0.0005390700925251846,C
2605374084,1,0.0,C
2605374084,1,0.0,C
2605374084,1,0.0,C
2605374084,1,0.0,C
2605374084,1,0.0,C
3178196225,1,0.0,C
3178196225,1,0.0,C
3178196225,1,0.0,C
3178196225,1,0.0,C
3178196225,1,0.0,C
3188578434,1,0.0,C
3188578434,1,0.0,C
3188578434,1,0.0,C
3188578434,1,0.0,C
3188578434,1,0.0,C
3577933307,1,0.0,C
3577933307,1,0.0,C
3577933307,1,0.0,C
3577933307,1,0.0,C
3577933307,1,0.0,C
3614969428,1,0.0,C
3614969428,1,0.0,C
3614969428,1,0.0,C
3614969428,1,0.0,C
3614969428,1,0.0,C
3914061263,1,0.0,C
3914061263,1,0.0,C
3914061263,1,0.0,C
3914061263,1,0.0,C
3914061263,1,0.0,C
4223108416,1,0.0,C
4223108416,1,0.0,C
4223108416,1,0.0,C
4223108416,1,0.0,C
4223108416,1,0.0,C
4273842364,1,0.0,C
4273842364,1,0.0,C
4273842364,1,0.0,C
4273842364,1,0.0,C
4273842364,1,0.0,C
21584602,1,0.0,C
21584602,1,0.0,C
21584602,1,0.0,C
21584602,1,0.0,C
21584602,1,0.0,C
65448228,1,0.0,C
65448228,1,0.0,C
65448228,1,0.0,C
65448228,1,0.0,C
65448228,1,0.0,C
334078805,1,0.0,C
334078805,1,0.0,C
334078805,1,0.0,C
334078805,1,0.0,C
334078805,1,0.0,C
364599101,1,0.0,C
364599101,1,0.0,C
364599101,1,0.0,C
364599101,1,0.0,C
364599101,1,0.0,C
709642840,1,0.0,C
709642840,1,0.0,C
709642840,1,0.0,C
709642840,1,0.0,C
709642840,1,0.0,C
719459903,1,0.0,C
719459903,1,0.0,C
719459903,1,0.0,C
719459903,1,0.0,C
719459903,1,0.0,C
950899254,1,0.0,C
950899254,1,0.0,C
950899254,1,0.0,C
950899254,1,0.0,C
950899254,1,0.0,C
955777749,1,0.0,C
955777749,1,0.0,C
955777749,1,0.0,C
955777749,1,0.0,C
955777749,1,0.0,C
1551143545,1,0.0,C
1551143545,1,0.0,C
1551143545,1,0.0,C
1551143545,1,0.0,C
1551143545,1,0.0,C
1644491370,1,0.0,C
1644491370,1,0.0,C
1644491370,1,0.0,C
1644491370,1,0.0,C
1644491370,1,0.0,C
1689894946,1,0.0,C
1689894946,1,0.0,C
1689894946,1,0.0,C
1689894946,1,0.0,C
1689894946,1,0.0,C
2035804146,1,0.0,C
2035804146,1,0.0,C
2035804146,1,0.0,C
2035804146,1,0.0,C
2035804146,1,0.0,C
2240515393,1,0.0,C
2240515393,1,0.0,C
2240515393,1,0.0,C
2240515393,1,0.0,C
2240515393,1,0.0,C
2261370001,1,0.0,C
2261370001,1,0.0,C
2261370001,1,0.0,C
2261370001,1,0.0,C
2261370001,1,0.0,C
2370345011,1,0.0,C
2370345011,1,0.0,C
2370345011,1,0.0,C
2370345011,1,0.0,C
2370345011,1,0.0,C
2399760887,1,0.0,C
2399760887,1,0.0,C
2399760887,1,0.0,C
2399760887,1,0.0,C
2399760887,1,0.0,C
2467557643,1,0.0,C
2467557643,1,0.0,C
2467557643,1,0.0,C
2467557643,1,0.0,C
2467557643,1,0.0,C
2599740753,1,0.0,C
2599740753,1,0.0,C
2599740753,1,0.0,C
2599740753,1,0.0,C
2599740753,1,0.0,C
2786514417,1,0.0,C
2786514417,1,0.0,C
2786514417,1,0.0,C
2786514417,1,0.0,C
2786514417,1,0.0,C
3563343120,1,0.0,C
3563343120,1,0.0,C
3563343120,1,0.0,C
3563343120,1,0.0,C
3563343120,1,0.0,C
3639831514,1,0.0,C
3639831514,1,0.0,C
3639831514,1,0.0,C
3639831514,1,0.0,C
3639831514,1,0.0,C
3655890563,1,0.0,C
3655890563,1,0.0,C
3655890563,1,0.0,C
3655890563,1,0.0,C
3655890563,1,0.0,C
3736033135,1,0.0,C
3736033135,1,0.0,C
3736033135,1,0.0,C
3736033135,1,0.0,C
3736033135,1,0.0,C
3786095590,1,0.0,C
3786095590,1,0.0,C
3786095590,1,0.0,C
3786095590,1,0.0,C
3786095590,1,0.0,C
4226640035,1,0.0,N
4226640035,1,0.0,N
4226640035,1,0.0,N
4226640035,1,0.0,N
4226640035,1,0.0,N
472281497,1,0.0,C
472281497,1,0.0,C
472281497,1,0.0,C
472281497,1,0.0,C
472281497,1,0.0,C
1136130381,1,-0.00036697262948881537,C
1136130381,1,9.424034114480229e-05,C
1136130381,1,-0.0004933212352730143,C
1136130381,1,0.0008183386843338969,C
1136130381,1,0.00026908494603117283,C
1198890718,1,1.4269554707402321e-05,C
1198890718,1,0.0,C
1198890718,1,0.0,C
1198890718,1,0.0,C
1198890718,1,3.8878347955684234e-05,C
2752034647,1,0.0001925239903499687,C
2752034647,1,-0.00012348011892726607,C
2752034647,1,-0.0004510013548427727,C
2752034647,1,2.5387067962068244e-05,C
2752034647,1,0.00018363867551740576,C
3124581743,1,-0.0003376584563435925,C
3124581743,1,-0.004973498933043996,C
3124581743,1,-0.0035193418952178535,C
3124581743,1,-0.00238925384360944,C
3124581743,1,-0.000910886202269201,C
332862697,1,0.0,C
332862697,1,0.0,C
332862697,1,0.0,C
332862697,1,0.0,C
332862697,1,0.0,C
428372179,1,0.0,N
428372179,1,0.0,N
428372179,1,0.0,N
428372179,1,0.0,N
428372179,1,0.0,N
451709826,1,0.0,N
451709826,1,0.0,N
451709826,1,0.0,N
451709826,1,0.0,N
451709826,1,0.0,N
793325400,1,0.0,N
793325400,1,0.0,N
793325400,1,0.0,N
793325400,1,0.0,N
793325400,1,0.0,N
809897358,1,0.0,C
809897358,1,0.0,C
809897358,1,0.0,C
809897358,1,0.0,C
809897358,1,0.0,C
1050073333,1,0.0,O
1050073333,1,0.0,O
1050073333,1,0.0,O
1050073333,1,0.0,O
1050073333,1,0.0,O
1223222526,1,0.0,C
1223222526,1,0.0,C
1223222526,1,0.0,C
1223222526,1,0.0,C
1223222526,1,0.0,C
1243474785,1,0.0,C
1243474785,1,0.0,C
1243474785,1,0.0,C
1243474785,1,0.0,C
1243474785,1,0.0,C
1330234599,1,0.0,N
1330234599,1,0.0,N
1330234599,1,0.0,N
1330234599,1,0.0,N
1330234599,1,0.0,N
1584334386,1,0.0,N
1584334386,1,0.0,N
1584334386,1,0.0,N
1584334386,1,0.0,N
1584334386,1,0.0,N
2055666925,1,0.0,C
2055666925,1,0.0,C
2055666925,1,0.0,C
2055666925,1,0.0,C
2055666925,1,0.0,C
2127647960,1,0.0,C
2127647960,1,0.0,C
2127647960,1,0.0,C
2127647960,1,0.0,C
2127647960,1,0.0,C
2240978772,1,0.0,C
2240978772,1,0.0,C
2240978772,1,0.0,C
2240978772,1,0.0,C
2240978772,1,0.0,C
2427036066,1,0.0,C
2427036066,1,0.0,C
2427036066,1,0.0,C
2427036066,1,0.0,C
2427036066,1,0.0,C
2578122382,1,0.0,C
2578122382,1,0.0,C
2578122382,1,0.0,C
2578122382,1,0.0,C
2578122382,1,0.0,C
2772731088,1,0.0,C
2772731088,1,0.0,C
2772731088,1,0.0,C
2772731088,1,0.0,C
2772731088,1,0.0,C
3663265415,1,0.0,C
3663265415,1,0.0,C
3663265415,1,0.0,C
3663265415,1,0.0,C
3663265415,1,0.0,C
3903984365,1,0.0,C
3903984365,1,0.0,C
3903984365,1,0.0,C
3903984365,1,0.0,C
3903984365,1,0.0,C
3991689940,1,0.0,C
3991689940,1,0.0,C
3991689940,1,0.0,C
3991689940,1,0.0,C
3991689940,1,0.0,C
4011293459,1,3.455274630348448e-05,C
4011293459,1,0.00028456549649436,C
4011293459,1,7.600629455806196e-05,C
4011293459,1,0.0003873312207751667,C
4011293459,1,0.00010069258416423033,C
4042217147,1,0.0,C
4042217147,1,0.0,C
4042217147,1,0.0,C
4042217147,1,0.0,C
4042217147,1,0.0,C
603510687,1,0.0027956822193614395,C
603510687,1,0.0007339785557849421,C
603510687,1,-0.0009379572791536894,C
603510687,1,-0.00014822995467944633,C
603510687,1,-0.0013733412372548548,C
1007161414,1,0.0,C
1007161414,1,0.0,C
1007161414,1,0.0,C
1007161414,1,0.0,C
1007161414,1,0.0,C
1276993226,1,0.000827557576180582,C
1276993226,1,0.0043678120871407655,C
1276993226,1,0.0011918988291734767,C
1276993226,1,0.002832882175550333,C
1276993226,1,0.0036177597997805178,C
1510461303,1,0.0029459641521764057,C
1510461303,1,0.002485826983782524,C
1510461303,1,0.0029668056502841766,C
1510461303,1,0.0025071989365667013,C
1510461303,1,0.00034340884146832895,C
1824088295,1,-0.00010037674489316029,C
1824088295,1,-0.00037251183679942734,C
1824088295,1,-0.0002624756497454639,C
1824088295,1,-0.00015185490291735881,C
1824088295,1,-0.00039386812311437147,C
1842898132,1,0.004642704752567006,C
1842898132,1,0.009363903052592937,C
1842898132,1,0.0019001333333915627,C
1842898132,1,0.011938503833487824,C
1842898132,1,0.01307935327077181,C
1923187777,1,-0.000536787563744201,N
1923187777,1,-0.0003947197100201416,N
1923187777,1,-0.0002663751046083629,N
1923187777,1,-0.0008304216062998693,N
1923187777,1,-0.0018113098634441327,N
2510215966,1,-0.000955105926803923,C
2510215966,1,-1.4870521056420394e-05,C
2510215966,1,-0.00024807234041834825,C
2510215966,1,-0.0005233691569618282,C
2510215966,1,-0.0004163908719684306,C
3012865236,1,0.0009431472350039938,N
3012865236,1,-0.00045074256811195035,N
3012865236,1,0.00027147371558655653,N
3012865236,1,-0.00038886148223726824,N
3012865236,1,0.0008816208074305942,N
3334525955,1,-0.0008889606880160272,C
3334525955,1,-0.0005580394074347073,C
3334525955,1,-0.0009132133147575772,C
3334525955,1,-0.0005601552041515356,C
3334525955,1,0.00019101514536956632,C
4142616092,1,0.0,C
4142616092,1,0.0,C
4142616092,1,0.0,C
4142616092,1,0.0,C
4142616092,1,0.0,C
4292539202,1,0.0,C
4292539202,1,0.0,C
4292539202,1,0.0,C
4292539202,1,0.0,C
4292539202,1,0.0,C
28542897,1,0.0,N
28542897,1,0.0,N
28542897,1,0.0,N
28542897,1,0.0,N
28542897,1,0.0,N
323531961,1,0.0,C
323531961,1,0.0,C
323531961,1,0.0,C
323531961,1,0.0,C
323531961,1,0.0,C
398568954,1,0.0,C
398568954,1,0.0,C
398568954,1,0.0,C
398568954,1,0.0,C
398568954,1,0.0,C
468055343,1,-4.578482075900947e-05,C
468055343,1,1.862069988889381e-05,C
468055343,1,0.00011406841424421721,C
468055343,1,1.335179341066528e-05,C
468055343,1,-4.1495444490058375e-05,C
663118487,1,0.0,C
663118487,1,0.0,C
663118487,1,0.0,C
663118487,1,0.0,C
663118487,1,0.0,C
696146905,1,0.0,C
696146905,1,0.0,C
696146905,1,0.0,C
696146905,1,0.0,C
696146905,1,0.0,C
714619592,1,0.0,C
714619592,1,0.0,C
714619592,1,0.0,C
714619592,1,0.0,C
714619592,1,0.0,C
800085213,1,-0.00017701430074101854,C
800085213,1,-0.00045327221869029266,C
800085213,1,-0.00027133087863806526,C
800085213,1,-0.0005794304072462841,C
800085213,1,-0.00034971000050754153,C
932712697,1,0.0006537390211582839,O
932712697,1,0.00020678501415571926,O
932712697,1,0.0002863666732602077,O
932712697,1,0.0007636650305888892,O
932712697,1,0.0006061057802276837,O
1085715869,1,0.0,C
1085715869,1,0.0,C
1085715869,1,0.0,C
1085715869,1,0.0,C
1085715869,1,0.0,C
1099011003,1,0.0,C
1099011003,1,0.0,C
1099011003,1,0.0,C
1099011003,1,0.0,C
1099011003,1,0.0,C
1156796571,1,0.0,N
1156796571,1,0.0,N
1156796571,1,0.0,N
1156796571,1,0.0,N
1156796571,1,0.0,N
1923646266,1,0.0,C
1923646266,1,0.0,C
1923646266,1,0.0,C
1923646266,1,0.0,C
1923646266,1,0.0,C
2405245879,1,0.0,C
2405245879,1,0.0,C
2405245879,1,0.0,C
2405245879,1,0.0,C
2405245879,1,0.0,C
2513505929,1,0.0,C
2513505929,1,0.0,C
2513505929,1,0.0,C
2513505929,1,0.0,C
2513505929,1,0.0,C
2514995658,1,0.0,C
2514995658,1,0.0,C
2514995658,1,0.0,C
2514995658,1,0.0,C
2514995658,1,0.0,C
2773066454,1,0.0,C
2773066454,1,0.0,C
2773066454,1,0.0,C
2773066454,1,0.0,C
2773066454,1,0.0,C
3507559179,1,0.0,C
3507559179,1,0.0,C
3507559179,1,0.0,C
3507559179,1,0.0,C
3507559179,1,0.0,C
3721278156,1,0.0,C
3721278156,1,0.0,C
3721278156,1,0.0,C
3721278156,1,0.0,C
3721278156,1,0.0,C
4105666400,1,-0.0012964211096100353,C
4105666400,1,-0.0005213879057864856,C
4105666400,1,-0.0008608427654681616,C
4105666400,1,0.0002577241678273223,C
4105666400,1,-0.00011639862979884175,C
26234434,1,-3.463869800279795e-05,O
26234434,1,-0.00020693945064487185,O
26234434,1,0.00043297780809925523,O
26234434,1,0.00015976475518819644,O
26234434,1,-4.4512797656048875e-05,O
64070612,1,0.000291315095935496,C
64070612,1,-0.00016601383336523057,C
64070612,1,-0.00013851186810853733,C
64070612,1,0.0007437707917924419,C
64070612,1,0.0006786750808148723,C
239116674,1,0.0,C
239116674,1,0.0,C
239116674,1,0.0,C
239116674,1,0.0,C
239116674,1,0.0,C
1999904870,1,9.968677223470834e-06,C
1999904870,1,9.594069661489346e-05,C
1999904870,1,0.00024335288939625332,C
1999904870,1,2.926569373751242e-05,C
1999904870,1,3.11888529876958e-05,C
2089117413,1,-0.001092070742335416,C
2089117413,1,-0.002226386573221273,C
2089117413,1,-0.0012276626479761354,C
2089117413,1,-0.0031315671354290586,C
2089117413,1,-0.002712001914799922,C
2720313463,1,0.0024157173465836346,C
2720313463,1,0.00025305096695205087,C
2720313463,1,-0.0016929475643249203,C
2720313463,1,0.0016216843187923935,C
2720313463,1,-9.28393538317529e-05,C
3980805843,1,-0.0005729589771814592,C
3980805843,1,-2.694373979306164e-05,C
3980805843,1,0.0004261210747246169,C
3980805843,1,9.123254454379559e-05,C
3980805843,1,-0.00018904335225211621,C
4121755354,1,-0.00028393653577785116,C
4121755354,1,-0.00575103721462944,C
4121755354,1,-0.00512056583828735,C
4121755354,1,-0.004112041566862512,C
4121755354,1,-0.00018760022435071466,C
96001975,1,-0.0009588167464203989,C
96001975,1,-0.0004405706248222785,C
96001975,1,-6.771631032842507e-05,C
96001975,1,-0.0003778626744673774,C
96001975,1,0.0006281733655323363,C
128750964,1,0.0,C
128750964,1,0.0,C
128750964,1,0.0,C
128750964,1,0.0,C
128750964,1,0.0,C
142531445,1,0.0002819249450656258,C
142531445,1,0.0003403709646149222,C
142531445,1,-0.00015323409272560706,C
142531445,1,4.461453682114147e-05,C
142531445,1,-0.00036652582243912324,C
214126897,1,-4.219788725134954e-05,C
214126897,1,0.00017021770278491388,C
214126897,1,-0.00020965680010054388,C
214126897,1,-0.00024072140790076801,C
214126897,1,0.00013440999300795564,C
497870099,1,-0.0018570298161442178,C
497870099,1,-6.0818963810382876e-05,C
497870099,1,0.00014327998379848328,C
497870099,1,0.00027540655102986644,C
497870099,1,-3.308197806695112e-05,C
866262779,1,0.0,N
866262779,1,0.0,N
866262779,1,0.0,N
866262779,1,0.0,N
866262779,1,0.0,N
1163692816,1,0.000823787209800475,N
1163692816,1,0.00026836844557898143,N
1163692816,1,0.00034356020661530096,N
1163692816,1,0.00036236378095155786,N
1163692816,1,8.412924877965189e-06,N
1429883190,1,0.009162070376300901,C
1429883190,1,0.012539682249267825,C
1429883190,1,0.01982888317131659,C
1429883190,1,0.007532863523294964,C
1429883190,1,0.01136350575876488,C
1585902678,1,0.0,C
1585902678,1,0.0,C
1585902678,1,0.0,C
1585902678,1,0.0,C
1585902678,1,0.0,C
1754248939,1,0.000678042701310333,C
1754248939,1,0.0002862399742472599,C
1754248939,1,0.000378862865961449,C
1754248939,1,0.0005094009835698854,C
1754248939,1,0.00057928953649522,C
2261474071,1,0.0,C
2261474071,1,0.0,C
2261474071,1,0.0,C
2261474071,1,0.0,C
2261474071,1,0.0,C
2744158313,1,0.0,C
2744158313,1,0.0,C
2744158313,1,0.0,C
2744158313,1,0.0,C
2744158313,1,0.0,C
2800885459,1,0.0,C
2800885459,1,0.0,C
2800885459,1,0.0,C
2800885459,1,0.0,C
2800885459,1,0.0,C
2841547777,1,0.0010321912766266816,C
2841547777,1,0.002779043056012731,C
2841547777,1,0.0025006925429875704,C
2841547777,1,0.00039519797293474657,C
2841547777,1,0.0037077945087697906,C
3209892106,1,0.0,N
3209892106,1,0.0,N
3209892106,1,0.0,N
3209892106,1,0.0,N
3209892106,1,0.0,N
3248686995,1,0.0010103138711322623,C
3248686995,1,0.0005773586403621245,C
3248686995,1,-0.000989404186297671,C
3248686995,1,0.00030182778576248737,C
3248686995,1,-0.00023546243090999397,C
3348622688,1,0.0,C
3348622688,1,0.0,C
3348622688,1,0.0,C
3348622688,1,0.0,C
3348622688,1,0.0,C
3594696610,1,-0.00011049572283072795,C
3594696610,1,-9.600450216140644e-05,C
3594696610,1,-1.708881471307322e-05,C
3594696610,1,-8.699188254046586e-05,C
3594696610,1,-4.100156021469292e-05,C
3624155,1,0.013349270357599807,C
3624155,1,0.010369306246309051,C
3624155,1,0.013418422175902056,C
3624155,1,0.012942682224036939,C
3624155,1,0.007976008703519999,C
30707086,1,0.0,C
30707086,1,0.0,C
30707086,1,0.0,C
30707086,1,0.0,C
30707086,1,0.0,C
1173125914,1,-1.673511823807594e-05,C
1173125914,1,6.842325934175442e-05,C
1173125914,1,-0.0001599762295303453,C
1173125914,1,-3.786693366281124e-05,C
1173125914,1,-7.693153784971152e-05,C
1462241120,1,0.0,C
1462241120,1,0.0,C
1462241120,1,0.0,C
1462241120,1,0.0,C
1462241120,1,0.0,C
2513428378,1,0.00013176365544043112,C
2513428378,1,-4.9712179021166314e-05,C
2513428378,1,5.874533507277402e-05,C
2513428378,1,-0.00076755070454404,C
2513428378,1,0.00011604893711947284,C
2697110228,1,-1.6106424708728362e-05,C
2697110228,1,0.0007381036031850474,C
2697110228,1,-8.728431907845113e-05,C
2697110228,1,0.0004450477268274078,C
2697110228,1,0.0005213406238395724,C
2762810942,1,0.0,C
2762810942,1,0.0,C
2762810942,1,0.0,C
2762810942,1,0.0,C
2762810942,1,0.0,C
2975126068,1,0.0015367402515414907,N
2975126068,1,0.0015329806436011895,N
2975126068,1,0.0019004907985057384,N
2975126068,1,0.0017433416608926278,N
2975126068,1,0.0011853589057815306,N
2984045667,1,0.0,C
2984045667,1,0.0,C
2984045667,1,0.0,C
2984045667,1,0.0,C
2984045667,1,0.0,C
3034212252,1,0.0002897958242481513,C
3034212252,1,0.00020600529920822286,C
3034212252,1,0.0017289458031983784,C
3034212252,1,-6.891888576598948e-05,C
3034212252,1,8.602890303166522e-05,C
3482873808,1,0.0020088688846224834,C
3482873808,1,0.002323737537516468,C
3482873808,1,0.002770031657938654,C
3482873808,1,0.0023240130799051517,C
3482873808,1,0.0011592780954630122,C
3657471097,1,0.013158285900619182,C
3657471097,1,0.010703294052426648,C
3657471097,1,0.0072608816897441475,C
3657471097,1,0.006173168527549899,C
3657471097,1,0.013409789848488285,C
411946514,1,0.0,N
411946514,1,0.0,N
411946514,1,0.0,N
411946514,1,0.0,N
411946514,1,0.0,N
698395004,1,-1.4147724437751918e-05,C
698395004,1,0.0004986080583148089,C
698395004,1,0.0002441266751055382,C
698395004,1,0.00015848914550664617,C
698395004,1,0.0006388011887180634,C
715404902,1,0.0,C
715404902,1,0.0,C
715404902,1,0.0,C
715404902,1,0.0,C
715404902,1,0.0,C
752433856,1,0.0,N
752433856,1,0.0,N
752433856,1,0.0,N
752433856,1,0.0,N
752433856,1,0.0,N
975892776,1,0.0,C
975892776,1,0.0,C
975892776,1,0.0,C
975892776,1,0.0,C
975892776,1,0.0,C
1007507120,1,0.0,C
1007507120,1,0.0,C
1007507120,1,0.0,C
1007507120,1,0.0,C
1007507120,1,0.0,C
1553638162,1,-0.0007128582118012261,C
1553638162,1,-0.0007189606319680797,C
1553638162,1,-0.0022859291365052714,C
1553638162,1,-0.0005760980122635484,C
1553638162,1,-0.00022437611791381595,C
1669800820,1,0.0,N
1669800820,1,0.0,N
1669800820,1,0.0,N
1669800820,1,0.0,N
1669800820,1,0.0,N
1863555477,1,0.0,C
1863555477,1,0.0,C
1863555477,1,0.0,C
1863555477,1,0.0,C
1863555477,1,0.0,C
1892048877,1,0.0,C
1892048877,1,0.0,C
1892048877,1,0.0,C
1892048877,1,0.0,C
1892048877,1,0.0,C
2171097092,1,0.0,C
2171097092,1,0.0,C
2171097092,1,0.0,C
2171097092,1,0.0,C
2171097092,1,0.0,C
2447508436,1,0.0,C
2447508436,1,0.0,C
2447508436,1,0.0,C
2447508436,1,0.0,C
2447508436,1,0.0,C
2787503806,1,-0.00012366680305742062,C
2787503806,1,5.1152836808343594e-05,C
2787503806,1,4.344207486217666e-05,C
2787503806,1,-6.315697115366614e-05,C
2787503806,1,-8.940194190176776e-05,C
2955423774,1,0.0,N
2955423774,1,0.0,N
2955423774,1,0.0,N
2955423774,1,0.0,N
2955423774,1,0.0,N
3260652206,1,0.0,C
3260652206,1,0.0,C
3260652206,1,0.0,C
3260652206,1,0.0,C
3260652206,1,0.0,C
3408309917,1,0.0,C
3408309917,1,0.0,C
3408309917,1,0.0,C
3408309917,1,0.0,C
3408309917,1,0.0,C
3507930102,1,0.0,N
3507930102,1,0.0,N
3507930102,1,0.0,N
3507930102,1,0.0,N
3507930102,1,0.0,N
3539604354,1,0.0,N
3539604354,1,0.0,N
3539604354,1,0.0,N
3539604354,1,0.0,N
3539604354,1,0.0,N
3763576453,1,0.0,C
3763576453,1,0.0,C
3763576453,1,0.0,C
3763576453,1,0.0,C
3763576453,1,0.0,C
3882774308,1,0.0,N
3882774308,1,0.0,N
3882774308,1,0.0,N
3882774308,1,0.0,N
3882774308,1,0.0,N
3917289208,1,0.0,C
3917289208,1,0.0,C
3917289208,1,0.0,C
3917289208,1,0.0,C
3917289208,1,0.0,C
4253828657,1,0.0,C
4253828657,1,0.0,C
4253828657,1,0.0,C
4253828657,1,0.0,C
4253828657,1,0.0,C
3118255683,1,-0.0018581097911084532,N
3118255683,1,-0.0027931526930113915,N
3118255683,1,-8.525696378192116e-05,N
3118255683,1,-0.002780667090300226,N
3118255683,1,-0.001315993693704276,N
4160330003,1,0.0,C
4160330003,1,0.0,C
4160330003,1,0.0,C
4160330003,1,0.0,C
4160330003,1,0.0,C
665262190,1,0.0,C
665262190,1,0.0,C
665262190,1,0.0,C
665262190,1,0.0,C
665262190,1,0.0,C
720253145,1,0.0,N
720253145,1,0.0,N
720253145,1,0.0,N
720253145,1,-3.970342337988875e-05,N
720253145,1,0.0,N
780490489,1,0.0,C
780490489,1,0.0,C
780490489,1,0.0,C
780490489,1,0.0,C
780490489,1,0.0,C
979289493,1,0.0,C
979289493,1,0.0,C
979289493,1,0.0,C
979289493,1,0.0,C
979289493,1,0.0,C
1216311943,1,0.0,C
1216311943,1,0.0,C
1216311943,1,0.0,C
1216311943,1,0.0,C
1216311943,1,0.0,C
1349404210,1,-0.001039452399266616,N
1349404210,1,-0.0006543822735955995,N
1349404210,1,0.0003347853015939206,N
1349404210,1,-0.0007987978313833688,N
1349404210,1,-0.0002648276330161625,N
1685931278,1,0.0,C
1685931278,1,0.0,C
1685931278,1,0.0,C
1685931278,1,0.0,C
1685931278,1,0.0,C
1717044408,1,0.00013807733668225186,C
1717044408,1,-0.0005730892727840997,C
1717044408,1,-2.6568391962800142e-05,C
1717044408,1,0.0006231255284109283,C
1717044408,1,-6.627230819788998e-05,C
1869728514,1,0.0,C
1869728514,1,0.0,C
1869728514,1,0.0,C
1869728514,1,0.0,C
1869728514,1,0.0,C
2067855442,1,0.0,C
2067855442,1,0.0,C
2067855442,1,0.0,C
2067855442,1,0.0,C
2067855442,1,0.0,C
2619833740,1,0.0,C
2619833740,1,0.0,C
2619833740,1,0.0,C
2619833740,1,0.0,C
2619833740,1,0.0,C
2781567920,1,0.0,C
2781567920,1,0.0,C
2781567920,1,0.0,C
2781567920,1,0.0,C
2781567920,1,0.0,C
3157481675,1,-3.853660306696316e-05,C
3157481675,1,1.1676248903524922e-05,C
3157481675,1,0.00022303199082196468,C
3157481675,1,0.0002827012952536512,C
3157481675,1,0.0003658303573825794,C
3163484390,1,0.0,N
3163484390,1,0.0,N
3163484390,1,0.0,N
3163484390,1,0.0,N
3163484390,1,0.0,N
3460418063,1,0.0,C
3460418063,1,0.0,C
3460418063,1,0.0,C
3460418063,1,0.0,C
3460418063,1,0.0,C
3567332457,1,0.0,C
3567332457,1,0.0,C
3567332457,1,0.0,C
3567332457,1,0.0,C
3567332457,1,0.0,C
3628146810,1,0.0,C
3628146810,1,0.0,C
3628146810,1,0.0,C
3628146810,1,0.0,C
3628146810,1,0.0,C
3689791161,1,0.0,C
3689791161,1,0.0,C
3689791161,1,0.0,C
3689791161,1,0.0,C
3689791161,1,0.0,C
3727960280,1,9.294299615414392e-05,C
3727960280,1,9.269253516297482e-05,C
3727960280,1,4.082682870598653e-05,C
3727960280,1,0.0004471490015605095,C
3727960280,1,-0.00014527890950488676,C
443932914,1,-0.00017282285002362396,N
443932914,1,0.00017259831178528806,N
443932914,1,-3.139734449342235e-05,N
443932914,1,-0.00047764584718945624,N
443932914,1,-0.00019985095702523825,N
3028039221,1,-0.0002292798604709434,N
3028039221,1,-0.0001408409541511224,N
3028039221,1,6.292756071824002e-05,N
3028039221,1,0.00012204786702796344,N
3028039221,1,-0.0001656461631330819,N
3431706412,1,0.0,C
3431706412,1,0.0,C
3431706412,1,0.0,C
3431706412,1,0.0,C
3431706412,1,0.0,C
3596485316,1,-0.0005931149024871463,C
3596485316,1,-0.0010000427879736096,C
3596485316,1,-4.326567094248279e-05,C
3596485316,1,-0.0008797131308621031,C
3596485316,1,-0.0014058801303700186,C
215394313,1,0.00041805014244433725,C
215394313,1,-4.343225590563993e-05,C
215394313,1,-4.863000912125326e-05,C
215394313,1,0.0001206193688401136,C
215394313,1,-0.00028294638576653597,C
411975912,1,0.0,C
411975912,1,0.0,C
411975912,1,0.0,C
411975912,1,0.0,C
411975912,1,0.0,C
683436560,1,0.0,C
683436560,1,0.0,C
683436560,1,0.0,C
683436560,1,0.0,C
683436560,1,0.0,C
1102307062,1,0.0,C
1102307062,1,0.0,C
1102307062,1,0.0,C
1102307062,1,0.0,C
1102307062,1,0.0,C
1136770028,1,0.0,C
1136770028,1,0.0,C
1136770028,1,0.0,C
1136770028,1,0.0,C
1136770028,1,0.0,C
1288465416,1,0.0,N
1288465416,1,0.0,N
1288465416,1,0.0,N
1288465416,1,0.0,N
1288465416,1,0.0,N
1528304983,1,0.00014559780111900178,N
1528304983,1,6.97735283187173e-05,N
1528304983,1,-7.537725082673585e-05,N
1528304983,1,1.728943000944838e-05,N
1528304983,1,0.0001729730245895178,N
1616374401,1,0.0,N
1616374401,1,0.0,N
1616374401,1,0.0,N
1616374401,1,0.0,N
1616374401,1,0.0,N
2855844237,1,0.0,C
2855844237,1,0.0,C
2855844237,1,0.0,C
2855844237,1,0.0,C
2855844237,1,0.0,C
3541589939,1,0.0,C
3541589939,1,0.0,C
3541589939,1,0.0,C
3541589939,1,0.0,C
3541589939,1,0.0,C
3566991489,1,0.0,C
3566991489,1,0.0,C
3566991489,1,0.0,C
3566991489,1,0.0,C
3566991489,1,0.0,C
994821171,1,0.0,N
994821171,1,0.0,N
994821171,1,0.0,N
994821171,1,0.0,N
994821171,1,0.0,N
1255626466,1,0.000558426470469664,N
1255626466,1,0.00041793798937961313,N
1255626466,1,0.000481562875339292,N
1255626466,1,0.00037444666726738074,N
1255626466,1,0.00047781891556308853,N
2556855854,1,0.0007488819484643416,C
2556855854,1,6.006003144432004e-05,C
2556855854,1,-0.00015246424717274554,C
2556855854,1,0.0005116346525234627,C
2556855854,1,-0.00039211329731536626,C
2819130785,1,0.0,C
2819130785,1,0.0,C
2819130785,1,0.0,C
2819130785,1,0.0,C
2819130785,1,0.0,C
3177362943,1,-4.3162231033067044e-05,C
3177362943,1,0.0008290533771956321,C
3177362943,1,-0.00027821584518561426,C
3177362943,1,-0.0005173792286536916,C
3177362943,1,-0.0019732186319821876,C
3410651186,1,0.0,C
3410651186,1,0.0,C
3410651186,1,0.0,C
3410651186,1,0.0,C
3410651186,1,0.0,C
4039837947,1,0.0,F
4039837947,1,0.0,F
4039837947,1,0.0,F
4039837947,1,0.0,F
4039837947,1,0.0,F
92925610,1,0.0,C
92925610,1,0.0,C
92925610,1,0.0,C
92925610,1,0.0,C
92925610,1,0.0,C
540815687,1,0.00012543129340092385,N
540815687,1,0.0005374167309915023,N
540815687,1,-1.241712705013498e-05,N
540815687,1,-0.00017017444344780142,N
540815687,1,0.00034060801292279397,N
780370718,1,0.0,N
780370718,1,0.0,N
780370718,1,0.0,N
780370718,1,0.0,N
780370718,1,0.0,N
781025043,1,0.0,C
781025043,1,0.0,C
781025043,1,0.0,C
781025043,1,0.0,C
781025043,1,0.0,C
1023209243,1,8.832878204467765e-05,N
1023209243,1,6.668960203148888e-05,N
1023209243,1,9.105815083654267e-05,N
1023209243,1,9.427524388183617e-05,N
1023209243,1,0.00018894918855993925,N
1131570738,1,0.0,N
1131570738,1,0.0,N
1131570738,1,0.0,N
1131570738,1,0.0,N
1131570738,1,0.0,N
1150405168,1,0.0,C
1150405168,1,0.0,C
1150405168,1,0.0,C
1150405168,1,0.0,C
1150405168,1,0.0,C
1641839479,1,0.0,N
1641839479,1,0.0,N
1641839479,1,0.0,N
1641839479,1,0.0,N
1641839479,1,0.0,N
2160384926,1,4.2517584291967836e-05,N
2160384926,1,4.2517584291967836e-05,N
2160384926,1,5.148227070206346e-06,N
2160384926,1,0.0,N
2160384926,1,8.50332035544632e-05,N
2460299331,1,0.0,C
2460299331,1,0.0,C
2460299331,1,0.0,C
2460299331,1,0.0,C
2460299331,1,0.0,C
2486266314,1,0.0,C
2486266314,1,0.0,C
2486266314,1,0.0,C
2486266314,1,0.0,C
2486266314,1,0.0,C
2628190857,1,0.0,N
2628190857,1,0.0,N
2628190857,1,0.0,N
2628190857,1,0.0,N
2628190857,1,0.0,N
2872312665,1,0.0,C
2872312665,1,0.0,C
2872312665,1,0.0,C
2872312665,1,0.0,C
2872312665,1,0.0,C
3005819886,1,0.0,C
3005819886,1,0.0,C
3005819886,1,0.0,C
3005819886,1,0.0,C
3005819886,1,0.0,C
3154728280,1,0.0,C
3154728280,1,0.0,C
3154728280,1,0.0,C
3154728280,1,0.0,C
3154728280,1,0.0,C
3848368466,1,0.00010831918252252049,C
3848368466,1,3.0205386983950255e-05,C
3848368466,1,0.00011290607453517953,C
3848368466,1,6.208084934122837e-05,C
3848368466,1,-2.9214470823379912e-05,C
4015884349,1,0.0,C
4015884349,1,0.0,C
4015884349,1,0.0,C
4015884349,1,0.0,C
4015884349,1,0.0,C
4017659646,1,0.0,C
4017659646,1,0.0,C
4017659646,1,0.0,C
4017659646,1,0.0,C
4017659646,1,0.0,C
4151045509,1,0.0,C
4151045509,1,0.0,C
4151045509,1,0.0,C
4151045509,1,0.0,C
4151045509,1,0.0,C
4277593707,1,0.0,H
4277593707,1,0.0,H
4277593707,1,0.0,H
4277593707,1,0.0,H
4277593707,1,0.0,H
540046244,1,0.011702360551596791,C
540046244,1,0.006926227681613217,C
540046244,1,0.005186782503129983,C
540046244,1,0.005038772025942273,C
540046244,1,0.009157036318297673,C
828793177,1,-3.949993922203188e-05,N
828793177,1,0.0,N
828793177,1,0.0,N
828793177,1,0.0,N
828793177,1,-6.768022491943082e-05,N
1874871479,1,0.0,C
1874871479,1,0.0,C
1874871479,1,0.0,C
1874871479,1,0.0,C
1874871479,1,0.0,C
2110118862,1,-0.0005082367329034554,C
2110118862,1,2.0589681612559474e-05,C
2110118862,1,-0.000459592375240514,C
2110118862,1,-0.0014970579466788703,C
2110118862,1,-0.0008751784648700633,C
2806018737,1,0.0018346687179734422,C
2806018737,1,0.003036024320834829,C
2806018737,1,0.0027188880474391386,C
2806018737,1,0.0022186729945088413,C
2806018737,1,0.0003993330964114916,C
3321501200,1,0.0,H
3321501200,1,0.0,H
3321501200,1,0.0,H
3321501200,1,0.0,H
3321501200,1,0.0,H
3458774156,1,0.0210955044752289,N
3458774156,1,0.0108631272979135,N
3458774156,1,0.011179898460893734,N
3458774156,1,0.01904813178601439,N
3458774156,1,0.02024730818651288,N
3811375594,1,0.00012020052185146568,C
3811375594,1,0.0002715608715322393,C
3811375594,1,8.008700577388783e-05,C
3811375594,1,0.0004555544087213592,C
3811375594,1,-0.00029120799693893584,C
4164236649,1,0.0007563669436101428,C
4164236649,1,0.00011801977956149567,C
4164236649,1,0.0014485726024004997,C
4164236649,1,0.0022368332682205505,C
4164236649,1,0.004366965256852207,C
26983675,1,-0.000256193451852349,C
26983675,1,0.00017206878929598712,C
26983675,1,-1.222328133143602e-05,C
26983675,1,-9.226037230358752e-05,C
26983675,1,-0.0001897972648423618,C
535741794,1,0.0,N
535741794,1,0.0,N
535741794,1,0.0,N
535741794,1,0.0,N
535741794,1,0.0,N
786150277,1,0.0,N
786150277,1,0.0,N
786150277,1,0.0,N
786150277,1,0.0,N
786150277,1,0.0,N
909290456,1,0.0,C
909290456,1,0.0,C
909290456,1,0.0,C
909290456,1,0.0,C
909290456,1,0.0,C
910588689,1,0.0,C
910588689,1,0.0,C
910588689,1,0.0,C
910588689,1,0.0,C
910588689,1,0.0,C
930311090,1,0.0,C
930311090,1,0.0,C
930311090,1,0.0,C
930311090,1,0.0,C
930311090,1,0.0,C
1010142783,1,-6.248933216368435e-05,O
1010142783,1,2.9011482809093714e-05,O
1010142783,1,1.8297588983307023e-05,O
1010142783,1,-3.465773070088218e-05,O
1010142783,1,8.079163638097242e-05,O
1024985588,1,0.0,N
1024985588,1,0.0,N
1024985588,1,0.0,N
1024985588,1,0.0,N
1024985588,1,0.0,N
1323467736,1,-0.0030147936483754245,C
1323467736,1,-0.002084771399064933,C
1323467736,1,-0.0017346335448958916,C
1323467736,1,-0.0014838510303702979,C
1323467736,1,-0.001599934666219549,C
1553946601,1,0.0,C
1553946601,1,0.0,C
1553946601,1,0.0,C
1553946601,1,0.0,C
1553946601,1,0.0,C
1657678088,1,0.0,N
1657678088,1,0.0,N
1657678088,1,0.0,N
1657678088,1,0.0,N
1657678088,1,0.0,N
1869141243,1,0.0,N
1869141243,1,0.0,N
1869141243,1,0.0,N
1869141243,1,0.0,N
1869141243,1,0.0,N
1903925225,1,0.0,N
1903925225,1,0.0,N
1903925225,1,0.0,N
1903925225,1,0.0,N
1903925225,1,0.0,N
1957117295,1,0.0,C
1957117295,1,0.0,C
1957117295,1,0.0,C
1957117295,1,0.0,C
1957117295,1,0.0,C
2029358908,1,0.0,C
2029358908,1,0.0,C
2029358908,1,0.0,C
2029358908,1,0.0,C
2029358908,1,0.0,C
2048724485,1,0.0,N
2048724485,1,0.0,N
2048724485,1,0.0,N
2048724485,1,0.0,N
2048724485,1,0.0,N
2751443729,1,0.0,C
2751443729,1,0.0,C
2751443729,1,0.0,C
2751443729,1,0.0,C
2751443729,1,0.0,C
2931743253,1,0.0,N
2931743253,1,0.0,N
2931743253,1,0.0,N
2931743253,1,0.0,N
2931743253,1,0.0,N
3088984962,1,0.00040004675534133227,C
3088984962,1,0.00035626261152121863,C
3088984962,1,0.0003130291153676801,C
3088984962,1,-7.92836421216192e-05,C
3088984962,1,0.0002594370967764492,C
3387690060,1,0.0,C
3387690060,1,0.0,C
3387690060,1,0.0,C
3387690060,1,0.0,C
3387690060,1,0.0,C
3552728635,1,0.0,C
3552728635,1,0.0,C
3552728635,1,0.0,C
3552728635,1,0.0,C
3552728635,1,0.0,C
3598084476,1,0.0,C
3598084476,1,0.0,C
3598084476,1,0.0,C
3598084476,1,0.0,C
3598084476,1,0.0,C
4048157477,1,0.0,C
4048157477,1,0.0,C
4048157477,1,0.0,C
4048157477,1,0.0,C
4048157477,1,0.0,C
1730555933,1,3.117469591840116e-05,C
1730555933,1,-0.00011501087492116202,C
1730555933,1,0.0005176914553137735,C
1730555933,1,8.034940803636204e-05,C
1730555933,1,0.0002914710269469323,C
1868602760,1,0.0015292455580382391,N
1868602760,1,0.0006273718707200393,N
1868602760,1,0.0005114109019054291,N
1868602760,1,0.0023280786639668927,N
1868602760,1,0.001235395577565468,N
4203454020,1,0.0,C
4203454020,1,0.0,C
4203454020,1,0.0,C
4203454020,1,0.0,C
4203454020,1,0.0,C
194638448,1,0.0,C
194638448,1,0.0,C
194638448,1,0.0,C
194638448,1,0.0,C
194638448,1,0.0,C
770309757,1,0.0,N
770309757,1,0.0,N
770309757,1,0.0,N
770309757,1,0.0,N
770309757,1,0.0,N
836300471,1,0.0,C
836300471,1,0.0,C
836300471,1,0.0,C
836300471,1,0.0,C
836300471,1,0.0,C
877095501,1,0.0,C
877095501,1,0.0,C
877095501,1,0.0,C
877095501,1,0.0,C
877095501,1,0.0,C
932692620,1,0.0010432146000005638,C
932692620,1,0.00022049837398174787,C
932692620,1,0.001785925673293165,C
932692620,1,0.0005156394510050788,C
932692620,1,-0.0008564228430245624,C
1526194454,1,0.0,C
1526194454,1,0.0,C
1526194454,1,0.0,C
1526194454,1,0.0,C
1526194454,1,0.0,C
1998636009,1,0.0,C
1998636009,1,0.0,C
1998636009,1,0.0,C
1998636009,1,0.0,C
1998636009,1,0.0,C
2585793646,1,0.0,N
2585793646,1,0.0,N
2585793646,1,0.0,N
2585793646,1,0.0,N
2585793646,1,0.0,N
2839110432,1,5.5100659830942256e-05,C
2839110432,1,0.000102103493033745,C
2839110432,1,0.00010060646033094311,C
2839110432,1,1.7963884789695683e-05,C
2839110432,1,0.00013846549138696318,C
3624135138,1,0.0,C
3624135138,1,0.0,C
3624135138,1,0.0,C
3624135138,1,0.0,C
3624135138,1,0.0,C
3351556771,1,0.02956058529757677,S
3351556771,1,0.030056219087858715,S
3351556771,1,0.040091667267634024,S
3351556771,1,0.019472479620888494,S
3351556771,1,0.023451411837416947,S
54936104,1,0.0008412203572308874,C
54936104,1,0.0014534137121664514,C
54936104,1,0.0013814809445832354,C
54936104,1,0.0009098943072034515,C
54936104,1,0.0009527419987372943,C
288315894,1,-0.0015531122127802055,S
288315894,1,-0.0030076272054166964,S
288315894,1,0.004084728469618271,S
288315894,1,0.00013463629747823003,S
288315894,1,-0.0007787003728001451,S
458195553,1,0.0,N
458195553,1,0.0,N
458195553,1,0.0,N
458195553,1,0.0,N
458195553,1,0.0,N
694069322,1,-0.00012578456265055493,N
694069322,1,-6.860448998613489e-05,N
694069322,1,-0.0003437103814843967,N
694069322,1,0.00011462452470600848,N
694069322,1,-8.654492337134556e-05,N
1229325558,1,0.0,N
1229325558,1,0.0,N
1229325558,1,0.0,N
1229325558,1,0.0,N
1229325558,1,0.0,N
1880637161,1,0.00024170632313469387,S
1880637161,1,0.0007160754085626664,S
1880637161,1,7.268143450511744e-05,S
1880637161,1,-0.0006910689733748976,S
1880637161,1,-0.0002037892594879409,S
2360467803,1,0.0,C
2360467803,1,0.0,C
2360467803,1,0.0,C
2360467803,1,0.0,C
2360467803,1,0.0,C
2424973678,1,0.005213594501729868,C
2424973678,1,0.0015002419478492568,C
2424973678,1,-0.0031497273450412644,C
2424973678,1,-0.0007268336630057437,C
2424973678,1,0.0017973738446755982,C
2609658248,1,-0.0006266567058270667,C
2609658248,1,-0.0010228953861269874,C
2609658248,1,-0.0006341356826274902,C
2609658248,1,-0.0006129643637442506,C
2609658248,1,-0.0012527837217188864,C
4179862704,1,-3.4842975093818396e-05,C
4179862704,1,-0.00025947836058737295,C
4179862704,1,-8.257579912251956e-05,C
4179862704,1,-8.004397149241615e-05,C
4179862704,1,-8.004397149241615e-05,C
197088345,1,0.0,C
197088345,1,0.0,C
197088345,1,0.0,C
197088345,1,0.0,C
197088345,1,0.0,C
324017337,1,0.0,S
324017337,1,0.0,S
324017337,1,0.0,S
324017337,1,0.0,S
324017337,1,0.0,S
589930590,1,0.002474551278041748,C
589930590,1,-4.106986376295474e-05,C
589930590,1,0.0003204068854858466,C
589930590,1,0.0013418345957521005,C
589930590,1,0.0010383193955305625,C
991022577,1,0.0,C
991022577,1,0.0,C
991022577,1,0.0,C
991022577,1,0.0,C
991022577,1,0.0,C
1050388032,1,0.0,O
1050388032,1,0.0,O
1050388032,1,0.0,O
1050388032,1,0.0,O
1050388032,1,0.0,O
1243327745,1,0.0,C
1243327745,1,0.0,C
1243327745,1,0.0,C
1243327745,1,0.0,C
1243327745,1,0.0,C
1498355701,1,0.0,C
1498355701,1,0.0,C
1498355701,1,0.0,C
1498355701,1,0.0,C
1498355701,1,0.0,C
1525423190,1,0.0,C
1525423190,1,0.0,C
1525423190,1,0.0,C
1525423190,1,0.0,C
1525423190,1,0.0,C
2223903554,1,0.0,C
2223903554,1,0.0,C
2223903554,1,0.0,C
2223903554,1,0.0,C
2223903554,1,0.0,C
2278249975,1,0.0,S
2278249975,1,0.0,S
2278249975,1,0.0,S
2278249975,1,0.0,S
2278249975,1,0.0,S
2307411320,1,0.0,C
2307411320,1,0.0,C
2307411320,1,0.0,C
2307411320,1,0.0,C
2307411320,1,0.0,C
2326951013,1,0.0,C
2326951013,1,0.0,C
2326951013,1,0.0,C
2326951013,1,0.0,C
2326951013,1,0.0,C
2594220197,1,0.0024843999778045855,C
2594220197,1,0.002552407193180728,C
2594220197,1,0.0014720305858656468,C
2594220197,1,0.0003256593018239329,C
2594220197,1,0.0020448083950008744,C
2613287784,1,0.0,C
2613287784,1,0.0,C
2613287784,1,0.0,C
2613287784,1,0.0,C
2613287784,1,0.0,C
3216057531,1,0.0,C
3216057531,1,0.0,C
3216057531,1,0.0,C
3216057531,1,0.0,C
3216057531,1,0.0,C
3498419259,1,0.0,C
3498419259,1,0.0,C
3498419259,1,0.0,C
3498419259,1,0.0,C
3498419259,1,0.0,C
3572239627,1,0.0,N
3572239627,1,0.0,N
3572239627,1,0.0,N
3572239627,1,0.0,N
3572239627,1,0.0,N
3607642719,1,0.0,C
3607642719,1,0.0,C
3607642719,1,0.0,C
3607642719,1,0.0,C
3607642719,1,0.0,C
3726546016,1,-0.00020459683285634078,N
3726546016,1,-0.0005580959196284097,N
3726546016,1,-0.0005026309507600857,N
3726546016,1,-0.00039761749612465813,N
3726546016,1,-0.0004389276716357804,N
3728348531,1,0.0,N
3728348531,1,0.0,N
3728348531,1,0.0,N
3728348531,1,0.0,N
3728348531,1,0.0,N
3760180875,1,0.0,N
3760180875,1,0.0,N
3760180875,1,0.0,N
3760180875,1,0.0,N
3760180875,1,0.0,N
3962114891,1,0.0,C
3962114891,1,0.0,C
3962114891,1,0.0,C
3962114891,1,0.0,C
3962114891,1,0.0,C
3995596583,1,0.0,C
3995596583,1,0.0,C
3995596583,1,0.0,C
3995596583,1,0.0,C
3995596583,1,0.0,C
4033041123,1,0.0,C
4033041123,1,0.0,C
4033041123,1,0.0,C
4033041123,1,0.0,C
4033041123,1,0.0,C
1542631284,1,0.0,O
1542631284,1,0.0,O
1542631284,1,0.0,O
1542631284,1,0.0,O
1542631284,1,0.0,O
1711656516,1,0.0,C
1711656516,1,0.0,C
1711656516,1,0.0,C
1711656516,1,0.0,C
1711656516,1,0.0,C
1842114921,1,0.0007854411193830568,C
1842114921,1,0.0022629573673825787,C
1842114921,1,0.001299098776084251,C
1842114921,1,0.00431207928983135,C
1842114921,1,0.0017961247622960697,C
2567005256,1,0.0,C
2567005256,1,0.0,C
2567005256,1,0.0,C
2567005256,1,0.0,C
2567005256,1,0.0,C
3044392905,1,0.0007509620498100666,N
3044392905,1,0.0011589100793639728,N
3044392905,1,0.0009934924167999126,N
3044392905,1,-0.00037392331431873593,N
3044392905,1,-0.000666406438622813,N
3384631972,1,0.0,C
3384631972,1,0.0,C
3384631972,1,0.0,C
3384631972,1,0.0,C
3384631972,1,0.0,C
3462333187,1,-0.0001648760341628197,C
3462333187,1,2.7962200955911065e-05,C
3462333187,1,5.6480706560169125e-05,C
3462333187,1,8.572618023672263e-05,C
3462333187,1,0.00010157707433366969,C
3796841743,1,0.006387406536189522,C
3796841743,1,0.015821659182188808,C
3796841743,1,0.010669910529678472,C
3796841743,1,0.011566627412037511,C
3796841743,1,0.015268967802805289,C
3796970912,1,0.00016684842078440454,C
3796970912,1,-0.0005883587024928527,C
3796970912,1,-0.00013222387334388408,C
3796970912,1,-0.0001224884242003732,C
3796970912,1,-0.0001694154961467964,C
467603055,1,0.0030373942859431846,C
467603055,1,0.006176198054778759,C
467603055,1,0.0007265174140936859,C
467603055,1,0.00790408560669209,C
467603055,1,0.005013337077104496,C
890227654,1,0.0,C
890227654,1,0.0,C
890227654,1,0.0,C
890227654,1,0.0,C
890227654,1,0.0,C
913026435,1,0.0,C
913026435,1,0.0,C
913026435,1,0.0,C
913026435,1,0.0,C
913026435,1,0.0,C
1224045316,1,0.0,N
1224045316,1,0.0,N
1224045316,1,0.0,N
1224045316,1,0.0,N
1224045316,1,0.0,N
1490438549,1,0.0,C
1490438549,1,0.0,C
1490438549,1,0.0,C
1490438549,1,0.0,C
1490438549,1,0.0,C
1548658224,1,0.0,C
1548658224,1,0.0,C
1548658224,1,0.0,C
1548658224,1,0.0,C
1548658224,1,0.0,C
1622603972,1,0.0,C
1622603972,1,0.0,C
1622603972,1,0.0,C
1622603972,1,0.0,C
1622603972,1,0.0,C
1805030178,1,0.0,N
1805030178,1,0.0,N
1805030178,1,0.0,N
1805030178,1,0.0,N
1805030178,1,0.0,N
1951850042,1,0.0,C
1951850042,1,0.0,C
1951850042,1,0.0,C
1951850042,1,0.0,C
1951850042,1,0.0,C
2063667942,1,0.0,C
2063667942,1,0.0,C
2063667942,1,0.0,C
2063667942,1,0.0,C
2063667942,1,0.0,C
2068416114,1,0.0,C
2068416114,1,0.0,C
2068416114,1,0.0,C
2068416114,1,0.0,C
2068416114,1,0.0,C
2562475466,1,0.0,C
2562475466,1,0.0,C
2562475466,1,0.0,C
2562475466,1,0.0,C
2562475466,1,0.0,C
2577294604,1,0.0,C
2577294604,1,0.0,C
2577294604,1,0.0,C
2577294604,1,0.0,C
2577294604,1,0.0,C
2807805304,1,0.0,C
2807805304,1,0.0,C
2807805304,1,0.0,C
2807805304,1,0.0,C
2807805304,1,0.0,C
2937399870,1,0.0,C
2937399870,1,0.0,C
2937399870,1,0.0,C
2937399870,1,0.0,C
2937399870,1,0.0,C
3018722882,1,0.0,C
3018722882,1,0.0,C
3018722882,1,0.0,C
3018722882,1,0.0,C
3018722882,1,0.0,C
3192665452,1,0.0,C
3192665452,1,0.0,C
3192665452,1,0.0,C
3192665452,1,0.0,C
3192665452,1,0.0,C
3213912075,1,0.0,C
3213912075,1,0.0,C
3213912075,1,0.0,C
3213912075,1,0.0,C
3213912075,1,0.0,C
3276095363,1,0.0,C
3276095363,1,0.0,C
3276095363,1,0.0,C
3276095363,1,0.0,C
3276095363,1,0.0,C
3406201864,1,-0.00045069647992213024,C
3406201864,1,0.0023934501985909407,C
3406201864,1,0.0007743995768813017,C
3406201864,1,0.002025945656018324,C
3406201864,1,0.0008670237054283492,C
3850591004,1,0.0,N
3850591004,1,0.0,N
3850591004,1,0.0,N
3850591004,1,0.0,N
3850591004,1,0.0,N
3879569661,1,0.0,C
3879569661,1,0.0,C
3879569661,1,0.0,C
3879569661,1,0.0,C
3879569661,1,0.0,C
3936714060,1,0.0,C
3936714060,1,0.0,C
3936714060,1,0.0,C
3936714060,1,0.0,C
3936714060,1,0.0,C
3632480728,1,0.0,C
3632480728,1,0.0,C
3632480728,1,0.0,C
3632480728,1,0.0,C
3632480728,1,0.0,C
4174067669,1,0.0,C
4174067669,1,0.0,C
4174067669,1,0.0,C
4174067669,1,0.0,C
4174067669,1,0.0,C
4291484675,1,0.0,N
4291484675,1,0.0,N
4291484675,1,0.0,N
4291484675,1,0.0,N
4291484675,1,0.0,N
314877203,1,0.0,C
314877203,1,0.0,C
314877203,1,0.0,C
314877203,1,0.0,C
314877203,1,0.0,C
489388916,1,0.0,C
489388916,1,0.0,C
489388916,1,0.0,C
489388916,1,0.0,C
489388916,1,0.0,C
1680331922,1,0.0,C
1680331922,1,0.0,C
1680331922,1,0.0,C
1680331922,1,0.0,C
1680331922,1,0.0,C
1777036577,1,0.0,C
1777036577,1,0.0,C
1777036577,1,0.0,C
1777036577,1,0.0,C
1777036577,1,0.0,C
1907838786,1,0.0,C
1907838786,1,0.0,C
1907838786,1,0.0,C
1907838786,1,0.0,C
1907838786,1,0.0,C
2083378866,1,0.0,N
2083378866,1,0.0,N
2083378866,1,0.0,N
2083378866,1,0.0,N
2083378866,1,0.0,N
2089800336,1,0.0,C
2089800336,1,0.0,C
2089800336,1,0.0,C
2089800336,1,0.0,C
2089800336,1,0.0,C
2148515119,1,0.0,C
2148515119,1,0.0,C
2148515119,1,0.0,C
2148515119,1,0.0,C
2148515119,1,0.0,C
2243261910,1,0.0,C
2243261910,1,0.0,C
2243261910,1,0.0,C
2243261910,1,0.0,C
2243261910,1,0.0,C
2347372764,1,0.0,C
2347372764,1,0.0,C
2347372764,1,0.0,C
2347372764,1,0.0,C
2347372764,1,0.0,C
2415345060,1,0.0,C
2415345060,1,0.0,C
2415345060,1,0.0,C
2415345060,1,0.0,C
2415345060,1,0.0,C
3325032788,1,0.0,C
3325032788,1,0.0,C
3325032788,1,0.0,C
3325032788,1,0.0,C
3325032788,1,0.0,C
3717772879,1,0.0,N
3717772879,1,0.0,N
3717772879,1,0.0,N
3717772879,1,0.0,N
3717772879,1,0.0,N
4046948928,1,0.0,C
4046948928,1,0.0,C
4046948928,1,0.0,C
4046948928,1,0.0,C
4046948928,1,0.0,C
4098206784,1,0.0,N
4098206784,1,0.0,N
4098206784,1,0.0,N
4098206784,1,0.0,N
4098206784,1,0.0,N
1535166686,1,-0.0019045885041919508,O
1535166686,1,0.00026270234485359367,O
1535166686,1,0.0015275174096641697,O
1535166686,1,0.00040480082373095527,O
1535166686,1,-0.0012950408117055057,O
1785683843,1,0.000286414528049006,C
1785683843,1,0.00023757945408009462,C
1785683843,1,2.288970951536129e-05,C
1785683843,1,0.00027597045340677084,C
1785683843,1,0.00014823949183662144,C
2771627449,1,0.0,C
2771627449,1,0.0,C
2771627449,1,0.0,C
2771627449,1,0.0,C
2771627449,1,0.0,C
3153477100,1,-0.0007102683506242657,C
3153477100,1,-3.602599018115438e-05,C
3153477100,1,-0.0005537934422127355,C
3153477100,1,6.738775273673614e-05,C
3153477100,1,-0.0002128657535226397,C
3194612514,1,0.0,O
3194612514,1,0.0,O
3194612514,1,0.0,O
3194612514,1,0.0,O
3194612514,1,0.0,O
3341916169,1,0.0,C
3341916169,1,0.0,C
3341916169,1,0.0,C
3341916169,1,0.0,C
3341916169,1,0.0,C
77862099,1,0.0,C
77862099,1,0.0,C
77862099,1,0.0,C
77862099,1,0.0,C
77862099,1,0.0,C
755077069,1,0.0,O
755077069,1,0.0,O
755077069,1,0.0,O
755077069,1,0.0,O
755077069,1,0.0,O
818492636,1,0.0,C
818492636,1,0.0,C
818492636,1,0.0,C
818492636,1,0.0,C
818492636,1,0.0,C
1015892308,1,0.0,C
1015892308,1,0.0,C
1015892308,1,0.0,C
1015892308,1,0.0,C
1015892308,1,0.0,C
1822434734,1,0.0,C
1822434734,1,0.0,C
1822434734,1,0.0,C
1822434734,1,0.0,C
1822434734,1,0.0,C
2492789883,1,0.0,C
2492789883,1,0.0,C
2492789883,1,0.0,C
2492789883,1,0.0,C
2492789883,1,0.0,C
2540133449,1,0.0,C
2540133449,1,0.0,C
2540133449,1,0.0,C
2540133449,1,0.0,C
2540133449,1,0.0,C
2834619317,1,0.0,C
2834619317,1,0.0,C
2834619317,1,0.0,C
2834619317,1,0.0,C
2834619317,1,0.0,C
3234023386,1,0.0,C
3234023386,1,0.0,C
3234023386,1,0.0,C
3234023386,1,0.0,C
3234023386,1,0.0,C
3240313869,1,0.0,C
3240313869,1,0.0,C
3240313869,1,0.0,C
3240313869,1,0.0,C
3240313869,1,0.0,C
3539151164,1,0.0,C
3539151164,1,0.0,C
3539151164,1,0.0,C
3539151164,1,0.0,C
3539151164,1,0.0,C
3608102527,1,0.0,C
3608102527,1,0.0,C
3608102527,1,0.0,C
3608102527,1,0.0,C
3608102527,1,0.0,C
4056028133,1,0.0,C
4056028133,1,0.0,C
4056028133,1,0.0,C
4056028133,1,0.0,C
4056028133,1,0.0,C
4159990639,1,0.0,C
4159990639,1,0.0,C
4159990639,1,0.0,C
4159990639,1,0.0,C
4159990639,1,0.0,C
4180801603,1,-0.0011893648139686963,C
4180801603,1,-0.0013822359418285135,C
4180801603,1,-0.00038390981073122,C
4180801603,1,-0.0007633570601108808,C
4180801603,1,-0.0006739686378496312,C
662595032,1,3.2704989137211093e-05,N
662595032,1,3.169413595305315e-05,N
662595032,1,0.0001586448345268776,N
662595032,1,6.256411820393382e-05,N
662595032,1,0.00020302570646490992,N
994237755,1,-0.0012025162564525127,C
994237755,1,-0.0023872088250831425,C
994237755,1,-0.0015942062527189993,C
994237755,1,-0.0006317213469697602,C
994237755,1,-0.0019520688798586594,C
1142813461,1,0.004069614866097249,C
1142813461,1,0.0022891218201669394,C
1142813461,1,0.0015815774786749337,C
1142813461,1,0.004348102851428837,C
1142813461,1,0.003001432312943142,C
1915080917,1,-5.7619994462076995e-05,C
1915080917,1,-0.0013954580138840766,C
1915080917,1,-0.00040968561119869573,C
1915080917,1,8.41219485621103e-05,C
1915080917,1,-0.0007285292356327133,C
3372400797,1,0.0,S
3372400797,1,0.0,S
3372400797,1,0.0,S
3372400797,1,0.0,S
3372400797,1,0.0,S
3933537673,1,-0.0009747160350194184,C
3933537673,1,3.5252625646409186e-06,C
3933537673,1,0.00017565661893981233,C
3933537673,1,-0.00041738400184643254,C
3933537673,1,-0.001189957957826171,C
4280659919,1,0.0,C
4280659919,1,0.0,C
4280659919,1,0.0,C
4280659919,1,0.0,C
4280659919,1,0.0,C
571621176,1,0.0,N
571621176,1,0.0,N
571621176,1,0.0,N
571621176,1,0.0,N
571621176,1,0.0,N
582582999,1,0.0,C
582582999,1,0.0,C
582582999,1,0.0,C
582582999,1,0.0,C
582582999,1,0.0,C
934762951,1,0.0,C
934762951,1,0.0,C
934762951,1,0.0,C
934762951,1,0.0,C
934762951,1,0.0,C
991766724,1,0.0,C
991766724,1,0.0,C
991766724,1,0.0,C
991766724,1,0.0,C
991766724,1,0.0,C
1657167810,1,0.0,S
1657167810,1,0.0,S
1657167810,1,0.0,S
1657167810,1,0.0,S
1657167810,1,0.0,S
2535083487,1,0.0,C
2535083487,1,0.0,C
2535083487,1,0.0,C
2535083487,1,0.0,C
2535083487,1,0.0,C
2640652321,1,0.0,C
2640652321,1,0.0,C
2640652321,1,0.0,C
2640652321,1,0.0,C
2640652321,1,0.0,C
2649902721,1,-0.0012994690212009274,C
2649902721,1,-7.894218250537044e-06,C
2649902721,1,0.0009917506238756868,C
2649902721,1,-0.0006709919780144569,C
2649902721,1,-0.0019219751879239189,C
3361372348,1,0.0,C
3361372348,1,0.0,C
3361372348,1,0.0,C
3361372348,1,0.0,C
3361372348,1,0.0,C
3402936678,1,5.205992330958864e-05,C
3402936678,1,-0.00029526962994541606,C
3402936678,1,-5.7650367399908475e-05,C
3402936678,1,4.2139138994867764e-05,C
3402936678,1,-0.0001834097378491384,C
3433674368,1,0.0,C
3433674368,1,0.0,C
3433674368,1,0.0,C
3433674368,1,0.0,C
3433674368,1,0.0,C
3629425228,1,0.0,N
3629425228,1,0.0,N
3629425228,1,0.0,N
3629425228,1,0.0,N
3629425228,1,0.0,N
3920365076,1,0.0,C
3920365076,1,0.0,C
3920365076,1,0.0,C
3920365076,1,0.0,C
3920365076,1,0.0,C
932711668,1,-0.00015872220112345126,N
932711668,1,1.365736531522277e-05,N
932711668,1,1.8815752912293426e-05,N
932711668,1,2.1723450574828718e-05,N
932711668,1,4.734254753391287e-05,N
2473389857,1,0.00040667897212343096,C
2473389857,1,-0.000540339290819758,C
2473389857,1,-0.0002219938403400512,C
2473389857,1,0.0006727731074330778,C
2473389857,1,0.00024058698859552585,C
2840499317,1,0.0,C
2840499317,1,0.0,C
2840499317,1,0.0,C
2840499317,1,0.0,C
2840499317,1,0.0,C
230678001,1,0.0,C
230678001,1,0.0,C
230678001,1,0.0,C
230678001,1,0.0,C
230678001,1,0.0,C
331407418,1,0.0,C
331407418,1,0.0,C
331407418,1,0.0,C
331407418,1,0.0,C
331407418,1,0.0,C
778732855,1,0.0,C
778732855,1,0.0,C
778732855,1,0.0,C
778732855,1,0.0,C
778732855,1,0.0,C
841278242,1,0.0,N
841278242,1,0.0,N
841278242,1,0.0,N
841278242,1,0.0,N
841278242,1,0.0,N
1185824059,1,0.0,C
1185824059,1,0.0,C
1185824059,1,0.0,C
1185824059,1,0.0,C
1185824059,1,0.0,C
1454566863,1,0.0,N
1454566863,1,0.0,N
1454566863,1,0.0,N
1454566863,1,0.0,N
1454566863,1,0.0,N
1706859301,1,0.0,C
1706859301,1,0.0,C
1706859301,1,0.0,C
1706859301,1,0.0,C
1706859301,1,0.0,C
2148181814,1,0.0,C
2148181814,1,0.0,C
2148181814,1,0.0,C
2148181814,1,0.0,C
2148181814,1,0.0,C
2205812603,1,0.0,C
2205812603,1,0.0,C
2205812603,1,0.0,C
2205812603,1,0.0,C
2205812603,1,0.0,C
3002759401,1,-0.0005055446405561881,C
3002759401,1,-8.541054644051194e-05,C
3002759401,1,0.00024263461645823714,C
3002759401,1,-1.939499364878028e-05,C
3002759401,1,-0.00026303477501654626,C
3023912528,1,0.0,N
3023912528,1,0.0,N
3023912528,1,0.0,N
3023912528,1,0.0,N
3023912528,1,0.0,N
4255411623,1,0.0,C
4255411623,1,0.0,C
4255411623,1,0.0,C
4255411623,1,0.0,C
4255411623,1,0.0,C
831463242,1,0.00010798451171278867,N
831463242,1,-4.00727731431072e-06,N
831463242,1,-0.00014611571745670737,N
831463242,1,-0.0001003968284520873,N
831463242,1,-4.336461516973866e-05,N
2308348490,1,9.254985698758933e-05,C
2308348490,1,-0.0003635981741730854,C
2308348490,1,0.0002743435431780128,C
2308348490,1,-0.001191345727659443,C
2308348490,1,-0.00021898846818924067,C
2974534217,1,0.0,C
2974534217,1,0.0,C
2974534217,1,0.0,C
2974534217,1,0.0,C
2974534217,1,0.0,C
3316044600,1,0.0,C
3316044600,1,0.0,C
3316044600,1,0.0,C
3316044600,1,0.0,C
3316044600,1,0.0,C
3694465428,1,0.0,C
3694465428,1,0.0,C
3694465428,1,0.0,C
3694465428,1,0.0,C
3694465428,1,0.0,C
300029630,1,0.0,C
300029630,1,0.0,C
300029630,1,0.0,C
300029630,1,0.0,C
300029630,1,0.0,C
556861920,1,0.0,C
556861920,1,0.0,C
556861920,1,0.0,C
556861920,1,0.0,C
556861920,1,0.0,C
939279745,1,0.0,N
939279745,1,0.0,N
939279745,1,0.0,N
939279745,1,0.0,N
939279745,1,0.0,N
1054113021,1,0.0,C
1054113021,1,0.0,C
1054113021,1,0.0,C
1054113021,1,0.0,C
1054113021,1,0.0,C
1570535615,1,0.0,C
1570535615,1,0.0,C
1570535615,1,0.0,C
1570535615,1,0.0,C
1570535615,1,0.0,C
1987230342,1,0.0,C
1987230342,1,0.0,C
1987230342,1,0.0,C
1987230342,1,0.0,C
1987230342,1,0.0,C
2530044707,1,0.0,C
2530044707,1,0.0,C
2530044707,1,0.0,C
2530044707,1,0.0,C
2530044707,1,0.0,C
2648041165,1,0.0,N
2648041165,1,0.0,N
2648041165,1,0.0,N
2648041165,1,0.0,N
2648041165,1,0.0,N
2665582005,1,0.0,C
2665582005,1,0.0,C
2665582005,1,0.0,C
2665582005,1,0.0,C
2665582005,1,0.0,C
3346502449,1,0.0,C
3346502449,1,0.0,C
3346502449,1,0.0,C
3346502449,1,0.0,C
3346502449,1,0.0,C
3364286038,1,0.0,C
3364286038,1,0.0,C
3364286038,1,0.0,C
3364286038,1,0.0,C
3364286038,1,0.0,C
778732854,1,0.0,C
778732854,1,0.0,C
778732854,1,0.0,C
778732854,1,0.0,C
778732854,1,0.0,C
189305756,1,0.0,C
189305756,1,0.0,C
189305756,1,0.0,C
189305756,1,0.0,C
189305756,1,0.0,C
371948607,1,0.0,N
371948607,1,0.0,N
371948607,1,0.0,N
371948607,1,0.0,N
371948607,1,0.0,N
405062010,1,0.0,C
405062010,1,0.0,C
405062010,1,0.0,C
405062010,1,0.0,C
405062010,1,0.0,C
554582195,1,0.0,C
554582195,1,0.0,C
554582195,1,0.0,C
554582195,1,0.0,C
554582195,1,0.0,C
781447971,1,0.0,C
781447971,1,0.0,C
781447971,1,0.0,C
781447971,1,0.0,C
781447971,1,0.0,C
2858202198,1,0.0,C
2858202198,1,0.0,C
2858202198,1,0.0,C
2858202198,1,0.0,C
2858202198,1,0.0,C
403803281,1,0.0,C
403803281,1,0.0,C
403803281,1,0.0,C
403803281,1,0.0,C
403803281,1,0.0,C
799720067,1,0.0,N
799720067,1,0.0,N
799720067,1,0.0,N
799720067,1,0.0,N
799720067,1,0.0,N
942105187,1,0.0,O
942105187,1,0.0,O
942105187,1,0.0,O
942105187,1,0.0,O
942105187,1,0.0,O
1549284008,1,-0.0005701232355560526,C
1549284008,1,-9.485019794208682e-05,C
1549284008,1,-0.0003090458926423567,C
1549284008,1,-0.0007194218586125123,C
1549284008,1,-0.00026400668386039605,C
1788760918,1,0.0,C
1788760918,1,0.0,C
1788760918,1,0.0,C
1788760918,1,0.0,C
1788760918,1,0.0,C
2030757576,1,0.0,C
2030757576,1,0.0,C
2030757576,1,0.0,C
2030757576,1,0.0,C
2030757576,1,0.0,C
2346739091,1,0.0,C
2346739091,1,0.0,C
2346739091,1,0.0,C
2346739091,1,0.0,C
2346739091,1,0.0,C
2532054344,1,0.0,C
2532054344,1,0.0,C
2532054344,1,0.0,C
2532054344,1,0.0,C
2532054344,1,0.0,C
2725201598,1,0.0,N
2725201598,1,0.0,N
2725201598,1,0.0,N
2725201598,1,0.0,N
2725201598,1,0.0,N
2767041699,1,0.0,C
2767041699,1,0.0,C
2767041699,1,0.0,C
2767041699,1,0.0,C
2767041699,1,0.0,C
2806469715,1,0.0,C
2806469715,1,0.0,C
2806469715,1,0.0,C
2806469715,1,0.0,C
2806469715,1,0.0,C
3062161849,1,0.0,C
3062161849,1,0.0,C
3062161849,1,0.0,C
3062161849,1,0.0,C
3062161849,1,0.0,C
3194233911,1,0.0,C
3194233911,1,0.0,C
3194233911,1,0.0,C
3194233911,1,0.0,C
3194233911,1,0.0,C
3391218824,1,0.0,C
3391218824,1,0.0,C
3391218824,1,0.0,C
3391218824,1,0.0,C
3391218824,1,0.0,C
3941835296,1,0.0,C
3941835296,1,0.0,C
3941835296,1,0.0,C
3941835296,1,0.0,C
3941835296,1,0.0,C
4068677891,1,0.0,C
4068677891,1,0.0,C
4068677891,1,0.0,C
4068677891,1,0.0,C
4068677891,1,0.0,C
4114800826,1,0.0,C
4114800826,1,0.0,C
4114800826,1,0.0,C
4114800826,1,0.0,C
4114800826,1,0.0,C
222023415,1,0.0009672630327943743,N
222023415,1,0.0015024506037436547,N
222023415,1,0.0013257601214932135,N
222023415,1,0.001287386700177695,N
222023415,1,0.0008964044111723357,N
729796064,1,0.000651588172693951,C
729796064,1,-0.0003068907391655662,C
729796064,1,-0.00016999522716976134,C
729796064,1,0.000448333306148907,C
729796064,1,0.00017812229309033256,C
1187730664,1,-8.686128086232703e-05,C
1187730664,1,-2.6725629559409825e-05,C
1187730664,1,-0.00010725759884444575,C
1187730664,1,-2.397735011661073e-05,C
1187730664,1,-7.317659865047066e-05,C
1312131881,1,0.000789982773633513,C
1312131881,1,0.00019735872709747415,C
1312131881,1,0.001032120887329735,C
1312131881,1,0.0011054559002391384,C
1312131881,1,-0.0012963255236229099,C
2400081732,1,0.0,C
2400081732,1,0.0,C
2400081732,1,0.0,C
2400081732,1,0.0,C
2400081732,1,0.0,C
2425865203,1,0.0,C
2425865203,1,0.0,C
2425865203,1,0.0,C
2425865203,1,0.0,C
2425865203,1,0.0,C
3886201961,1,0.0,C
3886201961,1,0.0,C
3886201961,1,0.0,C
3886201961,1,0.0,C
3886201961,1,0.0,C
3909974435,1,8.779408480652506e-06,C
3909974435,1,1.8657913225528233e-07,C
3909974435,1,0.00015078304375470974,C
3909974435,1,-0.0005918734579465346,C
3909974435,1,-0.0008966125059023389,C
4212936508,1,-0.00068826067114236,N
4212936508,1,-0.0006990854453849948,N
4212936508,1,-0.00016823153262102153,N
4212936508,1,-0.0008487216193803215,N
4212936508,1,-0.0012110749509601781,N
60429991,1,0.0,C
60429991,1,0.0,C
60429991,1,0.0,C
60429991,1,0.0,C
60429991,1,0.0,C
287232915,1,0.0,C
287232915,1,0.0,C
287232915,1,0.0,C
287232915,1,0.0,C
287232915,1,0.0,C
305828102,1,0.0,C
305828102,1,0.0,C
305828102,1,0.0,C
305828102,1,0.0,C
305828102,1,0.0,C
645290606,1,0.0,N
645290606,1,0.0,N
645290606,1,0.0,N
645290606,1,0.0,N
645290606,1,0.0,N
746318684,1,0.0,C
746318684,1,0.0,C
746318684,1,0.0,C
746318684,1,0.0,C
746318684,1,0.0,C
884057105,1,5.2405022637147525e-05,N
884057105,1,2.9178911827854037e-05,N
884057105,1,2.9178911827854037e-05,N
884057105,1,2.9178911827854037e-05,N
884057105,1,2.9178911827854037e-05,N
1119998199,1,0.0,C
1119998199,1,0.0,C
1119998199,1,0.0,C
1119998199,1,0.0,C
1119998199,1,0.0,C
1350297244,1,0.0,N
1350297244,1,0.0,N
1350297244,1,0.0,N
1350297244,1,0.0,N
1350297244,1,0.0,N
1789923979,1,0.0,C
1789923979,1,0.0,C
1789923979,1,0.0,C
1789923979,1,0.0,C
1789923979,1,0.0,C
2162322537,1,0.0,C
2162322537,1,0.0,C
2162322537,1,0.0,C
2162322537,1,0.0,C
2162322537,1,0.0,C
2299950619,1,0.0,N
2299950619,1,0.0,N
2299950619,1,0.0,N
2299950619,1,0.0,N
2299950619,1,0.0,N
2821184046,1,0.0,C
2821184046,1,0.0,C
2821184046,1,0.0,C
2821184046,1,0.0,C
2821184046,1,0.0,C
2930866781,1,0.0,C
2930866781,1,0.0,C
2930866781,1,0.0,C
2930866781,1,0.0,C
2930866781,1,0.0,C
2987120039,1,0.0015416512500346924,C
2987120039,1,0.0014663126493312806,C
2987120039,1,0.0009596443661308296,C
2987120039,1,0.0013242738059531245,C
2987120039,1,0.000524403090661707,C
3348690903,1,0.0,N
3348690903,1,0.0,N
3348690903,1,0.0,N
3348690903,1,0.0,N
3348690903,1,0.0,N
3735507473,1,0.0,C
3735507473,1,0.0,C
3735507473,1,0.0,C
3735507473,1,0.0,C
3735507473,1,0.0,C
4033378718,1,0.0,C
4033378718,1,0.0,C
4033378718,1,0.0,C
4033378718,1,0.0,C
4033378718,1,0.0,C
458993620,1,-0.000785243577871575,N
458993620,1,-0.0025160827557406673,N
458993620,1,-0.000700926938726254,N
458993620,1,-0.0006098024769366495,N
458993620,1,-0.0004206562781481349,N
662511025,1,0.001503841276292217,N
662511025,1,0.001341436469950108,N
662511025,1,0.0014427741400674376,N
662511025,1,0.0015207637328815693,N
662511025,1,0.001569637176871308,N
2310395539,1,0.0,C
2310395539,1,0.0,C
2310395539,1,0.0,C
2310395539,1,0.0,C
2310395539,1,0.0,C
3119383463,1,0.0,C
3119383463,1,0.0,C
3119383463,1,0.0,C
3119383463,1,0.0,C
3119383463,1,0.0,C
128522177,1,1.6442066070432304e-05,C
128522177,1,0.0006528380526714672,C
128522177,1,2.7759315940123486e-05,C
128522177,1,-8.049410572830151e-05,C
128522177,1,0.00013279150220379954,C
358788357,1,0.0,C
358788357,1,0.0,C
358788357,1,0.0,C
358788357,1,0.0,C
358788357,1,0.0,C
417995860,1,0.0,N
417995860,1,0.0,N
417995860,1,0.0,N
417995860,1,0.0,N
417995860,1,0.0,N
571413391,1,0.0,N
571413391,1,0.0,N
571413391,1,0.0,N
571413391,1,0.0,N
571413391,1,0.0,N
746542050,1,0.0,N
746542050,1,0.0,N
746542050,1,0.0,N
746542050,1,0.0,N
746542050,1,0.0,N
1226425884,1,0.0,C
1226425884,1,0.0,C
1226425884,1,0.0,C
1226425884,1,0.0,C
1226425884,1,0.0,C
1617093318,1,-0.00031498459821821534,C
1617093318,1,-0.00027401399902948764,C
1617093318,1,-0.00023045425052015123,C
1617093318,1,-9.645491661935957e-06,C
1617093318,1,2.4399036391287154e-06,C
1853715860,1,0.0,C
1853715860,1,0.0,C
1853715860,1,0.0,C
1853715860,1,0.0,C
1853715860,1,0.0,C
2211718247,1,0.0,C
2211718247,1,0.0,C
2211718247,1,0.0,C
2211718247,1,0.0,C
2211718247,1,0.0,C
2347776210,1,0.0,C
2347776210,1,0.0,C
2347776210,1,0.0,C
2347776210,1,0.0,C
2347776210,1,0.0,C
2395259406,1,-0.00014527237392425452,C
2395259406,1,0.00040808517552326506,C
2395259406,1,-0.0012774380701201515,C
2395259406,1,-0.0011092336928414381,C
2395259406,1,-0.001212048416906697,C
2641560504,1,0.0,C
2641560504,1,0.0,C
2641560504,1,0.0,C
2641560504,1,0.0,C
2641560504,1,0.0,C
3160601726,1,0.0,N
3160601726,1,0.0,N
3160601726,1,0.0,N
3160601726,1,0.0,N
3160601726,1,0.0,N
3209815398,1,0.0,N
3209815398,1,0.0,N
3209815398,1,0.0,N
3209815398,1,0.0,N
3209815398,1,0.0,N
3595863686,1,0.0,C
3595863686,1,0.0,C
3595863686,1,0.0,C
3595863686,1,0.0,C
3595863686,1,0.0,C
3595891795,1,0.0,C
3595891795,1,0.0,C
3595891795,1,0.0,C
3595891795,1,0.0,C
3595891795,1,0.0,C
3600446318,1,0.0,C
3600446318,1,0.0,C
3600446318,1,0.0,C
3600446318,1,0.0,C
3600446318,1,0.0,C
3904721945,1,-0.000629080872232235,C
3904721945,1,-0.000168767584295626,C
3904721945,1,-0.00025971316147677115,C
3904721945,1,-0.0004617168911882352,C
3904721945,1,-0.00043052179037528227,C
934550081,1,-5.396531437051877e-05,N
934550081,1,0.000666206393490798,N
934550081,1,0.00010954565535781224,N
934550081,1,-0.0012969372076366836,N
934550081,1,-0.0007360921501653461,N
1912836315,1,8.547061289410074e-05,N
1912836315,1,8.547061289410074e-05,N
1912836315,1,8.547061289410074e-05,N
1912836315,1,8.547061289410074e-05,N
1912836315,1,8.547061289410074e-05,N
3457964313,1,0.00018694454237089264,N
3457964313,1,0.00019472884578697336,N
3457964313,1,0.00015516048011743333,N
3457964313,1,-0.00027626304374073207,N
3457964313,1,0.000240094041516703,N
3772302167,1,-0.0005323222645204906,C
3772302167,1,0.0003838057629853564,C
3772302167,1,-0.0007642662399751643,C
3772302167,1,-0.00017931480228994268,C
3772302167,1,-0.0001746057357469022,C
3889081300,1,-0.0009151978185251153,C
3889081300,1,0.0003950164775566867,C
3889081300,1,0.0007217242122508072,C
3889081300,1,0.0012761824343558992,C
3889081300,1,0.0016445402718158197,C
128657259,1,0.0,C
128657259,1,0.0,C
128657259,1,0.0,C
128657259,1,0.0,C
128657259,1,0.0,C
192298547,1,0.0,C
192298547,1,0.0,C
192298547,1,0.0,C
192298547,1,0.0,C
192298547,1,0.0,C
594658892,1,0.0,C
594658892,1,0.0,C
594658892,1,0.0,C
594658892,1,0.0,C
594658892,1,0.0,C
598859535,1,0.0,C
598859535,1,0.0,C
598859535,1,0.0,C
598859535,1,0.0,C
598859535,1,0.0,C
710118558,1,-0.00016946948647234006,C
710118558,1,8.293828554428728e-05,C
710118558,1,-0.00028767460876022444,C
710118558,1,0.00019057934322241898,C
710118558,1,3.7754759871333476e-05,C
1282066571,1,0.0,C
1282066571,1,0.0,C
1282066571,1,0.0,C
1282066571,1,0.0,C
1282066571,1,0.0,C
1407073473,1,0.0,N
1407073473,1,0.0,N
1407073473,1,0.0,N
1407073473,1,0.0,N
1407073473,1,0.0,N
1511206547,1,0.004427521875331464,C
1511206547,1,0.0014781449077081454,C
1511206547,1,0.0009877326566380962,C
1511206547,1,0.004870204839160341,C
1511206547,1,-0.0022335575878491554,C
1615627369,1,0.0,N
1615627369,1,0.0,N
1615627369,1,0.0,N
1615627369,1,0.0,N
1615627369,1,0.0,N
1648314920,1,0.0,N
1648314920,1,0.0,N
1648314920,1,0.0,N
1648314920,1,0.0,N
1648314920,1,0.0,N
1805557757,1,0.0,N
1805557757,1,0.0,N
1805557757,1,0.0,N
1805557757,1,0.0,N
1805557757,1,0.0,N
2064487208,1,0.0,C
2064487208,1,0.0,C
2064487208,1,0.0,C
2064487208,1,0.0,C
2064487208,1,0.0,C
2106698969,1,0.0,C
2106698969,1,0.0,C
2106698969,1,0.0,C
2106698969,1,0.0,C
2106698969,1,0.0,C
2612466107,1,0.0,C
2612466107,1,0.0,C
2612466107,1,0.0,C
2612466107,1,0.0,C
2612466107,1,0.0,C
2659408927,1,0.0,C
2659408927,1,0.0,C
2659408927,1,0.0,C
2659408927,1,0.0,C
2659408927,1,0.0,C
2732776273,1,0.0,C
2732776273,1,0.0,C
2732776273,1,0.0,C
2732776273,1,0.0,C
2732776273,1,0.0,C
2984966880,1,0.007499667535187049,C
2984966880,1,0.0038099307895747003,C
2984966880,1,0.00603097585153034,C
2984966880,1,0.003226546977035838,C
2984966880,1,0.003598915385666035,C
3009655663,1,0.0,N
3009655663,1,0.0,N
3009655663,1,0.0,N
3009655663,1,0.0,N
3009655663,1,0.0,N
3056534737,1,0.0,N
3056534737,1,0.0,N
3056534737,1,0.0,N
3056534737,1,0.0,N
3056534737,1,0.0,N
3271309638,1,0.0,C
3271309638,1,0.0,C
3271309638,1,0.0,C
3271309638,1,0.0,C
3271309638,1,0.0,C
3421997501,1,0.0,C
3421997501,1,0.0,C
3421997501,1,0.0,C
3421997501,1,0.0,C
3421997501,1,0.0,C
692277943,1,0.0004147267391672038,N
692277943,1,-0.00017640815486097416,N
692277943,1,-0.0001251726426195754,N
692277943,1,7.649654440666787e-05,N
692277943,1,0.0005197596845351038,N
1620258790,1,0.0,N
1620258790,1,0.0,N
1620258790,1,0.0,N
1620258790,1,0.0,N
1620258790,1,0.0,N
2617658656,1,-0.0006795020377245997,C
2617658656,1,-0.0009685373578294243,C
2617658656,1,-0.0009299093992519714,C
2617658656,1,-0.0011262016479339776,C
2617658656,1,-0.001443589037278481,C
1600048,1,0.0,N
1600048,1,0.0,N
1600048,1,0.0,N
1600048,1,0.0,N
1600048,1,0.0,N
514870344,1,-3.109700850922881e-05,C
514870344,1,-0.000225577142096145,C
514870344,1,8.858433402325616e-05,C
514870344,1,0.00017308961585138505,C
514870344,1,0.0002768631491812945,C
613390970,1,0.0,C
613390970,1,0.0,C
613390970,1,0.0,C
613390970,1,0.0,C
613390970,1,0.0,C
1091340519,1,0.0,C
1091340519,1,0.0,C
1091340519,1,0.0,C
1091340519,1,0.0,C
1091340519,1,0.0,C
1153219603,1,9.379133038178722e-05,C
1153219603,1,7.356567645255829e-05,C
1153219603,1,0.0002030277006592751,C
1153219603,1,-0.00016570786740066623,C
1153219603,1,-4.970016637961816e-05,C
1196782798,1,0.0,C
1196782798,1,0.0,C
1196782798,1,0.0,C
1196782798,1,0.0,C
1196782798,1,0.0,C
1940576386,1,0.0,C
1940576386,1,0.0,C
1940576386,1,0.0,C
1940576386,1,0.0,C
1940576386,1,0.0,C
1975226074,1,0.0,N
1975226074,1,0.0,N
1975226074,1,0.0,N
1975226074,1,0.0,N
1975226074,1,0.0,N
2905822145,1,0.00026060744682765424,C
2905822145,1,-0.0005346982979493875,C
2905822145,1,-0.0001256600984369527,C
2905822145,1,0.000329196590914127,C
2905822145,1,0.00027874101414204766,C
2914536168,1,-0.0005672956155435838,C
2914536168,1,-0.00015178722134057132,C
2914536168,1,0.00014281478476241283,C
2914536168,1,-0.00026874397990961363,C
2914536168,1,0.00014027068930277942,C
2965143722,1,0.0,C
2965143722,1,0.0,C
2965143722,1,0.0,C
2965143722,1,0.0,C
2965143722,1,0.0,C
2977977841,1,0.0,N
2977977841,1,0.0,N
2977977841,1,0.0,N
2977977841,1,0.0,N
2977977841,1,0.0,N
3244372419,1,0.0,C
3244372419,1,0.0,C
3244372419,1,0.0,C
3244372419,1,0.0,C
3244372419,1,0.0,C
3513840186,1,0.0,C
3513840186,1,0.0,C
3513840186,1,0.0,C
3513840186,1,0.0,C
3513840186,1,0.0,C
3777584818,1,0.0,C
3777584818,1,0.0,C
3777584818,1,0.0,C
3777584818,1,0.0,C
3777584818,1,0.0,C
3869736299,1,0.0,C
3869736299,1,0.0,C
3869736299,1,0.0,C
3869736299,1,0.0,C
3869736299,1,0.0,C
3873306213,1,-2.0702787538628975e-05,N
3873306213,1,-2.530467559669347e-05,N
3873306213,1,4.5658258131520135e-05,N
3873306213,1,-0.0001441087360933846,N
3873306213,1,-0.00010583771167171907,N
3927757939,1,0.0,C
3927757939,1,0.0,C
3927757939,1,0.0,C
3927757939,1,0.0,C
3927757939,1,0.0,C
3975317568,1,0.0,C
3975317568,1,0.0,C
3975317568,1,0.0,C
3975317568,1,0.0,C
3975317568,1,0.0,C
913310822,1,-0.00017281347499420452,C
913310822,1,0.003005700510381626,C
913310822,1,0.0023488402721716373,C
913310822,1,0.007064822734412668,C
913310822,1,0.0023723568654853144,C
3345225135,1,0.00017848201245973527,N
3345225135,1,0.00013792558887282258,N
3345225135,1,-0.0004944543761112863,N
3345225135,1,0.0001274931931148915,N
3345225135,1,0.00014628984222631036,N
575877237,1,0.0,C
575877237,1,0.0,C
575877237,1,0.0,C
575877237,1,0.0,C
575877237,1,0.0,C
773497988,1,0.0,N
773497988,1,0.0,N
773497988,1,0.0,N
773497988,1,0.0,N
773497988,1,0.0,N
887349181,1,0.0,N
887349181,1,0.0,N
887349181,1,0.0,N
887349181,1,0.0,N
887349181,1,0.0,N
980509515,1,0.0,C
980509515,1,0.0,C
980509515,1,0.0,C
980509515,1,0.0,C
980509515,1,0.0,C
1103832125,1,0.0,C
1103832125,1,0.0,C
1103832125,1,0.0,C
1103832125,1,0.0,C
1103832125,1,0.0,C
1182622762,1,0.0033343207751140858,C
1182622762,1,-0.0012190389310930971,C
1182622762,1,0.0002983650728189957,C
1182622762,1,0.0004904308271767022,C
1182622762,1,0.0016533083838020657,C
1460642244,1,0.0,C
1460642244,1,0.0,C
1460642244,1,0.0,C
1460642244,1,0.0,C
1460642244,1,0.0,C
1502159688,1,0.0,C
1502159688,1,0.0,C
1502159688,1,0.0,C
1502159688,1,0.0,C
1502159688,1,0.0,C
1619299783,1,0.0,C
1619299783,1,0.0,C
1619299783,1,0.0,C
1619299783,1,0.0,C
1619299783,1,0.0,C
1976473596,1,0.0,C
1976473596,1,0.0,C
1976473596,1,0.0,C
1976473596,1,0.0,C
1976473596,1,0.0,C
2003124847,1,0.0,C
2003124847,1,0.0,C
2003124847,1,0.0,C
2003124847,1,0.0,C
2003124847,1,0.0,C
2233928532,1,0.0,C
2233928532,1,0.0,C
2233928532,1,0.0,C
2233928532,1,0.0,C
2233928532,1,0.0,C
2923200147,1,-2.9007831097827008e-05,C
2923200147,1,-7.258871063264838e-05,C
2923200147,1,-3.4406580999624126e-05,C
2923200147,1,-3.314585178781915e-05,C
2923200147,1,-3.190587712920134e-05,C
3404106711,1,0.0,N
3404106711,1,0.0,N
3404106711,1,0.0,N
3404106711,1,0.0,N
3404106711,1,0.0,N
618671879,1,-0.0017205948316472153,C
618671879,1,-0.0017988533476265278,C
618671879,1,-0.0007422269330793485,C
618671879,1,0.00020887455357121443,C
618671879,1,-0.00017314580887739517,C
970433791,1,0.0027398778807919966,C
970433791,1,0.0013534313170565637,C
970433791,1,0.004778907534816246,C
970433791,1,0.0006833248169982875,C
970433791,1,-0.00019183641268138985,C
2021812431,1,0.0067976926300822305,N
2021812431,1,0.005214703218892058,N
2021812431,1,0.0059973830329805855,N
2021812431,1,0.0019699322212315407,N
2021812431,1,0.004285875247126647,N
2369690741,1,0.0005473365754495862,C
2369690741,1,4.702317224247743e-05,C
2369690741,1,-0.00022307962984435825,C
2369690741,1,0.0012980456125806228,C
2369690741,1,-0.000318559146766928,C
2687950697,1,-0.0002102005081974223,C
2687950697,1,-0.001818049115172582,C
2687950697,1,-0.004764256708915893,C
2687950697,1,-0.0012870041286695555,C
2687950697,1,-0.0028452438360300203,C
3044751281,1,0.0003397734362177163,N
3044751281,1,-4.928982520535641e-05,N
3044751281,1,4.141877333374566e-05,N
3044751281,1,0.00014227448712522683,N
3044751281,1,8.630417048405281e-05,N
4036277955,1,-0.0003633977486550144,C
4036277955,1,0.0003863404088474409,C
4036277955,1,0.00029196731829350675,C
4036277955,1,-0.00041211776603500283,C
4036277955,1,0.0017905833280822403,C
162451061,1,0.0,C
162451061,1,0.0,C
162451061,1,0.0,C
162451061,1,0.0,C
162451061,1,0.0,C
360746412,1,0.0,C
360746412,1,0.0,C
360746412,1,0.0,C
360746412,1,0.0,C
360746412,1,0.0,C
517432093,1,-0.0019896208215498534,C
517432093,1,-0.0013062440550493104,C
517432093,1,-0.002871929193156153,C
517432093,1,-0.0014408184742882302,C
517432093,1,-0.0005651664692428726,C
588583197,1,0.0,N
588583197,1,0.0,N
588583197,1,0.0,N
588583197,1,0.0,N
588583197,1,0.0,N
700366059,1,0.0,C
700366059,1,0.0,C
700366059,1,0.0,C
700366059,1,0.0,C
700366059,1,0.0,C
833901780,1,0.0009668660549660979,N
833901780,1,0.0009523291009082557,N
833901780,1,0.0008088528546876805,N
833901780,1,0.0009738552163652825,N
833901780,1,0.0009645526294462803,N
972212618,1,0.0,C
972212618,1,0.0,C
972212618,1,0.0,C
972212618,1,0.0,C
972212618,1,0.0,C
1085951520,1,0.0,C
1085951520,1,0.0,C
1085951520,1,0.0,C
1085951520,1,0.0,C
1085951520,1,0.0,C
1640551393,1,0.0,C
1640551393,1,0.0,C
1640551393,1,0.0,C
1640551393,1,0.0,C
1640551393,1,0.0,C
1659746977,1,0.0,C
1659746977,1,0.0,C
1659746977,1,0.0,C
1659746977,1,0.0,C
1659746977,1,0.0,C
1746956355,1,0.0,C
1746956355,1,0.0,C
1746956355,1,0.0,C
1746956355,1,0.0,C
1746956355,1,0.0,C
1782103841,1,0.0,C
1782103841,1,0.0,C
1782103841,1,0.0,C
1782103841,1,0.0,C
1782103841,1,0.0,C
1928643610,1,0.0,N
1928643610,1,0.0,N
1928643610,1,0.0,N
1928643610,1,0.0,N
1928643610,1,0.0,N
2083345085,1,0.0,C
2083345085,1,0.0,C
2083345085,1,0.0,C
2083345085,1,0.0,C
2083345085,1,0.0,C
2253487798,1,0.0,C
2253487798,1,0.0,C
2253487798,1,0.0,C
2253487798,1,0.0,C
2253487798,1,0.0,C
2363766683,1,0.0,N
2363766683,1,0.0,N
2363766683,1,0.0,N
2363766683,1,0.0,N
2363766683,1,0.0,N
2452950201,1,0.0,C
2452950201,1,0.0,C
2452950201,1,0.0,C
2452950201,1,0.0,C
2452950201,1,0.0,C
2649179154,1,0.0,C
2649179154,1,0.0,C
2649179154,1,0.0,C
2649179154,1,0.0,C
2649179154,1,0.0,C
2871620237,1,0.0,C
2871620237,1,0.0,C
2871620237,1,0.0,C
2871620237,1,0.0,C
2871620237,1,0.0,C
2959332130,1,-0.0004214310180811198,C
2959332130,1,-0.00019677609557888776,C
2959332130,1,-0.00034914681987274765,C
2959332130,1,-0.00016348958014000825,C
2959332130,1,3.63198255663999e-05,C
2975850206,1,0.0,N
2975850206,1,0.0,N
2975850206,1,0.0,N
2975850206,1,0.0,N
2975850206,1,0.0,N
3790270853,1,0.0,N
3790270853,1,0.0,N
3790270853,1,0.0,N
3790270853,1,0.0,N
3790270853,1,0.0,N
4084104128,1,0.0,C
4084104128,1,0.0,C
4084104128,1,0.0,C
4084104128,1,0.0,C
4084104128,1,0.0,C
4139827362,1,0.0,C
4139827362,1,0.0,C
4139827362,1,0.0,C
4139827362,1,0.0,C
4139827362,1,0.0,C
606428793,1,0.0,C
606428793,1,0.0,C
606428793,1,0.0,C
606428793,1,0.0,C
606428793,1,0.0,C
1163048604,1,0.00042097869434287727,C
1163048604,1,0.000664622391232772,C
1163048604,1,0.0005064648211161593,C
1163048604,1,0.000665041583961079,C
1163048604,1,0.0002903945035697131,C
146938217,1,0.0,C
146938217,1,0.0,C
146938217,1,0.0,C
146938217,1,0.0,C
146938217,1,0.0,C
158446930,1,0.0,C
158446930,1,0.0,C
158446930,1,0.0,C
158446930,1,0.0,C
158446930,1,0.0,C
365734419,1,0.0,C
365734419,1,0.0,C
365734419,1,0.0,C
365734419,1,0.0,C
365734419,1,0.0,C
771723397,1,0.0,N
771723397,1,0.0,N
771723397,1,0.0,N
771723397,1,0.0,N
771723397,1,0.0,N
1024158439,1,0.0,C
1024158439,1,0.0,C
1024158439,1,0.0,C
1024158439,1,0.0,C
1024158439,1,0.0,C
1155611512,1,0.0,C
1155611512,1,0.0,C
1155611512,1,0.0,C
1155611512,1,0.0,C
1155611512,1,0.0,C
1189676512,1,0.0,C
1189676512,1,0.0,C
1189676512,1,0.0,C
1189676512,1,0.0,C
1189676512,1,0.0,C
1795401471,1,0.0,N
1795401471,1,0.0,N
1795401471,1,0.0,N
1795401471,1,0.0,N
1795401471,1,0.0,N
1842875217,1,0.0,C
1842875217,1,0.0,C
1842875217,1,0.0,C
1842875217,1,0.0,C
1842875217,1,0.0,C
3012080282,1,0.0001798482469511642,C
3012080282,1,4.527442188340114e-05,C
3012080282,1,-3.8074312241787034e-05,C
3012080282,1,-2.721635283209345e-05,C
3012080282,1,-2.444813131186052e-05,C
3136639252,1,0.0,C
3136639252,1,0.0,C
3136639252,1,0.0,C
3136639252,1,0.0,C
3136639252,1,0.0,C
3737010417,1,0.0,C
3737010417,1,0.0,C
3737010417,1,0.0,C
3737010417,1,0.0,C
3737010417,1,0.0,C
2092139921,1,0.0,C
2092139921,1,0.0,C
2092139921,1,0.0,C
2092139921,1,0.0,C
2092139921,1,0.0,C
2260712803,1,0.0,C
2260712803,1,0.0,C
2260712803,1,0.0,C
2260712803,1,0.0,C
2260712803,1,0.0,C
431202968,1,0.0,O
431202968,1,0.0,O
431202968,1,0.0,O
431202968,1,0.0,O
431202968,1,0.0,O
600377156,1,0.0,C
600377156,1,0.0,C
600377156,1,0.0,C
600377156,1,0.0,C
600377156,1,0.0,C
829754261,1,0.000581940750064458,C
829754261,1,-0.0006264088644100108,C
829754261,1,0.0005612080788139906,C
829754261,1,-0.0007611150562777391,C
829754261,1,-0.00035850697479344884,C
3777243454,1,0.00283198369647808,C
3777243454,1,0.0043021198117138,C
3777243454,1,0.0028149232670365842,C
3777243454,1,0.0012377878770361006,C
3777243454,1,0.001260578508400001,C
3917497376,1,0.0,C
3917497376,1,0.0,C
3917497376,1,0.0,C
3917497376,1,0.0,C
3917497376,1,0.0,C
3992410619,1,-0.000605670796571034,C
3992410619,1,-0.0012599900538452502,C
3992410619,1,-0.002288839798096687,C
3992410619,1,0.001102434927006235,C
3992410619,1,-0.0004876983100362553,C
683707489,1,0.0,N
683707489,1,0.0,N
683707489,1,0.0,N
683707489,1,0.0,N
683707489,1,0.0,N
830985528,1,0.0,N
830985528,1,0.0,N
830985528,1,0.0,N
830985528,1,0.0,N
830985528,1,0.0,N
969309216,1,0.0,N
969309216,1,0.0,N
969309216,1,0.0,N
969309216,1,0.0,N
969309216,1,0.0,N
1633777018,1,0.0,C
1633777018,1,0.0,C
1633777018,1,0.0,C
1633777018,1,0.0,C
1633777018,1,0.0,C
2329183264,1,0.0,N
2329183264,1,0.0,N
2329183264,1,0.0,N
2329183264,1,0.0,N
2329183264,1,0.0,N
3249389781,1,0.0,C
3249389781,1,0.0,C
3249389781,1,0.0,C
3249389781,1,0.0,C
3249389781,1,0.0,C
3394178578,1,-4.6940481680524115e-06,C
3394178578,1,-4.6940481680524115e-06,C
3394178578,1,-4.6940481680524115e-06,C
3394178578,1,-4.6940481680524115e-06,C
3394178578,1,-4.6940481680524115e-06,C
3564721854,1,0.0,O
3564721854,1,0.0,O
3564721854,1,0.0,O
3564721854,1,0.0,O
3564721854,1,0.0,O
3645962415,1,0.0,C
3645962415,1,0.0,C
3645962415,1,0.0,C
3645962415,1,0.0,C
3645962415,1,0.0,C
3783734726,1,0.0,C
3783734726,1,0.0,C
3783734726,1,0.0,C
3783734726,1,0.0,C
3783734726,1,0.0,C
3825351850,1,0.0,C
3825351850,1,0.0,C
3825351850,1,0.0,C
3825351850,1,0.0,C
3825351850,1,0.0,C
3937808328,1,0.0,C
3937808328,1,0.0,C
3937808328,1,0.0,C
3937808328,1,0.0,C
3937808328,1,0.0,C
4098238333,1,0.0,C
4098238333,1,0.0,C
4098238333,1,0.0,C
4098238333,1,0.0,C
4098238333,1,0.0,C
994637429,1,0.0,N
994637429,1,0.0,N
994637429,1,0.0,N
994637429,1,0.0,N
994637429,1,0.0,N
1237948901,1,-0.0010057361842783497,C
1237948901,1,0.0003428473203045401,C
1237948901,1,-0.000101946154182464,C
1237948901,1,0.00012078643287760649,C
1237948901,1,0.0002636445995850556,C
1791271074,1,0.00041142674875038754,S
1791271074,1,-0.0003426819817615723,S
1791271074,1,0.0014223949554941218,S
1791271074,1,0.0015696287579833879,S
1791271074,1,0.0012142706248414736,S
2803419857,1,0.0,C
2803419857,1,0.0,C
2803419857,1,0.0,C
2803419857,1,0.0,C
2803419857,1,0.0,C
3131896227,1,0.0002098656615109329,C
3131896227,1,0.0002224642161061663,C
3131896227,1,0.00014767427499129404,C
3131896227,1,0.0003642307015904178,C
3131896227,1,0.0001933556382616164,C
3555434182,1,-0.0013720914433271725,C
3555434182,1,0.00016403401779141458,C
3555434182,1,0.0022802438962100657,C
3555434182,1,0.0011414304306595069,C
3555434182,1,0.001468462475769261,C
4078804981,1,0.0,C
4078804981,1,0.0,C
4078804981,1,0.0,C
4078804981,1,0.0,C
4078804981,1,0.0,C
4089138501,1,-0.003333693648895797,C
4089138501,1,-0.0031076693664607857,C
4089138501,1,-0.0023606758771492764,C
4089138501,1,0.0022341044887922434,C
4089138501,1,0.0008399563832542922,C
497148975,1,0.0,C
497148975,1,0.0,C
497148975,1,0.0,C
497148975,1,0.0,C
497148975,1,0.0,C
596538004,1,0.0,N
596538004,1,0.0,N
596538004,1,0.0,N
596538004,1,0.0,N
596538004,1,0.0,N
717533372,1,0.0,C
717533372,1,0.0,C
717533372,1,0.0,C
717533372,1,0.0,C
717533372,1,0.0,C
869605269,1,0.0,S
869605269,1,0.0,S
869605269,1,0.0,S
869605269,1,0.0,S
869605269,1,0.0,S
934540015,1,0.0004012918851298286,C
934540015,1,8.51019891132676e-05,C
934540015,1,0.0001510474574900611,C
934540015,1,-0.0002792035567241724,C
934540015,1,-0.00017635047727415643,C
1013652343,1,0.0,C
1013652343,1,0.0,C
1013652343,1,0.0,C
1013652343,1,0.0,C
1013652343,1,0.0,C
1202102858,1,0.0,C
1202102858,1,0.0,C
1202102858,1,0.0,C
1202102858,1,0.0,C
1202102858,1,0.0,C
1216095805,1,0.007902948135147692,C
1216095805,1,-0.0015070814860784765,C
1216095805,1,0.0024207433478204976,C
1216095805,1,-0.0016300376939591965,C
1216095805,1,0.00778516019384079,C
1549088453,1,0.0,C
1549088453,1,0.0,C
1549088453,1,0.0,C
1549088453,1,0.0,C
1549088453,1,0.0,C
1920687805,1,0.0,C
1920687805,1,0.0,C
1920687805,1,0.0,C
1920687805,1,0.0,C
1920687805,1,0.0,C
2172076087,1,0.0,C
2172076087,1,0.0,C
2172076087,1,0.0,C
2172076087,1,0.0,C
2172076087,1,0.0,C
2817411591,1,0.0,C
2817411591,1,0.0,C
2817411591,1,0.0,C
2817411591,1,0.0,C
2817411591,1,0.0,C
2855959151,1,0.0,C
2855959151,1,0.0,C
2855959151,1,0.0,C
2855959151,1,0.0,C
2855959151,1,0.0,C
3323336121,1,0.0,C
3323336121,1,0.0,C
3323336121,1,0.0,C
3323336121,1,0.0,C
3323336121,1,0.0,C
3526171640,1,0.0,C
3526171640,1,0.0,C
3526171640,1,0.0,C
3526171640,1,0.0,C
3526171640,1,0.0,C
3561946030,1,0.001519774509176064,N
3561946030,1,0.0012675591687105747,N
3561946030,1,0.0007848156534238093,N
3561946030,1,0.00016955838719323602,N
3561946030,1,0.00038862837446462795,N
266675433,1,-0.001461177885508258,O
266675433,1,-0.0028007907984357594,O
266675433,1,-0.0030479823043952914,O
266675433,1,-0.0032030593754823755,O
266675433,1,-0.0008505981564339571,O
1186654798,1,-3.330309828075695e-05,C
1186654798,1,-5.01928691043485e-05,C
1186654798,1,-5.01928691043485e-05,C
1186654798,1,-3.6036530096872355e-05,C
1186654798,1,-5.01928691043485e-05,C
1898153655,1,0.0,N
1898153655,1,0.0,N
1898153655,1,0.0,N
1898153655,1,0.0,N
1898153655,1,0.0,N
2049340176,1,0.0,C
2049340176,1,0.0,C
2049340176,1,0.0,C
2049340176,1,0.0,C
2049340176,1,0.0,C
2173557700,1,0.0,C
2173557700,1,0.0,C
2173557700,1,0.0,C
2173557700,1,0.0,C
2173557700,1,0.0,C
2251883808,1,0.0001012869288029572,C
2251883808,1,-0.00010676725864466885,C
2251883808,1,-0.0005077584504736832,C
2251883808,1,-0.0006012201163390074,C
2251883808,1,-0.00019842844419237782,C
3476748171,1,0.0,C
3476748171,1,0.0,C
3476748171,1,0.0,C
3476748171,1,0.0,C
3476748171,1,0.0,C
3554022385,1,0.0024426691580770044,C
3554022385,1,-0.00012276108451436674,C
3554022385,1,0.00023942339255578204,C
3554022385,1,0.0018059471302183105,C
3554022385,1,0.0007266798328443569,C
19852674,1,-3.1133492924162454e-05,C
19852674,1,-0.00021536241529263034,C
19852674,1,-0.00022207083280434414,C
19852674,1,-0.0019730241208011368,C
19852674,1,-0.0008177626396201898,C
118059098,1,0.0018199088595023394,C
118059098,1,0.0011982011884611454,C
118059098,1,0.0035779795141647197,C
118059098,1,0.0034249716006553577,C
118059098,1,0.003021702234546897,C
379028014,1,0.0,C
379028014,1,0.0,C
379028014,1,0.0,C
379028014,1,0.0,C
379028014,1,0.0,C
405578005,1,3.6744347148065515e-05,N
405578005,1,3.0660728198128595e-05,N
405578005,1,0.0001867728196044416,N
405578005,1,0.0004069749840035497,N
405578005,1,2.4216436030566335e-05,N
434423882,1,-0.0006359316503162793,C
434423882,1,-0.0003899160910175725,C
434423882,1,-0.0003368955975175947,C
434423882,1,-0.0002299153983590374,C
434423882,1,-8.875025648380497e-05,C
577839381,1,0.0,C
577839381,1,0.0,C
577839381,1,0.0,C
577839381,1,0.0,C
577839381,1,0.0,C
667769659,1,0.0,C
667769659,1,0.0,C
667769659,1,0.0,C
667769659,1,0.0,C
667769659,1,0.0,C
690328835,1,0.0,C
690328835,1,0.0,C
690328835,1,0.0,C
690328835,1,0.0,C
690328835,1,0.0,C
839260861,1,0.0,N
839260861,1,0.0,N
839260861,1,0.0,N
839260861,1,0.0,N
839260861,1,0.0,N
939739933,1,0.0,C
939739933,1,0.0,C
939739933,1,0.0,C
939739933,1,0.0,C
939739933,1,0.0,C
966311396,1,0.0003659090753498351,C
966311396,1,0.0009297076209733302,C
966311396,1,-0.0016781426033378732,C
966311396,1,0.0003635646857094166,C
966311396,1,-0.0012234777976151134,C
1068891010,1,0.0,C
1068891010,1,0.0,C
1068891010,1,0.0,C
1068891010,1,0.0,C
1068891010,1,0.0,C
1583185503,1,0.0,N
1583185503,1,0.0,N
1583185503,1,0.0,N
1583185503,1,0.0,N
1583185503,1,0.0,N
1754534098,1,0.0,C
1754534098,1,0.0,C
1754534098,1,0.0,C
1754534098,1,0.0,C
1754534098,1,0.0,C
1928939765,1,0.0,N
1928939765,1,0.0,N
1928939765,1,0.0,N
1928939765,1,0.0,N
1928939765,1,0.0,N
2387089976,1,0.0,C
2387089976,1,0.0,C
2387089976,1,0.0,C
2387089976,1,0.0,C
2387089976,1,0.0,C
3224061971,1,0.0,N
3224061971,1,0.0,N
3224061971,1,0.0,N
3224061971,1,0.0,N
3224061971,1,0.0,N
3239083125,1,0.0,N
3239083125,1,0.0,N
3239083125,1,0.0,N
3239083125,1,0.0,N
3239083125,1,0.0,N
3264036853,1,0.0,C
3264036853,1,0.0,C
3264036853,1,0.0,C
3264036853,1,0.0,C
3264036853,1,0.0,C
3307784137,1,0.0,C
3307784137,1,0.0,C
3307784137,1,0.0,C
3307784137,1,0.0,C
3307784137,1,0.0,C
3549347105,1,0.0008653363345815235,C
3549347105,1,0.0001780514650225884,C
3549347105,1,0.0006928123224471117,C
3549347105,1,-0.00026912566863268594,C
3549347105,1,0.00030910238849390925,C
3699784776,1,0.0,C
3699784776,1,0.0,C
3699784776,1,0.0,C
3699784776,1,0.0,C
3699784776,1,0.0,C
3795518241,1,0.0,S
3795518241,1,0.0,S
3795518241,1,0.0,S
3795518241,1,0.0,S
3795518241,1,0.0,S
3883091586,1,0.0,C
3883091586,1,0.0,C
3883091586,1,0.0,C
3883091586,1,0.0,C
3883091586,1,0.0,C
4265716399,1,8.245895567882133e-05,N
4265716399,1,4.044338418407456e-05,N
4265716399,1,5.924542022761603e-05,N
4265716399,1,-3.878785423450104e-05,N
4265716399,1,0.0004682831956634992,N
833318008,1,0.0,C
833318008,1,0.0,C
833318008,1,0.0,C
833318008,1,0.0,C
833318008,1,0.0,C
1456537871,1,0.0,C
1456537871,1,0.0,C
1456537871,1,0.0,C
1456537871,1,0.0,C
1456537871,1,0.0,C
2013329825,1,0.0,C
2013329825,1,0.0,C
2013329825,1,0.0,C
2013329825,1,0.0,C
2013329825,1,0.0,C
2576005379,1,0.0003449894497924433,C
2576005379,1,-0.0003887849258681353,C
2576005379,1,0.0002494914412743965,C
2576005379,1,-0.0006592243243925822,C
2576005379,1,-0.0007257471070551968,C
55967795,1,0.0,C
55967795,1,0.0,C
55967795,1,0.0,C
55967795,1,0.0,C
55967795,1,0.0,C
847961216,2,0.011516077611882447,N
847961216,2,0.005904002985372747,N
847961216,2,0.008495379340022313,N
847961216,2,0.008888962229975372,N
847961216,2,0.008129607115878179,N
864942730,2,-0.013684726039717376,O
864942730,2,-0.008017015028132235,O
864942730,2,-0.009480700487372373,O
864942730,2,-0.003991873578531591,O
864942730,2,-0.009229987513828752,O
882399112,2,0.008980243713487268,F
882399112,2,0.006486894678509159,F
882399112,2,0.0008810815341320222,F
882399112,2,0.004030843954512586,F
882399112,2,0.0044695408082449095,F
2041434490,2,0.003148281879931991,N
2041434490,2,0.006365148518376107,N
2041434490,2,0.003987477454917565,N
2041434490,2,0.001966734062477271,N
2041434490,2,0.0025735251396726833,N
2092489639,2,-0.0013173020761403365,N
2092489639,2,-0.00019613507425264576,N
2092489639,2,0.0021084533234112524,N
2092489639,2,-0.00111721430911349,N
2092489639,2,0.0017366606315086797,N
2246699815,2,-0.0005334843491607844,C
2246699815,2,-0.00016881893692655137,C
2246699815,2,0.001684423505414978,C
2246699815,2,0.0034223228045954235,C
2246699815,2,0.0005845531763689626,C
2246728737,2,-0.0046286106617370315,C
2246728737,2,-0.002974684010596862,C
2246728737,2,-0.001320447523447954,C
2246728737,2,-0.0032267292941059456,C
2246728737,2,-0.0010085629978366928,C
2968968094,2,-0.0008900205533785011,C
2968968094,2,-0.0014204658973110407,C
2968968094,2,-0.0030436306019757664,C
2968968094,2,0.0037298011836777167,C
2968968094,2,0.001356675062139212,C
2976033787,2,0.001327986061778419,C
2976033787,2,0.0008834337317639163,C
2976033787,2,0.004221372647400523,C
2976033787,2,0.0028542327315240756,C
2976033787,2,0.003984603673769849,C
3217380708,2,0.0003745214322311563,C
3217380708,2,0.00024901840345681325,C
3217380708,2,9.589064672299585e-05,C
3217380708,2,-0.0005312098429938183,C
3217380708,2,0.0003686429551024162,C
3218693969,2,-0.0009873465132478332,C
3218693969,2,-0.0013644218530296515,C
3218693969,2,-0.0016495109377852035,C
3218693969,2,-0.0012703338587052304,C
3218693969,2,-0.0011955136763912577,C
10565946,2,0.009014902258610902,O
10565946,2,0.006072805078397248,O
10565946,2,0.0206415384137687,O
10565946,2,0.010684421684130863,O
10565946,2,0.013398085520058722,O
98513984,2,0.028082083999069196,C
98513984,2,0.02967669243467841,C
98513984,2,0.040655280033627506,C
98513984,2,0.044479091374035495,C
98513984,2,0.02219493895159974,C
295371635,2,0.0,C
295371635,2,0.0,C
295371635,2,0.0,C
295371635,2,0.0,C
295371635,2,0.0,C
517457164,2,0.0014646039055015159,C
517457164,2,-0.0006437952317313034,C
517457164,2,-0.0027765956530428904,C
517457164,2,-0.003690434336713344,C
517457164,2,-0.0002496092097016289,C
553412256,2,0.00036027771244206974,C
553412256,2,-1.314658683271297e-05,C
553412256,2,0.0007207000350641923,C
553412256,2,0.0016524097961457818,C
553412256,2,0.00015558969758444618,C
571978829,2,0.000755501176870732,C
571978829,2,0.00048332349420676657,C
571978829,2,0.0013597157215285982,C
571978829,2,0.0012409851955250684,C
571978829,2,0.0014801756973780167,C
600629739,2,0.0004556785006691877,N
600629739,2,-0.002684858588867134,N
600629739,2,0.0007024140408498081,N
600629739,2,-0.0016664551578267073,N
600629739,2,-0.00034659600771902443,N
951226070,2,0.006312824114179882,C
951226070,2,0.00806571182967375,C
951226070,2,0.003965657819651858,C
951226070,2,0.014450126243574113,C
951226070,2,0.00417652357719045,C
994485099,2,0.03292022958716889,C
994485099,2,0.020533661349004806,C
994485099,2,0.008684136184375135,C
994485099,2,0.012387749826700767,C
994485099,2,0.01070696432821927,C
1054767590,2,0.005320346088258487,C
1054767590,2,0.0013913501517917037,C
1054767590,2,0.0030846457628275203,C
1054767590,2,0.0034680841437746412,C
1054767590,2,0.0038540476411834668,C
1100037548,2,0.0011603645166823329,N
1100037548,2,0.008675386105942984,N
1100037548,2,0.006943983782672913,N
1100037548,2,0.00019951636303061626,N
1100037548,2,0.0011107595664179293,N
1510328189,2,0.0016066238560650259,O
1510328189,2,0.0010406786009141689,O
1510328189,2,0.0023783477459738966,O
1510328189,2,0.0011613682888437227,O
1510328189,2,-0.00040778105166983103,O
1693331843,2,-0.0003395854652868957,N
1693331843,2,-0.00033061609501383593,N
1693331843,2,-8.913041090807816e-05,N
1693331843,2,-0.000315464923155262,N
1693331843,2,-0.0001993710646081004,N
1926716577,2,0.0,C
1926716577,2,0.0,C
1926716577,2,0.0,C
1926716577,2,0.0,C
1926716577,2,0.0,C
1965692378,2,0.0,N
1965692378,2,0.0,N
1965692378,2,0.0,N
1965692378,2,0.0,N
1965692378,2,0.0,N
2284773903,2,0.0019192205975053778,C
2284773903,2,0.0011651976517115248,C
2284773903,2,0.00016708901971640433,C
2284773903,2,0.0016615541111626442,C
2284773903,2,0.0013117853500256293,C
2370996728,2,0.0007282537567047109,C
2370996728,2,0.0005378182872756154,C
2370996728,2,0.0010312909224520217,C
2370996728,2,0.0004294083418646677,C
2370996728,2,0.00017878758074307832,C
2435680164,2,-0.0009695636930228124,N
2435680164,2,-0.0029421498302125704,N
2435680164,2,-0.0008260949246010618,N
2435680164,2,-0.0008708004533636293,N
2435680164,2,-0.0007578363830520463,N
3042542132,2,-0.0003823410887460188,N
3042542132,2,-0.0001688221861628758,N
3042542132,2,-0.0001287565967150739,N
3042542132,2,-0.00020135564528867,N
3042542132,2,0.00010124424652890873,N
3151378920,2,6.081752754083514e-05,C
3151378920,2,-0.0002947131558401761,C
3151378920,2,-0.00016665765446466363,C
3151378920,2,-7.027144501636773e-05,C
3151378920,2,-0.0008522767265910502,C
3594646603,2,-0.0009577597646014402,C
3594646603,2,-0.0008027915342297964,C
3594646603,2,-0.000877238947334047,C
3594646603,2,-0.0013885678116425382,C
3594646603,2,-0.0024533454241938424,C
3776905034,2,-0.0002614716509209414,C
3776905034,2,0.0007882627874210568,C
3776905034,2,-0.0002003214293405664,C
3776905034,2,-0.0006156190614157175,C
3776905034,2,0.0012308623568202393,C
3777168895,2,-0.00011315652409171761,C
3777168895,2,-0.00014694211517363165,C
3777168895,2,0.0002706600934259118,C
3777168895,2,0.0007500995815140632,C
3777168895,2,0.0006229188417375964,C
3824063894,2,0.0013572137478525814,C
3824063894,2,0.0009019906008096434,C
3824063894,2,0.00034020150989499953,C
3824063894,2,-4.342403681967255e-06,C
3824063894,2,-0.0003732865358644366,C
4041152544,2,0.0,F
4041152544,2,0.0,F
4041152544,2,0.0,F
4041152544,2,0.0,F
4041152544,2,0.0,F
4041573576,2,-0.002464370938182303,C
4041573576,2,-0.00015363246185973178,C
4041573576,2,-0.004595962635829731,C
4041573576,2,-0.0019290167731583763,C
4041573576,2,-0.00153710544802943,C
4282315164,2,0.00044276081929151,N
4282315164,2,0.0006542101110634801,N
4282315164,2,-0.000521592612570565,N
4282315164,2,0.0005756137262219463,N
4282315164,2,1.7148871383154685e-05,N
311123009,2,0.0,N
311123009,2,0.0,N
311123009,2,0.0,N
311123009,2,0.0,N
311123009,2,0.0,N
348407665,2,0.0,C
348407665,2,0.0,C
348407665,2,0.0,C
348407665,2,0.0,C
348407665,2,0.0,C
466968574,2,0.0,C
466968574,2,0.0,C
466968574,2,0.0,C
466968574,2,0.0,C
466968574,2,0.0,C
468580057,2,0.0,C
468580057,2,0.0,C
468580057,2,0.0,C
468580057,2,0.0,C
468580057,2,0.0,C
719981074,2,0.00021748972475565953,N
719981074,2,-2.8569208038509153e-05,N
719981074,2,4.2724809385163987e-05,N
719981074,2,0.00010738691498268782,N
719981074,2,-2.576089804662285e-05,N
1116934767,2,0.0,C
1116934767,2,0.0,C
1116934767,2,0.0,C
1116934767,2,0.0,C
1116934767,2,0.0,C
1207774339,2,4.660954855006949e-05,C
1207774339,2,5.122201565199713e-05,C
1207774339,2,0.00015243174063295228,C
1207774339,2,-0.00020802852241530445,C
1207774339,2,0.00011637354825055901,C
1255595680,2,-0.0014511587675078985,C
1255595680,2,-0.0006770934957603947,C
1255595680,2,-0.0034332102371840145,C
1255595680,2,-0.002211749465190316,C
1255595680,2,-0.002315690708580842,C
1311389685,2,0.0,N
1311389685,2,0.0,N
1311389685,2,0.0,N
1311389685,2,0.0,N
1311389685,2,0.0,N
1450006771,2,0.0,C
1450006771,2,0.0,C
1450006771,2,0.0,C
1450006771,2,0.0,C
1450006771,2,0.0,C
1469139952,2,0.0,C
1469139952,2,0.0,C
1469139952,2,0.0,C
1469139952,2,0.0,C
1469139952,2,0.0,C
2081695608,2,0.0,C
2081695608,2,0.0,C
2081695608,2,0.0,C
2081695608,2,0.0,C
2081695608,2,0.0,C
2509315187,2,0.0,N
2509315187,2,0.0,N
2509315187,2,0.0,N
2509315187,2,0.0,N
2509315187,2,0.0,N
2614860224,2,-0.0003165941399488892,C
2614860224,2,-0.0007764018232166991,C
2614860224,2,-0.0007759713517421218,C
2614860224,2,-0.00030797920088432296,C
2614860224,2,-0.00039598997193401875,C
2955372299,2,0.0,C
2955372299,2,0.0,C
2955372299,2,0.0,C
2955372299,2,0.0,C
2955372299,2,0.0,C
3053370223,2,-5.357396753735699e-05,C
3053370223,2,-1.7372164443085758e-05,C
3053370223,2,5.679605562991519e-05,C
3053370223,2,-5.101041788357907e-05,C
3053370223,2,9.966439592323795e-05,C
3108428435,2,0.0,C
3108428435,2,0.0,C
3108428435,2,0.0,C
3108428435,2,0.0,C
3108428435,2,0.0,C
3274190031,2,0.0,N
3274190031,2,0.0,N
3274190031,2,0.0,N
3274190031,2,0.0,N
3274190031,2,0.0,N
3329836627,2,0.0,N
3329836627,2,0.0,N
3329836627,2,0.0,N
3329836627,2,0.0,N
3329836627,2,0.0,N
3428161631,2,0.0,C
3428161631,2,0.0,C
3428161631,2,0.0,C
3428161631,2,0.0,C
3428161631,2,0.0,C
3594714330,2,0.0,N
3594714330,2,0.0,N
3594714330,2,0.0,N
3594714330,2,0.0,N
3594714330,2,0.0,N
3653021149,2,0.0,C
3653021149,2,0.0,C
3653021149,2,0.0,C
3653021149,2,0.0,C
3653021149,2,0.0,C
3667409787,2,0.0,C
3667409787,2,0.0,C
3667409787,2,0.0,C
3667409787,2,0.0,C
3667409787,2,0.0,C
3814690997,2,0.0,N
3814690997,2,0.0,N
3814690997,2,0.0,N
3814690997,2,0.0,N
3814690997,2,0.0,N
3999906991,2,0.03587095184092692,C
3999906991,2,0.03666106538165981,C
3999906991,2,0.026242835748437332,C
3999906991,2,0.027313386026641573,C
3999906991,2,0.022193944844752234,C
4210721535,2,0.0,C
4210721535,2,0.0,C
4210721535,2,0.0,C
4210721535,2,0.0,C
4210721535,2,0.0,C
4282148553,2,0.0,C
4282148553,2,0.0,C
4282148553,2,0.0,C
4282148553,2,0.0,C
4282148553,2,0.0,C
864662311,2,0.044271483135009615,O
864662311,2,0.025093410314939724,O
864662311,2,0.029756053152980133,O
864662311,2,0.03231280833257788,O
864662311,2,0.026669205372355287,O
864674487,2,0.0029741925581238116,O
864674487,2,0.012090829373178846,O
864674487,2,0.007556095523288953,O
864674487,2,0.006346581590387923,O
864674487,2,0.007537533060510859,O
2245273601,2,0.002563241272779182,C
2245273601,2,0.002048508258137738,C
2245273601,2,-0.0018499585465754365,C
2245273601,2,-0.0014886764374595352,C
2245273601,2,0.0018762331071077165,C
2245277810,2,-0.0016383431815070182,C
2245277810,2,-0.0011563528650120336,C
2245277810,2,-0.0005797046318014587,C
2245277810,2,-0.0016469671885699366,C
2245277810,2,-9.582975245059355e-05,C
2245384272,2,-0.0016318250196103445,C
2245384272,2,-0.0019660452039871323,C
2245384272,2,-0.0005873151329716109,C
2245384272,2,-0.0016979483166921217,C
2245384272,2,-8.990857486157466e-05,C
485458970,2,0.0,F
485458970,2,0.0,F
485458970,2,0.0,F
485458970,2,0.0,F
485458970,2,0.0,F
572760528,2,0.001240874076544829,C
572760528,2,0.0014180506862315756,C
572760528,2,0.0014574718599863479,C
572760528,2,0.0011531974918275179,C
572760528,2,0.002610073508231614,C
1101907775,2,0.005519592597083012,N
1101907775,2,0.009378407365637553,N
1101907775,2,0.012986675036740447,N
1101907775,2,0.005701621705070159,N
1101907775,2,0.0018624966266124199,N
1135286194,2,-0.0007063376398440679,C
1135286194,2,0.00033310454802903955,C
1135286194,2,0.00032328731342967654,C
1135286194,2,-0.0003289253209005638,C
1135286194,2,0.0006904460751047115,C
1542631284,2,0.0,O
1542631284,2,0.0,O
1542631284,2,0.0,O
1542631284,2,0.0,O
1542631284,2,0.0,O
1583009052,2,0.0,C
1583009052,2,0.0,C
1583009052,2,0.0,C
1583009052,2,0.0,C
1583009052,2,0.0,C
1790668568,2,-0.0010029025359019617,N
1790668568,2,-0.0008349513953918031,N
1790668568,2,-0.0014285799739787164,N
1790668568,2,-0.0002663223540294579,N
1790668568,2,-0.0018568210713026945,N
2115476908,2,0.0019848276515854746,O
2115476908,2,0.0029433470446742493,O
2115476908,2,0.0003225803726784049,O
2115476908,2,0.002037319027685336,O
2115476908,2,0.0007671626121715791,O
2257970297,2,0.0004135690218455279,C
2257970297,2,0.002221652652752315,C
2257970297,2,0.0008602819782367321,C
2257970297,2,-0.0003861496354892191,C
2257970297,2,0.0014176434023851492,C
2360741695,2,0.0071136622217978784,C
2360741695,2,0.012186113887318273,C
2360741695,2,0.011036510704231728,C
2360741695,2,0.01343468064341835,C
2360741695,2,0.012031954462749739,C
2530048747,2,-0.0003183791483997167,N
2530048747,2,-0.0003291834247207692,N
2530048747,2,-0.00022995941725800773,N
2530048747,2,-0.00040308653516396564,N
2530048747,2,-0.0004801345081509867,N
3182824521,2,-0.001222000061198214,C
3182824521,2,-0.0020659568506055104,C
3182824521,2,-0.0011510310908642296,C
3182824521,2,-0.0009715709863616917,C
3182824521,2,-0.002649173403651006,C
3297830269,2,0.0,C
3297830269,2,0.0,C
3297830269,2,0.0,C
3297830269,2,0.0,C
3297830269,2,0.0,C
3537123720,2,-0.0009585599084936947,C
3537123720,2,-0.0010456489086244636,C
3537123720,2,-0.0009903739899645991,C
3537123720,2,-0.0008127538960226444,C
3537123720,2,-0.000668164208422084,C
3542456614,2,0.001744743855222497,C
3542456614,2,0.0012371685521063158,C
3542456614,2,0.00479687072009527,C
3542456614,2,0.0027522517155089687,C
3542456614,2,0.0014562821852839303,C
3772302167,2,-0.00013951198815465027,C
3772302167,2,0.00025692119600984054,C
3772302167,2,-4.420822379935796e-05,C
3772302167,2,0.00048165688253076766,C
3772302167,2,-2.1621279312600272e-05,C
3847608821,2,0.0,C
3847608821,2,0.0,C
3847608821,2,0.0,C
3847608821,2,0.0,C
3847608821,2,0.0,C
3992738647,2,0.0,C
3992738647,2,0.0,C
3992738647,2,0.0,C
3992738647,2,0.0,C
3992738647,2,0.0,C
3994088662,2,-0.0003748829644382168,C
3994088662,2,6.301435714062276e-05,C
3994088662,2,0.0003818074036984198,C
3994088662,2,0.00024263936358426275,C
3994088662,2,-0.0002488697567678555,C
262046533,2,0.0,N
262046533,2,0.0,N
262046533,2,0.0,N
262046533,2,0.0,N
262046533,2,0.0,N
344019891,2,3.8579370895797105e-05,N
344019891,2,9.722163201286715e-05,N
344019891,2,-0.0002833158380476375,N
344019891,2,-0.00019742301731695555,N
344019891,2,0.0003140261585992121,N
384152397,2,0.0,C
384152397,2,0.0,C
384152397,2,0.0,C
384152397,2,0.0,C
384152397,2,0.0,C
425761239,2,0.0,C
425761239,2,0.0,C
425761239,2,0.0,C
425761239,2,0.0,C
425761239,2,0.0,C
450728941,2,0.0,C
450728941,2,0.0,C
450728941,2,0.0,C
450728941,2,0.0,C
450728941,2,0.0,C
1025696713,2,0.0,C
1025696713,2,0.0,C
1025696713,2,0.0,C
1025696713,2,0.0,C
1025696713,2,0.0,C
1169545996,2,0.0,C
1169545996,2,0.0,C
1169545996,2,0.0,C
1169545996,2,0.0,C
1169545996,2,0.0,C
1511206547,2,-0.0016041029585375233,C
1511206547,2,-0.0003243926620227766,C
1511206547,2,-0.0025493096702897677,C
1511206547,2,0.0029188681322459553,C
1511206547,2,-0.0019395831168129707,C
1586220957,2,0.0,N
1586220957,2,0.0,N
1586220957,2,0.0,N
1586220957,2,0.0,N
1586220957,2,0.0,N
1824749366,2,0.0,C
1824749366,2,0.0,C
1824749366,2,0.0,C
1824749366,2,0.0,C
1824749366,2,0.0,C
1870383208,2,0.0,C
1870383208,2,0.0,C
1870383208,2,0.0,C
1870383208,2,0.0,C
1870383208,2,0.0,C
1926335522,2,0.0,C
1926335522,2,0.0,C
1926335522,2,0.0,C
1926335522,2,0.0,C
1926335522,2,0.0,C
2022234070,2,0.0,N
2022234070,2,0.0,N
2022234070,2,0.0,N
2022234070,2,0.0,N
2022234070,2,0.0,N
2148447261,2,0.0,C
2148447261,2,0.0,C
2148447261,2,0.0,C
2148447261,2,0.0,C
2148447261,2,0.0,C
2149173445,2,0.0,C
2149173445,2,0.0,C
2149173445,2,0.0,C
2149173445,2,0.0,C
2149173445,2,0.0,C
2358351923,2,0.0,C
2358351923,2,0.0,C
2358351923,2,0.0,C
2358351923,2,0.0,C
2358351923,2,0.0,C
2457808095,2,0.0,C
2457808095,2,0.0,C
2457808095,2,0.0,C
2457808095,2,0.0,C
2457808095,2,0.0,C
2677858541,2,-0.00012943512469598684,C
2677858541,2,-7.091496132027864e-05,C
2677858541,2,-9.236497238718222e-05,C
2677858541,2,-0.00010371856637714227,C
2677858541,2,-0.00014539574966132562,C
3088822697,2,0.0,O
3088822697,2,0.0,O
3088822697,2,0.0,O
3088822697,2,0.0,O
3088822697,2,0.0,O
3196938764,2,0.0,C
3196938764,2,0.0,C
3196938764,2,0.0,C
3196938764,2,0.0,C
3196938764,2,0.0,C
3392629863,2,0.0,C
3392629863,2,0.0,C
3392629863,2,0.0,C
3392629863,2,0.0,C
3392629863,2,0.0,C
3692055567,2,0.0015891088795033648,C
3692055567,2,-0.0007508948267009874,C
3692055567,2,0.0006092372199180129,C
3692055567,2,-0.00026004016401315333,C
3692055567,2,0.003819128197221744,C
4217292029,2,0.0,C
4217292029,2,0.0,C
4217292029,2,0.0,C
4217292029,2,0.0,C
4217292029,2,0.0,C
848128881,2,0.004460684822347405,N
848128881,2,0.0015593857903272168,N
848128881,2,0.0010008559707347375,N
848128881,2,-0.0005157919983822534,N
848128881,2,-0.00021812909563978522,N
2132511834,2,0.002677628292628187,N
2132511834,2,-0.0021232558036080595,N
2132511834,2,0.006272348048264154,N
2132511834,2,0.0022219406424066612,N
2132511834,2,-9.836098788440495e-05,N
416356657,2,0.0092007582649547,C
416356657,2,0.009423952531297908,C
416356657,2,0.012965035458898044,C
416356657,2,0.014046671967743007,C
416356657,2,0.010874646033981139,C
460073430,2,0.0,C
460073430,2,0.0,C
460073430,2,0.0,C
460073430,2,0.0,C
460073430,2,0.0,C
1289643292,2,0.010217630504641972,N
1289643292,2,0.016772018958617463,N
1289643292,2,0.018729427968492085,N
1289643292,2,0.013942693714454002,N
1289643292,2,0.01068186310389907,N
1602567453,2,1.2133994379937008e-05,C
1602567453,2,-4.255273830633399e-06,C
1602567453,2,-2.162933665827982e-05,C
1602567453,2,1.6654494640722106e-05,C
1602567453,2,-4.309323559814615e-05,C
1637836422,2,0.00408966163036284,C
1637836422,2,0.003637044432779235,C
1637836422,2,0.001546761774177119,C
1637836422,2,0.004559349628916576,C
1637836422,2,0.003644084636782341,C
1795978025,2,0.003497938821556912,C
1795978025,2,0.0024727326930461535,C
1795978025,2,0.0019024670743074124,C
1795978025,2,0.0013287140361317729,C
1795978025,2,0.0019632001205154292,C
2117068077,2,0.005441839861461406,C
2117068077,2,0.004145722332677959,C
2117068077,2,0.001795684416640908,C
2117068077,2,0.0061306715856751515,C
2117068077,2,0.00582955732378676,C
2142032900,2,0.022067826977695493,C
2142032900,2,0.02163106630732503,C
2142032900,2,0.024221459764825926,C
2142032900,2,0.01985763628589088,C
2142032900,2,0.025343660869247886,C
2603759688,2,0.0,N
2603759688,2,0.0,N
2603759688,2,0.0,N
2603759688,2,0.0,N
2603759688,2,0.0,N
3337745083,2,0.0006345700082208694,F
3337745083,2,1.1754240532013682e-06,F
3337745083,2,4.33438875860892e-05,F
3337745083,2,-0.0006885970570842392,F
3337745083,2,-2.411173748728679e-05,F
3818546315,2,0.0012317738264474576,C
3818546315,2,0.002036988656130223,C
3818546315,2,0.0012986058375564768,C
3818546315,2,6.138430502711234e-05,C
3818546315,2,0.0004146072206606677,C
278784068,2,0.0,C
278784068,2,0.0,C
278784068,2,0.0,C
278784068,2,0.0,C
278784068,2,0.0,C
573641903,2,0.0,C
573641903,2,0.0,C
573641903,2,0.0,C
573641903,2,0.0,C
573641903,2,0.0,C
649517798,2,0.0,C
649517798,2,0.0,C
649517798,2,0.0,C
649517798,2,0.0,C
649517798,2,0.0,C
691557941,2,0.0,N
691557941,2,0.0,N
691557941,2,0.0,N
691557941,2,0.0,N
691557941,2,0.0,N
2059101240,2,0.0,C
2059101240,2,0.0,C
2059101240,2,0.0,C
2059101240,2,0.0,C
2059101240,2,0.0,C
2499140822,2,0.0,C
2499140822,2,0.0,C
2499140822,2,0.0,C
2499140822,2,0.0,C
2499140822,2,0.0,C
3227199106,2,0.0,N
3227199106,2,0.0,N
3227199106,2,0.0,N
3227199106,2,0.0,N
3227199106,2,0.0,N
3514909735,2,-9.605715770255596e-05,C
3514909735,2,-6.403644549057841e-05,C
3514909735,2,0.00019053285340719928,C
3514909735,2,-2.836444027987106e-06,C
3514909735,2,-0.00010913026746273147,C
3695853513,2,0.0,C
3695853513,2,0.0,C
3695853513,2,0.0,C
3695853513,2,0.0,C
3695853513,2,0.0,C
3738436850,2,0.0,C
3738436850,2,0.0,C
3738436850,2,0.0,C
3738436850,2,0.0,C
3738436850,2,0.0,C
3792822921,2,0.0,N
3792822921,2,0.0,N
3792822921,2,0.0,N
3792822921,2,0.0,N
3792822921,2,0.0,N
847957139,2,0.023304113416533934,N
847957139,2,0.01241790595048986,N
847957139,2,0.028321095883802938,N
847957139,2,0.013435804786242067,N
847957139,2,0.013135761165985471,N
1016841875,2,0.00017081277396557848,Cl
1016841875,2,0.0018340736659678836,Cl
1016841875,2,0.0017159624120066663,Cl
1016841875,2,0.002111214768154568,Cl
1016841875,2,0.00036680003363143143,Cl
434045476,2,0.0,O
434045476,2,0.0,O
434045476,2,0.0,O
434045476,2,0.0,O
434045476,2,0.0,O
1083852209,2,-0.00409543249212041,N
1083852209,2,-0.0038285933774966363,N
1083852209,2,-0.003020702973564715,N
1083852209,2,-0.0028612462875760025,N
1083852209,2,-0.0023490374405219505,N
1445852595,2,0.00024824254491562225,C
1445852595,2,8.915815762222667e-05,C
1445852595,2,-0.00047135904683348606,C
1445852595,2,0.00032493548678980133,C
1445852595,2,0.00030519745736556914,C
1533864325,2,0.021502460642299104,O
1533864325,2,0.014488723094088773,O
1533864325,2,0.013335041845898066,O
1533864325,2,0.029006000951897093,O
1533864325,2,0.01764642393118432,O
2246340824,2,-0.000806400586392586,C
2246340824,2,0.0050170551867784186,C
2246340824,2,0.0038415167921216353,C
2246340824,2,0.000726398022358743,C
2246340824,2,0.0026603722800604412,C
2353112200,2,0.006698887024680689,C
2353112200,2,0.006290996399772375,C
2353112200,2,0.009299823623846515,C
2353112200,2,0.008306121320558968,C
2353112200,2,0.006451384415490868,C
2442433719,2,0.0,C
2442433719,2,0.0,C
2442433719,2,0.0,C
2442433719,2,0.0,C
2442433719,2,0.0,C
3162837314,2,-0.002543900976059388,C
3162837314,2,-0.000637367839986025,C
3162837314,2,-0.0011268846094562024,C
3162837314,2,-0.0019448973469966546,C
3162837314,2,-0.001646935652365622,C
3452535345,2,-0.0007735769234156198,Cl
3452535345,2,0.001779300054105759,Cl
3452535345,2,0.000201442614425007,Cl
3452535345,2,0.0022682418220446587,Cl
3452535345,2,0.002790898559595245,Cl
3850856377,2,0.0,C
3850856377,2,0.0,C
3850856377,2,0.0,C
3850856377,2,0.0,C
3850856377,2,0.0,C
3982076256,2,0.006090765359679784,C
3982076256,2,0.005893062294623719,C
3982076256,2,0.0062161128090298945,C
3982076256,2,0.0031515009878300138,C
3982076256,2,0.003129452062879179,C
636971230,2,0.0002414408458184525,C
636971230,2,0.0005495950393220594,C
636971230,2,0.0005817852795507727,C
636971230,2,0.0006866447744524606,C
636971230,2,-0.00013397771265377667,C
669222828,2,0.0,C
669222828,2,0.0,C
669222828,2,0.0,C
669222828,2,0.0,C
669222828,2,0.0,C
1545280258,2,0.0,O
1545280258,2,0.0,O
1545280258,2,0.0,O
1545280258,2,0.0,O
1545280258,2,0.0,O
1733062447,2,0.0,C
1733062447,2,0.0,C
1733062447,2,0.0,C
1733062447,2,0.0,C
1733062447,2,0.0,C
1999971574,2,0.0,C
1999971574,2,0.0,C
1999971574,2,0.0,C
1999971574,2,0.0,C
1999971574,2,0.0,C
2256986338,2,0.0,C
2256986338,2,0.0,C
2256986338,2,0.0,C
2256986338,2,0.0,C
2256986338,2,0.0,C
2604440622,2,-0.0003931760446449495,C
2604440622,2,0.0001295485045748057,C
2604440622,2,0.00017645268205446207,C
2604440622,2,-0.0003321734585707281,C
2604440622,2,-0.00020688724173945072,C
2703868098,2,0.0,N
2703868098,2,0.0,N
2703868098,2,0.0,N
2703868098,2,0.0,N
2703868098,2,0.0,N
2810558781,2,0.0,C
2810558781,2,0.0,C
2810558781,2,0.0,C
2810558781,2,0.0,C
2810558781,2,0.0,C
2916595165,2,0.0,C
2916595165,2,0.0,C
2916595165,2,0.0,C
2916595165,2,0.0,C
2916595165,2,0.0,C
2944555726,2,0.0012482286479089666,C
2944555726,2,0.0029881860804547022,C
2944555726,2,0.0032884210257209112,C
2944555726,2,0.0001566168457844963,C
2944555726,2,0.00031722934891342813,C
2987687375,2,0.0,C
2987687375,2,0.0,C
2987687375,2,0.0,C
2987687375,2,0.0,C
2987687375,2,0.0,C
3848534832,2,-0.0003009809831581167,C
3848534832,2,0.0014561431833159943,C
3848534832,2,0.0005684963723799896,C
3848534832,2,0.00035867804248734814,C
3848534832,2,-0.0001526315695090652,C
3981351246,2,0.0,C
3981351246,2,0.0,C
3981351246,2,0.0,C
3981351246,2,0.0,C
3981351246,2,0.0,C
4143286053,2,0.0,C
4143286053,2,0.0,C
4143286053,2,0.0,C
4143286053,2,0.0,C
4143286053,2,0.0,C
4216335232,2,0.008868310574065674,C
4216335232,2,0.005174711632407347,C
4216335232,2,0.008699147187945178,C
4216335232,2,0.012587067939412666,C
4216335232,2,0.005183602825038602,C
485463469,2,2.8074211985029685e-05,F
485463469,2,-0.000291810164601225,F
485463469,2,-0.0004339014372815031,F
485463469,2,1.1227498071808562e-05,F
485463469,2,-1.3377995694563438e-05,F
1312131881,2,0.001165513154020914,C
1312131881,2,0.00170745190767152,C
1312131881,2,0.0009778105790889668,C
1312131881,2,0.0001497578650330178,C
1312131881,2,0.0005359656734356122,C
1979131117,2,0.0,C
1979131117,2,0.0,C
1979131117,2,0.0,C
1979131117,2,0.0,C
1979131117,2,0.0,C
2459558207,2,-0.0015983117145556003,C
2459558207,2,-0.0014652379580943897,C
2459558207,2,-0.00033184784918005583,C
2459558207,2,-0.0013719858505317761,C
2459558207,2,-0.0009381332514627472,C
3909974435,2,2.6267803001300827e-05,C
3909974435,2,2.6267803001300827e-05,C
3909974435,2,2.6267803001300827e-05,C
3909974435,2,2.6267803001300827e-05,C
3909974435,2,2.6267803001300827e-05,C
304550229,2,0.0,N
304550229,2,0.0,N
304550229,2,0.0,N
304550229,2,0.0,N
304550229,2,0.0,N
515013889,2,0.0,C
515013889,2,0.0,C
515013889,2,0.0,C
515013889,2,0.0,C
515013889,2,0.0,C
2376477245,2,0.0,C
2376477245,2,0.0,C
2376477245,2,0.0,C
2376477245,2,0.0,C
2376477245,2,0.0,C
2805850412,2,0.0,C
2805850412,2,0.0,C
2805850412,2,0.0,C
2805850412,2,0.0,C
2805850412,2,0.0,C
2830400721,2,0.0,C
2830400721,2,0.0,C
2830400721,2,0.0,C
2830400721,2,0.0,C
2830400721,2,0.0,C
3313841562,2,0.0,C
3313841562,2,0.0,C
3313841562,2,0.0,C
3313841562,2,0.0,C
3313841562,2,0.0,C
3886135871,2,0.0,C
3886135871,2,0.0,C
3886135871,2,0.0,C
3886135871,2,0.0,C
3886135871,2,0.0,C
4231742335,2,0.0,C
4231742335,2,0.0,C
4231742335,2,0.0,C
4231742335,2,0.0,C
4231742335,2,0.0,C
781912670,2,0.0,C
781912670,2,0.0,C
781912670,2,0.0,C
781912670,2,0.0,C
781912670,2,0.0,C
1369588494,2,0.0,N
1369588494,2,0.0,N
1369588494,2,0.0,N
1369588494,2,0.0,N
1369588494,2,0.0,N
1542633699,2,0.0,O
1542633699,2,0.0,O
1542633699,2,0.0,O
1542633699,2,0.0,O
1542633699,2,0.0,O
1674219510,2,0.0,C
1674219510,2,0.0,C
1674219510,2,0.0,C
1674219510,2,0.0,C
1674219510,2,0.0,C
2635303940,2,-0.0002818167105210767,C
2635303940,2,-0.00034585577424040004,C
2635303940,2,-0.00038740110742940814,C
2635303940,2,-0.0003093741352450108,C
2635303940,2,-0.00034035734283588415,C
3537119515,2,0.002499295336332308,C
3537119515,2,0.0012544200237312175,C
3537119515,2,0.000947117452464008,C
3537119515,2,0.0019954815850206087,C
3537119515,2,0.0013074795160405994,C
3983062349,2,0.0009724000075087558,C
3983062349,2,0.004112550193820397,C
3983062349,2,0.0015517471083511536,C
3983062349,2,0.004579629562373233,C
3983062349,2,0.001534140373174786,C
4003049590,2,0.0,C
4003049590,2,0.0,C
4003049590,2,0.0,C
4003049590,2,0.0,C
4003049590,2,0.0,C
711358894,2,0.0,C
711358894,2,0.0,C
711358894,2,0.0,C
711358894,2,0.0,C
711358894,2,0.0,C
1313967653,2,-0.0001484121283182871,C
1313967653,2,-0.00021104380520997612,C
1313967653,2,4.20535781255893e-05,C
1313967653,2,-9.342791154820507e-05,C
1313967653,2,-0.00028000425060781264,C
1568268146,2,0.0,C
1568268146,2,0.0,C
1568268146,2,0.0,C
1568268146,2,0.0,C
1568268146,2,0.0,C
1696659438,2,0.0,C
1696659438,2,0.0,C
1696659438,2,0.0,C
1696659438,2,0.0,C
1696659438,2,0.0,C
1896049752,2,0.0,C
1896049752,2,0.0,C
1896049752,2,0.0,C
1896049752,2,0.0,C
1896049752,2,0.0,C
2014543234,2,-2.4489872463395734e-05,C
2014543234,2,-0.00017260602391044877,C
2014543234,2,-0.0001581003194189856,C
2014543234,2,-3.1876161147081916e-05,C
2014543234,2,3.208451859437744e-05,C
2579153554,2,0.0,C
2579153554,2,0.0,C
2579153554,2,0.0,C
2579153554,2,0.0,C
2579153554,2,0.0,C
3181446473,2,0.0,O
3181446473,2,0.0,O
3181446473,2,0.0,O
3181446473,2,0.0,O
3181446473,2,0.0,O
3685257385,2,0.0,C
3685257385,2,0.0,C
3685257385,2,0.0,C
3685257385,2,0.0,C
3685257385,2,0.0,C
3757038672,2,0.002768086503691203,C
3757038672,2,0.0025882842574107556,C
3757038672,2,0.0021509276223695695,C
3757038672,2,0.0030323528318694226,C
3757038672,2,0.003239993123242968,C
3976623167,2,0.000803196167709852,C
3976623167,2,0.001106523103916457,C
3976623167,2,0.0007675401742546217,C
3976623167,2,0.0017053965132552973,C
3976623167,2,0.0010384150572598783,C
3993796134,2,0.0,N
3993796134,2,0.0,N
3993796134,2,0.0,N
3993796134,2,0.0,N
3993796134,2,0.0,N
999334238,2,-0.0005134209922167399,S
999334238,2,0.00036190122184098783,S
999334238,2,-0.0028104815586090792,S
999334238,2,0.0007294033232858599,S
999334238,2,-3.387909965824054e-05,S
3624155,2,0.010803900748106665,C
3624155,2,0.008485179774217033,C
3624155,2,0.012728929364527408,C
3624155,2,0.006959429176439436,C
3624155,2,0.010955193128471707,C
288315894,2,0.0001072822740567636,S
288315894,2,0.001290054677030028,S
288315894,2,-0.002064764959128551,S
288315894,2,0.0003465550179415633,S
288315894,2,0.000437954505692284,S
623728226,2,0.0019322322347478105,C
623728226,2,-0.0020553426966207766,C
623728226,2,0.0021633638328585336,C
623728226,2,0.0019568040763221495,C
623728226,2,0.004399415348577573,C
717512901,2,-0.0014342351848206647,N
717512901,2,-0.0006916109352296251,N
717512901,2,-0.0005041642427580095,N
717512901,2,0.0022004858907782587,N
717512901,2,-0.0013339679860031595,N
787069595,2,-0.0011888088259128793,C
787069595,2,0.0020911062554151982,C
787069595,2,0.0023306653857134707,C
787069595,2,0.0043248816922463185,C
787069595,2,0.0006623732737215393,C
2076190208,2,-0.0018542547249420505,O
2076190208,2,-0.0015239302510278163,O
2076190208,2,-0.0013417728824743902,O
2076190208,2,-0.002623876309245987,O
2076190208,2,-0.0006262278904350937,O
2200148275,2,0.0,N
2200148275,2,0.0,N
2200148275,2,0.0,N
2200148275,2,0.0,N
2200148275,2,0.0,N
2223687999,2,-0.00010636074239556148,C
2223687999,2,-0.00032031785985631167,C
2223687999,2,-0.0018216824435391965,C
2223687999,2,-0.0012869068924964422,C
2223687999,2,0.0004733254065842907,C
2228063684,2,-0.0004948596892369039,O
2228063684,2,0.0001255704528757562,O
2228063684,2,-0.00253656492666654,O
2228063684,2,-0.00022950597546822493,O
2228063684,2,0.0008512451154344403,O
2309124039,2,0.0018056437877376208,C
2309124039,2,0.0023113218610464337,C
2309124039,2,0.0014751708764034754,C
2309124039,2,9.363324093847325e-06,C
2309124039,2,0.000681474564180995,C
2447826885,2,-7.271249026385984e-05,C
2447826885,2,0.00013352109553488312,C
2447826885,2,0.001383399137612984,C
2447826885,2,-0.0009578400430396705,C
2447826885,2,0.00039474816845752603,C
3975275337,2,-0.0011116846253218515,C
3975275337,2,0.001136684316194625,C
3975275337,2,-0.0014542618087034498,C
3975275337,2,0.0006311213688671158,C
3975275337,2,-0.0013562110020599594,C
4121755354,2,0.004592621444503675,C
4121755354,2,0.0038133084780253013,C
4121755354,2,-0.006047560227207871,C
4121755354,2,0.001970335005650692,C
4121755354,2,0.003949121982040338,C
97370940,2,-4.2000960855603786e-05,C
97370940,2,-0.00015335656253145924,C
97370940,2,-3.4087903775348316e-05,C
97370940,2,-0.0002250538429984239,C
97370940,2,-0.0003030597354165554,C
109296634,2,0.0,N
109296634,2,0.0,N
109296634,2,0.0,N
109296634,2,0.0,N
109296634,2,0.0,N
171200514,2,0.004667934081169056,C
171200514,2,0.008194456015871654,C
171200514,2,0.009563969228817415,C
171200514,2,0.008849483629332133,C
171200514,2,0.002284771461868118,C
237615532,2,-4.5523013883719265e-05,C
237615532,2,9.363429833397774e-05,C
237615532,2,0.00016143828814441097,C
237615532,2,0.00016682775298870745,C
237615532,2,5.23212832895803e-05,C
294799712,2,0.0,C
294799712,2,0.0,C
294799712,2,0.0,C
294799712,2,0.0,C
294799712,2,0.0,C
564807139,2,-0.0005227026242207167,C
564807139,2,-0.00023382747644995483,C
564807139,2,8.562793588007267e-05,C
564807139,2,0.00012835245252840188,C
564807139,2,-6.83274387571764e-05,C
589930590,2,-0.00041961308786253593,C
589930590,2,8.550835806542256e-05,C
589930590,2,-0.0015654248889080957,C
589930590,2,5.9854991586005823e-05,C
589930590,2,-0.0003773062445717734,C
932712697,2,-0.0007552289052953354,O
932712697,2,-3.7954159577191504e-05,O
932712697,2,-0.0009107066580047452,O
932712697,2,0.0009730969356241959,O
932712697,2,7.752347789447e-05,O
1429883190,2,0.0014884392951461933,C
1429883190,2,0.009669816993002844,C
1429883190,2,-0.0039442477329163506,C
1429883190,2,0.003317969962900902,C
1429883190,2,0.0021433278670726086,C
1446204275,2,0.0,C
1446204275,2,0.0,C
1446204275,2,0.0,C
1446204275,2,0.0,C
1446204275,2,0.0,C
1714595447,2,-9.527837086376056e-05,C
1714595447,2,-6.901232662681611e-05,C
1714595447,2,-8.497624643211132e-05,C
1714595447,2,-8.400872096137046e-05,C
1714595447,2,-0.0001437761800814341,C
1751335243,2,0.0,S
1751335243,2,0.0,S
1751335243,2,0.0,S
1751335243,2,0.0,S
1751335243,2,0.0,S
1912641094,2,0.0,N
1912641094,2,0.0,N
1912641094,2,0.0,N
1912641094,2,0.0,N
1912641094,2,0.0,N
2594220197,2,-0.003570522590365388,C
2594220197,2,-0.0016285082778388915,C
2594220197,2,-0.0024541448222455964,C
2594220197,2,-0.0019999967331015833,C
2594220197,2,-0.002377817801930804,C
2734391750,2,0.0,C
2734391750,2,0.0,C
2734391750,2,0.0,C
2734391750,2,0.0,C
2734391750,2,0.0,C
2832976762,2,0.0029121602333297414,C
2832976762,2,0.006653699296792492,C
2832976762,2,0.0051574996516196014,C
2832976762,2,0.0023398832609053954,C
2832976762,2,0.0033065943682326626,C
2843970853,2,-0.00013108014845619742,C
2843970853,2,-8.908805251539587e-05,C
2843970853,2,-0.00011036736812608527,C
2843970853,2,-1.5567444607289538e-05,C
2843970853,2,-4.995947468322548e-05,C
3120784405,2,-0.001064022702390477,C
3120784405,2,-0.0005761851623415915,C
3120784405,2,-0.0013809525138265277,C
3120784405,2,-0.0015271957940338199,C
3120784405,2,-0.0007134337738984309,C
3263463138,2,0.0,C
3263463138,2,0.0,C
3263463138,2,0.0,C
3263463138,2,0.0,C
3263463138,2,0.0,C
3305781483,2,0.0,C
3305781483,2,0.0,C
3305781483,2,0.0,C
3305781483,2,0.0,C
3305781483,2,0.0,C
3884454603,2,-0.0001475785745792546,C
3884454603,2,-0.00018912965233464085,C
3884454603,2,-0.0002938006863287823,C
3884454603,2,-0.000306119112201797,C
3884454603,2,-4.268015412667303e-05,C
4257302536,2,0.00024664469265323063,N
4257302536,2,0.00012516756265357198,N
4257302536,2,1.5459206297419037e-05,N
4257302536,2,-8.707298224108762e-05,N
4257302536,2,-4.884672790261835e-05,N
2246703798,2,-0.0016772839374684656,C
2246703798,2,0.0021987140831460916,C
2246703798,2,0.0031158903228024615,C
2246703798,2,0.0018395075704007446,C
2246703798,2,0.003226800374720118,C
2246997334,2,0.0,C
2246997334,2,0.0,C
2246997334,2,0.0,C
2246997334,2,0.0,C
2246997334,2,0.0,C
36538691,2,-0.0001452799036453234,C
36538691,2,0.00020283763632311658,C
36538691,2,-0.00020113249340769634,C
36538691,2,-5.9072045278663055e-05,C
36538691,2,-7.929533002970501e-05,C
435232729,2,-0.004386353241446095,N
435232729,2,-0.0007293010849134252,N
435232729,2,-0.003093255649045279,N
435232729,2,0.0012869306510709944,N
435232729,2,-0.002251531501052728,N
723026879,2,0.0,C
723026879,2,0.0,C
723026879,2,0.0,C
723026879,2,0.0,C
723026879,2,0.0,C
725322217,2,-0.0012003410665122338,C
725322217,2,0.0009710955818004186,C
725322217,2,-0.0018593996131018864,C
725322217,2,-0.0008049902252408314,C
725322217,2,0.0002767873550082456,C
741451336,2,0.0,N
741451336,2,0.0,N
741451336,2,0.0,N
741451336,2,0.0,N
741451336,2,0.0,N
2459741777,2,0.0006539314699197663,O
2459741777,2,0.00023225065930743138,O
2459741777,2,0.00012728177434429,O
2459741777,2,0.00023221941364037768,O
2459741777,2,0.000508045487047637,O
2463614838,2,-0.00021918574996093731,C
2463614838,2,5.296559395429057e-05,C
2463614838,2,0.0012038213898701855,C
2463614838,2,-0.00017107431886942415,C
2463614838,2,0.00015059129169159302,C
2803848648,2,0.0009432850492626654,C
2803848648,2,0.0005207349400809802,C
2803848648,2,0.001026638248219025,C
2803848648,2,0.0029397613887856,C
2803848648,2,0.0016483531681431574,C
2811394787,2,-0.0008050564198924803,C
2811394787,2,-0.001116856478227568,C
2811394787,2,-0.002124895752093292,C
2811394787,2,-0.00214566172178543,C
2811394787,2,-0.0019102053028774435,C
2858133368,2,0.0,C
2858133368,2,0.0,C
2858133368,2,0.0,C
2858133368,2,0.0,C
2858133368,2,0.0,C
3696402029,2,0.0,C
3696402029,2,0.0,C
3696402029,2,0.0,C
3696402029,2,0.0,C
3696402029,2,0.0,C
3981762496,2,0.00024354528351300253,C
3981762496,2,-1.4308036304755412e-05,C
3981762496,2,-0.00015863262080728635,C
3981762496,2,0.0002102817980877969,C
3981762496,2,8.979472942316491e-06,C
174629429,2,0.0,C
174629429,2,0.0,C
174629429,2,0.0,C
174629429,2,0.0,C
174629429,2,0.0,C
659845977,2,0.0,N
659845977,2,0.0,N
659845977,2,0.0,N
659845977,2,0.0,N
659845977,2,0.0,N
668520641,2,0.0001064840257967159,C
668520641,2,8.211073388841861e-05,C
668520641,2,0.0001064840257967159,C
668520641,2,0.00017226833177219625,C
668520641,2,0.0001064840257967159,C
857468449,2,0.0,N
857468449,2,0.0,N
857468449,2,0.0,N
857468449,2,0.0,N
857468449,2,0.0,N
974827889,2,0.0011839667719574232,C
974827889,2,0.0006755427878942788,C
974827889,2,0.00158175988072784,C
974827889,2,0.00045584753294047875,C
974827889,2,0.0015275595328075875,C
1214060489,2,0.0,C
1214060489,2,0.0,C
1214060489,2,0.0,C
1214060489,2,0.0,C
1214060489,2,0.0,C
1807808053,2,0.0,C
1807808053,2,0.0,C
1807808053,2,0.0,C
1807808053,2,0.0,C
1807808053,2,0.0,C
2000644822,2,0.0,C
2000644822,2,0.0,C
2000644822,2,0.0,C
2000644822,2,0.0,C
2000644822,2,0.0,C
2064813323,2,0.0,C
2064813323,2,0.0,C
2064813323,2,0.0,C
2064813323,2,0.0,C
2064813323,2,0.0,C
2068878394,2,0.0,C
2068878394,2,0.0,C
2068878394,2,0.0,C
2068878394,2,0.0,C
2068878394,2,0.0,C
2154777022,2,0.0012437138817612547,C
2154777022,2,0.000726530691547489,C
2154777022,2,2.348930813877992e-05,C
2154777022,2,0.0007064452982278313,C
2154777022,2,0.0010008848933347192,C
2300762321,2,0.00029179319973005047,N
2300762321,2,0.00018074057372063912,N
2300762321,2,0.000332343116051681,N
2300762321,2,0.0004119466802487981,N
2300762321,2,-0.00013791361667803148,N
2763854213,2,0.0067624842215248115,C
2763854213,2,0.006485684706308392,C
2763854213,2,-0.0013858894769122054,C
2763854213,2,0.0044529861444294605,C
2763854213,2,0.00254332856970918,C
3230769595,2,0.0,C
3230769595,2,0.0,C
3230769595,2,0.0,C
3230769595,2,0.0,C
3230769595,2,0.0,C
3254171083,2,0.0,C
3254171083,2,0.0,C
3254171083,2,0.0,C
3254171083,2,0.0,C
3254171083,2,0.0,C
3345491492,2,0.0,N
3345491492,2,0.0,N
3345491492,2,0.0,N
3345491492,2,0.0,N
3345491492,2,0.0,N
3372254436,2,0.0,O
3372254436,2,0.0,O
3372254436,2,0.0,O
3372254436,2,0.0,O
3372254436,2,0.0,O
3432195425,2,0.0,N
3432195425,2,0.0,N
3432195425,2,0.0,N
3432195425,2,0.0,N
3432195425,2,0.0,N
3598064087,2,-0.0005316146688287837,C
3598064087,2,-0.00012066492787032868,C
3598064087,2,-0.000638596833457683,C
3598064087,2,0.00011704679318391698,C
3598064087,2,-0.00027662768531022675,C
3750444818,2,0.001043108270788795,C
3750444818,2,0.0005246113864219026,C
3750444818,2,0.0016348288484610007,C
3750444818,2,0.0009802508828000711,C
3750444818,2,0.0010753887404482132,C
3869083168,2,0.0,C
3869083168,2,0.0,C
3869083168,2,0.0,C
3869083168,2,0.0,C
3869083168,2,0.0,C
4256524850,2,0.00014720754292718574,C
4256524850,2,-0.001964116150366957,C
4256524850,2,-0.000561230718991057,C
4256524850,2,-0.001599082923830597,C
4256524850,2,0.00022238299722765476,C
458195553,2,0.0,N
458195553,2,0.0,N
458195553,2,0.0,N
458195553,2,0.0,N
458195553,2,0.0,N
694069322,2,-0.00020574562120634354,N
694069322,2,-0.0009731158526106176,N
694069322,2,-0.001954960082828694,N
694069322,2,-0.0009695854538878113,N
694069322,2,-0.0012760604892652072,N
1362518133,2,-0.00018943778466640193,N
1362518133,2,-0.00018943778466640193,N
1362518133,2,-0.00018943778466640193,N
1362518133,2,-0.00018943778466640193,N
1362518133,2,-0.00026058266652251305,N
2720313463,2,0.002637325652313227,C
2720313463,2,0.002168655919875029,C
2720313463,2,0.0007438901380387719,C
2720313463,2,0.000651681356879874,C
2720313463,2,0.001008223796418628,C
3315826729,2,0.0006165763052352613,C
3315826729,2,0.002346075378471535,C
3315826729,2,-0.0010505556286740658,C
3315826729,2,-0.000596779255747415,C
3315826729,2,-0.0003835263876854622,C
3596485316,2,0.00044106796643028634,C
3596485316,2,0.0004626210216618354,C
3596485316,2,0.000719329040101524,C
3596485316,2,0.000937721234487654,C
3596485316,2,0.0006157461791629348,C
3918336191,2,-0.0008619334014215996,C
3918336191,2,-0.0014646100216266777,C
3918336191,2,-0.0026349110680754517,C
3918336191,2,0.00020262569414841725,C
3918336191,2,-0.002070105738723682,C
3995043796,2,0.0005146438807168696,C
3995043796,2,6.125435948178826e-05,C
3995043796,2,0.0005801182218748702,C
3995043796,2,0.000969432836172901,C
3995043796,2,0.0007430993102147676,C
4164236649,2,0.0021028257738394673,C
4164236649,2,-7.135773026634151e-05,C
4164236649,2,0.0003417735559030355,C
4164236649,2,0.002960784977594999,C
4164236649,2,0.0006362814796826433,C
217962118,2,0.0,C
217962118,2,0.0,C
217962118,2,0.0,C
217962118,2,0.0,C
217962118,2,0.0,C
521507416,2,0.0,C
521507416,2,0.0,C
521507416,2,0.0,C
521507416,2,0.0,C
521507416,2,0.0,C
797194079,2,0.0,O
797194079,2,0.0,O
797194079,2,4.441399535382029e-05,O
797194079,2,0.0,O
797194079,2,0.0,O
856123584,2,0.0,C
856123584,2,0.0,C
856123584,2,0.0,C
856123584,2,0.0,C
856123584,2,0.0,C
885026269,2,-0.0006126633175859153,C
885026269,2,-0.0009333459838878344,C
885026269,2,-0.0006281817528880351,C
885026269,2,-0.0007655955531041814,C
885026269,2,-0.00021454576618640253,C
895118200,2,0.0,N
895118200,2,0.0,N
895118200,2,0.0,N
895118200,2,0.0,N
895118200,2,0.0,N
1442940596,2,0.0,N
1442940596,2,0.0,N
1442940596,2,0.0,N
1442940596,2,0.0,N
1442940596,2,0.0,N
1444177117,2,0.0,C
1444177117,2,0.0,C
1444177117,2,0.0,C
1444177117,2,0.0,C
1444177117,2,0.0,C
1728247164,2,0.0,C
1728247164,2,0.0,C
1728247164,2,0.0,C
1728247164,2,0.0,C
1728247164,2,0.0,C
1819912581,2,-0.00025269547910666823,C
1819912581,2,-0.00026770958591937344,C
1819912581,2,-0.0004627029417847428,C
1819912581,2,-0.0004885607930695812,C
1819912581,2,-0.00030810401312220126,C
2146359984,2,0.0,C
2146359984,2,0.0,C
2146359984,2,0.0,C
2146359984,2,0.0,C
2146359984,2,0.0,C
2386884508,2,0.0,C
2386884508,2,0.0,C
2386884508,2,0.0,C
2386884508,2,0.0,C
2386884508,2,0.0,C
2560252747,2,-0.00030196668570847685,C
2560252747,2,-0.0005293351528325996,C
2560252747,2,-6.972835675556066e-05,C
2560252747,2,-0.00014941234830390115,C
2560252747,2,-0.00013794005054423852,C
2798699798,2,0.0,C
2798699798,2,0.0,C
2798699798,2,0.0,C
2798699798,2,0.0,C
2798699798,2,0.0,C
2931878080,2,-4.6757461784174836e-05,C
2931878080,2,-5.0404222055711045e-05,C
2931878080,2,-4.6757461784174836e-05,C
2931878080,2,-4.6757461784174836e-05,C
2931878080,2,-4.6757461784174836e-05,C
2984966880,2,0.007263860417178414,C
2984966880,2,0.004006083152587547,C
2984966880,2,0.0037013302196122755,C
2984966880,2,0.005613053268886503,C
2984966880,2,0.00048426952957170144,C
3037937276,2,0.0,C
3037937276,2,0.0,C
3037937276,2,0.0,C
3037937276,2,0.0,C
3037937276,2,0.0,C
3248686995,2,0.0014821869318463188,C
3248686995,2,0.0018810793690060557,C
3248686995,2,0.0007108224646041883,C
3248686995,2,0.0010815912970634223,C
3248686995,2,0.00016101102694521252,C
3276799575,2,0.0,N
3276799575,2,0.0,N
3276799575,2,0.0,N
3276799575,2,0.0,N
3276799575,2,0.0,N
3280857178,2,0.0,N
3280857178,2,0.0,N
3280857178,2,0.0,N
3280857178,2,0.0,N
3280857178,2,0.0,N
3289231689,2,2.3215585884583945e-05,C
3289231689,2,-3.813876799607652e-05,C
3289231689,2,6.332621691551577e-05,C
3289231689,2,-3.071857591074867e-05,C
3289231689,2,2.3215585884583945e-05,C
3617179377,2,0.0,C
3617179377,2,0.0,C
3617179377,2,0.0,C
3617179377,2,0.0,C
3617179377,2,0.0,C
3726546016,2,0.0,N
3726546016,2,0.0,N
3726546016,2,0.0,N
3726546016,2,0.0,N
3726546016,2,0.0,N
3733987795,2,0.0,C
3733987795,2,0.0,C
3733987795,2,0.0,C
3733987795,2,0.0,C
3733987795,2,0.0,C
4210576319,2,0.0,N
4210576319,2,0.0,N
4210576319,2,0.0,N
4210576319,2,0.0,N
4210576319,2,0.0,N
4261830945,2,0.0013096730585671068,C
4261830945,2,0.0011407028837767674,C
4261830945,2,0.003322970832022043,C
4261830945,2,0.002362287571946675,C
4261830945,2,0.0011615796169756054,C
847433064,2,-0.0016266784166302228,N
847433064,2,-0.001494345410652187,N
847433064,2,-0.0014705533348947641,N
847433064,2,-0.0021830274945930928,N
847433064,2,-0.0014970084998594535,N
2245900962,2,-0.0011139303637135445,C
2245900962,2,-9.565406795353226e-05,C
2245900962,2,-0.0007437106031171759,C
2245900962,2,0.00015358573866752767,C
2245900962,2,4.1223880361540566e-05,C
2976816164,2,0.001375818646391802,C
2976816164,2,-0.0010130227526767843,C
2976816164,2,0.0001209340181221874,C
2976816164,2,-0.0002377097933561334,C
2976816164,2,-0.00442430334777888,C
141882433,2,0.002365877630042146,C
141882433,2,0.0008359602502986396,C
141882433,2,0.00013637321002968328,C
141882433,2,0.0010630189377032195,C
141882433,2,0.002821683038989886,C
1036770003,2,0.0,N
1036770003,2,0.0,N
1036770003,2,0.0,N
1036770003,2,0.0,N
1036770003,2,0.0,N
1782291908,2,0.0,C
1782291908,2,0.0,C
1782291908,2,0.0,C
1782291908,2,0.0,C
1782291908,2,0.0,C
2297887526,2,0.0003834615909893424,N
2297887526,2,8.309382211579841e-05,N
2297887526,2,0.0005070613507344168,N
2297887526,2,0.0002590454453389457,N
2297887526,2,2.2515409007217713e-06,N
2355446912,2,0.0,C
2355446912,2,0.0,C
2355446912,2,0.0,C
2355446912,2,0.0,C
2355446912,2,0.0,C
2434373675,2,-0.00017209554337871413,N
2434373675,2,-0.0013991468357810177,N
2434373675,2,-9.62909978151627e-05,N
2434373675,2,-0.0024250083323744676,N
2434373675,2,-0.0008722978513288071,N
2551483158,2,-0.0017074979947395708,N
2551483158,2,-0.0019030413849836503,N
2551483158,2,-0.0012410841909815673,N
2551483158,2,-0.002486249209249891,N
2551483158,2,-0.0021763710446242035,N
2753863138,2,-3.119956813546487e-05,C
2753863138,2,3.787527299736748e-05,C
2753863138,2,-3.119956813546487e-05,C
2753863138,2,-3.111771152886078e-05,C
2753863138,2,-1.589907028987092e-05,C
2762211251,2,0.0,S
2762211251,2,0.0,S
2762211251,2,0.0,S
2762211251,2,0.0,S
2762211251,2,0.0,S
2810604122,2,-0.003505330968747278,C
2810604122,2,-0.002391903599430645,C
2810604122,2,-0.004008494092576642,C
2810604122,2,-0.0026335738146422427,C
2810604122,2,-0.0029974461511106387,C
3324153899,2,0.0,C
3324153899,2,0.0,C
3324153899,2,0.0,C
3324153899,2,0.0,C
3324153899,2,0.0,C
3461773897,2,-0.0013766702502455708,N
3461773897,2,0.0003859969815097619,N
3461773897,2,-0.0017903788599457071,N
3461773897,2,-0.0007589199209071529,N
3461773897,2,8.910201964273945e-05,N
3623693988,2,0.0,C
3623693988,2,0.0,C
3623693988,2,0.0,C
3623693988,2,0.0,C
3623693988,2,0.0,C
32728066,2,0.0,C
32728066,2,0.0,C
32728066,2,0.0,C
32728066,2,0.0,C
32728066,2,0.0,C
269963113,2,-4.645220041799014e-05,C
269963113,2,0.0001101658018011209,C
269963113,2,0.00016471820672614434,C
269963113,2,-7.489854992082101e-05,C
269963113,2,-6.700327799469274e-05,C
753666527,2,0.0,N
753666527,2,0.0,N
753666527,2,0.0,N
753666527,2,0.0,N
753666527,2,0.0,N
1263243849,2,0.0,C
1263243849,2,0.0,C
1263243849,2,0.0,C
1263243849,2,0.0,C
1263243849,2,0.0,C
1274352488,2,0.0,C
1274352488,2,0.0,C
1274352488,2,0.0,C
1274352488,2,0.0,C
1274352488,2,0.0,C
2164380819,2,0.0,N
2164380819,2,0.0,N
2164380819,2,0.0,N
2164380819,2,0.0,N
2164380819,2,0.0,N
2290681723,2,0.0,C
2290681723,2,0.0,C
2290681723,2,0.0,C
2290681723,2,0.0,C
2290681723,2,0.0,C
2366448291,2,0.0,N
2366448291,2,0.0,N
2366448291,2,0.0,N
2366448291,2,0.0,N
2366448291,2,0.0,N
2432368409,2,0.0,N
2432368409,2,0.0,N
2432368409,2,0.0,N
2432368409,2,0.0,N
2432368409,2,0.0,N
2612409031,2,-0.0004734767088335756,C
2612409031,2,0.0001563421670243148,C
2612409031,2,0.0003400795474849394,C
2612409031,2,5.906182652526404e-05,C
2612409031,2,8.682754981004237e-06,C
2644135390,2,0.0,S
2644135390,2,0.0,S
2644135390,2,0.0,S
2644135390,2,0.0,S
2644135390,2,0.0,S
2739434395,2,0.0,C
2739434395,2,0.0,C
2739434395,2,0.0,C
2739434395,2,0.0,C
2739434395,2,0.0,C
2739952872,2,0.0,C
2739952872,2,0.0,C
2739952872,2,0.0,C
2739952872,2,0.0,C
2739952872,2,0.0,C
3299531028,2,0.0,N
3299531028,2,0.0,N
3299531028,2,0.0,N
3299531028,2,0.0,N
3299531028,2,0.0,N
3396503693,2,0.0,N
3396503693,2,0.0,N
3396503693,2,0.0,N
3396503693,2,0.0,N
3396503693,2,0.0,N
3463225569,2,0.0,C
3463225569,2,0.0,C
3463225569,2,0.0,C
3463225569,2,0.0,C
3463225569,2,0.0,C
3611333349,2,0.0,C
3611333349,2,0.0,C
3611333349,2,0.0,C
3611333349,2,0.0,C
3611333349,2,0.0,C
3744003924,2,0.0,C
3744003924,2,0.0,C
3744003924,2,0.0,C
3744003924,2,0.0,C
3744003924,2,0.0,C
3986395223,2,0.0,C
3986395223,2,0.0,C
3986395223,2,0.0,C
3986395223,2,0.0,C
3986395223,2,0.0,C
4074174690,2,0.0,C
4074174690,2,0.0,C
4074174690,2,0.0,C
4074174690,2,0.0,C
4074174690,2,0.0,C
190140222,2,2.5170096240034745e-05,N
190140222,2,0.00011533707813782268,N
190140222,2,-0.00022354636120602844,N
190140222,2,0.00019753832563640383,N
190140222,2,0.00015595374694077346,N
1228815484,2,0.0,C
1228815484,2,0.0,C
1228815484,2,0.0,C
1228815484,2,0.0,C
1228815484,2,0.0,C
1858577693,2,-0.0012369437079717827,C
1858577693,2,-0.0002532648295068274,C
1858577693,2,0.0016075148642092918,C
1858577693,2,-0.001030788629727053,C
1858577693,2,-0.0014651606146940388,C
2212573984,2,-0.0030602808609702103,S
2212573984,2,0.010064400811879426,S
2212573984,2,-0.004642428723068748,S
2212573984,2,0.0014926940734866223,S
2212573984,2,0.0030314703408265142,S
597336504,2,0.0,C
597336504,2,0.0,C
597336504,2,0.0,C
597336504,2,0.0,C
597336504,2,0.0,C
1349611886,2,0.0,N
1349611886,2,0.0,N
1349611886,2,0.0,N
1349611886,2,0.0,N
1349611886,2,0.0,N
1352399629,2,-0.0008339411361845128,O
1352399629,2,2.0971771122146876e-05,O
1352399629,2,0.001168555587633291,O
1352399629,2,0.0013971529203176125,O
1352399629,2,0.0009782323650728841,O
1646750527,2,0.00010930888625626523,C
1646750527,2,0.00023900834164336526,C
1646750527,2,0.0001522679294889695,C
1646750527,2,0.000326041618663897,C
1646750527,2,0.0002936979399673634,C
1713195601,2,0.0,C
1713195601,2,0.0,C
1713195601,2,0.0,C
1713195601,2,0.0,C
1713195601,2,0.0,C
1854031727,2,0.0,C
1854031727,2,0.0,C
1854031727,2,0.0,C
1854031727,2,0.0,C
1854031727,2,0.0,C
2090654641,2,0.0,C
2090654641,2,0.0,C
2090654641,2,0.0,C
2090654641,2,0.0,C
2090654641,2,0.0,C
3372972590,2,3.0031967067634113e-05,N
3372972590,2,-0.00024918756354008753,N
3372972590,2,0.00013081123096070346,N
3372972590,2,-0.00010656643282325184,N
3372972590,2,-0.000358858542846785,N
3480777078,2,0.0,C
3480777078,2,0.0,C
3480777078,2,0.0,C
3480777078,2,0.0,C
3480777078,2,0.0,C
3741881293,2,-0.0004911894144083995,C
3741881293,2,0.0005178236080126686,C
3741881293,2,0.000644164195742758,C
3741881293,2,-6.165095564836243e-06,C
3741881293,2,7.416734904408528e-05,C
3966612213,2,0.0,S
3966612213,2,0.0,S
3966612213,2,0.0,S
3966612213,2,0.0,S
3966612213,2,0.0,S
4182960975,2,-0.0008394442698455018,C
4182960975,2,-0.0003803328545776141,C
4182960975,2,-0.00019497733962392516,C
4182960975,2,-0.000527591275772954,C
4182960975,2,-0.0003264594061755943,C
91144555,2,0.0,C
91144555,2,0.0,C
91144555,2,0.0,C
91144555,2,0.0,C
91144555,2,0.0,C
153234704,2,0.0,C
153234704,2,0.0,C
153234704,2,0.0,C
153234704,2,0.0,C
153234704,2,0.0,C
350061832,2,0.0,C
350061832,2,0.0,C
350061832,2,0.0,C
350061832,2,0.0,C
350061832,2,0.0,C
505767871,2,0.0,C
505767871,2,0.0,C
505767871,2,0.0,C
505767871,2,0.0,C
505767871,2,0.0,C
516041383,2,0.0024251005025539563,C
516041383,2,0.0007367958583744949,C
516041383,2,-0.0010449321359159436,C
516041383,2,-0.002346362956756054,C
516041383,2,-0.00211705489016778,C
542023358,2,0.0,C
542023358,2,0.0,C
542023358,2,0.0,C
542023358,2,0.0,C
542023358,2,0.0,C
551287920,2,0.001834780305084216,C
551287920,2,0.0007041512838845687,C
551287920,2,0.0018678698648841863,C
551287920,2,0.00016067143478160073,C
551287920,2,0.00153601129502845,C
994494548,2,0.0,C
994494548,2,0.0,C
994494548,2,0.0,C
994494548,2,0.0,C
994494548,2,0.0,C
1301245444,2,0.0,C
1301245444,2,0.0,C
1301245444,2,0.0,C
1301245444,2,0.0,C
1301245444,2,0.0,C
1693589848,2,0.0,N
1693589848,2,0.0,N
1693589848,2,0.0,N
1693589848,2,0.0,N
1693589848,2,0.0,N
1850810846,2,0.0,C
1850810846,2,0.0,C
1850810846,2,0.0,C
1850810846,2,0.0,C
1850810846,2,0.0,C
1861965050,2,-0.006016561996204595,C
1861965050,2,-0.00540940453396177,C
1861965050,2,-0.008974457184579121,C
1861965050,2,-0.009100616035685793,C
1861965050,2,-0.005973498807355315,C
1913679217,2,0.0,C
1913679217,2,0.0,C
1913679217,2,0.0,C
1913679217,2,0.0,C
1913679217,2,0.0,C
2119439498,2,-0.0010928599441158982,C
2119439498,2,-0.0015639097173721916,C
2119439498,2,-0.0007958864570817292,C
2119439498,2,-0.0008081537627595559,C
2119439498,2,-0.0016553832448321648,C
2605374084,2,0.0,C
2605374084,2,0.0,C
2605374084,2,0.0,C
2605374084,2,0.0,C
2605374084,2,0.0,C
3178196225,2,0.0,C
3178196225,2,0.0,C
3178196225,2,0.0,C
3178196225,2,0.0,C
3178196225,2,0.0,C
3188578434,2,0.0,C
3188578434,2,0.0,C
3188578434,2,0.0,C
3188578434,2,0.0,C
3188578434,2,0.0,C
3577933307,2,0.0,C
3577933307,2,0.0,C
3577933307,2,0.0,C
3577933307,2,0.0,C
3577933307,2,0.0,C
3614969428,2,0.0,C
3614969428,2,0.0,C
3614969428,2,0.0,C
3614969428,2,0.0,C
3614969428,2,0.0,C
3914061263,2,0.0,C
3914061263,2,0.0,C
3914061263,2,0.0,C
3914061263,2,0.0,C
3914061263,2,0.0,C
4223108416,2,0.0,C
4223108416,2,0.0,C
4223108416,2,0.0,C
4223108416,2,0.0,C
4223108416,2,0.0,C
4273842364,2,0.0,C
4273842364,2,0.0,C
4273842364,2,0.0,C
4273842364,2,0.0,C
4273842364,2,0.0,C
21584602,2,0.0,C
21584602,2,0.0,C
21584602,2,0.0,C
21584602,2,0.0,C
21584602,2,0.0,C
65448228,2,0.0,C
65448228,2,0.0,C
65448228,2,0.0,C
65448228,2,0.0,C
65448228,2,0.0,C
334078805,2,0.0,C
334078805,2,0.0,C
334078805,2,0.0,C
334078805,2,0.0,C
334078805,2,0.0,C
364599101,2,0.0,C
364599101,2,0.0,C
364599101,2,0.0,C
364599101,2,0.0,C
364599101,2,0.0,C
709642840,2,0.0,C
709642840,2,0.0,C
709642840,2,0.0,C
709642840,2,0.0,C
709642840,2,0.0,C
719459903,2,0.0,C
719459903,2,0.0,C
719459903,2,0.0,C
719459903,2,0.0,C
719459903,2,0.0,C
950899254,2,0.0,C
950899254,2,0.0,C
950899254,2,0.0,C
950899254,2,0.0,C
950899254,2,0.0,C
955777749,2,0.0,C
955777749,2,0.0,C
955777749,2,0.0,C
955777749,2,0.0,C
955777749,2,0.0,C
1551143545,2,0.0,C
1551143545,2,0.0,C
1551143545,2,0.0,C
1551143545,2,0.0,C
1551143545,2,0.0,C
1644491370,2,0.0,C
1644491370,2,0.0,C
1644491370,2,0.0,C
1644491370,2,0.0,C
1644491370,2,0.0,C
1689894946,2,0.0,C
1689894946,2,0.0,C
1689894946,2,0.0,C
1689894946,2,0.0,C
1689894946,2,0.0,C
2035804146,2,0.0,C
2035804146,2,0.0,C
2035804146,2,0.0,C
2035804146,2,0.0,C
2035804146,2,0.0,C
2240515393,2,0.0,C
2240515393,2,0.0,C
2240515393,2,0.0,C
2240515393,2,0.0,C
2240515393,2,0.0,C
2261370001,2,0.0,C
2261370001,2,0.0,C
2261370001,2,0.0,C
2261370001,2,0.0,C
2261370001,2,0.0,C
2370345011,2,0.0,C
2370345011,2,0.0,C
2370345011,2,0.0,C
2370345011,2,0.0,C
2370345011,2,0.0,C
2399760887,2,0.0,C
2399760887,2,0.0,C
2399760887,2,0.0,C
2399760887,2,0.0,C
2399760887,2,0.0,C
2467557643,2,0.0,C
2467557643,2,0.0,C
2467557643,2,0.0,C
2467557643,2,0.0,C
2467557643,2,0.0,C
2599740753,2,0.0,C
2599740753,2,0.0,C
2599740753,2,0.0,C
2599740753,2,0.0,C
2599740753,2,0.0,C
2786514417,2,0.0,C
2786514417,2,0.0,C
2786514417,2,0.0,C
2786514417,2,0.0,C
2786514417,2,0.0,C
3563343120,2,0.0,C
3563343120,2,0.0,C
3563343120,2,0.0,C
3563343120,2,0.0,C
3563343120,2,0.0,C
3639831514,2,0.0,C
3639831514,2,0.0,C
3639831514,2,0.0,C
3639831514,2,0.0,C
3639831514,2,0.0,C
3655890563,2,0.0,C
3655890563,2,0.0,C
3655890563,2,0.0,C
3655890563,2,0.0,C
3655890563,2,0.0,C
3736033135,2,0.0,C
3736033135,2,0.0,C
3736033135,2,0.0,C
3736033135,2,0.0,C
3736033135,2,0.0,C
3786095590,2,0.0,C
3786095590,2,0.0,C
3786095590,2,0.0,C
3786095590,2,0.0,C
3786095590,2,0.0,C
4226640035,2,0.0,N
4226640035,2,0.0,N
4226640035,2,0.0,N
4226640035,2,0.0,N
4226640035,2,0.0,N
422715066,2,0.004358046540585803,C
422715066,2,0.00597280168633052,C
422715066,2,-0.0007401406577695058,C
422715066,2,0.0035373842686015067,C
422715066,2,0.012364112662318516,C
472281497,2,-0.0006772602247407944,C
472281497,2,-3.968492265704615e-05,C
472281497,2,-0.00047809553075872646,C
472281497,2,-0.00032930809172926345,C
472281497,2,-1.0715154893148338e-05,C
1136130381,2,3.12058160905071e-05,C
1136130381,2,0.00012537777274934658,C
1136130381,2,-0.00024079354681327825,C
1136130381,2,0.0002599687139165363,C
1136130381,2,0.0003725055866204974,C
1198890718,2,1.2722026669353959e-05,C
1198890718,2,-0.00013101577308960444,C
1198890718,2,-0.00017320662376918428,C
1198890718,2,-0.00012858824518624523,C
1198890718,2,-0.00041354855559538883,C
1857396528,2,0.00209333261315503,C
1857396528,2,0.003432530076701523,C
1857396528,2,0.0013423940563233039,C
1857396528,2,0.0018599902063282103,C
1857396528,2,0.002409326753905039,C
2752034647,2,0.00018100081098582077,C
2752034647,2,0.0003791056375385127,C
2752034647,2,7.024868942051565e-05,C
2752034647,2,-9.18511479641726e-05,C
2752034647,2,-3.311878704614912e-05,C
3124581743,2,0.001806759805949465,C
3124581743,2,-0.0003422397782051334,C
3124581743,2,-0.0026023972961068953,C
3124581743,2,0.0017195135212891843,C
3124581743,2,0.0029570019696512073,C
332862697,2,0.0,C
332862697,2,0.0,C
332862697,2,0.0,C
332862697,2,0.0,C
332862697,2,0.0,C
428372179,2,0.0,N
428372179,2,0.0,N
428372179,2,0.0,N
428372179,2,0.0,N
428372179,2,0.0,N
451709826,2,0.0,N
451709826,2,0.0,N
451709826,2,0.0,N
451709826,2,0.0,N
451709826,2,0.0,N
793325400,2,0.0,N
793325400,2,0.0,N
793325400,2,0.0,N
793325400,2,0.0,N
793325400,2,0.0,N
809897358,2,0.0,C
809897358,2,0.0,C
809897358,2,0.0,C
809897358,2,0.0,C
809897358,2,0.0,C
1050073333,2,0.0,O
1050073333,2,0.0,O
1050073333,2,0.0,O
1050073333,2,0.0,O
1050073333,2,0.0,O
1223222526,2,0.0,C
1223222526,2,0.0,C
1223222526,2,0.0,C
1223222526,2,0.0,C
1223222526,2,0.0,C
1243474785,2,0.0,C
1243474785,2,0.0,C
1243474785,2,0.0,C
1243474785,2,0.0,C
1243474785,2,0.0,C
1330234599,2,0.0,N
1330234599,2,0.0,N
1330234599,2,0.0,N
1330234599,2,0.0,N
1330234599,2,0.0,N
1584334386,2,0.0,N
1584334386,2,0.0,N
1584334386,2,0.0,N
1584334386,2,0.0,N
1584334386,2,0.0,N
2055666925,2,0.0,C
2055666925,2,0.0,C
2055666925,2,0.0,C
2055666925,2,0.0,C
2055666925,2,0.0,C
2127647960,2,-0.00013869448721215427,C
2127647960,2,-0.00013869448721215427,C
2127647960,2,-0.00013869448721215427,C
2127647960,2,-0.00013869448721215427,C
2127647960,2,-0.00013869448721215427,C
2240978772,2,0.0,C
2240978772,2,0.0,C
2240978772,2,0.0,C
2240978772,2,0.0,C
2240978772,2,0.0,C
2427036066,2,0.0,C
2427036066,2,0.0,C
2427036066,2,0.0,C
2427036066,2,0.0,C
2427036066,2,0.0,C
2578122382,2,0.0,C
2578122382,2,0.0,C
2578122382,2,0.0,C
2578122382,2,0.0,C
2578122382,2,0.0,C
2772731088,2,0.0,C
2772731088,2,0.0,C
2772731088,2,0.0,C
2772731088,2,0.0,C
2772731088,2,0.0,C
3663265415,2,0.0,C
3663265415,2,0.0,C
3663265415,2,0.0,C
3663265415,2,0.0,C
3663265415,2,0.0,C
3903984365,2,0.0,C
3903984365,2,0.0,C
3903984365,2,0.0,C
3903984365,2,0.0,C
3903984365,2,0.0,C
3991689940,2,0.0,C
3991689940,2,0.0,C
3991689940,2,0.0,C
3991689940,2,0.0,C
3991689940,2,0.0,C
4011293459,2,-0.0001667148723162315,C
4011293459,2,-0.0005883890627980115,C
4011293459,2,-0.00017900177687857344,C
4011293459,2,0.00021260841637382732,C
4011293459,2,0.00030841584628105156,C
4042217147,2,0.0,C
4042217147,2,0.0,C
4042217147,2,0.0,C
4042217147,2,0.0,C
4042217147,2,0.0,C
30707086,2,-9.382692746362498e-05,C
30707086,2,6.296476875444768e-07,C
30707086,2,0.00013934464227649546,C
30707086,2,-0.00011193079639371106,C
30707086,2,0.00024112265207398842,C
963029399,2,0.0041483598294201895,N
963029399,2,0.0037637999230968333,N
963029399,2,0.006379018776385692,N
963029399,2,0.006085001021036263,N
963029399,2,0.007809618708811916,N
1173125914,2,0.0011609451115461855,C
1173125914,2,-2.5855344704672767e-05,C
1173125914,2,0.0018776200543714205,C
1173125914,2,-0.0006003279308568477,C
1173125914,2,0.0013141871781920944,C
1276993226,2,0.007436243776476781,C
1276993226,2,0.014423661504149532,C
1276993226,2,0.013913882692840218,C
1276993226,2,0.014253797774125498,C
1276993226,2,0.011872332624335735,C
1462241120,2,0.0,C
1462241120,2,0.0,C
1462241120,2,0.0,C
1462241120,2,0.0,C
1462241120,2,0.0,C
2513428378,2,0.005212110126452396,C
2513428378,2,0.005094778368843533,C
2513428378,2,0.00583575329811703,C
2513428378,2,0.0058910854013158875,C
2513428378,2,0.005599711340069868,C
2697110228,2,0.00173014954340589,C
2697110228,2,-0.000670480840466503,C
2697110228,2,0.0020675071615593454,C
2697110228,2,0.0013315070957495845,C
2697110228,2,-0.00016229498834929856,C
2762810942,2,2.6604086424963924e-05,C
2762810942,2,8.116380796097111e-05,C
2762810942,2,4.8916636607887476e-05,C
2762810942,2,1.723378392504138e-05,C
2762810942,2,8.594782705151349e-05,C
2975126068,2,-0.004310915339130417,N
2975126068,2,-0.0013100882489520682,N
2975126068,2,-0.0024342122415489387,N
2975126068,2,-0.001087389089546531,N
2975126068,2,-0.001532149839043484,N
2984045667,2,0.0,C
2984045667,2,0.0,C
2984045667,2,0.0,C
2984045667,2,0.0,C
2984045667,2,0.0,C
3034212252,2,0.0004746925540966007,C
3034212252,2,-0.000926162884029913,C
3034212252,2,-0.0007516822413871083,C
3034212252,2,-0.0011427195454799532,C
3034212252,2,0.0013251913164832319,C
3482873808,2,-0.0015180714022586805,C
3482873808,2,-0.006971009876889256,C
3482873808,2,-0.0021617007275467337,C
3482873808,2,0.00038117926428604676,C
3482873808,2,0.0013427474904327275,C
3657471097,2,0.007926333928914397,C
3657471097,2,0.0053825623863141825,C
3657471097,2,0.0037706538262929357,C
3657471097,2,0.004680524667513342,C
3657471097,2,0.010210598552624073,C
411946514,2,0.0,N
411946514,2,0.0,N
411946514,2,0.0,N
411946514,2,0.0,N
411946514,2,0.0,N
698395004,2,0.00032959978152569125,C
698395004,2,-0.00012464690472191453,C
698395004,2,0.00031668076141255774,C
698395004,2,-0.00040435887550971383,C
698395004,2,0.00019209459796742934,C
715404902,2,0.0,C
715404902,2,0.0,C
715404902,2,0.0,C
715404902,2,0.0,C
715404902,2,0.0,C
752433856,2,0.0,N
752433856,2,0.0,N
752433856,2,0.0,N
752433856,2,0.0,N
752433856,2,0.0,N
975892776,2,0.0,C
975892776,2,0.0,C
975892776,2,0.0,C
975892776,2,0.0,C
975892776,2,0.0,C
1007507120,2,0.0,C
1007507120,2,0.0,C
1007507120,2,0.0,C
1007507120,2,0.0,C
1007507120,2,0.0,C
1553638162,2,5.3338279771719677e-05,C
1553638162,2,2.375240064711459e-05,C
1553638162,2,-2.7146481424988878e-06,C
1553638162,2,2.2080075943287092e-05,C
1553638162,2,2.2080075943287092e-05,C
1669800820,2,0.0,N
1669800820,2,0.0,N
1669800820,2,0.0,N
1669800820,2,0.0,N
1669800820,2,0.0,N
1863555477,2,0.00012630348732511898,C
1863555477,2,0.0001441278059741702,C
1863555477,2,-6.010983165571915e-05,C
1863555477,2,0.0002175965214660236,C
1863555477,2,9.477758701414984e-06,C
1892048877,2,0.0,C
1892048877,2,0.0,C
1892048877,2,0.0,C
1892048877,2,0.0,C
1892048877,2,0.0,C
2171097092,2,0.0,C
2171097092,2,0.0,C
2171097092,2,0.0,C
2171097092,2,0.0,C
2171097092,2,0.0,C
2447508436,2,0.0,C
2447508436,2,0.0,C
2447508436,2,0.0,C
2447508436,2,0.0,C
2447508436,2,0.0,C
2787503806,2,0.0,C
2787503806,2,0.0,C
2787503806,2,0.0,C
2787503806,2,0.0,C
2787503806,2,0.0,C
2955423774,2,0.0,N
2955423774,2,0.0,N
2955423774,2,0.0,N
2955423774,2,0.0,N
2955423774,2,0.0,N
3260652206,2,0.0,C
3260652206,2,0.0,C
3260652206,2,0.0,C
3260652206,2,0.0,C
3260652206,2,0.0,C
3408309917,2,0.0,C
3408309917,2,0.0,C
3408309917,2,0.0,C
3408309917,2,0.0,C
3408309917,2,0.0,C
3507930102,2,0.0,N
3507930102,2,0.0,N
3507930102,2,0.0,N
3507930102,2,0.0,N
3507930102,2,0.0,N
3539604354,2,0.0,N
3539604354,2,0.0,N
3539604354,2,0.0,N
3539604354,2,0.0,N
3539604354,2,0.0,N
3763576453,2,0.0,C
3763576453,2,0.0,C
3763576453,2,0.0,C
3763576453,2,0.0,C
3763576453,2,0.0,C
3882774308,2,0.0,N
3882774308,2,0.0,N
3882774308,2,0.0,N
3882774308,2,0.0,N
3882774308,2,0.0,N
3917289208,2,0.00018877211200285515,C
3917289208,2,0.0004154036444965481,C
3917289208,2,0.000267328396701072,C
3917289208,2,0.00016771847982810506,C
3917289208,2,0.0006623475955839231,C
4253828657,2,0.0,C
4253828657,2,0.0,C
4253828657,2,0.0,C
4253828657,2,0.0,C
4253828657,2,0.0,C
2296565457,2,-0.0020467083969458733,N
2296565457,2,-0.002517432005092579,N
2296565457,2,-0.0025037787724825344,N
2296565457,2,-0.0021892252611426244,N
2296565457,2,-0.0014940637087148545,N
2900982932,2,0.0,C
2900982932,2,0.0,C
2900982932,2,0.0,C
2900982932,2,0.0,C
2900982932,2,0.0,C
3118255683,2,0.0011863949407459051,N
3118255683,2,-0.0001820962994376618,N
3118255683,2,-0.0008899167267517605,N
3118255683,2,0.0007485746538086202,N
3118255683,2,0.0010401251538664225,N
359077626,2,0.0,N
359077626,2,0.0,N
359077626,2,0.0,N
359077626,2,0.0,N
359077626,2,0.0,N
497870099,2,0.0002475368196943606,C
497870099,2,0.000657678999491651,C
497870099,2,1.177324995804696e-05,C
497870099,2,0.00012914095590210728,C
497870099,2,0.0003078998489043361,C
644322065,2,-1.5301499777464755e-05,C
644322065,2,-0.0001890896647931406,C
644322065,2,6.93971979743857e-05,C
644322065,2,0.00013516788235501398,C
644322065,2,3.321003568601544e-05,C
895250610,2,0.0,C
895250610,2,0.0,C
895250610,2,0.0,C
895250610,2,0.0,C
895250610,2,0.0,C
1215492469,2,0.0,C
1215492469,2,0.0,C
1215492469,2,0.0,C
1215492469,2,0.0,C
1215492469,2,0.0,C
1349404210,2,-0.0001976593587492692,N
1349404210,2,-6.706891930352565e-05,N
1349404210,2,-0.00048774555324160307,N
1349404210,2,-0.0006457128797384692,N
1349404210,2,-0.0004528827896178589,N
1399598682,2,0.0,N
1399598682,2,0.0,N
1399598682,2,0.0,N
1399598682,2,0.0,N
1399598682,2,0.0,N
1423775345,2,0.0,C
1423775345,2,0.0,C
1423775345,2,0.0,C
1423775345,2,0.0,C
1423775345,2,0.0,C
1443130335,2,0.0,C
1443130335,2,0.0,C
1443130335,2,0.0,C
1443130335,2,0.0,C
1443130335,2,0.0,C
1558658757,2,3.320145636731553e-05,C
1558658757,2,0.001945394553309554,C
1558658757,2,0.0016537044751544494,C
1558658757,2,0.0006950299545993577,C
1558658757,2,2.804638125797343e-05,C
1717044408,2,0.00014208002884419368,C
1717044408,2,-5.47267879535962e-06,C
1717044408,2,-4.903368873598879e-05,C
1717044408,2,0.00021553243652483456,C
1717044408,2,-0.00018157059070222914,C
2486184522,2,0.0,C
2486184522,2,0.0,C
2486184522,2,0.0,C
2486184522,2,0.0,C
2486184522,2,0.0,C
2624111612,2,0.0,C
2624111612,2,0.0,C
2624111612,2,0.0,C
2624111612,2,0.0,C
2624111612,2,0.0,C
4029796037,2,0.0,C
4029796037,2,0.0,C
4029796037,2,0.0,C
4029796037,2,0.0,C
4029796037,2,0.0,C
4058119759,2,0.0,C
4058119759,2,0.0,C
4058119759,2,0.0,C
4058119759,2,0.0,C
4058119759,2,0.0,C
4101595700,2,0.0,C
4101595700,2,0.0,C
4101595700,2,0.0,C
4101595700,2,0.0,C
4101595700,2,0.0,C
3820826669,2,0.006707523469662968,C
3820826669,2,0.004386216945876709,C
3820826669,2,0.005071351211523245,C
3820826669,2,0.0033701622081475646,C
3820826669,2,0.004962884321252026,C
4160330003,2,0.0,C
4160330003,2,0.0,C
4160330003,2,0.0,C
4160330003,2,0.0,C
4160330003,2,0.0,C
665262190,2,0.0,C
665262190,2,0.0,C
665262190,2,0.0,C
665262190,2,0.0,C
665262190,2,0.0,C
720253145,2,0.0,N
720253145,2,0.0,N
720253145,2,0.0,N
720253145,2,0.0,N
720253145,2,0.0,N
780490489,2,0.0,C
780490489,2,0.0,C
780490489,2,0.0,C
780490489,2,0.0,C
780490489,2,0.0,C
979289493,2,0.0,C
979289493,2,0.0,C
979289493,2,0.0,C
979289493,2,0.0,C
979289493,2,0.0,C
1216311943,2,5.057805324160114e-05,C
1216311943,2,3.7540904877286785e-05,C
1216311943,2,2.5300296513708354e-05,C
1216311943,2,1.7879073198723283e-05,C
1216311943,2,0.00014363565079633656,C
1685931278,2,0.0,C
1685931278,2,0.0,C
1685931278,2,0.0,C
1685931278,2,0.0,C
1685931278,2,0.0,C
1869728514,2,0.0,C
1869728514,2,0.0,C
1869728514,2,0.0,C
1869728514,2,0.0,C
1869728514,2,0.0,C
2067855442,2,0.0,C
2067855442,2,0.0,C
2067855442,2,0.0,C
2067855442,2,0.0,C
2067855442,2,0.0,C
2619833740,2,0.0,C
2619833740,2,0.0,C
2619833740,2,0.0,C
2619833740,2,0.0,C
2619833740,2,0.0,C
2781567920,2,0.0,C
2781567920,2,0.0,C
2781567920,2,0.0,C
2781567920,2,0.0,C
2781567920,2,0.0,C
3157481675,2,-0.00024958501500882413,C
3157481675,2,-0.0002986869333603259,C
3157481675,2,-0.0003476560522532868,C
3157481675,2,-0.00015353346611213237,C
3157481675,2,-3.074796516022715e-05,C
3163484390,2,0.0,N
3163484390,2,0.0,N
3163484390,2,0.0,N
3163484390,2,0.0,N
3163484390,2,0.0,N
3460418063,2,0.0,C
3460418063,2,0.0,C
3460418063,2,0.0,C
3460418063,2,0.0,C
3460418063,2,0.0,C
3567332457,2,0.0,C
3567332457,2,0.0,C
3567332457,2,0.0,C
3567332457,2,0.0,C
3567332457,2,0.0,C
3628146810,2,0.0,C
3628146810,2,0.0,C
3628146810,2,0.0,C
3628146810,2,0.0,C
3628146810,2,0.0,C
3689791161,2,0.0,C
3689791161,2,0.0,C
3689791161,2,0.0,C
3689791161,2,0.0,C
3689791161,2,0.0,C
3727960280,2,-9.246002645146856e-05,C
3727960280,2,-0.0001102583857035544,C
3727960280,2,-0.00010572489868232449,C
3727960280,2,-0.00017643590847837842,C
3727960280,2,-0.00040449219100358036,C
443932914,2,0.0,N
443932914,2,0.0,N
443932914,2,-1.0232839416035588e-05,N
443932914,2,1.7453119505184134e-08,N
443932914,2,0.0,N
3028039221,2,-4.641866025423269e-05,N
3028039221,2,3.3725763521563756e-05,N
3028039221,2,0.00018031731332845968,N
3028039221,2,-0.00021331640264710128,N
3028039221,2,-0.00011971258814169605,N
3431706412,2,0.0,C
3431706412,2,0.0,C
3431706412,2,0.0,C
3431706412,2,0.0,C
3431706412,2,0.0,C
215394313,2,-9.836990036105053e-05,C
215394313,2,-9.794985602051831e-06,C
215394313,2,9.401968829036988e-06,C
215394313,2,-1.3779054011897607e-05,C
215394313,2,-3.8262207348926935e-05,C
411975912,2,0.0,C
411975912,2,0.0,C
411975912,2,0.0,C
411975912,2,0.0,C
411975912,2,0.0,C
683436560,2,0.0,C
683436560,2,0.0,C
683436560,2,0.0,C
683436560,2,0.0,C
683436560,2,0.0,C
1102307062,2,0.0,C
1102307062,2,0.0,C
1102307062,2,0.0,C
1102307062,2,0.0,C
1102307062,2,0.0,C
1136770028,2,0.0,C
1136770028,2,0.0,C
1136770028,2,0.0,C
1136770028,2,0.0,C
1136770028,2,0.0,C
1288465416,2,0.0,N
1288465416,2,0.0,N
1288465416,2,0.0,N
1288465416,2,0.0,N
1288465416,2,0.0,N
1528304983,2,-0.0006951606622936923,N
1528304983,2,-0.0006449893106231785,N
1528304983,2,-0.0010591401011547097,N
1528304983,2,-0.000380030536832221,N
1528304983,2,-0.0016298113872401654,N
1616374401,2,0.0,N
1616374401,2,0.0,N
1616374401,2,0.0,N
1616374401,2,0.0,N
1616374401,2,0.0,N
2855844237,2,0.0,C
2855844237,2,0.0,C
2855844237,2,0.0,C
2855844237,2,0.0,C
2855844237,2,0.0,C
3541589939,2,0.0,C
3541589939,2,0.0,C
3541589939,2,0.0,C
3541589939,2,0.0,C
3541589939,2,0.0,C
3566991489,2,0.0,C
3566991489,2,0.0,C
3566991489,2,0.0,C
3566991489,2,0.0,C
3566991489,2,0.0,C
1730555933,2,1.2036284362748617e-05,C
1730555933,2,-6.891392351771053e-06,C
1730555933,2,-0.00020512554950891104,C
1730555933,2,7.551865511323808e-05,C
1730555933,2,6.910574484608745e-05,C
1868602760,2,0.0007228387370029621,N
1868602760,2,0.0006798475335783039,N
1868602760,2,0.00020876404638503487,N
1868602760,2,0.0007497344004298023,N
1868602760,2,-0.00013924292600597798,N
3980805843,2,-0.0001254938638062253,C
3980805843,2,-0.00011962715313773575,C
3980805843,2,-0.00029350471151190494,C
3980805843,2,-0.00021060270180750518,C
3980805843,2,-0.0003237210197084561,C
4203454020,2,0.00016346550476664667,C
4203454020,2,0.00033482720083777284,C
4203454020,2,0.0003060197127228159,C
4203454020,2,0.0004157583908843687,C
4203454020,2,0.00023498252925069352,C
194638448,2,0.0,C
194638448,2,0.0,C
194638448,2,0.0,C
194638448,2,0.0,C
194638448,2,0.0,C
770309757,2,0.0,N
770309757,2,0.0,N
770309757,2,0.0,N
770309757,2,0.0,N
770309757,2,0.0,N
836300471,2,-0.0003455992648070394,C
836300471,2,-8.608993853098657e-05,C
836300471,2,0.00037425225373854953,C
836300471,2,0.00014822867170094511,C
836300471,2,0.000313537899035099,C
877095501,2,0.0,C
877095501,2,0.0,C
877095501,2,0.0,C
877095501,2,0.0,C
877095501,2,0.0,C
932692620,2,0.0018974893717483843,C
932692620,2,0.0002723426098678594,C
932692620,2,0.0007048982715043284,C
932692620,2,0.0009055045312155174,C
932692620,2,0.001442551954695892,C
1526194454,2,0.0,C
1526194454,2,0.0,C
1526194454,2,0.0,C
1526194454,2,0.0,C
1526194454,2,0.0,C
1998636009,2,0.0,C
1998636009,2,0.0,C
1998636009,2,0.0,C
1998636009,2,0.0,C
1998636009,2,0.0,C
2585793646,2,0.0,N
2585793646,2,0.0,N
2585793646,2,0.0,N
2585793646,2,0.0,N
2585793646,2,0.0,N
2839110432,2,7.341289588147504e-05,C
2839110432,2,7.160392072058652e-05,C
2839110432,2,2.3870264361125493e-05,C
2839110432,2,-0.00016390108596231467,C
2839110432,2,0.0001277516269659884,C
3624135138,2,0.0,C
3624135138,2,0.0,C
3624135138,2,0.0,C
3624135138,2,0.0,C
3624135138,2,0.0,C
1070821685,2,0.0002020026281350784,C
1070821685,2,0.0004677516192318487,C
1070821685,2,-0.0003540793765124395,C
1070821685,2,2.7772191883879138e-05,C
1070821685,2,5.677579666352184e-05,C
1711656516,2,0.0,C
1711656516,2,0.0,C
1711656516,2,0.0,C
1711656516,2,0.0,C
1711656516,2,0.0,C
1824088295,2,0.0,C
1824088295,2,0.0,C
1824088295,2,0.0,C
1824088295,2,0.0,C
1824088295,2,0.0,C
1842114921,2,-0.0003260149128196943,C
1842114921,2,0.001370038876263302,C
1842114921,2,-0.0006540427718778608,C
1842114921,2,-0.001692747252508786,C
1842114921,2,-0.002463408885162388,C
2567005256,2,0.0,C
2567005256,2,0.0,C
2567005256,2,0.0,C
2567005256,2,0.0,C
2567005256,2,0.0,C
2591432844,2,-0.0010610386538462135,N
2591432844,2,-0.001129496117065476,N
2591432844,2,-0.0015149514790384622,N
2591432844,2,-0.0009727477678379559,N
2591432844,2,-0.0009147199795523919,N
2747850234,2,0.0,C
2747850234,2,0.0,C
2747850234,2,0.0,C
2747850234,2,0.0,C
2747850234,2,0.0,C
3044392905,2,6.754062622782442e-05,N
3044392905,2,0.00020670079167450783,N
3044392905,2,0.0001773618147454803,N
3044392905,2,-5.4845492469590695e-05,N
3044392905,2,-2.3556049415507374e-06,N
3120642300,2,0.007889337018316178,C
3120642300,2,0.004457571424768769,C
3120642300,2,0.01131424362069533,C
3120642300,2,0.004146908308394592,C
3120642300,2,0.005031619821172062,C
3384631972,2,0.0,C
3384631972,2,0.0,C
3384631972,2,0.0,C
3384631972,2,0.0,C
3384631972,2,0.0,C
3462333187,2,7.91689254642236e-06,C
3462333187,2,2.6395338067919383e-05,C
3462333187,2,8.006639402369231e-06,C
3462333187,2,8.006639402369231e-06,C
3462333187,2,-2.269731663284702e-06,C
3796841743,2,0.004377995779900279,C
3796841743,2,0.00334638277108934,C
3796841743,2,-0.0002990425298400323,C
3796841743,2,0.003475775800523495,C
3796841743,2,0.0041220368061543056,C
3796970912,2,-0.0002829394282779507,C
3796970912,2,-0.00041544063550114085,C
3796970912,2,0.00023060730577617594,C
3796970912,2,-0.0006880834481292064,C
3796970912,2,8.054613265895405e-05,C
373109870,2,0.0021356257110228816,C
373109870,2,0.0033616236405877853,C
373109870,2,0.004071124185627162,C
373109870,2,0.0020922634145684738,C
373109870,2,0.0015432011710451166,C
467603055,2,0.0017223819612200986,C
467603055,2,0.0034764714356229076,C
467603055,2,0.003013915316355864,C
467603055,2,0.005250630493347064,C
467603055,2,-0.0014094707037669574,C
890227654,2,0.0,C
890227654,2,0.0,C
890227654,2,0.0,C
890227654,2,0.0,C
890227654,2,0.0,C
913026435,2,0.0,C
913026435,2,0.0,C
913026435,2,0.0,C
913026435,2,0.0,C
913026435,2,0.0,C
959544246,2,0.0,C
959544246,2,0.0,C
959544246,2,0.0,C
959544246,2,0.0,C
959544246,2,0.0,C
1224045316,2,0.0,N
1224045316,2,0.0,N
1224045316,2,0.0,N
1224045316,2,0.0,N
1224045316,2,0.0,N
1323467736,2,0.000379572966951347,C
1323467736,2,0.0003772558949417526,C
1323467736,2,0.0006953596128168593,C
1323467736,2,0.0003889717610658927,C
1323467736,2,0.0003309866330609701,C
1490438549,2,0.0,C
1490438549,2,0.0,C
1490438549,2,0.0,C
1490438549,2,0.0,C
1490438549,2,0.0,C
1548658224,2,0.0,C
1548658224,2,0.0,C
1548658224,2,0.0,C
1548658224,2,0.0,C
1548658224,2,0.0,C
1622603972,2,0.0,C
1622603972,2,0.0,C
1622603972,2,0.0,C
1622603972,2,0.0,C
1622603972,2,0.0,C
1805030178,2,0.0,N
1805030178,2,0.0,N
1805030178,2,0.0,N
1805030178,2,0.0,N
1805030178,2,0.0,N
1951850042,2,0.0,C
1951850042,2,0.0,C
1951850042,2,0.0,C
1951850042,2,0.0,C
1951850042,2,0.0,C
2063667942,2,0.0,C
2063667942,2,0.0,C
2063667942,2,0.0,C
2063667942,2,0.0,C
2063667942,2,0.0,C
2068416114,2,0.0,C
2068416114,2,0.0,C
2068416114,2,0.0,C
2068416114,2,0.0,C
2068416114,2,0.0,C
2562475466,2,0.0,C
2562475466,2,0.0,C
2562475466,2,0.0,C
2562475466,2,0.0,C
2562475466,2,0.0,C
2577294604,2,0.0,C
2577294604,2,0.0,C
2577294604,2,0.0,C
2577294604,2,0.0,C
2577294604,2,0.0,C
2807805304,2,0.0,C
2807805304,2,0.0,C
2807805304,2,0.0,C
2807805304,2,0.0,C
2807805304,2,0.0,C
2937399870,2,0.0,C
2937399870,2,0.0,C
2937399870,2,0.0,C
2937399870,2,0.0,C
2937399870,2,0.0,C
3018722882,2,0.0,C
3018722882,2,0.0,C
3018722882,2,0.0,C
3018722882,2,0.0,C
3018722882,2,0.0,C
3192665452,2,0.0,C
3192665452,2,0.0,C
3192665452,2,0.0,C
3192665452,2,0.0,C
3192665452,2,0.0,C
3213912075,2,0.0,C
3213912075,2,0.0,C
3213912075,2,0.0,C
3213912075,2,0.0,C
3213912075,2,0.0,C
3276095363,2,0.0,C
3276095363,2,0.0,C
3276095363,2,0.0,C
3276095363,2,0.0,C
3276095363,2,0.0,C
3406201864,2,-0.0007382142830177907,C
3406201864,2,0.0010115364991946096,C
3406201864,2,-0.00016164201519297539,C
3406201864,2,0.0006424231463350027,C
3406201864,2,0.0003523160336222908,C
3850591004,2,0.0,N
3850591004,2,0.0,N
3850591004,2,0.0,N
3850591004,2,0.0,N
3850591004,2,0.0,N
3879569661,2,0.0,C
3879569661,2,0.0,C
3879569661,2,0.0,C
3879569661,2,0.0,C
3879569661,2,0.0,C
3936714060,2,0.0,C
3936714060,2,0.0,C
3936714060,2,0.0,C
3936714060,2,0.0,C
3936714060,2,0.0,C
4226294099,2,0.0,C
4226294099,2,0.0,C
4226294099,2,0.0,C
4226294099,2,0.0,C
4226294099,2,0.0,C
4289161048,2,0.0,C
4289161048,2,0.0,C
4289161048,2,0.0,C
4289161048,2,0.0,C
4289161048,2,0.0,C
2110118862,2,-0.0018081050039641111,C
2110118862,2,-0.0013619843223173778,C
2110118862,2,-0.001308975303752291,C
2110118862,2,-0.0013203150445930678,C
2110118862,2,-0.0016623676226611428,C
2806018737,2,0.0047365661525585745,C
2806018737,2,0.0032404534243226646,C
2806018737,2,0.004686890228584151,C
2806018737,2,0.00397794365456583,C
2806018737,2,0.003433228606905425,C
2994748777,2,0.000230473091447303,C
2994748777,2,-0.0003750475980049961,C
2994748777,2,0.0007317858068423,C
2994748777,2,-0.00044738912662023456,C
2994748777,2,-0.0009225341699607981,C
26983675,2,-0.00013534872084408622,C
26983675,2,0.0001448906461112287,C
26983675,2,8.447711033765515e-05,C
26983675,2,5.7680825564676574e-05,C
26983675,2,-1.1077124650427095e-05,C
104625121,2,0.00013995267603517103,N
104625121,2,0.0002485893828085839,N
104625121,2,7.082783195799802e-05,N
104625121,2,0.00011077791040425833,N
104625121,2,-0.00016615880103176828,N
312306367,2,-0.0011633889250448615,C
312306367,2,-0.0011146053853746674,C
312306367,2,-0.002387293117823708,C
312306367,2,0.0008542380446930897,C
312306367,2,-0.0019937863486259033,C
473978627,2,-0.0017092813441995647,C
473978627,2,-0.0013056066632745056,C
473978627,2,-0.0005064377340011639,C
473978627,2,-0.0011130737783300315,C
473978627,2,-0.00044319615643950705,C
1153219603,2,0.0008705679935273603,C
1153219603,2,7.218319445290167e-05,C
1153219603,2,0.00038443150832134787,C
1153219603,2,0.00023956705177674564,C
1153219603,2,0.000738517537907657,C
1356825073,2,-1.4543928944288353e-05,C
1356825073,2,-0.0005017570532778182,C
1356825073,2,-0.0003811429941478206,C
1356825073,2,-0.0005582145824252205,C
1356825073,2,-0.000391436811748358,C
1556668346,2,0.00010632593672932344,N
1556668346,2,0.0001084134307787199,N
1556668346,2,8.931382784060915e-05,N
1556668346,2,5.226662540558369e-05,N
1556668346,2,0.00032708042135298765,N
1821698485,2,0.0007229149914834698,C
1821698485,2,0.0001640352579519444,C
1821698485,2,0.00029898501921865606,C
1821698485,2,0.0004853553912425035,C
1821698485,2,0.0004608389396121293,C
1869141243,2,0.0,N
1869141243,2,0.0,N
1869141243,2,0.0,N
1869141243,2,0.0,N
1869141243,2,0.0,N
1896930344,2,0.0,C
1896930344,2,0.0,C
1896930344,2,0.0,C
1896930344,2,0.0,C
1896930344,2,0.0,C
2359349084,2,0.00013017047333385712,C
2359349084,2,-0.0003793293281504351,C
2359349084,2,0.0008664339914048469,C
2359349084,2,0.0005643304045395148,C
2359349084,2,0.0014418474158837125,C
2395259406,2,-4.368775665775093e-05,C
2395259406,2,-0.00010639414174129502,C
2395259406,2,0.00012384179703173182,C
2395259406,2,-2.9219968804450325e-05,C
2395259406,2,2.7547369536695676e-05,C
2751443729,2,0.00031526118680957893,C
2751443729,2,0.00010512462784106891,C
2751443729,2,0.00023882374293571207,C
2751443729,2,9.400846466067758e-05,C
2751443729,2,0.00023939452840615605,C
3088984962,2,-6.487905545715655e-05,C
3088984962,2,5.610456771643069e-05,C
3088984962,2,0.00010984258857427154,C
3088984962,2,6.512843700168247e-05,C
3088984962,2,8.472904471534815e-05,C
3120625249,2,0.0,C
3120625249,2,0.0,C
3120625249,2,0.0,C
3120625249,2,0.0,C
3120625249,2,0.0,C
3886074185,2,1.6255364057249366e-05,C
3886074185,2,0.0,C
3886074185,2,1.0295925144676588e-06,C
3886074185,2,0.0,C
3886074185,2,0.0,C
3351556771,2,0.018369657316293586,S
3351556771,2,0.016305990788596292,S
3351556771,2,0.016060567644495705,S
3351556771,2,0.014025854541092286,S
3351556771,2,0.011770716955061156,S
662595032,2,-4.699726970536222e-05,N
662595032,2,-1.3477260625394116e-05,N
662595032,2,-5.1025759300826756e-05,N
662595032,2,-4.699726970536222e-05,N
662595032,2,-4.699726970536222e-05,N
994237755,2,-7.301717581342793e-06,C
994237755,2,0.00015363977782312244,C
994237755,2,0.00037743972954418226,C
994237755,2,0.0004443338434012567,C
994237755,2,0.00017887810584660269,C
1142813461,2,0.0075775464071897725,C
1142813461,2,0.002997724775824273,C
1142813461,2,0.0021781360072506972,C
1142813461,2,0.002936810619441621,C
1142813461,2,-0.0011790442105752419,C
1915080917,2,0.0,C
1915080917,2,0.0,C
1915080917,2,0.0,C
1915080917,2,0.0,C
1915080917,2,0.0,C
3372400797,2,0.0,S
3372400797,2,0.0,S
3372400797,2,0.0,S
3372400797,2,0.0,S
3372400797,2,0.0,S
3933537673,2,0.0012795135195932117,C
3933537673,2,0.0012060399693215595,C
3933537673,2,0.0009711877509659406,C
3933537673,2,0.0008835449456459088,C
3933537673,2,0.0009942465450842874,C
4280659919,2,0.0,C
4280659919,2,0.0,C
4280659919,2,0.0,C
4280659919,2,0.0,C
4280659919,2,0.0,C
571621176,2,0.0,N
571621176,2,0.0,N
571621176,2,0.0,N
571621176,2,0.0,N
571621176,2,0.0,N
582582999,2,0.0,C
582582999,2,0.0,C
582582999,2,0.0,C
582582999,2,0.0,C
582582999,2,0.0,C
934762951,2,0.0,C
934762951,2,0.0,C
934762951,2,0.0,C
934762951,2,0.0,C
934762951,2,0.0,C
991766724,2,0.0,C
991766724,2,0.0,C
991766724,2,0.0,C
991766724,2,0.0,C
991766724,2,0.0,C
1657167810,2,0.0,S
1657167810,2,0.0,S
1657167810,2,0.0,S
1657167810,2,0.0,S
1657167810,2,0.0,S
2535083487,2,0.0,C
2535083487,2,0.0,C
2535083487,2,0.0,C
2535083487,2,0.0,C
2535083487,2,0.0,C
2640652321,2,0.0,C
2640652321,2,0.0,C
2640652321,2,0.0,C
2640652321,2,0.0,C
2640652321,2,0.0,C
2649902721,2,0.003037345687733395,C
2649902721,2,0.0027973849944356033,C
2649902721,2,0.003288421272116704,C
2649902721,2,0.003965034730766481,C
2649902721,2,0.0027704275418941604,C
3361372348,2,0.0,C
3361372348,2,0.0,C
3361372348,2,0.0,C
3361372348,2,0.0,C
3361372348,2,0.0,C
3402936678,2,0.0,C
3402936678,2,0.0,C
3402936678,2,0.0,C
3402936678,2,0.0,C
3402936678,2,0.0,C
3433674368,2,0.0,C
3433674368,2,0.0,C
3433674368,2,0.0,C
3433674368,2,0.0,C
3433674368,2,0.0,C
3629425228,2,0.0,N
3629425228,2,0.0,N
3629425228,2,0.0,N
3629425228,2,0.0,N
3629425228,2,0.0,N
3920365076,2,0.0,C
3920365076,2,0.0,C
3920365076,2,0.0,C
3920365076,2,0.0,C
3920365076,2,0.0,C
203749390,2,0.0004218352743967646,C
203749390,2,0.0004580810517452738,C
203749390,2,9.61600611670832e-05,C
203749390,2,0.00012226643423385308,C
203749390,2,0.000580065624608217,C
413654173,2,0.0,C
413654173,2,0.0,C
413654173,2,0.0,C
413654173,2,0.0,C
413654173,2,0.0,C
1792562719,2,0.004997138997058559,S
1792562719,2,0.005423156685075314,S
1792562719,2,0.0060413903522862356,S
1792562719,2,0.0038216252896310365,S
1792562719,2,0.004236248796233966,S
2021812431,2,0.0014652779173395247,N
2021812431,2,0.0005516243832176526,N
2021812431,2,0.001090488427729408,N
2021812431,2,0.0009219315360471381,N
2021812431,2,0.001550522551659772,N
2473389857,2,0.0004842421865650648,C
2473389857,2,0.0006792111896378739,C
2473389857,2,0.0008727830846224638,C
2473389857,2,0.0014475248496893522,C
2473389857,2,0.0022946299868833453,C
2556855854,2,-0.0003252770400249405,C
2556855854,2,-9.280382338183735e-05,C
2556855854,2,-0.00016204850559375927,C
2556855854,2,-0.000172621881975199,C
2556855854,2,0.00017036557705651934,C
3222770065,2,-0.00017499329195780344,C
3222770065,2,-0.00016467558737287558,C
3222770065,2,-0.00013327202466051347,C
3222770065,2,-0.00012433200773487307,C
3222770065,2,-0.00013327202466051347,C
4116013187,2,0.0,C
4116013187,2,0.0,C
4116013187,2,0.0,C
4116013187,2,0.0,C
4116013187,2,0.0,C
38514050,2,0.0,C
38514050,2,0.0,C
38514050,2,0.0,C
38514050,2,0.0,C
38514050,2,0.0,C
201130145,2,0.0,C
201130145,2,0.0,C
201130145,2,0.0,C
201130145,2,0.0,C
201130145,2,0.0,C
242735932,2,0.0,C
242735932,2,0.0,C
242735932,2,0.0,C
242735932,2,0.0,C
242735932,2,0.0,C
545884714,2,0.0,C
545884714,2,0.0,C
545884714,2,0.0,C
545884714,2,0.0,C
545884714,2,0.0,C
714893496,2,0.0012396702493828737,C
714893496,2,0.00030980149015613634,C
714893496,2,0.001298975584913542,C
714893496,2,4.887844070800007e-05,C
714893496,2,0.001437734370087984,C
833901780,2,-0.0002306470064185051,N
833901780,2,-0.0005007368995419981,N
833901780,2,-2.4973412942164153e-05,N
833901780,2,0.0007343474518356485,N
833901780,2,0.00021480514010341345,N
936207910,2,0.0,C
936207910,2,0.0,C
936207910,2,0.0,C
936207910,2,0.0,C
936207910,2,0.0,C
966311396,2,0.0025781809582795523,C
966311396,2,0.0029433974242133454,C
966311396,2,0.0019184234061377925,C
966311396,2,0.002595049566008867,C
966311396,2,0.004643048167679131,C
1131570738,2,-0.0005195905862054317,N
1131570738,2,-0.0007372761644812709,N
1131570738,2,-0.0005507508095288216,N
1131570738,2,-0.0005552523523636443,N
1131570738,2,-0.0006590958275221048,N
1147977085,2,-4.4450259238937306e-05,C
1147977085,2,0.0001285842325174924,C
1147977085,2,0.00017999097065923841,C
1147977085,2,-8.031440015043856e-06,C
1147977085,2,0.0001411718197653622,C
1424298323,2,0.0,C
1424298323,2,0.0,C
1424298323,2,0.0,C
1424298323,2,0.0,C
1424298323,2,0.0,C
1503972698,2,9.094814532295548e-05,C
1503972698,2,0.00010663883916128825,C
1503972698,2,-0.00013801463600249253,C
1503972698,2,0.00011000375755976233,C
1503972698,2,8.113988425484386e-05,C
1918623435,2,0.0,N
1918623435,2,0.0,N
1918623435,2,0.0,N
1918623435,2,0.0,N
1918623435,2,0.0,N
1935489231,2,0.0,C
1935489231,2,0.0,C
1935489231,2,0.0,C
1935489231,2,0.0,C
1935489231,2,0.0,C
1950697347,2,0.0,N
1950697347,2,0.0,N
1950697347,2,0.0,N
1950697347,2,0.0,N
1950697347,2,0.0,N
2396858788,2,0.0,N
2396858788,2,0.0,N
2396858788,2,0.0,N
2396858788,2,0.0,N
2396858788,2,0.0,N
2598322190,2,8.319758564390156e-05,C
2598322190,2,7.233083765489923e-06,C
2598322190,2,-2.175497723577724e-05,C
2598322190,2,2.4287278304835347e-05,C
2598322190,2,5.31382946807879e-05,C
3002759401,2,-0.00021622535236553997,C
3002759401,2,-0.00010032713683394423,C
3002759401,2,-4.1819861318015406e-05,C
3002759401,2,0.000284880545557753,C
3002759401,2,0.0007315700607295472,C
3330819572,2,-0.0006883632262204564,C
3330819572,2,-0.0012500079714391488,C
3330819572,2,-0.0007629768338994758,C
3330819572,2,-0.0012339867426600648,C
3330819572,2,-0.0010788077898892245,C
3352470083,2,0.0,C
3352470083,2,0.0,C
3352470083,2,0.0,C
3352470083,2,0.0,C
3352470083,2,0.0,C
3471652661,2,0.0,O
3471652661,2,0.0,O
3471652661,2,0.0,O
3471652661,2,0.0,O
3471652661,2,0.0,O
3598569199,2,0.0,S
3598569199,2,0.0,S
3598569199,2,0.0,S
3598569199,2,0.0,S
3598569199,2,0.0,S
4232961910,2,0.0,C
4232961910,2,0.0,C
4232961910,2,0.0,C
4232961910,2,0.0,C
4232961910,2,0.0,C
4265716399,2,0.0,N
4265716399,2,0.0,N
4265716399,2,0.0,N
4265716399,2,0.0,N
4265716399,2,0.0,N
932711668,2,0.0,N
932711668,2,0.0,N
932711668,2,0.0,N
932711668,2,0.0,N
932711668,2,0.0,N
2840499317,2,0.0,C
2840499317,2,0.0,C
2840499317,2,0.0,C
2840499317,2,0.0,C
2840499317,2,0.0,C
3545074552,2,0.0,C
3545074552,2,0.0,C
3545074552,2,0.0,C
3545074552,2,0.0,C
3545074552,2,0.0,C
4265016989,2,0.0,C
4265016989,2,0.0,C
4265016989,2,0.0,C
4265016989,2,0.0,C
4265016989,2,0.0,C
4291903839,2,0.0,C
4291903839,2,0.0,C
4291903839,2,0.0,C
4291903839,2,0.0,C
4291903839,2,0.0,C
230678001,2,0.0,C
230678001,2,0.0,C
230678001,2,0.0,C
230678001,2,0.0,C
230678001,2,0.0,C
331407418,2,0.0,C
331407418,2,0.0,C
331407418,2,0.0,C
331407418,2,0.0,C
331407418,2,0.0,C
778732855,2,0.0,C
778732855,2,0.0,C
778732855,2,0.0,C
778732855,2,0.0,C
778732855,2,0.0,C
841278242,2,0.0,N
841278242,2,0.0,N
841278242,2,0.0,N
841278242,2,0.0,N
841278242,2,0.0,N
1185824059,2,0.0,C
1185824059,2,0.0,C
1185824059,2,0.0,C
1185824059,2,0.0,C
1185824059,2,0.0,C
1454566863,2,0.0,N
1454566863,2,0.0,N
1454566863,2,0.0,N
1454566863,2,0.0,N
1454566863,2,0.0,N
1706859301,2,0.0,C
1706859301,2,0.0,C
1706859301,2,0.0,C
1706859301,2,0.0,C
1706859301,2,0.0,C
2148181814,2,0.0,C
2148181814,2,0.0,C
2148181814,2,0.0,C
2148181814,2,0.0,C
2148181814,2,0.0,C
2205812603,2,0.0,C
2205812603,2,0.0,C
2205812603,2,0.0,C
2205812603,2,0.0,C
2205812603,2,0.0,C
2717193360,2,0.0,C
2717193360,2,0.0,C
2717193360,2,0.0,C
2717193360,2,0.0,C
2717193360,2,0.0,C
3023912528,2,0.0,N
3023912528,2,0.0,N
3023912528,2,0.0,N
3023912528,2,0.0,N
3023912528,2,0.0,N
4255411623,2,0.0,C
4255411623,2,0.0,C
4255411623,2,0.0,C
4255411623,2,0.0,C
4255411623,2,0.0,C
831463242,2,3.55302463400653e-05,N
831463242,2,9.820422024131581e-05,N
831463242,2,-7.644752045232739e-05,N
831463242,2,-0.00014262148270005603,N
831463242,2,-0.00012505560965214713,N
2308348490,2,0.0025769209177792796,C
2308348490,2,0.0027718796470695972,C
2308348490,2,0.0033776538821604918,C
2308348490,2,0.0019074443885960246,C
2308348490,2,0.0032952325404737026,C
2974534217,2,0.0,C
2974534217,2,0.0,C
2974534217,2,0.0,C
2974534217,2,0.0,C
2974534217,2,0.0,C
3316044600,2,0.0,C
3316044600,2,0.0,C
3316044600,2,0.0,C
3316044600,2,0.0,C
3316044600,2,0.0,C
3694465428,2,0.0,C
3694465428,2,0.0,C
3694465428,2,0.0,C
3694465428,2,0.0,C
3694465428,2,0.0,C
300029630,2,0.0,C
300029630,2,0.0,C
300029630,2,0.0,C
300029630,2,0.0,C
300029630,2,0.0,C
556861920,2,0.0,C
556861920,2,0.0,C
556861920,2,0.0,C
556861920,2,0.0,C
556861920,2,0.0,C
939279745,2,0.0,N
939279745,2,0.0,N
939279745,2,0.0,N
939279745,2,0.0,N
939279745,2,0.0,N
1054113021,2,0.0,C
1054113021,2,0.0,C
1054113021,2,0.0,C
1054113021,2,0.0,C
1054113021,2,0.0,C
1570535615,2,0.0,C
1570535615,2,0.0,C
1570535615,2,0.0,C
1570535615,2,0.0,C
1570535615,2,0.0,C
1987230342,2,0.0,C
1987230342,2,0.0,C
1987230342,2,0.0,C
1987230342,2,0.0,C
1987230342,2,0.0,C
2530044707,2,0.0,C
2530044707,2,0.0,C
2530044707,2,0.0,C
2530044707,2,0.0,C
2530044707,2,0.0,C
2648041165,2,0.0,N
2648041165,2,0.0,N
2648041165,2,0.0,N
2648041165,2,0.0,N
2648041165,2,0.0,N
2665582005,2,0.0,C
2665582005,2,0.0,C
2665582005,2,0.0,C
2665582005,2,0.0,C
2665582005,2,0.0,C
3346502449,2,0.0,C
3346502449,2,0.0,C
3346502449,2,0.0,C
3346502449,2,0.0,C
3346502449,2,0.0,C
3364286038,2,0.0,C
3364286038,2,0.0,C
3364286038,2,0.0,C
3364286038,2,0.0,C
3364286038,2,0.0,C
778732854,2,0.0,C
778732854,2,0.0,C
778732854,2,0.0,C
778732854,2,0.0,C
778732854,2,0.0,C
3189457552,2,0.0006496175241229585,O
3189457552,2,0.0011945127830754743,O
3189457552,2,0.006256450133606428,O
3189457552,2,0.005390626576119328,O
3189457552,2,-0.001388416844766427,O
189305756,2,0.0,C
189305756,2,0.0,C
189305756,2,0.0,C
189305756,2,0.0,C
189305756,2,0.0,C
371948607,2,0.0,N
371948607,2,0.0,N
371948607,2,0.0,N
371948607,2,0.0,N
371948607,2,0.0,N
405062010,2,0.0,C
405062010,2,0.0,C
405062010,2,0.0,C
405062010,2,0.0,C
405062010,2,0.0,C
554582195,2,0.0,C
554582195,2,0.0,C
554582195,2,0.0,C
554582195,2,0.0,C
554582195,2,0.0,C
781447971,2,0.0,C
781447971,2,0.0,C
781447971,2,0.0,C
781447971,2,0.0,C
781447971,2,0.0,C
1785683843,2,0.0,C
1785683843,2,0.0,C
1785683843,2,0.0,C
1785683843,2,0.0,C
1785683843,2,0.0,C
2858202198,2,0.0,C
2858202198,2,0.0,C
2858202198,2,0.0,C
2858202198,2,0.0,C
2858202198,2,0.0,C
3203709451,2,0.002787661810158659,O
3203709451,2,0.002937857345616246,O
3203709451,2,0.0030116543633125215,O
3203709451,2,0.0034718182311174184,O
3203709451,2,0.0016494130549430386,O
403803281,2,0.0,C
403803281,2,0.0,C
403803281,2,0.0,C
403803281,2,0.0,C
403803281,2,0.0,C
799720067,2,0.0,N
799720067,2,0.0,N
799720067,2,0.0,N
799720067,2,0.0,N
799720067,2,0.0,N
942105187,2,0.0,O
942105187,2,0.0,O
942105187,2,0.0,O
942105187,2,0.0,O
942105187,2,0.0,O
1549284008,2,-6.442955943053441e-05,C
1549284008,2,1.7935097631149866e-05,C
1549284008,2,-6.442955943053441e-05,C
1549284008,2,-6.458572795375872e-05,C
1549284008,2,-3.484783375018452e-05,C
1788760918,2,0.0,C
1788760918,2,0.0,C
1788760918,2,0.0,C
1788760918,2,0.0,C
1788760918,2,0.0,C
2030757576,2,0.0,C
2030757576,2,0.0,C
2030757576,2,0.0,C
2030757576,2,0.0,C
2030757576,2,0.0,C
2346739091,2,0.0,C
2346739091,2,0.0,C
2346739091,2,0.0,C
2346739091,2,0.0,C
2346739091,2,0.0,C
2532054344,2,0.0,C
2532054344,2,0.0,C
2532054344,2,0.0,C
2532054344,2,0.0,C
2532054344,2,0.0,C
2725201598,2,0.0,N
2725201598,2,0.0,N
2725201598,2,0.0,N
2725201598,2,0.0,N
2725201598,2,0.0,N
2767041699,2,0.0,C
2767041699,2,0.0,C
2767041699,2,0.0,C
2767041699,2,0.0,C
2767041699,2,0.0,C
2806469715,2,0.0,C
2806469715,2,0.0,C
2806469715,2,0.0,C
2806469715,2,0.0,C
2806469715,2,0.0,C
3062161849,2,0.0,C
3062161849,2,0.0,C
3062161849,2,0.0,C
3062161849,2,0.0,C
3062161849,2,0.0,C
3194233911,2,0.0,C
3194233911,2,0.0,C
3194233911,2,0.0,C
3194233911,2,0.0,C
3194233911,2,0.0,C
3391218824,2,0.0,C
3391218824,2,0.0,C
3391218824,2,0.0,C
3391218824,2,0.0,C
3391218824,2,0.0,C
3941835296,2,0.0,C
3941835296,2,0.0,C
3941835296,2,0.0,C
3941835296,2,0.0,C
3941835296,2,0.0,C
4068677891,2,0.0,C
4068677891,2,0.0,C
4068677891,2,0.0,C
4068677891,2,0.0,C
4068677891,2,0.0,C
4114800826,2,0.0,C
4114800826,2,0.0,C
4114800826,2,0.0,C
4114800826,2,0.0,C
4114800826,2,0.0,C
328936174,2,0.0,C
328936174,2,0.0,C
328936174,2,0.0,C
328936174,2,0.0,C
328936174,2,0.0,C
458993620,2,0.0013347533960768043,N
458993620,2,-0.0013804978428564318,N
458993620,2,-0.0011295320523266872,N
458993620,2,0.0005601204646973335,N
458993620,2,-0.0014266083423911669,N
934550081,2,-0.0001985604342709113,N
934550081,2,-0.0003222829284762474,N
934550081,2,-0.00027196142581908944,N
934550081,2,-0.000398022863183245,N
934550081,2,-0.0005317815212838584,N
409185398,2,0.0,C
409185398,2,0.0,C
409185398,2,0.0,C
409185398,2,0.0,C
409185398,2,0.0,C
695841657,2,0.0,C
695841657,2,0.0,C
695841657,2,0.0,C
695841657,2,0.0,C
695841657,2,0.0,C
762067053,2,0.0,C
762067053,2,0.0,C
762067053,2,0.0,C
762067053,2,0.0,C
762067053,2,0.0,C
1943918545,2,0.0,C
1943918545,2,0.0,C
1943918545,2,0.0,C
1943918545,2,0.0,C
1943918545,2,0.0,C
2297892197,2,0.0,C
2297892197,2,0.0,C
2297892197,2,0.0,C
2297892197,2,0.0,C
2297892197,2,0.0,C
2483208228,2,0.0,C
2483208228,2,0.0,C
2483208228,2,0.0,C
2483208228,2,0.0,C
2483208228,2,0.0,C
2506939770,2,0.0,N
2506939770,2,0.0,N
2506939770,2,0.0,N
2506939770,2,0.0,N
2506939770,2,0.0,N
2662811161,2,0.0,N
2662811161,2,0.0,N
2662811161,2,0.0,N
2662811161,2,0.0,N
2662811161,2,0.0,N
2826263842,2,0.0,O
2826263842,2,0.0,O
2826263842,2,0.0,O
2826263842,2,0.0,O
2826263842,2,0.0,O
3344936865,2,0.0,C
3344936865,2,0.0,C
3344936865,2,0.0,C
3344936865,2,0.0,C
3344936865,2,0.0,C
3938681396,2,0.0,C
3938681396,2,0.0,C
3938681396,2,0.0,C
3938681396,2,0.0,C
3938681396,2,0.0,C
4002245684,2,0.0,N
4002245684,2,0.0,N
4002245684,2,0.0,N
4002245684,2,0.0,N
4002245684,2,0.0,N
100962550,2,0.0,C
100962550,2,0.0,C
100962550,2,0.0,C
100962550,2,0.0,C
100962550,2,0.0,C
260432667,2,0.0,C
260432667,2,0.0,C
260432667,2,0.0,C
260432667,2,0.0,C
260432667,2,0.0,C
417622085,2,0.0,C
417622085,2,0.0,C
417622085,2,0.0,C
417622085,2,0.0,C
417622085,2,0.0,C
1508145766,2,0.0,N
1508145766,2,0.0,N
1508145766,2,0.0,N
1508145766,2,0.0,N
1508145766,2,0.0,N
2170404731,2,0.0007375862682439394,C
2170404731,2,0.0006709471161472358,C
2170404731,2,0.0004984822016074197,C
2170404731,2,0.0006516345652338718,C
2170404731,2,0.0004586593794098093,C
2609110922,2,0.0,C
2609110922,2,0.0,C
2609110922,2,0.0,C
2609110922,2,0.0,C
2609110922,2,0.0,C
3701504231,2,-0.0011586592634084125,N
3701504231,2,-0.0012905945966046328,N
3701504231,2,-0.0013564382222367444,N
3701504231,2,-0.001114506230285639,N
3701504231,2,-0.0012206272144686947,N
3930312868,2,0.0,C
3930312868,2,0.0,C
3930312868,2,0.0,C
3930312868,2,0.0,C
3930312868,2,0.0,C
729796064,2,-0.002963269861290585,C
729796064,2,-0.003209592445443832,C
729796064,2,-0.0036573890109751206,C
729796064,2,-0.004127508045281725,C
729796064,2,-0.003984155977819648,C
2617658656,2,0.0,C
2617658656,2,0.0,C
2617658656,2,0.0,C
2617658656,2,0.0,C
2617658656,2,0.0,C
3886201961,2,0.0,C
3886201961,2,0.0,C
3886201961,2,0.0,C
3886201961,2,0.0,C
3886201961,2,0.0,C
81456112,2,0.0,C
81456112,2,0.0,C
81456112,2,0.0,C
81456112,2,0.0,C
81456112,2,0.0,C
128522177,2,0.0004903386559634848,C
128522177,2,0.0010199237044813403,C
128522177,2,-0.0006082066232812045,C
128522177,2,-0.0006339810960935832,C
128522177,2,-0.0005201553265634651,C
253518567,2,0.0,C
253518567,2,0.0,C
253518567,2,0.0,C
253518567,2,0.0,C
253518567,2,0.0,C
256204769,2,-0.00041554076051797395,C
256204769,2,0.00013473863908397554,C
256204769,2,0.00015859776639681744,C
256204769,2,-0.0004332690108985737,C
256204769,2,-0.00041668334219657766,C
476060908,2,-0.00010711155071518874,C
476060908,2,0.0012785572882814122,C
476060908,2,-0.0006554808806549239,C
476060908,2,-6.474002419909475e-05,C
476060908,2,0.0009147776113000994,C
564771590,2,0.0,C
564771590,2,0.0,C
564771590,2,0.0,C
564771590,2,0.0,C
564771590,2,0.0,C
661888323,2,0.0006439023822240042,C
661888323,2,0.00010219829567881256,C
661888323,2,0.000909951376717566,C
661888323,2,0.000924970318031404,C
661888323,2,0.0007056909394724808,C
818767036,2,0.0,C
818767036,2,0.0,C
818767036,2,0.0,C
818767036,2,0.0,C
818767036,2,0.0,C
1091340519,2,0.0,C
1091340519,2,0.0,C
1091340519,2,0.0,C
1091340519,2,0.0,C
1091340519,2,0.0,C
1617222861,2,0.0,N
1617222861,2,0.0,N
1617222861,2,0.0,N
1617222861,2,0.0,N
1617222861,2,0.0,N
2512623809,2,-0.0012555733293927451,C
2512623809,2,-0.0009650055266147151,C
2512623809,2,-0.0009997646634292146,C
2512623809,2,-0.0010476356650168661,C
2512623809,2,-0.0009332395839130037,C
2889160788,2,0.0,N
2889160788,2,0.0,N
2889160788,2,0.0,N
2889160788,2,0.0,N
2889160788,2,0.0,N
2893839638,2,0.0,C
2893839638,2,0.0,C
2893839638,2,0.0,C
2893839638,2,0.0,C
2893839638,2,0.0,C
3261995957,2,0.0,C
3261995957,2,0.0,C
3261995957,2,0.0,C
3261995957,2,0.0,C
3261995957,2,0.0,C
3787488754,2,0.0,C
3787488754,2,0.0,C
3787488754,2,0.0,C
3787488754,2,0.0,C
3787488754,2,0.0,C
3796359118,2,0.0005485012944418388,C
3796359118,2,0.005067839743794322,C
3796359118,2,0.001333646566612945,C
3796359118,2,0.003110138456535183,C
3796359118,2,0.002860694864371016,C
3968717672,2,0.0,N
3968717672,2,0.0,N
3968717672,2,0.0,N
3968717672,2,0.0,N
3968717672,2,0.0,N
4003276113,2,0.0,C
4003276113,2,0.0,C
4003276113,2,0.0,C
4003276113,2,0.0,C
4003276113,2,0.0,C
4012121575,2,0.0006673975454383196,C
4012121575,2,0.0006299588622415975,C
4012121575,2,0.0004535435222410289,C
4012121575,2,0.00031786373405429114,C
4012121575,2,0.0003608912644645912,C
692277943,2,3.140794382461287e-05,N
692277943,2,-2.750879700919029e-06,N
692277943,2,4.938775374829785e-05,N
692277943,2,8.263151381693312e-05,N
692277943,2,-0.00010521137181329632,N
1620258790,2,-4.4924325334871895e-05,N
1620258790,2,-6.983592936049554e-05,N
1620258790,2,2.5593647498101113e-05,N
1620258790,2,-4.0250030409194615e-05,N
1620258790,2,8.490509050884665e-05,N
2089117413,2,0.0012268504231717214,C
2089117413,2,0.00010199231102736572,C
2089117413,2,0.0014635502384833243,C
2089117413,2,-0.001710370098180758,C
2089117413,2,-0.0019526310635982203,C
1600048,2,0.0,N
1600048,2,0.0,N
1600048,2,0.0,N
1600048,2,0.0,N
1600048,2,0.0,N
514870344,2,0.0,C
514870344,2,0.0,C
514870344,2,0.0,C
514870344,2,0.0,C
514870344,2,0.0,C
613390970,2,0.0,C
613390970,2,0.0,C
613390970,2,0.0,C
613390970,2,0.0,C
613390970,2,0.0,C
1196782798,2,0.0,C
1196782798,2,0.0,C
1196782798,2,0.0,C
1196782798,2,0.0,C
1196782798,2,0.0,C
1940576386,2,0.0,C
1940576386,2,0.0,C
1940576386,2,0.0,C
1940576386,2,0.0,C
1940576386,2,0.0,C
1975226074,2,0.0,N
1975226074,2,0.0,N
1975226074,2,0.0,N
1975226074,2,0.0,N
1975226074,2,0.0,N
2905822145,2,-9.069707473829958e-06,C
2905822145,2,-1.1609749607344177e-05,C
2905822145,2,-1.7521756664473642e-05,C
2905822145,2,-7.194527094078751e-07,C
2905822145,2,-9.069707473829958e-06,C
2914536168,2,-5.6776502549649166e-05,C
2914536168,2,0.00033820229268710644,C
2914536168,2,-0.00016520175501077983,C
2914536168,2,0.00035480908425611357,C
2914536168,2,-1.889813349920111e-05,C
2965143722,2,0.0,C
2965143722,2,0.0,C
2965143722,2,0.0,C
2965143722,2,0.0,C
2965143722,2,0.0,C
2977977841,2,0.0,N
2977977841,2,0.0,N
2977977841,2,0.0,N
2977977841,2,0.0,N
2977977841,2,0.0,N
3244372419,2,0.0,C
3244372419,2,0.0,C
3244372419,2,0.0,C
3244372419,2,0.0,C
3244372419,2,0.0,C
3513840186,2,0.0,C
3513840186,2,0.0,C
3513840186,2,0.0,C
3513840186,2,0.0,C
3513840186,2,0.0,C
3777584818,2,0.0,C
3777584818,2,0.0,C
3777584818,2,0.0,C
3777584818,2,0.0,C
3777584818,2,0.0,C
3869736299,2,0.0,C
3869736299,2,0.0,C
3869736299,2,0.0,C
3869736299,2,0.0,C
3869736299,2,0.0,C
3873306213,2,3.889628207043305e-05,N
3873306213,2,3.0496815422886847e-05,N
3873306213,2,1.051908599836171e-05,N
3873306213,2,-1.0382005650733106e-06,N
3873306213,2,3.618631591584265e-05,N
3927757939,2,0.0,C
3927757939,2,0.0,C
3927757939,2,0.0,C
3927757939,2,0.0,C
3927757939,2,0.0,C
3975317568,2,0.0,C
3975317568,2,0.0,C
3975317568,2,0.0,C
3975317568,2,0.0,C
3975317568,2,0.0,C
64070612,2,0.001594057145898109,C
64070612,2,0.0004946954705055129,C
64070612,2,0.0006994147685529528,C
64070612,2,0.001292108843954809,C
64070612,2,0.001356848708674585,C
913310822,2,0.006316202811528671,C
913310822,2,0.004851305168948605,C
913310822,2,0.0047637328452342365,C
913310822,2,0.007055614850620229,C
913310822,2,0.008674063495534567,C
3345225135,2,0.0001542521229948024,N
3345225135,2,-7.97757241804975e-05,N
3345225135,2,-0.00022660320660972122,N
3345225135,2,-0.00027459010333619194,N
3345225135,2,-0.0008942572084403855,N
575877237,2,0.0,C
575877237,2,0.0,C
575877237,2,0.0,C
575877237,2,0.0,C
575877237,2,0.0,C
773497988,2,0.0,N
773497988,2,0.0,N
773497988,2,0.0,N
773497988,2,0.0,N
773497988,2,0.0,N
887349181,2,-0.00013853236557415105,N
887349181,2,-0.00013853236557415105,N
887349181,2,-0.00013853236557415105,N
887349181,2,-0.00013853236557415105,N
887349181,2,-0.00013853236557415105,N
980509515,2,0.0,C
980509515,2,0.0,C
980509515,2,0.0,C
980509515,2,0.0,C
980509515,2,0.0,C
1103832125,2,0.0,C
1103832125,2,0.0,C
1103832125,2,0.0,C
1103832125,2,0.0,C
1103832125,2,0.0,C
1182622762,2,0.0024802675512459738,C
1182622762,2,0.0013383562589492914,C
1182622762,2,-8.239328391568268e-05,C
1182622762,2,0.0032269124689325857,C
1182622762,2,0.002633887452330619,C
1460642244,2,0.0,C
1460642244,2,0.0,C
1460642244,2,0.0,C
1460642244,2,0.0,C
1460642244,2,0.0,C
1502159688,2,-9.359283918375372e-05,C
1502159688,2,-9.359283918375372e-05,C
1502159688,2,-9.359283918375372e-05,C
1502159688,2,-9.359283918375372e-05,C
1502159688,2,-9.359283918375372e-05,C
1619299783,2,0.0,C
1619299783,2,1.109129786514007e-05,C
1619299783,2,4.152229316267686e-06,C
1619299783,2,0.0,C
1619299783,2,4.242269008447597e-05,C
1976473596,2,0.0,C
1976473596,2,0.0,C
1976473596,2,0.0,C
1976473596,2,0.0,C
1976473596,2,0.0,C
2003124847,2,0.0,C
2003124847,2,0.0,C
2003124847,2,0.0,C
2003124847,2,0.0,C
2003124847,2,0.0,C
2233928532,2,0.0,C
2233928532,2,0.0,C
2233928532,2,0.0,C
2233928532,2,0.0,C
2233928532,2,0.0,C
2923200147,2,0.00028553249079876775,C
2923200147,2,0.00022596456244128316,C
2923200147,2,0.00027264682819971853,C
2923200147,2,0.0002636251514223087,C
2923200147,2,0.0001263112955894874,C
3404106711,2,0.0,N
3404106711,2,0.0,N
3404106711,2,0.0,N
3404106711,2,0.0,N
3404106711,2,0.0,N
618671879,2,0.0005671175334477363,C
618671879,2,-0.00041251683375131964,C
618671879,2,0.00038223987262275827,C
618671879,2,0.0009223137767160328,C
618671879,2,0.001266796269856929,C
970433791,2,0.0023085866627037266,C
970433791,2,-0.00023262539141366556,C
970433791,2,0.003114651565543247,C
970433791,2,0.0015893046846815473,C
970433791,2,0.002327578766545324,C
2369690741,2,0.0013871112973113942,C
2369690741,2,0.0003317236966402515,C
2369690741,2,0.0003090101491464159,C
2369690741,2,0.0005861032353096096,C
2369690741,2,1.9559957463832767e-05,C
2687950697,2,3.899514082217337e-05,C
2687950697,2,0.0005092326105544664,C
2687950697,2,0.0007785556494016577,C
2687950697,2,0.0004734993585850944,C
2687950697,2,0.0006368304225614629,C
3044751281,2,0.0006572512241483919,N
3044751281,2,-0.0008327837258761406,N
3044751281,2,0.00020253972923189867,N
3044751281,2,0.0008110379811470114,N
3044751281,2,-0.000356951689858942,N
4036277955,2,0.0014985876631541384,C
4036277955,2,0.0007906499651226806,C
4036277955,2,0.0005023567892272762,C
4036277955,2,-9.67098957503909e-05,C
4036277955,2,0.0004968671790613888,C
4291484675,2,0.0,N
4291484675,2,0.0,N
4291484675,2,0.0,N
4291484675,2,0.0,N
4291484675,2,0.0,N
162451061,2,0.0,C
162451061,2,0.0,C
162451061,2,0.0,C
162451061,2,0.0,C
162451061,2,0.0,C
360746412,2,0.0,C
360746412,2,0.0,C
360746412,2,0.0,C
360746412,2,0.0,C
360746412,2,0.0,C
517432093,2,0.0,C
517432093,2,0.0,C
517432093,2,0.0,C
517432093,2,0.0,C
517432093,2,0.0,C
588583197,2,0.0,N
588583197,2,0.0,N
588583197,2,0.0,N
588583197,2,0.0,N
588583197,2,0.0,N
700366059,2,0.0,C
700366059,2,0.0,C
700366059,2,0.0,C
700366059,2,0.0,C
700366059,2,0.0,C
972212618,2,0.0,C
972212618,2,0.0,C
972212618,2,0.0,C
972212618,2,0.0,C
972212618,2,0.0,C
1085951520,2,0.0,C
1085951520,2,0.0,C
1085951520,2,0.0,C
1085951520,2,0.0,C
1085951520,2,0.0,C
1640551393,2,-1.6732072711134194e-05,C
1640551393,2,-1.6732072711134194e-05,C
1640551393,2,-1.6732072711134194e-05,C
1640551393,2,7.561778603615288e-06,C
1640551393,2,-5.743232096999673e-05,C
1659746977,2,0.0,C
1659746977,2,0.0,C
1659746977,2,0.0,C
1659746977,2,0.0,C
1659746977,2,0.0,C
1746956355,2,0.0,C
1746956355,2,0.0,C
1746956355,2,0.0,C
1746956355,2,0.0,C
1746956355,2,0.0,C
1782103841,2,0.0,C
1782103841,2,0.0,C
1782103841,2,0.0,C
1782103841,2,0.0,C
1782103841,2,0.0,C
1928643610,2,0.0,N
1928643610,2,0.0,N
1928643610,2,0.0,N
1928643610,2,0.0,N
1928643610,2,0.0,N
2083345085,2,0.0,C
2083345085,2,0.0,C
2083345085,2,0.0,C
2083345085,2,0.0,C
2083345085,2,0.0,C
2253487798,2,0.0,C
2253487798,2,0.0,C
2253487798,2,0.0,C
2253487798,2,0.0,C
2253487798,2,0.0,C
2363766683,2,0.0,N
2363766683,2,0.0,N
2363766683,2,0.0,N
2363766683,2,0.0,N
2363766683,2,0.0,N
2452950201,2,0.0,C
2452950201,2,0.0,C
2452950201,2,0.0,C
2452950201,2,0.0,C
2452950201,2,0.0,C
2649179154,2,0.0,C
2649179154,2,0.0,C
2649179154,2,0.0,C
2649179154,2,0.0,C
2649179154,2,0.0,C
2871620237,2,0.0,C
2871620237,2,0.0,C
2871620237,2,0.0,C
2871620237,2,0.0,C
2871620237,2,0.0,C
2959332130,2,0.0006077005671787372,C
2959332130,2,0.0013310010924135751,C
2959332130,2,0.0009194150685514213,C
2959332130,2,0.0008724032140396965,C
2959332130,2,0.0008225399369854447,C
2975850206,2,0.0,N
2975850206,2,0.0,N
2975850206,2,0.0,N
2975850206,2,0.0,N
2975850206,2,0.0,N
3790270853,2,0.0,N
3790270853,2,0.0,N
3790270853,2,0.0,N
3790270853,2,0.0,N
3790270853,2,0.0,N
4084104128,2,0.0,C
4084104128,2,0.0,C
4084104128,2,0.0,C
4084104128,2,0.0,C
4084104128,2,0.0,C
4139827362,2,0.0,C
4139827362,2,0.0,C
4139827362,2,0.0,C
4139827362,2,0.0,C
4139827362,2,0.0,C
2092139921,2,0.0,C
2092139921,2,0.0,C
2092139921,2,0.0,C
2092139921,2,0.0,C
2092139921,2,0.0,C
2260712803,2,0.0,C
2260712803,2,0.0,C
2260712803,2,0.0,C
2260712803,2,0.0,C
2260712803,2,0.0,C
431202968,2,-0.00021948448348863003,O
431202968,2,0.00011095055380827556,O
431202968,2,3.106883725556564e-05,O
431202968,2,8.422964858956217e-05,O
431202968,2,1.8544634928563397e-05,O
600377156,2,0.0,C
600377156,2,0.0,C
600377156,2,0.0,C
600377156,2,0.0,C
600377156,2,0.0,C
829754261,2,0.00029548970206039193,C
829754261,2,0.0001715884911597243,C
829754261,2,4.600898490270122e-05,C
829754261,2,0.00044863289954510943,C
829754261,2,0.00016380398982596134,C
2424973678,2,0.0010848617185217346,C
2424973678,2,-0.0011676742285199326,C
2424973678,2,-0.0017120033770069432,C
2424973678,2,-0.00037681767447317327,C
2424973678,2,0.0018617867984702663,C
3012865236,2,-0.0019631368523479464,N
3012865236,2,-0.0005167297794871351,N
3012865236,2,-0.0016768408249577815,N
3012865236,2,-3.89406957093108e-05,N
3012865236,2,-0.0004027364369014741,N
3458774156,2,0.005568886509996873,N
3458774156,2,0.014384226741040784,N
3458774156,2,0.015608001470846955,N
3458774156,2,0.012038253855337522,N
3458774156,2,0.010700636844596323,N
3777243454,2,-0.00016286940170207043,C
3777243454,2,0.0009392349369834463,C
3777243454,2,0.0003033757159212058,C
3777243454,2,0.0010406115903560664,C
3777243454,2,0.0016751159228048929,C
3917497376,2,0.0,C
3917497376,2,0.0,C
3917497376,2,0.0,C
3917497376,2,0.0,C
3917497376,2,0.0,C
3992410619,2,-0.0002340955805236744,C
3992410619,2,-0.0015719570385427373,C
3992410619,2,-0.0013243298608386356,C
3992410619,2,-0.0015146849280084362,C
3992410619,2,-0.00032907569268247894,C
683707489,2,3.69058011495671e-05,N
683707489,2,9.836011326702643e-05,N
683707489,2,0.00024726072625047557,N
683707489,2,0.00016302438178206202,N
683707489,2,2.8858980913759602e-05,N
830985528,2,0.0,N
830985528,2,0.0,N
830985528,2,0.0,N
830985528,2,0.0,N
830985528,2,0.0,N
969309216,2,0.0,N
969309216,2,0.0,N
969309216,2,0.0,N
969309216,2,0.0,N
969309216,2,0.0,N
1633777018,2,0.0,C
1633777018,2,0.0,C
1633777018,2,0.0,C
1633777018,2,0.0,C
1633777018,2,0.0,C
1822434734,2,0.0,C
1822434734,2,0.0,C
1822434734,2,0.0,C
1822434734,2,0.0,C
1822434734,2,0.0,C
2329183264,2,0.0,N
2329183264,2,0.0,N
2329183264,2,0.0,N
2329183264,2,0.0,N
2329183264,2,0.0,N
3012080282,2,-0.00010055190317181939,C
3012080282,2,1.2305694560788005e-05,C
3012080282,2,0.0003702537522534133,C
3012080282,2,-0.00020975954802482377,C
3012080282,2,-2.0908580711020974e-05,C
3249389781,2,0.0,C
3249389781,2,0.0,C
3249389781,2,0.0,C
3249389781,2,0.0,C
3249389781,2,0.0,C
3394178578,2,0.0,C
3394178578,2,0.0,C
3394178578,2,0.0,C
3394178578,2,0.0,C
3394178578,2,0.0,C
3564721854,2,0.0,O
3564721854,2,0.0,O
3564721854,2,0.0,O
3564721854,2,0.0,O
3564721854,2,0.0,O
3645962415,2,0.0,C
3645962415,2,0.0,C
3645962415,2,0.0,C
3645962415,2,0.0,C
3645962415,2,0.0,C
3783734726,2,0.0,C
3783734726,2,0.0,C
3783734726,2,0.0,C
3783734726,2,0.0,C
3783734726,2,0.0,C
3825351850,2,0.0,C
3825351850,2,0.0,C
3825351850,2,0.0,C
3825351850,2,0.0,C
3825351850,2,0.0,C
3937808328,2,0.0,C
3937808328,2,0.0,C
3937808328,2,0.0,C
3937808328,2,0.0,C
3937808328,2,0.0,C
4098238333,2,0.0,C
4098238333,2,0.0,C
4098238333,2,0.0,C
4098238333,2,0.0,C
4098238333,2,0.0,C
1163048604,2,-2.9888396460564515e-05,C
1163048604,2,1.3632805939356452e-05,C
1163048604,2,-0.0001799389096027726,C
1163048604,2,-0.00012929091499602752,C
1163048604,2,-0.0002475472428820069,C
1255626466,2,0.00028413665240578645,N
1255626466,2,0.00020476236789179758,N
1255626466,2,1.9106678376790143e-05,N
1255626466,2,0.00019790191420177017,N
1255626466,2,0.00025329105809468455,N
2010446245,2,-0.00020691525607463568,C
2010446245,2,0.0012445541363922397,C
2010446245,2,-0.0005721870226524928,C
2010446245,2,0.0015790641816981754,C
2010446245,2,-0.0004651171202234572,C
104601905,2,0.0,C
104601905,2,0.0,C
104601905,2,0.0,C
104601905,2,0.0,C
104601905,2,0.0,C
480757840,2,0.0,C
480757840,2,0.0,C
480757840,2,0.0,C
480757840,2,0.0,C
480757840,2,0.0,C
511170092,2,-0.00033461875655493856,C
511170092,2,-0.00021113509305836775,C
511170092,2,-0.0005932314087994106,C
511170092,2,5.705342478345976e-06,C
511170092,2,-0.00025694099510775725,C
543277772,2,0.0,N
543277772,2,0.0,N
543277772,2,0.0,N
543277772,2,0.0,N
543277772,2,0.0,N
594658892,2,1.5671102682190963e-05,C
594658892,2,1.5671102682190963e-05,C
594658892,2,1.5671102682190963e-05,C
594658892,2,1.5671102682190963e-05,C
594658892,2,1.5671102682190963e-05,C
970519089,2,0.0,N
970519089,2,0.0,N
970519089,2,0.0,N
970519089,2,0.0,N
970519089,2,0.0,N
1341222171,2,0.0,C
1341222171,2,0.0,C
1341222171,2,0.0,C
1341222171,2,0.0,C
1341222171,2,0.0,C
1465027698,2,0.0004203556269017916,C
1465027698,2,0.0003298143368022366,C
1465027698,2,-3.6323960311945847e-05,C
1465027698,2,1.1516715941350952e-05,C
1465027698,2,0.00015122217428353846,C
2022575067,2,0.0,C
2022575067,2,0.0,C
2022575067,2,0.0,C
2022575067,2,0.0,C
2022575067,2,0.0,C
2657601682,2,0.0,C
2657601682,2,0.0,C
2657601682,2,0.0,C
2657601682,2,0.0,C
2657601682,2,0.0,C
3053981858,2,0.0,C
3053981858,2,0.0,C
3053981858,2,0.0,C
3053981858,2,0.0,C
3053981858,2,0.0,C
3070730034,2,-0.0005392673576035678,O
3070730034,2,-0.00038204598300151105,O
3070730034,2,-0.0005384990146288793,O
3070730034,2,-8.645373819204938e-05,O
3070730034,2,-0.000153941094180432,O
3618348383,2,0.0,N
3618348383,2,0.0,N
3618348383,2,0.0,N
3618348383,2,0.0,N
3618348383,2,0.0,N
3751635473,2,0.0,N
3751635473,2,0.0,N
3751635473,2,0.0,N
3751635473,2,0.0,N
3751635473,2,0.0,N
3794207567,2,-0.00026817291930991694,C
3794207567,2,-7.625435008207226e-05,C
3794207567,2,-0.00028785544864340373,C
3794207567,2,-0.00016097908944845418,C
3794207567,2,-0.00036247200605010743,C
3906451376,2,0.0,C
3906451376,2,0.0,C
3906451376,2,0.0,C
3906451376,2,0.0,C
3906451376,2,0.0,C
4144272315,2,0.0,C
4144272315,2,0.0,C
4144272315,2,0.0,C
4144272315,2,0.0,C
4144272315,2,0.0,C
849275503,2,0.0,N
849275503,2,0.0,N
849275503,2,0.0,N
849275503,2,0.0,N
849275503,2,0.0,N
2271053895,2,0.0,S
2271053895,2,0.0,S
2271053895,2,0.0,S
2271053895,2,0.0,S
2271053895,2,0.0,S
2765522949,2,0.0,C
2765522949,2,0.0,C
2765522949,2,0.0,C
2765522949,2,0.0,C
2765522949,2,0.0,C
3386854121,2,0.0,N
3386854121,2,0.0,N
3386854121,2,0.0,N
3386854121,2,0.0,N
3386854121,2,0.0,N
3835273908,2,0.002221428039179685,C
3835273908,2,0.0062592325186277,C
3835273908,2,0.004802559750274327,C
3835273908,2,0.003434059329411321,C
3835273908,2,0.0026223316921683004,C
16828163,2,0.0,C
16828163,2,0.0,C
16828163,2,0.0,C
16828163,2,0.0,C
16828163,2,0.0,C
19852674,2,-5.2411022196774404e-05,C
19852674,2,0.0003807774697014432,C
19852674,2,2.8143653952317216e-05,C
19852674,2,0.0002721244133291334,C
19852674,2,1.4862303313822878e-05,C
92620239,2,0.000793501261399987,C
92620239,2,0.0006416097893479078,C
92620239,2,0.000777180382681264,C
92620239,2,0.0006376552038870331,C
92620239,2,0.0005790116464651218,C
369426003,2,0.0,C
369426003,2,0.0,C
369426003,2,0.0,C
369426003,2,0.0,C
369426003,2,0.0,C
510990731,2,0.0,C
510990731,2,0.0,C
510990731,2,0.0,C
510990731,2,0.0,C
510990731,2,0.0,C
961603178,2,0.0,N
961603178,2,0.0,N
961603178,2,0.0,N
961603178,2,0.0,N
961603178,2,0.0,N
1207414429,2,0.0,C
1207414429,2,0.0,C
1207414429,2,0.0,C
1207414429,2,0.0,C
1207414429,2,0.0,C
1951686536,2,0.0,C
1951686536,2,0.0,C
1951686536,2,0.0,C
1951686536,2,0.0,C
1951686536,2,0.0,C
2486266314,2,0.0,C
2486266314,2,0.0,C
2486266314,2,0.0,C
2486266314,2,0.0,C
2486266314,2,0.0,C
2634192545,2,0.0,N
2634192545,2,0.0,N
2634192545,2,0.0,N
2634192545,2,0.0,N
2634192545,2,0.0,N
2900010091,2,0.0,N
2900010091,2,0.0,N
2900010091,2,0.0,N
2900010091,2,0.0,N
2900010091,2,0.0,N
3649581391,2,0.0,C
3649581391,2,0.0,C
3649581391,2,0.0,C
3649581391,2,0.0,C
3649581391,2,0.0,C
3879778762,2,0.0,C
3879778762,2,0.0,C
3879778762,2,0.0,C
3879778762,2,0.0,C
3879778762,2,0.0,C
4227537395,2,0.0,S
4227537395,2,0.0,S
4227537395,2,0.0,S
4227537395,2,0.0,S
4227537395,2,0.0,S
141157017,2,0.001154645952624267,C
141157017,2,0.0010479056476591087,C
141157017,2,0.0011756194578063095,C
141157017,2,0.001011337647118693,C
141157017,2,0.00040848879957688933,C
1456537864,2,0.0,C
1456537864,2,0.0,C
1456537864,2,0.0,C
1456537864,2,0.0,C
1456537864,2,0.0,C
1634606847,2,-0.0016233959108937768,N
1634606847,2,-0.0003948370841777571,N
1634606847,2,-0.0036241342855185543,N
1634606847,2,-0.0020708342287525383,N
1634606847,2,-0.0002580445632222039,N
1791271074,2,-0.000600127548539775,S
1791271074,2,0.0022600159926176033,S
1791271074,2,-0.00012796838755213535,S
1791271074,2,-0.0001516611504692733,S
1791271074,2,0.0012525659001161316,S
3988861584,2,0.0,C
3988861584,2,0.0,C
3988861584,2,0.0,C
3988861584,2,0.0,C
3988861584,2,0.0,C
275442231,2,0.0,C
275442231,2,0.0,C
275442231,2,0.0,C
275442231,2,0.0,C
275442231,2,0.0,C
290925539,2,0.0,C
290925539,2,0.0,C
290925539,2,0.0,C
290925539,2,0.0,C
290925539,2,0.0,C
413209849,2,0.0,C
413209849,2,0.0,C
413209849,2,0.0,C
413209849,2,0.0,C
413209849,2,0.0,C
540900169,2,0.0,N
540900169,2,0.0,N
540900169,2,0.0,N
540900169,2,0.0,N
540900169,2,0.0,N
586636525,2,-0.00021510924334222636,C
586636525,2,-0.00018308910583697546,C
586636525,2,0.000190454100456261,C
586636525,2,6.6882628198206e-05,C
586636525,2,0.00027522237652199966,C
1159849141,2,0.0,N
1159849141,2,0.0,N
1159849141,2,0.0,N
1159849141,2,0.0,N
1159849141,2,0.0,N
1360035982,2,0.00017190651296694615,N
1360035982,2,-0.0006963922557423619,N
1360035982,2,-0.0019449593264938558,N
1360035982,2,0.0009054069258981334,N
1360035982,2,-0.00036581841351346345,N
1402758008,2,0.0,S
1402758008,2,0.0,S
1402758008,2,0.0,S
1402758008,2,0.0,S
1402758008,2,0.0,S
1842069428,2,0.0,C
1842069428,2,0.0,C
1842069428,2,0.0,C
1842069428,2,0.0,C
1842069428,2,0.0,C
1889271129,2,0.0,C
1889271129,2,0.0,C
1889271129,2,0.0,C
1889271129,2,0.0,C
1889271129,2,0.0,C
1986454528,2,0.0,C
1986454528,2,0.0,C
1986454528,2,0.0,C
1986454528,2,0.0,C
1986454528,2,0.0,C
2762873187,2,0.0,C
2762873187,2,0.0,C
2762873187,2,0.0,C
2762873187,2,0.0,C
2762873187,2,0.0,C
2832159577,2,0.0,C
2832159577,2,0.0,C
2832159577,2,0.0,C
2832159577,2,0.0,C
2832159577,2,0.0,C
2984952013,2,0.0,C
2984952013,2,0.0,C
2984952013,2,0.0,C
2984952013,2,0.0,C
2984952013,2,0.0,C
3084581584,2,0.0,C
3084581584,2,0.0,C
3084581584,2,0.0,C
3084581584,2,0.0,C
3084581584,2,0.0,C
3244853121,2,0.0,C
3244853121,2,0.0,C
3244853121,2,0.0,C
3244853121,2,0.0,C
3244853121,2,0.0,C
3594145294,2,0.0,N
3594145294,2,0.0,N
3594145294,2,0.0,N
3594145294,2,0.0,N
3594145294,2,0.0,N
3765339668,2,0.0,N
3765339668,2,0.0,N
3765339668,2,0.0,N
3765339668,2,0.0,N
3765339668,2,0.0,N
3953183613,2,0.0,C
3953183613,2,0.0,C
3953183613,2,0.0,C
3953183613,2,0.0,C
3953183613,2,0.0,C
266675433,2,-0.0008628680055882132,O
266675433,2,-0.0007776883004234625,O
266675433,2,-0.0004343884491369021,O
266675433,2,-0.0007402344894128499,O
266675433,2,-0.0010184659104404137,O
1186654798,2,-0.00024040991351947927,C
1186654798,2,-0.0001566386439396661,C
1186654798,2,-9.84171455800098e-05,C
1186654798,2,-0.0001566386439396661,C
1186654798,2,-0.0001566386439396661,C
1898153655,2,0.0,N
1898153655,2,0.0,N
1898153655,2,0.0,N
1898153655,2,0.0,N
1898153655,2,0.0,N
2049340176,2,0.0,C
2049340176,2,0.0,C
2049340176,2,0.0,C
2049340176,2,0.0,C
2049340176,2,0.0,C
2173557700,2,0.0,C
2173557700,2,0.0,C
2173557700,2,0.0,C
2173557700,2,0.0,C
2173557700,2,0.0,C
2251883808,2,0.000499321236264727,C
2251883808,2,-0.00012715477456204383,C
2251883808,2,0.00011168728115074078,C
2251883808,2,0.0008240785786776117,C
2251883808,2,4.253095822703834e-05,C
3476748171,2,0.0,C
3476748171,2,0.0,C
3476748171,2,0.0,C
3476748171,2,0.0,C
3476748171,2,0.0,C
3554022385,2,0.0036973596210753135,C
3554022385,2,0.0026706790550109494,C
3554022385,2,0.0019266281556545861,C
3554022385,2,0.003253564170320411,C
3554022385,2,0.0023689817543853797,C
118059098,2,0.00013336032587851765,C
118059098,2,0.0009649779118657831,C
118059098,2,-0.00029071918323519963,C
118059098,2,0.000498569466141352,C
118059098,2,-5.714418481428396e-05,C
379028014,2,0.0,C
379028014,2,0.0,C
379028014,2,0.0,C
379028014,2,0.0,C
379028014,2,0.0,C
405578005,2,0.0005545012117488257,N
405578005,2,-0.00019917070557440297,N
405578005,2,0.0010468307168829405,N
405578005,2,-0.0005563751715901288,N
405578005,2,0.0002548796568636602,N
434423882,2,5.395489674620002e-05,C
434423882,2,0.0002662013429276522,C
434423882,2,-0.0001934081035911417,C
434423882,2,0.0006199273914280212,C
434423882,2,0.0006865427213058606,C
577839381,2,0.0,C
577839381,2,0.0,C
577839381,2,0.0,C
577839381,2,0.0,C
577839381,2,0.0,C
667769659,2,0.0,C
667769659,2,0.0,C
667769659,2,0.0,C
667769659,2,0.0,C
667769659,2,0.0,C
690328835,2,0.0,C
690328835,2,0.0,C
690328835,2,0.0,C
690328835,2,0.0,C
690328835,2,0.0,C
839260861,2,0.0,N
839260861,2,0.0,N
839260861,2,0.0,N
839260861,2,0.0,N
839260861,2,0.0,N
939739933,2,0.0,C
939739933,2,0.0,C
939739933,2,0.0,C
939739933,2,0.0,C
939739933,2,0.0,C
1068891010,2,0.0,C
1068891010,2,0.0,C
1068891010,2,0.0,C
1068891010,2,0.0,C
1068891010,2,0.0,C
1583185503,2,0.0,N
1583185503,2,0.0,N
1583185503,2,0.0,N
1583185503,2,0.0,N
1583185503,2,0.0,N
1754534098,2,0.0,C
1754534098,2,0.0,C
1754534098,2,0.0,C
1754534098,2,0.0,C
1754534098,2,0.0,C
1928939765,2,0.0,N
1928939765,2,0.0,N
1928939765,2,0.0,N
1928939765,2,0.0,N
1928939765,2,0.0,N
2387089976,2,0.0,C
2387089976,2,0.0,C
2387089976,2,0.0,C
2387089976,2,0.0,C
2387089976,2,0.0,C
3224061971,2,0.0,N
3224061971,2,0.0,N
3224061971,2,0.0,N
3224061971,2,0.0,N
3224061971,2,0.0,N
3239083125,2,0.0,N
3239083125,2,0.0,N
3239083125,2,0.0,N
3239083125,2,0.0,N
3239083125,2,0.0,N
3264036853,2,0.0,C
3264036853,2,0.0,C
3264036853,2,0.0,C
3264036853,2,0.0,C
3264036853,2,0.0,C
3307784137,2,0.0,C
3307784137,2,0.0,C
3307784137,2,0.0,C
3307784137,2,0.0,C
3307784137,2,0.0,C
3549347105,2,0.0005567196909262995,C
3549347105,2,0.0009370638610429749,C
3549347105,2,0.000300197301063454,C
3549347105,2,0.0003307706896833462,C
3549347105,2,-2.2364900551075095e-05,C
3699784776,2,0.0,C
3699784776,2,0.0,C
3699784776,2,0.0,C
3699784776,2,0.0,C
3699784776,2,0.0,C
3795518241,2,0.0,S
3795518241,2,0.0,S
3795518241,2,0.0,S
3795518241,2,0.0,S
3795518241,2,0.0,S
3883091586,2,0.0,C
3883091586,2,0.0,C
3883091586,2,0.0,C
3883091586,2,0.0,C
3883091586,2,0.0,C
833318008,2,0.0,C
833318008,2,0.0,C
833318008,2,0.0,C
833318008,2,0.0,C
833318008,2,0.0,C
1456537871,2,0.0,C
1456537871,2,0.0,C
1456537871,2,0.0,C
1456537871,2,0.0,C
1456537871,2,0.0,C
2013329825,2,0.0,C
2013329825,2,0.0,C
2013329825,2,0.0,C
2013329825,2,0.0,C
2013329825,2,0.0,C
2576005379,2,-7.044082651952444e-05,C
2576005379,2,0.00010667498175220835,C
2576005379,2,4.0044931091332e-05,C
2576005379,2,0.00011371238464796818,C
2576005379,2,0.00016306778053953863,C
55967795,2,0.0,C
55967795,2,0.0,C
55967795,2,0.0,C
55967795,2,0.0,C
55967795,2,0.0,C
89199036,2,0.0,C
89199036,2,0.0,C
89199036,2,0.0,C
89199036,2,0.0,C
89199036,2,0.0,C
245481841,2,0.0,C
245481841,2,0.0,C
245481841,2,0.0,C
245481841,2,0.0,C
245481841,2,0.0,C
1616155062,2,0.0,C
1616155062,2,0.0,C
1616155062,2,0.0,C
1616155062,2,0.0,C
1616155062,2,0.0,C
2012394829,2,0.0,N
2012394829,2,0.0,N
2012394829,2,0.0,N
2012394829,2,0.0,N
2012394829,2,0.0,N
2224186022,2,0.0,N
2224186022,2,0.0,N
2224186022,2,0.0,N
2224186022,2,0.0,N
2224186022,2,0.0,N
2586137364,2,0.0,N
2586137364,2,0.0,N
2586137364,2,0.0,N
2586137364,2,0.0,N
2586137364,2,0.0,N
2658941244,2,0.0,C
2658941244,2,0.0,C
2658941244,2,0.0,C
2658941244,2,0.0,C
2658941244,2,0.0,C
3072880452,2,0.0,C
3072880452,2,0.0,C
3072880452,2,0.0,C
3072880452,2,0.0,C
3072880452,2,0.0,C
3506352489,2,0.0,C
3506352489,2,0.0,C
3506352489,2,0.0,C
3506352489,2,0.0,C
3506352489,2,0.0,C
4007386369,2,0.0,C
4007386369,2,0.0,C
4007386369,2,0.0,C
4007386369,2,0.0,C
4007386369,2,0.0,C
4172760847,2,0.0,C
4172760847,2,0.0,C
4172760847,2,0.0,C
4172760847,2,0.0,C
4172760847,2,0.0,C
994637429,2,0.0,N
994637429,2,0.0,N
994637429,2,0.0,N
994637429,2,0.0,N
994637429,2,0.0,N
1237948901,2,0.00427672718447647,C
1237948901,2,0.0053456227738903905,C
1237948901,2,0.003484329005645881,C
1237948901,2,0.0042835996722341285,C
1237948901,2,0.001455732214170613,C
1257718710,2,0.003398933910927049,C
1257718710,2,0.0010499682572595592,C
1257718710,2,0.0017255531285513825,C
1257718710,2,0.002227484815181646,C
1257718710,2,0.00178953326714415,C
1755363164,2,0.0,C
1755363164,2,0.0,C
1755363164,2,0.0,C
1755363164,2,0.0,C
1755363164,2,0.0,C
3177362943,2,0.00039069400758406925,C
3177362943,2,-6.147950908630406e-05,C
3177362943,2,0.0006342606448684895,C
3177362943,2,-2.9149993039601085e-05,C
3177362943,2,-0.00022292487874631117,C
3194612514,2,0.0,O
3194612514,2,0.0,O
3194612514,2,0.0,O
3194612514,2,0.0,O
3194612514,2,0.0,O
3555434182,2,0.00542724364034175,C
3555434182,2,0.004754116820459786,C
3555434182,2,0.004130155309776784,C
3555434182,2,0.002982842653019513,C
3555434182,2,0.00038919361972500344,C
4078804981,2,0.0,C
4078804981,2,0.0,C
4078804981,2,0.0,C
4078804981,2,0.0,C
4078804981,2,0.0,C
4089138501,2,0.003688074397280472,C
4089138501,2,-0.0017326078243204979,C
4089138501,2,-0.0022649665451414114,C
4089138501,2,0.0007219183454586497,C
4089138501,2,-0.004182449392063137,C
273756909,2,0.0,O
273756909,2,0.0,O
273756909,2,0.0,O
273756909,2,0.0,O
273756909,2,0.0,O
497148975,2,0.0,C
497148975,2,0.0,C
497148975,2,0.0,C
497148975,2,0.0,C
497148975,2,0.0,C
596538004,2,0.0,N
596538004,2,0.0,N
596538004,2,0.0,N
596538004,2,0.0,N
596538004,2,0.0,N
699795807,2,0.0,C
699795807,2,0.0,C
699795807,2,0.0,C
699795807,2,0.0,C
699795807,2,0.0,C
717533372,2,0.0,C
717533372,2,0.0,C
717533372,2,0.0,C
717533372,2,0.0,C
717533372,2,0.0,C
934540015,2,-0.002224992567636863,C
934540015,2,-0.0014940521657605954,C
934540015,2,-0.0009043442211915664,C
934540015,2,-0.0012501754541273113,C
934540015,2,0.0002109814740618443,C
960667422,2,0.0,C
960667422,2,0.0,C
960667422,2,0.0,C
960667422,2,0.0,C
960667422,2,0.0,C
1013652343,2,0.0,C
1013652343,2,0.0,C
1013652343,2,0.0,C
1013652343,2,0.0,C
1013652343,2,0.0,C
1202102858,2,0.0,C
1202102858,2,0.0,C
1202102858,2,0.0,C
1202102858,2,0.0,C
1202102858,2,0.0,C
1216095805,2,0.002024496215266125,C
1216095805,2,0.0032937919939498572,C
1216095805,2,0.0029291709524578158,C
1216095805,2,0.001851065136760477,C
1216095805,2,-0.0005194815696765165,C
1409732253,2,0.0,C
1409732253,2,0.0,C
1409732253,2,0.0,C
1409732253,2,0.0,C
1409732253,2,0.0,C
1500549366,2,0.0,N
1500549366,2,0.0,N
1500549366,2,0.0,N
1500549366,2,0.0,N
1500549366,2,0.0,N
2172076087,2,0.0,C
2172076087,2,0.0,C
2172076087,2,0.0,C
2172076087,2,0.0,C
2172076087,2,0.0,C
2439001532,2,0.0,C
2439001532,2,0.0,C
2439001532,2,0.0,C
2439001532,2,0.0,C
2439001532,2,0.0,C
3526171640,2,0.0,C
3526171640,2,0.0,C
3526171640,2,0.0,C
3526171640,2,0.0,C
3526171640,2,0.0,C
3848614249,2,0.0,C
3848614249,2,0.0,C
3848614249,2,0.0,C
3848614249,2,0.0,C
3848614249,2,0.0,C
411967733,2,-2.8418639788085898e-06,C
411967733,2,2.977406263759974e-06,C
411967733,2,6.38008574971316e-07,C
411967733,2,-3.6185452426673592e-06,C
411967733,2,-5.258980944278235e-06,C
3545365497,2,0.000987157087270596,C
3545365497,2,0.0013861642408248276,C
3545365497,2,0.0013505292630747734,C
3545365497,2,8.320946785111971e-05,C
3545365497,2,0.0009025397442286032,C
43357009,2,1.8347326826928523e-05,C
43357009,2,0.00022593886701771648,C
43357009,2,0.0001905833774011878,C
43357009,2,8.21856626812556e-05,C
43357009,2,5.778717918725196e-05,C
353395765,2,0.0004336190417926211,C
353395765,2,-0.0007109317680422667,C
353395765,2,-0.00045705963888187373,C
353395765,2,-0.00039999180068561735,C
353395765,2,-0.0005219854808611313,C
2509211297,2,0.0005072604940942194,C
2509211297,2,0.00013394210100381443,C
2509211297,2,-0.00012272317802575206,C
2509211297,2,0.0009626424933236732,C
2509211297,2,-1.8988312660561668e-05,C
2734098962,2,-0.00017761450715481075,N
2734098962,2,-2.7319365151878827e-05,N
2734098962,2,0.00011640089675679643,N
2734098962,2,0.00010781089576350489,N
2734098962,2,-9.656966897741981e-05,N
321985955,2,0.0,C
321985955,2,0.0,C
321985955,2,0.0,C
321985955,2,0.0,C
321985955,2,0.0,C
3084241488,2,-3.1355207462224755e-05,C
3084241488,2,1.151707046620487e-05,C
3084241488,2,-0.0001591139265784136,C
3084241488,2,-4.488725539975036e-05,C
3084241488,2,-7.114435068800162e-05,C
3234104871,2,0.0,C
3234104871,2,0.0,C
3234104871,2,0.0,C
3234104871,2,0.0,C
3234104871,2,0.0,C
544863012,2,0.0,C
544863012,2,0.0,C
544863012,2,0.0,C
544863012,2,0.0,C
544863012,2,0.0,C
1023209243,2,0.0,N
1023209243,2,0.0,N
1023209243,2,0.0,N
1023209243,2,0.0,N
1023209243,2,0.0,N
1423887746,2,0.0,C
1423887746,2,0.0,C
1423887746,2,0.0,C
1423887746,2,0.0,C
1423887746,2,0.0,C
1912731961,2,0.0,C
1912731961,2,0.0,C
1912731961,2,0.0,C
1912731961,2,0.0,C
1912731961,2,0.0,C
2115556013,2,0.0,C
2115556013,2,0.0,C
2115556013,2,0.0,C
2115556013,2,0.0,C
2115556013,2,0.0,C
2347776210,2,0.0,C
2347776210,2,0.0,C
2347776210,2,0.0,C
2347776210,2,0.0,C
2347776210,2,0.0,C
2364043882,2,0.0,C
2364043882,2,0.0,C
2364043882,2,0.0,C
2364043882,2,0.0,C
2364043882,2,0.0,C
2666443922,2,0.0,N
2666443922,2,0.0,N
2666443922,2,0.0,N
2666443922,2,0.0,N
2666443922,2,0.0,N
3317330686,2,0.0,N
3317330686,2,0.0,N
3317330686,2,0.0,N
3317330686,2,0.0,N
3317330686,2,0.0,N
3394525106,2,0.0,N
3394525106,2,0.0,N
3394525106,2,0.0,N
3394525106,2,0.0,N
3394525106,2,0.0,N
3887884923,2,-0.0007797376333289474,C
3887884923,2,-0.000501011715772659,C
3887884923,2,0.0002041328258708397,C
3887884923,2,-0.0007202057942699014,C
3887884923,2,-0.001574804630710691,C
4026015066,2,0.0,C
4026015066,2,0.0,C
4026015066,2,0.0,C
4026015066,2,0.0,C
4026015066,2,0.0,C
4145038953,2,0.0,C
4145038953,2,0.0,C
4145038953,2,0.0,C
4145038953,2,0.0,C
4145038953,2,0.0,C
550081331,2,2.786921216346716e-05,C
550081331,2,-7.29861089689976e-05,C
550081331,2,6.865040064585326e-05,C
550081331,2,4.452992300563174e-06,C
550081331,2,5.708643619550813e-05,C
1445715347,2,0.0,C
1445715347,2,0.0,C
1445715347,2,0.0,C
1445715347,2,0.0,C
1445715347,2,0.0,C
1919134267,2,0.0,N
1919134267,2,0.0,N
1919134267,2,0.0,N
1919134267,2,0.0,N
1919134267,2,0.0,N
3182177290,2,0.0,C
3182177290,2,0.0,C
3182177290,2,0.0,C
3182177290,2,0.0,C
3182177290,2,0.0,C
3334525955,2,0.00269781027216065,C
3334525955,2,0.0008914672586025629,C
3334525955,2,0.002123122386324061,C
3334525955,2,0.002219482730067779,C
3334525955,2,0.0022004819213771176,C
59091851,2,0.0,C
59091851,2,0.0,C
59091851,2,0.0,C
59091851,2,0.0,C
59091851,2,0.0,C
154524197,2,0.0,C
154524197,2,0.0,C
154524197,2,0.0,C
154524197,2,0.0,C
154524197,2,0.0,C
287232915,2,0.0,C
287232915,2,0.0,C
287232915,2,0.0,C
287232915,2,0.0,C
287232915,2,0.0,C
305828102,2,0.0008681957163820808,C
305828102,2,0.000620925476305767,C
305828102,2,0.0004414484391974671,C
305828102,2,0.0004000549625469141,C
305828102,2,0.0002669273895974378,C
530118494,2,0.0,C
530118494,2,0.0,C
530118494,2,0.0,C
530118494,2,0.0,C
530118494,2,0.0,C
600803855,2,0.0,C
600803855,2,0.0,C
600803855,2,0.0,C
600803855,2,0.0,C
600803855,2,0.0,C
1073878524,2,0.0,C
1073878524,2,0.0,C
1073878524,2,0.0,C
1073878524,2,0.0,C
1073878524,2,0.0,C
2446048704,2,0.0,C
2446048704,2,0.0,C
2446048704,2,0.0,C
2446048704,2,0.0,C
2446048704,2,0.0,C
2612239213,2,0.0,N
2612239213,2,0.0,N
2612239213,2,0.0,N
2612239213,2,0.0,N
2612239213,2,0.0,N
2662808910,2,0.0,N
2662808910,2,0.0,N
2662808910,2,0.0,N
2662808910,2,0.0,N
2662808910,2,0.0,N
2947875103,2,0.0,N
2947875103,2,0.0,N
2947875103,2,0.0,N
2947875103,2,0.0,N
2947875103,2,0.0,N
3093093703,2,0.0,N
3093093703,2,0.0,N
3093093703,2,0.0,N
3093093703,2,0.0,N
3093093703,2,0.0,N
3254172035,2,0.000923093853789303,C
3254172035,2,0.000177199434458708,C
3254172035,2,0.0007898268073996961,C
3254172035,2,0.0007763655098674827,C
3254172035,2,0.0007438531125263381,C
3407669450,2,-3.793445078092983e-05,C
3407669450,2,-0.0009562489549388431,C
3407669450,2,-0.0002473333413401946,C
3407669450,2,0.0002622521212187756,C
3407669450,2,-0.00010985810127883688,C
3712992837,2,0.0,C
3712992837,2,0.0,C
3712992837,2,0.0,C
3712992837,2,0.0,C
3712992837,2,0.0,C
4029326616,2,0.0,C
4029326616,2,0.0,C
4029326616,2,0.0,C
4029326616,2,0.0,C
4029326616,2,0.0,C
4083722611,2,-0.0015393069559254124,C
4083722611,2,-0.0012539513221326848,C
4083722611,2,-0.0008782159236425668,C
4083722611,2,-0.0013204968774273018,C
4083722611,2,-0.0017860578884189016,C
4262947310,2,0.0,C
4262947310,2,0.0,C
4262947310,2,0.0,C
4262947310,2,0.0,C
4262947310,2,0.0,C
979699401,2,0.0,C
979699401,2,0.0,C
979699401,2,0.0,C
979699401,2,0.0,C
979699401,2,0.0,C
847961216,3,0.020841649530867867,N
847961216,3,0.009576222147653302,N
847961216,3,0.006874644978163369,N
847961216,3,0.009916041901447903,N
847961216,3,0.013046033158956027,N
864942730,3,0.003594698811153929,O
864942730,3,0.00653006736888595,O
864942730,3,0.007277475505814701,O
864942730,3,0.0022820642496913512,O
864942730,3,0.008307175430394387,O
882399112,3,0.0043830897180831,F
882399112,3,0.0063325391923515495,F
882399112,3,0.0065009336685589725,F
882399112,3,0.007535052428401134,F
882399112,3,0.003229339879057269,F
2041434490,3,0.001360201412273443,N
2041434490,3,-0.00049292550455593,N
2041434490,3,0.003423848937154861,N
2041434490,3,-6.202936943444648e-05,N
2041434490,3,0.0015565282794189894,N
2092489639,3,-0.004096612003868461,N
2092489639,3,0.004291309569257273,N
2092489639,3,0.005547107388902517,N
2092489639,3,0.0013999324255147272,N
2092489639,3,-0.005000724586819438,N
2246699815,3,0.002728616696389241,C
2246699815,3,0.0009748347212894526,C
2246699815,3,0.0008516305500531063,C
2246699815,3,0.004541168064900458,C
2246699815,3,0.0008115985017381755,C
2246728737,3,0.002774292886405849,C
2246728737,3,0.001701951898813725,C
2246728737,3,0.0034902458294110428,C
2246728737,3,0.0030418071829336757,C
2246728737,3,0.002487991851724103,C
2968968094,3,0.011960283053936815,C
2968968094,3,0.007625483288758228,C
2968968094,3,0.007882312030345284,C
2968968094,3,0.006630852763676143,C
2968968094,3,0.011336071335331432,C
2976033787,3,0.0019820455966756967,C
2976033787,3,-0.0002951432054044689,C
2976033787,3,-0.0016556347054080822,C
2976033787,3,0.0012902839745770889,C
2976033787,3,0.000524336728060848,C
3217380708,3,-1.800875594903939e-05,C
3217380708,3,0.00011901733126640224,C
3217380708,3,4.9317517315627946e-05,C
3217380708,3,4.059068020867418e-05,C
3217380708,3,-3.7897450389179355e-05,C
3218693969,3,0.0005244347858545106,C
3218693969,3,0.0006642431366001844,C
3218693969,3,-5.591834178486632e-05,C
3218693969,3,0.0007883126342267399,C
3218693969,3,-0.0001927428370779305,C
10565946,3,0.011213977186218749,O
10565946,3,0.018368214793472393,O
10565946,3,0.013447730797816804,O
10565946,3,0.016816098692670978,O
10565946,3,0.01771593862113341,O
98513984,3,0.00999004524062952,C
98513984,3,0.0010297686592040112,C
98513984,3,0.004885394477689098,C
98513984,3,0.01435342306783327,C
98513984,3,0.018528156898841686,C
295371635,3,0.0,C
295371635,3,0.0,C
295371635,3,0.0,C
295371635,3,0.0,C
295371635,3,0.0,C
517457164,3,0.001857287367138416,C
517457164,3,0.003920007431360117,C
517457164,3,0.002531302840219296,C
517457164,3,0.0024795413482132656,C
517457164,3,0.0023219609771822913,C
553412256,3,0.0002152452334946986,C
553412256,3,-0.0011242828652754389,C
553412256,3,-0.0003059008642922745,C
553412256,3,-0.0012622347231534548,C
553412256,3,0.0001757676311511247,C
571978829,3,0.0027648706551633984,C
571978829,3,9.626478052637832e-05,C
571978829,3,0.0030023201009025113,C
571978829,3,0.004414510652306136,C
571978829,3,0.0015730330433554318,C
600629739,3,0.0007665706468723554,N
600629739,3,0.0010444795188653266,N
600629739,3,0.001455292328428337,N
600629739,3,0.001535717955567284,N
600629739,3,0.0008840117501431877,N
951226070,3,-0.00020658506485904393,C
951226070,3,0.002115678968506396,C
951226070,3,0.0030703246705391374,C
951226070,3,-0.0009929492310075672,C
951226070,3,-0.000853344759574548,C
994485099,3,0.015092264039464731,C
994485099,3,0.03290868634750621,C
994485099,3,0.024111653012109713,C
994485099,3,0.02333492416039218,C
994485099,3,0.021132303529110774,C
1054767590,3,0.0035930689462576604,C
1054767590,3,0.010396020883205237,C
1054767590,3,0.0059984729403348425,C
1054767590,3,0.010023417878228025,C
1054767590,3,0.0066580426217971445,C
1100037548,3,0.0013867172875073885,N
1100037548,3,-0.003873176220706931,N
1100037548,3,-0.0027300663732603425,N
1100037548,3,-0.0004361600884428274,N
1100037548,3,-0.004232106232822219,N
1510328189,3,0.0007435037833624092,O
1510328189,3,-3.19907209272996e-05,O
1510328189,3,-0.00022135423427671608,O
1510328189,3,-0.003130948613103146,O
1510328189,3,-0.0007007109104957276,O
1693331843,3,0.00036799243669061177,N
1693331843,3,0.0004950633334739329,N
1693331843,3,-0.0013958111106885385,N
1693331843,3,-0.0002250688273804924,N
1693331843,3,-0.001138233973124514,N
1926716577,3,0.0,C
1926716577,3,0.0,C
1926716577,3,0.0,C
1926716577,3,0.0,C
1926716577,3,0.0,C
1965692378,3,0.0,N
1965692378,3,0.0,N
1965692378,3,0.0,N
1965692378,3,0.0,N
1965692378,3,0.0,N
2284773903,3,0.0005606848718765489,C
2284773903,3,0.002745076578116401,C
2284773903,3,0.0006470576344460577,C
2284773903,3,0.0025380675031718702,C
2284773903,3,0.0006348755990031041,C
2370996728,3,-0.0001750019359024746,C
2370996728,3,0.0009725345881743674,C
2370996728,3,-0.00022938421302576284,C
2370996728,3,5.760150430977884e-05,C
2370996728,3,0.00038511567605481467,C
2435680164,3,-0.0007360210098582565,N
2435680164,3,0.0009958987537411756,N
2435680164,3,0.001775616803907143,N
2435680164,3,-0.0006219260323592213,N
2435680164,3,0.00019137210137853966,N
3042542132,3,0.0,N
3042542132,3,0.0,N
3042542132,3,0.0,N
3042542132,3,0.0,N
3042542132,3,0.0,N
3151378920,3,-0.00015895693176137815,C
3151378920,3,-3.990243063412002e-05,C
3151378920,3,-0.0001233810061315177,C
3151378920,3,-0.00011235358314032329,C
3151378920,3,-0.00011808230877119463,C
3594646603,3,0.0005786062342639786,C
3594646603,3,0.00044766012016905776,C
3594646603,3,-0.001322188427152593,C
3594646603,3,7.872850976242685e-05,C
3594646603,3,0.0005451238553256799,C
3776905034,3,0.0016260773340187606,C
3776905034,3,0.002336385070849545,C
3776905034,3,0.0016567878593409802,C
3776905034,3,0.002733527281952197,C
3776905034,3,0.004742440604494469,C
3777168895,3,-0.003358035278303695,C
3777168895,3,-0.0006266757579416193,C
3777168895,3,-0.009993748595048202,C
3777168895,3,-0.001558118740672465,C
3777168895,3,-0.005715134925532883,C
3824063894,3,0.0023140153986673795,C
3824063894,3,0.002715627148407118,C
3824063894,3,0.0015401602069415876,C
3824063894,3,-0.00023036806783127695,C
3824063894,3,0.0031121997776976107,C
4041152544,3,0.0,F
4041152544,3,0.0,F
4041152544,3,0.0,F
4041152544,3,0.0,F
4041152544,3,0.0,F
4041573576,3,0.0007131381558219685,C
4041573576,3,0.0005419337267608126,C
4041573576,3,-0.0010828214831515304,C
4041573576,3,0.0007463906024054445,C
4041573576,3,-0.002171191929596583,C
4282315164,3,0.0011839494141832052,N
4282315164,3,0.000950651503778599,N
4282315164,3,0.0013485017663241727,N
4282315164,3,-0.00018269100196999233,N
4282315164,3,0.0004526020095212413,N
311123009,3,0.0,N
311123009,3,0.0,N
311123009,3,0.0,N
311123009,3,0.0,N
311123009,3,0.0,N
348407665,3,0.0,C
348407665,3,0.0,C
348407665,3,0.0,C
348407665,3,0.0,C
348407665,3,0.0,C
466968574,3,0.0,C
466968574,3,0.0,C
466968574,3,0.0,C
466968574,3,0.0,C
466968574,3,0.0,C
468580057,3,0.0,C
468580057,3,0.0,C
468580057,3,0.0,C
468580057,3,0.0,C
468580057,3,0.0,C
719981074,3,0.0,N
719981074,3,0.0,N
719981074,3,0.0,N
719981074,3,0.0,N
719981074,3,0.0,N
1116934767,3,0.0,C
1116934767,3,0.0,C
1116934767,3,0.0,C
1116934767,3,0.0,C
1116934767,3,0.0,C
1207774339,3,-0.0001868824623790788,C
1207774339,3,-0.00024067899829482986,C
1207774339,3,0.0001270319538929643,C
1207774339,3,-0.00041940373345572546,C
1207774339,3,-7.785692819539669e-05,C
1255595680,3,-0.0006449261376874071,C
1255595680,3,0.00021535129385952256,C
1255595680,3,-0.0008021170669179067,C
1255595680,3,-0.0011864812998715335,C
1255595680,3,-0.0008541634834408063,C
1311389685,3,0.0,N
1311389685,3,0.0,N
1311389685,3,0.0,N
1311389685,3,0.0,N
1311389685,3,0.0,N
1450006771,3,0.0,C
1450006771,3,0.0,C
1450006771,3,0.0,C
1450006771,3,0.0,C
1450006771,3,0.0,C
1469139952,3,0.0,C
1469139952,3,0.0,C
1469139952,3,0.0,C
1469139952,3,0.0,C
1469139952,3,0.0,C
2081695608,3,0.0,C
2081695608,3,0.0,C
2081695608,3,0.0,C
2081695608,3,0.0,C
2081695608,3,0.0,C
2509315187,3,0.0,N
2509315187,3,0.0,N
2509315187,3,0.0,N
2509315187,3,0.0,N
2509315187,3,0.0,N
2614860224,3,0.0019332722472630293,C
2614860224,3,0.0016135807857183826,C
2614860224,3,0.0007041954016596685,C
2614860224,3,0.0016660851690369904,C
2614860224,3,0.001314740524849256,C
2955372299,3,0.0,C
2955372299,3,0.0,C
2955372299,3,0.0,C
2955372299,3,0.0,C
2955372299,3,0.0,C
3053370223,3,0.0,C
3053370223,3,0.0,C
3053370223,3,0.0,C
3053370223,3,0.0,C
3053370223,3,0.0,C
3108428435,3,0.0,C
3108428435,3,0.0,C
3108428435,3,0.0,C
3108428435,3,0.0,C
3108428435,3,0.0,C
3274190031,3,0.0,N
3274190031,3,0.0,N
3274190031,3,0.0,N
3274190031,3,0.0,N
3274190031,3,0.0,N
3329836627,3,0.0,N
3329836627,3,0.0,N
3329836627,3,0.0,N
3329836627,3,0.0,N
3329836627,3,0.0,N
3428161631,3,0.0,C
3428161631,3,0.0,C
3428161631,3,0.0,C
3428161631,3,0.0,C
3428161631,3,0.0,C
3594714330,3,0.0,N
3594714330,3,0.0,N
3594714330,3,0.0,N
3594714330,3,0.0,N
3594714330,3,0.0,N
3653021149,3,0.0,C
3653021149,3,0.0,C
3653021149,3,0.0,C
3653021149,3,0.0,C
3653021149,3,0.0,C
3667409787,3,0.0,C
3667409787,3,0.0,C
3667409787,3,0.0,C
3667409787,3,0.0,C
3667409787,3,0.0,C
3814690997,3,0.0,N
3814690997,3,0.0,N
3814690997,3,0.0,N
3814690997,3,0.0,N
3814690997,3,0.0,N
3999906991,3,0.022083192821626296,C
3999906991,3,0.012682022061904386,C
3999906991,3,0.032674168010500604,C
3999906991,3,0.018262963880798955,C
3999906991,3,0.01844556467015257,C
4210721535,3,0.0,C
4210721535,3,0.0,C
4210721535,3,0.0,C
4210721535,3,0.0,C
4210721535,3,0.0,C
4282148553,3,0.0,C
4282148553,3,0.0,C
4282148553,3,0.0,C
4282148553,3,0.0,C
4282148553,3,0.0,C
864662311,3,0.03655595835668779,O
864662311,3,0.032014271425687024,O
864662311,3,0.05128426683498666,O
864662311,3,0.037562479171263985,O
864662311,3,0.03328507209385423,O
864674487,3,0.0007627599642480165,O
864674487,3,0.005693192852660012,O
864674487,3,0.00042421343867693473,O
864674487,3,0.0002486742390992447,O
864674487,3,0.0009708817739866316,O
2245273601,3,0.0029679473201127404,C
2245273601,3,0.0032116063552593,C
2245273601,3,0.0004451625737952325,C
2245273601,3,0.0006784372728442234,C
2245273601,3,0.0015072989565728667,C
2245277810,3,-1.1371619925815146e-05,C
2245277810,3,0.0003838647171456877,C
2245277810,3,0.0004128038662774003,C
2245277810,3,-0.0010464209147797998,C
2245277810,3,-0.0017318102188143003,C
2245384272,3,0.010452100077213755,C
2245384272,3,0.009010537780772987,C
2245384272,3,0.00412681127462966,C
2245384272,3,0.006895478122311172,C
2245384272,3,0.013576270945185875,C
485458970,3,0.0,F
485458970,3,0.0,F
485458970,3,0.0,F
485458970,3,0.0,F
485458970,3,0.0,F
572760528,3,0.0024334812170817566,C
572760528,3,-0.0004041259486922133,C
572760528,3,0.0009260164545750182,C
572760528,3,0.0002882923224524214,C
572760528,3,-0.00024408254856911338,C
1101907775,3,0.008773095259917985,N
1101907775,3,0.00406973297335822,N
1101907775,3,0.0017937939739314235,N
1101907775,3,0.005352136957582299,N
1101907775,3,-0.0013398427433258808,N
1135286194,3,0.0013404011762703227,C
1135286194,3,0.00039178826202312944,C
1135286194,3,0.0004264048182175406,C
1135286194,3,0.0010174139560614748,C
1135286194,3,-0.00134773731969684,C
1542631284,3,0.0,O
1542631284,3,0.0,O
1542631284,3,0.0,O
1542631284,3,0.0,O
1542631284,3,0.0,O
1583009052,3,-0.0004638824721497903,C
1583009052,3,-0.00041701507010105665,C
1583009052,3,-0.00023340117571890584,C
1583009052,3,-0.0004298585067590288,C
1583009052,3,-0.0002796680774244109,C
1790668568,3,0.00288954045991896,N
1790668568,3,0.0012275566292541118,N
1790668568,3,0.002697779980684656,N
1790668568,3,0.0017580329955477758,N
1790668568,3,0.003506373696849252,N
2115476908,3,0.005125526932282631,O
2115476908,3,0.005742473253366298,O
2115476908,3,0.003381372532197946,O
2115476908,3,0.004086216944493071,O
2115476908,3,0.00684244536851597,O
2257970297,3,-0.000584240481635967,C
2257970297,3,-0.00015120143652203044,C
2257970297,3,-0.0009365521929383114,C
2257970297,3,-0.0009296129273235199,C
2257970297,3,-0.0010767019683379786,C
2360741695,3,0.013717283105256328,C
2360741695,3,0.005922424140171079,C
2360741695,3,0.015396850792023686,C
2360741695,3,0.017602070388159974,C
2360741695,3,0.009871158322061091,C
2530048747,3,-0.0004669169462296896,N
2530048747,3,-0.0006850796343451648,N
2530048747,3,-0.00018179375635929418,N
2530048747,3,-0.0005246076243415887,N
2530048747,3,0.0001232463792179006,N
3182824521,3,0.0012836140403034157,C
3182824521,3,0.0006987971044268848,C
3182824521,3,0.0007343655474534305,C
3182824521,3,0.0001826125741378748,C
3182824521,3,0.00014167213974591863,C
3297830269,3,0.0,C
3297830269,3,0.0,C
3297830269,3,0.0,C
3297830269,3,0.0,C
3297830269,3,0.0,C
3537123720,3,-0.00012310911025603666,C
3537123720,3,0.0008694933517034986,C
3537123720,3,-1.718760532054553e-05,C
3537123720,3,-0.0013307887939416618,C
3537123720,3,-0.0005569443936842555,C
3542456614,3,-0.0004564105966925469,C
3542456614,3,0.002579793952939391,C
3542456614,3,-0.0013270655201015336,C
3542456614,3,-0.0012522402498551521,C
3542456614,3,0.0020959194009112503,C
3772302167,3,9.308227194848584e-05,C
3772302167,3,-0.00033128521661784927,C
3772302167,3,0.00023434895749052664,C
3772302167,3,-0.0009245216480356921,C
3772302167,3,-0.0001637642729782618,C
3847608821,3,0.0,C
3847608821,3,0.0,C
3847608821,3,0.0,C
3847608821,3,0.0,C
3847608821,3,0.0,C
3992738647,3,0.0,C
3992738647,3,0.0,C
3992738647,3,0.0,C
3992738647,3,0.0,C
3992738647,3,0.0,C
3994088662,3,-0.0016007414830304656,C
3994088662,3,0.0009121368839334343,C
3994088662,3,0.0019873889965160707,C
3994088662,3,0.0003761319781874217,C
3994088662,3,0.002145711339217371,C
262046533,3,0.0,N
262046533,3,0.0,N
262046533,3,0.0,N
262046533,3,0.0,N
262046533,3,0.0,N
344019891,3,-2.3294880113544636e-05,N
344019891,3,1.9640317394431506e-05,N
344019891,3,-0.00010174309388433223,N
344019891,3,0.00011020512780823832,N
344019891,3,-4.564886454017092e-05,N
384152397,3,0.0,C
384152397,3,0.0,C
384152397,3,0.0,C
384152397,3,0.0,C
384152397,3,0.0,C
425761239,3,0.0,C
425761239,3,0.0,C
425761239,3,0.0,C
425761239,3,0.0,C
425761239,3,0.0,C
450728941,3,0.0,C
450728941,3,0.0,C
450728941,3,0.0,C
450728941,3,0.0,C
450728941,3,0.0,C
1025696713,3,0.0,C
1025696713,3,0.0,C
1025696713,3,0.0,C
1025696713,3,0.0,C
1025696713,3,0.0,C
1169545996,3,0.0,C
1169545996,3,0.0,C
1169545996,3,0.0,C
1169545996,3,0.0,C
1169545996,3,0.0,C
1511206547,3,0.0029484266741023335,C
1511206547,3,0.0017885943784771152,C
1511206547,3,0.0006039549790965992,C
1511206547,3,0.0014354847874694654,C
1511206547,3,0.0032567322595710158,C
1586220957,3,0.0,N
1586220957,3,0.0,N
1586220957,3,0.0,N
1586220957,3,0.0,N
1586220957,3,0.0,N
1824749366,3,0.0,C
1824749366,3,0.0,C
1824749366,3,0.0,C
1824749366,3,0.0,C
1824749366,3,0.0,C
1870383208,3,-0.0017093001353469806,C
1870383208,3,-0.0015483057219370933,C
1870383208,3,-0.0003126055320803456,C
1870383208,3,-0.0011600247972457511,C
1870383208,3,-0.0005894856652938207,C
1926335522,3,0.0,C
1926335522,3,0.0,C
1926335522,3,0.0,C
1926335522,3,0.0,C
1926335522,3,0.0,C
2022234070,3,0.0,N
2022234070,3,0.0,N
2022234070,3,0.0,N
2022234070,3,0.0,N
2022234070,3,0.0,N
2148447261,3,0.0,C
2148447261,3,0.0,C
2148447261,3,0.0,C
2148447261,3,0.0,C
2148447261,3,0.0,C
2149173445,3,0.0,C
2149173445,3,0.0,C
2149173445,3,0.0,C
2149173445,3,0.0,C
2149173445,3,0.0,C
2358351923,3,0.0,C
2358351923,3,0.0,C
2358351923,3,0.0,C
2358351923,3,0.0,C
2358351923,3,0.0,C
2457808095,3,0.0,C
2457808095,3,0.0,C
2457808095,3,0.0,C
2457808095,3,0.0,C
2457808095,3,0.0,C
2677858541,3,-0.000999722757359156,C
2677858541,3,-0.0002288387311196738,C
2677858541,3,-0.0003164450916921524,C
2677858541,3,-5.940082042099615e-05,C
2677858541,3,0.00027235196386510285,C
3088822697,3,0.0,O
3088822697,3,0.0,O
3088822697,3,0.0,O
3088822697,3,0.0,O
3088822697,3,0.0,O
3196938764,3,0.0,C
3196938764,3,0.0,C
3196938764,3,0.0,C
3196938764,3,0.0,C
3196938764,3,0.0,C
3392629863,3,0.0,C
3392629863,3,0.0,C
3392629863,3,0.0,C
3392629863,3,0.0,C
3392629863,3,0.0,C
3692055567,3,-0.0006244309653367086,C
3692055567,3,0.0037416862779553473,C
3692055567,3,-0.004958265968275755,C
3692055567,3,-0.0023664480401076604,C
3692055567,3,0.001671760251827803,C
4217292029,3,0.0,C
4217292029,3,0.0,C
4217292029,3,0.0,C
4217292029,3,0.0,C
4217292029,3,0.0,C
848128881,3,0.0028333933405358946,N
848128881,3,0.0026693699887361255,N
848128881,3,0.00218405958815171,N
848128881,3,-0.0005082478245166389,N
848128881,3,0.0046934938552078975,N
2132511834,3,0.00435895017563348,N
2132511834,3,0.00878430283968934,N
2132511834,3,0.007661886569005016,N
2132511834,3,0.004876669008362811,N
2132511834,3,0.00946758269918202,N
416356657,3,0.007759955105141048,C
416356657,3,0.005263988934614328,C
416356657,3,0.01953694939389239,C
416356657,3,0.00786320175688271,C
416356657,3,0.008152115038145724,C
460073430,3,0.0,C
460073430,3,0.0,C
460073430,3,0.0,C
460073430,3,0.0,C
460073430,3,0.0,C
1289643292,3,0.001432648685301241,N
1289643292,3,0.0013014252471014176,N
1289643292,3,0.009290119640965266,N
1289643292,3,0.0041054889484613,N
1289643292,3,0.006458628629091079,N
1602567453,3,-8.439591914466416e-05,C
1602567453,3,-9.619343564082339e-05,C
1602567453,3,-8.439591914466416e-05,C
1602567453,3,-0.0001259243113076458,C
1602567453,3,-9.21304101573206e-05,C
1637836422,3,0.00014452554206734192,C
1637836422,3,0.004056137714790187,C
1637836422,3,0.007223475330474405,C
1637836422,3,0.0003971761634129489,C
1637836422,3,0.004730413156720736,C
1795978025,3,0.0046300346019776395,C
1795978025,3,0.004083341838940213,C
1795978025,3,0.0036727548523702858,C
1795978025,3,0.005734300479298238,C
1795978025,3,0.0072398043612657,C
2117068077,3,0.00038539896476541546,C
2117068077,3,0.0023701394876910475,C
2117068077,3,-0.0009628743333230938,C
2117068077,3,0.0012591397010351946,C
2117068077,3,0.00233947511636845,C
2142032900,3,0.01802529413390297,C
2142032900,3,0.021551268627919007,C
2142032900,3,0.020578237026123047,C
2142032900,3,0.013371826680821375,C
2142032900,3,0.020420578543268952,C
2603759688,3,0.0,N
2603759688,3,0.0,N
2603759688,3,0.0,N
2603759688,3,0.0,N
2603759688,3,0.0,N
3337745083,3,0.0010529663030084402,F
3337745083,3,4.67967292006044e-05,F
3337745083,3,0.0005680717533789181,F
3337745083,3,0.0022710739156084347,F
3337745083,3,0.0006576059293496028,F
3818546315,3,-0.0007447683490133805,C
3818546315,3,-0.0001722366822389798,C
3818546315,3,-0.00039646559275607896,C
3818546315,3,-0.0013162820357381921,C
3818546315,3,-0.0005901495005574686,C
278784068,3,0.0,C
278784068,3,0.0,C
278784068,3,0.0,C
278784068,3,0.0,C
278784068,3,0.0,C
573641903,3,0.0,C
573641903,3,0.0,C
573641903,3,0.0,C
573641903,3,0.0,C
573641903,3,0.0,C
649517798,3,0.0,C
649517798,3,0.0,C
649517798,3,0.0,C
649517798,3,0.0,C
649517798,3,0.0,C
691557941,3,0.0,N
691557941,3,0.0,N
691557941,3,0.0,N
691557941,3,0.0,N
691557941,3,0.0,N
2059101240,3,0.0,C
2059101240,3,0.0,C
2059101240,3,0.0,C
2059101240,3,0.0,C
2059101240,3,0.0,C
2499140822,3,0.0,C
2499140822,3,0.0,C
2499140822,3,0.0,C
2499140822,3,0.0,C
2499140822,3,0.0,C
3227199106,3,0.0,N
3227199106,3,0.0,N
3227199106,3,0.0,N
3227199106,3,0.0,N
3227199106,3,0.0,N
3514909735,3,-0.0002222536000118236,C
3514909735,3,-9.929910222894467e-05,C
3514909735,3,-0.00021249831044867218,C
3514909735,3,-0.00038127430416479147,C
3514909735,3,-0.0003625885013247565,C
3695853513,3,0.0,C
3695853513,3,0.0,C
3695853513,3,0.0,C
3695853513,3,0.0,C
3695853513,3,0.0,C
3738436850,3,0.0,C
3738436850,3,0.0,C
3738436850,3,0.0,C
3738436850,3,0.0,C
3738436850,3,0.0,C
3792822921,3,0.0,N
3792822921,3,0.0,N
3792822921,3,0.0,N
3792822921,3,0.0,N
3792822921,3,0.0,N
847957139,3,0.018627958148529467,N
847957139,3,0.012834460912283907,N
847957139,3,0.005416358190415194,N
847957139,3,0.006551444732031397,N
847957139,3,0.009676210117249062,N
1016841875,3,-0.002397381149732647,Cl
1016841875,3,-0.0041520731942381595,Cl
1016841875,3,-0.0015435641447856252,Cl
1016841875,3,0.0013182094786823306,Cl
1016841875,3,-0.005192336638920159,Cl
434045476,3,0.0,O
434045476,3,0.0,O
434045476,3,0.0,O
434045476,3,0.0,O
434045476,3,0.0,O
1083852209,3,-0.00042924978803060565,N
1083852209,3,-0.0005937337900651096,N
1083852209,3,0.0008604923685329169,N
1083852209,3,0.0006899191066016552,N
1083852209,3,0.00046710508711922394,N
1445852595,3,0.00028930180031405683,C
1445852595,3,-0.0006942971212688942,C
1445852595,3,0.0018841759440179073,C
1445852595,3,0.0010058683091995757,C
1445852595,3,0.0008716561256129074,C
1533864325,3,0.026923474943494896,O
1533864325,3,0.021757549156031675,O
1533864325,3,0.02290401507866513,O
1533864325,3,0.024509360912984612,O
1533864325,3,0.025144703628253606,O
2246340824,3,-0.0026789781422736914,C
2246340824,3,-0.0016681799198142722,C
2246340824,3,-0.004823887862476339,C
2246340824,3,-0.001385296765283428,C
2246340824,3,-0.004066417503341357,C
2353112200,3,0.0068933253085896595,C
2353112200,3,0.009199083004446496,C
2353112200,3,0.008969203886744381,C
2353112200,3,0.011355440670105188,C
2353112200,3,0.004379072507987636,C
2442433719,3,0.0,C
2442433719,3,0.0,C
2442433719,3,0.0,C
2442433719,3,0.0,C
2442433719,3,0.0,C
3162837314,3,0.00017721208809751143,C
3162837314,3,0.0028640811939988353,C
3162837314,3,-0.004204383925181965,C
3162837314,3,-0.0011486887792854228,C
3162837314,3,0.003000388826917444,C
3452535345,3,0.0031285784734076394,Cl
3452535345,3,0.0026004717118562892,Cl
3452535345,3,0.004195708546497867,Cl
3452535345,3,0.0027159736196158413,Cl
3452535345,3,-0.0018477742937810238,Cl
3850856377,3,0.0,C
3850856377,3,0.0,C
3850856377,3,0.0,C
3850856377,3,0.0,C
3850856377,3,0.0,C
3982076256,3,0.0022612161594980362,C
3982076256,3,0.0009304066151254453,C
3982076256,3,0.0002319705266696781,C
3982076256,3,0.001019511405839002,C
3982076256,3,0.00018687138955608695,C
636971230,3,-0.002246092771586272,C
636971230,3,-0.00033817392821910985,C
636971230,3,-0.0004947686494047865,C
636971230,3,-0.0004097523280616189,C
636971230,3,-0.0012027029223008467,C
669222828,3,-0.00013431347542924854,C
669222828,3,7.345379606316094e-05,C
669222828,3,0.00031562530302198244,C
669222828,3,-1.7956113032790988e-05,C
669222828,3,-8.052015879911334e-05,C
1545280258,3,0.0,O
1545280258,3,0.0,O
1545280258,3,0.0,O
1545280258,3,0.0,O
1545280258,3,0.0,O
1733062447,3,0.0,C
1733062447,3,0.0,C
1733062447,3,0.0,C
1733062447,3,0.0,C
1733062447,3,0.0,C
1999971574,3,0.0,C
1999971574,3,0.0,C
1999971574,3,0.0,C
1999971574,3,0.0,C
1999971574,3,0.0,C
2256986338,3,0.0,C
2256986338,3,0.0,C
2256986338,3,0.0,C
2256986338,3,0.0,C
2256986338,3,0.0,C
2604440622,3,-7.569548554164918e-05,C
2604440622,3,4.0404420913020545e-05,C
2604440622,3,0.00021209448698522593,C
2604440622,3,-1.6089505567196127e-05,C
2604440622,3,7.873635270805313e-05,C
2703868098,3,0.0,N
2703868098,3,0.0,N
2703868098,3,0.0,N
2703868098,3,0.0,N
2703868098,3,0.0,N
2810558781,3,0.0,C
2810558781,3,0.0,C
2810558781,3,0.0,C
2810558781,3,0.0,C
2810558781,3,0.0,C
2916595165,3,0.0,C
2916595165,3,0.0,C
2916595165,3,0.0,C
2916595165,3,0.0,C
2916595165,3,0.0,C
2944555726,3,0.0027522714315936225,C
2944555726,3,0.00012240057750689814,C
2944555726,3,-0.0002407564407256313,C
2944555726,3,-0.0004326580664339996,C
2944555726,3,0.002472418923120112,C
2987687375,3,-0.0001073724420053157,C
2987687375,3,-6.839004483738531e-05,C
2987687375,3,-4.662215268680381e-05,C
2987687375,3,-0.00015736705643687454,C
2987687375,3,-0.00011247378614021031,C
3848534832,3,-0.00035605497468127467,C
3848534832,3,-0.0003758576641005318,C
3848534832,3,0.00012384521774477797,C
3848534832,3,-0.0013088769288841506,C
3848534832,3,-0.001255402283697693,C
3981351246,3,0.0,C
3981351246,3,0.0,C
3981351246,3,0.0,C
3981351246,3,0.0,C
3981351246,3,0.0,C
4143286053,3,0.0,C
4143286053,3,0.0,C
4143286053,3,0.0,C
4143286053,3,0.0,C
4143286053,3,0.0,C
4216335232,3,-0.0022473320407274677,C
4216335232,3,9.140659117612415e-05,C
4216335232,3,0.0002666585140701505,C
4216335232,3,0.0039759823257171645,C
4216335232,3,0.0015130053291925183,C
485463469,3,0.00034254686055845696,F
485463469,3,8.445484870389652e-05,F
485463469,3,0.000623137403323315,F
485463469,3,0.0006933139597696814,F
485463469,3,0.0003034407198088118,F
1312131881,3,0.001065896667065247,C
1312131881,3,0.002234014263678863,C
1312131881,3,0.0019850741843346897,C
1312131881,3,0.000538397846007288,C
1312131881,3,0.001111601735323764,C
1979131117,3,0.0,C
1979131117,3,0.0,C
1979131117,3,0.0,C
1979131117,3,0.0,C
1979131117,3,0.0,C
2459558207,3,0.0,C
2459558207,3,0.0,C
2459558207,3,0.0,C
2459558207,3,0.0,C
2459558207,3,0.0,C
3909974435,3,-0.0001495139125328171,C
3909974435,3,0.0002662687368024663,C
3909974435,3,-0.00012037139432852229,C
3909974435,3,-2.549874586033063e-06,C
3909974435,3,-0.0002673371569781313,C
304550229,3,0.0,N
304550229,3,0.0,N
304550229,3,0.0,N
304550229,3,0.0,N
304550229,3,0.0,N
515013889,3,0.0,C
515013889,3,0.0,C
515013889,3,0.0,C
515013889,3,0.0,C
515013889,3,0.0,C
2376477245,3,0.0,C
2376477245,3,0.0,C
2376477245,3,0.0,C
2376477245,3,0.0,C
2376477245,3,0.0,C
2805850412,3,0.0,C
2805850412,3,0.0,C
2805850412,3,0.0,C
2805850412,3,0.0,C
2805850412,3,0.0,C
2830400721,3,0.0,C
2830400721,3,0.0,C
2830400721,3,0.0,C
2830400721,3,0.0,C
2830400721,3,0.0,C
3313841562,3,0.0,C
3313841562,3,0.0,C
3313841562,3,0.0,C
3313841562,3,0.0,C
3313841562,3,0.0,C
3886135871,3,0.0,C
3886135871,3,0.0,C
3886135871,3,0.0,C
3886135871,3,0.0,C
3886135871,3,0.0,C
4231742335,3,0.0,C
4231742335,3,0.0,C
4231742335,3,0.0,C
4231742335,3,0.0,C
4231742335,3,0.0,C
2245900962,3,0.0017031492267081116,C
2245900962,3,0.0010118605082121146,C
2245900962,3,0.0007314695498726875,C
2245900962,3,0.0007090689219186874,C
2245900962,3,0.0012442377294670237,C
393353044,3,0.0,C
393353044,3,0.0,C
393353044,3,0.0,C
393353044,3,0.0,C
393353044,3,0.0,C
422715066,3,0.01053816929097251,C
422715066,3,0.025138970878644806,C
422715066,3,0.015582693114196577,C
422715066,3,0.013682145402524215,C
422715066,3,0.01461506301047888,C
623728226,3,0.0013289236651009562,C
623728226,3,-0.0012131119721519035,C
623728226,3,-0.00183492490014725,C
623728226,3,-0.0006618559888093012,C
623728226,3,0.003853930583134435,C
963029399,3,0.004453411590971346,N
963029399,3,0.005033534816645147,N
963029399,3,0.0016589975007141877,N
963029399,3,0.0024598455393504137,N
963029399,3,0.007841540645979639,N
1070821685,3,0.00020162840870974197,C
1070821685,3,0.00010320208022562838,C
1070821685,3,0.00011761136887977752,C
1070821685,3,-5.254054648462514e-06,C
1070821685,3,-0.00021955248355431944,C
1308598964,3,1.2664927841354867e-05,C
1308598964,3,-6.7177508836779865e-06,C
1308598964,3,1.366901888655292e-05,C
1308598964,3,1.3753573221975124e-05,C
1308598964,3,1.0503727828958809e-05,C
1857396528,3,-0.0005769092416251231,C
1857396528,3,0.00011895492379965233,C
1857396528,3,-0.004859211745591785,C
1857396528,3,-0.004956886724803433,C
1857396528,3,0.0010027945657296033,C
2296565457,3,0.0008521548032762727,N
2296565457,3,0.0012005019632943537,N
2296565457,3,0.0003430011942590072,N
2296565457,3,0.0010123352074585812,N
2296565457,3,0.0010222828039517795,N
2309124039,3,-0.0068624763618593265,C
2309124039,3,-0.005201945828255283,C
2309124039,3,-0.0021006799178545643,C
2309124039,3,-0.0019130593450138456,C
2309124039,3,-0.0022592051087915177,C
2591432844,3,-0.00013010263475354833,N
2591432844,3,-0.00023384259047853906,N
2591432844,3,-0.0006736469649464283,N
2591432844,3,-0.0007121439096643423,N
2591432844,3,-0.00017891970179517713,N
2747850234,3,0.0,C
2747850234,3,0.0,C
2747850234,3,0.0,C
2747850234,3,0.0,C
2747850234,3,0.0,C
2803848648,3,-0.0012680073854124396,C
2803848648,3,-0.0002149460802566283,C
2803848648,3,0.0034977738228215705,C
2803848648,3,-0.004992021665567781,C
2803848648,3,0.001386228064617745,C
2811394787,3,0.0010715289930635086,C
2811394787,3,0.0006367027430413952,C
2811394787,3,0.0002729282971086766,C
2811394787,3,0.0009357823076968641,C
2811394787,3,-0.00023121568421868854,C
3120642300,3,0.006095921687896522,C
3120642300,3,0.009126458885807764,C
3120642300,3,0.010426638732256466,C
3120642300,3,0.011651581446325832,C
3120642300,3,0.01629783067391566,C
3545074552,3,0.0,C
3545074552,3,0.0,C
3545074552,3,0.0,C
3545074552,3,0.0,C
3545074552,3,0.0,C
3798139026,3,-0.00028485545741063767,C
3798139026,3,0.0008734999699534507,C
3798139026,3,0.0010116788789943376,C
3798139026,3,0.0002630490538693131,C
3798139026,3,-0.00030588157739308564,C
3981762496,3,0.0009422108880570157,C
3981762496,3,0.0010273898962869232,C
3981762496,3,0.0006262211856042921,C
3981762496,3,0.0008831397100769189,C
3981762496,3,8.016680420053213e-05,C
4265016989,3,0.0,C
4265016989,3,0.0,C
4265016989,3,0.0,C
4265016989,3,0.0,C
4265016989,3,0.0,C
4291903839,3,0.0,C
4291903839,3,0.0,C
4291903839,3,0.0,C
4291903839,3,0.0,C
4291903839,3,0.0,C
237615532,3,8.580091323040495e-05,C
237615532,3,0.00016031592252074844,C
237615532,3,0.0001991948835929902,C
237615532,3,0.00032719682057824606,C
237615532,3,0.0002112887414387199,C
269171368,3,0.019253833133774823,C
269171368,3,0.02416067744306427,C
269171368,3,0.0185197395273905,C
269171368,3,0.024058812248320405,C
269171368,3,0.02144070187003011,C
373109870,3,0.00031910567349824337,C
373109870,3,-0.0001310249962379606,C
373109870,3,0.0005584317650945136,C
373109870,3,-0.00017912369851014187,C
373109870,3,-0.0002592291723749751,C
420637473,3,0.0,N
420637473,3,0.0,N
420637473,3,0.0,N
420637473,3,0.0,N
420637473,3,0.0,N
959544246,3,0.0,C
959544246,3,0.0,C
959544246,3,0.0,C
959544246,3,0.0,C
959544246,3,0.0,C
1459763726,3,0.0,C
1459763726,3,0.0,C
1459763726,3,0.0,C
1459763726,3,0.0,C
1459763726,3,0.0,C
1671473110,3,0.0,C
1671473110,3,0.0,C
1671473110,3,0.0,C
1671473110,3,0.0,C
1671473110,3,0.0,C
2154777022,3,-0.00026755887969964753,C
2154777022,3,0.0021307975643317656,C
2154777022,3,0.0003766145742651883,C
2154777022,3,0.000968331739812478,C
2154777022,3,0.0012172635523145514,C
2717193360,3,0.0,C
2717193360,3,0.0,C
2717193360,3,0.0,C
2717193360,3,0.0,C
2717193360,3,0.0,C
3111864946,3,0.0,C
3111864946,3,0.0,C
3111864946,3,0.0,C
3111864946,3,0.0,C
3111864946,3,0.0,C
3136475462,3,0.0,C
3136475462,3,0.0,C
3136475462,3,0.0,C
3136475462,3,0.0,C
3136475462,3,0.0,C
3749319234,3,0.0,N
3749319234,3,0.0,N
3749319234,3,0.0,N
3749319234,3,0.0,N
3749319234,3,0.0,N
3819564588,3,0.0,C
3819564588,3,0.0,C
3819564588,3,0.0,C
3819564588,3,0.0,C
3819564588,3,0.0,C
3840482014,3,0.0,C
3840482014,3,0.0,C
3840482014,3,0.0,C
3840482014,3,0.0,C
3840482014,3,0.0,C
3920625465,3,0.0,C
3920625465,3,0.0,C
3920625465,3,0.0,C
3920625465,3,0.0,C
3920625465,3,0.0,C
3954174598,3,0.0,C
3954174598,3,0.0,C
3954174598,3,0.0,C
3954174598,3,0.0,C
3954174598,3,0.0,C
4032294624,3,0.0,N
4032294624,3,0.0,N
4032294624,3,0.0,N
4032294624,3,0.0,N
4032294624,3,0.0,N
4226294099,3,0.0,C
4226294099,3,0.0,C
4226294099,3,0.0,C
4226294099,3,0.0,C
4226294099,3,0.0,C
4232016909,3,0.0,C
4232016909,3,0.0,C
4232016909,3,0.0,C
4232016909,3,0.0,C
4232016909,3,0.0,C
4289161048,3,0.0,C
4289161048,3,0.0,C
4289161048,3,0.0,C
4289161048,3,0.0,C
4289161048,3,0.0,C
999334238,3,0.001292929448066693,S
999334238,3,-0.0011735906300095467,S
999334238,3,-1.3297636522247025e-05,S
999334238,3,-0.0001451451289699035,S
999334238,3,0.0002715450432163591,S
3624155,3,0.008778781995170126,C
3624155,3,0.0019441361537242408,C
3624155,3,0.00589912067802334,C
3624155,3,0.004354892615590078,C
3624155,3,0.002877755244371283,C
288315894,3,0.0023367902223639936,S
288315894,3,0.00042138367617938766,S
288315894,3,0.0029502056606627303,S
288315894,3,0.00351019468299274,S
288315894,3,0.0004730729214784679,S
717512901,3,0.0076444432809087415,N
717512901,3,0.004722815004644998,N
717512901,3,0.0001916380827886588,N
717512901,3,0.0033863808178967725,N
717512901,3,-0.005554927732433601,N
787069595,3,-0.0011112150624222883,C
787069595,3,-0.0017138175481435924,C
787069595,3,-0.0009510986143965727,C
787069595,3,-0.0007751395566701902,C
787069595,3,-0.0003329940241992846,C
2076190208,3,-0.0016058814190557102,O
2076190208,3,0.001685600819399835,O
2076190208,3,-0.003140792775413792,O
2076190208,3,0.0013226853171132147,O
2076190208,3,-0.002766777637084661,O
2200148275,3,0.0,N
2200148275,3,0.0,N
2200148275,3,0.0,N
2200148275,3,0.0,N
2200148275,3,0.0,N
2223687999,3,0.006038725761885799,C
2223687999,3,-0.0022669270787830653,C
2223687999,3,0.004692633672062074,C
2223687999,3,0.0022497559067350403,C
2223687999,3,0.00138725284043828,C
2228063684,3,0.00025841840876661415,O
2228063684,3,-0.0013959546803040679,O
2228063684,3,0.00034276246233877483,O
2228063684,3,-0.0006682068942539532,O
2228063684,3,-0.0006324342377697079,O
2447826885,3,-0.000557566182841418,C
2447826885,3,0.0006763115461316804,C
2447826885,3,0.000507990434021055,C
2447826885,3,-5.834660119852231e-05,C
2447826885,3,-0.00029572804010880027,C
3975275337,3,-0.0018404618951780582,C
3975275337,3,0.003350126088208061,C
3975275337,3,-0.0023601499132188675,C
3975275337,3,-0.003128286254235557,C
3975275337,3,0.0025967806808078198,C
4121755354,3,0.0004914783273168855,C
4121755354,3,0.0003442044370400854,C
4121755354,3,0.0026995667370109944,C
4121755354,3,-0.0009573789077518269,C
4121755354,3,0.004751892349359466,C
97370940,3,-0.000192594134038937,C
97370940,3,-0.0003460681737329496,C
97370940,3,-0.0002446079421239977,C
97370940,3,-0.00046618452705848856,C
97370940,3,-0.0002845974756002789,C
109296634,3,0.0,N
109296634,3,0.0,N
109296634,3,0.0,N
109296634,3,0.0,N
109296634,3,0.0,N
171200514,3,0.006352123543719612,C
171200514,3,0.010202614810486232,C
171200514,3,0.003593390181028333,C
171200514,3,0.011324430341400182,C
171200514,3,0.008679765058611455,C
294799712,3,0.0,C
294799712,3,0.0,C
294799712,3,0.0,C
294799712,3,0.0,C
294799712,3,0.0,C
564807139,3,4.057597279294445e-05,C
564807139,3,1.1187972121406986e-05,C
564807139,3,4.810655019893417e-05,C
564807139,3,0.00011047417000531468,C
564807139,3,4.565577562887224e-05,C
589930590,3,-0.0010151245094204286,C
589930590,3,0.00031784876443097243,C
589930590,3,-0.00015638017348695854,C
589930590,3,0.0012926364705148075,C
589930590,3,0.0010965606804878014,C
932712697,3,-0.0002445233029882976,O
932712697,3,-0.00013472105443756988,O
932712697,3,-0.0005399112013356744,O
932712697,3,-0.0001709283057906852,O
932712697,3,0.00038564226421888836,O
1429883190,3,-0.004065743013143441,C
1429883190,3,0.010124740540570887,C
1429883190,3,0.010661155096916342,C
1429883190,3,0.0059264818422107846,C
1429883190,3,0.013495721780404257,C
1446204275,3,-6.736229745674116e-05,C
1446204275,3,-5.185123801199065e-05,C
1446204275,3,-6.969478694573983e-05,C
1446204275,3,-8.244943479940314e-05,C
1446204275,3,-3.9612461979476876e-05,C
1714595447,3,-3.920733715023772e-05,C
1714595447,3,-6.127951683732036e-05,C
1714595447,3,-6.127951683732036e-05,C
1714595447,3,-6.127951683732036e-05,C
1714595447,3,-6.127951683732036e-05,C
1751335243,3,0.0,S
1751335243,3,0.0,S
1751335243,3,0.0,S
1751335243,3,0.0,S
1751335243,3,0.0,S
1912641094,3,0.0,N
1912641094,3,0.0,N
1912641094,3,0.0,N
1912641094,3,0.0,N
1912641094,3,0.0,N
2594220197,3,-0.0012743056558711663,C
2594220197,3,0.00042054821309445156,C
2594220197,3,-0.003120006483640636,C
2594220197,3,-0.0025933325772314886,C
2594220197,3,-0.0023547712777204355,C
2734391750,3,0.0,C
2734391750,3,0.0,C
2734391750,3,0.0,C
2734391750,3,0.0,C
2734391750,3,0.0,C
2832976762,3,0.010695958295995789,C
2832976762,3,0.0006013718984489991,C
2832976762,3,0.013712524847425023,C
2832976762,3,0.008771753685697492,C
2832976762,3,0.009302548457945203,C
2843970853,3,-0.0010683943874479906,C
2843970853,3,6.019502870502347e-05,C
2843970853,3,-0.000274302210436117,C
2843970853,3,4.9461053758581563e-05,C
2843970853,3,-6.896682868973159e-05,C
3120784405,3,-0.0006291902871690125,C
3120784405,3,0.00012056649108471706,C
3120784405,3,-0.0005742151436203269,C
3120784405,3,-0.000167404442971808,C
3120784405,3,-0.0005455172067664327,C
3263463138,3,0.0,C
3263463138,3,0.0,C
3263463138,3,0.0,C
3263463138,3,0.0,C
3263463138,3,0.0,C
3305781483,3,0.0,C
3305781483,3,0.0,C
3305781483,3,0.0,C
3305781483,3,0.0,C
3305781483,3,0.0,C
3884454603,3,0.0032684721927549454,C
3884454603,3,-0.0006267699115658498,C
3884454603,3,0.002960277144770096,C
3884454603,3,0.0019190517741747293,C
3884454603,3,0.001401276552539854,C
4257302536,3,-0.0001306230762625482,N
4257302536,3,-0.00010069269885748522,N
4257302536,3,-0.0003323014936501556,N
4257302536,3,-0.00015170925395369128,N
4257302536,3,-0.00039556875517876566,N
2246703798,3,9.140615911695793e-05,C
2246703798,3,0.00244812150661744,C
2246703798,3,-0.0002841457604680908,C
2246703798,3,0.0004177313064313015,C
2246703798,3,-0.001020887777374191,C
2246997334,3,-0.00036351593700656437,C
2246997334,3,-0.0014849862729664487,C
2246997334,3,0.0003339689037381577,C
2246997334,3,-0.0005484054315443299,C
2246997334,3,-0.0017909828135616035,C
36538691,3,-9.51020138306724e-05,C
36538691,3,-0.00013859370031732432,C
36538691,3,2.7594091377536323e-05,C
36538691,3,5.836225868793843e-05,C
36538691,3,-2.355330429892888e-05,C
435232729,3,0.004394235690638348,N
435232729,3,0.0034990532125346308,N
435232729,3,0.007352787356459833,N
435232729,3,0.006101439072149328,N
435232729,3,0.006800605972436147,N
723026879,3,0.0,C
723026879,3,0.0,C
723026879,3,0.0,C
723026879,3,0.0,C
723026879,3,0.0,C
725322217,3,-0.0002949833757339704,C
725322217,3,-0.0008179663780084612,C
725322217,3,0.00043821934603527346,C
725322217,3,-0.0006333357848883336,C
725322217,3,-0.0007783514226736843,C
741451336,3,8.936199638986952e-05,N
741451336,3,1.1537682320317266e-05,N
741451336,3,5.762665183639548e-05,N
741451336,3,-7.826779973130193e-06,N
741451336,3,-1.0689023789978158e-05,N
2459741777,3,0.0017396035872918603,O
2459741777,3,0.0010055719196837565,O
2459741777,3,0.0010626004183091897,O
2459741777,3,0.0008526745353480969,O
2459741777,3,0.0006436457518325112,O
2463614838,3,-0.00020453473617021434,C
2463614838,3,-0.0007129861188355235,C
2463614838,3,0.0002497621765282787,C
2463614838,3,0.0006244238004649016,C
2463614838,3,-0.000381250283759349,C
2858133368,3,0.0,C
2858133368,3,0.0,C
2858133368,3,0.0,C
2858133368,3,0.0,C
2858133368,3,0.0,C
3696402029,3,-0.0003021459952130545,C
3696402029,3,-0.002947151314351859,C
3696402029,3,0.0011940773577814312,C
3696402029,3,-0.0006929215828042068,C
3696402029,3,-0.0030001747487896635,C
174629429,3,0.0,C
174629429,3,0.0,C
174629429,3,0.0,C
174629429,3,0.0,C
174629429,3,0.0,C
659845977,3,0.0,N
659845977,3,0.0,N
659845977,3,0.0,N
659845977,3,0.0,N
659845977,3,0.0,N
668520641,3,-7.390882982638569e-05,C
668520641,3,-2.1003795116047996e-05,C
668520641,3,-7.761946827278265e-06,C
668520641,3,-5.133779003296812e-05,C
668520641,3,-3.8990922265003114e-05,C
857468449,3,0.0,N
857468449,3,0.0,N
857468449,3,0.0,N
857468449,3,0.0,N
857468449,3,0.0,N
974827889,3,-0.00019157172273309708,C
974827889,3,-4.4201563902279695e-05,C
974827889,3,-0.00022590206395323165,C
974827889,3,0.00031582429619902985,C
974827889,3,-0.0002096812013742122,C
1214060489,3,-4.2564277377588056e-05,C
1214060489,3,-0.0001121060471876989,C
1214060489,3,2.2376925750910992e-05,C
1214060489,3,3.7955351186780284e-05,C
1214060489,3,-3.353315076171093e-05,C
1807808053,3,0.0,C
1807808053,3,0.0,C
1807808053,3,0.0,C
1807808053,3,0.0,C
1807808053,3,0.0,C
2000644822,3,0.0,C
2000644822,3,0.0,C
2000644822,3,0.0,C
2000644822,3,0.0,C
2000644822,3,0.0,C
2064813323,3,0.0,C
2064813323,3,0.0,C
2064813323,3,0.0,C
2064813323,3,0.0,C
2064813323,3,0.0,C
2068878394,3,0.0,C
2068878394,3,0.0,C
2068878394,3,0.0,C
2068878394,3,0.0,C
2068878394,3,0.0,C
2300762321,3,0.0005994524036283533,N
2300762321,3,0.0008418054310703749,N
2300762321,3,0.0007484820703939077,N
2300762321,3,0.0006707453345616843,N
2300762321,3,0.0008361344814429295,N
2763854213,3,-0.0009034144326234284,C
2763854213,3,0.0002362710309363747,C
2763854213,3,-0.0011203037212674793,C
2763854213,3,-0.0024298381841013628,C
2763854213,3,-0.0022225359705358994,C
3230769595,3,0.0,C
3230769595,3,0.0,C
3230769595,3,0.0,C
3230769595,3,0.0,C
3230769595,3,0.0,C
3254171083,3,0.0,C
3254171083,3,0.0,C
3254171083,3,0.0,C
3254171083,3,0.0,C
3254171083,3,0.0,C
3345491492,3,0.00014136143309217974,N
3345491492,3,0.00021927814332967088,N
3345491492,3,0.00022982233436508182,N
3345491492,3,-8.053802078822336e-05,N
3345491492,3,0.00025290748856487966,N
3372254436,3,0.0,O
3372254436,3,0.0,O
3372254436,3,0.0,O
3372254436,3,0.0,O
3372254436,3,0.0,O
3432195425,3,0.0,N
3432195425,3,0.0,N
3432195425,3,0.0,N
3432195425,3,0.0,N
3432195425,3,0.0,N
3598064087,3,0.00029900200513366393,C
3598064087,3,0.000773475374928001,C
3598064087,3,-0.0005369398133444614,C
3598064087,3,0.0007615181592467435,C
3598064087,3,0.000434771233074116,C
3750444818,3,0.000813626648051291,C
3750444818,3,-0.0016464685519450573,C
3750444818,3,-0.001041374617164581,C
3750444818,3,-0.003957810048103028,C
3750444818,3,-0.0021044259240485808,C
3869083168,3,0.0,C
3869083168,3,0.0,C
3869083168,3,0.0,C
3869083168,3,0.0,C
3869083168,3,0.0,C
4256524850,3,0.00035761210112816855,C
4256524850,3,0.0003770048895593847,C
4256524850,3,-0.0005889590090968344,C
4256524850,3,0.00027579172269098784,C
4256524850,3,0.00020211379215351322,C
458195553,3,0.0,N
458195553,3,0.0,N
458195553,3,0.0,N
458195553,3,0.0,N
458195553,3,0.0,N
694069322,3,-0.0010499683384792569,N
694069322,3,0.0012454612979908575,N
694069322,3,-0.0010735464080133816,N
694069322,3,0.00012401077845480835,N
694069322,3,-0.0006423635798178395,N
1362518133,3,0.0,N
1362518133,3,0.0,N
1362518133,3,0.0,N
1362518133,3,0.0,N
1362518133,3,0.0,N
2635303940,3,0.0001881850907924365,C
2635303940,3,-0.00016625569975947663,C
2635303940,3,-8.236885022605556e-06,C
2635303940,3,3.2715457051635255e-05,C
2635303940,3,-1.779629241571712e-05,C
2720313463,3,-0.0008392008887269098,C
2720313463,3,-0.0028001970965252365,C
2720313463,3,-0.0014745042604058511,C
2720313463,3,-0.0006422537922510241,C
2720313463,3,-0.001432560503566327,C
3315826729,3,0.0012271126122403997,C
3315826729,3,-0.0015728121406779483,C
3315826729,3,-0.002111353840194008,C
3315826729,3,0.0003760219212013416,C
3315826729,3,0.0013248563297961757,C
3537119515,3,0.008492263662662314,C
3537119515,3,0.010434975976240324,C
3537119515,3,0.003914756442205958,C
3537119515,3,0.0030834855924918303,C
3537119515,3,0.0011125233943062307,C
3596485316,3,0.00019416679314943064,C
3596485316,3,8.95683442300177e-05,C
3596485316,3,0.0004551718836923735,C
3596485316,3,0.00037011851653212524,C
3596485316,3,0.00021753085141085204,C
3918336191,3,0.001957853850805602,C
3918336191,3,-0.0004844031232303925,C
3918336191,3,0.0017151839319362594,C
3918336191,3,0.0035292703533433833,C
3918336191,3,0.00042040872569204524,C
3983062349,3,-0.0007122450415768533,C
3983062349,3,0.0014660751333598343,C
3983062349,3,0.0007013999346894284,C
3983062349,3,0.0019220868506039102,C
3983062349,3,-0.005686671451611391,C
3995043796,3,0.0005013825046193965,C
3995043796,3,0.00010407538446788323,C
3995043796,3,0.00017292526255663354,C
3995043796,3,0.0007703894516460918,C
3995043796,3,0.001184872569267359,C
4164236649,3,0.00023244476299544292,C
4164236649,3,5.377558564667595e-05,C
4164236649,3,0.0004093254211336994,C
4164236649,3,0.0004776877827298298,C
4164236649,3,0.0013682579155878116,C
217962118,3,0.0,C
217962118,3,0.0,C
217962118,3,0.0,C
217962118,3,0.0,C
217962118,3,0.0,C
521507416,3,0.0,C
521507416,3,0.0,C
521507416,3,0.0,C
521507416,3,0.0,C
521507416,3,0.0,C
797194079,3,4.837286309511413e-06,O
797194079,3,-3.0172297063146836e-05,O
797194079,3,-8.271009458360457e-05,O
797194079,3,7.607648792273825e-05,O
797194079,3,2.2615847530826905e-05,O
856123584,3,0.0,C
856123584,3,0.0,C
856123584,3,0.0,C
856123584,3,0.0,C
856123584,3,0.0,C
885026269,3,0.0,C
885026269,3,0.0,C
885026269,3,0.0,C
885026269,3,0.0,C
885026269,3,0.0,C
895118200,3,0.0,N
895118200,3,0.0,N
895118200,3,0.0,N
895118200,3,0.0,N
895118200,3,0.0,N
1313967653,3,0.0007935202679894005,C
1313967653,3,0.0013236338034515738,C
1313967653,3,7.906290931303239e-05,C
1313967653,3,0.0004677357432703033,C
1313967653,3,0.0023377377508997377,C
1442940596,3,0.0,N
1442940596,3,0.0,N
1442940596,3,0.0,N
1442940596,3,0.0,N
1442940596,3,0.0,N
1444177117,3,0.0,C
1444177117,3,0.0,C
1444177117,3,0.0,C
1444177117,3,0.0,C
1444177117,3,0.0,C
1728247164,3,0.0,C
1728247164,3,0.0,C
1728247164,3,0.0,C
1728247164,3,0.0,C
1728247164,3,0.0,C
1819912581,3,0.001634564002650385,C
1819912581,3,0.0012106557540569884,C
1819912581,3,0.0016750280250461547,C
1819912581,3,0.0008980693625005864,C
1819912581,3,0.0013415169336964405,C
2146359984,3,0.0,C
2146359984,3,0.0,C
2146359984,3,0.0,C
2146359984,3,0.0,C
2146359984,3,0.0,C
2386884508,3,0.0,C
2386884508,3,0.0,C
2386884508,3,0.0,C
2386884508,3,0.0,C
2386884508,3,0.0,C
2560252747,3,0.0010953915409295245,C
2560252747,3,4.288131332197409e-05,C
2560252747,3,0.0008486189286996959,C
2560252747,3,-3.380457874069265e-05,C
2560252747,3,0.0007040396486636125,C
2798699798,3,0.0,C
2798699798,3,0.0,C
2798699798,3,0.0,C
2798699798,3,0.0,C
2798699798,3,0.0,C
2931878080,3,0.0,C
2931878080,3,0.0,C
2931878080,3,0.0,C
2931878080,3,0.0,C
2931878080,3,0.0,C
2984966880,3,-0.00034419400883445306,C
2984966880,3,0.003149003489431701,C
2984966880,3,0.004142624879412304,C
2984966880,3,0.0010213588166410048,C
2984966880,3,0.0010673672606993367,C
3037937276,3,0.0,C
3037937276,3,0.0,C
3037937276,3,0.0,C
3037937276,3,0.0,C
3037937276,3,0.0,C
3248686995,3,-0.00029503320509194353,C
3248686995,3,-0.001718186490341056,C
3248686995,3,-0.00020904219707074123,C
3248686995,3,-8.929639122190469e-05,C
3248686995,3,-0.00038985877246888734,C
3276799575,3,0.0,N
3276799575,3,0.0,N
3276799575,3,0.0,N
3276799575,3,0.0,N
3276799575,3,0.0,N
3280857178,3,0.0,N
3280857178,3,0.0,N
3280857178,3,0.0,N
3280857178,3,0.0,N
3280857178,3,0.0,N
3289231689,3,1.3540143787738046e-05,C
3289231689,3,-1.3530165914099612e-05,C
3289231689,3,0.00017171037258889577,C
3289231689,3,-2.4723013243077574e-05,C
3289231689,3,-7.2050788405553234e-06,C
3617179377,3,0.0,C
3617179377,3,0.0,C
3617179377,3,0.0,C
3617179377,3,0.0,C
3617179377,3,0.0,C
3726546016,3,0.0,N
3726546016,3,0.0,N
3726546016,3,0.0,N
3726546016,3,0.0,N
3726546016,3,0.0,N
3733987795,3,0.0,C
3733987795,3,0.0,C
3733987795,3,0.0,C
3733987795,3,0.0,C
3733987795,3,0.0,C
4210576319,3,0.0,N
4210576319,3,0.0,N
4210576319,3,0.0,N
4210576319,3,0.0,N
4210576319,3,0.0,N
4261830945,3,0.001412799175738777,C
4261830945,3,0.00021319885723303234,C
4261830945,3,-0.0007124540384423339,C
4261830945,3,0.0009380017273122876,C
4261830945,3,0.0009357203469182451,C
847433064,3,0.000410276104288787,N
847433064,3,-0.0002486310788363255,N
847433064,3,0.0001973402611523678,N
847433064,3,0.0010349019535598192,N
847433064,3,0.0013747490027976594,N
2976816164,3,0.0034210617165969515,C
2976816164,3,0.005405965561641191,C
2976816164,3,0.006979336741253173,C
2976816164,3,0.002662456581147832,C
2976816164,3,0.00391959256378871,C
141882433,3,0.004790571389552745,C
141882433,3,0.003064688793315784,C
141882433,3,0.002742352563802064,C
141882433,3,0.002502830166307035,C
141882433,3,0.0012406291644099232,C
1036770003,3,0.0,N
1036770003,3,0.0,N
1036770003,3,0.0,N
1036770003,3,0.0,N
1036770003,3,0.0,N
1782291908,3,0.0,C
1782291908,3,0.0,C
1782291908,3,0.0,C
1782291908,3,0.0,C
1782291908,3,0.0,C
2297887526,3,-0.0004609085138943536,N
2297887526,3,0.00031169994020108227,N
2297887526,3,-0.00038815796642499567,N
2297887526,3,0.00012323838724270786,N
2297887526,3,-0.00045020037161858095,N
2355446912,3,-0.0023327231246664804,C
2355446912,3,-0.0011647423578566851,C
2355446912,3,-0.00046011681848534547,C
2355446912,3,-0.0009577124193879127,C
2355446912,3,-0.0014863726715443892,C
2434373675,3,-0.0009598665052650279,N
2434373675,3,-0.0002391534940288098,N
2434373675,3,-0.0003887351561597807,N
2434373675,3,-0.0005406707260293686,N
2434373675,3,-0.0006236330786155708,N
2551483158,3,0.000988576401474539,N
2551483158,3,0.0003354483078614745,N
2551483158,3,0.00044809255093691824,N
2551483158,3,0.0014989159086401527,N
2551483158,3,0.0012728725105296546,N
2753863138,3,0.0008783824597096146,C
2753863138,3,0.0006174879376953379,C
2753863138,3,0.0004212096160222112,C
2753863138,3,0.000609730162582478,C
2753863138,3,0.000647852000150384,C
2762211251,3,0.0,S
2762211251,3,0.0,S
2762211251,3,0.0,S
2762211251,3,0.0,S
2762211251,3,0.0,S
2810604122,3,0.002282480880380966,C
2810604122,3,0.0021846954877317026,C
2810604122,3,-1.717073485774101e-05,C
2810604122,3,0.0017178577635629244,C
2810604122,3,0.0014375369153236672,C
3324153899,3,0.0,C
3324153899,3,0.0,C
3324153899,3,0.0,C
3324153899,3,0.0,C
3324153899,3,0.0,C
3461773897,3,0.004480321914267615,N
3461773897,3,0.0013366053751581175,N
3461773897,3,0.003060570219520775,N
3461773897,3,0.0026154036068720687,N
3461773897,3,0.0028896480606023234,N
3623693988,3,0.0,C
3623693988,3,0.0,C
3623693988,3,0.0,C
3623693988,3,0.0,C
3623693988,3,0.0,C
32728066,3,0.0,C
32728066,3,0.0,C
32728066,3,0.0,C
32728066,3,0.0,C
32728066,3,0.0,C
269963113,3,0.0,C
269963113,3,0.0,C
269963113,3,0.0,C
269963113,3,0.0,C
269963113,3,0.0,C
753666527,3,0.0,N
753666527,3,0.0,N
753666527,3,0.0,N
753666527,3,0.0,N
753666527,3,0.0,N
1263243849,3,0.0,C
1263243849,3,0.0,C
1263243849,3,0.0,C
1263243849,3,0.0,C
1263243849,3,0.0,C
1274352488,3,0.0,C
1274352488,3,0.0,C
1274352488,3,0.0,C
1274352488,3,0.0,C
1274352488,3,0.0,C
2164380819,3,0.0,N
2164380819,3,0.0,N
2164380819,3,0.0,N
2164380819,3,0.0,N
2164380819,3,0.0,N
2290681723,3,0.0,C
2290681723,3,0.0,C
2290681723,3,0.0,C
2290681723,3,0.0,C
2290681723,3,0.0,C
2366448291,3,0.0,N
2366448291,3,0.0,N
2366448291,3,0.0,N
2366448291,3,0.0,N
2366448291,3,0.0,N
2432368409,3,0.0,N
2432368409,3,0.0,N
2432368409,3,0.0,N
2432368409,3,0.0,N
2432368409,3,0.0,N
2612409031,3,0.0,C
2612409031,3,0.0,C
2612409031,3,0.0,C
2612409031,3,0.0,C
2612409031,3,0.0,C
2644135390,3,0.0,S
2644135390,3,0.0,S
2644135390,3,0.0,S
2644135390,3,0.0,S
2644135390,3,0.0,S
2739434395,3,0.0,C
2739434395,3,0.0,C
2739434395,3,0.0,C
2739434395,3,0.0,C
2739434395,3,0.0,C
2739952872,3,0.0,C
2739952872,3,0.0,C
2739952872,3,0.0,C
2739952872,3,0.0,C
2739952872,3,0.0,C
3299531028,3,0.0,N
3299531028,3,0.0,N
3299531028,3,0.0,N
3299531028,3,0.0,N
3299531028,3,0.0,N
3396503693,3,0.0,N
3396503693,3,0.0,N
3396503693,3,0.0,N
3396503693,3,0.0,N
3396503693,3,0.0,N
3463225569,3,0.0,C
3463225569,3,0.0,C
3463225569,3,0.0,C
3463225569,3,0.0,C
3463225569,3,0.0,C
3611333349,3,0.0,C
3611333349,3,0.0,C
3611333349,3,0.0,C
3611333349,3,0.0,C
3611333349,3,0.0,C
3744003924,3,0.0,C
3744003924,3,0.0,C
3744003924,3,0.0,C
3744003924,3,0.0,C
3744003924,3,0.0,C
3986395223,3,0.0,C
3986395223,3,0.0,C
3986395223,3,0.0,C
3986395223,3,0.0,C
3986395223,3,0.0,C
4074174690,3,0.0,C
4074174690,3,0.0,C
4074174690,3,0.0,C
4074174690,3,0.0,C
4074174690,3,0.0,C
3189457552,3,0.003480206117712936,O
3189457552,3,-0.0020630072059037996,O
3189457552,3,-0.0007162449451818542,O
3189457552,3,0.000961983634638619,O
3189457552,3,0.00675572809891023,O
254000342,3,0.0,O
254000342,3,0.0,O
254000342,3,0.0,O
254000342,3,0.0,O
254000342,3,0.0,O
1257718710,3,0.00044166803225964557,C
1257718710,3,0.00013254709398413667,C
1257718710,3,0.00023182931447962574,C
1257718710,3,-0.00048293159894197135,C
1257718710,3,-0.00022431640897491167,C
1634606847,3,0.0010716407177628895,N
1634606847,3,-0.002065871340178549,N
1634606847,3,0.0010500470140090146,N
1634606847,3,-0.0010873756316606142,N
1634606847,3,4.166111769365877e-05,N
2251845666,3,2.150741230111386e-05,C
2251845666,3,6.958023706893357e-05,C
2251845666,3,-8.239950788913042e-06,C
2251845666,3,1.8166172746636455e-05,C
2251845666,3,4.5506926561578176e-05,C
2994748777,3,-0.0009571019252706536,C
2994748777,3,0.0006824666717109018,C
2994748777,3,-0.0004465033230521831,C
2994748777,3,-0.000625116796332037,C
2994748777,3,-0.001614961879981891,C
3203709451,3,0.0008355642065288604,O
3203709451,3,-0.003975741902461083,O
3203709451,3,-0.0017009524613107452,O
3203709451,3,-0.0020777465097059356,O
3203709451,3,0.0022974964240084494,O
3254486562,3,-0.00021986881573154982,C
3254486562,3,-0.0015443197359997773,C
3254486562,3,-0.0015966238234677022,C
3254486562,3,-0.0014916234723092447,C
3254486562,3,-0.0013636421777836194,C
3308404410,3,-0.0034300493468572,C
3308404410,3,-0.0010251010955069084,C
3308404410,3,-0.0015604818462028325,C
3308404410,3,-0.0019811904744072573,C
3308404410,3,-0.0013895956637013374,C
3346539298,3,-0.0003068752883531589,N
3346539298,3,0.0019673991991103756,N
3346539298,3,-0.001845352720727056,N
3346539298,3,-0.0012969515255734088,N
3346539298,3,-0.001125227302191556,N
3460898310,3,0.006909412325595943,N
3460898310,3,0.002350745884687977,N
3460898310,3,0.0041293962982166255,N
3460898310,3,0.0023091586421497556,N
3460898310,3,0.0031158019198500586,N
3820826669,3,0.005699036632703658,C
3820826669,3,0.005528858185569363,C
3820826669,3,0.0011519054400799256,C
3820826669,3,0.0016978569941560329,C
3820826669,3,0.00029129935323768397,C
4008337421,3,-0.0004745676667263776,C
4008337421,3,0.0004580321733852477,C
4008337421,3,-6.282791888068129e-05,C
4008337421,3,-0.00021355336994599572,C
4008337421,3,0.0015431470196674013,C
38514050,3,0.0,C
38514050,3,0.0,C
38514050,3,0.0,C
38514050,3,0.0,C
38514050,3,0.0,C
116811903,3,0.0,N
116811903,3,0.0,N
116811903,3,0.0,N
116811903,3,0.0,N
116811903,3,0.0,N
312306367,3,9.293522219155914e-05,C
312306367,3,-0.0005494631703534258,C
312306367,3,0.0005272765919455136,C
312306367,3,0.0002992937089305592,C
312306367,3,-0.0003171728476617508,C
461775698,3,0.0,C
461775698,3,0.0,C
461775698,3,0.0,C
461775698,3,0.0,C
461775698,3,0.0,C
473978627,3,-0.00017209224018144287,C
473978627,3,-0.0008858029645517629,C
473978627,3,-0.0009964506097442927,C
473978627,3,-0.000807965858318549,C
473978627,3,-0.0008957199553090156,C
619920801,3,0.0002881301645809575,C
619920801,3,0.00021955872136236732,C
619920801,3,0.0002415326528044659,C
619920801,3,0.00026242318714087,C
619920801,3,0.0005333786237194937,C
714893496,3,0.0002121072672687241,C
714893496,3,-2.7513652535837707e-05,C
714893496,3,-0.00010094940785299045,C
714893496,3,-0.00012250198495256104,C
714893496,3,2.8988222791959117e-05,C
717151242,3,-0.0008260076553582296,O
717151242,3,-0.0011158696502386878,O
717151242,3,-0.0008511773168381476,O
717151242,3,-0.00024541024666235867,O
717151242,3,-0.00141767433902662,O
910450790,3,-0.0006334425763346863,C
910450790,3,-0.000301466398083039,C
910450790,3,-0.0005168785645534024,C
910450790,3,-0.0005037694451773822,C
910450790,3,0.00021192504853062566,C
965146774,3,0.0,N
965146774,3,0.0,N
965146774,3,0.0,N
965146774,3,0.0,N
965146774,3,0.0,N
1081197576,3,0.0,C
1081197576,3,0.0,C
1081197576,3,0.0,C
1081197576,3,0.0,C
1081197576,3,0.0,C
1222631225,3,0.0,C
1222631225,3,0.0,C
1222631225,3,0.0,C
1222631225,3,0.0,C
1222631225,3,0.0,C
1503972698,3,0.00020617230953767773,C
1503972698,3,5.7052418514724756e-05,C
1503972698,3,8.306666813195918e-05,C
1503972698,3,0.00012489244202840144,C
1503972698,3,8.347916640116804e-05,C
1556668346,3,-3.0769917872541797e-06,N
1556668346,3,0.00022825937392023654,N
1556668346,3,-0.00023062606096058147,N
1556668346,3,0.00013094985203199183,N
1556668346,3,5.9479815864516006e-05,N
1775767796,3,0.0,C
1775767796,3,0.0,C
1775767796,3,0.0,C
1775767796,3,0.0,C
1775767796,3,0.0,C
1823366930,3,0.0,C
1823366930,3,0.0,C
1823366930,3,0.0,C
1823366930,3,0.0,C
1823366930,3,0.0,C
1989685697,3,0.0,C
1989685697,3,0.0,C
1989685697,3,0.0,C
1989685697,3,0.0,C
1989685697,3,0.0,C
2018628328,3,0.0,C
2018628328,3,0.0,C
2018628328,3,0.0,C
2018628328,3,0.0,C
2018628328,3,0.0,C
2058492642,3,0.0,N
2058492642,3,0.0,N
2058492642,3,0.0,N
2058492642,3,0.0,N
2058492642,3,0.0,N
2180419430,3,0.0,O
2180419430,3,0.0,O
2180419430,3,0.0,O
2180419430,3,0.0,O
2180419430,3,0.0,O
2353583745,3,0.0003993469520313653,C
2353583745,3,0.00027721172205175115,C
2353583745,3,0.0004093744360610385,C
2353583745,3,0.00020763016969527204,C
2353583745,3,0.0006334309072181243,C
2409362763,3,0.0,N
2409362763,3,0.0,N
2409362763,3,0.0,N
2409362763,3,0.0,N
2409362763,3,0.0,N
2498219816,3,-0.00014441183394031665,C
2498219816,3,0.0001229862639650081,C
2498219816,3,-1.4835384516409533e-06,C
2498219816,3,-3.019904563950071e-05,C
2498219816,3,-0.0002310299951368,C
2509211297,3,-0.0008695193374065324,C
2509211297,3,-8.395995249677046e-05,C
2509211297,3,-0.00024130500016228407,C
2509211297,3,0.0018350152400288255,C
2509211297,3,0.002059904665477008,C
2682881773,3,0.0,C
2682881773,3,0.0,C
2682881773,3,0.0,C
2682881773,3,0.0,C
2682881773,3,0.0,C
3292898205,3,0.0,C
3292898205,3,0.0,C
3292898205,3,0.0,C
3292898205,3,0.0,C
3292898205,3,0.0,C
3431531268,3,0.0,O
3431531268,3,0.0,O
3431531268,3,0.0,O
3431531268,3,0.0,O
3431531268,3,0.0,O
3888780669,3,0.00237510259585072,O
3888780669,3,-0.0005835702673897547,O
3888780669,3,0.002080213964916089,O
3888780669,3,0.0013795052856641066,O
3888780669,3,0.004725410777925321,O
3950788475,3,0.0,C
3950788475,3,0.0,C
3950788475,3,0.0,C
3950788475,3,0.0,C
3950788475,3,0.0,C
3983190549,3,0.0,C
3983190549,3,0.0,C
3983190549,3,0.0,C
3983190549,3,0.0,C
3983190549,3,0.0,C
4055698890,3,-4.230897007007073e-05,N
4055698890,3,0.00038615647578710277,N
4055698890,3,0.000769456387107903,N
4055698890,3,0.0012014608645358749,N
4055698890,3,0.0013439365533566283,N
4129558839,3,0.0,N
4129558839,3,0.0,N
4129558839,3,0.0,N
4129558839,3,0.0,N
4129558839,3,0.0,N
91144555,3,0.0,C
91144555,3,0.0,C
91144555,3,0.0,C
91144555,3,0.0,C
91144555,3,0.0,C
153234704,3,0.0,C
153234704,3,0.0,C
153234704,3,0.0,C
153234704,3,0.0,C
153234704,3,0.0,C
350061832,3,0.0,C
350061832,3,0.0,C
350061832,3,0.0,C
350061832,3,0.0,C
350061832,3,0.0,C
505767871,3,0.0,C
505767871,3,0.0,C
505767871,3,0.0,C
505767871,3,0.0,C
505767871,3,0.0,C
516041383,3,0.0013480202553175502,C
516041383,3,0.000677105210069362,C
516041383,3,0.0024403569360951227,C
516041383,3,0.0009697171549164496,C
516041383,3,0.00025828919288373164,C
542023358,3,0.0,C
542023358,3,0.0,C
542023358,3,0.0,C
542023358,3,0.0,C
542023358,3,0.0,C
551287920,3,-0.0031389004730130177,C
551287920,3,-0.0007070574507017646,C
551287920,3,0.0005152772604839484,C
551287920,3,-8.077621391300305e-05,C
551287920,3,-0.0006099082705127712,C
994494548,3,0.0,C
994494548,3,0.0,C
994494548,3,0.0,C
994494548,3,0.0,C
994494548,3,0.0,C
1301245444,3,0.0,C
1301245444,3,0.0,C
1301245444,3,0.0,C
1301245444,3,0.0,C
1301245444,3,0.0,C
1693589848,3,3.851434665125275e-05,N
1693589848,3,7.809985896300997e-05,N
1693589848,3,0.00011160680910593523,N
1693589848,3,5.99141076864651e-05,N
1693589848,3,0.00037898626174959205,N
1850810846,3,0.0,C
1850810846,3,0.0,C
1850810846,3,0.0,C
1850810846,3,0.0,C
1850810846,3,0.0,C
1861965050,3,0.0025006147002356593,C
1861965050,3,0.002120364599110247,C
1861965050,3,0.00014939528140056613,C
1861965050,3,0.0031473428519702695,C
1861965050,3,0.0026893975094856026,C
1913679217,3,0.0,C
1913679217,3,0.0,C
1913679217,3,0.0,C
1913679217,3,0.0,C
1913679217,3,0.0,C
2119439498,3,-0.0012868920277938622,C
2119439498,3,0.006670522446868943,C
2119439498,3,0.0012752177911450335,C
2119439498,3,0.0019639477594149968,C
2119439498,3,-0.0006360882826634828,C
2605374084,3,0.0,C
2605374084,3,0.0,C
2605374084,3,0.0,C
2605374084,3,0.0,C
2605374084,3,0.0,C
3178196225,3,0.0,C
3178196225,3,0.0,C
3178196225,3,0.0,C
3178196225,3,0.0,C
3178196225,3,0.0,C
3188578434,3,0.0,C
3188578434,3,0.0,C
3188578434,3,0.0,C
3188578434,3,0.0,C
3188578434,3,0.0,C
3577933307,3,0.0,C
3577933307,3,0.0,C
3577933307,3,0.0,C
3577933307,3,0.0,C
3577933307,3,0.0,C
3614969428,3,0.0,C
3614969428,3,0.0,C
3614969428,3,0.0,C
3614969428,3,0.0,C
3614969428,3,0.0,C
3914061263,3,0.0,C
3914061263,3,0.0,C
3914061263,3,0.0,C
3914061263,3,0.0,C
3914061263,3,0.0,C
4223108416,3,0.0,C
4223108416,3,0.0,C
4223108416,3,0.0,C
4223108416,3,0.0,C
4223108416,3,0.0,C
4273842364,3,0.0,C
4273842364,3,0.0,C
4273842364,3,0.0,C
4273842364,3,0.0,C
4273842364,3,0.0,C
21584602,3,0.0,C
21584602,3,0.0,C
21584602,3,0.0,C
21584602,3,0.0,C
21584602,3,0.0,C
65448228,3,0.0,C
65448228,3,0.0,C
65448228,3,0.0,C
65448228,3,0.0,C
65448228,3,0.0,C
334078805,3,0.0,C
334078805,3,0.0,C
334078805,3,0.0,C
334078805,3,0.0,C
334078805,3,0.0,C
364599101,3,0.0,C
364599101,3,0.0,C
364599101,3,0.0,C
364599101,3,0.0,C
364599101,3,0.0,C
709642840,3,0.0,C
709642840,3,0.0,C
709642840,3,0.0,C
709642840,3,0.0,C
709642840,3,0.0,C
719459903,3,0.0,C
719459903,3,0.0,C
719459903,3,0.0,C
719459903,3,0.0,C
719459903,3,0.0,C
950899254,3,0.0,C
950899254,3,0.0,C
950899254,3,0.0,C
950899254,3,0.0,C
950899254,3,0.0,C
955777749,3,0.0,C
955777749,3,0.0,C
955777749,3,0.0,C
955777749,3,0.0,C
955777749,3,0.0,C
1551143545,3,0.0,C
1551143545,3,0.0,C
1551143545,3,0.0,C
1551143545,3,0.0,C
1551143545,3,0.0,C
1644491370,3,0.0,C
1644491370,3,0.0,C
1644491370,3,0.0,C
1644491370,3,0.0,C
1644491370,3,0.0,C
1689894946,3,0.0,C
1689894946,3,0.0,C
1689894946,3,0.0,C
1689894946,3,0.0,C
1689894946,3,0.0,C
2035804146,3,0.0,C
2035804146,3,0.0,C
2035804146,3,0.0,C
2035804146,3,0.0,C
2035804146,3,0.0,C
2240515393,3,0.0,C
2240515393,3,0.0,C
2240515393,3,0.0,C
2240515393,3,0.0,C
2240515393,3,0.0,C
2261370001,3,0.0,C
2261370001,3,0.0,C
2261370001,3,0.0,C
2261370001,3,0.0,C
2261370001,3,0.0,C
2370345011,3,0.0,C
2370345011,3,0.0,C
2370345011,3,0.0,C
2370345011,3,0.0,C
2370345011,3,0.0,C
2399760887,3,0.0,C
2399760887,3,0.0,C
2399760887,3,0.0,C
2399760887,3,0.0,C
2399760887,3,0.0,C
2467557643,3,0.0,C
2467557643,3,0.0,C
2467557643,3,0.0,C
2467557643,3,0.0,C
2467557643,3,0.0,C
2599740753,3,0.0,C
2599740753,3,0.0,C
2599740753,3,0.0,C
2599740753,3,0.0,C
2599740753,3,0.0,C
2786514417,3,0.0,C
2786514417,3,0.0,C
2786514417,3,0.0,C
2786514417,3,0.0,C
2786514417,3,0.0,C
3563343120,3,0.0,C
3563343120,3,0.0,C
3563343120,3,0.0,C
3563343120,3,0.0,C
3563343120,3,0.0,C
3639831514,3,0.0,C
3639831514,3,0.0,C
3639831514,3,0.0,C
3639831514,3,0.0,C
3639831514,3,0.0,C
3655890563,3,0.0,C
3655890563,3,0.0,C
3655890563,3,0.0,C
3655890563,3,0.0,C
3655890563,3,0.0,C
3736033135,3,0.0,C
3736033135,3,0.0,C
3736033135,3,0.0,C
3736033135,3,0.0,C
3736033135,3,0.0,C
3786095590,3,0.0,C
3786095590,3,0.0,C
3786095590,3,0.0,C
3786095590,3,0.0,C
3786095590,3,0.0,C
4226640035,3,0.0,N
4226640035,3,0.0,N
4226640035,3,0.0,N
4226640035,3,0.0,N
4226640035,3,0.0,N
472281497,3,-4.365080266932608e-05,C
472281497,3,-1.0651450171095256e-05,C
472281497,3,-4.365080266932608e-05,C
472281497,3,-4.365080266932608e-05,C
472281497,3,-4.365080266932608e-05,C
1136130381,3,0.0004786891463266496,C
1136130381,3,-4.921766051613208e-05,C
1136130381,3,-0.0003121129924714694,C
1136130381,3,-0.00011346685905799792,C
1136130381,3,0.0001029216550126888,C
1198890718,3,0.0,C
1198890718,3,0.0,C
1198890718,3,0.0,C
1198890718,3,0.0,C
1198890718,3,0.0,C
2752034647,3,0.0001803478883022347,C
2752034647,3,-0.0004209505504135791,C
2752034647,3,0.0001955619733063907,C
2752034647,3,8.907937423474621e-05,C
2752034647,3,0.0002623013971175814,C
3124581743,3,-0.003811814758747367,C
3124581743,3,-0.003060678862974231,C
3124581743,3,0.0017262029775685361,C
3124581743,3,0.006842697167384615,C
3124581743,3,0.00018385338350801472,C
332862697,3,0.0,C
332862697,3,0.0,C
332862697,3,0.0,C
332862697,3,0.0,C
332862697,3,0.0,C
428372179,3,0.0,N
428372179,3,0.0,N
428372179,3,0.0,N
428372179,3,0.0,N
428372179,3,0.0,N
451709826,3,0.0,N
451709826,3,0.0,N
451709826,3,0.0,N
451709826,3,0.0,N
451709826,3,0.0,N
793325400,3,0.0,N
793325400,3,0.0,N
793325400,3,0.0,N
793325400,3,0.0,N
793325400,3,0.0,N
809897358,3,0.0,C
809897358,3,0.0,C
809897358,3,0.0,C
809897358,3,0.0,C
809897358,3,0.0,C
1050073333,3,0.0,O
1050073333,3,0.0,O
1050073333,3,0.0,O
1050073333,3,0.0,O
1050073333,3,0.0,O
1223222526,3,0.0,C
1223222526,3,0.0,C
1223222526,3,0.0,C
1223222526,3,0.0,C
1223222526,3,0.0,C
1243474785,3,0.0,C
1243474785,3,0.0,C
1243474785,3,0.0,C
1243474785,3,0.0,C
1243474785,3,0.0,C
1330234599,3,0.0,N
1330234599,3,0.0,N
1330234599,3,0.0,N
1330234599,3,0.0,N
1330234599,3,0.0,N
1584334386,3,0.0,N
1584334386,3,0.0,N
1584334386,3,0.0,N
1584334386,3,0.0,N
1584334386,3,0.0,N
2055666925,3,0.0,C
2055666925,3,0.0,C
2055666925,3,0.0,C
2055666925,3,0.0,C
2055666925,3,0.0,C
2127647960,3,0.0,C
2127647960,3,0.0,C
2127647960,3,0.0,C
2127647960,3,0.0,C
2127647960,3,0.0,C
2240978772,3,0.0,C
2240978772,3,0.0,C
2240978772,3,0.0,C
2240978772,3,0.0,C
2240978772,3,0.0,C
2427036066,3,0.0,C
2427036066,3,0.0,C
2427036066,3,0.0,C
2427036066,3,0.0,C
2427036066,3,0.0,C
2578122382,3,0.0,C
2578122382,3,0.0,C
2578122382,3,0.0,C
2578122382,3,0.0,C
2578122382,3,0.0,C
2772731088,3,0.0,C
2772731088,3,0.0,C
2772731088,3,0.0,C
2772731088,3,0.0,C
2772731088,3,0.0,C
3663265415,3,0.0,C
3663265415,3,0.0,C
3663265415,3,0.0,C
3663265415,3,0.0,C
3663265415,3,0.0,C
3903984365,3,0.0,C
3903984365,3,0.0,C
3903984365,3,0.0,C
3903984365,3,0.0,C
3903984365,3,0.0,C
3991689940,3,0.0,C
3991689940,3,0.0,C
3991689940,3,0.0,C
3991689940,3,0.0,C
3991689940,3,0.0,C
4011293459,3,4.8039083181294906e-05,C
4011293459,3,9.531621238667576e-05,C
4011293459,3,0.0003342842359427278,C
4011293459,3,3.76219241456921e-05,C
4011293459,3,-0.0002631971296164215,C
4042217147,3,0.0,C
4042217147,3,0.0,C
4042217147,3,0.0,C
4042217147,3,0.0,C
4042217147,3,0.0,C
603510687,3,0.0030534170378747616,C
603510687,3,-0.0007681811208413158,C
603510687,3,-0.006507342237218938,C
603510687,3,-0.006608532937450118,C
603510687,3,-0.005596246528157156,C
1007161414,3,0.0,C
1007161414,3,0.0,C
1007161414,3,0.0,C
1007161414,3,0.0,C
1007161414,3,0.0,C
1276993226,3,0.006404500763337095,C
1276993226,3,0.005521963511659123,C
1276993226,3,0.0006889424030239732,C
1276993226,3,0.0039132048599423985,C
1276993226,3,0.004169241381886235,C
1510461303,3,0.0068050955535056135,C
1510461303,3,0.0034169559562119423,C
1510461303,3,0.007190645635304249,C
1510461303,3,0.007039307155798147,C
1510461303,3,0.00476623370017859,C
1824088295,3,6.413411447248052e-06,C
1824088295,3,-8.386765216061853e-05,C
1824088295,3,-0.00013849515592978534,C
1824088295,3,-0.00022932054589375195,C
1824088295,3,-1.507577104764568e-05,C
1842898132,3,0.0017060814492664278,C
1842898132,3,0.013858296535085524,C
1842898132,3,0.0075498551420351,C
1842898132,3,0.011095378647005272,C
1842898132,3,0.00781958948195527,C
1923187777,3,-0.00020307404044839217,N
1923187777,3,0.00013355492161060134,N
1923187777,3,-0.0006724232626359461,N
1923187777,3,0.0006195850928889524,N
1923187777,3,0.0001645826629042002,N
2510215966,3,-3.997973838198998e-05,C
2510215966,3,7.894407612185628e-05,C
2510215966,3,0.0001453075931997505,C
2510215966,3,0.00025865487668441656,C
2510215966,3,0.00010073618078909607,C
3012865236,3,0.0027207284895586215,N
3012865236,3,0.0021434283593565473,N
3012865236,3,0.00160611152097756,N
3012865236,3,0.0020044649603546683,N
3012865236,3,0.0013074945525985981,N
3334525955,3,-0.0006730030457680058,C
3334525955,3,-0.0003024692521693684,C
3334525955,3,0.00031282036711233197,C
3334525955,3,-0.0003574517293034596,C
3334525955,3,-0.00027302134677453793,C
4142616092,3,0.0,C
4142616092,3,0.0,C
4142616092,3,0.0,C
4142616092,3,0.0,C
4142616092,3,0.0,C
4292539202,3,0.0,C
4292539202,3,0.0,C
4292539202,3,0.0,C
4292539202,3,0.0,C
4292539202,3,0.0,C
28542897,3,0.0,N
28542897,3,0.0,N
28542897,3,0.0,N
28542897,3,0.0,N
28542897,3,0.0,N
323531961,3,0.0,C
323531961,3,0.0,C
323531961,3,0.0,C
323531961,3,0.0,C
323531961,3,0.0,C
398568954,3,0.0,C
398568954,3,0.0,C
398568954,3,0.0,C
398568954,3,0.0,C
398568954,3,0.0,C
468055343,3,-0.0003215499665660815,C
468055343,3,-0.00041700441701464364,C
468055343,3,-0.0003215499665660815,C
468055343,3,-0.0003215499665660815,C
468055343,3,-0.0003215499665660815,C
663118487,3,0.0,C
663118487,3,0.0,C
663118487,3,0.0,C
663118487,3,0.0,C
663118487,3,0.0,C
696146905,3,0.0,C
696146905,3,0.0,C
696146905,3,0.0,C
696146905,3,0.0,C
696146905,3,0.0,C
714619592,3,0.0,C
714619592,3,0.0,C
714619592,3,0.0,C
714619592,3,0.0,C
714619592,3,0.0,C
800085213,3,0.00021698185002205772,C
800085213,3,0.0002261658532316524,C
800085213,3,9.599094926215912e-05,C
800085213,3,-2.4175106630330845e-05,C
800085213,3,0.0003143279888743189,C
1085715869,3,0.0,C
1085715869,3,0.0,C
1085715869,3,0.0,C
1085715869,3,0.0,C
1085715869,3,0.0,C
1099011003,3,0.0,C
1099011003,3,0.0,C
1099011003,3,0.0,C
1099011003,3,0.0,C
1099011003,3,0.0,C
1156796571,3,0.0,N
1156796571,3,0.0,N
1156796571,3,0.0,N
1156796571,3,0.0,N
1156796571,3,0.0,N
1923646266,3,0.0,C
1923646266,3,0.0,C
1923646266,3,0.0,C
1923646266,3,0.0,C
1923646266,3,0.0,C
2405245879,3,0.0,C
2405245879,3,0.0,C
2405245879,3,0.0,C
2405245879,3,0.0,C
2405245879,3,0.0,C
2513505929,3,0.0,C
2513505929,3,0.0,C
2513505929,3,0.0,C
2513505929,3,0.0,C
2513505929,3,0.0,C
2514995658,3,0.0,C
2514995658,3,0.0,C
2514995658,3,0.0,C
2514995658,3,0.0,C
2514995658,3,0.0,C
2773066454,3,0.0,C
2773066454,3,0.0,C
2773066454,3,0.0,C
2773066454,3,0.0,C
2773066454,3,0.0,C
3507559179,3,0.0,C
3507559179,3,0.0,C
3507559179,3,0.0,C
3507559179,3,0.0,C
3507559179,3,0.0,C
3721278156,3,0.0,C
3721278156,3,0.0,C
3721278156,3,0.0,C
3721278156,3,0.0,C
3721278156,3,0.0,C
4105666400,3,0.00020498547777869636,C
4105666400,3,-0.0011293960548212079,C
4105666400,3,-0.00042236132561801476,C
4105666400,3,-0.0003135635763048539,C
4105666400,3,-0.00023032074569162564,C
26234434,3,0.001971480966313943,O
26234434,3,-0.002440251668587301,O
26234434,3,0.0008231236481042181,O
26234434,3,-0.001992032831225621,O
26234434,3,0.0014315692918608347,O
64070612,3,-2.2569770240177256e-05,C
64070612,3,-0.00030463798856472657,C
64070612,3,0.0006716650178429928,C
64070612,3,0.00022894658934435874,C
64070612,3,0.00013975074475347515,C
239116674,3,0.0,C
239116674,3,0.0,C
239116674,3,0.0,C
239116674,3,0.0,C
239116674,3,0.0,C
1999904870,3,-3.2569847215890846e-05,C
1999904870,3,0.00027142726487894286,C
1999904870,3,0.000289873913580041,C
1999904870,3,0.0004865104097879769,C
1999904870,3,-5.7431238698057996e-05,C
2089117413,3,-0.0004599837566586773,C
2089117413,3,-0.00020671798690052867,C
2089117413,3,-0.0006331224075400987,C
2089117413,3,-0.0003388890006124079,C
2089117413,3,-0.0017264857177685666,C
3980805843,3,-0.0015417975425106034,C
3980805843,3,-0.001001323501210738,C
3980805843,3,-0.0018906948934032108,C
3980805843,3,-0.0016349304114410268,C
3980805843,3,-0.0017175218012832616,C
96001975,3,0.0024066501886274017,C
96001975,3,0.0006043924098040332,C
96001975,3,0.0012897086020007276,C
96001975,3,0.0008678956922228975,C
96001975,3,0.0007689551395804184,C
128750964,3,0.0,C
128750964,3,0.0,C
128750964,3,0.0,C
128750964,3,0.0,C
128750964,3,0.0,C
142531445,3,0.0007611905592691537,C
142531445,3,-0.00024834080887992105,C
142531445,3,0.0003510445928350814,C
142531445,3,0.0005113952744899564,C
142531445,3,0.0004955462120089793,C
214126897,3,0.0,C
214126897,3,0.0,C
214126897,3,0.0,C
214126897,3,0.0,C
214126897,3,0.0,C
497870099,3,0.0,C
497870099,3,0.0,C
497870099,3,0.0,C
497870099,3,0.0,C
497870099,3,0.0,C
866262779,3,0.0,N
866262779,3,0.0,N
866262779,3,0.0,N
866262779,3,0.0,N
866262779,3,0.0,N
1163692816,3,-0.00038168460684662175,N
1163692816,3,-0.0005189725899936715,N
1163692816,3,1.4108593458517227e-05,N
1163692816,3,4.1034894180391746e-06,N
1163692816,3,-0.0004365476987899797,N
1585902678,3,0.0,C
1585902678,3,0.0,C
1585902678,3,0.0,C
1585902678,3,0.0,C
1585902678,3,0.0,C
1754248939,3,0.0009597670087291288,C
1754248939,3,0.00032073084489725456,C
1754248939,3,0.00061055384742148,C
1754248939,3,0.0011932510551322384,C
1754248939,3,0.0003827418029960228,C
2261474071,3,0.0,C
2261474071,3,0.0,C
2261474071,3,0.0,C
2261474071,3,0.0,C
2261474071,3,0.0,C
2744158313,3,0.0,C
2744158313,3,0.0,C
2744158313,3,0.0,C
2744158313,3,0.0,C
2744158313,3,0.0,C
2800885459,3,0.0,C
2800885459,3,0.0,C
2800885459,3,0.0,C
2800885459,3,0.0,C
2800885459,3,0.0,C
2841547777,3,-0.00034124916211319967,C
2841547777,3,0.0027295128177534655,C
2841547777,3,-0.0004427369579099727,C
2841547777,3,1.4196834221769095e-05,C
2841547777,3,0.0015731716855801325,C
3209892106,3,0.0,N
3209892106,3,0.0,N
3209892106,3,0.0,N
3209892106,3,0.0,N
3209892106,3,0.0,N
3348622688,3,0.0,C
3348622688,3,0.0,C
3348622688,3,0.0,C
3348622688,3,0.0,C
3348622688,3,0.0,C
3594696610,3,-6.765914702100417e-05,C
3594696610,3,-6.898631910956521e-05,C
3594696610,3,-6.898631910956521e-05,C
3594696610,3,-0.00010464290371259288,C
3594696610,3,-3.715225350509055e-05,C
30707086,3,0.0009550340260722212,C
30707086,3,0.000326042682592953,C
30707086,3,0.000913380982072387,C
30707086,3,0.0006300670766937744,C
30707086,3,0.0005909015929724815,C
1173125914,3,-0.0003591972939311905,C
1173125914,3,-0.00039666242586378075,C
1173125914,3,-9.000461887842537e-05,C
1173125914,3,-0.0008704255850204845,C
1173125914,3,-0.0008109866993694093,C
1462241120,3,0.0,C
1462241120,3,0.0,C
1462241120,3,0.0,C
1462241120,3,0.0,C
1462241120,3,0.0,C
2513428378,3,-0.0007003196462027628,C
2513428378,3,-0.002484999352046935,C
2513428378,3,-0.0008163971205336074,C
2513428378,3,-0.0014899147321869588,C
2513428378,3,-0.0030722073701903163,C
2697110228,3,0.00019029974174222808,C
2697110228,3,0.0005491599632739819,C
2697110228,3,0.0003002270449676825,C
2697110228,3,-0.00014613635675775338,C
2697110228,3,-0.00032488834932509203,C
2762810942,3,0.0,C
2762810942,3,0.0,C
2762810942,3,0.0,C
2762810942,3,0.0,C
2762810942,3,0.0,C
2975126068,3,0.0014104196491562249,N
2975126068,3,0.0019694402338211736,N
2975126068,3,0.0011398977071082061,N
2975126068,3,0.001676265644761532,N
2975126068,3,0.0016411489867900197,N
2984045667,3,0.0,C
2984045667,3,0.0,C
2984045667,3,0.0,C
2984045667,3,0.0,C
2984045667,3,0.0,C
3034212252,3,-0.0004488359418340915,C
3034212252,3,-0.0005396424748440598,C
3034212252,3,-0.0006675798273081401,C
3034212252,3,-0.0004932373513721888,C
3034212252,3,-0.0004934836035915824,C
3482873808,3,-0.000659879382962747,C
3482873808,3,0.0014914905671410406,C
3482873808,3,-0.0014537218537625796,C
3482873808,3,0.002043951833916813,C
3482873808,3,-0.0035816832347292937,C
3657471097,3,0.002663984366755412,C
3657471097,3,0.0027686175908919752,C
3657471097,3,0.002764738152319146,C
3657471097,3,0.0015256543803111589,C
3657471097,3,0.002550212228150439,C
411946514,3,0.0,N
411946514,3,0.0,N
411946514,3,0.0,N
411946514,3,0.0,N
411946514,3,0.0,N
698395004,3,-0.0001989994970352793,C
698395004,3,-0.0008776216588752828,C
698395004,3,-0.00014600455776925259,C
698395004,3,-0.000599896396272559,C
698395004,3,-0.00036242044282219776,C
715404902,3,0.0,C
715404902,3,0.0,C
715404902,3,0.0,C
715404902,3,0.0,C
715404902,3,0.0,C
752433856,3,0.0,N
752433856,3,0.0,N
752433856,3,0.0,N
752433856,3,0.0,N
752433856,3,0.0,N
975892776,3,0.0,C
975892776,3,0.0,C
975892776,3,0.0,C
975892776,3,0.0,C
975892776,3,0.0,C
1007507120,3,0.0,C
1007507120,3,0.0,C
1007507120,3,0.0,C
1007507120,3,0.0,C
1007507120,3,0.0,C
1553638162,3,0.0,C
1553638162,3,0.0,C
1553638162,3,0.0,C
1553638162,3,0.0,C
1553638162,3,0.0,C
1669800820,3,0.0,N
1669800820,3,0.0,N
1669800820,3,0.0,N
1669800820,3,0.0,N
1669800820,3,0.0,N
1863555477,3,0.0,C
1863555477,3,0.0,C
1863555477,3,0.0,C
1863555477,3,0.0,C
1863555477,3,0.0,C
1892048877,3,0.0,C
1892048877,3,0.0,C
1892048877,3,0.0,C
1892048877,3,0.0,C
1892048877,3,0.0,C
2171097092,3,0.0,C
2171097092,3,0.0,C
2171097092,3,0.0,C
2171097092,3,0.0,C
2171097092,3,0.0,C
2447508436,3,0.0,C
2447508436,3,0.0,C
2447508436,3,0.0,C
2447508436,3,0.0,C
2447508436,3,0.0,C
2787503806,3,0.0001747992132121734,C
2787503806,3,6.152384196478344e-05,C
2787503806,3,5.0468297094319325e-05,C
2787503806,3,6.152384196478344e-05,C
2787503806,3,6.355517431222424e-05,C
2955423774,3,0.0,N
2955423774,3,0.0,N
2955423774,3,0.0,N
2955423774,3,0.0,N
2955423774,3,0.0,N
3260652206,3,0.0,C
3260652206,3,0.0,C
3260652206,3,0.0,C
3260652206,3,0.0,C
3260652206,3,0.0,C
3408309917,3,0.0,C
3408309917,3,0.0,C
3408309917,3,0.0,C
3408309917,3,0.0,C
3408309917,3,0.0,C
3507930102,3,0.0,N
3507930102,3,0.0,N
3507930102,3,0.0,N
3507930102,3,0.0,N
3507930102,3,0.0,N
3539604354,3,0.0,N
3539604354,3,0.0,N
3539604354,3,0.0,N
3539604354,3,0.0,N
3539604354,3,0.0,N
3763576453,3,0.0,C
3763576453,3,0.0,C
3763576453,3,0.0,C
3763576453,3,0.0,C
3763576453,3,0.0,C
3882774308,3,0.0,N
3882774308,3,0.0,N
3882774308,3,0.0,N
3882774308,3,0.0,N
3882774308,3,0.0,N
3917289208,3,0.0,C
3917289208,3,0.0,C
3917289208,3,0.0,C
3917289208,3,0.0,C
3917289208,3,0.0,C
4253828657,3,0.0,C
4253828657,3,0.0,C
4253828657,3,0.0,C
4253828657,3,0.0,C
4253828657,3,0.0,C
2900982932,3,0.0,C
2900982932,3,0.0,C
2900982932,3,0.0,C
2900982932,3,0.0,C
2900982932,3,0.0,C
3118255683,3,-0.0011800325286888125,N
3118255683,3,-0.0019048399324321785,N
3118255683,3,-0.00048393667046153777,N
3118255683,3,-0.0012122624096183587,N
3118255683,3,-0.001215570543880995,N
359077626,3,0.0,N
359077626,3,0.0,N
359077626,3,0.0,N
359077626,3,0.0,N
359077626,3,0.0,N
644322065,3,0.001534080743666677,C
644322065,3,0.0007582509571546492,C
644322065,3,0.0017727679697241427,C
644322065,3,0.0013576301596732732,C
644322065,3,0.0019194447566076578,C
895250610,3,0.0,C
895250610,3,0.0,C
895250610,3,0.0,C
895250610,3,0.0,C
895250610,3,0.0,C
1215492469,3,-0.0006672052014603524,C
1215492469,3,0.0006499747524981725,C
1215492469,3,0.0008272510554756529,C
1215492469,3,4.326867834414383e-05,C
1215492469,3,0.0006886441920790354,C
1349404210,3,-1.4128368587384976e-05,N
1349404210,3,-0.00011539277286742866,N
1349404210,3,8.051906703065992e-05,N
1349404210,3,9.557499365930866e-05,N
1349404210,3,9.703818893636029e-05,N
1399598682,3,0.0,N
1399598682,3,0.0,N
1399598682,3,0.0,N
1399598682,3,0.0,N
1399598682,3,0.0,N
1423775345,3,0.0,C
1423775345,3,0.0,C
1423775345,3,0.0,C
1423775345,3,0.0,C
1423775345,3,0.0,C
1443130335,3,0.0,C
1443130335,3,0.0,C
1443130335,3,0.0,C
1443130335,3,0.0,C
1443130335,3,0.0,C
1558658757,3,0.002851179212235433,C
1558658757,3,0.0006104016376639043,C
1558658757,3,0.0014541795437003069,C
1558658757,3,0.0003917500302821342,C
1558658757,3,0.0013300979988417616,C
1717044408,3,-0.00037440864315685385,C
1717044408,3,4.228758536750643e-05,C
1717044408,3,-0.0004690214072838872,C
1717044408,3,-0.0002445882334792815,C
1717044408,3,3.805039205240224e-05,C
2486184522,3,0.0,C
2486184522,3,0.0,C
2486184522,3,0.0,C
2486184522,3,0.0,C
2486184522,3,0.0,C
2624111612,3,0.0,C
2624111612,3,0.0,C
2624111612,3,0.0,C
2624111612,3,0.0,C
2624111612,3,0.0,C
4029796037,3,0.0,C
4029796037,3,0.0,C
4029796037,3,0.0,C
4029796037,3,0.0,C
4029796037,3,0.0,C
4058119759,3,0.0,C
4058119759,3,0.0,C
4058119759,3,0.0,C
4058119759,3,0.0,C
4058119759,3,0.0,C
4101595700,3,0.0,C
4101595700,3,0.0,C
4101595700,3,0.0,C
4101595700,3,0.0,C
4101595700,3,0.0,C
994821171,3,0.0,N
994821171,3,0.0,N
994821171,3,0.0,N
994821171,3,0.0,N
994821171,3,0.0,N
1255626466,3,-1.622291847525048e-07,N
1255626466,3,-5.3487803175267246e-05,N
1255626466,3,-0.0005237789094469925,N
1255626466,3,0.0019482978009817131,N
1255626466,3,-0.00016543768908816592,N
2556855854,3,-0.00011614983765961817,C
2556855854,3,-0.0002279791960244637,C
2556855854,3,-0.0004829905357087716,C
2556855854,3,-0.0002326942393060527,C
2556855854,3,-0.0003040733318079303,C
2819130785,3,0.0,C
2819130785,3,0.0,C
2819130785,3,0.0,C
2819130785,3,0.0,C
2819130785,3,0.0,C
3177362943,3,0.00026883559061041673,C
3177362943,3,0.0009417687142144748,C
3177362943,3,0.0016129613016406807,C
3177362943,3,-0.001046169348144943,C
3177362943,3,0.001011944294667555,C
3410651186,3,0.0,C
3410651186,3,0.0,C
3410651186,3,0.0,C
3410651186,3,0.0,C
3410651186,3,0.0,C
4039837947,3,0.0,F
4039837947,3,0.0,F
4039837947,3,0.0,F
4039837947,3,0.0,F
4039837947,3,0.0,F
92925610,3,0.0,C
92925610,3,0.0,C
92925610,3,0.0,C
92925610,3,0.0,C
92925610,3,0.0,C
540815687,3,-0.0005325519486960584,N
540815687,3,0.001807783944388408,N
540815687,3,-0.0006769497684911974,N
540815687,3,0.001709021030222635,N
540815687,3,0.0006961590244163318,N
780370718,3,0.0,N
780370718,3,0.0,N
780370718,3,0.0,N
780370718,3,0.0,N
780370718,3,0.0,N
781025043,3,0.0,C
781025043,3,0.0,C
781025043,3,0.0,C
781025043,3,0.0,C
781025043,3,0.0,C
1023209243,3,0.0002768231112966202,N
1023209243,3,-7.576488993499275e-05,N
1023209243,3,-0.00043484243427183156,N
1023209243,3,0.000146844413518199,N
1023209243,3,0.0001066418131560054,N
1131570738,3,7.821691224818572e-05,N
1131570738,3,8.152087849977452e-05,N
1131570738,3,0.00019768124258889852,N
1131570738,3,-0.00020952413228270128,N
1131570738,3,0.00011450224735598535,N
1150405168,3,0.0,C
1150405168,3,0.0,C
1150405168,3,0.0,C
1150405168,3,0.0,C
1150405168,3,0.0,C
1641839479,3,0.0,N
1641839479,3,0.0,N
1641839479,3,0.0,N
1641839479,3,0.0,N
1641839479,3,0.0,N
2160384926,3,0.00033796419980480774,N
2160384926,3,0.0011128191092816264,N
2160384926,3,-0.00033626254211871487,N
2160384926,3,0.0006931960819819283,N
2160384926,3,0.00014610858237718016,N
2460299331,3,0.0,C
2460299331,3,0.0,C
2460299331,3,0.0,C
2460299331,3,0.0,C
2460299331,3,0.0,C
2486266314,3,-6.824387238302254e-05,C
2486266314,3,-2.8441463109429854e-05,C
2486266314,3,0.0002078820434364692,C
2486266314,3,5.9211818554172346e-05,C
2486266314,3,-6.17237887661215e-05,C
2628190857,3,0.0,N
2628190857,3,0.0,N
2628190857,3,0.0,N
2628190857,3,0.0,N
2628190857,3,0.0,N
2872312665,3,0.0,C
2872312665,3,0.0,C
2872312665,3,0.0,C
2872312665,3,0.0,C
2872312665,3,0.0,C
3005819886,3,0.0,C
3005819886,3,0.0,C
3005819886,3,0.0,C
3005819886,3,0.0,C
3005819886,3,0.0,C
3154728280,3,0.0,C
3154728280,3,0.0,C
3154728280,3,0.0,C
3154728280,3,0.0,C
3154728280,3,0.0,C
3848368466,3,-0.0008105780834043452,C
3848368466,3,-0.00010242507265401102,C
3848368466,3,-5.106027113477296e-05,C
3848368466,3,0.00023630736959368015,C
3848368466,3,-0.00031079880160866935,C
4015884349,3,0.0,C
4015884349,3,0.0,C
4015884349,3,0.0,C
4015884349,3,0.0,C
4015884349,3,0.0,C
4017659646,3,0.0,C
4017659646,3,0.0,C
4017659646,3,0.0,C
4017659646,3,0.0,C
4017659646,3,0.0,C
4151045509,3,0.0,C
4151045509,3,0.0,C
4151045509,3,0.0,C
4151045509,3,0.0,C
4151045509,3,0.0,C
4277593707,3,0.0,H
4277593707,3,0.0,H
4277593707,3,0.0,H
4277593707,3,0.0,H
4277593707,3,0.0,H
540046244,3,0.0004457646219477862,C
540046244,3,0.007395508194676825,C
540046244,3,0.004710607191558802,C
540046244,3,-0.00018202888587226518,C
540046244,3,0.001718970262021391,C
828793177,3,0.002350001161731008,N
828793177,3,0.0031667076902709423,N
828793177,3,0.002126030394030032,N
828793177,3,0.002156990756117305,N
828793177,3,0.0038067389262238516,N
1874871479,3,0.0,C
1874871479,3,0.0,C
1874871479,3,0.0,C
1874871479,3,0.0,C
1874871479,3,0.0,C
2110118862,3,-0.0002161351414960988,C
2110118862,3,-7.981710912285944e-05,C
2110118862,3,0.00014249901389706832,C
2110118862,3,-0.0003099463521990531,C
2110118862,3,7.530071954742201e-05,C
2806018737,3,0.0050257846826562425,C
2806018737,3,0.004246697691444701,C
2806018737,3,0.004811336280935552,C
2806018737,3,0.004831724571617735,C
2806018737,3,0.0008626470651571516,C
3321501200,3,0.0,H
3321501200,3,0.0,H
3321501200,3,0.0,H
3321501200,3,0.0,H
3321501200,3,0.0,H
3458774156,3,0.002717808223496543,N
3458774156,3,0.012062311579216445,N
3458774156,3,0.013808158378005642,N
3458774156,3,0.001717778368305889,N
3458774156,3,0.019984580450752354,N
3811375594,3,0.00012231237463611322,C
3811375594,3,8.059309718921881e-06,C
3811375594,3,8.440517984042994e-05,C
3811375594,3,0.0003796695064630651,C
3811375594,3,-2.1061823110013478e-06,C
26983675,3,0.00037481575654696453,C
26983675,3,0.00012679470578336183,C
26983675,3,0.0004517923598909013,C
26983675,3,0.00023563635981493913,C
26983675,3,-1.5628275123358293e-05,C
535741794,3,0.0,N
535741794,3,0.0,N
535741794,3,0.0,N
535741794,3,0.0,N
535741794,3,0.0,N
786150277,3,0.0,N
786150277,3,0.0,N
786150277,3,0.0,N
786150277,3,0.0,N
786150277,3,0.0,N
909290456,3,0.0,C
909290456,3,0.0,C
909290456,3,0.0,C
909290456,3,0.0,C
909290456,3,0.0,C
910588689,3,0.0,C
910588689,3,0.0,C
910588689,3,0.0,C
910588689,3,0.0,C
910588689,3,0.0,C
930311090,3,0.0,C
930311090,3,0.0,C
930311090,3,0.0,C
930311090,3,0.0,C
930311090,3,0.0,C
1010142783,3,0.0,O
1010142783,3,0.0,O
1010142783,3,0.0,O
1010142783,3,0.0,O
1010142783,3,0.0,O
1024985588,3,0.0,N
1024985588,3,0.0,N
1024985588,3,0.0,N
1024985588,3,0.0,N
1024985588,3,0.0,N
1323467736,3,0.0023594193271286867,C
1323467736,3,0.0016579128315293845,C
1323467736,3,-7.315421854747761e-05,C
1323467736,3,0.0024622776274787483,C
1323467736,3,0.0012817792273086548,C
1553946601,3,0.0,C
1553946601,3,0.0,C
1553946601,3,0.0,C
1553946601,3,0.0,C
1553946601,3,0.0,C
1657678088,3,0.0,N
1657678088,3,0.0,N
1657678088,3,0.0,N
1657678088,3,0.0,N
1657678088,3,0.0,N
1869141243,3,0.0,N
1869141243,3,0.0,N
1869141243,3,0.0,N
1869141243,3,0.0,N
1869141243,3,0.0,N
1903925225,3,0.0,N
1903925225,3,0.0,N
1903925225,3,0.0,N
1903925225,3,0.0,N
1903925225,3,0.0,N
1957117295,3,0.0,C
1957117295,3,0.0,C
1957117295,3,0.0,C
1957117295,3,0.0,C
1957117295,3,0.0,C
2029358908,3,0.0,C
2029358908,3,0.0,C
2029358908,3,0.0,C
2029358908,3,0.0,C
2029358908,3,0.0,C
2048724485,3,0.0,N
2048724485,3,0.0,N
2048724485,3,0.0,N
2048724485,3,0.0,N
2048724485,3,0.0,N
2751443729,3,-2.9362490862161472e-05,C
2751443729,3,-2.9362490862161472e-05,C
2751443729,3,-2.9362490862161472e-05,C
2751443729,3,-2.9362490862161472e-05,C
2751443729,3,1.6907683987321676e-06,C
2931743253,3,0.0,N
2931743253,3,0.0,N
2931743253,3,0.0,N
2931743253,3,0.0,N
2931743253,3,0.0,N
3088984962,3,-0.0004145711862497681,C
3088984962,3,-0.0002679228383170029,C
3088984962,3,-0.0005452435935688893,C
3088984962,3,-0.0004508599827935944,C
3088984962,3,-0.0003978650648346349,C
3387690060,3,0.0,C
3387690060,3,0.0,C
3387690060,3,0.0,C
3387690060,3,0.0,C
3387690060,3,0.0,C
3552728635,3,0.0,C
3552728635,3,0.0,C
3552728635,3,0.0,C
3552728635,3,0.0,C
3552728635,3,0.0,C
3598084476,3,0.0,C
3598084476,3,0.0,C
3598084476,3,0.0,C
3598084476,3,0.0,C
3598084476,3,0.0,C
4048157477,3,0.0,C
4048157477,3,0.0,C
4048157477,3,0.0,C
4048157477,3,0.0,C
4048157477,3,0.0,C
1730555933,3,-0.0002133306679098501,C
1730555933,3,0.0001727635270846184,C
1730555933,3,-5.5553202249480904e-05,C
1730555933,3,-0.00016082009785756135,C
1730555933,3,-7.430677361197624e-05,C
1868602760,3,0.0011213553389551878,N
1868602760,3,-0.0001717555160231088,N
1868602760,3,-0.0011819843248266348,N
1868602760,3,0.0005848094613580823,N
1868602760,3,-5.733595190959839e-05,N
4203454020,3,-0.00042855472720615406,C
4203454020,3,-0.0010461041112030944,C
4203454020,3,-0.001011624596065186,C
4203454020,3,-0.0010786849921573527,C
4203454020,3,-0.0008416566409398252,C
194638448,3,0.0,C
194638448,3,0.0,C
194638448,3,0.0,C
194638448,3,0.0,C
194638448,3,0.0,C
770309757,3,0.0,N
770309757,3,0.0,N
770309757,3,0.0,N
770309757,3,0.0,N
770309757,3,0.0,N
836300471,3,0.00011219004843299185,C
836300471,3,-0.0003094405515104981,C
836300471,3,-3.995762007658055e-05,C
836300471,3,9.248385207827337e-05,C
836300471,3,-0.0003144953675227047,C
877095501,3,0.0,C
877095501,3,0.0,C
877095501,3,0.0,C
877095501,3,0.0,C
877095501,3,0.0,C
932692620,3,-0.0017092228748396554,C
932692620,3,-0.0002617559700454075,C
932692620,3,0.0005062399540675111,C
932692620,3,-0.0024261988842027016,C
932692620,3,-0.002389352409730039,C
1526194454,3,0.0,C
1526194454,3,0.0,C
1526194454,3,0.0,C
1526194454,3,0.0,C
1526194454,3,0.0,C
1528304983,3,0.0,N
1528304983,3,0.0,N
1528304983,3,0.0,N
1528304983,3,0.0,N
1528304983,3,0.0,N
1998636009,3,0.0,C
1998636009,3,0.0,C
1998636009,3,0.0,C
1998636009,3,0.0,C
1998636009,3,0.0,C
2585793646,3,0.0,N
2585793646,3,0.0,N
2585793646,3,0.0,N
2585793646,3,0.0,N
2585793646,3,0.0,N
2839110432,3,0.00018869478988714494,C
2839110432,3,-4.180027036393419e-05,C
2839110432,3,0.0002560762002383754,C
2839110432,3,1.2021710528831164e-05,C
2839110432,3,1.619395637098009e-05,C
3624135138,3,0.0,C
3624135138,3,0.0,C
3624135138,3,0.0,C
3624135138,3,0.0,C
3624135138,3,0.0,C
3351556771,3,0.030016710689096726,S
3351556771,3,0.027140304333586274,S
3351556771,3,0.01720416457392182,S
3351556771,3,0.007797101777990312,S
3351556771,3,0.012992919456731866,S
54936104,3,0.00142642975546603,C
54936104,3,0.0009657298727079322,C
54936104,3,0.0017545295395905436,C
54936104,3,0.001211470178307028,C
54936104,3,0.0012579115214725878,C
1229325558,3,0.00012144766334887258,N
1229325558,3,0.00014983511912958214,N
1229325558,3,-0.0001611313686875615,N
1229325558,3,-9.834857541146658e-05,N
1229325558,3,7.100569576856675e-05,N
1880637161,3,0.0007770401777649205,S
1880637161,3,4.307251455859529e-05,S
1880637161,3,0.000481122932215472,S
1880637161,3,8.219739347858912e-05,S
1880637161,3,0.0009286959891036117,S
2360467803,3,0.0,C
2360467803,3,0.0,C
2360467803,3,0.0,C
2360467803,3,0.0,C
2360467803,3,0.0,C
2424973678,3,0.0006336825003897539,C
2424973678,3,-0.004208491570749762,C
2424973678,3,-0.0008814035050752622,C
2424973678,3,-0.00235114811345305,C
2424973678,3,0.0009013524914942561,C
2609658248,3,0.0,C
2609658248,3,0.0,C
2609658248,3,0.0,C
2609658248,3,0.0,C
2609658248,3,0.0,C
4179862704,3,7.820370456235182e-05,C
4179862704,3,-1.4959336604447593e-05,C
4179862704,3,0.00026481477261175446,C
4179862704,3,0.0003644384042827964,C
4179862704,3,-0.0004400855148040117,C
197088345,3,0.0,C
197088345,3,0.0,C
197088345,3,0.0,C
197088345,3,0.0,C
197088345,3,0.0,C
324017337,3,0.0,S
324017337,3,0.0,S
324017337,3,0.0,S
324017337,3,0.0,S
324017337,3,0.0,S
991022577,3,0.0,C
991022577,3,0.0,C
991022577,3,0.0,C
991022577,3,0.0,C
991022577,3,0.0,C
1050388032,3,0.0,O
1050388032,3,0.0,O
1050388032,3,0.0,O
1050388032,3,0.0,O
1050388032,3,0.0,O
1243327745,3,0.0,C
1243327745,3,0.0,C
1243327745,3,0.0,C
1243327745,3,0.0,C
1243327745,3,0.0,C
1498355701,3,0.0,C
1498355701,3,0.0,C
1498355701,3,0.0,C
1498355701,3,0.0,C
1498355701,3,0.0,C
1525423190,3,0.0,C
1525423190,3,0.0,C
1525423190,3,0.0,C
1525423190,3,0.0,C
1525423190,3,0.0,C
2223903554,3,0.0,C
2223903554,3,0.0,C
2223903554,3,0.0,C
2223903554,3,0.0,C
2223903554,3,0.0,C
2278249975,3,0.0,S
2278249975,3,0.0,S
2278249975,3,0.0,S
2278249975,3,0.0,S
2278249975,3,0.0,S
2307411320,3,0.0,C
2307411320,3,0.0,C
2307411320,3,0.0,C
2307411320,3,0.0,C
2307411320,3,0.0,C
2326951013,3,0.0,C
2326951013,3,0.0,C
2326951013,3,0.0,C
2326951013,3,0.0,C
2326951013,3,0.0,C
2613287784,3,0.0,C
2613287784,3,0.0,C
2613287784,3,0.0,C
2613287784,3,0.0,C
2613287784,3,0.0,C
3216057531,3,0.0,C
3216057531,3,0.0,C
3216057531,3,0.0,C
3216057531,3,0.0,C
3216057531,3,0.0,C
3498419259,3,0.0,C
3498419259,3,0.0,C
3498419259,3,0.0,C
3498419259,3,0.0,C
3498419259,3,0.0,C
3572239627,3,0.0,N
3572239627,3,0.0,N
3572239627,3,0.0,N
3572239627,3,0.0,N
3572239627,3,0.0,N
3607642719,3,0.0,C
3607642719,3,0.0,C
3607642719,3,0.0,C
3607642719,3,0.0,C
3607642719,3,0.0,C
3728348531,3,0.0,N
3728348531,3,0.0,N
3728348531,3,0.0,N
3728348531,3,0.0,N
3728348531,3,0.0,N
3760180875,3,0.0,N
3760180875,3,0.0,N
3760180875,3,0.0,N
3760180875,3,0.0,N
3760180875,3,0.0,N
3962114891,3,0.0,C
3962114891,3,0.0,C
3962114891,3,0.0,C
3962114891,3,0.0,C
3962114891,3,0.0,C
3995596583,3,0.0,C
3995596583,3,0.0,C
3995596583,3,0.0,C
3995596583,3,0.0,C
3995596583,3,0.0,C
4033041123,3,0.0,C
4033041123,3,0.0,C
4033041123,3,0.0,C
4033041123,3,0.0,C
4033041123,3,0.0,C
1711656516,3,0.0,C
1711656516,3,0.0,C
1711656516,3,0.0,C
1711656516,3,0.0,C
1711656516,3,0.0,C
1842114921,3,0.0027344656122668676,C
1842114921,3,0.002695380210635867,C
1842114921,3,0.0015020884363661224,C
1842114921,3,0.00441628339555411,C
1842114921,3,0.002116403577379744,C
2567005256,3,0.0,C
2567005256,3,0.0,C
2567005256,3,0.0,C
2567005256,3,0.0,C
2567005256,3,0.0,C
3044392905,3,5.4653969573381644e-06,N
3044392905,3,0.0012245837265753012,N
3044392905,3,0.0009158855570541302,N
3044392905,3,0.0007086179228515954,N
3044392905,3,0.0007427278799346793,N
3384631972,3,-0.0008896227807443369,C
3384631972,3,-0.0009215788178196238,C
3384631972,3,-0.0010285826432825385,C
3384631972,3,-0.0009014400115328058,C
3384631972,3,-0.0010704652347224286,C
3462333187,3,0.0,C
3462333187,3,0.0,C
3462333187,3,0.0,C
3462333187,3,0.0,C
3462333187,3,0.0,C
3796841743,3,0.011518218347334352,C
3796841743,3,0.009953935536148206,C
3796841743,3,0.008097357182913045,C
3796841743,3,0.007344718031905173,C
3796841743,3,0.009777706688414045,C
3796970912,3,0.0,C
3796970912,3,0.0,C
3796970912,3,0.0,C
3796970912,3,0.0,C
3796970912,3,0.0,C
467603055,3,0.003214713203207764,C
467603055,3,0.004239826232689148,C
467603055,3,0.005585568812851327,C
467603055,3,0.00421679089612137,C
467603055,3,0.006057095936163659,C
890227654,3,0.0,C
890227654,3,0.0,C
890227654,3,0.0,C
890227654,3,0.0,C
890227654,3,0.0,C
913026435,3,0.0,C
913026435,3,0.0,C
913026435,3,0.0,C
913026435,3,0.0,C
913026435,3,0.0,C
1224045316,3,0.0,N
1224045316,3,0.0,N
1224045316,3,0.0,N
1224045316,3,0.0,N
1224045316,3,0.0,N
1490438549,3,0.0,C
1490438549,3,0.0,C
1490438549,3,0.0,C
1490438549,3,0.0,C
1490438549,3,0.0,C
1548658224,3,0.0,C
1548658224,3,0.0,C
1548658224,3,0.0,C
1548658224,3,0.0,C
1548658224,3,0.0,C
1622603972,3,0.0,C
1622603972,3,0.0,C
1622603972,3,0.0,C
1622603972,3,0.0,C
1622603972,3,0.0,C
1805030178,3,0.0,N
1805030178,3,0.0,N
1805030178,3,0.0,N
1805030178,3,0.0,N
1805030178,3,0.0,N
1951850042,3,0.0,C
1951850042,3,0.0,C
1951850042,3,0.0,C
1951850042,3,0.0,C
1951850042,3,0.0,C
2063667942,3,0.0,C
2063667942,3,0.0,C
2063667942,3,0.0,C
2063667942,3,0.0,C
2063667942,3,0.0,C
2068416114,3,0.0,C
2068416114,3,0.0,C
2068416114,3,0.0,C
2068416114,3,0.0,C
2068416114,3,0.0,C
2562475466,3,0.0,C
2562475466,3,0.0,C
2562475466,3,0.0,C
2562475466,3,0.0,C
2562475466,3,0.0,C
2577294604,3,0.0,C
2577294604,3,0.0,C
2577294604,3,0.0,C
2577294604,3,0.0,C
2577294604,3,0.0,C
2807805304,3,0.0,C
2807805304,3,0.0,C
2807805304,3,0.0,C
2807805304,3,0.0,C
2807805304,3,0.0,C
2937399870,3,0.0,C
2937399870,3,0.0,C
2937399870,3,0.0,C
2937399870,3,0.0,C
2937399870,3,0.0,C
3018722882,3,0.0,C
3018722882,3,0.0,C
3018722882,3,0.0,C
3018722882,3,0.0,C
3018722882,3,0.0,C
3192665452,3,0.0,C
3192665452,3,0.0,C
3192665452,3,0.0,C
3192665452,3,0.0,C
3192665452,3,0.0,C
3213912075,3,0.0,C
3213912075,3,0.0,C
3213912075,3,0.0,C
3213912075,3,0.0,C
3213912075,3,0.0,C
3276095363,3,0.0,C
3276095363,3,0.0,C
3276095363,3,0.0,C
3276095363,3,0.0,C
3276095363,3,0.0,C
3406201864,3,-0.0020421244952958384,C
3406201864,3,-0.0004560029201972071,C
3406201864,3,-0.0026712198629205153,C
3406201864,3,-0.002261388625327876,C
3406201864,3,-0.0020162729104563626,C
3850591004,3,0.0,N
3850591004,3,0.0,N
3850591004,3,0.0,N
3850591004,3,0.0,N
3850591004,3,0.0,N
3879569661,3,0.0,C
3879569661,3,0.0,C
3879569661,3,0.0,C
3879569661,3,0.0,C
3879569661,3,0.0,C
3936714060,3,0.0,C
3936714060,3,0.0,C
3936714060,3,0.0,C
3936714060,3,0.0,C
3936714060,3,0.0,C
3632480728,3,0.0,C
3632480728,3,0.0,C
3632480728,3,0.0,C
3632480728,3,0.0,C
3632480728,3,0.0,C
4174067669,3,0.0,C
4174067669,3,0.0,C
4174067669,3,0.0,C
4174067669,3,0.0,C
4174067669,3,0.0,C
4291484675,3,9.509270010965576e-05,N
4291484675,3,2.321121072379473e-05,N
4291484675,3,-4.0940020303303903e-05,N
4291484675,3,5.146607272243919e-06,N
4291484675,3,0.00012016299230999117,N
314877203,3,0.0,C
314877203,3,0.0,C
314877203,3,0.0,C
314877203,3,0.0,C
314877203,3,0.0,C
489388916,3,0.0,C
489388916,3,0.0,C
489388916,3,0.0,C
489388916,3,0.0,C
489388916,3,0.0,C
1680331922,3,0.0,C
1680331922,3,0.0,C
1680331922,3,0.0,C
1680331922,3,0.0,C
1680331922,3,0.0,C
1777036577,3,0.0,C
1777036577,3,0.0,C
1777036577,3,0.0,C
1777036577,3,0.0,C
1777036577,3,0.0,C
1907838786,3,0.0,C
1907838786,3,0.0,C
1907838786,3,0.0,C
1907838786,3,0.0,C
1907838786,3,0.0,C
2083378866,3,0.0,N
2083378866,3,0.0,N
2083378866,3,0.0,N
2083378866,3,0.0,N
2083378866,3,0.0,N
2089800336,3,-0.0003430694505013321,C
2089800336,3,-9.208124773729676e-05,C
2089800336,3,-6.794534358278703e-05,C
2089800336,3,-0.00024143530547726666,C
2089800336,3,-0.00030034287128821724,C
2148515119,3,0.0,C
2148515119,3,0.0,C
2148515119,3,0.0,C
2148515119,3,0.0,C
2148515119,3,0.0,C
2243261910,3,0.0,C
2243261910,3,0.0,C
2243261910,3,0.0,C
2243261910,3,0.0,C
2243261910,3,0.0,C
2347372764,3,0.0,C
2347372764,3,0.0,C
2347372764,3,0.0,C
2347372764,3,0.0,C
2347372764,3,0.0,C
2415345060,3,0.0,C
2415345060,3,0.0,C
2415345060,3,0.0,C
2415345060,3,0.0,C
2415345060,3,0.0,C
3325032788,3,0.0,C
3325032788,3,0.0,C
3325032788,3,0.0,C
3325032788,3,0.0,C
3325032788,3,0.0,C
3717772879,3,0.0,N
3717772879,3,0.0,N
3717772879,3,0.0,N
3717772879,3,0.0,N
3717772879,3,0.0,N
4046948928,3,0.0,C
4046948928,3,0.0,C
4046948928,3,0.0,C
4046948928,3,0.0,C
4046948928,3,0.0,C
4098206784,3,0.0,N
4098206784,3,0.0,N
4098206784,3,0.0,N
4098206784,3,0.0,N
4098206784,3,0.0,N
104625121,3,-0.00012318728785642996,N
104625121,3,-0.00028111161122423844,N
104625121,3,-0.0006684027846701746,N
104625121,3,-0.0009972034263963092,N
104625121,3,-0.0010124920403455917,N
1153219603,3,-0.00041237661551307703,C
1153219603,3,0.00022485793055948555,C
1153219603,3,9.524816236905487e-05,C
1153219603,3,-0.000498465193675468,C
1153219603,3,-0.0009330108111773594,C
1356825073,3,0.0,C
1356825073,3,0.0,C
1356825073,3,0.0,C
1356825073,3,0.0,C
1356825073,3,0.0,C
1821698485,3,-0.001337833116244469,C
1821698485,3,-0.00025520097411013687,C
1821698485,3,-7.462768552290999e-05,C
1821698485,3,9.198908688956564e-05,C
1821698485,3,-0.0009113759168715152,C
1896930344,3,0.0,C
1896930344,3,0.0,C
1896930344,3,0.0,C
1896930344,3,0.0,C
1896930344,3,0.0,C
2359349084,3,0.0,C
2359349084,3,0.0,C
2359349084,3,0.0,C
2359349084,3,0.0,C
2359349084,3,0.0,C
2395259406,3,5.911246404810555e-06,C
2395259406,3,0.00022507399282989393,C
2395259406,3,-0.00045835164708374343,C
2395259406,3,-0.00015337966261164127,C
2395259406,3,-0.00014981646007550253,C
3120625249,3,0.0,C
3120625249,3,0.0,C
3120625249,3,0.0,C
3120625249,3,0.0,C
3120625249,3,0.0,C
3886074185,3,0.0,C
3886074185,3,0.0,C
3886074185,3,0.0,C
3886074185,3,0.0,C
3886074185,3,0.0,C
1535166686,3,0.0001315573105814538,O
1535166686,3,-0.000702073002373127,O
1535166686,3,0.00042390293200766926,O
1535166686,3,-0.0002585674815244188,O
1535166686,3,-7.77792877313388e-05,O
1785683843,3,-9.278703039816705e-05,C
1785683843,3,-9.278703039816705e-05,C
1785683843,3,-9.278703039816705e-05,C
1785683843,3,-9.278703039816705e-05,C
1785683843,3,-9.278703039816705e-05,C
2771627449,3,0.0,C
2771627449,3,0.0,C
2771627449,3,0.0,C
2771627449,3,0.0,C
2771627449,3,0.0,C
3028039221,3,-0.0004495272494798863,N
3028039221,3,-0.00043186967553199285,N
3028039221,3,-0.0005259288787786698,N
3028039221,3,-0.0006297888464447121,N
3028039221,3,-0.0009822554602256783,N
3153477100,3,-0.0001699128183466625,C
3153477100,3,0.00017163000867648215,C
3153477100,3,0.0005937301182832311,C
3153477100,3,-0.0004674573868463927,C
3153477100,3,-9.952857160933082e-05,C
3194612514,3,-0.0006357168491958332,O
3194612514,3,0.0002149065194508859,O
3194612514,3,-0.0004985384932179038,O
3194612514,3,-0.00012768197189694241,O
3194612514,3,-0.00043878729550717033,O
3341916169,3,0.0,C
3341916169,3,0.0,C
3341916169,3,0.0,C
3341916169,3,0.0,C
3341916169,3,0.0,C
77862099,3,0.0,C
77862099,3,0.0,C
77862099,3,0.0,C
77862099,3,0.0,C
77862099,3,0.0,C
215394313,3,0.0,C
215394313,3,0.0,C
215394313,3,0.0,C
215394313,3,0.0,C
215394313,3,0.0,C
755077069,3,0.0,O
755077069,3,0.0,O
755077069,3,0.0,O
755077069,3,0.0,O
755077069,3,0.0,O
818492636,3,0.0,C
818492636,3,0.0,C
818492636,3,0.0,C
818492636,3,0.0,C
818492636,3,0.0,C
1015892308,3,0.0,C
1015892308,3,0.0,C
1015892308,3,0.0,C
1015892308,3,0.0,C
1015892308,3,0.0,C
1288465416,3,-0.00012461549263886873,N
1288465416,3,2.70450075864348e-05,N
1288465416,3,-6.651399968071736e-05,N
1288465416,3,0.00010825387423618604,N
1288465416,3,-8.736387768903953e-05,N
1822434734,3,0.0,C
1822434734,3,0.0,C
1822434734,3,0.0,C
1822434734,3,0.0,C
1822434734,3,0.0,C
2492789883,3,0.0,C
2492789883,3,0.0,C
2492789883,3,0.0,C
2492789883,3,0.0,C
2492789883,3,0.0,C
2540133449,3,0.0,C
2540133449,3,0.0,C
2540133449,3,0.0,C
2540133449,3,0.0,C
2540133449,3,0.0,C
2834619317,3,0.0,C
2834619317,3,0.0,C
2834619317,3,0.0,C
2834619317,3,0.0,C
2834619317,3,0.0,C
3234023386,3,0.0,C
3234023386,3,0.0,C
3234023386,3,0.0,C
3234023386,3,0.0,C
3234023386,3,0.0,C
3240313869,3,0.0,C
3240313869,3,0.0,C
3240313869,3,0.0,C
3240313869,3,0.0,C
3240313869,3,0.0,C
3539151164,3,0.0,C
3539151164,3,0.0,C
3539151164,3,0.0,C
3539151164,3,0.0,C
3539151164,3,0.0,C
3608102527,3,0.0,C
3608102527,3,0.0,C
3608102527,3,0.0,C
3608102527,3,0.0,C
3608102527,3,0.0,C
4056028133,3,0.0,C
4056028133,3,0.0,C
4056028133,3,0.0,C
4056028133,3,0.0,C
4056028133,3,0.0,C
4159990639,3,0.0,C
4159990639,3,0.0,C
4159990639,3,0.0,C
4159990639,3,0.0,C
4159990639,3,0.0,C
4180801603,3,0.00020264106834144702,C
4180801603,3,0.0003690483714324788,C
4180801603,3,0.00022771092104334478,C
4180801603,3,-0.00017143707941258413,C
4180801603,3,0.0003549017950502664,C
662595032,3,6.21928516274517e-05,N
662595032,3,-6.975663774388963e-06,N
662595032,3,-6.975663774388963e-06,N
662595032,3,-6.975663774388963e-06,N
662595032,3,-6.975663774388963e-06,N
994237755,3,0.0002690107785573437,C
994237755,3,0.00022264344179101503,C
994237755,3,0.00016267872245179227,C
994237755,3,0.0004003407552639615,C
994237755,3,9.608383018033795e-05,C
1142813461,3,0.012400039531544338,C
1142813461,3,0.008694758575180872,C
1142813461,3,0.006639285344559598,C
1142813461,3,0.0062282543704516025,C
1142813461,3,0.010475727097685739,C
1915080917,3,0.0,C
1915080917,3,0.0,C
1915080917,3,0.0,C
1915080917,3,0.0,C
1915080917,3,0.0,C
3372400797,3,0.0,S
3372400797,3,0.0,S
3372400797,3,0.0,S
3372400797,3,0.0,S
3372400797,3,0.0,S
3933537673,3,-6.593494609352657e-05,C
3933537673,3,0.0008692249560228182,C
3933537673,3,0.0004919841563739702,C
3933537673,3,6.779800825174043e-05,C
3933537673,3,0.00045452696396752756,C
4280659919,3,0.0,C
4280659919,3,0.0,C
4280659919,3,0.0,C
4280659919,3,0.0,C
4280659919,3,0.0,C
571621176,3,0.0,N
571621176,3,0.0,N
571621176,3,0.0,N
571621176,3,0.0,N
571621176,3,0.0,N
582582999,3,0.0,C
582582999,3,0.0,C
582582999,3,0.0,C
582582999,3,0.0,C
582582999,3,0.0,C
934762951,3,0.0,C
934762951,3,0.0,C
934762951,3,0.0,C
934762951,3,0.0,C
934762951,3,0.0,C
991766724,3,0.0,C
991766724,3,0.0,C
991766724,3,0.0,C
991766724,3,0.0,C
991766724,3,0.0,C
1657167810,3,0.0,S
1657167810,3,0.0,S
1657167810,3,0.0,S
1657167810,3,0.0,S
1657167810,3,0.0,S
2535083487,3,0.0,C
2535083487,3,0.0,C
2535083487,3,0.0,C
2535083487,3,0.0,C
2535083487,3,0.0,C
2640652321,3,0.0,C
2640652321,3,0.0,C
2640652321,3,0.0,C
2640652321,3,0.0,C
2640652321,3,0.0,C
2649902721,3,0.0009283055506377202,C
2649902721,3,0.0019629582835229975,C
2649902721,3,0.0004868819439062255,C
2649902721,3,0.0009002346093118785,C
2649902721,3,0.0009675643522382149,C
3361372348,3,0.0,C
3361372348,3,0.0,C
3361372348,3,0.0,C
3361372348,3,0.0,C
3361372348,3,0.0,C
3402936678,3,0.0,C
3402936678,3,0.0,C
3402936678,3,0.0,C
3402936678,3,0.0,C
3402936678,3,0.0,C
3433674368,3,0.0,C
3433674368,3,0.0,C
3433674368,3,0.0,C
3433674368,3,0.0,C
3433674368,3,0.0,C
3629425228,3,0.0,N
3629425228,3,0.0,N
3629425228,3,0.0,N
3629425228,3,0.0,N
3629425228,3,0.0,N
3920365076,3,0.0,C
3920365076,3,0.0,C
3920365076,3,0.0,C
3920365076,3,0.0,C
3920365076,3,0.0,C
203749390,3,-0.0005591852568180844,C
203749390,3,0.0018499211481979305,C
203749390,3,0.00037265150483845044,C
203749390,3,-0.00034268009109317266,C
203749390,3,-0.000592258979319582,C
413654173,3,0.0,C
413654173,3,0.0,C
413654173,3,0.0,C
413654173,3,0.0,C
413654173,3,0.0,C
1792562719,3,-0.0006514178343570709,S
1792562719,3,0.000863505831257716,S
1792562719,3,-0.0014026880901232275,S
1792562719,3,-0.0031680246449300453,S
1792562719,3,-0.002644296943381863,S
2021812431,3,0.002477477536011352,N
2021812431,3,0.0020364917233398616,N
2021812431,3,-0.0005997631095577827,N
2021812431,3,0.0009207422793952036,N
2021812431,3,-0.0001097975632248227,N
2473389857,3,0.00048173749832391977,C
2473389857,3,-0.0002762405070153573,C
2473389857,3,0.00011248754598380817,C
2473389857,3,-0.0007583201433817299,C
2473389857,3,0.001268250546922145,C
3222770065,3,0.0,C
3222770065,3,0.0,C
3222770065,3,0.0,C
3222770065,3,0.0,C
3222770065,3,0.0,C
4116013187,3,0.0,C
4116013187,3,0.0,C
4116013187,3,0.0,C
4116013187,3,0.0,C
4116013187,3,0.0,C
201130145,3,0.0,C
201130145,3,0.0,C
201130145,3,0.0,C
201130145,3,0.0,C
201130145,3,0.0,C
242735932,3,0.0,C
242735932,3,0.0,C
242735932,3,0.0,C
242735932,3,0.0,C
242735932,3,0.0,C
545884714,3,-0.00016998171839022191,C
545884714,3,-0.0005846065804288036,C
545884714,3,-0.00012775472656811893,C
545884714,3,-0.0004782235835348869,C
545884714,3,-0.0003997222017227964,C
833901780,3,0.002111021039504113,N
833901780,3,0.0012103038639476038,N
833901780,3,-0.0008838810403740682,N
833901780,3,0.0015782909327159977,N
833901780,3,0.0002218724481668488,N
936207910,3,0.0,C
936207910,3,0.0,C
936207910,3,0.0,C
936207910,3,0.0,C
936207910,3,0.0,C
966311396,3,0.0017346214209571498,C
966311396,3,0.0032801511439880526,C
966311396,3,0.0009008280129157997,C
966311396,3,0.0014144604710107922,C
966311396,3,0.002477727715652245,C
1147977085,3,0.00012242407335816274,C
1147977085,3,-0.0001857688958462056,C
1147977085,3,0.00041941386760091515,C
1147977085,3,0.00034214425603540377,C
1147977085,3,0.0002688692491752409,C
1424298323,3,0.0,C
1424298323,3,0.0,C
1424298323,3,0.0,C
1424298323,3,0.0,C
1424298323,3,0.0,C
1918623435,3,0.0,N
1918623435,3,0.0,N
1918623435,3,0.0,N
1918623435,3,0.0,N
1918623435,3,0.0,N
1935489231,3,0.0,C
1935489231,3,0.0,C
1935489231,3,0.0,C
1935489231,3,0.0,C
1935489231,3,0.0,C
1950697347,3,0.0,N
1950697347,3,0.0,N
1950697347,3,0.0,N
1950697347,3,0.0,N
1950697347,3,0.0,N
2396858788,3,0.0,N
2396858788,3,0.0,N
2396858788,3,0.0,N
2396858788,3,0.0,N
2396858788,3,0.0,N
2598322190,3,0.0003444009510890078,C
2598322190,3,0.00012974768851659046,C
2598322190,3,-0.00015649253538885244,C
2598322190,3,-7.654276763169321e-05,C
2598322190,3,-0.000157354837434176,C
3002759401,3,0.0003281993247772341,C
3002759401,3,-0.00028269553291371263,C
3002759401,3,0.0005039936064145101,C
3002759401,3,0.00010250255912747086,C
3002759401,3,0.000536348667519948,C
3330819572,3,0.0003564647766904905,C
3330819572,3,-0.0007985204052802786,C
3330819572,3,0.0015525335900340442,C
3330819572,3,-0.0006528224358647305,C
3330819572,3,-0.00035008007682391096,C
3352470083,3,0.0,C
3352470083,3,0.0,C
3352470083,3,0.0,C
3352470083,3,0.0,C
3352470083,3,0.0,C
3471652661,3,0.0,O
3471652661,3,0.0,O
3471652661,3,0.0,O
3471652661,3,0.0,O
3471652661,3,0.0,O
3598569199,3,0.0,S
3598569199,3,0.0,S
3598569199,3,0.0,S
3598569199,3,0.0,S
3598569199,3,0.0,S
4232961910,3,0.0,C
4232961910,3,0.0,C
4232961910,3,0.0,C
4232961910,3,0.0,C
4232961910,3,0.0,C
4265716399,3,0.000203751564429977,N
4265716399,3,-0.00021283751497047643,N
4265716399,3,6.603776786284765e-05,N
4265716399,3,1.6313773969045542e-05,N
4265716399,3,8.148289421827659e-05,N
932711668,3,0.0,N
932711668,3,0.0,N
932711668,3,0.0,N
932711668,3,0.0,N
932711668,3,0.0,N
2840499317,3,0.0,C
2840499317,3,0.0,C
2840499317,3,0.0,C
2840499317,3,0.0,C
2840499317,3,0.0,C
230678001,3,0.0,C
230678001,3,0.0,C
230678001,3,0.0,C
230678001,3,0.0,C
230678001,3,0.0,C
331407418,3,0.0,C
331407418,3,0.0,C
331407418,3,0.0,C
331407418,3,0.0,C
331407418,3,0.0,C
778732855,3,0.0,C
778732855,3,0.0,C
778732855,3,0.0,C
778732855,3,0.0,C
778732855,3,0.0,C
841278242,3,0.0,N
841278242,3,0.0,N
841278242,3,0.0,N
841278242,3,0.0,N
841278242,3,0.0,N
1185824059,3,0.0,C
1185824059,3,0.0,C
1185824059,3,0.0,C
1185824059,3,0.0,C
1185824059,3,0.0,C
1454566863,3,0.0,N
1454566863,3,0.0,N
1454566863,3,0.0,N
1454566863,3,0.0,N
1454566863,3,0.0,N
1706859301,3,0.0,C
1706859301,3,0.0,C
1706859301,3,0.0,C
1706859301,3,0.0,C
1706859301,3,0.0,C
2148181814,3,0.0,C
2148181814,3,0.0,C
2148181814,3,0.0,C
2148181814,3,0.0,C
2148181814,3,0.0,C
2205812603,3,0.0,C
2205812603,3,0.0,C
2205812603,3,0.0,C
2205812603,3,0.0,C
2205812603,3,0.0,C
3023912528,3,0.0,N
3023912528,3,0.0,N
3023912528,3,0.0,N
3023912528,3,0.0,N
3023912528,3,0.0,N
4182960975,3,-0.0001118066358123393,C
4182960975,3,-0.0004453599173689371,C
4182960975,3,-5.971069907662052e-05,C
4182960975,3,-2.9525752248793502e-05,C
4182960975,3,-5.973569094464004e-05,C
4255411623,3,0.0,C
4255411623,3,0.0,C
4255411623,3,0.0,C
4255411623,3,0.0,C
4255411623,3,0.0,C
831463242,3,-0.0007531421676536532,N
831463242,3,-0.0006579921619990214,N
831463242,3,-0.0002077365888485394,N
831463242,3,-0.0004032235513262705,N
831463242,3,-0.00015011629547356797,N
2308348490,3,-0.0003883247852535243,C
2308348490,3,-0.0003052228792992384,C
2308348490,3,-0.0019624790985220963,C
2308348490,3,0.0013263007329654686,C
2308348490,3,0.0013514766723849991,C
2974534217,3,0.0,C
2974534217,3,0.0,C
2974534217,3,0.0,C
2974534217,3,0.0,C
2974534217,3,0.0,C
3316044600,3,0.0,C
3316044600,3,0.0,C
3316044600,3,0.0,C
3316044600,3,0.0,C
3316044600,3,0.0,C
3694465428,3,0.0,C
3694465428,3,0.0,C
3694465428,3,0.0,C
3694465428,3,0.0,C
3694465428,3,0.0,C
300029630,3,0.0,C
300029630,3,0.0,C
300029630,3,0.0,C
300029630,3,0.0,C
300029630,3,0.0,C
556861920,3,0.0,C
556861920,3,0.0,C
556861920,3,0.0,C
556861920,3,0.0,C
556861920,3,0.0,C
939279745,3,0.0,N
939279745,3,0.0,N
939279745,3,0.0,N
939279745,3,0.0,N
939279745,3,0.0,N
1054113021,3,0.0,C
1054113021,3,0.0,C
1054113021,3,0.0,C
1054113021,3,0.0,C
1054113021,3,0.0,C
1570535615,3,0.0,C
1570535615,3,0.0,C
1570535615,3,0.0,C
1570535615,3,0.0,C
1570535615,3,0.0,C
1987230342,3,0.0,C
1987230342,3,0.0,C
1987230342,3,0.0,C
1987230342,3,0.0,C
1987230342,3,0.0,C
2530044707,3,0.0,C
2530044707,3,0.0,C
2530044707,3,0.0,C
2530044707,3,0.0,C
2530044707,3,0.0,C
2648041165,3,0.0,N
2648041165,3,0.0,N
2648041165,3,0.0,N
2648041165,3,0.0,N
2648041165,3,0.0,N
2665582005,3,0.0,C
2665582005,3,0.0,C
2665582005,3,0.0,C
2665582005,3,0.0,C
2665582005,3,0.0,C
3346502449,3,0.0,C
3346502449,3,0.0,C
3346502449,3,0.0,C
3346502449,3,0.0,C
3346502449,3,0.0,C
3364286038,3,0.0,C
3364286038,3,0.0,C
3364286038,3,0.0,C
3364286038,3,0.0,C
3364286038,3,0.0,C
778732854,3,0.0,C
778732854,3,0.0,C
778732854,3,0.0,C
778732854,3,0.0,C
778732854,3,0.0,C
189305756,3,0.0,C
189305756,3,0.0,C
189305756,3,0.0,C
189305756,3,0.0,C
189305756,3,0.0,C
190140222,3,0.0005795559345385115,N
190140222,3,0.0013745767195110226,N
190140222,3,-0.000625115335693649,N
190140222,3,-0.00047884621748861544,N
190140222,3,0.0006982913343471786,N
371948607,3,0.0,N
371948607,3,0.0,N
371948607,3,0.0,N
371948607,3,0.0,N
371948607,3,0.0,N
405062010,3,0.0,C
405062010,3,0.0,C
405062010,3,0.0,C
405062010,3,0.0,C
405062010,3,0.0,C
554582195,3,0.0,C
554582195,3,0.0,C
554582195,3,0.0,C
554582195,3,0.0,C
554582195,3,0.0,C
781447971,3,0.0,C
781447971,3,0.0,C
781447971,3,0.0,C
781447971,3,0.0,C
781447971,3,0.0,C
2858202198,3,0.0,C
2858202198,3,0.0,C
2858202198,3,0.0,C
2858202198,3,0.0,C
2858202198,3,0.0,C
403803281,3,0.0,C
403803281,3,0.0,C
403803281,3,0.0,C
403803281,3,0.0,C
403803281,3,0.0,C
799720067,3,0.0,N
799720067,3,0.0,N
799720067,3,0.0,N
799720067,3,0.0,N
799720067,3,0.0,N
942105187,3,0.0,O
942105187,3,0.0,O
942105187,3,0.0,O
942105187,3,0.0,O
942105187,3,0.0,O
1549284008,3,0.0,C
1549284008,3,0.0,C
1549284008,3,0.0,C
1549284008,3,0.0,C
1549284008,3,0.0,C
1788760918,3,0.0,C
1788760918,3,0.0,C
1788760918,3,0.0,C
1788760918,3,0.0,C
1788760918,3,0.0,C
2030757576,3,0.0,C
2030757576,3,0.0,C
2030757576,3,0.0,C
2030757576,3,0.0,C
2030757576,3,0.0,C
2346739091,3,0.0,C
2346739091,3,0.0,C
2346739091,3,0.0,C
2346739091,3,0.0,C
2346739091,3,0.0,C
2532054344,3,0.0,C
2532054344,3,0.0,C
2532054344,3,0.0,C
2532054344,3,0.0,C
2532054344,3,0.0,C
2725201598,3,0.0,N
2725201598,3,0.0,N
2725201598,3,0.0,N
2725201598,3,0.0,N
2725201598,3,0.0,N
2767041699,3,0.0,C
2767041699,3,0.0,C
2767041699,3,0.0,C
2767041699,3,0.0,C
2767041699,3,0.0,C
2806469715,3,0.0,C
2806469715,3,0.0,C
2806469715,3,0.0,C
2806469715,3,0.0,C
2806469715,3,0.0,C
3062161849,3,0.0,C
3062161849,3,0.0,C
3062161849,3,0.0,C
3062161849,3,0.0,C
3062161849,3,0.0,C
3194233911,3,0.0,C
3194233911,3,0.0,C
3194233911,3,0.0,C
3194233911,3,0.0,C
3194233911,3,0.0,C
3372972590,3,-0.00010492737601497382,N
3372972590,3,0.0001840918200967101,N
3372972590,3,0.0002007270058703714,N
3372972590,3,-1.5368071007992867e-06,N
3372972590,3,-0.00010916457877818697,N
3391218824,3,0.0,C
3391218824,3,0.0,C
3391218824,3,0.0,C
3391218824,3,0.0,C
3391218824,3,0.0,C
3941835296,3,0.0,C
3941835296,3,0.0,C
3941835296,3,0.0,C
3941835296,3,0.0,C
3941835296,3,0.0,C
4068677891,3,0.0,C
4068677891,3,0.0,C
4068677891,3,0.0,C
4068677891,3,0.0,C
4068677891,3,0.0,C
4114800826,3,0.0,C
4114800826,3,0.0,C
4114800826,3,0.0,C
4114800826,3,0.0,C
4114800826,3,0.0,C
328936174,3,0.0,C
328936174,3,0.0,C
328936174,3,0.0,C
328936174,3,0.0,C
328936174,3,0.0,C
458993620,3,0.0009310263804852559,N
458993620,3,0.0020243367310075477,N
458993620,3,0.000246163025783952,N
458993620,3,0.00029414510543734895,N
458993620,3,0.0008928513662888049,N
934550081,3,0.0007375091163749348,N
934550081,3,0.00019481212519822932,N
934550081,3,0.000692407343810264,N
934550081,3,0.0008615280392654245,N
934550081,3,0.0016913786397786401,N
409185398,3,0.0,C
409185398,3,0.0,C
409185398,3,0.0,C
409185398,3,0.0,C
409185398,3,0.0,C
695841657,3,0.0,C
695841657,3,0.0,C
695841657,3,0.0,C
695841657,3,0.0,C
695841657,3,0.0,C
762067053,3,0.0,C
762067053,3,0.0,C
762067053,3,0.0,C
762067053,3,0.0,C
762067053,3,0.0,C
1943918545,3,0.0,C
1943918545,3,0.0,C
1943918545,3,0.0,C
1943918545,3,0.0,C
1943918545,3,0.0,C
2297892197,3,0.0,C
2297892197,3,0.0,C
2297892197,3,0.0,C
2297892197,3,0.0,C
2297892197,3,0.0,C
2483208228,3,0.0,C
2483208228,3,0.0,C
2483208228,3,0.0,C
2483208228,3,0.0,C
2483208228,3,0.0,C
2506939770,3,0.0,N
2506939770,3,0.0,N
2506939770,3,0.0,N
2506939770,3,0.0,N
2506939770,3,0.0,N
2662811161,3,0.0,N
2662811161,3,0.0,N
2662811161,3,0.0,N
2662811161,3,0.0,N
2662811161,3,0.0,N
2826263842,3,0.0,O
2826263842,3,0.0,O
2826263842,3,0.0,O
2826263842,3,0.0,O
2826263842,3,0.0,O
3344936865,3,0.0,C
3344936865,3,0.0,C
3344936865,3,0.0,C
3344936865,3,0.0,C
3344936865,3,0.0,C
3938681396,3,0.0,C
3938681396,3,0.0,C
3938681396,3,0.0,C
3938681396,3,0.0,C
3938681396,3,0.0,C
4002245684,3,0.0,N
4002245684,3,0.0,N
4002245684,3,0.0,N
4002245684,3,0.0,N
4002245684,3,0.0,N
100962550,3,0.0,C
100962550,3,0.0,C
100962550,3,0.0,C
100962550,3,0.0,C
100962550,3,0.0,C
260432667,3,0.0,C
260432667,3,0.0,C
260432667,3,0.0,C
260432667,3,0.0,C
260432667,3,0.0,C
417622085,3,0.0,C
417622085,3,0.0,C
417622085,3,0.0,C
417622085,3,0.0,C
417622085,3,0.0,C
1508145766,3,0.0,N
1508145766,3,0.0,N
1508145766,3,0.0,N
1508145766,3,0.0,N
1508145766,3,0.0,N
2170404731,3,0.00022905613607593356,C
2170404731,3,0.00020050378778080358,C
2170404731,3,0.0004228939827846112,C
2170404731,3,0.00010060449718563014,C
2170404731,3,0.00028440349200653525,C
2609110922,3,0.0,C
2609110922,3,0.0,C
2609110922,3,0.0,C
2609110922,3,0.0,C
2609110922,3,0.0,C
3701504231,3,-0.00027470718278477246,N
3701504231,3,-0.00020651505460467234,N
3701504231,3,-0.0002822659730151722,N
3701504231,3,-0.0005879849148496819,N
3701504231,3,-0.00016233781368546474,N
3930312868,3,0.0,C
3930312868,3,0.0,C
3930312868,3,0.0,C
3930312868,3,0.0,C
3930312868,3,0.0,C
222023415,3,-0.0005461216959055104,N
222023415,3,-0.0006518486573132698,N
222023415,3,-9.896915210982904e-05,N
222023415,3,-0.00016948016664763976,N
222023415,3,0.0003123297667450009,N
443932914,3,-0.0005051604849389824,N
443932914,3,-0.00016527060299076357,N
443932914,3,-0.0005828051262667389,N
443932914,3,-0.0008054584927011943,N
443932914,3,-0.00036126392715296607,N
729796064,3,-0.00031217198477628827,C
729796064,3,-0.0007599803007026784,C
729796064,3,0.0005129733090117883,C
729796064,3,-0.0010396374558658827,C
729796064,3,-0.0001423147837505967,C
1187730664,3,0.00069046403837425,C
1187730664,3,0.0004536651247082357,C
1187730664,3,0.00043071704372676933,C
1187730664,3,0.0002589051193124803,C
1187730664,3,0.0007477299172100604,C
1858577693,3,-0.00034939022777502604,C
1858577693,3,0.0005143991020215566,C
1858577693,3,-0.00021951629290850594,C
1858577693,3,0.00114214472456875,C
1858577693,3,-0.0006259922128105666,C
2400081732,3,0.0,C
2400081732,3,0.0,C
2400081732,3,0.0,C
2400081732,3,0.0,C
2400081732,3,0.0,C
2425865203,3,0.0001769016726462791,C
2425865203,3,3.886971026911823e-05,C
2425865203,3,2.7544256775646758e-05,C
2425865203,3,3.041289230742983e-05,C
2425865203,3,0.0002238029453462964,C
3886201961,3,0.0,C
3886201961,3,0.0,C
3886201961,3,0.0,C
3886201961,3,0.0,C
3886201961,3,0.0,C
4212936508,3,0.0008348726354857616,N
4212936508,3,-0.0005126905608456855,N
4212936508,3,0.0001214737440272673,N
4212936508,3,0.0011317522933917967,N
4212936508,3,0.0009290379218196421,N
60429991,3,0.0,C
60429991,3,0.0,C
60429991,3,0.0,C
60429991,3,0.0,C
60429991,3,0.0,C
287232915,3,0.0,C
287232915,3,0.0,C
287232915,3,0.0,C
287232915,3,0.0,C
287232915,3,0.0,C
305828102,3,-0.00016116041769809186,C
305828102,3,0.00017820407878632594,C
305828102,3,-0.00015263839729218187,C
305828102,3,-0.0003575877704501407,C
305828102,3,-0.00014195646526071748,C
645290606,3,0.0,N
645290606,3,0.0,N
645290606,3,0.0,N
645290606,3,0.0,N
645290606,3,0.0,N
746318684,3,0.0,C
746318684,3,0.0,C
746318684,3,0.0,C
746318684,3,0.0,C
746318684,3,0.0,C
884057105,3,-0.0006136936930483117,N
884057105,3,-0.000317050974280364,N
884057105,3,-0.0001395673453313817,N
884057105,3,-0.00016687661734215986,N
884057105,3,-0.0007597660067180101,N
1119998199,3,0.0,C
1119998199,3,0.0,C
1119998199,3,0.0,C
1119998199,3,0.0,C
1119998199,3,0.0,C
1350297244,3,0.0,N
1350297244,3,0.0,N
1350297244,3,0.0,N
1350297244,3,0.0,N
1350297244,3,0.0,N
1789923979,3,0.0,C
1789923979,3,0.0,C
1789923979,3,0.0,C
1789923979,3,0.0,C
1789923979,3,0.0,C
2162322537,3,0.0,C
2162322537,3,0.0,C
2162322537,3,0.0,C
2162322537,3,0.0,C
2162322537,3,0.0,C
2299950619,3,0.0,N
2299950619,3,0.0,N
2299950619,3,0.0,N
2299950619,3,0.0,N
2299950619,3,0.0,N
2821184046,3,0.0,C
2821184046,3,0.0,C
2821184046,3,0.0,C
2821184046,3,0.0,C
2821184046,3,0.0,C
2930866781,3,0.0,C
2930866781,3,0.0,C
2930866781,3,0.0,C
2930866781,3,0.0,C
2930866781,3,0.0,C
2987120039,3,-0.005328059138126728,C
2987120039,3,-0.0021247847208845094,C
2987120039,3,-0.002103673690208918,C
2987120039,3,-0.004859619261449399,C
2987120039,3,-0.0030317446016362437,C
3348690903,3,0.0,N
3348690903,3,0.0,N
3348690903,3,0.0,N
3348690903,3,0.0,N
3348690903,3,0.0,N
3735507473,3,0.0,C
3735507473,3,0.0,C
3735507473,3,0.0,C
3735507473,3,0.0,C
3735507473,3,0.0,C
4033378718,3,0.0,C
4033378718,3,0.0,C
4033378718,3,0.0,C
4033378718,3,0.0,C
4033378718,3,0.0,C
662511025,3,0.0004428043934894266,N
662511025,3,0.00035871593034531024,N
662511025,3,0.0025786601551939237,N
662511025,3,0.0015035352093614174,N
662511025,3,0.001352719281665693,N
2310395539,3,0.0,C
2310395539,3,0.0,C
2310395539,3,0.0,C
2310395539,3,0.0,C
2310395539,3,0.0,C
3119383463,3,2.956037295831493e-05,C
3119383463,3,-6.326343060636397e-06,C
3119383463,3,2.9692907454359485e-05,C
3119383463,3,1.3807274855448526e-05,C
3119383463,3,-5.05143148732401e-06,C
128522177,3,4.234436504524375e-05,C
128522177,3,0.00013946660349517526,C
128522177,3,0.0007613108496192789,C
128522177,3,0.00025042851993117843,C
128522177,3,0.0002587245253593551,C
358788357,3,0.0,C
358788357,3,0.0,C
358788357,3,0.0,C
358788357,3,0.0,C
358788357,3,0.0,C
417995860,3,0.0,N
417995860,3,0.0,N
417995860,3,0.0,N
417995860,3,0.0,N
417995860,3,0.0,N
571413391,3,0.0,N
571413391,3,0.0,N
571413391,3,0.0,N
571413391,3,0.0,N
571413391,3,0.0,N
746542050,3,0.0,N
746542050,3,0.0,N
746542050,3,0.0,N
746542050,3,0.0,N
746542050,3,0.0,N
1226425884,3,0.0,C
1226425884,3,0.0,C
1226425884,3,0.0,C
1226425884,3,0.0,C
1226425884,3,0.0,C
1617093318,3,-9.612036526163159e-06,C
1617093318,3,-7.808292309507969e-05,C
1617093318,3,3.763811596091404e-05,C
1617093318,3,-0.0001398237106684519,C
1617093318,3,-2.0701245953880232e-05,C
1853715860,3,0.0,C
1853715860,3,0.0,C
1853715860,3,0.0,C
1853715860,3,0.0,C
1853715860,3,0.0,C
2014543234,3,7.22546259646073e-05,C
2014543234,3,-0.0003965206217482198,C
2014543234,3,-0.00021166731998856214,C
2014543234,3,-0.0007422063565893922,C
2014543234,3,-0.00028625207453114587,C
2211718247,3,0.0,C
2211718247,3,0.0,C
2211718247,3,0.0,C
2211718247,3,0.0,C
2211718247,3,0.0,C
2347776210,3,-0.00019598170940915427,C
2347776210,3,-0.00020510005202223347,C
2347776210,3,-0.00019598170940915427,C
2347776210,3,-0.00019598170940915427,C
2347776210,3,-0.00019598170940915427,C
2641560504,3,0.0,C
2641560504,3,0.0,C
2641560504,3,0.0,C
2641560504,3,0.0,C
2641560504,3,0.0,C
3160601726,3,0.0,N
3160601726,3,0.0,N
3160601726,3,0.0,N
3160601726,3,0.0,N
3160601726,3,0.0,N
3209815398,3,0.0,N
3209815398,3,0.0,N
3209815398,3,0.0,N
3209815398,3,0.0,N
3209815398,3,0.0,N
3595863686,3,0.0,C
3595863686,3,0.0,C
3595863686,3,0.0,C
3595863686,3,0.0,C
3595863686,3,0.0,C
3595891795,3,0.0,C
3595891795,3,0.0,C
3595891795,3,0.0,C
3595891795,3,0.0,C
3595891795,3,0.0,C
3600446318,3,0.0,C
3600446318,3,0.0,C
3600446318,3,0.0,C
3600446318,3,0.0,C
3600446318,3,0.0,C
3904721945,3,0.0004114024194026289,C
3904721945,3,0.0003686756595476792,C
3904721945,3,0.0005460933082694908,C
3904721945,3,0.0007025058913431304,C
3904721945,3,0.0006069202180400968,C
2617658656,3,0.0,C
2617658656,3,0.0,C
2617658656,3,0.0,C
2617658656,3,0.0,C
2617658656,3,0.0,C
81456112,3,0.0,C
81456112,3,0.0,C
81456112,3,0.0,C
81456112,3,0.0,C
81456112,3,0.0,C
253518567,3,0.0,C
253518567,3,0.0,C
253518567,3,0.0,C
253518567,3,0.0,C
253518567,3,0.0,C
256204769,3,0.0,C
256204769,3,0.0,C
256204769,3,0.0,C
256204769,3,0.0,C
256204769,3,0.0,C
476060908,3,2.0571216300613315e-05,C
476060908,3,2.0571216300613315e-05,C
476060908,3,2.0571216300613315e-05,C
476060908,3,-3.9772890114697645e-07,C
476060908,3,2.1154305173132215e-05,C
564771590,3,0.0,C
564771590,3,0.0,C
564771590,3,0.0,C
564771590,3,0.0,C
564771590,3,0.0,C
661888323,3,0.0,C
661888323,3,0.0,C
661888323,3,0.0,C
661888323,3,0.0,C
661888323,3,0.0,C
818767036,3,0.0,C
818767036,3,0.0,C
818767036,3,0.0,C
818767036,3,0.0,C
818767036,3,0.0,C
1091340519,3,0.0,C
1091340519,3,0.0,C
1091340519,3,0.0,C
1091340519,3,0.0,C
1091340519,3,0.0,C
1617222861,3,0.0,N
1617222861,3,0.0,N
1617222861,3,0.0,N
1617222861,3,0.0,N
1617222861,3,0.0,N
2512623809,3,0.0009431047268063653,C
2512623809,3,-0.00016118182373303647,C
2512623809,3,0.0003837625410972878,C
2512623809,3,0.0015333825445598137,C
2512623809,3,-0.00013438466538984173,C
2889160788,3,0.0,N
2889160788,3,0.0,N
2889160788,3,0.0,N
2889160788,3,0.0,N
2889160788,3,0.0,N
2893839638,3,0.0,C
2893839638,3,0.0,C
2893839638,3,0.0,C
2893839638,3,0.0,C
2893839638,3,0.0,C
3261995957,3,0.0,C
3261995957,3,0.0,C
3261995957,3,0.0,C
3261995957,3,0.0,C
3261995957,3,0.0,C
3787488754,3,0.0,C
3787488754,3,0.0,C
3787488754,3,0.0,C
3787488754,3,0.0,C
3787488754,3,0.0,C
3796359118,3,0.0003178365613929479,C
3796359118,3,0.0017068065528839105,C
3796359118,3,0.0013675261380802217,C
3796359118,3,0.003520369073294227,C
3796359118,3,0.00014897653053169702,C
3968717672,3,0.0,N
3968717672,3,0.0,N
3968717672,3,0.0,N
3968717672,3,0.0,N
3968717672,3,0.0,N
4003276113,3,0.0,C
4003276113,3,0.0,C
4003276113,3,0.0,C
4003276113,3,0.0,C
4003276113,3,0.0,C
4012121575,3,5.9224972884019955e-05,C
4012121575,3,0.00012680521668972933,C
4012121575,3,-9.486628297661337e-05,C
4012121575,3,0.00018102756506110929,C
4012121575,3,2.5844658832485656e-05,C
1912836315,3,0.0,N
1912836315,3,0.0,N
1912836315,3,0.0,N
1912836315,3,0.0,N
1912836315,3,0.0,N
3457964313,3,0.00019653796026475323,N
3457964313,3,0.0005977099037077771,N
3457964313,3,0.001891659241385124,N
3457964313,3,0.0009185006680523244,N
3457964313,3,-0.0005960551030149697,N
3889081300,3,9.568991886632627e-05,C
3889081300,3,-5.110141534336865e-05,C
3889081300,3,-0.00027928541993482714,C
3889081300,3,0.0001564978582505594,C
3889081300,3,-0.0005737183887993824,C
128657259,3,0.0,C
128657259,3,0.0,C
128657259,3,0.0,C
128657259,3,0.0,C
128657259,3,0.0,C
192298547,3,0.0,C
192298547,3,0.0,C
192298547,3,0.0,C
192298547,3,0.0,C
192298547,3,0.0,C
594658892,3,0.0,C
594658892,3,0.0,C
594658892,3,0.0,C
594658892,3,0.0,C
594658892,3,0.0,C
598859535,3,0.0,C
598859535,3,0.0,C
598859535,3,0.0,C
598859535,3,0.0,C
598859535,3,0.0,C
710118558,3,3.348381776291376e-07,C
710118558,3,0.0005459102338458699,C
710118558,3,5.1783601769495036e-05,C
710118558,3,-3.7870104500958846e-05,C
710118558,3,0.0002168717663284525,C
1282066571,3,0.0,C
1282066571,3,0.0,C
1282066571,3,0.0,C
1282066571,3,0.0,C
1282066571,3,0.0,C
1407073473,3,0.0,N
1407073473,3,0.0,N
1407073473,3,0.0,N
1407073473,3,0.0,N
1407073473,3,0.0,N
1615627369,3,0.0,N
1615627369,3,0.0002559786185476476,N
1615627369,3,0.00023214939672211443,N
1615627369,3,-0.00011632295300800788,N
1615627369,3,-0.0004254081316030778,N
1648314920,3,0.0,N
1648314920,3,0.0,N
1648314920,3,0.0,N
1648314920,3,0.0,N
1648314920,3,0.0,N
1805557757,3,0.0,N
1805557757,3,0.0,N
1805557757,3,0.0,N
1805557757,3,0.0,N
1805557757,3,0.0,N
2064487208,3,0.0,C
2064487208,3,0.0,C
2064487208,3,0.0,C
2064487208,3,0.0,C
2064487208,3,0.0,C
2106698969,3,0.0,C
2106698969,3,0.0,C
2106698969,3,0.0,C
2106698969,3,0.0,C
2106698969,3,0.0,C
2612466107,3,0.0,C
2612466107,3,0.0,C
2612466107,3,0.0,C
2612466107,3,0.0,C
2612466107,3,0.0,C
2659408927,3,0.0,C
2659408927,3,0.0,C
2659408927,3,0.0,C
2659408927,3,0.0,C
2659408927,3,0.0,C
2732776273,3,0.0,C
2732776273,3,0.0,C
2732776273,3,0.0,C
2732776273,3,0.0,C
2732776273,3,0.0,C
3009655663,3,0.0,N
3009655663,3,0.0,N
3009655663,3,0.0,N
3009655663,3,0.0,N
3009655663,3,0.0,N
3056534737,3,0.0,N
3056534737,3,0.0,N
3056534737,3,0.0,N
3056534737,3,0.0,N
3056534737,3,0.0,N
3271309638,3,0.0,C
3271309638,3,0.0,C
3271309638,3,0.0,C
3271309638,3,0.0,C
3271309638,3,0.0,C
3421997501,3,0.0,C
3421997501,3,0.0,C
3421997501,3,0.0,C
3421997501,3,0.0,C
3421997501,3,0.0,C
606428793,3,0.0,C
606428793,3,0.0,C
606428793,3,0.0,C
606428793,3,0.0,C
606428793,3,0.0,C
1163048604,3,0.00014734943266314637,C
1163048604,3,0.00018203702155672463,C
1163048604,3,-5.9268684325375354e-05,C
1163048604,3,-6.312465011093504e-05,C
1163048604,3,-8.84099985238862e-05,C
3431706412,3,0.0,C
3431706412,3,0.0,C
3431706412,3,0.0,C
3431706412,3,0.0,C
3431706412,3,0.0,C
146938217,3,0.0,C
146938217,3,0.0,C
146938217,3,0.0,C
146938217,3,0.0,C
146938217,3,0.0,C
158446930,3,0.0,C
158446930,3,0.0,C
158446930,3,0.0,C
158446930,3,0.0,C
158446930,3,0.0,C
365734419,3,0.0,C
365734419,3,0.0,C
365734419,3,0.0,C
365734419,3,0.0,C
365734419,3,0.0,C
771723397,3,0.0,N
771723397,3,0.0,N
771723397,3,0.0,N
771723397,3,0.0,N
771723397,3,0.0,N
1024158439,3,0.0,C
1024158439,3,0.0,C
1024158439,3,0.0,C
1024158439,3,0.0,C
1024158439,3,0.0,C
1155611512,3,0.0,C
1155611512,3,0.0,C
1155611512,3,0.0,C
1155611512,3,0.0,C
1155611512,3,0.0,C
1189676512,3,0.0,C
1189676512,3,0.0,C
1189676512,3,0.0,C
1189676512,3,0.0,C
1189676512,3,0.0,C
1795401471,3,0.0,N
1795401471,3,0.0,N
1795401471,3,0.0,N
1795401471,3,0.0,N
1795401471,3,0.0,N
1842875217,3,0.0,C
1842875217,3,0.0,C
1842875217,3,0.0,C
1842875217,3,0.0,C
1842875217,3,0.0,C
3012080282,3,-0.00016520315790313767,C
3012080282,3,-0.00032152234662141677,C
3012080282,3,-0.00047718271268204493,C
3012080282,3,-0.00022300198177727104,C
3012080282,3,-0.0004434672888407043,C
3136639252,3,0.0,C
3136639252,3,0.0,C
3136639252,3,0.0,C
3136639252,3,0.0,C
3136639252,3,0.0,C
3157481675,3,-0.0006137792892517702,C
3157481675,3,-0.00017255949242611646,C
3157481675,3,-0.00023920619967243706,C
3157481675,3,-0.00020142912110210354,C
3157481675,3,-0.0004966772783607798,C
3737010417,3,0.0,C
3737010417,3,0.0,C
3737010417,3,0.0,C
3737010417,3,0.0,C
3737010417,3,0.0,C
2092139921,3,0.0,C
2092139921,3,0.0,C
2092139921,3,0.0,C
2092139921,3,0.0,C
2092139921,3,0.0,C
2260712803,3,0.0,C
2260712803,3,0.0,C
2260712803,3,0.0,C
2260712803,3,0.0,C
2260712803,3,0.0,C
2010446245,3,0.0010565026345101813,C
2010446245,3,-0.0010241947069962176,C
2010446245,3,0.001059608366257736,C
2010446245,3,9.556545847932973e-05,C
2010446245,3,0.0004313688618509115,C
104601905,3,0.0,C
104601905,3,0.0,C
104601905,3,0.0,C
104601905,3,0.0,C
104601905,3,0.0,C
480757840,3,0.0,C
480757840,3,0.0,C
480757840,3,0.0,C
480757840,3,0.0,C
480757840,3,0.0,C
511170092,3,0.00012746258179296976,C
511170092,3,-6.115834967357348e-05,C
511170092,3,0.00013732893412732317,C
511170092,3,7.080107699564131e-06,C
511170092,3,-2.1870547074809288e-05,C
543277772,3,0.0,N
543277772,3,0.0,N
543277772,3,0.0,N
543277772,3,0.0,N
543277772,3,0.0,N
970519089,3,0.0,N
970519089,3,0.0,N
970519089,3,0.0,N
970519089,3,0.0,N
970519089,3,0.0,N
1341222171,3,0.0,C
1341222171,3,0.0,C
1341222171,3,0.0,C
1341222171,3,0.0,C
1341222171,3,0.0,C
1465027698,3,-0.00012204549373062701,C
1465027698,3,-0.00045309191267717264,C
1465027698,3,-0.0001693943351607219,C
1465027698,3,0.0002867185592670962,C
1465027698,3,0.00038674227363011404,C
2022575067,3,0.0,C
2022575067,3,0.0,C
2022575067,3,0.0,C
2022575067,3,0.0,C
2022575067,3,0.0,C
2657601682,3,0.0,C
2657601682,3,0.0,C
2657601682,3,0.0,C
2657601682,3,0.0,C
2657601682,3,0.0,C
3053981858,3,0.0,C
3053981858,3,0.0,C
3053981858,3,0.0,C
3053981858,3,0.0,C
3053981858,3,0.0,C
3070730034,3,-3.523995691945281e-05,O
3070730034,3,2.385552289307924e-05,O
3070730034,3,3.451158591294412e-05,O
3070730034,3,1.2034424621276685e-06,O
3070730034,3,-2.9673864107016e-06,O
3618348383,3,0.0,N
3618348383,3,0.0,N
3618348383,3,0.0,N
3618348383,3,0.0,N
3618348383,3,0.0,N
3751635473,3,0.0,N
3751635473,3,0.0,N
3751635473,3,0.0,N
3751635473,3,0.0,N
3751635473,3,0.0,N
3794207567,3,1.2825117927772745e-05,C
3794207567,3,-2.8739264166466327e-05,C
3794207567,3,-2.318837741432933e-05,C
3794207567,3,-2.4986658205827794e-06,C
3794207567,3,-5.397627238756808e-05,C
3906451376,3,0.0,C
3906451376,3,0.0,C
3906451376,3,0.0,C
3906451376,3,0.0,C
3906451376,3,0.0,C
4144272315,3,0.0,C
4144272315,3,0.0,C
4144272315,3,0.0,C
4144272315,3,0.0,C
4144272315,3,0.0,C
849275503,3,0.0,N
849275503,3,0.0,N
849275503,3,0.0,N
849275503,3,0.0,N
849275503,3,0.0,N
2271053895,3,0.0,S
2271053895,3,0.0,S
2271053895,3,0.0,S
2271053895,3,0.0,S
2271053895,3,0.0,S
2765522949,3,0.0,C
2765522949,3,0.0,C
2765522949,3,0.0,C
2765522949,3,0.0,C
2765522949,3,0.0,C
3386854121,3,0.0,N
3386854121,3,0.0,N
3386854121,3,0.0,N
3386854121,3,0.0,N
3386854121,3,0.0,N
3835273908,3,0.007462390549371478,C
3835273908,3,0.005963185982188923,C
3835273908,3,0.004708666653123639,C
3835273908,3,0.0036340123037733596,C
3835273908,3,0.009494305720902596,C
16828163,3,0.0,C
16828163,3,0.0,C
16828163,3,0.0,C
16828163,3,0.0,C
16828163,3,0.0,C
19852674,3,0.0002725194275912113,C
19852674,3,0.0019792360295782796,C
19852674,3,0.0021631213013432182,C
19852674,3,0.0022060684775672135,C
19852674,3,0.0008890726471959542,C
92620239,3,0.0009653876145644391,C
92620239,3,-0.0004799282942804517,C
92620239,3,-0.0020414436073117326,C
92620239,3,-0.0001452836074188335,C
92620239,3,-0.0007583820287010434,C
369426003,3,0.0,C
369426003,3,0.0,C
369426003,3,0.0,C
369426003,3,0.0,C
369426003,3,0.0,C
510990731,3,0.0,C
510990731,3,0.0,C
510990731,3,0.0,C
510990731,3,0.0,C
510990731,3,0.0,C
961603178,3,0.0,N
961603178,3,0.0,N
961603178,3,0.0,N
961603178,3,0.0,N
961603178,3,0.0,N
1182622762,3,-0.0041691339012620565,C
1182622762,3,-0.0015980180924178855,C
1182622762,3,-0.0036712838448259566,C
1182622762,3,-0.002548974047328123,C
1182622762,3,-0.0026324708448601797,C
1207414429,3,0.0,C
1207414429,3,0.0,C
1207414429,3,0.0,C
1207414429,3,0.0,C
1207414429,3,0.0,C
1951686536,3,0.0,C
1951686536,3,0.0,C
1951686536,3,0.0,C
1951686536,3,0.0,C
1951686536,3,0.0,C
847961216,4,0.005212090547721759,N
847961216,4,0.011195508317350833,N
847961216,4,0.008161660613479449,N
847961216,4,0.006825294492700418,N
847961216,4,0.00958083302601409,N
864662311,4,0.07896772065003888,O
864662311,4,0.12021040025307961,O
864662311,4,0.10188925646396663,O
864662311,4,0.09461940550739267,O
864662311,4,0.10026229949711818,O
864674487,4,-0.0024889777950305447,O
864674487,4,-0.003036900180860558,O
864674487,4,-0.003997028254211221,O
864674487,4,-0.0021489765052608023,O
864674487,4,-0.003320235859532006,O
864942730,4,0.01082378598401923,O
864942730,4,0.0045208816565524,O
864942730,4,0.011500207530205087,O
864942730,4,0.017921331921522343,O
864942730,4,0.003129825953021359,O
882399112,4,0.0036933092990889538,F
882399112,4,0.004758289072187782,F
882399112,4,0.005184330947278326,F
882399112,4,6.437464785113978e-05,F
882399112,4,0.006940679057997001,F
2041434490,4,0.001357020697705158,N
2041434490,4,0.0010227371781870165,N
2041434490,4,0.0017454330139017316,N
2041434490,4,0.00015103266357752165,N
2041434490,4,0.002246140761475668,N
2092489639,4,0.006821534978829202,N
2092489639,4,0.0015999079442342579,N
2092489639,4,0.00055503318288741,N
2092489639,4,0.0037412275802540806,N
2092489639,4,0.0063757425347741314,N
2245273601,4,-0.0039119792739913395,C
2245273601,4,-0.00045596615022402975,C
2245273601,4,-0.005391762371337205,C
2245273601,4,6.505149781066422e-07,C
2245273601,4,-0.0014224801574579393,C
2245277810,4,-0.0005113462816958014,C
2245277810,4,0.0008151829952108836,C
2245277810,4,7.949644724847271e-05,C
2245277810,4,5.690477697373186e-05,C
2245277810,4,-0.00039672418146463606,C
2245384272,4,0.0026279181803351426,C
2245384272,4,-0.000629239977019691,C
2245384272,4,0.001769538914772828,C
2245384272,4,-0.0016342752727084298,C
2245384272,4,0.0021225321946128917,C
2246699815,4,0.0010676434803994495,C
2246699815,4,-0.0025178275767032687,C
2246699815,4,-0.0017562999717792849,C
2246699815,4,0.009900092415176198,C
2246699815,4,0.0026359414506290646,C
2246728737,4,0.0022824733264781294,C
2246728737,4,0.0007846545567991026,C
2246728737,4,0.0018607234499357084,C
2246728737,4,0.0009414419740196855,C
2246728737,4,0.0019736498701417027,C
3217380708,4,-0.0005024267881444944,C
3217380708,4,-0.00026511563529951765,C
3217380708,4,-0.000801598315017249,C
3217380708,4,-0.0006516793812050281,C
3217380708,4,-0.00025462916124496804,C
3218693969,4,-0.0004424021143492052,C
3218693969,4,-0.00022270192088902352,C
3218693969,4,-0.0001310644250696047,C
3218693969,4,-0.0002856480350855728,C
3218693969,4,-0.00045240420134895487,C
98513984,4,0.0155506113265369,C
98513984,4,0.009123736381597358,C
98513984,4,0.01917524296577644,C
98513984,4,0.020467790354216753,C
98513984,4,0.017136474019865733,C
485458970,4,-9.404048600447634e-05,F
485458970,4,9.319182039191354e-05,F
485458970,4,-0.00010148047882285738,F
485458970,4,-3.0419887634747234e-05,F
485458970,4,-8.823034210236891e-05,F
572760528,4,0.0014636909248514351,C
572760528,4,0.004664053684006353,C
572760528,4,0.0018425132027410918,C
572760528,4,0.0010793036939886758,C
572760528,4,0.0012273159924525157,C
951226070,4,0.015214491998450375,C
951226070,4,0.016435083294420894,C
951226070,4,0.020306556550841015,C
951226070,4,0.008269383109761774,C
951226070,4,0.011218878251085362,C
994485099,4,0.0322123230235305,C
994485099,4,0.018968285526387407,C
994485099,4,0.010042289527052661,C
994485099,4,0.031000592457346765,C
994485099,4,0.0397563362051393,C
1054767590,4,0.005777347353565276,C
1054767590,4,0.000800974075069516,C
1054767590,4,0.0006503203579822925,C
1054767590,4,0.00257041050015816,C
1054767590,4,0.0042951721316952796,C
1101907775,4,0.010171646219682695,N
1101907775,4,0.006060133328319339,N
1101907775,4,0.004107534410599856,N
1101907775,4,0.010903606983602487,N
1101907775,4,0.0060948024641025444,N
1135286194,4,-0.0022017032509272783,C
1135286194,4,0.0010990238921165796,C
1135286194,4,0.0015522283872400067,C
1135286194,4,0.0002869827155485005,C
1135286194,4,0.002090142724301969,C
1510328189,4,0.0006350324592317991,O
1510328189,4,-0.0009451102745379192,O
1510328189,4,-0.001352585533992312,O
1510328189,4,0.002449154549180599,O
1510328189,4,-0.0032713815808250724,O
1542631284,4,0.0,O
1542631284,4,0.0,O
1542631284,4,0.0,O
1542631284,4,0.0,O
1542631284,4,0.0,O
1583009052,4,0.0,C
1583009052,4,0.0,C
1583009052,4,0.0,C
1583009052,4,0.0,C
1583009052,4,0.0,C
1790668568,4,-0.00021840700995423568,N
1790668568,4,-5.816360908006413e-05,N
1790668568,4,5.098663660740854e-05,N
1790668568,4,-7.555887198806843e-06,N
1790668568,4,0.0016717359021193312,N
2115476908,4,-0.0018208264035824984,O
2115476908,4,0.001606550200607404,O
2115476908,4,0.0003670173843151048,O
2115476908,4,0.0014049026272645593,O
2115476908,4,0.001001643604038427,O
2257970297,4,0.002091472079938539,C
2257970297,4,0.0034702375648019146,C
2257970297,4,-0.0015552117585653225,C
2257970297,4,0.0015328592616737913,C
2257970297,4,9.679554119212952e-05,C
2360741695,4,0.005016231746666322,C
2360741695,4,0.0013805179769302844,C
2360741695,4,-0.0020559521097589517,C
2360741695,4,0.005278535158175002,C
2360741695,4,0.0029502370872279693,C
2435680164,4,0.0010449148196777225,N
2435680164,4,-0.0005315735840610847,N
2435680164,4,-0.004969833613232,N
2435680164,4,-0.0021793174942841276,N
2435680164,4,-0.00039854218049251156,N
2530048747,4,-2.28916120722511e-05,N
2530048747,4,-4.8321162794962014e-05,N
2530048747,4,-4.8321162794962014e-05,N
2530048747,4,-0.00011719461676473752,N
2530048747,4,-2.5070264310755874e-05,N
3182824521,4,-0.0016144938798882125,C
3182824521,4,-0.0012791681799833032,C
3182824521,4,-0.002536649524104373,C
3182824521,4,-0.0027818047002614588,C
3182824521,4,-0.0019804707989877768,C
3297830269,4,0.0,C
3297830269,4,0.0,C
3297830269,4,0.0,C
3297830269,4,0.0,C
3297830269,4,0.0,C
3537123720,4,-0.0005541868108103198,C
3537123720,4,-0.000367383813198785,C
3537123720,4,-0.0003173387220274382,C
3537123720,4,-0.0008189792309231114,C
3537123720,4,-0.0006575119745184654,C
3542456614,4,6.962208695648897e-05,C
3542456614,4,0.004832336192726716,C
3542456614,4,0.0028716843613383336,C
3542456614,4,-0.00011274321206888871,C
3542456614,4,0.0020634553680703993,C
3772302167,4,-0.00010849421073055865,C
3772302167,4,0.00019613374735316658,C
3772302167,4,3.586091520257906e-05,C
3772302167,4,-0.00022351047008672964,C
3772302167,4,-0.0005883917974246478,C
3847608821,4,0.0,C
3847608821,4,0.0,C
3847608821,4,0.0,C
3847608821,4,0.0,C
3847608821,4,0.0,C
3992738647,4,0.0,C
3992738647,4,0.0,C
3992738647,4,0.0,C
3992738647,4,0.0,C
3992738647,4,0.0,C
3994088662,4,-0.00038253005148580765,C
3994088662,4,-0.0006538703327559903,C
3994088662,4,-0.0005532133035168751,C
3994088662,4,6.545582066352917e-05,C
3994088662,4,0.0008612609017005779,C
4041573576,4,0.0003933116344317922,C
4041573576,4,-5.399510065517976e-05,C
4041573576,4,-0.00046754625926359594,C
4041573576,4,0.0006027001436759161,C
4041573576,4,-0.0005060187078043121,C
262046533,4,0.0,N
262046533,4,0.0,N
262046533,4,0.0,N
262046533,4,0.0,N
262046533,4,0.0,N
344019891,4,-0.0009364177036818022,N
344019891,4,-0.0007804843897558644,N
344019891,4,-0.0008207141866799494,N
344019891,4,-0.00044635717432373045,N
344019891,4,-0.0012467947771016563,N
384152397,4,0.0,C
384152397,4,0.0,C
384152397,4,0.0,C
384152397,4,0.0,C
384152397,4,0.0,C
425761239,4,-0.000313590421779697,C
425761239,4,-0.0003989612866788228,C
425761239,4,-0.00042512286240736774,C
425761239,4,-0.0004826633000786229,C
425761239,4,-0.00041103626277771976,C
450728941,4,0.0,C
450728941,4,0.0,C
450728941,4,0.0,C
450728941,4,0.0,C
450728941,4,0.0,C
1025696713,4,0.0,C
1025696713,4,0.0,C
1025696713,4,0.0,C
1025696713,4,0.0,C
1025696713,4,0.0,C
1169545996,4,0.0,C
1169545996,4,0.0,C
1169545996,4,0.0,C
1169545996,4,0.0,C
1169545996,4,0.0,C
1511206547,4,0.0005600742958855598,C
1511206547,4,0.0022449318273318752,C
1511206547,4,0.0023435404342230237,C
1511206547,4,0.001163415731793238,C
1511206547,4,0.001458509433756916,C
1586220957,4,0.0,N
1586220957,4,0.0,N
1586220957,4,0.0,N
1586220957,4,0.0,N
1586220957,4,0.0,N
1824749366,4,0.0,C
1824749366,4,0.0,C
1824749366,4,0.0,C
1824749366,4,0.0,C
1824749366,4,0.0,C
1870383208,4,0.00012081635339733499,C
1870383208,4,-2.8695773896081356e-05,C
1870383208,4,5.2804554215635235e-05,C
1870383208,4,9.533943999751049e-05,C
1870383208,4,7.832734035784217e-05,C
1926335522,4,0.0,C
1926335522,4,0.0,C
1926335522,4,0.0,C
1926335522,4,0.0,C
1926335522,4,0.0,C
2022234070,4,0.0,N
2022234070,4,0.0,N
2022234070,4,0.0,N
2022234070,4,0.0,N
2022234070,4,0.0,N
2148447261,4,0.0,C
2148447261,4,0.0,C
2148447261,4,0.0,C
2148447261,4,0.0,C
2148447261,4,0.0,C
2149173445,4,0.0,C
2149173445,4,0.0,C
2149173445,4,0.0,C
2149173445,4,0.0,C
2149173445,4,0.0,C
2358351923,4,0.0,C
2358351923,4,0.0,C
2358351923,4,0.0,C
2358351923,4,0.0,C
2358351923,4,0.0,C
2457808095,4,0.0,C
2457808095,4,0.0,C
2457808095,4,0.0,C
2457808095,4,0.0,C
2457808095,4,0.0,C
2677858541,4,-0.000138805555024879,C
2677858541,4,-0.00023030764385056912,C
2677858541,4,-5.4526631228735134e-05,C
2677858541,4,-0.00012092324481371985,C
2677858541,4,0.00016389944528238942,C
3088822697,4,0.0,O
3088822697,4,0.0,O
3088822697,4,0.0,O
3088822697,4,0.0,O
3088822697,4,0.0,O
3196938764,4,0.0,C
3196938764,4,0.0,C
3196938764,4,0.0,C
3196938764,4,0.0,C
3196938764,4,0.0,C
3392629863,4,0.0,C
3392629863,4,0.0,C
3392629863,4,0.0,C
3392629863,4,0.0,C
3392629863,4,0.0,C
3692055567,4,0.0042522536911936415,C
3692055567,4,0.008285461037246145,C
3692055567,4,0.006901316068536167,C
3692055567,4,0.0016506919530620001,C
3692055567,4,0.0038471912563072808,C
4217292029,4,0.0,C
4217292029,4,0.0,C
4217292029,4,0.0,C
4217292029,4,0.0,C
4217292029,4,0.0,C
848128881,4,0.00058209804878262,N
848128881,4,-0.011477232735098375,N
848128881,4,-0.010162765353537773,N
848128881,4,-0.0021855196567623913,N
848128881,4,-0.004654468598830452,N
2132511834,4,0.01650219077615589,N
2132511834,4,0.005271251397785948,N
2132511834,4,0.005342084081401466,N
2132511834,4,0.0049218996837556706,N
2132511834,4,0.003941461736439389,N
2968968094,4,-0.0032340857419052016,C
2968968094,4,-0.002103094102387293,C
2968968094,4,-0.0019556844342467627,C
2968968094,4,-0.005394559502895135,C
2968968094,4,0.0013175916756680284,C
2976033787,4,0.004688900133060225,C
2976033787,4,0.00301243432184084,C
2976033787,4,0.0016033091711976644,C
2976033787,4,0.0007762873822116934,C
2976033787,4,0.009606500336756474,C
416356657,4,0.021648264772026415,C
416356657,4,0.002921465020122249,C
416356657,4,-0.007066513352893322,C
416356657,4,0.014466083715796607,C
416356657,4,0.018624065457751415,C
460073430,4,-7.475840268700296e-05,C
460073430,4,-3.076711793337239e-06,C
460073430,4,8.305939314923183e-05,C
460073430,4,0.0002322879682191692,C
460073430,4,-3.520834106041093e-05,C
1100037548,4,0.00755780803668793,N
1100037548,4,0.007728584259226623,N
1100037548,4,0.001513493658427123,N
1100037548,4,-0.0031823676503843767,N
1100037548,4,0.0025631134611477924,N
1289643292,4,0.0009801799298133629,N
1289643292,4,0.00010971493792111264,N
1289643292,4,0.000420773921023021,N
1289643292,4,0.0010415510648078552,N
1289643292,4,-8.620305686357632e-05,N
1602567453,4,0.00015184536206624966,C
1602567453,4,2.2375095307558546e-05,C
1602567453,4,1.0275999766995447e-05,C
1602567453,4,-4.2507571424987844e-06,C
1602567453,4,7.122359540023826e-05,C
1637836422,4,-0.0023449461859550436,C
1637836422,4,0.00015760735828174166,C
1637836422,4,-0.0025007290740429733,C
1637836422,4,-0.003827676579213346,C
1637836422,4,-0.001866802832890535,C
1795978025,4,-0.002918249696951203,C
1795978025,4,-0.0026173074131453644,C
1795978025,4,-0.0015390822391805337,C
1795978025,4,-0.0011834648330611985,C
1795978025,4,-0.0013212340738285588,C
2117068077,4,-0.0002905435468998352,C
2117068077,4,-0.00010463857161413515,C
2117068077,4,0.001794227951153693,C
2117068077,4,-0.00031421575764489784,C
2117068077,4,0.001889478866130223,C
2142032900,4,0.00743157274954942,C
2142032900,4,0.006599474960528373,C
2142032900,4,0.014968079806746859,C
2142032900,4,-0.00252011614942127,C
2142032900,4,0.01060315203838158,C
2603759688,4,0.0,N
2603759688,4,0.0,N
2603759688,4,0.0,N
2603759688,4,0.0,N
2603759688,4,0.0,N
3337745083,4,0.0018054622674748,F
3337745083,4,0.0005391931618022872,F
3337745083,4,0.001919124515176951,F
3337745083,4,0.0009694594424609626,F
3337745083,4,0.0015709765791117603,F
3777168895,4,0.0002546477712552786,C
3777168895,4,0.0006256767220239601,C
3777168895,4,-0.00036105050397594596,C
3777168895,4,-0.00015216028643916246,C
3777168895,4,0.0009362962462136082,C
3818546315,4,-0.00035592274697127113,C
3818546315,4,-0.001147599036371738,C
3818546315,4,-0.002926180170689352,C
3818546315,4,-0.000461792659290694,C
3818546315,4,-0.0005847500311605414,C
278784068,4,0.0,C
278784068,4,0.0,C
278784068,4,0.0,C
278784068,4,0.0,C
278784068,4,0.0,C
573641903,4,0.0,C
573641903,4,0.0,C
573641903,4,0.0,C
573641903,4,0.0,C
573641903,4,0.0,C
649517798,4,0.0,C
649517798,4,0.0,C
649517798,4,0.0,C
649517798,4,0.0,C
649517798,4,0.0,C
691557941,4,0.0,N
691557941,4,0.0,N
691557941,4,0.0,N
691557941,4,0.0,N
691557941,4,0.0,N
2059101240,4,0.0,C
2059101240,4,0.0,C
2059101240,4,0.0,C
2059101240,4,0.0,C
2059101240,4,0.0,C
2499140822,4,0.0,C
2499140822,4,0.0,C
2499140822,4,0.0,C
2499140822,4,0.0,C
2499140822,4,0.0,C
3227199106,4,0.0,N
3227199106,4,0.0,N
3227199106,4,0.0,N
3227199106,4,0.0,N
3227199106,4,0.0,N
3514909735,4,-0.00026727110707935875,C
3514909735,4,-0.00020247189723543446,C
3514909735,4,-6.547745377905034e-05,C
3514909735,4,2.66567298145004e-05,C
3514909735,4,-3.5728025093995086e-05,C
3695853513,4,0.0,C
3695853513,4,0.0,C
3695853513,4,0.0,C
3695853513,4,0.0,C
3695853513,4,0.0,C
3738436850,4,0.0,C
3738436850,4,0.0,C
3738436850,4,0.0,C
3738436850,4,0.0,C
3738436850,4,0.0,C
3792822921,4,0.0,N
3792822921,4,0.0,N
3792822921,4,0.0,N
3792822921,4,0.0,N
3792822921,4,0.0,N
485463469,4,-0.002517030913840479,F
485463469,4,-0.0023202996793983965,F
485463469,4,-0.0021862895138463623,F
485463469,4,-0.0030508002647189336,F
485463469,4,-0.001284636026273489,F
1312131881,4,-0.0022140096041520785,C
1312131881,4,-0.0013696917390183527,C
1312131881,4,-0.0022034445261330804,C
1312131881,4,-0.003071801870346391,C
1312131881,4,-0.0015591539924926234,C
1979131117,4,0.0,C
1979131117,4,0.0,C
1979131117,4,0.0,C
1979131117,4,0.0,C
1979131117,4,0.0,C
2459558207,4,-7.316094178788646e-05,C
2459558207,4,-2.2630611183460658e-05,C
2459558207,4,-0.00012684510627125611,C
2459558207,4,-0.0002695377797858889,C
2459558207,4,-2.549121541739474e-06,C
3909974435,4,-0.00021354166768594585,C
3909974435,4,-2.3396143792653312e-05,C
3909974435,4,-0.00021691613224794626,C
3909974435,4,-0.0002093693536288077,C
3909974435,4,3.5381327391226236e-06,C
304550229,4,0.0,N
304550229,4,0.0,N
304550229,4,0.0,N
304550229,4,0.0,N
304550229,4,0.0,N
515013889,4,0.0,C
515013889,4,0.0,C
515013889,4,0.0,C
515013889,4,0.0,C
515013889,4,0.0,C
2376477245,4,0.0,C
2376477245,4,0.0,C
2376477245,4,0.0,C
2376477245,4,0.0,C
2376477245,4,0.0,C
2805850412,4,0.0,C
2805850412,4,0.0,C
2805850412,4,0.0,C
2805850412,4,0.0,C
2805850412,4,0.0,C
2830400721,4,0.0,C
2830400721,4,0.0,C
2830400721,4,0.0,C
2830400721,4,0.0,C
2830400721,4,0.0,C
3313841562,4,0.0,C
3313841562,4,0.0,C
3313841562,4,0.0,C
3313841562,4,0.0,C
3313841562,4,0.0,C
3886135871,4,0.0,C
3886135871,4,0.0,C
3886135871,4,0.0,C
3886135871,4,0.0,C
3886135871,4,0.0,C
4231742335,4,0.0,C
4231742335,4,0.0,C
4231742335,4,0.0,C
4231742335,4,0.0,C
4231742335,4,0.0,C
847957139,4,0.01616593461748772,N
847957139,4,0.03495852031357105,N
847957139,4,0.021345216205347906,N
847957139,4,0.01858800915854042,N
847957139,4,0.014326970399660466,N
2245900962,4,-0.00021868649310685662,C
2245900962,4,-0.0015763024291072236,C
2245900962,4,0.00018966538512799058,C
2245900962,4,0.0012208098016311952,C
2245900962,4,0.00048405641681226186,C
393353044,4,0.0,C
393353044,4,0.0,C
393353044,4,0.0,C
393353044,4,0.0,C
393353044,4,0.0,C
422715066,4,0.012926685587630549,C
422715066,4,0.010883893617473661,C
422715066,4,0.022389087987100487,C
422715066,4,0.018923801743140567,C
422715066,4,0.0224977084147453,C
623728226,4,0.001115978240230242,C
623728226,4,0.002299889921962728,C
623728226,4,0.0053144856608660085,C
623728226,4,0.00173674580327432,C
623728226,4,0.0002202509004507469,C
963029399,4,0.00401474358376408,N
963029399,4,0.004138689098936776,N
963029399,4,0.001458659046702615,N
963029399,4,0.004950282791655658,N
963029399,4,0.004386063948810692,N
1070821685,4,-0.00027390130624704856,C
1070821685,4,5.944207176311611e-05,C
1070821685,4,-8.850976741880956e-05,C
1070821685,4,-7.776359903521879e-05,C
1070821685,4,-9.570943775738527e-06,C
1308598964,4,6.564969059241754e-05,C
1308598964,4,-2.393002857425941e-06,C
1308598964,4,3.150483925218328e-05,C
1308598964,4,5.560286018169158e-06,C
1308598964,4,5.652246115595005e-07,C
1693331843,4,-0.00017946485340891716,N
1693331843,4,-0.0003627592307451355,N
1693331843,4,-0.0007026431354013596,N
1693331843,4,-0.0001808776591736283,N
1693331843,4,-9.15231181068954e-05,N
1857396528,4,-0.0015300860586702214,C
1857396528,4,0.000887155004175133,C
1857396528,4,-0.0013198483789922388,C
1857396528,4,0.0010821747427111061,C
1857396528,4,-2.574305201430427e-05,C
2296565457,4,0.0026274223749171988,N
2296565457,4,0.0012315844973898038,N
2296565457,4,0.0012734641755651754,N
2296565457,4,0.0008463724882122881,N
2296565457,4,-0.0014368395315824678,N
2309124039,4,0.0035885599598558526,C
2309124039,4,0.0031783567186305373,C
2309124039,4,0.004116389284975819,C
2309124039,4,0.0035734617480362996,C
2309124039,4,0.0035505004899309967,C
2591432844,4,0.0004411437289048026,N
2591432844,4,0.0004781065342243096,N
2591432844,4,0.000558407094294,N
2591432844,4,0.0005623624283538353,N
2591432844,4,0.0007646535493255335,N
2747850234,4,0.0,C
2747850234,4,0.0,C
2747850234,4,0.0,C
2747850234,4,0.0,C
2747850234,4,0.0,C
2803848648,4,0.002247573504912115,C
2803848648,4,0.0017885636340913003,C
2803848648,4,0.001166953731938758,C
2803848648,4,0.000605270617051068,C
2803848648,4,0.0025195302554713583,C
2811394787,4,-0.0013171669443448053,C
2811394787,4,-0.0034602569889888857,C
2811394787,4,-0.0003794165595111254,C
2811394787,4,0.0010122652986170877,C
2811394787,4,0.0034024616386688633,C
3120642300,4,0.0038655859671852255,C
3120642300,4,0.0035072466580681194,C
3120642300,4,0.0039716237686312494,C
3120642300,4,0.010453376314309537,C
3120642300,4,0.004984735922128891,C
3545074552,4,0.0,C
3545074552,4,0.0,C
3545074552,4,0.0,C
3545074552,4,0.0,C
3545074552,4,0.0,C
3798139026,4,0.001498594471632031,C
3798139026,4,0.001970833281362494,C
3798139026,4,0.0010710349707747646,C
3798139026,4,0.001527891180603702,C
3798139026,4,0.0006246928258096807,C
3981762496,4,0.002827298336237738,C
3981762496,4,0.002291142909586208,C
3981762496,4,0.0009600026811363849,C
3981762496,4,0.0019291815070582308,C
3981762496,4,0.0013046655647682703,C
4265016989,4,0.0,C
4265016989,4,0.0,C
4265016989,4,0.0,C
4265016989,4,0.0,C
4265016989,4,0.0,C
4291903839,4,0.0,C
4291903839,4,0.0,C
4291903839,4,0.0,C
4291903839,4,0.0,C
4291903839,4,0.0,C
237615532,4,0.00045818335571623514,C
237615532,4,0.00042099880313373195,C
237615532,4,-4.869855841693749e-06,C
237615532,4,0.0008144345772833628,C
237615532,4,0.0004721879356249792,C
269171368,4,0.008628402257884749,C
269171368,4,0.006975389049450387,C
269171368,4,0.00757010571520389,C
269171368,4,0.0031300502666591346,C
269171368,4,0.004913463471814539,C
373109870,4,0.0011847025276449097,C
373109870,4,0.0011847025276449097,C
373109870,4,0.0011847025276449097,C
373109870,4,0.0011847025276449097,C
373109870,4,0.0012078318468983218,C
420637473,4,0.0,N
420637473,4,0.0,N
420637473,4,0.0,N
420637473,4,0.0,N
420637473,4,0.0,N
959544246,4,0.0,C
959544246,4,0.0,C
959544246,4,0.0,C
959544246,4,0.0,C
959544246,4,0.0,C
1459763726,4,0.0,C
1459763726,4,0.0,C
1459763726,4,0.0,C
1459763726,4,0.0,C
1459763726,4,0.0,C
1671473110,4,0.0,C
1671473110,4,0.0,C
1671473110,4,0.0,C
1671473110,4,0.0,C
1671473110,4,0.0,C
2154777022,4,-0.0027381684468462675,C
2154777022,4,-0.0025332023447039997,C
2154777022,4,-0.003229123688647695,C
2154777022,4,0.003293548225355991,C
2154777022,4,-0.0030707392941601297,C
2717193360,4,0.0,C
2717193360,4,0.0,C
2717193360,4,0.0,C
2717193360,4,0.0,C
2717193360,4,0.0,C
3111864946,4,0.0,C
3111864946,4,0.0,C
3111864946,4,0.0,C
3111864946,4,0.0,C
3111864946,4,0.0,C
3136475462,4,0.0,C
3136475462,4,0.0,C
3136475462,4,0.0,C
3136475462,4,0.0,C
3136475462,4,0.0,C
3749319234,4,0.0,N
3749319234,4,0.0,N
3749319234,4,0.0,N
3749319234,4,0.0,N
3749319234,4,0.0,N
3819564588,4,0.0,C
3819564588,4,0.0,C
3819564588,4,0.0,C
3819564588,4,0.0,C
3819564588,4,0.0,C
3840482014,4,0.0,C
3840482014,4,0.0,C
3840482014,4,0.0,C
3840482014,4,0.0,C
3840482014,4,0.0,C
3920625465,4,0.0,C
3920625465,4,0.0,C
3920625465,4,0.0,C
3920625465,4,0.0,C
3920625465,4,0.0,C
3954174598,4,0.0,C
3954174598,4,0.0,C
3954174598,4,0.0,C
3954174598,4,0.0,C
3954174598,4,0.0,C
4032294624,4,0.0,N
4032294624,4,0.0,N
4032294624,4,0.0,N
4032294624,4,0.0,N
4032294624,4,0.0,N
4226294099,4,0.0,C
4226294099,4,0.0,C
4226294099,4,0.0,C
4226294099,4,0.0,C
4226294099,4,0.0,C
4232016909,4,0.0,C
4232016909,4,0.0,C
4232016909,4,0.0,C
4232016909,4,0.0,C
4232016909,4,0.0,C
4289161048,4,0.0,C
4289161048,4,0.0,C
4289161048,4,0.0,C
4289161048,4,0.0,C
4289161048,4,0.0,C
781912670,4,0.0,C
781912670,4,0.0,C
781912670,4,0.0,C
781912670,4,0.0,C
781912670,4,0.0,C
1369588494,4,0.0,N
1369588494,4,0.0,N
1369588494,4,0.0,N
1369588494,4,0.0,N
1369588494,4,0.0,N
1542633699,4,0.0,O
1542633699,4,0.0,O
1542633699,4,0.0,O
1542633699,4,0.0,O
1542633699,4,0.0,O
1674219510,4,0.0,C
1674219510,4,0.0,C
1674219510,4,0.0,C
1674219510,4,0.0,C
1674219510,4,0.0,C
2635303940,4,0.000876569391135007,C
2635303940,4,-4.42386998235067e-05,C
2635303940,4,0.0006158730802579004,C
2635303940,4,-0.0003958534645652767,C
2635303940,4,-0.0009668692402435841,C
3537119515,4,-0.0036545194634092226,C
3537119515,4,0.003947817366338535,C
3537119515,4,-0.002359845245881509,C
3537119515,4,0.00038596459047768317,C
3537119515,4,-0.0019004639083548547,C
3983062349,4,0.011000552070880243,C
3983062349,4,0.0029505426726119666,C
3983062349,4,0.004004401733244678,C
3983062349,4,0.005199286927298985,C
3983062349,4,0.007815804690875616,C
4003049590,4,0.0,C
4003049590,4,0.0,C
4003049590,4,0.0,C
4003049590,4,0.0,C
4003049590,4,0.0,C
711358894,4,0.0,C
711358894,4,0.0,C
711358894,4,0.0,C
711358894,4,0.0,C
711358894,4,0.0,C
1313967653,4,-0.0003078672747298672,C
1313967653,4,-0.0004007979029791997,C
1313967653,4,-0.00011870272195868559,C
1313967653,4,-8.653728297114416e-05,C
1313967653,4,-0.00035721199568150563,C
1568268146,4,0.0,C
1568268146,4,0.0,C
1568268146,4,0.0,C
1568268146,4,0.0,C
1568268146,4,0.0,C
1696659438,4,0.0,C
1696659438,4,0.0,C
1696659438,4,0.0,C
1696659438,4,0.0,C
1696659438,4,0.0,C
1896049752,4,0.0,C
1896049752,4,0.0,C
1896049752,4,0.0,C
1896049752,4,0.0,C
1896049752,4,0.0,C
2014543234,4,-0.0001817229525882258,C
2014543234,4,-0.00035946004979825474,C
2014543234,4,-6.393646246083406e-05,C
2014543234,4,-5.727305523728354e-05,C
2014543234,4,-0.00016641677384454656,C
2579153554,4,0.0,C
2579153554,4,0.0,C
2579153554,4,0.0,C
2579153554,4,0.0,C
2579153554,4,0.0,C
3181446473,4,0.0,O
3181446473,4,0.0,O
3181446473,4,0.0,O
3181446473,4,0.0,O
3181446473,4,0.0,O
3685257385,4,0.0,C
3685257385,4,0.0,C
3685257385,4,0.0,C
3685257385,4,0.0,C
3685257385,4,0.0,C
3757038672,4,0.0017881461404755106,C
3757038672,4,0.001303700485996595,C
3757038672,4,0.0034494415066633755,C
3757038672,4,0.0007497816866839369,C
3757038672,4,0.00026783009925657186,C
3976623167,4,8.858559462454618e-05,C
3976623167,4,-0.0003293956736643011,C
3976623167,4,-0.0022702840226047627,C
3976623167,4,0.0007280072628312872,C
3976623167,4,-0.0003993821311980561,C
3993796134,4,0.0,N
3993796134,4,0.0,N
3993796134,4,0.0,N
3993796134,4,0.0,N
3993796134,4,0.0,N
3999906991,4,0.022343483213293602,C
3999906991,4,0.017113342178192048,C
3999906991,4,0.009707901849180023,C
3999906991,4,0.012205752910636192,C
3999906991,4,0.004655812628484801,C
999334238,4,0.0014842370606364952,S
999334238,4,0.0003753865788860278,S
999334238,4,0.0012318040179090106,S
999334238,4,0.004420575605100785,S
999334238,4,0.005001460253511114,S
1016841875,4,0.00969116686632887,Cl
1016841875,4,0.006332244940004839,Cl
1016841875,4,0.006231124877775218,Cl
1016841875,4,0.005295294851941912,Cl
1016841875,4,0.00763024266877943,Cl
3624155,4,-0.002730744395675222,C
3624155,4,-0.0020469839140986323,C
3624155,4,0.0008531095008433853,C
3624155,4,-0.003920439265771236,C
3624155,4,-0.0049778330256886605,C
288315894,4,0.0010935600984866012,S
288315894,4,7.644885176927296e-05,S
288315894,4,0.0015977177888625294,S
288315894,4,0.00031954213350404714,S
288315894,4,0.001363043236475292,S
717512901,4,0.002214007450185518,N
717512901,4,0.005643785296617465,N
717512901,4,0.004994192972821221,N
717512901,4,0.002825769116221677,N
717512901,4,0.003637724399605413,N
787069595,4,0.003277159423229259,C
787069595,4,0.00619135604737453,C
787069595,4,-0.0008213342275855684,C
787069595,4,0.0029193664516856677,C
787069595,4,0.0019007728501736487,C
2076190208,4,-0.0017278101249791344,O
2076190208,4,-0.0012910570634043772,O
2076190208,4,-0.00027514389104688064,O
2076190208,4,-0.0004809481014130812,O
2076190208,4,-0.00042502477097072777,O
2200148275,4,0.0,N
2200148275,4,0.0,N
2200148275,4,0.0,N
2200148275,4,0.0,N
2200148275,4,0.0,N
2223687999,4,-0.00037943342265378543,C
2223687999,4,-0.00010380221178640792,C
2223687999,4,-8.96727336997527e-05,C
2223687999,4,9.724206147021519e-05,C
2223687999,4,-0.00016092562136116317,C
2228063684,4,0.0005014961110023641,O
2228063684,4,0.0010969166627182725,O
2228063684,4,0.0009538224938978601,O
2228063684,4,0.0022142422908275616,O
2228063684,4,0.0007271539315071296,O
2246340824,4,0.001831828051984008,C
2246340824,4,0.0004903129302900044,C
2246340824,4,0.0032081102323268107,C
2246340824,4,0.002970751581331088,C
2246340824,4,0.0021466594385255444,C
2447826885,4,0.00037760088309890527,C
2447826885,4,-0.00017146446790672343,C
2447826885,4,0.0005316487226910693,C
2447826885,4,0.0002933598098077139,C
2447826885,4,-0.00017526013342317182,C
3452535345,4,0.0026635170234792227,Cl
3452535345,4,0.002603111627823451,Cl
3452535345,4,0.002686979435871595,Cl
3452535345,4,0.0029567155233629627,Cl
3452535345,4,0.003878533459901412,Cl
3975275337,4,0.0018284778348041097,C
3975275337,4,-0.005877488311030299,C
3975275337,4,-0.00039959444019721513,C
3975275337,4,-0.0023366449122234068,C
3975275337,4,-0.005229708542166311,C
4121755354,4,0.0032303076792733476,C
4121755354,4,0.0016087271661303637,C
4121755354,4,0.00245452341029051,C
4121755354,4,0.002771465345427604,C
4121755354,4,0.005079203207726368,C
97370940,4,0.0,C
97370940,4,0.0,C
97370940,4,0.0,C
97370940,4,0.0,C
97370940,4,0.0,C
109296634,4,0.0,N
109296634,4,0.0,N
109296634,4,0.0,N
109296634,4,0.0,N
109296634,4,0.0,N
171200514,4,-0.0016787666800343048,C
171200514,4,-0.003289168929427544,C
171200514,4,-0.00203943150689756,C
171200514,4,0.004140046720447876,C
171200514,4,0.0016742366226784045,C
294799712,4,0.0,C
294799712,4,0.0,C
294799712,4,0.0,C
294799712,4,0.0,C
294799712,4,0.0,C
564807139,4,-1.7394103735801636e-05,C
564807139,4,-2.661263147329951e-05,C
564807139,4,-2.3446873070875895e-06,C
564807139,4,-2.292915414325858e-05,C
564807139,4,-5.010071015476569e-05,C
589930590,4,0.00024026160903889426,C
589930590,4,0.0008938590343259278,C
589930590,4,0.0011870454549729459,C
589930590,4,0.0005931103115899283,C
589930590,4,-0.0006046647548527684,C
932712697,4,-0.0004879580206721412,O
932712697,4,-0.00022728280711881155,O
932712697,4,-0.0004260906166368983,O
932712697,4,-0.0007018941528820211,O
932712697,4,-0.0005774783069478762,O
1429883190,4,0.011017594330167801,C
1429883190,4,0.015259238878442716,C
1429883190,4,0.006405960740196059,C
1429883190,4,0.008429358435779188,C
1429883190,4,0.012078732705682271,C
1446204275,4,0.0001479181359791415,C
1446204275,4,0.0001880958281695877,C
1446204275,4,0.0,C
1446204275,4,1.35015511626424e-06,C
1446204275,4,-1.014957597522681e-05,C
1714595447,4,0.00035672587238155806,C
1714595447,4,-0.001586638662545936,C
1714595447,4,-0.00020888688379538944,C
1714595447,4,-0.00039784016497335095,C
1714595447,4,-0.0018622104004051288,C
1751335243,4,0.0,S
1751335243,4,0.0,S
1751335243,4,0.0,S
1751335243,4,0.0,S
1751335243,4,0.0,S
1912641094,4,0.0,N
1912641094,4,0.0,N
1912641094,4,0.0,N
1912641094,4,0.0,N
1912641094,4,0.0,N
2594220197,4,-6.994631632251114e-05,C
2594220197,4,-0.00045558047396598855,C
2594220197,4,0.00014934710214065117,C
2594220197,4,0.0004230615862402809,C
2594220197,4,-0.00020875406055498313,C
2734391750,4,0.0,C
2734391750,4,0.0,C
2734391750,4,0.0,C
2734391750,4,0.0,C
2734391750,4,0.0,C
2832976762,4,0.0034771460753889594,C
2832976762,4,-0.0025545088437485264,C
2832976762,4,0.0011078272948027434,C
2832976762,4,0.0029366460391527793,C
2832976762,4,0.006426083412107264,C
2843970853,4,-7.149424654706582e-05,C
2843970853,4,-8.088899384972592e-05,C
2843970853,4,2.5969209347498357e-05,C
2843970853,4,-7.789292535043124e-05,C
2843970853,4,-9.56249517007901e-05,C
3120784405,4,0.00011961653975134379,C
3120784405,4,0.00029007381595302917,C
3120784405,4,0.000705404925683828,C
3120784405,4,0.0003529058599636148,C
3120784405,4,0.0004084747707417957,C
3263463138,4,0.0,C
3263463138,4,0.0,C
3263463138,4,0.0,C
3263463138,4,0.0,C
3263463138,4,0.0,C
3305781483,4,0.0,C
3305781483,4,0.0,C
3305781483,4,0.0,C
3305781483,4,0.0,C
3305781483,4,0.0,C
3848534832,4,0.00025107345517205726,C
3848534832,4,-0.0001554942152889316,C
3848534832,4,0.0007323588859203811,C
3848534832,4,0.0006752421021959387,C
3848534832,4,0.0006835692213205125,C
3884454603,4,-3.9264634806301935e-05,C
3884454603,4,0.00044851238937559934,C
3884454603,4,0.0008728983715188265,C
3884454603,4,0.0006329067352897066,C
3884454603,4,0.0005969204233352565,C
4257302536,4,4.353691435221574e-05,N
4257302536,4,0.0004716005310195781,N
4257302536,4,0.0008205620025095728,N
4257302536,4,0.0005495154313281958,N
4257302536,4,-7.542870178078864e-05,N
2246703798,4,0.004374955877680775,C
2246703798,4,0.0021444189882284803,C
2246703798,4,0.0017438648507961396,C
2246703798,4,0.003792138837262149,C
2246703798,4,-0.0006025316293861716,C
2246997334,4,0.0010430551290778745,C
2246997334,4,-0.00012738157446434695,C
2246997334,4,0.0005437957922422854,C
2246997334,4,-0.0014134328947634778,C
2246997334,4,-0.002964331333043857,C
36538691,4,0.0007863852254599291,C
36538691,4,-0.00015478549822312004,C
36538691,4,-0.00015775248681315635,C
36538691,4,0.00032909083003462847,C
36538691,4,-1.1671117842282364e-05,C
435232729,4,-8.942175822268528e-05,N
435232729,4,-0.0014037962301407525,N
435232729,4,0.00023336645659399746,N
435232729,4,-0.0010063711174449486,N
435232729,4,-0.0015644982995050016,N
553412256,4,0.000987175223200576,C
553412256,4,0.0005907705143047837,C
553412256,4,0.0005836214277356033,C
553412256,4,0.0009210498627363339,C
553412256,4,0.0014499737794916312,C
723026879,4,0.0,C
723026879,4,0.0,C
723026879,4,0.0,C
723026879,4,0.0,C
723026879,4,0.0,C
725322217,4,0.0019304370453843145,C
725322217,4,0.002191179507297636,C
725322217,4,0.004234298108963475,C
725322217,4,0.00112132454251046,C
725322217,4,0.0011570524864933374,C
741451336,4,0.0,N
741451336,4,0.0,N
741451336,4,0.0,N
741451336,4,0.0,N
741451336,4,0.0,N
1083852209,4,0.0018624426728970356,N
1083852209,4,0.004372227966544462,N
1083852209,4,0.003938574915752224,N
1083852209,4,0.004884073708020797,N
1083852209,4,0.0029966587681674595,N
1445852595,4,0.0004995305504474912,C
1445852595,4,-0.0001100198366028593,C
1445852595,4,-0.0027253722041171713,C
1445852595,4,-0.0012400645469518023,C
1445852595,4,-0.001898314866652151,C
2353112200,4,0.017464651006501408,C
2353112200,4,0.021056239220567097,C
2353112200,4,0.014101660443739394,C
2353112200,4,0.009187672416081094,C
2353112200,4,0.023131509773464787,C
2459741777,4,-0.0001293349205875316,O
2459741777,4,0.00046438832606487956,O
2459741777,4,0.00015562247801659268,O
2459741777,4,0.0002577499759480739,O
2459741777,4,0.00013614349386525948,O
2463614838,4,0.0003361865479715176,C
2463614838,4,-0.00015847896903919967,C
2463614838,4,-0.00023256017892903103,C
2463614838,4,-0.0004004685694327659,C
2463614838,4,0.0006701518369555126,C
2858133368,4,0.0,C
2858133368,4,0.0,C
2858133368,4,0.0,C
2858133368,4,0.0,C
2858133368,4,0.0,C
3162837314,4,-0.001337798173568161,C
3162837314,4,0.0011971329637893158,C
3162837314,4,0.0014648539652521997,C
3162837314,4,0.003241925517213362,C
3162837314,4,-0.00021917347602795623,C
3696402029,4,0.0005406221509819398,C
3696402029,4,-0.0011615066792869388,C
3696402029,4,-0.00021081495216868085,C
3696402029,4,-0.0012625341503480492,C
3696402029,4,-0.003117684369531637,C
174629429,4,0.0,C
174629429,4,0.0,C
174629429,4,0.0,C
174629429,4,0.0,C
174629429,4,0.0,C
659845977,4,0.0,N
659845977,4,0.0,N
659845977,4,0.0,N
659845977,4,0.0,N
659845977,4,0.0,N
668520641,4,0.0,C
668520641,4,0.0,C
668520641,4,0.0,C
668520641,4,0.0,C
668520641,4,0.0,C
857468449,4,0.0,N
857468449,4,0.0,N
857468449,4,0.0,N
857468449,4,0.0,N
857468449,4,0.0,N
974827889,4,0.0006974811490116917,C
974827889,4,0.0005463619654756391,C
974827889,4,0.0004587837701361952,C
974827889,4,0.00037458931092115844,C
974827889,4,0.0003527701199822486,C
1214060489,4,-0.00015989447760189623,C
1214060489,4,-6.091641835259676e-05,C
1214060489,4,-0.00010863107156899865,C
1214060489,4,-9.026468186357217e-05,C
1214060489,4,-0.00013507443527105423,C
1807808053,4,0.0,C
1807808053,4,0.0,C
1807808053,4,0.0,C
1807808053,4,0.0,C
1807808053,4,0.0,C
2000644822,4,0.0,C
2000644822,4,0.0,C
2000644822,4,0.0,C
2000644822,4,0.0,C
2000644822,4,0.0,C
2064813323,4,0.0,C
2064813323,4,0.0,C
2064813323,4,0.0,C
2064813323,4,0.0,C
2064813323,4,0.0,C
2068878394,4,0.0,C
2068878394,4,0.0,C
2068878394,4,0.0,C
2068878394,4,0.0,C
2068878394,4,0.0,C
2300762321,4,0.0010533748722960645,N
2300762321,4,-0.00022427671625591117,N
2300762321,4,-0.0006888988330725487,N
2300762321,4,0.002774858226429533,N
2300762321,4,0.0010893032906011957,N
2763854213,4,-0.00047274840138367136,C
2763854213,4,0.00747170161893751,C
2763854213,4,-0.00367122163760214,C
2763854213,4,-0.0026385550579981487,C
2763854213,4,-0.0034296379409886057,C
2944555726,4,-0.008041068157573217,C
2944555726,4,-0.006346432647400091,C
2944555726,4,-0.004402591020401414,C
2944555726,4,0.0008280861240512749,C
2944555726,4,-0.005660511828826875,C
3230769595,4,0.0,C
3230769595,4,0.0,C
3230769595,4,0.0,C
3230769595,4,0.0,C
3230769595,4,0.0,C
3254171083,4,0.0,C
3254171083,4,0.0,C
3254171083,4,0.0,C
3254171083,4,0.0,C
3254171083,4,0.0,C
3345491492,4,0.0,N
3345491492,4,0.0,N
3345491492,4,0.0,N
3345491492,4,0.0,N
3345491492,4,0.0,N
3372254436,4,0.0,O
3372254436,4,0.0,O
3372254436,4,0.0,O
3372254436,4,0.0,O
3372254436,4,0.0,O
3432195425,4,0.0,N
3432195425,4,0.0,N
3432195425,4,0.0,N
3432195425,4,0.0,N
3432195425,4,0.0,N
3598064087,4,0.00029872473419600976,C
3598064087,4,-0.000148879149638792,C
3598064087,4,0.0004719424006383033,C
3598064087,4,-0.00020973886274400222,C
3598064087,4,2.7673888436385852e-05,C
3750444818,4,0.00022142838480943006,C
3750444818,4,0.0008318490960576019,C
3750444818,4,0.0005598040973122664,C
3750444818,4,-0.0002280232286199224,C
3750444818,4,-0.0001647762152110488,C
3869083168,4,0.0,C
3869083168,4,0.0,C
3869083168,4,0.0,C
3869083168,4,0.0,C
3869083168,4,0.0,C
4216335232,4,0.020401313496574813,C
4216335232,4,0.024391216209310618,C
4216335232,4,0.0156357060638167,C
4216335232,4,0.013132209406743311,C
4216335232,4,0.01566440796405666,C
4256524850,4,-0.0009342712222942806,C
4256524850,4,-0.0008505925497752642,C
4256524850,4,-0.00196013032413056,C
4256524850,4,-0.0017493817991283134,C
4256524850,4,-0.0012845045168335956,C
458195553,4,0.0,N
458195553,4,0.0,N
458195553,4,0.0,N
458195553,4,0.0,N
458195553,4,0.0,N
600629739,4,0.000919638021913527,N
600629739,4,0.0012409885851253355,N
600629739,4,0.0015888099427261437,N
600629739,4,0.001064624511414869,N
600629739,4,0.002478027271079486,N
694069322,4,-0.00082423854224567,N
694069322,4,-0.00017499431083478623,N
694069322,4,0.000570511131483542,N
694069322,4,-0.0001496686377467915,N
694069322,4,-0.0004289736316294146,N
1362518133,4,1.6494795068044965e-05,N
1362518133,4,0.0002276761522909121,N
1362518133,4,9.755476819484077e-05,N
1362518133,4,5.477308428569749e-05,N
1362518133,4,-4.1491440891716636e-05,N
2720313463,4,0.00010518801002945555,C
2720313463,4,-0.0021094660333117465,C
2720313463,4,-0.0023464068475954614,C
2720313463,4,-0.0041557723372313005,C
2720313463,4,-0.004778517420592543,C
3315826729,4,0.001519695013505462,C
3315826729,4,0.0007608689842392158,C
3315826729,4,0.0003171476335720458,C
3315826729,4,0.0027895987624666496,C
3315826729,4,0.0013660326186776262,C
3596485316,4,0.0021627517171789457,C
3596485316,4,0.0011464761905652932,C
3596485316,4,0.0002126177490792136,C
3596485316,4,0.0019539738414101615,C
3596485316,4,0.0006385416209265804,C
3918336191,4,-0.0004081287289453561,C
3918336191,4,0.0002675918935161059,C
3918336191,4,0.00020171733229579214,C
3918336191,4,-0.0006592783572899608,C
3918336191,4,0.000224634512673072,C
3995043796,4,1.3500449584813445e-05,C
3995043796,4,0.0007970222988612496,C
3995043796,4,-0.0011875352294076214,C
3995043796,4,0.0003558881482595977,C
3995043796,4,3.5307903219816694e-05,C
4164236649,4,0.0006405440808763263,C
4164236649,4,-9.080019152785113e-06,C
4164236649,4,0.002043375011204107,C
4164236649,4,0.002524535297033781,C
4164236649,4,0.00021984573940225793,C
217962118,4,0.0,C
217962118,4,0.0,C
217962118,4,0.0,C
217962118,4,0.0,C
217962118,4,0.0,C
521507416,4,0.0,C
521507416,4,0.0,C
521507416,4,0.0,C
521507416,4,0.0,C
521507416,4,0.0,C
797194079,4,2.0377280192107605e-05,O
797194079,4,2.0377280192107605e-05,O
797194079,4,4.4711750876391676e-05,O
797194079,4,1.8042776133486704e-05,O
797194079,4,2.0377280192107605e-05,O
856123584,4,0.0,C
856123584,4,0.0,C
856123584,4,0.0,C
856123584,4,0.0,C
856123584,4,0.0,C
885026269,4,-0.00021596033807014248,C
885026269,4,-0.0001552595216746111,C
885026269,4,-0.000799482110333205,C
885026269,4,-0.00035304774583422294,C
885026269,4,-0.0008518528828448391,C
895118200,4,0.0,N
895118200,4,0.0,N
895118200,4,0.0,N
895118200,4,0.0,N
895118200,4,0.0,N
1442940596,4,0.0,N
1442940596,4,0.0,N
1442940596,4,0.0,N
1442940596,4,0.0,N
1442940596,4,0.0,N
1444177117,4,0.0,C
1444177117,4,0.0,C
1444177117,4,0.0,C
1444177117,4,0.0,C
1444177117,4,0.0,C
1728247164,4,0.0,C
1728247164,4,0.0,C
1728247164,4,0.0,C
1728247164,4,0.0,C
1728247164,4,0.0,C
1819912581,4,-0.000948997874278712,C
1819912581,4,-0.0009793785193306093,C
1819912581,4,-0.0007197726010689243,C
1819912581,4,-0.000690867714671195,C
1819912581,4,-0.0008404011255621624,C
2146359984,4,0.0,C
2146359984,4,0.0,C
2146359984,4,0.0,C
2146359984,4,0.0,C
2146359984,4,0.0,C
2386884508,4,0.0,C
2386884508,4,0.0,C
2386884508,4,0.0,C
2386884508,4,0.0,C
2386884508,4,0.0,C
2560252747,4,-0.00013568796054697074,C
2560252747,4,0.0003362655824914462,C
2560252747,4,-0.0016606787428309344,C
2560252747,4,0.0012032111849077376,C
2560252747,4,-0.0006150624980573172,C
2798699798,4,0.0,C
2798699798,4,0.0,C
2798699798,4,0.0,C
2798699798,4,0.0,C
2798699798,4,0.0,C
2931878080,4,0.0,C
2931878080,4,0.0,C
2931878080,4,0.0,C
2931878080,4,0.0,C
2931878080,4,0.0,C
2984966880,4,0.011846921688305034,C
2984966880,4,0.007621174099086803,C
2984966880,4,0.007038684388958383,C
2984966880,4,0.006287689934236673,C
2984966880,4,0.011700870975744682,C
3037937276,4,0.0,C
3037937276,4,0.0,C
3037937276,4,0.0,C
3037937276,4,0.0,C
3037937276,4,0.0,C
3248686995,4,0.00012888531974863948,C
3248686995,4,-0.00030678435151276773,C
3248686995,4,-0.0008947581332173771,C
3248686995,4,-0.000408233604598629,C
3248686995,4,-0.0010719575838482598,C
3276799575,4,0.0,N
3276799575,4,0.0,N
3276799575,4,0.0,N
3276799575,4,0.0,N
3276799575,4,0.0,N
3280857178,4,0.0,N
3280857178,4,0.0,N
3280857178,4,0.0,N
3280857178,4,0.0,N
3280857178,4,0.0,N
3289231689,4,0.0,C
3289231689,4,0.0,C
3289231689,4,0.0,C
3289231689,4,0.0,C
3289231689,4,0.0,C
3617179377,4,0.0,C
3617179377,4,0.0,C
3617179377,4,0.0,C
3617179377,4,0.0,C
3617179377,4,0.0,C
3726546016,4,0.0,N
3726546016,4,0.0,N
3726546016,4,0.0,N
3726546016,4,0.0,N
3726546016,4,0.0,N
3733987795,4,0.0,C
3733987795,4,0.0,C
3733987795,4,0.0,C
3733987795,4,0.0,C
3733987795,4,0.0,C
4210576319,4,0.0,N
4210576319,4,0.0,N
4210576319,4,0.0,N
4210576319,4,0.0,N
4210576319,4,0.0,N
4261830945,4,-0.0013519555061624056,C
4261830945,4,-0.00020947869578280542,C
4261830945,4,-0.00016221244955583192,C
4261830945,4,0.0005863298115230675,C
4261830945,4,0.0022352374308794998,C
190140222,4,0.0003413469388870993,N
190140222,4,0.0003663900925325869,N
190140222,4,0.0008224119619036907,N
190140222,4,0.00039637175455864426,N
190140222,4,0.003249235609304346,N
1228815484,4,-0.0007988507453308147,C
1228815484,4,-0.0005480034739372419,C
1228815484,4,0.0012320058511570142,C
1228815484,4,-0.0007819646319503493,C
1228815484,4,-0.0003267913411486578,C
1858577693,4,0.0,C
1858577693,4,0.0,C
1858577693,4,0.0,C
1858577693,4,0.0,C
1858577693,4,0.0,C
2212573984,4,-0.0010342728354635344,S
2212573984,4,0.0025874876692718596,S
2212573984,4,0.0012569510807846074,S
2212573984,4,0.005159395370651021,S
2212573984,4,0.00430174793337601,S
3461773897,4,0.00011022602238264234,N
3461773897,4,0.002050430796222691,N
3461773897,4,0.0005744902686756204,N
3461773897,4,0.0020484452930935593,N
3461773897,4,0.0016781721014851314,N
597336504,4,0.0,C
597336504,4,0.0,C
597336504,4,0.0,C
597336504,4,0.0,C
597336504,4,0.0,C
1349611886,4,0.0,N
1349611886,4,0.0,N
1349611886,4,0.0,N
1349611886,4,0.0,N
1349611886,4,0.0,N
1352399629,4,0.002713088885466841,O
1352399629,4,-0.001083926126270729,O
1352399629,4,0.0006494057645747287,O
1352399629,4,0.001720005609079589,O
1352399629,4,-0.0003968281804385132,O
1646750527,4,-0.0004027783271209895,C
1646750527,4,-0.0003608648451619567,C
1646750527,4,-0.00035050016270243844,C
1646750527,4,-0.0003578668660093598,C
1646750527,4,-0.00011497067128185545,C
1713195601,4,0.0,C
1713195601,4,0.0,C
1713195601,4,0.0,C
1713195601,4,0.0,C
1713195601,4,0.0,C
1854031727,4,0.0,C
1854031727,4,0.0,C
1854031727,4,0.0,C
1854031727,4,0.0,C
1854031727,4,0.0,C
2090654641,4,0.0,C
2090654641,4,0.0,C
2090654641,4,0.0,C
2090654641,4,0.0,C
2090654641,4,0.0,C
3372972590,4,0.0003725796822322547,N
3372972590,4,0.0003291181173553648,N
3372972590,4,0.0003193773368470598,N
3372972590,4,0.00021851237080505737,N
3372972590,4,-0.0002363620197808336,N
3480777078,4,0.0,C
3480777078,4,0.0,C
3480777078,4,0.0,C
3480777078,4,0.0,C
3480777078,4,0.0,C
3741881293,4,-0.0003327156302773693,C
3741881293,4,-0.000358327062896735,C
3741881293,4,8.464049621670355e-05,C
3741881293,4,-0.0003070044685199447,C
3741881293,4,-0.0002356547146958876,C
3966612213,4,0.0,S
3966612213,4,0.0,S
3966612213,4,0.0,S
3966612213,4,0.0,S
3966612213,4,0.0,S
4182960975,4,0.0,C
4182960975,4,0.0,C
4182960975,4,0.0,C
4182960975,4,0.0,C
4182960975,4,-0.00019469416815443008,C
3189457552,4,0.00957563564134356,O
3189457552,4,0.006281263999097453,O
3189457552,4,0.005533791598744231,O
3189457552,4,0.0069792378663589005,O
3189457552,4,-0.0005684724953296527,O
254000342,4,0.0,O
254000342,4,0.0,O
254000342,4,0.0,O
254000342,4,0.0,O
254000342,4,0.0,O
1257718710,4,-0.0001687355650628053,C
1257718710,4,-9.263663111824805e-06,C
1257718710,4,-4.952475378616761e-05,C
1257718710,4,6.684474919493866e-05,C
1257718710,4,-0.00028821304871118336,C
1634606847,4,-0.003220819030842814,N
1634606847,4,0.0016828458061810547,N
1634606847,4,-0.002211791940218366,N
1634606847,4,0.0008853674592298466,N
1634606847,4,0.0015563942438722167,N
2251845666,4,0.000286607715597631,C
2251845666,4,0.00022049835219128955,C
2251845666,4,8.310541937217586e-05,C
2251845666,4,0.00015163668936879482,C
2251845666,4,-0.00011537575093401031,C
2994748777,4,-0.0009835909658794106,C
2994748777,4,-0.0007786134280065582,C
2994748777,4,0.00017738871362371622,C
2994748777,4,-0.0005644900756975879,C
2994748777,4,-0.0004199632356745031,C
3203709451,4,0.0008095716297711331,O
3203709451,4,0.0011777773669859881,O
3203709451,4,0.0011418045580706693,O
3203709451,4,8.436899317953994e-06,O
3203709451,4,4.3669795602663264e-05,O
3254486562,4,0.0008205789427652155,C
3254486562,4,0.00015472650522707632,C
3254486562,4,-0.00019986096716839707,C
3254486562,4,-0.000892596212615393,C
3254486562,4,0.00045188125094708376,C
3308404410,4,0.00043863423090506615,C
3308404410,4,0.000327793962620726,C
3308404410,4,0.0003213173120394375,C
3308404410,4,0.0007036021015434102,C
3308404410,4,0.0005441507177836868,C
3346539298,4,0.001857074744359699,N
3346539298,4,0.0013847474043241492,N
3346539298,4,0.0012853647180347538,N
3346539298,4,0.0009933525465865012,N
3346539298,4,0.0027463147378199437,N
3460898310,4,-0.0004755849133754042,N
3460898310,4,-0.005085934108156387,N
3460898310,4,-0.000880601792771829,N
3460898310,4,-0.006664587588429027,N
3460898310,4,-0.0016595639515099014,N
3820826669,4,0.003955039976712316,C
3820826669,4,0.002261959137470626,C
3820826669,4,0.004951801077057061,C
3820826669,4,0.0038653284668378474,C
3820826669,4,0.005422511991787227,C
4008337421,4,-0.000843393376390722,C
4008337421,4,-0.0013068666471812707,C
4008337421,4,-0.0003138683094411343,C
4008337421,4,0.0001281204164612637,C
4008337421,4,0.0002598665569311098,C
38514050,4,-0.00012945646809947586,C
38514050,4,-4.272592715592882e-05,C
38514050,4,-0.00012782641791064808,C
38514050,4,-0.00012782641791064808,C
38514050,4,-0.00012782641791064808,C
116811903,4,0.0,N
116811903,4,0.0,N
116811903,4,0.0,N
116811903,4,0.0,N
116811903,4,0.0,N
312306367,4,0.00017665713080883272,C
312306367,4,0.0006967158989967803,C
312306367,4,-0.0007959067608803716,C
312306367,4,-0.0002752267994611257,C
312306367,4,0.0014017443225498027,C
461775698,4,0.0,C
461775698,4,0.0,C
461775698,4,0.0,C
461775698,4,0.0,C
461775698,4,0.0,C
473978627,4,-0.00022542595294106071,C
473978627,4,-0.00013867130877620593,C
473978627,4,9.723655897997396e-05,C
473978627,4,-0.0005591675792565587,C
473978627,4,-0.00020080054063364994,C
619920801,4,-0.00040520576229530203,C
619920801,4,-0.000658040828586226,C
619920801,4,0.00022719422121508792,C
619920801,4,-6.29737061035307e-05,C
619920801,4,-0.00018585429441964063,C
714893496,4,-0.000737928176529401,C
714893496,4,-0.000759802820401001,C
714893496,4,-0.0006915205280086933,C
714893496,4,-0.0005968191966592151,C
714893496,4,-0.0007790606794119137,C
717151242,4,3.372380989796753e-05,O
717151242,4,-0.0001789020664810792,O
717151242,4,-3.161332635304159e-05,O
717151242,4,1.6516789205223148e-06,O
717151242,4,0.0001166966928041191,O
910450790,4,0.0012208591272676594,C
910450790,4,0.0012622823040920883,C
910450790,4,5.221055023074683e-05,C
910450790,4,0.0008858936610262047,C
910450790,4,-0.0005307901731125275,C
965146774,4,0.0,N
965146774,4,0.0,N
965146774,4,0.0,N
965146774,4,0.0,N
965146774,4,0.0,N
1081197576,4,0.0,C
1081197576,4,0.0,C
1081197576,4,0.0,C
1081197576,4,0.0,C
1081197576,4,0.0,C
1222631225,4,-3.9061130713835546e-05,C
1222631225,4,-0.00011889077277871252,C
1222631225,4,-5.5309214286980435e-05,C
1222631225,4,-5.5309214286980435e-05,C
1222631225,4,-4.695575629087845e-05,C
1503972698,4,0.0002443101044956597,C
1503972698,4,0.0002443101044956597,C
1503972698,4,0.0002443101044956597,C
1503972698,4,0.0002443101044956597,C
1503972698,4,0.0002443101044956597,C
1556668346,4,-0.00020330094361287188,N
1556668346,4,-9.862279174666089e-05,N
1556668346,4,-0.00011133353108661037,N
1556668346,4,-0.00014114634828488182,N
1556668346,4,-0.0001490184005698003,N
1775767796,4,0.0,C
1775767796,4,0.0,C
1775767796,4,0.0,C
1775767796,4,0.0,C
1775767796,4,0.0,C
1823366930,4,0.0,C
1823366930,4,0.0,C
1823366930,4,0.0,C
1823366930,4,0.0,C
1823366930,4,0.0,C
1989685697,4,0.0,C
1989685697,4,0.0,C
1989685697,4,0.0,C
1989685697,4,0.0,C
1989685697,4,0.0,C
2018628328,4,0.0,C
2018628328,4,0.0,C
2018628328,4,0.0,C
2018628328,4,0.0,C
2018628328,4,0.0,C
2058492642,4,0.0,N
2058492642,4,0.0,N
2058492642,4,0.0,N
2058492642,4,0.0,N
2058492642,4,0.0,N
2180419430,4,0.0,O
2180419430,4,0.0,O
2180419430,4,0.0,O
2180419430,4,0.0,O
2180419430,4,0.0,O
2353583745,4,-0.00011179269828853755,C
2353583745,4,3.763060964845355e-05,C
2353583745,4,3.827208278628369e-06,C
2353583745,4,-3.593012276259522e-06,C
2353583745,4,5.717752695155731e-05,C
2409362763,4,0.0,N
2409362763,4,0.0,N
2409362763,4,0.0,N
2409362763,4,0.0,N
2409362763,4,0.0,N
2498219816,4,0.0,C
2498219816,4,0.0,C
2498219816,4,0.0,C
2498219816,4,0.0,C
2498219816,4,0.0,C
2509211297,4,-0.0008466368901239862,C
2509211297,4,-0.0026549315587500733,C
2509211297,4,-0.002369765315456296,C
2509211297,4,-0.0010337189045356299,C
2509211297,4,-0.0016195796702268561,C
2682881773,4,0.0,C
2682881773,4,0.0,C
2682881773,4,0.0,C
2682881773,4,0.0,C
2682881773,4,0.0,C
3292898205,4,0.0,C
3292898205,4,0.0,C
3292898205,4,0.0,C
3292898205,4,0.0,C
3292898205,4,0.0,C
3431531268,4,0.0,O
3431531268,4,0.0,O
3431531268,4,0.0,O
3431531268,4,0.0,O
3431531268,4,0.0,O
3888780669,4,0.0010281225076123057,O
3888780669,4,0.0010376131054196103,O
3888780669,4,0.0028156740470152153,O
3888780669,4,0.0017770687062231838,O
3888780669,4,-0.0001582006309555073,O
3950788475,4,0.0,C
3950788475,4,0.0,C
3950788475,4,0.0,C
3950788475,4,0.0,C
3950788475,4,0.0,C
3983190549,4,0.0,C
3983190549,4,0.0,C
3983190549,4,0.0,C
3983190549,4,0.0,C
3983190549,4,0.0,C
4055698890,4,-0.0013044907164236896,N
4055698890,4,-0.0018980186647957753,N
4055698890,4,7.597512230028691e-05,N
4055698890,4,-0.0017776907123688845,N
4055698890,4,0.0005409933280435819,N
4129558839,4,-0.00015232055326008798,N
4129558839,4,-0.0001033157824957831,N
4129558839,4,-9.237514022109039e-05,N
4129558839,4,0.00011415185784313664,N
4129558839,4,-0.00016111946370134245,N
472281497,4,1.0132166168741463e-05,C
472281497,4,7.392678800599572e-05,C
472281497,4,1.9520327483646405e-05,C
472281497,4,3.304829431227674e-07,C
472281497,4,-3.235248441657568e-05,C
1136130381,4,7.280293948563887e-05,C
1136130381,4,-0.00011696666775318221,C
1136130381,4,-5.05976571820721e-05,C
1136130381,4,0.00010859935015561373,C
1136130381,4,-0.0001430537831769163,C
1198890718,4,0.0,C
1198890718,4,0.0,C
1198890718,4,0.0,C
1198890718,4,0.0,C
1198890718,4,0.0,C
2297887526,4,0.0008356936727064168,N
2297887526,4,-7.176622198890037e-05,N
2297887526,4,0.001223550940120166,N
2297887526,4,0.0010011052514482532,N
2297887526,4,-7.1624538654502246e-06,N
2355446912,4,0.0005505513627872549,C
2355446912,4,0.00033772534738585325,C
2355446912,4,0.0002509860670427688,C
2355446912,4,0.0002556589020460409,C
2355446912,4,0.0005084192123039344,C
2752034647,4,-0.00030427993706783063,C
2752034647,4,-0.00023147334412998433,C
2752034647,4,0.00038454211097838087,C
2752034647,4,4.1161482888241174e-05,C
2752034647,4,3.044833414045378e-05,C
3124581743,4,-0.002972403986498229,C
3124581743,4,-0.0005279402309210646,C
3124581743,4,-9.097548409209288e-05,C
3124581743,4,0.0006668707566771515,C
3124581743,4,0.0003647332477213494,C
3594646603,4,0.0002837925056640156,C
3594646603,4,9.759822840638144e-05,C
3594646603,4,0.0014655202508796483,C
3594646603,4,0.00033796563563393,C
3594646603,4,0.0013110045572144458,C
3776905034,4,-5.354212196539976e-05,C
3776905034,4,0.00031446806917601045,C
3776905034,4,0.00022027735176644025,C
3776905034,4,-0.0008175210897924945,C
3776905034,4,0.0008077817286140654,C
332862697,4,0.0,C
332862697,4,0.0,C
332862697,4,0.0,C
332862697,4,0.0,C
332862697,4,0.0,C
428372179,4,0.0,N
428372179,4,0.0,N
428372179,4,0.0,N
428372179,4,0.0,N
428372179,4,0.0,N
451709826,4,0.0,N
451709826,4,0.0,N
451709826,4,0.0,N
451709826,4,0.0,N
451709826,4,0.0,N
793325400,4,0.0,N
793325400,4,0.0,N
793325400,4,0.0,N
793325400,4,0.0,N
793325400,4,0.0,N
809897358,4,0.0,C
809897358,4,0.0,C
809897358,4,0.0,C
809897358,4,0.0,C
809897358,4,0.0,C
1050073333,4,0.0,O
1050073333,4,0.0,O
1050073333,4,0.0,O
1050073333,4,0.0,O
1050073333,4,0.0,O
1223222526,4,0.0,C
1223222526,4,0.0,C
1223222526,4,0.0,C
1223222526,4,0.0,C
1223222526,4,0.0,C
1243474785,4,0.0,C
1243474785,4,0.0,C
1243474785,4,0.0,C
1243474785,4,0.0,C
1243474785,4,0.0,C
1330234599,4,0.0,N
1330234599,4,0.0,N
1330234599,4,0.0,N
1330234599,4,0.0,N
1330234599,4,0.0,N
1584334386,4,0.0,N
1584334386,4,0.0,N
1584334386,4,0.0,N
1584334386,4,0.0,N
1584334386,4,0.0,N
2055666925,4,0.0,C
2055666925,4,0.0,C
2055666925,4,0.0,C
2055666925,4,0.0,C
2055666925,4,0.0,C
2127647960,4,0.0,C
2127647960,4,0.0,C
2127647960,4,0.0,C
2127647960,4,0.0,C
2127647960,4,0.0,C
2240978772,4,0.0,C
2240978772,4,0.0,C
2240978772,4,0.0,C
2240978772,4,0.0,C
2240978772,4,0.0,C
2427036066,4,0.0,C
2427036066,4,0.0,C
2427036066,4,0.0,C
2427036066,4,0.0,C
2427036066,4,0.0,C
2578122382,4,0.0,C
2578122382,4,0.0,C
2578122382,4,0.0,C
2578122382,4,0.0,C
2578122382,4,0.0,C
2772731088,4,0.0,C
2772731088,4,0.0,C
2772731088,4,0.0,C
2772731088,4,0.0,C
2772731088,4,0.0,C
3663265415,4,0.0,C
3663265415,4,0.0,C
3663265415,4,0.0,C
3663265415,4,0.0,C
3663265415,4,0.0,C
3903984365,4,0.0,C
3903984365,4,0.0,C
3903984365,4,0.0,C
3903984365,4,0.0,C
3903984365,4,0.0,C
3991689940,4,0.0,C
3991689940,4,0.0,C
3991689940,4,0.0,C
3991689940,4,0.0,C
3991689940,4,0.0,C
4011293459,4,-2.7104990962811826e-05,C
4011293459,4,-0.0007536310517660683,C
4011293459,4,-0.0007010769739059786,C
4011293459,4,0.00027183527153962217,C
4011293459,4,-0.0010062398757143542,C
4042217147,4,0.0,C
4042217147,4,0.0,C
4042217147,4,0.0,C
4042217147,4,0.0,C
4042217147,4,0.0,C
10565946,4,0.008663044700105926,O
10565946,4,0.009504365756962896,O
10565946,4,0.007609138614098954,O
10565946,4,0.011461736288328805,O
10565946,4,0.013305737406352547,O
603510687,4,-0.00021926868292809765,C
603510687,4,-0.0008796553832516318,C
603510687,4,-0.00016026879666442007,C
603510687,4,0.00038006102015231136,C
603510687,4,0.0002323844384911622,C
1007161414,4,0.0,C
1007161414,4,0.0,C
1007161414,4,0.0,C
1007161414,4,0.0,C
1007161414,4,0.0,C
1276993226,4,0.003625477713354197,C
1276993226,4,0.0019880638371621018,C
1276993226,4,0.004460556259874737,C
1276993226,4,0.0018005252147140771,C
1276993226,4,0.0009473531023977966,C
1510461303,4,0.0029854153642967507,C
1510461303,4,0.001999872983483364,C
1510461303,4,0.0003630907829422769,C
1510461303,4,0.00047225274251150307,C
1510461303,4,0.0021013817994337547,C
1824088295,4,0.0,C
1824088295,4,0.0,C
1824088295,4,0.0,C
1824088295,4,0.0,C
1824088295,4,0.0,C
1842898132,4,0.0055036481962432715,C
1842898132,4,0.002821993177685056,C
1842898132,4,0.0021250543186817072,C
1842898132,4,0.004889638543004282,C
1842898132,4,0.003223836138106284,C
1923187777,4,0.001192276575402218,N
1923187777,4,0.0007613802202475206,N
1923187777,4,0.001034958478275727,N
1923187777,4,0.0012800526480155616,N
1923187777,4,0.0008418370555978161,N
2510215966,4,-4.661525946092482e-05,C
2510215966,4,-4.008351653872477e-05,C
2510215966,4,0.0008278207601549736,C
2510215966,4,0.0008642178837383607,C
2510215966,4,-0.0005288422829923256,C
3012865236,4,0.0008305953780282094,N
3012865236,4,0.000139661510643041,N
3012865236,4,-0.00030039371334333875,N
3012865236,4,0.0002892372473763949,N
3012865236,4,-0.0011433837628298527,N
3334525955,4,0.00024180125210171433,C
3334525955,4,0.00024864264633839284,C
3334525955,4,0.00036483197385650534,C
3334525955,4,0.00021379891712891563,C
3334525955,4,0.0002707302187714422,C
4142616092,4,0.0,C
4142616092,4,0.0,C
4142616092,4,0.0,C
4142616092,4,0.0,C
4142616092,4,0.0,C
4292539202,4,0.0,C
4292539202,4,0.0,C
4292539202,4,0.0,C
4292539202,4,0.0,C
4292539202,4,0.0,C
28542897,4,0.0,N
28542897,4,0.0,N
28542897,4,0.0,N
28542897,4,0.0,N
28542897,4,0.0,N
323531961,4,0.0,C
323531961,4,0.0,C
323531961,4,0.0,C
323531961,4,0.0,C
323531961,4,0.0,C
398568954,4,0.0,C
398568954,4,0.0,C
398568954,4,0.0,C
398568954,4,0.0,C
398568954,4,0.0,C
468055343,4,-0.001294923187664776,C
468055343,4,-0.001314296306410223,C
468055343,4,-0.001603038310073357,C
468055343,4,-0.0015013673890986734,C
468055343,4,-0.0008592080942497748,C
663118487,4,0.0,C
663118487,4,0.0,C
663118487,4,0.0,C
663118487,4,0.0,C
663118487,4,0.0,C
696146905,4,0.0,C
696146905,4,0.0,C
696146905,4,0.0,C
696146905,4,0.0,C
696146905,4,0.0,C
714619592,4,0.0,C
714619592,4,0.0,C
714619592,4,0.0,C
714619592,4,0.0,C
714619592,4,0.0,C
800085213,4,1.4041015341303975e-05,C
800085213,4,-8.603418959340914e-05,C
800085213,4,-7.466664436428516e-05,C
800085213,4,-0.00018611731391882103,C
800085213,4,1.972501325298026e-05,C
1085715869,4,0.0,C
1085715869,4,0.0,C
1085715869,4,0.0,C
1085715869,4,0.0,C
1085715869,4,0.0,C
1099011003,4,0.0,C
1099011003,4,0.0,C
1099011003,4,0.0,C
1099011003,4,0.0,C
1099011003,4,0.0,C
1156796571,4,0.0,N
1156796571,4,0.0,N
1156796571,4,0.0,N
1156796571,4,0.0,N
1156796571,4,0.0,N
1923646266,4,0.0,C
1923646266,4,0.0,C
1923646266,4,0.0,C
1923646266,4,0.0,C
1923646266,4,0.0,C
2405245879,4,0.0,C
2405245879,4,0.0,C
2405245879,4,0.0,C
2405245879,4,0.0,C
2405245879,4,0.0,C
2513505929,4,-0.0003047754391219959,C
2513505929,4,-0.00018250361967175888,C
2513505929,4,-0.0001313416455396288,C
2513505929,4,-0.00015012597585339904,C
2513505929,4,-0.00014615395805328557,C
2514995658,4,0.0,C
2514995658,4,0.0,C
2514995658,4,0.0,C
2514995658,4,0.0,C
2514995658,4,0.0,C
2773066454,4,0.0,C
2773066454,4,0.0,C
2773066454,4,0.0,C
2773066454,4,0.0,C
2773066454,4,0.0,C
3507559179,4,0.0,C
3507559179,4,0.0,C
3507559179,4,0.0,C
3507559179,4,0.0,C
3507559179,4,0.0,C
3721278156,4,0.0,C
3721278156,4,0.0,C
3721278156,4,0.0,C
3721278156,4,0.0,C
3721278156,4,0.0,C
4105666400,4,0.00016537653869141966,C
4105666400,4,0.00022903561937137606,C
4105666400,4,0.00010097310113832414,C
4105666400,4,4.710026654353161e-05,C
4105666400,4,0.0003626317617348995,C
847433064,4,-0.0002337218271479813,N
847433064,4,0.0006324530660880567,N
847433064,4,-0.0004447108822365209,N
847433064,4,-0.0007227686214287266,N
847433064,4,-0.00010827989773620761,N
26234434,4,0.007154724176013705,O
26234434,4,0.005845652709148386,O
26234434,4,0.006588737326157723,O
26234434,4,0.004224302077839193,O
26234434,4,0.004451541665255299,O
64070612,4,0.001047326101347501,C
64070612,4,-0.0018298154827549595,C
64070612,4,0.0004857974401174525,C
64070612,4,-0.00025536562271488705,C
64070612,4,0.0011433172725184848,C
239116674,4,0.0,C
239116674,4,0.0,C
239116674,4,0.0,C
239116674,4,0.0,C
239116674,4,0.0,C
551287920,4,0.0024718959817003894,C
551287920,4,0.0014950233740479435,C
551287920,4,0.0035793892721699416,C
551287920,4,0.00358396783326842,C
551287920,4,0.002019443141048516,C
1999904870,4,0.0002512740937266056,C
1999904870,4,-0.0007203458511472194,C
1999904870,4,-0.0007249313850327122,C
1999904870,4,0.000304124955703422,C
1999904870,4,-0.00028812710144265896,C
2089117413,4,-0.0009328014191629652,C
2089117413,4,-8.6775351471724e-05,C
2089117413,4,0.00011436018223376365,C
2089117413,4,-0.0007068136973558126,C
2089117413,4,-0.000942062521123388,C
2551483158,4,-0.0006746267435789877,N
2551483158,4,0.00010530783066919902,N
2551483158,4,-0.0013982232192111255,N
2551483158,4,-0.0006434747353647463,N
2551483158,4,-0.00010244309816143105,N
3980805843,4,-0.00015255933486113538,C
3980805843,4,-0.00023985978839646815,C
3980805843,4,-6.609634446785861e-05,C
3980805843,4,2.2490041285294637e-05,C
3980805843,4,1.8625059246879516e-05,C
96001975,4,-0.0003182792916118782,C
96001975,4,-0.0005388621986337494,C
96001975,4,-0.00016684782112419416,C
96001975,4,-0.0003955576594264487,C
96001975,4,-5.251813943774053e-05,C
128750964,4,0.0,C
128750964,4,0.0,C
128750964,4,0.0,C
128750964,4,0.0,C
128750964,4,0.0,C
142531445,4,0.0001579918950039838,C
142531445,4,8.41818264061267e-05,C
142531445,4,0.00033256250258906217,C
142531445,4,0.0002254433941182299,C
142531445,4,0.00040986724781455486,C
214126897,4,-0.0007409954994309631,C
214126897,4,-0.0005218562056906739,C
214126897,4,-0.0006530185975657243,C
214126897,4,-0.0006646023262343315,C
214126897,4,-0.0010924475611846507,C
497870099,4,-0.0006353258634337333,C
497870099,4,5.539910696972239e-05,C
497870099,4,-0.0004661103634774344,C
497870099,4,-0.001343944055030577,C
497870099,4,-0.00039940483940037463,C
866262779,4,0.0,N
866262779,4,0.0,N
866262779,4,0.0,N
866262779,4,0.0,N
866262779,4,0.0,N
1163692816,4,-0.00021277541999775718,N
1163692816,4,-0.00019679052492671545,N
1163692816,4,-0.0002627359710554167,N
1163692816,4,-4.853936550297533e-05,N
1163692816,4,-0.0002389699486710084,N
1585902678,4,0.0,C
1585902678,4,0.0,C
1585902678,4,0.0,C
1585902678,4,0.0,C
1585902678,4,0.0,C
1754248939,4,0.0008685841906566072,C
1754248939,4,0.0025768957989327212,C
1754248939,4,0.0005192816260447541,C
1754248939,4,0.002169389590813142,C
1754248939,4,-0.0010762026894785004,C
2261474071,4,0.0,C
2261474071,4,0.0,C
2261474071,4,0.0,C
2261474071,4,0.0,C
2261474071,4,0.0,C
2744158313,4,0.0,C
2744158313,4,0.0,C
2744158313,4,0.0,C
2744158313,4,0.0,C
2744158313,4,0.0,C
2800885459,4,0.0,C
2800885459,4,0.0,C
2800885459,4,0.0,C
2800885459,4,0.0,C
2800885459,4,0.0,C
2841547777,4,-0.00027789670425548696,C
2841547777,4,0.0021954562017917345,C
2841547777,4,-0.0010911876169039658,C
2841547777,4,0.0015095338621745613,C
2841547777,4,-0.0015678866456653173,C
3209892106,4,0.0,N
3209892106,4,0.0,N
3209892106,4,0.0,N
3209892106,4,0.0,N
3209892106,4,0.0,N
3348622688,4,0.0,C
3348622688,4,0.0,C
3348622688,4,0.0,C
3348622688,4,0.0,C
3348622688,4,0.0,C
3594696610,4,8.767437250079002e-05,C
3594696610,4,-6.315519637312139e-05,C
3594696610,4,-0.0001718038111025999,C
3594696610,4,5.171186574104425e-05,C
3594696610,4,-0.0002479206273080514,C
2900982932,4,0.0,C
2900982932,4,0.0,C
2900982932,4,0.0,C
2900982932,4,0.0,C
2900982932,4,0.0,C
3118255683,4,0.00030886946840580354,N
3118255683,4,4.7264006281078075e-05,N
3118255683,4,-0.0003896922310498985,N
3118255683,4,0.0001949929277356155,N
3118255683,4,-7.303369529976234e-05,N
359077626,4,0.0,N
359077626,4,0.0,N
359077626,4,0.0,N
359077626,4,0.0,N
359077626,4,0.0,N
644322065,4,-0.0002049282218841153,C
644322065,4,0.0008586016584857248,C
644322065,4,-0.0013805469150733884,C
644322065,4,0.0016639908108120327,C
644322065,4,-0.0006755087102031654,C
895250610,4,0.0,C
895250610,4,0.0,C
895250610,4,0.0,C
895250610,4,0.0,C
895250610,4,0.0,C
1215492469,4,0.0,C
1215492469,4,0.0,C
1215492469,4,0.0,C
1215492469,4,0.0,C
1215492469,4,0.0,C
1349404210,4,0.001836551027690092,N
1349404210,4,-0.004253180834483894,N
1349404210,4,-0.0019039747241006433,N
1349404210,4,0.0013971651275500596,N
1349404210,4,-0.00020244902268484744,N
1399598682,4,0.0,N
1399598682,4,0.0,N
1399598682,4,0.0,N
1399598682,4,0.0,N
1399598682,4,0.0,N
1423775345,4,0.0,C
1423775345,4,0.0,C
1423775345,4,0.0,C
1423775345,4,0.0,C
1423775345,4,0.0,C
1443130335,4,0.0,C
1443130335,4,0.0,C
1443130335,4,0.0,C
1443130335,4,0.0,C
1443130335,4,0.0,C
1558658757,4,-8.820201391002147e-05,C
1558658757,4,-0.000846817538922795,C
1558658757,4,0.0016424614628792744,C
1558658757,4,-0.0007100374233844908,C
1558658757,4,0.00016055503973111396,C
1717044408,4,-0.0002547714952193525,C
1717044408,4,-0.0002744498907654158,C
1717044408,4,-0.00010613131694836575,C
1717044408,4,0.00036705201967779377,C
1717044408,4,6.119191658149337e-05,C
2486184522,4,0.0,C
2486184522,4,0.0,C
2486184522,4,0.0,C
2486184522,4,0.0,C
2486184522,4,0.0,C
2624111612,4,0.0,C
2624111612,4,0.0,C
2624111612,4,0.0,C
2624111612,4,0.0,C
2624111612,4,0.0,C
2987687375,4,-1.085066472283902e-05,C
2987687375,4,0.00018569730188799927,C
2987687375,4,0.00014087752847324886,C
2987687375,4,-0.00010545999424393937,C
2987687375,4,0.00016793092448375013,C
4029796037,4,0.0,C
4029796037,4,0.0,C
4029796037,4,0.0,C
4029796037,4,0.0,C
4029796037,4,0.0,C
4058119759,4,0.0,C
4058119759,4,0.0,C
4058119759,4,0.0,C
4058119759,4,0.0,C
4058119759,4,0.0,C
4101595700,4,0.0,C
4101595700,4,0.0,C
4101595700,4,0.0,C
4101595700,4,0.0,C
4101595700,4,0.0,C
571978829,4,-0.000493759924245385,C
571978829,4,0.00017686349130552337,C
571978829,4,-0.0001241149943304043,C
571978829,4,0.0005263011664499162,C
571978829,4,-0.001157932129790984,C
2284773903,4,-0.000426790999338178,C
2284773903,4,-5.292839746118272e-05,C
2284773903,4,0.00024966702212836367,C
2284773903,4,-0.000641438837619579,C
2284773903,4,-0.0001432981324852589,C
3042542132,4,0.0,N
3042542132,4,0.0,N
3042542132,4,0.0,N
3042542132,4,0.0,N
3042542132,4,0.0,N
4160330003,4,0.0,C
4160330003,4,0.0,C
4160330003,4,0.0,C
4160330003,4,0.0,C
4160330003,4,0.0,C
665262190,4,0.0,C
665262190,4,0.0,C
665262190,4,0.0,C
665262190,4,0.0,C
665262190,4,0.0,C
720253145,4,0.00011199015630125597,N
720253145,4,-0.00010981390620079523,N
720253145,4,4.722577514415516e-05,N
720253145,4,-0.00027979397849786647,N
720253145,4,5.4902361916076003e-05,N
780490489,4,0.0,C
780490489,4,0.0,C
780490489,4,0.0,C
780490489,4,0.0,C
780490489,4,0.0,C
979289493,4,0.0,C
979289493,4,0.0,C
979289493,4,0.0,C
979289493,4,0.0,C
979289493,4,0.0,C
1216311943,4,-0.00010559792370279375,C
1216311943,4,3.6287809883850386e-05,C
1216311943,4,0.00013657902388652943,C
1216311943,4,-0.00010192360784322396,C
1216311943,4,-0.00010765614427132864,C
1685931278,4,0.0,C
1685931278,4,0.0,C
1685931278,4,0.0,C
1685931278,4,0.0,C
1685931278,4,0.0,C
1869728514,4,0.0,C
1869728514,4,0.0,C
1869728514,4,0.0,C
1869728514,4,0.0,C
1869728514,4,0.0,C
2067855442,4,0.0,C
2067855442,4,0.0,C
2067855442,4,0.0,C
2067855442,4,0.0,C
2067855442,4,0.0,C
2619833740,4,0.0,C
2619833740,4,0.0,C
2619833740,4,0.0,C
2619833740,4,0.0,C
2619833740,4,0.0,C
2781567920,4,0.0,C
2781567920,4,0.0,C
2781567920,4,0.0,C
2781567920,4,0.0,C
2781567920,4,0.0,C
3157481675,4,-0.00018990930885964818,C
3157481675,4,-0.0012336133414905248,C
3157481675,4,-0.0011576737614725774,C
3157481675,4,-0.00022521176663592435,C
3157481675,4,-0.0009658326892582059,C
3163484390,4,0.0,N
3163484390,4,0.0,N
3163484390,4,0.0,N
3163484390,4,0.0,N
3163484390,4,0.0,N
3460418063,4,0.0,C
3460418063,4,0.0,C
3460418063,4,0.0,C
3460418063,4,0.0,C
3460418063,4,0.0,C
3567332457,4,0.0,C
3567332457,4,0.0,C
3567332457,4,0.0,C
3567332457,4,0.0,C
3567332457,4,0.0,C
3628146810,4,0.0,C
3628146810,4,0.0,C
3628146810,4,0.0,C
3628146810,4,0.0,C
3628146810,4,0.0,C
3689791161,4,0.0,C
3689791161,4,9.516898167638566e-06,C
3689791161,4,7.769143482738716e-05,C
3689791161,4,6.15563200103697e-05,C
3689791161,4,0.0,C
3727960280,4,-0.0003107686479467686,C
3727960280,4,-0.0009676749031718446,C
3727960280,4,-0.00026018538589867024,C
3727960280,4,-0.0012541388034134071,C
3727960280,4,-0.0010346115730165417,C
443932914,4,-0.0010145296157324513,N
443932914,4,-0.0009843735137861076,N
443932914,4,-0.0009134996122499572,N
443932914,4,-0.0003737255913662807,N
443932914,4,-0.0009843735137861076,N
2753863138,4,5.586830478465643e-05,C
2753863138,4,-0.0002560855754483171,C
2753863138,4,3.7470321189725375e-05,C
2753863138,4,0.000114782602647856,C
2753863138,4,0.00018792994766603233,C
3028039221,4,9.88293322427003e-05,N
3028039221,4,-0.0002870031711039722,N
3028039221,4,3.037658713567204e-06,N
3028039221,4,0.00010704390553140097,N
3028039221,4,-0.00010959406604116317,N
3431706412,4,0.0,C
3431706412,4,0.0,C
3431706412,4,0.0,C
3431706412,4,0.0,C
3431706412,4,0.0,C
32728066,4,0.0,C
32728066,4,0.0,C
32728066,4,0.0,C
32728066,4,0.0,C
32728066,4,0.0,C
215394313,4,0.0,C
215394313,4,0.0,C
215394313,4,0.0,C
215394313,4,0.0,C
215394313,4,0.0,C
411975912,4,0.0,C
411975912,4,0.0,C
411975912,4,0.0,C
411975912,4,0.0,C
411975912,4,0.0,C
683436560,4,0.0,C
683436560,4,0.0,C
683436560,4,0.0,C
683436560,4,0.0,C
683436560,4,0.0,C
753666527,4,0.0,N
753666527,4,0.0,N
753666527,4,0.0,N
753666527,4,0.0,N
753666527,4,0.0,N
1102307062,4,0.0,C
1102307062,4,0.0,C
1102307062,4,0.0,C
1102307062,4,0.0,C
1102307062,4,0.0,C
1136770028,4,0.0,C
1136770028,4,0.0,C
1136770028,4,0.0,C
1136770028,4,0.0,C
1136770028,4,0.0,C
1288465416,4,0.0,N
1288465416,4,0.0,N
1288465416,4,0.0,N
1288465416,4,0.0,N
1288465416,4,0.0,N
1528304983,4,0.0,N
1528304983,4,0.0,N
1528304983,4,0.0,N
1528304983,4,0.0,N
1528304983,4,0.0,N
1616374401,4,0.0,N
1616374401,4,0.0,N
1616374401,4,0.0,N
1616374401,4,0.0,N
1616374401,4,0.0,N
2164380819,4,0.0,N
2164380819,4,0.0,N
2164380819,4,0.0,N
2164380819,4,0.0,N
2164380819,4,0.0,N
2612409031,4,0.0,C
2612409031,4,0.0,C
2612409031,4,0.0,C
2612409031,4,0.0,C
2612409031,4,0.0,C
2855844237,4,0.0,C
2855844237,4,0.0,C
2855844237,4,0.0,C
2855844237,4,0.0,C
2855844237,4,0.0,C
3541589939,4,0.0,C
3541589939,4,0.0,C
3541589939,4,0.0,C
3541589939,4,0.0,C
3541589939,4,0.0,C
3566991489,4,0.0,C
3566991489,4,0.0,C
3566991489,4,0.0,C
3566991489,4,0.0,C
3566991489,4,0.0,C
3986395223,4,0.0,C
3986395223,4,0.0,C
3986395223,4,0.0,C
3986395223,4,0.0,C
3986395223,4,0.0,C
2976816164,4,0.01925338567468149,C
2976816164,4,0.01842261934405509,C
2976816164,4,0.02425660589973133,C
2976816164,4,0.01665731154501915,C
2976816164,4,0.014473949023372623,C
516041383,4,0.0016568435285668759,C
516041383,4,0.0019482573646971701,C
516041383,4,0.002213430009719075,C
516041383,4,0.0018416080381076227,C
516041383,4,0.0018897467357927855,C
994821171,4,0.0,N
994821171,4,0.0,N
994821171,4,0.0,N
994821171,4,0.0,N
994821171,4,0.0,N
1255626466,4,-0.0002219014278819209,N
1255626466,4,-0.0005026620748513899,N
1255626466,4,-0.000735145355600153,N
1255626466,4,-0.0003675026149700944,N
1255626466,4,-0.0003370968978976263,N
2434373675,4,-0.0007843640354525672,N
2434373675,4,0.001724065803892616,N
2434373675,4,-0.0018136734862872483,N
2434373675,4,-0.0009096994554834703,N
2434373675,4,0.0018782062534751232,N
2556855854,4,0.00026118225204008194,C
2556855854,4,-0.00015508288338328402,C
2556855854,4,0.00022205524532070697,C
2556855854,4,8.940228717102539e-05,C
2556855854,4,-6.431392809425063e-06,C
2819130785,4,0.0,C
2819130785,4,0.0,C
2819130785,4,0.0,C
2819130785,4,0.0,C
2819130785,4,0.0,C
3177362943,4,-0.000564834659789959,C
3177362943,4,-0.0006746496585395834,C
3177362943,4,-0.0006617897934529937,C
3177362943,4,-0.0004411684904264135,C
3177362943,4,-0.000791823248633694,C
3410651186,4,0.0,C
3410651186,4,0.0,C
3410651186,4,0.0,C
3410651186,4,0.0,C
3410651186,4,0.0,C
3657471097,4,0.002512765117737681,C
3657471097,4,0.0027260700968616547,C
3657471097,4,0.0050095793910152064,C
3657471097,4,0.008329596888904889,C
3657471097,4,0.005471237790842576,C
4039837947,4,0.0,F
4039837947,4,0.0,F
4039837947,4,0.0,F
4039837947,4,0.0,F
4039837947,4,0.0,F
92925610,4,0.0,C
92925610,4,0.0,C
92925610,4,0.0,C
92925610,4,0.0,C
92925610,4,0.0,C
540815687,4,0.0001286947167810082,N
540815687,4,0.0004688287015809367,N
540815687,4,0.0004728142057200957,N
540815687,4,0.0004846805983669267,N
540815687,4,0.0005131277339762708,N
780370718,4,0.0,N
780370718,4,0.0,N
780370718,4,0.0,N
780370718,4,0.0,N
780370718,4,0.0,N
781025043,4,0.0,C
781025043,4,0.0,C
781025043,4,0.0,C
781025043,4,0.0,C
781025043,4,0.0,C
1023209243,4,-3.726110637414237e-05,N
1023209243,4,-1.1570117234183108e-05,N
1023209243,4,-8.609446690410749e-05,N
1023209243,4,1.941612580969032e-05,N
1023209243,4,1.6369710575947494e-05,N
1131570738,4,-0.00010738133433529917,N
1131570738,4,-0.00010738133433529917,N
1131570738,4,-0.00010738133433529917,N
1131570738,4,-0.0001408611200390819,N
1131570738,4,-0.00010738133433529917,N
1150405168,4,0.0,C
1150405168,4,0.0,C
1150405168,4,0.0,C
1150405168,4,0.0,C
1150405168,4,0.0,C
1641839479,4,0.0,N
1641839479,4,0.0,N
1641839479,4,0.0,N
1641839479,4,0.0,N
1641839479,4,0.0,N
2160384926,4,0.00038500429007692905,N
2160384926,4,0.0005069713698292455,N
2160384926,4,0.0006783284656280975,N
2160384926,4,0.0004646974135343873,N
2160384926,4,0.0004154795710438197,N
2460299331,4,0.0,C
2460299331,4,0.0,C
2460299331,4,0.0,C
2460299331,4,0.0,C
2460299331,4,0.0,C
2486266314,4,0.0,C
2486266314,4,0.0,C
2486266314,4,0.0,C
2486266314,4,0.0,C
2486266314,4,0.0,C
2628190857,4,0.0,N
2628190857,4,0.0,N
2628190857,4,0.0,N
2628190857,4,0.0,N
2628190857,4,0.0,N
2872312665,4,0.0,C
2872312665,4,0.0,C
2872312665,4,0.0,C
2872312665,4,0.0,C
2872312665,4,0.0,C
3005819886,4,0.0,C
3005819886,4,0.0,C
3005819886,4,0.0,C
3005819886,4,0.0,C
3005819886,4,0.0,C
3154728280,4,0.0,C
3154728280,4,0.0,C
3154728280,4,0.0,C
3154728280,4,0.0,C
3154728280,4,0.0,C
3848368466,4,-0.00018251539335956135,C
3848368466,4,-0.0001137678137471676,C
3848368466,4,0.0003168245494596933,C
3848368466,4,-8.679481930773392e-05,C
3848368466,4,0.0004843761558123161,C
4015884349,4,0.0,C
4015884349,4,0.0,C
4015884349,4,0.0,C
4015884349,4,0.0,C
4015884349,4,0.0,C
4017659646,4,0.0,C
4017659646,4,0.0,C
4017659646,4,0.0,C
4017659646,4,0.0,C
4017659646,4,0.0,C
4151045509,4,0.0,C
4151045509,4,0.0,C
4151045509,4,0.0,C
4151045509,4,0.0,C
4151045509,4,0.0,C
4277593707,4,0.0,H
4277593707,4,0.0,H
4277593707,4,0.0,H
4277593707,4,0.0,H
4277593707,4,0.0,H
540046244,4,-0.0032271098424268008,C
540046244,4,0.0027786824099628182,C
540046244,4,0.001571927463195233,C
540046244,4,0.0017654237521530503,C
540046244,4,0.0012094256603459863,C
828793177,4,-0.003746750303690094,N
828793177,4,-0.0033180673181744114,N
828793177,4,-0.0038132127025481966,N
828793177,4,-0.0023839126641147512,N
828793177,4,-0.00403827066175555,N
1874871479,4,0.0,C
1874871479,4,0.0,C
1874871479,4,0.0,C
1874871479,4,0.0,C
1874871479,4,0.0,C
2110118862,4,0.0005840631867795043,C
2110118862,4,0.0006711294823790181,C
2110118862,4,0.00045676801276883783,C
2110118862,4,0.0010332597149116385,C
2110118862,4,-0.0002595633152148169,C
2806018737,4,-9.852538405830114e-05,C
2806018737,4,-0.0005558615577211379,C
2806018737,4,0.00012990530036349757,C
2806018737,4,-0.0004490595824512278,C
2806018737,4,0.00018302959455851475,C
3321501200,4,0.0,H
3321501200,4,0.0,H
3321501200,4,0.0,H
3321501200,4,0.0,H
3321501200,4,0.0,H
3458774156,4,0.019527678318567943,N
3458774156,4,0.023732739178073725,N
3458774156,4,0.020759742237904777,N
3458774156,4,0.021557865654082686,N
3458774156,4,0.020834039587942388,N
3811375594,4,-1.5965609015178295e-05,C
3811375594,4,6.689666400927496e-05,C
3811375594,4,8.211266632818237e-05,C
3811375594,4,-0.0005081955148705797,C
3811375594,4,0.00015110984787358728,C
3982076256,4,0.0009941251076470703,C
3982076256,4,0.0027820029421348202,C
3982076256,4,-0.0010015835178388555,C
3982076256,4,0.0013335833038201628,C
3982076256,4,0.001078292486215382,C
26983675,4,-0.00012641707529403856,C
26983675,4,-0.00015223812008613447,C
26983675,4,-0.00012447259073289363,C
26983675,4,-0.00038184806628538404,C
26983675,4,-0.0001288239082600784,C
466968574,4,0.0,C
466968574,4,0.0,C
466968574,4,0.0,C
466968574,4,0.0,C
466968574,4,0.0,C
535741794,4,0.0,N
535741794,4,0.0,N
535741794,4,0.0,N
535741794,4,0.0,N
535741794,4,0.0,N
786150277,4,0.0,N
786150277,4,0.0,N
786150277,4,0.0,N
786150277,4,0.0,N
786150277,4,0.0,N
909290456,4,0.0,C
909290456,4,0.0,C
909290456,4,0.0,C
909290456,4,0.0,C
909290456,4,0.0,C
910588689,4,0.0,C
910588689,4,0.0,C
910588689,4,0.0,C
910588689,4,0.0,C
910588689,4,0.0,C
930311090,4,0.0,C
930311090,4,0.0,C
930311090,4,0.0,C
930311090,4,0.0,C
930311090,4,0.0,C
1010142783,4,-0.00033994810902349126,O
1010142783,4,-0.0001912169412603415,O
1010142783,4,-5.0152309471807044e-05,O
1010142783,4,-4.6262822346765375e-05,O
1010142783,4,-0.00030535912780504937,O
1024985588,4,0.0,N
1024985588,4,0.0,N
1024985588,4,0.0,N
1024985588,4,0.0,N
1024985588,4,0.0,N
1255595680,4,-8.832031278216412e-06,C
1255595680,4,-0.0011005355007978057,C
1255595680,4,0.00027362262610053367,C
1255595680,4,0.000530742439467935,C
1255595680,4,-0.0008999178899586902,C
1323467736,4,0.00018103622604825897,C
1323467736,4,-0.002145659713708281,C
1323467736,4,-0.0012247512790336534,C
1323467736,4,0.00065864734113108,C
1323467736,4,-0.000902050558272971,C
1553946601,4,0.0,C
1553946601,4,0.0,C
1553946601,4,0.0,C
1553946601,4,0.0,C
1553946601,4,0.0,C
1657678088,4,0.0,N
1657678088,4,0.0,N
1657678088,4,0.0,N
1657678088,4,0.0,N
1657678088,4,0.0,N
1869141243,4,0.0,N
1869141243,4,0.0,N
1869141243,4,0.0,N
1869141243,4,0.0,N
1869141243,4,0.0,N
1903925225,4,0.0,N
1903925225,4,0.0,N
1903925225,4,0.0,N
1903925225,4,0.0,N
1903925225,4,0.0,N
1957117295,4,0.0,C
1957117295,4,0.0,C
1957117295,4,0.0,C
1957117295,4,0.0,C
1957117295,4,0.0,C
2029358908,4,0.0,C
2029358908,4,0.0,C
2029358908,4,0.0,C
2029358908,4,0.0,C
2029358908,4,0.0,C
2048724485,4,0.0,N
2048724485,4,0.0,N
2048724485,4,0.0,N
2048724485,4,0.0,N
2048724485,4,0.0,N
2751443729,4,0.0,C
2751443729,4,0.0,C
2751443729,4,0.0,C
2751443729,4,0.0,C
2751443729,4,0.0,C
2931743253,4,0.0,N
2931743253,4,0.0,N
2931743253,4,0.0,N
2931743253,4,0.0,N
2931743253,4,0.0,N
3088984962,4,-0.0015477004357866697,C
3088984962,4,-0.0005884617011637783,C
3088984962,4,-0.0012941989213185456,C
3088984962,4,-0.0011620202161880533,C
3088984962,4,-0.0015604112020588534,C
3387690060,4,0.0,C
3387690060,4,0.0,C
3387690060,4,0.0,C
3387690060,4,0.0,C
3387690060,4,0.0,C
3552728635,4,0.0,C
3552728635,4,0.0,C
3552728635,4,0.0,C
3552728635,4,0.0,C
3552728635,4,0.0,C
3598084476,4,0.0,C
3598084476,4,0.0,C
3598084476,4,0.0,C
3598084476,4,0.0,C
3598084476,4,0.0,C
4048157477,4,0.0,C
4048157477,4,0.0,C
4048157477,4,0.0,C
4048157477,4,0.0,C
4048157477,4,0.0,C
1730555933,4,-0.0006520582087745641,C
1730555933,4,-0.0004772808585519206,C
1730555933,4,-0.0001990920454065792,C
1730555933,4,-0.0004963343194595016,C
1730555933,4,-6.269072707232315e-05,C
1868602760,4,0.0005093468339769647,N
1868602760,4,0.004033607321818122,N
1868602760,4,0.0022957218971744187,N
1868602760,4,0.002227465333595635,N
1868602760,4,0.0019010504993483002,N
4203454020,4,0.000851859350901929,C
4203454020,4,0.000949251119710337,C
4203454020,4,0.0019093792583417812,C
4203454020,4,0.000580137485237997,C
4203454020,4,0.0013881441813474726,C
194638448,4,0.0,C
194638448,4,0.0,C
194638448,4,0.0,C
194638448,4,0.0,C
194638448,4,0.0,C
770309757,4,0.0,N
770309757,4,0.0,N
770309757,4,0.0,N
770309757,4,0.0,N
770309757,4,0.0,N
836300471,4,1.4248219446622024e-05,C
836300471,4,-2.048833259127303e-05,C
836300471,4,6.78323190528296e-06,C
836300471,4,-3.1822290254113206e-05,C
836300471,4,1.5960357671596093e-05,C
877095501,4,0.0,C
877095501,4,0.0,C
877095501,4,0.0,C
877095501,4,0.0,C
877095501,4,0.0,C
932692620,4,0.00020014884336849725,C
932692620,4,-0.0006224641190704094,C
932692620,4,0.00041638293699008955,C
932692620,4,-0.0006012851104253425,C
932692620,4,0.00015055953998255323,C
1526194454,4,0.0,C
1526194454,4,0.0,C
1526194454,4,0.0,C
1526194454,4,0.0,C
1526194454,4,0.0,C
1998636009,4,0.0,C
1998636009,4,0.0,C
1998636009,4,0.0,C
1998636009,4,0.0,C
1998636009,4,0.0,C
2585793646,4,0.0,N
2585793646,4,0.0,N
2585793646,4,0.0,N
2585793646,4,0.0,N
2585793646,4,0.0,N
2839110432,4,-0.0002770813906098901,C
2839110432,4,0.0005245611701912845,C
2839110432,4,2.1498283691689934e-05,C
2839110432,4,0.0013588170826163148,C
2839110432,4,0.00026166103577329736,C
3624135138,4,0.0,C
3624135138,4,0.0,C
3624135138,4,0.0,C
3624135138,4,0.0,C
3624135138,4,0.0,C
3351556771,4,0.026082028402352853,S
3351556771,4,0.02103454074422373,S
3351556771,4,0.023113274775051318,S
3351556771,4,0.026636967684354862,S
3351556771,4,0.015812658975975613,S
54936104,4,-0.0009754120173760539,C
54936104,4,-0.000618252484104298,C
54936104,4,0.00037584533734202896,C
54936104,4,-0.0007159665926607106,C
54936104,4,-0.0021330322090872267,C
1229325558,4,-6.436414836619164e-05,N
1229325558,4,-0.00012937404724566726,N
1229325558,4,-0.00026854262623010605,N
1229325558,4,4.9055649483098485e-05,N
1229325558,4,6.999229755233483e-05,N
1880637161,4,0.0022116562914761273,S
1880637161,4,0.0011881447205660534,S
1880637161,4,-0.0006579029167140815,S
1880637161,4,0.0021708604693175815,S
1880637161,4,0.001085586190177179,S
2360467803,4,0.0,C
2360467803,4,0.0,C
2360467803,4,0.0,C
2360467803,4,0.0,C
2360467803,4,0.0,C
2424973678,4,0.002456154850151382,C
2424973678,4,0.0019894172088387174,C
2424973678,4,0.003834898579198831,C
2424973678,4,0.002290407686068918,C
2424973678,4,0.0023408949871969176,C
2609658248,4,0.00030611962896476275,C
2609658248,4,0.0012670526706850538,C
2609658248,4,0.0015070403505337282,C
2609658248,4,0.0011731039944561372,C
2609658248,4,0.0018479459101587992,C
4179862704,4,0.0,C
4179862704,4,0.0,C
4179862704,4,0.0,C
4179862704,4,0.0,C
4179862704,4,0.0,C
197088345,4,0.0,C
197088345,4,0.0,C
197088345,4,0.0,C
197088345,4,0.0,C
197088345,4,0.0,C
324017337,4,0.0,S
324017337,4,0.0,S
324017337,4,0.0,S
324017337,4,0.0,S
324017337,4,0.0,S
991022577,4,0.0,C
991022577,4,0.0,C
991022577,4,0.0,C
991022577,4,0.0,C
991022577,4,0.0,C
1050388032,4,0.0,O
1050388032,4,0.0,O
1050388032,4,0.0,O
1050388032,4,0.0,O
1050388032,4,0.0,O
1243327745,4,0.0,C
1243327745,4,0.0,C
1243327745,4,0.0,C
1243327745,4,0.0,C
1243327745,4,0.0,C
1498355701,4,0.0,C
1498355701,4,0.0,C
1498355701,4,0.0,C
1498355701,4,0.0,C
1498355701,4,0.0,C
1525423190,4,0.0,C
1525423190,4,0.0,C
1525423190,4,0.0,C
1525423190,4,0.0,C
1525423190,4,0.0,C
2223903554,4,0.0,C
2223903554,4,0.0,C
2223903554,4,0.0,C
2223903554,4,0.0,C
2223903554,4,0.0,C
2278249975,4,0.0,S
2278249975,4,0.0,S
2278249975,4,0.0,S
2278249975,4,0.0,S
2278249975,4,0.0,S
2307411320,4,0.0,C
2307411320,4,0.0,C
2307411320,4,0.0,C
2307411320,4,0.0,C
2307411320,4,0.0,C
2326951013,4,0.0,C
2326951013,4,0.0,C
2326951013,4,0.0,C
2326951013,4,0.0,C
2326951013,4,0.0,C
2613287784,4,0.0,C
2613287784,4,0.0,C
2613287784,4,0.0,C
2613287784,4,0.0,C
2613287784,4,0.0,C
3216057531,4,0.0,C
3216057531,4,0.0,C
3216057531,4,0.0,C
3216057531,4,0.0,C
3216057531,4,0.0,C
3498419259,4,0.0,C
3498419259,4,0.0,C
3498419259,4,0.0,C
3498419259,4,0.0,C
3498419259,4,0.0,C
3572239627,4,0.0,N
3572239627,4,0.0,N
3572239627,4,0.0,N
3572239627,4,0.0,N
3572239627,4,0.0,N
3607642719,4,0.0,C
3607642719,4,0.0,C
3607642719,4,0.0,C
3607642719,4,0.0,C
3607642719,4,0.0,C
3728348531,4,0.0,N
3728348531,4,0.0,N
3728348531,4,0.0,N
3728348531,4,0.0,N
3728348531,4,0.0,N
3760180875,4,0.0,N
3760180875,4,0.0,N
3760180875,4,0.0,N
3760180875,4,0.0,N
3760180875,4,0.0,N
3962114891,4,0.0,C
3962114891,4,0.0,C
3962114891,4,0.0,C
3962114891,4,0.0,C
3962114891,4,0.0,C
3995596583,4,0.0,C
3995596583,4,0.0,C
3995596583,4,0.0,C
3995596583,4,0.0,C
3995596583,4,0.0,C
4033041123,4,0.0,C
4033041123,4,0.0,C
4033041123,4,0.0,C
4033041123,4,0.0,C
4033041123,4,0.0,C
1711656516,4,0.0,C
1711656516,4,0.0,C
1711656516,4,0.0,C
1711656516,4,0.0,C
1711656516,4,0.0,C
1842114921,4,0.003979052290910778,C
1842114921,4,0.0018507653541485203,C
1842114921,4,0.003013904048656424,C
1842114921,4,0.0006306727928729883,C
1842114921,4,0.003125811207387197,C
2370996728,4,0.0001487643241974146,C
2370996728,4,-0.0020119172629331494,C
2370996728,4,4.515691411444145e-05,C
2370996728,4,-0.001389608274992793,C
2370996728,4,-0.0006473544379692608,C
2567005256,4,0.0,C
2567005256,4,0.0,C
2567005256,4,0.0,C
2567005256,4,0.0,C
2567005256,4,0.0,C
2975126068,4,-0.0015936649977432715,N
2975126068,4,0.000919384798724221,N
2975126068,4,-0.0011602506236653154,N
2975126068,4,0.00036625001908063837,N
2975126068,4,-0.000569085084645149,N
3044392905,4,0.0004382404222242897,N
3044392905,4,0.0002723439294526342,N
3044392905,4,0.00023357877296525942,N
3044392905,4,7.695595316103976e-05,N
3044392905,4,0.00019209201938252818,N
3384631972,4,0.0,C
3384631972,4,0.0,C
3384631972,4,0.0,C
3384631972,4,0.0,C
3384631972,4,0.0,C
3462333187,4,0.0,C
3462333187,4,0.0,C
3462333187,4,0.0,C
3462333187,4,0.0,C
3462333187,4,0.0,C
3796841743,4,0.0021816127939601193,C
3796841743,4,0.0016142161362286966,C
3796841743,4,0.0027656505380488916,C
3796841743,4,-0.0018444968944609785,C
3796841743,4,-0.005058015585080011,C
3796970912,4,-0.0006073507207507989,C
3796970912,4,-0.001753614484596322,C
3796970912,4,-0.0011588695870403676,C
3796970912,4,0.0009448926344060027,C
3796970912,4,0.0019424287649612015,C
467603055,4,0.0010769624457496185,C
467603055,4,0.003046318413434057,C
467603055,4,0.0023082714157082185,C
467603055,4,0.0032008427028890063,C
467603055,4,-0.004370170153462305,C
890227654,4,0.0,C
890227654,4,0.0,C
890227654,4,0.0,C
890227654,4,0.0,C
890227654,4,0.0,C
913026435,4,0.0,C
913026435,4,0.0,C
913026435,4,0.0,C
913026435,4,0.0,C
913026435,4,0.0,C
1224045316,4,0.0,N
1224045316,4,0.0,N
1224045316,4,0.0,N
1224045316,4,0.0,N
1224045316,4,0.0,N
1490438549,4,0.0,C
1490438549,4,0.0,C
1490438549,4,0.0,C
1490438549,4,0.0,C
1490438549,4,0.0,C
1548658224,4,0.0,C
1548658224,4,0.0,C
1548658224,4,0.0,C
1548658224,4,0.0,C
1548658224,4,0.0,C
1622603972,4,0.0,C
1622603972,4,0.0,C
1622603972,4,0.0,C
1622603972,4,0.0,C
1622603972,4,0.0,C
1805030178,4,0.0,N
1805030178,4,0.0,N
1805030178,4,0.0,N
1805030178,4,0.0,N
1805030178,4,0.0,N
1951850042,4,0.0,C
1951850042,4,0.0,C
1951850042,4,0.0,C
1951850042,4,0.0,C
1951850042,4,0.0,C
2063667942,4,0.0,C
2063667942,4,0.0,C
2063667942,4,0.0,C
2063667942,4,0.0,C
2063667942,4,0.0,C
2068416114,4,0.0,C
2068416114,4,0.0,C
2068416114,4,0.0,C
2068416114,4,0.0,C
2068416114,4,0.0,C
2562475466,4,0.0,C
2562475466,4,0.0,C
2562475466,4,0.0,C
2562475466,4,0.0,C
2562475466,4,0.0,C
2577294604,4,0.0,C
2577294604,4,0.0,C
2577294604,4,0.0,C
2577294604,4,0.0,C
2577294604,4,0.0,C
2807805304,4,0.0,C
2807805304,4,0.0,C
2807805304,4,0.0,C
2807805304,4,0.0,C
2807805304,4,0.0,C
2937399870,4,0.0,C
2937399870,4,0.0,C
2937399870,4,0.0,C
2937399870,4,0.0,C
2937399870,4,0.0,C
3018722882,4,0.0,C
3018722882,4,0.0,C
3018722882,4,0.0,C
3018722882,4,0.0,C
3018722882,4,0.0,C
3192665452,4,0.0,C
3192665452,4,0.0,C
3192665452,4,0.0,C
3192665452,4,0.0,C
3192665452,4,0.0,C
3213912075,4,0.0,C
3213912075,4,0.0,C
3213912075,4,0.0,C
3213912075,4,0.0,C
3213912075,4,0.0,C
3276095363,4,0.0,C
3276095363,4,0.0,C
3276095363,4,0.0,C
3276095363,4,0.0,C
3276095363,4,0.0,C
3406201864,4,3.7897811518528e-05,C
3406201864,4,0.001065803677490318,C
3406201864,4,0.00029071582959838693,C
3406201864,4,0.0005971187954552093,C
3406201864,4,0.0002602783756978644,C
3850591004,4,0.0,N
3850591004,4,0.0,N
3850591004,4,0.0,N
3850591004,4,0.0,N
3850591004,4,0.0,N
3879569661,4,0.0,C
3879569661,4,0.0,C
3879569661,4,0.0,C
3879569661,4,0.0,C
3879569661,4,0.0,C
3936714060,4,0.0,C
3936714060,4,0.0,C
3936714060,4,0.0,C
3936714060,4,0.0,C
3936714060,4,0.0,C
141882433,4,0.0011645994073787858,C
141882433,4,0.0016127185126834087,C
141882433,4,0.0010132627552968954,C
141882433,4,0.0005864710762277792,C
141882433,4,0.0010668803763658197,C
1036770003,4,0.0,N
1036770003,4,0.0,N
1036770003,4,0.0,N
1036770003,4,0.0,N
1036770003,4,0.0,N
3324153899,4,0.0,C
3324153899,4,0.0,C
3324153899,4,0.0,C
3324153899,4,0.0,C
3324153899,4,0.0,C
3623693988,4,0.0,C
3623693988,4,0.0,C
3623693988,4,0.0,C
3623693988,4,0.0,C
3623693988,4,0.0,C
3632480728,4,0.0,C
3632480728,4,0.0,C
3632480728,4,0.0,C
3632480728,4,0.0,C
3632480728,4,0.0,C
4174067669,4,0.0,C
4174067669,4,0.0,C
4174067669,4,0.0,C
4174067669,4,0.0,C
4174067669,4,0.0,C
4291484675,4,0.0,N
4291484675,4,0.0,N
4291484675,4,0.0,N
4291484675,4,0.0,N
4291484675,4,0.0,N
269963113,4,0.0,C
269963113,4,0.0,C
269963113,4,0.0,C
269963113,4,0.0,C
269963113,4,0.0,C
314877203,4,0.0,C
314877203,4,0.0,C
314877203,4,0.0,C
314877203,4,0.0,C
314877203,4,0.0,C
489388916,4,0.0,C
489388916,4,0.0,C
489388916,4,0.0,C
489388916,4,0.0,C
489388916,4,0.0,C
1274352488,4,0.0,C
1274352488,4,0.0,C
1274352488,4,0.0,C
1274352488,4,0.0,C
1274352488,4,0.0,C
1680331922,4,0.0,C
1680331922,4,0.0,C
1680331922,4,0.0,C
1680331922,4,0.0,C
1680331922,4,0.0,C
1777036577,4,0.0,C
1777036577,4,0.0,C
1777036577,4,0.0,C
1777036577,4,0.0,C
1777036577,4,0.0,C
1907838786,4,0.0,C
1907838786,4,0.0,C
1907838786,4,0.0,C
1907838786,4,0.0,C
1907838786,4,0.0,C
2083378866,4,0.0,N
2083378866,4,0.0,N
2083378866,4,0.0,N
2083378866,4,0.0,N
2083378866,4,0.0,N
2089800336,4,0.00029612354187369405,C
2089800336,4,-7.989616788983689e-05,C
2089800336,4,-0.00011023751681449312,C
2089800336,4,-0.0001214107625002736,C
2089800336,4,0.0002641543811452429,C
2148515119,4,0.0,C
2148515119,4,0.0,C
2148515119,4,0.0,C
2148515119,4,0.0,C
2148515119,4,0.0,C
2243261910,4,0.0,C
2243261910,4,0.0,C
2243261910,4,0.0,C
2243261910,4,0.0,C
2243261910,4,0.0,C
2347372764,4,0.0,C
2347372764,4,0.0,C
2347372764,4,0.0,C
2347372764,4,0.0,C
2347372764,4,0.0,C
2366448291,4,0.0,N
2366448291,4,0.0,N
2366448291,4,0.0,N
2366448291,4,0.0,N
2366448291,4,0.0,N
2415345060,4,0.0,C
2415345060,4,0.0,C
2415345060,4,0.0,C
2415345060,4,0.0,C
2415345060,4,0.0,C
2432368409,4,0.0,N
2432368409,4,0.0,N
2432368409,4,0.0,N
2432368409,4,0.0,N
2432368409,4,0.0,N
3325032788,4,0.0,C
3325032788,4,0.0,C
3325032788,4,0.0,C
3325032788,4,0.0,C
3325032788,4,0.0,C
3463225569,4,0.0,C
3463225569,4,0.0,C
3463225569,4,0.0,C
3463225569,4,0.0,C
3463225569,4,0.0,C
3717772879,4,0.0,N
3717772879,4,0.0,N
3717772879,4,0.0,N
3717772879,4,0.0,N
3717772879,4,0.0,N
3744003924,4,0.0,C
3744003924,4,0.0,C
3744003924,4,0.0,C
3744003924,4,0.0,C
3744003924,4,0.0,C
4046948928,4,0.0,C
4046948928,4,0.0,C
4046948928,4,0.0,C
4046948928,4,0.0,C
4046948928,4,0.0,C
4074174690,4,0.0,C
4074174690,4,0.0,C
4074174690,4,0.0,C
4074174690,4,0.0,C
4074174690,4,0.0,C
4098206784,4,0.0,N
4098206784,4,0.0,N
4098206784,4,0.0,N
4098206784,4,0.0,N
4098206784,4,0.0,N
104625121,4,2.13133818671718e-05,N
104625121,4,-0.0003674098696078154,N
104625121,4,0.00030824672510476603,N
104625121,4,0.00023016919673313208,N
104625121,4,-1.721914384378298e-05,N
1153219603,4,-0.006111431523105448,C
1153219603,4,-0.003278886297749084,C
1153219603,4,-0.0059538808253001285,C
1153219603,4,-0.00797998184529114,C
1153219603,4,-0.0032347373835781568,C
1356825073,4,0.0,C
1356825073,4,0.0,C
1356825073,4,0.0,C
1356825073,4,0.0,C
1356825073,4,0.0,C
1821698485,4,-0.0002343314816644071,C
1821698485,4,0.00015744568584385998,C
1821698485,4,-0.00030078851363524173,C
1821698485,4,-0.00016927666430488486,C
1821698485,4,-0.0002845346241882041,C
1896930344,4,0.0,C
1896930344,4,0.0,C
1896930344,4,0.0,C
1896930344,4,0.0,C
1896930344,4,0.0,C
2359349084,4,0.0,C
2359349084,4,0.0,C
2359349084,4,0.0,C
2359349084,4,0.0,C
2359349084,4,0.0,C
2395259406,4,0.0003371453569001037,C
2395259406,4,-0.0005358362793079774,C
2395259406,4,-0.00011536533548306416,C
2395259406,4,-0.00031834260659113767,C
2395259406,4,0.0007603344708116966,C
3120625249,4,0.0,C
3120625249,4,0.0,C
3120625249,4,0.0,C
3120625249,4,0.0,C
3120625249,4,0.0,C
3886074185,4,0.0,C
3886074185,4,0.0,C
3886074185,4,0.0,C
3886074185,4,0.0,C
3886074185,4,0.0,C
1535166686,4,0.00046447764458190655,O
1535166686,4,0.0002704557306990596,O
1535166686,4,0.0006108734782835912,O
1535166686,4,0.0001203020394585641,O
1535166686,4,0.00040992821458640805,O
1785683843,4,5.678463648617349e-05,C
1785683843,4,0.00012258445034440957,C
1785683843,4,-0.00021347857818410088,C
1785683843,4,2.594078596140914e-05,C
1785683843,4,9.386276399725446e-05,C
2771627449,4,0.0,C
2771627449,4,0.0,C
2771627449,4,0.0,C
2771627449,4,0.0,C
2771627449,4,0.0,C
3153477100,4,0.0002198657629567391,C
3153477100,4,-4.5744983334095046e-05,C
3153477100,4,0.00021233377150420285,C
3153477100,4,0.00020058192304495126,C
3153477100,4,6.337497511643697e-05,C
3194612514,4,0.0,O
3194612514,4,0.0,O
3194612514,4,0.0,O
3194612514,4,0.0,O
3194612514,4,0.0,O
3341916169,4,0.0,C
3341916169,4,0.0,C
3341916169,4,0.0,C
3341916169,4,0.0,C
3341916169,4,0.0,C
77862099,4,0.0,C
77862099,4,0.0,C
77862099,4,0.0,C
77862099,4,0.0,C
77862099,4,0.0,C
755077069,4,0.0,O
755077069,4,0.0,O
755077069,4,0.0,O
755077069,4,0.0,O
755077069,4,0.0,O
818492636,4,0.0,C
818492636,4,0.0,C
818492636,4,0.0,C
818492636,4,0.0,C
818492636,4,0.0,C
1015892308,4,0.0,C
1015892308,4,0.0,C
1015892308,4,0.0,C
1015892308,4,0.0,C
1015892308,4,0.0,C
1822434734,4,0.0,C
1822434734,4,0.0,C
1822434734,4,0.0,C
1822434734,4,0.0,C
1822434734,4,0.0,C
2492789883,4,0.0,C
2492789883,4,0.0,C
2492789883,4,0.0,C
2492789883,4,0.0,C
2492789883,4,0.0,C
2540133449,4,0.0,C
2540133449,4,0.0,C
2540133449,4,0.0,C
2540133449,4,0.0,C
2540133449,4,0.0,C
2834619317,4,0.0,C
2834619317,4,0.0,C
2834619317,4,0.0,C
2834619317,4,0.0,C
2834619317,4,0.0,C
3234023386,4,0.0,C
3234023386,4,0.0,C
3234023386,4,0.0,C
3234023386,4,0.0,C
3234023386,4,0.0,C
3240313869,4,0.0,C
3240313869,4,0.0,C
3240313869,4,0.0,C
3240313869,4,0.0,C
3240313869,4,0.0,C
3539151164,4,0.0,C
3539151164,4,0.0,C
3539151164,4,0.0,C
3539151164,4,0.0,C
3539151164,4,0.0,C
3608102527,4,0.0,C
3608102527,4,0.0,C
3608102527,4,0.0,C
3608102527,4,0.0,C
3608102527,4,0.0,C
4056028133,4,0.0,C
4056028133,4,0.0,C
4056028133,4,0.0,C
4056028133,4,0.0,C
4056028133,4,0.0,C
4159990639,4,0.0,C
4159990639,4,0.0,C
4159990639,4,0.0,C
4159990639,4,0.0,C
4159990639,4,0.0,C
4180801603,4,0.00029680197753478854,C
4180801603,4,-1.3253784165834226e-05,C
4180801603,4,-0.0002956534696889612,C
4180801603,4,-0.00010396723109262762,C
4180801603,4,4.074874046000598e-05,C
662595032,4,0.0,N
662595032,4,0.0,N
662595032,4,0.0,N
662595032,4,0.0,N
662595032,4,0.0,N
994237755,4,0.0004668886086798274,C
994237755,4,0.0006975653081192634,C
994237755,4,0.0005555458920469825,C
994237755,4,0.00039769364284314435,C
994237755,4,0.00035840693995070616,C
1142813461,4,0.0067139387157539865,C
1142813461,4,0.0062411051391083605,C
1142813461,4,0.0062475580057899105,C
1142813461,4,0.004885788722606144,C
1142813461,4,0.005514219303674683,C
1915080917,4,0.0,C
1915080917,4,0.0,C
1915080917,4,0.0,C
1915080917,4,0.0,C
1915080917,4,0.0,C
3372400797,4,0.0,S
3372400797,4,0.0,S
3372400797,4,0.0,S
3372400797,4,0.0,S
3372400797,4,0.0,S
3933537673,4,-0.00020153417222323888,C
3933537673,4,-0.00016105722033732395,C
3933537673,4,-0.0005875510209401025,C
3933537673,4,4.7043620164721744e-05,C
3933537673,4,9.430748304450898e-05,C
4280659919,4,0.0,C
4280659919,4,0.0,C
4280659919,4,0.0,C
4280659919,4,0.0,C
4280659919,4,0.0,C
571621176,4,0.0,N
571621176,4,0.0,N
571621176,4,0.0,N
571621176,4,0.0,N
571621176,4,0.0,N
582582999,4,0.0,C
582582999,4,0.0,C
582582999,4,0.0,C
582582999,4,0.0,C
582582999,4,0.0,C
934762951,4,0.0,C
934762951,4,0.0,C
934762951,4,0.0,C
934762951,4,0.0,C
934762951,4,0.0,C
991766724,4,0.0,C
991766724,4,0.0,C
991766724,4,0.0,C
991766724,4,0.0,C
991766724,4,0.0,C
1657167810,4,0.0,S
1657167810,4,0.0,S
1657167810,4,0.0,S
1657167810,4,0.0,S
1657167810,4,0.0,S
2535083487,4,0.0,C
2535083487,4,0.0,C
2535083487,4,0.0,C
2535083487,4,0.0,C
2535083487,4,0.0,C
2640652321,4,0.0,C
2640652321,4,0.0,C
2640652321,4,0.0,C
2640652321,4,0.0,C
2640652321,4,0.0,C
2649902721,4,0.0010318041374545173,C
2649902721,4,0.000670248560591391,C
2649902721,4,0.0007819477489476867,C
2649902721,4,0.0011989702687696946,C
2649902721,4,0.0014869246237839695,C
3361372348,4,0.0,C
3361372348,4,0.0,C
3361372348,4,0.0,C
3361372348,4,0.0,C
3361372348,4,0.0,C
3402936678,4,0.0,C
3402936678,4,0.0,C
3402936678,4,0.0,C
3402936678,4,0.0,C
3402936678,4,0.0,C
3433674368,4,0.0,C
3433674368,4,0.0,C
3433674368,4,0.0,C
3433674368,4,0.0,C
3433674368,4,0.0,C
3629425228,4,0.0,N
3629425228,4,0.0,N
3629425228,4,0.0,N
3629425228,4,0.0,N
3629425228,4,0.0,N
3920365076,4,0.0,C
3920365076,4,0.0,C
3920365076,4,0.0,C
3920365076,4,0.0,C
3920365076,4,0.0,C
203749390,4,0.0008936892772639649,C
203749390,4,0.0003906705589541426,C
203749390,4,-0.0002571887493879599,C
203749390,4,0.0020187418049822936,C
203749390,4,0.000360848895464172,C
413654173,4,0.0,C
413654173,4,0.0,C
413654173,4,0.0,C
413654173,4,0.0,C
413654173,4,0.0,C
1792562719,4,0.0018470113978447111,S
1792562719,4,-0.00048358642070034374,S
1792562719,4,0.0004148458512294173,S
1792562719,4,-0.0007157759300936428,S
1792562719,4,-0.0004530418183568141,S
2021812431,4,0.0011274421782643262,N
2021812431,4,4.289664517098668e-05,N
2021812431,4,0.002265358500085024,N
2021812431,4,0.0016379004636857264,N
2021812431,4,0.0018990485065124574,N
2473389857,4,-8.982304352900261e-05,C
2473389857,4,0.0013347876197588038,C
2473389857,4,-0.0002177382259918037,C
2473389857,4,0.00016002430670281065,C
2473389857,4,0.0002789327032320932,C
3222770065,4,0.0,C
3222770065,4,0.0,C
3222770065,4,0.0,C
3222770065,4,0.0,C
3222770065,4,0.0,C
4116013187,4,0.0,C
4116013187,4,0.0,C
4116013187,4,0.0,C
4116013187,4,0.0,C
4116013187,4,0.0,C
201130145,4,0.0,C
201130145,4,0.0,C
201130145,4,0.0,C
201130145,4,0.0,C
201130145,4,0.0,C
242735932,4,0.0,C
242735932,4,0.0,C
242735932,4,0.0,C
242735932,4,0.0,C
242735932,4,0.0,C
545884714,4,2.538613697178338e-05,C
545884714,4,-0.00012157713458049724,C
545884714,4,6.301441334632951e-05,C
545884714,4,0.00011788810167545627,C
545884714,4,-4.137940344117741e-05,C
833901780,4,0.0009691279499398631,N
833901780,4,0.0005020388634390249,N
833901780,4,0.0033418307321856355,N
833901780,4,0.0027283475553562253,N
833901780,4,0.003878641946533201,N
936207910,4,0.0,C
936207910,4,0.0,C
936207910,4,0.0,C
936207910,4,0.0,C
936207910,4,0.0,C
966311396,4,-0.0008070000153892476,C
966311396,4,0.0011445855498793955,C
966311396,4,-0.0011717806751049276,C
966311396,4,-0.0006317912305729978,C
966311396,4,-0.0001786002388013408,C
1147977085,4,0.0004552070692482868,C
1147977085,4,4.399052576875562e-06,C
1147977085,4,0.0007328265838609793,C
1147977085,4,0.00023100198414571782,C
1147977085,4,0.0002924053924130421,C
1424298323,4,0.0,C
1424298323,4,0.0,C
1424298323,4,0.0,C
1424298323,4,0.0,C
1424298323,4,0.0,C
1918623435,4,0.0,N
1918623435,4,0.0,N
1918623435,4,0.0,N
1918623435,4,0.0,N
1918623435,4,0.0,N
1935489231,4,0.0,C
1935489231,4,0.0,C
1935489231,4,0.0,C
1935489231,4,0.0,C
1935489231,4,0.0,C
1950697347,4,0.0,N
1950697347,4,0.0,N
1950697347,4,0.0,N
1950697347,4,0.0,N
1950697347,4,0.0,N
2396858788,4,0.0,N
2396858788,4,0.0,N
2396858788,4,0.0,N
2396858788,4,0.0,N
2396858788,4,0.0,N
2598322190,4,0.0,C
2598322190,4,0.0,C
2598322190,4,0.0,C
2598322190,4,0.0,C
2598322190,4,0.0,C
3002759401,4,0.0007338844422810631,C
3002759401,4,0.00032899139926501064,C
3002759401,4,0.0005119068422942963,C
3002759401,4,0.0005970871920654153,C
3002759401,4,-0.001178809686868787,C
3330819572,4,-0.0002492430896557929,C
3330819572,4,0.00014217362467572325,C
3330819572,4,0.00018389151017095262,C
3330819572,4,0.00032585136356722,C
3330819572,4,0.00020696406929154865,C
3352470083,4,0.0,C
3352470083,4,0.0,C
3352470083,4,0.0,C
3352470083,4,0.0,C
3352470083,4,0.0,C
3471652661,4,0.0,O
3471652661,4,0.0,O
3471652661,4,0.0,O
3471652661,4,0.0,O
3471652661,4,0.0,O
3598569199,4,0.0,S
3598569199,4,0.0,S
3598569199,4,0.0,S
3598569199,4,0.0,S
3598569199,4,0.0,S
4232961910,4,0.0,C
4232961910,4,0.0,C
4232961910,4,0.0,C
4232961910,4,0.0,C
4232961910,4,0.0,C
4265716399,4,0.00040200120995770305,N
4265716399,4,-0.00010702547871443979,N
4265716399,4,0.0012588737134162642,N
4265716399,4,-0.00043437230420328987,N
4265716399,4,0.00027217075423036086,N
932711668,4,-1.4719644441552049e-05,N
932711668,4,-1.931158946899547e-05,N
932711668,4,-1.931158946899547e-05,N
932711668,4,-0.00014342498559882788,N
932711668,4,-1.931158946899547e-05,N
2840499317,4,0.0,C
2840499317,4,0.0,C
2840499317,4,0.0,C
2840499317,4,0.0,C
2840499317,4,0.0,C
230678001,4,0.0,C
230678001,4,0.0,C
230678001,4,0.0,C
230678001,4,0.0,C
230678001,4,0.0,C
331407418,4,0.0,C
331407418,4,0.0,C
331407418,4,0.0,C
331407418,4,0.0,C
331407418,4,0.0,C
778732855,4,0.0,C
778732855,4,0.0,C
778732855,4,0.0,C
778732855,4,0.0,C
778732855,4,0.0,C
841278242,4,0.0,N
841278242,4,0.0,N
841278242,4,0.0,N
841278242,4,0.0,N
841278242,4,0.0,N
1185824059,4,0.0,C
1185824059,4,0.0,C
1185824059,4,0.0,C
1185824059,4,0.0,C
1185824059,4,0.0,C
1454566863,4,0.0,N
1454566863,4,0.0,N
1454566863,4,0.0,N
1454566863,4,0.0,N
1454566863,4,0.0,N
1706859301,4,0.0,C
1706859301,4,0.0,C
1706859301,4,0.0,C
1706859301,4,0.0,C
1706859301,4,0.0,C
2148181814,4,0.0,C
2148181814,4,0.0,C
2148181814,4,0.0,C
2148181814,4,0.0,C
2148181814,4,0.0,C
2205812603,4,0.0,C
2205812603,4,0.0,C
2205812603,4,0.0,C
2205812603,4,0.0,C
2205812603,4,0.0,C
3023912528,4,0.0,N
3023912528,4,0.0,N
3023912528,4,0.0,N
3023912528,4,0.0,N
3023912528,4,0.0,N
4255411623,4,0.0,C
4255411623,4,0.0,C
4255411623,4,0.0,C
4255411623,4,0.0,C
4255411623,4,0.0,C
831463242,4,0.0001751620158541023,N
831463242,4,-3.544814769596005e-05,N
831463242,4,-0.00033362733962072344,N
831463242,4,8.204245059406645e-05,N
831463242,4,0.0005755695351538082,N
2308348490,4,0.0011971794715522899,C
2308348490,4,0.0024856623709027525,C
2308348490,4,0.0032891967604904426,C
2308348490,4,0.002945149923707646,C
2308348490,4,0.0012519289284816937,C
2974534217,4,-6.178073138407569e-06,C
2974534217,4,0.0,C
2974534217,4,0.0,C
2974534217,4,-1.9158609786962266e-05,C
2974534217,4,0.0,C
3316044600,4,0.0,C
3316044600,4,0.0,C
3316044600,4,0.0,C
3316044600,4,0.0,C
3316044600,4,0.0,C
3694465428,4,0.0,C
3694465428,4,0.0,C
3694465428,4,0.0,C
3694465428,4,0.0,C
3694465428,4,0.0,C
300029630,4,0.0,C
300029630,4,0.0,C
300029630,4,0.0,C
300029630,4,0.0,C
300029630,4,0.0,C
556861920,4,0.0,C
556861920,4,0.0,C
556861920,4,0.0,C
556861920,4,0.0,C
556861920,4,0.0,C
939279745,4,0.0,N
939279745,4,0.0,N
939279745,4,0.0,N
939279745,4,0.0,N
939279745,4,0.0,N
1054113021,4,0.0,C
1054113021,4,0.0,C
1054113021,4,0.0,C
1054113021,4,0.0,C
1054113021,4,0.0,C
1570535615,4,0.0,C
1570535615,4,0.0,C
1570535615,4,0.0,C
1570535615,4,0.0,C
1570535615,4,0.0,C
1987230342,4,0.0,C
1987230342,4,0.0,C
1987230342,4,0.0,C
1987230342,4,0.0,C
1987230342,4,0.0,C
2530044707,4,0.0,C
2530044707,4,0.0,C
2530044707,4,0.0,C
2530044707,4,0.0,C
2530044707,4,0.0,C
2648041165,4,0.0,N
2648041165,4,0.0,N
2648041165,4,0.0,N
2648041165,4,0.0,N
2648041165,4,0.0,N
2665582005,4,0.0,C
2665582005,4,0.0,C
2665582005,4,0.0,C
2665582005,4,0.0,C
2665582005,4,0.0,C
3346502449,4,0.0,C
3346502449,4,0.0,C
3346502449,4,0.0,C
3346502449,4,0.0,C
3346502449,4,0.0,C
3364286038,4,0.0,C
3364286038,4,0.0,C
3364286038,4,0.0,C
3364286038,4,0.0,C
3364286038,4,0.0,C
778732854,4,0.0,C
778732854,4,0.0,C
778732854,4,0.0,C
778732854,4,0.0,C
778732854,4,0.0,C
189305756,4,0.0,C
189305756,4,0.0,C
189305756,4,0.0,C
189305756,4,0.0,C
189305756,4,0.0,C
371948607,4,0.0,N
371948607,4,0.0,N
371948607,4,0.0,N
371948607,4,0.0,N
371948607,4,0.0,N
405062010,4,0.0,C
405062010,4,0.0,C
405062010,4,0.0,C
405062010,4,0.0,C
405062010,4,0.0,C
554582195,4,0.0,C
554582195,4,0.0,C
554582195,4,0.0,C
554582195,4,0.0,C
554582195,4,0.0,C
781447971,4,0.0,C
781447971,4,0.0,C
781447971,4,0.0,C
781447971,4,0.0,C
781447971,4,0.0,C
2858202198,4,0.0,C
2858202198,4,0.0,C
2858202198,4,0.0,C
2858202198,4,0.0,C
2858202198,4,0.0,C
403803281,4,0.0,C
403803281,4,0.0,C
403803281,4,0.0,C
403803281,4,0.0,C
403803281,4,0.0,C
799720067,4,0.0,N
799720067,4,0.0,N
799720067,4,0.0,N
799720067,4,0.0,N
799720067,4,0.0,N
942105187,4,0.0,O
942105187,4,0.0,O
942105187,4,0.0,O
942105187,4,0.0,O
942105187,4,0.0,O
1549284008,4,0.0002736015022238858,C
1549284008,4,1.0720294015609255e-05,C
1549284008,4,0.0001912565516302145,C
1549284008,4,-2.800348075493453e-05,C
1549284008,4,-0.00015197172801051373,C
1788760918,4,0.0,C
1788760918,4,0.0,C
1788760918,4,0.0,C
1788760918,4,0.0,C
1788760918,4,0.0,C
2030757576,4,0.0,C
2030757576,4,0.0,C
2030757576,4,0.0,C
2030757576,4,0.0,C
2030757576,4,0.0,C
2346739091,4,0.0,C
2346739091,4,0.0,C
2346739091,4,0.0,C
2346739091,4,0.0,C
2346739091,4,0.0,C
2532054344,4,0.0,C
2532054344,4,0.0,C
2532054344,4,0.0,C
2532054344,4,0.0,C
2532054344,4,0.0,C
2725201598,4,0.0,N
2725201598,4,0.0,N
2725201598,4,0.0,N
2725201598,4,0.0,N
2725201598,4,0.0,N
2767041699,4,0.0,C
2767041699,4,0.0,C
2767041699,4,0.0,C
2767041699,4,0.0,C
2767041699,4,0.0,C
2806469715,4,0.0,C
2806469715,4,0.0,C
2806469715,4,0.0,C
2806469715,4,0.0,C
2806469715,4,0.0,C
3062161849,4,0.0,C
3062161849,4,0.0,C
3062161849,4,0.0,C
3062161849,4,0.0,C
3062161849,4,0.0,C
3194233911,4,0.0,C
3194233911,4,0.0,C
3194233911,4,0.0,C
3194233911,4,0.0,C
3194233911,4,0.0,C
3391218824,4,0.0,C
3391218824,4,0.0,C
3391218824,4,0.0,C
3391218824,4,0.0,C
3391218824,4,0.0,C
3941835296,4,0.0,C
3941835296,4,0.0,C
3941835296,4,0.0,C
3941835296,4,0.0,C
3941835296,4,0.0,C
4068677891,4,0.0,C
4068677891,4,0.0,C
4068677891,4,0.0,C
4068677891,4,0.0,C
4068677891,4,0.0,C
4114800826,4,0.0,C
4114800826,4,0.0,C
4114800826,4,0.0,C
4114800826,4,0.0,C
4114800826,4,0.0,C
328936174,4,0.0,C
328936174,4,0.0,C
328936174,4,0.0,C
328936174,4,0.0,C
328936174,4,0.0,C
458993620,4,-0.00027805845299710974,N
458993620,4,7.945768403883058e-05,N
458993620,4,-0.0004765093936489606,N
458993620,4,-0.000743972640614543,N
458993620,4,-0.0006540469852994724,N
934550081,4,0.0019450415862591885,N
934550081,4,0.00042612937550079444,N
934550081,4,0.0019174498004959073,N
934550081,4,0.0023452546477428227,N
934550081,4,0.0016156635447400758,N
409185398,4,0.0,C
409185398,4,0.0,C
409185398,4,0.0,C
409185398,4,0.0,C
409185398,4,0.0,C
636971230,4,-0.00013172347733092504,C
636971230,4,0.0003500017621616003,C
636971230,4,-0.0005154792526742558,C
636971230,4,-0.0007110940748147332,C
636971230,4,-0.0016580284207012852,C
695841657,4,0.0,C
695841657,4,0.0,C
695841657,4,0.0,C
695841657,4,0.0,C
695841657,4,0.0,C
762067053,4,0.0,C
762067053,4,0.0,C
762067053,4,0.0,C
762067053,4,0.0,C
762067053,4,0.0,C
1943918545,4,0.0,C
1943918545,4,0.0,C
1943918545,4,0.0,C
1943918545,4,0.0,C
1943918545,4,0.0,C
2297892197,4,0.0,C
2297892197,4,0.0,C
2297892197,4,0.0,C
2297892197,4,0.0,C
2297892197,4,0.0,C
2483208228,4,0.0,C
2483208228,4,0.0,C
2483208228,4,0.0,C
2483208228,4,0.0,C
2483208228,4,0.0,C
2506939770,4,0.0,N
2506939770,4,0.0,N
2506939770,4,0.0,N
2506939770,4,0.0,N
2506939770,4,0.0,N
2662811161,4,0.0,N
2662811161,4,0.0,N
2662811161,4,0.0,N
2662811161,4,0.0,N
2662811161,4,0.0,N
2826263842,4,0.0,O
2826263842,4,0.0,O
2826263842,4,0.0,O
2826263842,4,0.0,O
2826263842,4,0.0,O
3344936865,4,0.0,C
3344936865,4,0.0,C
3344936865,4,0.0,C
3344936865,4,0.0,C
3344936865,4,0.0,C
3938681396,4,0.0,C
3938681396,4,0.0,C
3938681396,4,0.0,C
3938681396,4,0.0,C
3938681396,4,0.0,C
4002245684,4,0.0,N
4002245684,4,0.0,N
4002245684,4,0.0,N
4002245684,4,0.0,N
4002245684,4,0.0,N
100962550,4,0.0,C
100962550,4,0.0,C
100962550,4,0.0,C
100962550,4,0.0,C
100962550,4,0.0,C
260432667,4,0.0,C
260432667,4,0.0,C
260432667,4,0.0,C
260432667,4,0.0,C
260432667,4,0.0,C
417622085,4,0.0,C
417622085,4,0.0,C
417622085,4,0.0,C
417622085,4,0.0,C
417622085,4,0.0,C
1508145766,4,0.0,N
1508145766,4,0.0,N
1508145766,4,0.0,N
1508145766,4,0.0,N
1508145766,4,0.0,N
2170404731,4,-0.0007161623236938697,C
2170404731,4,-0.00041662738276904143,C
2170404731,4,-0.0006188734625148795,C
2170404731,4,-0.00035311058577480736,C
2170404731,4,-0.0007857304832925571,C
2609110922,4,0.0,C
2609110922,4,0.0,C
2609110922,4,0.0,C
2609110922,4,0.0,C
2609110922,4,0.0,C
3701504231,4,0.0,N
3701504231,4,0.0,N
3701504231,4,0.0,N
3701504231,4,0.0,N
3701504231,4,0.0,N
3930312868,4,0.0,C
3930312868,4,0.0,C
3930312868,4,0.0,C
3930312868,4,0.0,C
3930312868,4,0.0,C
30707086,4,-0.00010080819081936809,C
30707086,4,0.0004578135232207181,C
30707086,4,0.0003307097808451509,C
30707086,4,0.00039392316429787133,C
30707086,4,-4.0688203383543176e-05,C
222023415,4,-0.0012546026716765413,N
222023415,4,-0.0009495903272905837,N
222023415,4,-0.0004472720166293076,N
222023415,4,-0.0008759208660072959,N
222023415,4,-0.0006356818633082018,N
729796064,4,-0.0008240714920140224,C
729796064,4,-0.0013692234848278195,C
729796064,4,-0.0008486811738203093,C
729796064,4,-0.001830311137620777,C
729796064,4,-0.002720654381306753,C
1187730664,4,0.0005903137435695482,C
1187730664,4,-0.0007159658754961606,C
1187730664,4,-0.0006008289869041672,C
1187730664,4,0.0006347648117377425,C
1187730664,4,-0.00015352077577635015,C
2400081732,4,0.0,C
2400081732,4,0.0,C
2400081732,4,0.0,C
2400081732,4,0.0,C
2400081732,4,0.0,C
2425865203,4,0.0,C
2425865203,4,0.0,C
2425865203,4,0.0,C
2425865203,4,0.0,C
2425865203,4,0.0,C
3886201961,4,0.0,C
3886201961,4,0.0,C
3886201961,4,0.0,C
3886201961,4,0.0,C
3886201961,4,0.0,C
4212936508,4,0.00018774899659079747,N
4212936508,4,0.0005878326039020498,N
4212936508,4,-0.0002453722067566888,N
4212936508,4,0.0010769982772774744,N
4212936508,4,-0.000569229012477579,N
60429991,4,0.0,C
60429991,4,0.0,C
60429991,4,0.0,C
60429991,4,0.0,C
60429991,4,0.0,C
287232915,4,0.0,C
287232915,4,0.0,C
287232915,4,0.0,C
287232915,4,0.0,C
287232915,4,0.0,C
305828102,4,-0.00031372688650388447,C
305828102,4,-0.0001275223287403593,C
305828102,4,-0.00029234689108237344,C
305828102,4,-0.0006763199726520508,C
305828102,4,-8.849596402060733e-05,C
645290606,4,0.0,N
645290606,4,0.0,N
645290606,4,0.0,N
645290606,4,0.0,N
645290606,4,0.0,N
715404902,4,0.0,C
715404902,4,0.0,C
715404902,4,0.0,C
715404902,4,0.0,C
715404902,4,0.0,C
746318684,4,0.0,C
746318684,4,0.0,C
746318684,4,0.0,C
746318684,4,0.0,C
746318684,4,0.0,C
884057105,4,0.0,N
884057105,4,0.0,N
884057105,4,0.0,N
884057105,4,0.0,N
884057105,4,0.0,N
1119998199,4,0.0,C
1119998199,4,0.0,C
1119998199,4,0.0,C
1119998199,4,0.0,C
1119998199,4,0.0,C
1350297244,4,0.0,N
1350297244,4,0.0,N
1350297244,4,0.0,N
1350297244,4,0.0,N
1350297244,4,0.0,N
1789923979,4,0.0,C
1789923979,4,0.0,C
1789923979,4,0.0,C
1789923979,4,0.0,C
1789923979,4,0.0,C
2162322537,4,0.0,C
2162322537,4,0.0,C
2162322537,4,0.0,C
2162322537,4,0.0,C
2162322537,4,0.0,C
2299950619,4,0.0,N
2299950619,4,0.0,N
2299950619,4,0.0,N
2299950619,4,0.0,N
2299950619,4,0.0,N
2821184046,4,0.0,C
2821184046,4,0.0,C
2821184046,4,0.0,C
2821184046,4,0.0,C
2821184046,4,0.0,C
2930866781,4,0.0,C
2930866781,4,0.0,C
2930866781,4,0.0,C
2930866781,4,0.0,C
2930866781,4,0.0,C
2987120039,4,0.00033805974599976363,C
2987120039,4,-0.0005607304834929216,C
2987120039,4,0.0002451264016600785,C
2987120039,4,-0.0008668782647629492,C
2987120039,4,-2.2496008152739222e-05,C
3348690903,4,0.0,N
3348690903,4,0.0,N
3348690903,4,0.0,N
3348690903,4,0.0,N
3348690903,4,0.0,N
3735507473,4,0.0,C
3735507473,4,0.0,C
3735507473,4,0.0,C
3735507473,4,0.0,C
3735507473,4,0.0,C
4033378718,4,0.0,C
4033378718,4,0.0,C
4033378718,4,0.0,C
4033378718,4,0.0,C
4033378718,4,0.0,C
662511025,4,-0.0007200744726806318,N
662511025,4,0.0008717159989166667,N
662511025,4,0.0021570650301864225,N
662511025,4,-0.0001261004156446477,N
662511025,4,0.0003621035909352477,N
2310395539,4,0.0,C
2310395539,4,0.0,C
2310395539,4,0.0,C
2310395539,4,0.0,C
2310395539,4,0.0,C
3119383463,4,1.2204412938809917e-05,C
3119383463,4,1.2204412938809917e-05,C
3119383463,4,3.012121529366585e-05,C
3119383463,4,1.2204412938809917e-05,C
3119383463,4,1.2204412938809917e-05,C
128522177,4,0.0,C
128522177,4,0.0,C
128522177,4,0.0,C
128522177,4,0.0,C
128522177,4,0.0,C
358788357,4,0.0,C
358788357,4,0.0,C
358788357,4,0.0,C
358788357,4,0.0,C
358788357,4,0.0,C
417995860,4,0.0,N
417995860,4,0.0,N
417995860,4,0.0,N
417995860,4,0.0,N
417995860,4,0.0,N
571413391,4,0.0,N
571413391,4,0.0,N
571413391,4,0.0,N
571413391,4,0.0,N
571413391,4,0.0,N
746542050,4,0.0,N
746542050,4,0.0,N
746542050,4,0.0,N
746542050,4,0.0,N
746542050,4,0.0,N
1226425884,4,0.0,C
1226425884,4,0.0,C
1226425884,4,0.0,C
1226425884,4,0.0,C
1226425884,4,0.0,C
1617093318,4,0.0,C
1617093318,4,0.0,C
1617093318,4,0.0,C
1617093318,4,0.0,C
1617093318,4,0.0,C
1853715860,4,0.0,C
1853715860,4,0.0,C
1853715860,4,0.0,C
1853715860,4,0.0,C
1853715860,4,0.0,C
2211718247,4,0.0,C
2211718247,4,0.0,C
2211718247,4,0.0,C
2211718247,4,0.0,C
2211718247,4,0.0,C
2347776210,4,0.0,C
2347776210,4,0.0,C
2347776210,4,0.0,C
2347776210,4,0.0,C
2347776210,4,0.0,C
2641560504,4,0.0,C
2641560504,4,0.0,C
2641560504,4,0.0,C
2641560504,4,0.0,C
2641560504,4,0.0,C
3160601726,4,0.0,N
3160601726,4,0.0,N
3160601726,4,0.0,N
3160601726,4,0.0,N
3160601726,4,0.0,N
3209815398,4,0.0,N
3209815398,4,0.0,N
3209815398,4,0.0,N
3209815398,4,0.0,N
3209815398,4,0.0,N
3595863686,4,0.0,C
3595863686,4,0.0,C
3595863686,4,0.0,C
3595863686,4,0.0,C
3595863686,4,0.0,C
3595891795,4,0.0,C
3595891795,4,0.0,C
3595891795,4,0.0,C
3595891795,4,0.0,C
3595891795,4,0.0,C
3600446318,4,0.0,C
3600446318,4,0.0,C
3600446318,4,0.0,C
3600446318,4,0.0,C
3600446318,4,0.0,C
3904721945,4,0.0003734092117680943,C
3904721945,4,0.000538786900419419,C
3904721945,4,-0.0001465826611822818,C
3904721945,4,-0.00015489981903260563,C
3904721945,4,3.412513109413151e-05,C
2617658656,4,0.0,C
2617658656,4,0.0,C
2617658656,4,0.0,C
2617658656,4,0.0,C
2617658656,4,0.0,C
81456112,4,0.0,C
81456112,4,0.0,C
81456112,4,0.0,C
81456112,4,0.0,C
81456112,4,0.0,C
253518567,4,0.00010290365398157864,C
253518567,4,-0.00037009518181019274,C
253518567,4,-6.491256762408693e-05,C
253518567,4,-0.00012247243967555832,C
253518567,4,-0.0002056064193062257,C
256204769,4,0.0,C
256204769,4,0.0,C
256204769,4,0.0,C
256204769,4,0.0,C
256204769,4,0.0,C
476060908,4,-0.0005053969439154926,C
476060908,4,-0.0005942638592241201,C
476060908,4,-0.0002991336668828337,C
476060908,4,-0.00013021806075297349,C
476060908,4,-0.0005279535720640327,C
564771590,4,0.0,C
564771590,4,0.0,C
564771590,4,0.0,C
564771590,4,0.0,C
564771590,4,0.0,C
661888323,4,0.001423741635931064,C
661888323,4,0.0007338311477613768,C
661888323,4,-0.0026782948918953053,C
661888323,4,0.0012640191988254612,C
661888323,4,0.0010760207756108642,C
818767036,4,0.0,C
818767036,4,0.0,C
818767036,4,0.0,C
818767036,4,0.0,C
818767036,4,0.0,C
1091340519,4,0.0,C
1091340519,4,0.0,C
1091340519,4,0.0,C
1091340519,4,0.0,C
1091340519,4,0.0,C
1617222861,4,0.0,N
1617222861,4,0.0,N
1617222861,4,0.0,N
1617222861,4,0.0,N
1617222861,4,0.0,N
2512623809,4,0.0005615988473668398,C
2512623809,4,0.000557492730352882,C
2512623809,4,0.0005080559241166238,C
2512623809,4,0.0002876724683176235,C
2512623809,4,0.0004707409436968124,C
2889160788,4,0.0,N
2889160788,4,0.0,N
2889160788,4,0.0,N
2889160788,4,0.0,N
2889160788,4,0.0,N
2893839638,4,0.0,C
2893839638,4,0.0,C
2893839638,4,0.0,C
2893839638,4,0.0,C
2893839638,4,0.0,C
3261995957,4,0.0,C
3261995957,4,0.0,C
3261995957,4,0.0,C
3261995957,4,0.0,C
3261995957,4,0.0,C
3787488754,4,0.0,C
3787488754,4,0.0,C
3787488754,4,0.0,C
3787488754,4,0.0,C
3787488754,4,0.0,C
3796359118,4,0.0019221068947394837,C
3796359118,4,0.005724535019247301,C
3796359118,4,0.003162426173661359,C
3796359118,4,0.003017417744578532,C
3796359118,4,0.005186195165796104,C
3968717672,4,0.0,N
3968717672,4,0.0,N
3968717672,4,0.0,N
3968717672,4,0.0,N
3968717672,4,0.0,N
4003276113,4,0.0,C
4003276113,4,0.0,C
4003276113,4,0.0,C
4003276113,4,0.0,C
4003276113,4,0.0,C
4012121575,4,0.0,C
4012121575,4,0.0,C
4012121575,4,0.0,C
4012121575,4,0.0,C
4012121575,4,0.0,C
1912836315,4,0.0,N
1912836315,4,0.0,N
1912836315,4,0.0,N
1912836315,4,0.0,N
1912836315,4,0.0,N
3457964313,4,0.0023628808067015505,N
3457964313,4,0.0017412389101156833,N
3457964313,4,0.00289018725174095,N
3457964313,4,0.0034677831212346355,N
3457964313,4,0.0033316524481058485,N
3482873808,4,-0.0027424603005804515,C
3482873808,4,-0.0012228676768307745,C
3482873808,4,0.0010307362296239075,C
3482873808,4,0.0015365856874088868,C
3482873808,4,0.001068819259715359,C
3889081300,4,0.00015626334885099347,C
3889081300,4,-0.00028453160865093974,C
3889081300,4,-0.000663036442933862,C
3889081300,4,0.00011306331839999739,C
3889081300,4,6.436570696455313e-05,C
128657259,4,0.0,C
128657259,4,0.0,C
128657259,4,0.0,C
128657259,4,0.0,C
128657259,4,0.0,C
192298547,4,0.0,C
192298547,4,0.0,C
192298547,4,0.0,C
192298547,4,0.0,C
192298547,4,0.0,C
594658892,4,0.0,C
594658892,4,0.0,C
594658892,4,0.0,C
594658892,4,0.0,C
594658892,4,0.0,C
598859535,4,0.0,C
598859535,4,0.0,C
598859535,4,0.0,C
598859535,4,0.0,C
598859535,4,0.0,C
698395004,4,0.0028236855429486507,C
698395004,4,-0.00016363637354976923,C
698395004,4,0.00023043821644341822,C
698395004,4,0.0021755169368490312,C
698395004,4,0.0016985958928285028,C
710118558,4,0.0,C
710118558,4,0.0,C
710118558,4,0.0,C
710118558,4,0.0,C
710118558,4,0.0,C
1282066571,4,0.0,C
1282066571,4,0.0,C
1282066571,4,0.0,C
1282066571,4,0.0,C
1282066571,4,0.0,C
1407073473,4,0.0,N
1407073473,4,0.0,N
1407073473,4,0.0,N
1407073473,4,0.0,N
1407073473,4,0.0,N
1615627369,4,0.0,N
1615627369,4,0.0,N
1615627369,4,0.0,N
1615627369,4,0.0,N
1615627369,4,0.0,N
1648314920,4,0.0,N
1648314920,4,0.0,N
1648314920,4,0.0,N
1648314920,4,0.0,N
1648314920,4,0.0,N
1805557757,4,0.0,N
1805557757,4,0.0,N
1805557757,4,0.0,N
1805557757,4,0.0,N
1805557757,4,0.0,N
2064487208,4,0.0,C
2064487208,4,0.0,C
2064487208,4,0.0,C
2064487208,4,0.0,C
2064487208,4,0.0,C
2106698969,4,0.0,C
2106698969,4,0.0,C
2106698969,4,0.0,C
2106698969,4,0.0,C
2106698969,4,0.0,C
2612466107,4,0.0,C
2612466107,4,0.0,C
2612466107,4,0.0,C
2612466107,4,0.0,C
2612466107,4,0.0,C
2659408927,4,0.0,C
2659408927,4,0.0,C
2659408927,4,0.0,C
2659408927,4,0.0,C
2659408927,4,0.0,C
2732776273,4,0.0,C
2732776273,4,0.0,C
2732776273,4,0.0,C
2732776273,4,0.0,C
2732776273,4,0.0,C
3009655663,4,0.0,N
3009655663,4,0.0,N
3009655663,4,0.0,N
3009655663,4,0.0,N
3009655663,4,0.0,N
3056534737,4,0.0,N
3056534737,4,0.0,N
3056534737,4,0.0,N
3056534737,4,0.0,N
3056534737,4,0.0,N
3271309638,4,0.0,C
3271309638,4,0.0,C
3271309638,4,0.0,C
3271309638,4,0.0,C
3271309638,4,0.0,C
3421997501,4,0.0,C
3421997501,4,0.0,C
3421997501,4,0.0,C
3421997501,4,0.0,C
3421997501,4,0.0,C
692277943,4,0.0,N
692277943,4,0.0,N
692277943,4,0.0,N
692277943,4,0.0,N
692277943,4,0.0,N
1620258790,4,0.0,N
1620258790,4,0.0,N
1620258790,4,0.0,N
1620258790,4,0.0,N
1620258790,4,0.0,N
1600048,4,0.0001697989643184572,N
1600048,4,0.0,N
1600048,4,0.00017823288782436997,N
1600048,4,0.00017823288782436997,N
1600048,4,0.0001785606032321807,N
514870344,4,0.0,C
514870344,4,0.0,C
514870344,4,0.0,C
514870344,4,0.0,C
514870344,4,0.0,C
613390970,4,0.0,C
613390970,4,0.0,C
613390970,4,0.0,C
613390970,4,0.0,C
613390970,4,0.0,C
1196782798,4,0.0,C
1196782798,4,0.0,C
1196782798,4,0.0,C
1196782798,4,0.0,C
1196782798,4,0.0,C
1940576386,4,0.0,C
1940576386,4,0.0,C
1940576386,4,0.0,C
1940576386,4,0.0,C
1940576386,4,0.0,C
1975226074,4,0.0,N
1975226074,4,0.0,N
1975226074,4,0.0,N
1975226074,4,0.0,N
1975226074,4,0.0,N
2614860224,4,-0.00038317246487906687,C
2614860224,4,0.000357267975629072,C
2614860224,4,-0.0018944250305773513,C
2614860224,4,-0.003065444420426555,C
2614860224,4,-0.001422652706336569,C
2905822145,4,-4.9180856510622206e-05,C
2905822145,4,-4.9180856510622206e-05,C
2905822145,4,-4.9180856510622206e-05,C
2905822145,4,-7.0760143170423e-05,C
2905822145,4,-3.972838941368462e-05,C
2914536168,4,0.0003652963546306731,C
2914536168,4,0.0008742593385089314,C
2914536168,4,0.0005740404010533551,C
2914536168,4,-2.1101320045846528e-05,C
2914536168,4,-0.0010037770544554236,C
2965143722,4,0.0,C
2965143722,4,0.0,C
2965143722,4,0.0,C
2965143722,4,0.0,C
2965143722,4,0.0,C
2977977841,4,0.0,N
2977977841,4,0.0,N
2977977841,4,0.0,N
2977977841,4,0.0,N
2977977841,4,0.0,N
3244372419,4,0.0,C
3244372419,4,0.0,C
3244372419,4,0.0,C
3244372419,4,0.0,C
3244372419,4,0.0,C
3513840186,4,0.0,C
3513840186,4,0.0,C
3513840186,4,0.0,C
3513840186,4,0.0,C
3513840186,4,0.0,C
3777584818,4,0.0,C
3777584818,4,0.0,C
3777584818,4,0.0,C
3777584818,4,0.0,C
3777584818,4,0.0,C
3869736299,4,0.0,C
3869736299,4,0.0,C
3869736299,4,0.0,C
3869736299,4,0.0,C
3869736299,4,0.0,C
3873306213,4,-4.280384828325712e-05,N
3873306213,4,-5.891200562380128e-05,N
3873306213,4,-6.465868833871458e-05,N
3873306213,4,-0.00011762264905634812,N
3873306213,4,-3.309793336503386e-05,N
3927757939,4,0.0,C
3927757939,4,0.0,C
3927757939,4,0.0,C
3927757939,4,0.0,C
3927757939,4,0.0,C
3975317568,4,0.0,C
3975317568,4,0.0,C
3975317568,4,0.0,C
3975317568,4,0.0,C
3975317568,4,0.0,C
913310822,4,0.008742378487292757,C
913310822,4,0.006477544681286362,C
913310822,4,0.004549837498630582,C
913310822,4,0.007605831771887228,C
913310822,4,0.004881101595742066,C
3345225135,4,-0.0008429778612850658,N
3345225135,4,0.0007132402382760139,N
3345225135,4,8.717975250771559e-05,N
3345225135,4,1.771963472085858e-05,N
3345225135,4,-0.0009574069768246707,N
575877237,4,0.0,C
575877237,4,0.0,C
575877237,4,0.0,C
575877237,4,0.0,C
575877237,4,0.0,C
773497988,4,0.0,N
773497988,4,0.0,N
773497988,4,0.0,N
773497988,4,0.0,N
773497988,4,0.0,N
887349181,4,0.0,N
887349181,4,0.0,N
887349181,4,0.0,N
887349181,4,0.0,N
887349181,4,0.0,N
980509515,4,0.0,C
980509515,4,0.0,C
980509515,4,0.0,C
980509515,4,0.0,C
980509515,4,0.0,C
1103832125,4,0.0,C
1103832125,4,0.0,C
1103832125,4,0.0,C
1103832125,4,0.0,C
1103832125,4,0.0,C
1182622762,4,0.004866833341169552,C
1182622762,4,0.0026018633144231362,C
1182622762,4,0.004952170155736457,C
1182622762,4,0.0032768082021785716,C
1182622762,4,0.0016575421686437775,C
1460642244,4,0.0,C
1460642244,4,0.0,C
1460642244,4,0.0,C
1460642244,4,0.0,C
1460642244,4,0.0,C
1502159688,4,1.1267676711779195e-05,C
1502159688,4,1.1267676711779195e-05,C
1502159688,4,1.1267676711779195e-05,C
1502159688,4,1.1267676711779195e-05,C
1502159688,4,1.1267676711779195e-05,C
1619299783,4,0.0,C
1619299783,4,0.0,C
1619299783,4,0.0,C
1619299783,4,0.0,C
1619299783,4,0.0,C
1976473596,4,0.0,C
1976473596,4,0.0,C
1976473596,4,0.0,C
1976473596,4,0.0,C
1976473596,4,0.0,C
2003124847,4,0.0,C
2003124847,4,0.0,C
2003124847,4,0.0,C
2003124847,4,0.0,C
2003124847,4,0.0,C
2233928532,4,0.0,C
2233928532,4,0.0,C
2233928532,4,0.0,C
2233928532,4,0.0,C
2233928532,4,0.0,C
2923200147,4,-7.167655542006379e-05,C
2923200147,4,-1.6633640945840078e-05,C
2923200147,4,-8.362762394931167e-05,C
2923200147,4,-9.600711644186521e-05,C
2923200147,4,-0.00014784511456511495,C
3404106711,4,0.0,N
3404106711,4,0.0,N
3404106711,4,0.0,N
3404106711,4,0.0,N
3404106711,4,0.0,N
618671879,4,0.0011799799294559543,C
618671879,4,0.0014658264044753455,C
618671879,4,8.608259506071025e-05,C
618671879,4,0.0006694633275288187,C
618671879,4,0.00014172106422760677,C
970433791,4,0.0008023758353709054,C
970433791,4,0.0005171792386283736,C
970433791,4,0.001239237268461757,C
970433791,4,0.00019530004072532137,C
970433791,4,0.0021172263818430848,C
2369690741,4,0.0005639076420603795,C
2369690741,4,6.085341911288289e-05,C
2369690741,4,-0.00019654937786950377,C
2369690741,4,0.0006940792970994147,C
2369690741,4,0.0008307684517419034,C
2687950697,4,-0.00026372673281416237,C
2687950697,4,-0.0005036496165514714,C
2687950697,4,-0.0005898579876496557,C
2687950697,4,-0.0006949791097277114,C
2687950697,4,-0.0004304014184657312,C
3044751281,4,-0.0002787889484344719,N
3044751281,4,0.000231126812855309,N
3044751281,4,0.00024237271637894686,N
3044751281,4,0.0001232526528932576,N
3044751281,4,0.00028617449796253247,N
4036277955,4,-0.0017973090193859065,C
4036277955,4,-0.001925776941130497,C
4036277955,4,-0.0016395870281821212,C
4036277955,4,-0.0016125984032245855,C
4036277955,4,-0.0011233027970993792,C
162451061,4,0.0,C
162451061,4,0.0,C
162451061,4,0.0,C
162451061,4,0.0,C
162451061,4,0.0,C
360746412,4,0.0,C
360746412,4,0.0,C
360746412,4,0.0,C
360746412,4,0.0,C
360746412,4,0.0,C
517432093,4,-0.00034539834334401665,C
517432093,4,-0.0005867917619556406,C
517432093,4,-0.0005107288360112205,C
517432093,4,-0.00021305414080963203,C
517432093,4,-0.0001695344662391296,C
588583197,4,0.0,N
588583197,4,0.0,N
588583197,4,0.0,N
588583197,4,0.0,N
588583197,4,0.0,N
700366059,4,0.0,C
700366059,4,0.0,C
700366059,4,0.0,C
700366059,4,0.0,C
700366059,4,0.0,C
972212618,4,0.0,C
972212618,4,0.0,C
972212618,4,0.0,C
972212618,4,0.0,C
972212618,4,0.0,C
1085951520,4,0.0,C
1085951520,4,0.0,C
1085951520,4,0.0,C
1085951520,4,0.0,C
1085951520,4,0.0,C
1640551393,4,0.0,C
1640551393,4,0.0,C
1640551393,4,0.0,C
1640551393,4,0.0,C
1640551393,4,0.0,C
1659746977,4,0.0,C
1659746977,4,0.0,C
1659746977,4,0.0,C
1659746977,4,0.0,C
1659746977,4,0.0,C
1746956355,4,0.0,C
1746956355,4,0.0,C
1746956355,4,0.0,C
1746956355,4,0.0,C
1746956355,4,0.0,C
1782103841,4,0.0,C
1782103841,4,0.0,C
1782103841,4,0.0,C
1782103841,4,0.0,C
1782103841,4,0.0,C
1928643610,4,0.0,N
1928643610,4,0.0,N
1928643610,4,0.0,N
1928643610,4,0.0,N
1928643610,4,0.0,N
2083345085,4,0.0,C
2083345085,4,0.0,C
2083345085,4,0.0,C
2083345085,4,0.0,C
2083345085,4,0.0,C
2253487798,4,0.0,C
2253487798,4,0.0,C
2253487798,4,0.0,C
2253487798,4,0.0,C
2253487798,4,0.0,C
2363766683,4,0.0,N
2363766683,4,0.0,N
2363766683,4,0.0,N
2363766683,4,0.0,N
2363766683,4,0.0,N
2452950201,4,0.0,C
2452950201,4,0.0,C
2452950201,4,0.0,C
2452950201,4,0.0,C
2452950201,4,0.0,C
2649179154,4,0.0,C
2649179154,4,0.0,C
2649179154,4,0.0,C
2649179154,4,0.0,C
2649179154,4,0.0,C
2871620237,4,0.0,C
2871620237,4,0.0,C
2871620237,4,0.0,C
2871620237,4,0.0,C
2871620237,4,0.0,C
2959332130,4,0.00020993309716488273,C
2959332130,4,0.000303140249058087,C
2959332130,4,0.00028442521243043917,C
2959332130,4,2.8034180286740096e-05,C
2959332130,4,0.0004303312121993752,C
2975850206,4,0.0,N
2975850206,4,0.0,N
2975850206,4,0.0,N
2975850206,4,0.0,N
2975850206,4,0.0,N
3790270853,4,0.0,N
3790270853,4,0.0,N
3790270853,4,0.0,N
3790270853,4,0.0,N
3790270853,4,0.0,N
4084104128,4,0.0,C
4084104128,4,0.0,C
4084104128,4,0.0,C
4084104128,4,0.0,C
4084104128,4,0.0,C
4139827362,4,0.0,C
4139827362,4,0.0,C
4139827362,4,0.0,C
4139827362,4,0.0,C
4139827362,4,0.0,C
606428793,4,2.282698264655103e-05,C
606428793,4,2.282698264655103e-05,C
606428793,4,2.282698264655103e-05,C
606428793,4,2.282698264655103e-05,C
606428793,4,2.282698264655103e-05,C
1163048604,4,-0.0004295779770316921,C
1163048604,4,-0.0004625270259233094,C
1163048604,4,-0.00011449023608078868,C
1163048604,4,7.361297396235589e-05,C
1163048604,4,-0.0003082505663528634,C
146938217,4,0.0,C
146938217,4,0.0,C
146938217,4,0.0,C
146938217,4,0.0,C
146938217,4,0.0,C
158446930,4,0.0,C
158446930,4,0.0,C
158446930,4,0.0,C
158446930,4,0.0,C
158446930,4,0.0,C
365734419,4,0.0,C
365734419,4,0.0,C
365734419,4,0.0,C
365734419,4,0.0,C
365734419,4,0.0,C
771723397,4,0.0,N
771723397,4,0.0,N
771723397,4,0.0,N
771723397,4,0.0,N
771723397,4,0.0,N
1024158439,4,0.0,C
1024158439,4,0.0,C
1024158439,4,0.0,C
1024158439,4,0.0,C
1024158439,4,0.0,C
1155611512,4,0.0,C
1155611512,4,0.0,C
1155611512,4,0.0,C
1155611512,4,0.0,C
1155611512,4,0.0,C
1189676512,4,0.0,C
1189676512,4,0.0,C
1189676512,4,0.0,C
1189676512,4,0.0,C
1189676512,4,0.0,C
1795401471,4,0.0,N
1795401471,4,0.0,N
1795401471,4,0.0,N
1795401471,4,0.0,N
1795401471,4,0.0,N
1842875217,4,0.0,C
1842875217,4,0.0,C
1842875217,4,0.0,C
1842875217,4,0.0,C
1842875217,4,0.0,C
3012080282,4,3.5880724967962685e-05,C
3012080282,4,4.350277014797399e-05,C
3012080282,4,-4.649438758441704e-06,C
3012080282,4,-0.00016321833390853246,C
3012080282,4,-5.4964366612342275e-05,C
3136639252,4,0.0,C
3136639252,4,0.0,C
3136639252,4,0.0,C
3136639252,4,0.0,C
3136639252,4,0.0,C
3737010417,4,0.0,C
3737010417,4,0.0,C
3737010417,4,0.0,C
3737010417,4,0.0,C
3737010417,4,0.0,C
2092139921,4,0.0,C
2092139921,4,0.0,C
2092139921,4,0.0,C
2092139921,4,0.0,C
2092139921,4,0.0,C
2260712803,4,0.0,C
2260712803,4,0.0,C
2260712803,4,0.0,C
2260712803,4,0.0,C
2260712803,4,0.0,C
431202968,4,0.0002186384509779149,O
431202968,4,7.431786777800653e-05,O
431202968,4,-4.889719416145688e-05,O
431202968,4,-3.0223455504629904e-05,O
431202968,4,-9.82142997919544e-05,O
600377156,4,0.0,C
600377156,4,0.0,C
600377156,4,0.0,C
600377156,4,0.0,C
600377156,4,0.0,C
829754261,4,-0.0026103244633243206,C
829754261,4,-0.002384462439878665,C
829754261,4,-0.0025696251416923444,C
829754261,4,-0.002724967018123192,C
829754261,4,-0.0015472189545209236,C
3777243454,4,0.0003599602285496717,C
3777243454,4,0.0001411192853447707,C
3777243454,4,0.0004826112394719084,C
3777243454,4,0.0013587828944018332,C
3777243454,4,0.0031573885516325007,C
3917497376,4,0.0,C
3917497376,4,0.0,C
3917497376,4,0.0,C
3917497376,4,0.0,C
3917497376,4,0.0,C
3992410619,4,0.001208036034996418,C
3992410619,4,0.00017962101556223686,C
3992410619,4,-0.0007695755797845205,C
3992410619,4,-0.0017237253751387627,C
3992410619,4,-0.0032045891610125166,C
683707489,4,0.0,N
683707489,4,0.0,N
683707489,4,0.0,N
683707489,4,0.0,N
683707489,4,0.0,N
830985528,4,0.0,N
830985528,4,0.0,N
830985528,4,0.0,N
830985528,4,0.0,N
830985528,4,0.0,N
969309216,4,0.0,N
969309216,4,0.0,N
969309216,4,0.0,N
969309216,4,0.0,N
969309216,4,0.0,N
1633777018,4,0.0,C
1633777018,4,0.0,C
1633777018,4,0.0,C
1633777018,4,0.0,C
1633777018,4,0.0,C
2329183264,4,0.0,N
2329183264,4,0.0,N
2329183264,4,0.0,N
2329183264,4,0.0,N
2329183264,4,0.0,N
3249389781,4,0.0,C
3249389781,4,0.0,C
3249389781,4,0.0,C
3249389781,4,0.0,C
3249389781,4,0.0,C
3394178578,4,0.0,C
3394178578,4,0.0,C
3394178578,4,0.0,C
3394178578,4,0.0,C
3394178578,4,0.0,C
3564721854,4,0.0,O
3564721854,4,0.0,O
3564721854,4,0.0,O
3564721854,4,0.0,O
3564721854,4,0.0,O
3645962415,4,0.0,C
3645962415,4,0.0,C
3645962415,4,0.0,C
3645962415,4,0.0,C
3645962415,4,0.0,C
3783734726,4,0.0,C
3783734726,4,0.0,C
3783734726,4,0.0,C
3783734726,4,0.0,C
3783734726,4,0.0,C
3825351850,4,0.0,C
3825351850,4,0.0,C
3825351850,4,0.0,C
3825351850,4,0.0,C
3825351850,4,0.0,C
3937808328,4,0.0,C
3937808328,4,0.0,C
3937808328,4,0.0,C
3937808328,4,0.0,C
3937808328,4,0.0,C
4098238333,4,0.0,C
4098238333,4,0.0,C
4098238333,4,0.0,C
4098238333,4,0.0,C
4098238333,4,0.0,C
2010446245,4,0.00047403123808098524,C
2010446245,4,0.0009384218240940934,C
2010446245,4,0.0008656565036930797,C
2010446245,4,0.00045571710956104905,C
2010446245,4,0.0001946513107408121,C
104601905,4,0.0,C
104601905,4,0.0,C
104601905,4,0.0,C
104601905,4,0.0,C
104601905,4,0.0,C
480757840,4,0.0,C
480757840,4,0.0,C
480757840,4,0.0,C
480757840,4,0.0,C
480757840,4,0.0,C
511170092,4,0.0,C
511170092,4,0.0,C
511170092,4,0.0,C
511170092,4,0.0,C
511170092,4,0.0,C
543277772,4,0.0,N
543277772,4,0.0,N
543277772,4,0.0,N
543277772,4,0.0,N
543277772,4,0.0,N
970519089,4,0.0,N
970519089,4,0.0,N
970519089,4,0.0,N
970519089,4,0.0,N
970519089,4,0.0,N
1341222171,4,0.0,C
1341222171,4,0.0,C
1341222171,4,0.0,C
1341222171,4,0.0,C
1341222171,4,0.0,C
1465027698,4,-0.0005112245071676735,C
1465027698,4,-0.0015769134835047494,C
1465027698,4,-0.0006153173859005934,C
1465027698,4,0.004563337720692062,C
1465027698,4,0.00039805412509485993,C
2022575067,4,0.0,C
2022575067,4,0.0,C
2022575067,4,0.0,C
2022575067,4,0.0,C
2022575067,4,0.0,C
2657601682,4,0.0,C
2657601682,4,0.0,C
2657601682,4,0.0,C
2657601682,4,0.0,C
2657601682,4,0.0,C
3053981858,4,0.0,C
3053981858,4,0.0,C
3053981858,4,0.0,C
3053981858,4,0.0,C
3053981858,4,0.0,C
3070730034,4,8.64900395413093e-05,O
3070730034,4,-0.00014204305738729772,O
3070730034,4,0.00013261711877166071,O
3070730034,4,0.00024199730972818134,O
3070730034,4,-2.684938139163595e-05,O
3618348383,4,0.0,N
3618348383,4,0.0,N
3618348383,4,0.0,N
3618348383,4,0.0,N
3618348383,4,0.0,N
3751635473,4,0.0,N
3751635473,4,0.0,N
3751635473,4,0.0,N
3751635473,4,0.0,N
3751635473,4,0.0,N
3794207567,4,1.902296122691105e-05,C
3794207567,4,-0.0004070166964794675,C
3794207567,4,0.00016235738758718643,C
3794207567,4,0.00015680327964440188,C
3794207567,4,-0.0008109178580010257,C
3906451376,4,0.0,C
3906451376,4,0.0,C
3906451376,4,0.0,C
3906451376,4,0.0,C
3906451376,4,0.0,C
4144272315,4,0.0,C
4144272315,4,0.0,C
4144272315,4,0.0,C
4144272315,4,0.0,C
4144272315,4,0.0,C
849275503,4,0.0,N
849275503,4,0.0,N
849275503,4,0.0,N
849275503,4,0.0,N
849275503,4,0.0,N
2271053895,4,0.0,S
2271053895,4,0.0,S
2271053895,4,0.0,S
2271053895,4,0.0,S
2271053895,4,0.0,S
2765522949,4,0.0,C
2765522949,4,0.0,C
2765522949,4,0.0,C
2765522949,4,0.0,C
2765522949,4,0.0,C
3386854121,4,0.0,N
3386854121,4,0.0,N
3386854121,4,0.0,N
3386854121,4,0.0,N
3386854121,4,0.0,N
3835273908,4,0.008419516005312433,C
3835273908,4,0.006139718225719015,C
3835273908,4,0.01468070120657261,C
3835273908,4,0.010697042006487578,C
3835273908,4,0.005383272376858095,C
16828163,4,0.0,C
16828163,4,0.0,C
16828163,4,0.0,C
16828163,4,0.0,C
16828163,4,0.0,C
19852674,4,-0.000961228595040664,C
19852674,4,0.0018418992377564614,C
19852674,4,0.0009412865728770647,C
19852674,4,-0.0014482171072404126,C
19852674,4,0.0009393254579764809,C
92620239,4,-0.00028691433767991104,C
92620239,4,0.00031504128088610805,C
92620239,4,0.0014180214801039481,C
92620239,4,0.0014237954052999102,C
92620239,4,0.0026901498460570883,C
