Substructure,Fold,Importance,Central Atom
848128881,0,0.04057363760318644,N
848128881,0,0.053260752801547184,N
848128881,0,0.04369988977579764,N
848128881,0,0.04456006859312933,N
848128881,0,0.053434942753055714,N
864674487,0,0.032595863357795296,O
864674487,0,0.019859626515140394,O
864674487,0,0.019395098392195997,O
864674487,0,0.02709428521559687,O
864674487,0,0.03029440684676099,O
864942730,0,0.2693459123250781,O
864942730,0,0.24199906222006395,O
864942730,0,0.23673840946089464,O
864942730,0,0.2908357503583372,O
864942730,0,0.2683599997931627,O
2246699815,0,0.009930001022625201,C
2246699815,0,0.005339504064790113,C
2246699815,0,0.015361200384034879,C
2246699815,0,0.008514097021606548,C
2246699815,0,0.01458016529773798,C
2246728737,0,-0.009211867691387599,C
2246728737,0,0.007605113912945605,C
2246728737,0,-0.0011446698740684713,C
2246728737,0,0.013196302350111822,C
2246728737,0,-0.004049120599743716,C
3217380708,0,0.007320960311906544,C
3217380708,0,0.010740099147516835,C
3217380708,0,0.011549657324394058,C
3217380708,0,0.007590487704379312,C
3217380708,0,0.03259610208556285,C
3218693969,0,0.008058041568431706,C
3218693969,0,0.006815229460228056,C
3218693969,0,0.008058160642152812,C
3218693969,0,0.006346347239609362,C
3218693969,0,0.00512579615202069,C
951226070,0,-0.013191266224887421,C
951226070,0,-0.010078074832260753,C
951226070,0,-0.006695468937207849,C
951226070,0,-0.014666889639994296,C
951226070,0,-0.0021151801313860075,C
994637429,0,-0.00010469910583610353,N
994637429,0,-0.00022255947349258953,N
994637429,0,9.040110589486616e-05,N
994637429,0,0.0001104315767891384,N
994637429,0,-0.0004438051440411872,N
1510328189,0,0.003536561050040854,O
1510328189,0,0.0016437015531998167,O
1510328189,0,0.004634715394665867,O
1510328189,0,0.003120585928247821,O
1510328189,0,0.006758827509100618,O
1738265797,0,0.0006214728486265697,C
1738265797,0,0.0006299810143037821,C
1738265797,0,0.0010463701095477784,C
1738265797,0,0.0008999436445672471,C
1738265797,0,-0.00019418682882232918,C
2076190208,0,-9.872865159987754e-05,O
2076190208,0,0.001779100805303635,O
2076190208,0,-0.0005480322411377525,O
2076190208,0,-0.00492276180914375,O
2076190208,0,0.00059636187584855,O
2994748777,0,0.0,C
2994748777,0,0.0,C
2994748777,0,0.0,C
2994748777,0,0.0,C
2994748777,0,0.0,C
3162837314,0,0.00010673736773436637,C
3162837314,0,0.00010673736773436637,C
3162837314,0,0.00010673736773436637,C
3162837314,0,0.00010673736773436637,C
3162837314,0,0.00010673736773436637,C
3818546315,0,0.009042523324488072,C
3818546315,0,0.008421248856232744,C
3818546315,0,0.009679088864012142,C
3818546315,0,0.012012989295380194,C
3818546315,0,0.011173324304641796,C
3975275337,0,0.0004869848914039743,C
3975275337,0,0.00044155305151316604,C
3975275337,0,-0.0003588948947376158,C
3975275337,0,-0.0005903855289157711,C
3975275337,0,0.001031636499548294,C
999334238,0,0.0,S
999334238,0,0.0,S
999334238,0,0.0,S
999334238,0,0.0,S
999334238,0,0.0,S
1016841875,0,-0.0053055339006478075,Cl
1016841875,0,-0.003564481326027713,Cl
1016841875,0,-0.0012261484374588294,Cl
1016841875,0,1.0316123271181254e-06,Cl
1016841875,0,0.00104705833965002,Cl
1080831687,0,0.0,Cl
1080831687,0,0.0,Cl
1080831687,0,0.0,Cl
1080831687,0,0.0,Cl
1080831687,0,0.0,Cl
2228063684,0,0.0,O
2228063684,0,0.0,O
2228063684,0,0.0,O
2228063684,0,0.0,O
2228063684,0,0.0,O
3131243524,0,0.0,S
3131243524,0,0.0,S
3131243524,0,0.0,S
3131243524,0,0.0,S
3131243524,0,0.0,S
3835273908,0,0.0,C
3835273908,0,0.0,C
3835273908,0,0.0,C
3835273908,0,0.0,C
3835273908,0,0.0,C
2245273601,0,0.00307781334225532,C
2245273601,0,0.0015004915853465972,C
2245273601,0,0.004659986016416484,C
2245273601,0,0.0013585312302615282,C
2245273601,0,0.0035645361542494536,C
2246703798,0,0.00015217951707824362,C
2246703798,0,0.0003279273488898671,C
2246703798,0,0.0010194499470934648,C
2246703798,0,0.0005743738731711634,C
2246703798,0,0.0012918680578191122,C
2246997334,0,-0.002998489113868019,C
2246997334,0,0.0005201821087040814,C
2246997334,0,0.0001847679883631992,C
2246997334,0,-0.002019975575989874,C
2246997334,0,0.007003704840706115,C
99429666,0,0.0,C
99429666,0,0.0,C
99429666,0,0.0,C
99429666,0,0.0,C
99429666,0,0.0,C
187141432,0,0.0,C
187141432,0,0.0,C
187141432,0,0.0,C
187141432,0,0.0,C
187141432,0,0.0,C
3537119515,0,0.003588540298411824,C
3537119515,0,0.010896157252584304,C
3537119515,0,0.0034399721246811676,C
3537119515,0,0.0067660912917615335,C
3537119515,0,0.0032886468723526407,C
3696402029,0,-0.0004292819477620391,C
3696402029,0,-0.000479271462840547,C
3696402029,0,-0.0002541848717367845,C
3696402029,0,-0.0004292819477620391,C
3696402029,0,0.00012389996197370579,C
864662311,0,0.30287296863556856,O
864662311,0,0.5276605189694866,O
864662311,0,0.5367526811983696,O
864662311,0,0.40394952029144837,O
864662311,0,0.5102054824924543,O
2245384272,0,0.004306877429582023,C
2245384272,0,0.005774127700983289,C
2245384272,0,0.0022719468468157533,C
2245384272,0,0.004929534719023243,C
2245384272,0,0.006799028660155582,C
1173125914,0,0.005378429478109958,C
1173125914,0,-0.005371505696703194,C
1173125914,0,0.0053270538973967385,C
1173125914,0,-0.0008780228068099305,C
1173125914,0,-0.0013653966935595063,C
1510461303,0,0.0,C
1510461303,0,0.0,C
1510461303,0,0.0,C
1510461303,0,0.0,C
1510461303,0,0.0,C
1535166686,0,0.0013429602639460914,O
1535166686,0,-0.006707015051786502,O
1535166686,0,0.0027842985732094983,O
1535166686,0,-0.005444488118882984,O
1535166686,0,-0.005517352321706692,O
3542456614,0,0.009935240428824654,C
3542456614,0,0.00038560297918643904,C
3542456614,0,0.006467207244076345,C
3542456614,0,0.006828113411535108,C
3542456614,0,0.009156178190227626,C
4023654873,0,0.0,C
4023654873,0,0.0,C
4023654873,0,0.0,C
4023654873,0,0.0,C
4023654873,0,0.0,C
26234434,0,-0.008207675905886336,O
26234434,0,-0.010620072273721082,O
26234434,0,-0.008130226329454926,O
26234434,0,-0.007994353851530134,O
26234434,0,-0.007386551779301032,O
422715066,0,0.00031830448439396086,C
422715066,0,0.0014593100149060678,C
422715066,0,0.0003623159025163414,C
422715066,0,0.00202322584857928,C
422715066,0,0.0015310847318884546,C
994485099,0,0.00040971708948955854,C
994485099,0,0.0010643725611417798,C
994485099,0,0.0014263059167478609,C
994485099,0,0.0011380074062823375,C
994485099,0,0.00036734559186901716,C
2905660137,0,-0.0011174629429924199,C
2905660137,0,0.00018875262945949878,C
2905660137,0,0.00012512051232915766,C
2905660137,0,-0.00039101857970047504,C
2905660137,0,0.00030505522343937663,C
3207567135,0,0.0005646608173973666,C
3207567135,0,0.0005701391333832184,C
3207567135,0,0.001366357331567869,C
3207567135,0,0.000423430286871862,C
3207567135,0,0.0017692849382098252,C
3004333805,0,0.0,C
3004333805,0,0.0,C
3004333805,0,0.0,C
3004333805,0,0.0,C
3004333805,0,0.0,C
2245277810,0,0.008193637635398376,C
2245277810,0,0.008091296968647521,C
2245277810,0,0.006365781434740314,C
2245277810,0,0.011777514386869026,C
2245277810,0,0.007174757566122625,C
1542631284,0,0.0,O
1542631284,0,0.0,O
1542631284,0,0.0,O
1542631284,0,0.0,O
1542631284,0,0.0,O
1583009052,0,0.0,C
1583009052,0,0.0,C
1583009052,0,0.0,C
1583009052,0,0.0,C
1583009052,0,0.0,C
3537123720,0,0.0,C
3537123720,0,0.0,C
3537123720,0,0.0,C
3537123720,0,0.0,C
3537123720,0,0.0,C
3992738647,0,0.0,C
3992738647,0,0.0,C
3992738647,0,0.0,C
3992738647,0,0.0,C
3992738647,0,0.0,C
2968968094,0,0.015021327021625841,C
2968968094,0,0.007292589736831556,C
2968968094,0,0.0010260596083664364,C
2968968094,0,0.007878434533088341,C
2968968094,0,0.0074985579046567,C
2976033787,0,-0.0007383987042453022,C
2976033787,0,0.000451265234365672,C
2976033787,0,-0.0006046167230689958,C
2976033787,0,0.0008188732576925872,C
2976033787,0,-0.00038966386264516206,C
1456537864,0,0.0,C
1456537864,0,0.0,C
1456537864,0,0.0,C
1456537864,0,0.0,C
1456537864,0,0.0,C
1456537871,0,0.0,C
1456537871,0,0.0,C
1456537871,0,0.0,C
1456537871,0,0.0,C
1456537871,0,0.0,C
1858577693,0,0.00016909940848408578,C
1858577693,0,0.00025127335143004803,C
1858577693,0,0.00034100680780357884,C
1858577693,0,0.00025127335143004803,C
1858577693,0,1.4776604174038255e-05,C
2117068077,0,0.005502273025214777,C
2117068077,0,0.006456207155138283,C
2117068077,0,0.006131641327869808,C
2117068077,0,-0.0006726232417695321,C
2117068077,0,0.0067073369506280844,C
2142032900,0,-0.004482740299899368,C
2142032900,0,0.0026969353290082765,C
2142032900,0,-0.0033629903792160576,C
2142032900,0,-1.2851036256256165e-06,C
2142032900,0,-0.0021068050911650094,C
1506563592,0,0.0003908161624792683,C
1506563592,0,0.00021801852178926495,C
1506563592,0,0.00028942970212142427,C
1506563592,0,0.00010690475498820184,C
1506563592,0,9.804291887027805e-05,C
1542633699,0,0.003906548881229099,O
1542633699,0,0.0026529098629958225,O
1542633699,0,0.004141729174750086,O
1542633699,0,0.0007036835184903723,O
1542633699,0,0.0022890600391799465,O
2788245326,0,0.0,C
2788245326,0,0.0,C
2788245326,0,0.0,C
2788245326,0,0.0,C
2788245326,0,0.0,C
4081192418,0,0.0,C
4081192418,0,0.0,C
4081192418,0,0.0,C
4081192418,0,0.0,C
4081192418,0,0.0,C
2041434490,0,0.1994277730849605,N
2041434490,0,0.1485868192551374,N
2041434490,0,0.19422747063461232,N
2041434490,0,0.11530397949795579,N
2041434490,0,0.19715207411175517,N
98513984,0,0.012950499620063782,C
98513984,0,0.02007514255816789,C
98513984,0,0.01521294061061862,C
98513984,0,-0.0002893206947852667,C
98513984,0,0.016505919166522554,C
618671879,0,-2.9079164632350718e-05,C
618671879,0,2.3281029324140334e-05,C
618671879,0,-2.7097903888662067e-05,C
618671879,0,4.424293108074018e-05,C
618671879,0,0.0002680592721494568,C
1100037548,0,0.0,N
1100037548,0,0.0,N
1100037548,0,0.0,N
1100037548,0,0.0,N
1100037548,0,0.0,N
2697110228,0,0.0,C
2697110228,0,0.0,C
2697110228,0,0.0,C
2697110228,0,0.0,C
2697110228,0,0.0,C
3776905034,0,-8.504547798759976e-05,C
3776905034,0,0.00013360678185636576,C
3776905034,0,-6.0363429516985256e-05,C
3776905034,0,-0.0014728521054531152,C
3776905034,0,8.309736311407079e-05,C
1167322652,0,0.0003140436479009967,C
1167322652,0,-0.0004402378158108178,C
1167322652,0,-7.54658331971747e-05,C
1167322652,0,-0.00011065580366675931,C
1167322652,0,9.093292521988872e-05,C
2222715027,0,0.0,O
2222715027,0,0.0,O
2222715027,0,0.0,O
2222715027,0,0.0,O
2222715027,0,0.0,O
3994088662,0,0.00019608857814823466,C
3994088662,0,0.00016029620131918776,C
3994088662,0,9.590131438685923e-05,C
3994088662,0,2.1817268284207714e-05,C
3994088662,0,0.00014125347875892924,C
4194366826,0,0.0,C
4194366826,0,0.0,C
4194366826,0,0.0,C
4194366826,0,0.0,C
4194366826,0,0.0,C
1026924773,0,0.0034055365781555658,S
1026924773,0,0.00500932928175124,S
1026924773,0,0.002976998373222406,S
1026924773,0,0.0042965051263395004,S
1026924773,0,0.00418386984182173,S
2005233991,0,0.0,C
2005233991,0,0.0,C
2005233991,0,0.0,C
2005233991,0,0.0,C
2005233991,0,0.0,C
3873101583,0,0.0,S
3873101583,0,0.0,S
3873101583,0,0.0,S
3873101583,0,0.0,S
3873101583,0,0.0,S
1276993226,0,-0.0006200516310047588,C
1276993226,0,-6.0034905608019606e-05,C
1276993226,0,0.00011156600736783595,C
1276993226,0,-0.00018116975828730286,C
1276993226,0,-1.766631431365795e-05,C
1842898132,0,0.0,C
1842898132,0,0.0,C
1842898132,0,0.0,C
1842898132,0,0.0,C
1842898132,0,0.0,C
2115476908,0,0.0,O
2115476908,0,0.0,O
2115476908,0,0.0,O
2115476908,0,0.0,O
2115476908,0,0.0,O
3612926680,0,0.004759995001873074,Br
3612926680,0,0.004845324785186289,Br
3612926680,0,0.0011680932162331237,Br
3612926680,0,0.006671359259231346,Br
3612926680,0,0.004013024708118151,Br
2646219661,0,0.0,C
2646219661,0,0.0,C
2646219661,0,0.0,C
2646219661,0,0.0,C
2646219661,0,0.0,C
3632350815,0,0.0,Br
3632350815,0,0.0,Br
3632350815,0,0.0,Br
3632350815,0,0.0,Br
3632350815,0,0.0,Br
1914229733,0,0.0,C
1914229733,0,0.0,C
1914229733,0,0.0,C
1914229733,0,0.0,C
1914229733,0,0.0,C
2664995851,0,0.0,C
2664995851,0,0.0,C
2664995851,0,0.0,C
2664995851,0,0.0,C
2664995851,0,0.0,C
3545365497,0,0.0,C
3545365497,0,0.0,C
3545365497,0,0.0,C
3545365497,0,0.0,C
3545365497,0,0.0,C
4008337421,0,0.0003933330901511045,C
4008337421,0,0.0002836513089838899,C
4008337421,0,0.0010825969701173666,C
4008337421,0,0.0006070368443630292,C
4008337421,0,9.301907740022486e-05,C
984189120,0,0.01142105112387326,P
984189120,0,0.0073585312233166444,P
984189120,0,0.006602542939689315,P
984189120,0,0.002328407943927635,P
984189120,0,0.006782200569264152,P
1026654305,0,-0.0001166953304401197,S
1026654305,0,-0.000441229571032431,S
1026654305,0,-0.000441229571032431,S
1026654305,0,-0.000441229571032431,S
1026654305,0,-0.000441229571032431,S
1026928756,0,0.026336113762170266,S
1026928756,0,0.023530131270278032,S
1026928756,0,0.02235923486619973,S
1026928756,0,0.020118784117051147,S
1026928756,0,0.017932227759923203,S
921439924,0,0.0,O
921439924,0,0.0,O
921439924,0,0.0,O
921439924,0,0.0,O
921439924,0,0.0,O
1688374977,0,0.0,S
1688374977,0,0.0,S
1688374977,0,0.0,S
1688374977,0,0.0,S
1688374977,0,0.0,S
2918505930,0,0.0,C
2918505930,0,0.0,C
2918505930,0,0.0,C
2918505930,0,0.0,C
2918505930,0,0.0,C
3231363925,0,0.0,S
3231363925,0,0.0,S
3231363925,0,0.0,S
3231363925,0,0.0,S
3231363925,0,0.0,S
3369488737,0,0.0,P
3369488737,0,0.0,P
3369488737,0,0.0,P
3369488737,0,0.0,P
3369488737,0,0.0,P
266675433,0,0.004734009022218322,O
266675433,0,0.0009726550767056308,O
266675433,0,0.0009658728911658976,O
266675433,0,0.005242912936921362,O
266675433,0,0.001747489012001835,O
1186654798,0,3.276634110072063e-05,C
1186654798,0,3.276634110072063e-05,C
1186654798,0,3.276634110072063e-05,C
1186654798,0,3.276634110072063e-05,C
1186654798,0,3.276634110072063e-05,C
892756502,0,0.0,C
892756502,0,0.0,C
892756502,0,0.0,C
892756502,0,0.0,C
892756502,0,0.0,C
2110118862,0,0.0,C
2110118862,0,0.0,C
2110118862,0,0.0,C
2110118862,0,0.0,C
2110118862,0,0.0,C
2154935424,0,-0.0016151452867760874,O
2154935424,0,-0.0015531197409320852,O
2154935424,0,-0.0014465041374809307,O
2154935424,0,-0.0014684161178241117,O
2154935424,0,-0.0016557120118227964,O
847433064,0,0.01609790632489516,N
847433064,0,0.0155062663876665,N
847433064,0,0.01802127392276731,N
847433064,0,0.02280884204846223,N
847433064,0,0.026737932863578506,N
2245900962,0,0.007911985909574315,C
2245900962,0,0.013214697416380594,C
2245900962,0,0.01374470700191277,C
2245900962,0,0.009211802745003439,C
2245900962,0,0.007326395277886588,C
551287920,0,-0.000278028796804497,C
551287920,0,0.0003554911979799513,C
551287920,0,0.0005780192791066119,C
551287920,0,-0.00019722260117127632,C
551287920,0,0.0004225076779095227,C
1999904870,0,0.0,C
1999904870,0,0.0,C
1999904870,0,0.0,C
1999904870,0,0.0,C
1999904870,0,0.0,C
2551483158,0,9.739024411570263e-05,N
2551483158,0,9.739024411570263e-05,N
2551483158,0,9.739024411570263e-05,N
2551483158,0,-0.00025618177689590294,N
2551483158,0,-1.8560321209393216e-05,N
141882433,0,0.0,C
141882433,0,0.0,C
141882433,0,0.0,C
141882433,0,0.0,C
141882433,0,0.0,C
1173346717,0,0.00023702809821946058,C
1173346717,0,0.00023702809821946058,C
1173346717,0,0.00023702809821946058,C
1173346717,0,0.00023702809821946058,C
1173346717,0,0.00023702809821946058,C
3414957742,0,0.0,C
3414957742,0,0.0,C
3414957742,0,0.0,C
3414957742,0,0.0,C
3414957742,0,0.0,C
1797936203,0,0.0,C
1797936203,0,0.0,C
1797936203,0,0.0,C
1797936203,0,0.0,C
1797936203,0,0.0,C
2059730245,0,0.0,C
2059730245,0,0.0,C
2059730245,0,0.0,C
2059730245,0,0.0,C
2059730245,0,0.0,C
1280765160,0,0.0,C
1280765160,0,0.0,C
1280765160,0,0.0,C
1280765160,0,0.0,C
1280765160,0,0.0,C
1510337516,0,-0.0007235819467669158,O
1510337516,0,0.0009494139552034264,O
1510337516,0,-3.5097547311346844e-05,O
1510337516,0,0.001061281006376591,O
1510337516,0,-0.0019266162991065094,O
2065620398,0,0.0,C
2065620398,0,0.0,C
2065620398,0,0.0,C
2065620398,0,0.0,C
2065620398,0,0.0,C
858984704,0,0.0,C
858984704,0,0.0,C
858984704,0,0.0,C
858984704,0,0.0,C
858984704,0,0.0,C
876319778,0,0.0,N
876319778,0,0.0,N
876319778,0,0.0,N
876319778,0,0.0,N
876319778,0,0.0,N
535847852,0,0.0,C
535847852,0,0.0,C
535847852,0,0.0,C
535847852,0,0.0,C
535847852,0,0.0,C
2065547089,0,0.0,C
2065547089,0,0.0,C
2065547089,0,0.0,C
2065547089,0,0.0,C
2065547089,0,0.0,C
847961216,0,-0.00048163485995000865,N
847961216,0,0.003920759910283955,N
847961216,0,-0.00046914341758763634,N
847961216,0,0.005527090846152771,N
847961216,0,0.01854772345766731,N
600629739,0,0.0,N
600629739,0,0.0,N
600629739,0,0.0,N
600629739,0,0.0,N
600629739,0,0.0,N
1533864325,0,0.0022849540722126305,O
1533864325,0,0.002285582828624122,O
1533864325,0,0.0021383911782630882,O
1533864325,0,0.0019188503469025342,O
1533864325,0,0.002471781241175086,O
2309124039,0,0.0,C
2309124039,0,0.0,C
2309124039,0,0.0,C
2309124039,0,0.0,C
2309124039,0,0.0,C
2784506312,0,0.0,C
2784506312,0,0.0,C
2784506312,0,0.0,C
2784506312,0,0.0,C
2784506312,0,0.0,C
3120642300,0,0.0,C
3120642300,0,0.0,C
3120642300,0,0.0,C
3120642300,0,0.0,C
3120642300,0,0.0,C
3124581743,0,-0.0001509761651796726,C
3124581743,0,-9.199318586894378e-05,C
3124581743,0,0.0,C
3124581743,0,0.00020403146064418287,C
3124581743,0,0.0,C
4041573576,0,0.0,C
4041573576,0,0.0,C
4041573576,0,0.0,C
4041573576,0,0.0,C
4041573576,0,0.0,C
773607102,0,0.0,C
773607102,0,0.0,C
773607102,0,0.0,C
773607102,0,0.0,C
773607102,0,0.0,C
894436332,0,0.0,N
894436332,0,0.0,N
894436332,0,0.0,N
894436332,0,0.0,N
894436332,0,0.0,N
994237755,0,0.0,C
994237755,0,0.0,C
994237755,0,0.0,C
994237755,0,0.0,C
994237755,0,0.0,C
3933537673,0,0.0,C
3933537673,0,0.0,C
3933537673,0,0.0,C
3933537673,0,0.0,C
3933537673,0,0.0,C
2064788354,0,0.0,C
2064788354,0,0.0,C
2064788354,0,0.0,C
2064788354,0,0.0,C
2064788354,0,0.0,C
411967733,0,0.0,C
411967733,0,0.0,C
411967733,0,0.0,C
411967733,0,0.0,C
411967733,0,0.0,C
828793177,0,0.0,N
828793177,0,0.0,N
828793177,0,0.0,N
828793177,0,0.0,N
828793177,0,0.0,N
3824063894,0,0.0,C
3824063894,0,0.0,C
3824063894,0,0.0,C
3824063894,0,0.0,C
3824063894,0,0.0,C
1167268241,0,0.00042191242774203275,C
1167268241,0,-0.0007279500156120999,C
1167268241,0,-0.0001420183176907841,C
1167268241,0,-0.00019140651833082778,C
1167268241,0,0.00035977398103803626,C
2360741695,0,0.004619286324720195,C
2360741695,0,0.0011822832319282606,C
2360741695,0,0.003127068479493955,C
2360741695,0,0.0024114708431995924,C
2360741695,0,-0.0011816881241151211,C
1732487997,0,0.0,C
1732487997,0,0.0,C
1732487997,0,0.0,C
1732487997,0,0.0,C
1732487997,0,0.0,C
4022716898,0,0.0,C
4022716898,0,0.0,C
4022716898,0,0.0,C
4022716898,0,0.0,C
4022716898,0,0.0,C
2394338241,0,0.0,C
2394338241,0,0.0,C
2394338241,0,0.0,C
2394338241,0,0.0,C
2394338241,0,0.0,C
3026394695,0,0.010269960992174587,C
3026394695,0,0.007541163777838422,C
3026394695,0,0.007079222122823747,C
3026394695,0,0.009222732431439784,C
3026394695,0,0.006089482228538334,C
3945128999,0,0.0,C
3945128999,0,0.0,C
3945128999,0,0.0,C
3945128999,0,0.0,C
3945128999,0,0.0,C
787069595,0,0.0,C
787069595,0,0.0,C
787069595,0,0.0,C
787069595,0,0.0,C
787069595,0,0.0,C
847957139,0,0.09856942039885674,N
847957139,0,0.0999627431558523,N
847957139,0,0.09756321525115053,N
847957139,0,0.08855650997530151,N
847957139,0,0.06259815200523888,N
1083852209,0,-0.0010740343543731434,N
1083852209,0,-0.0016709243710733013,N
1083852209,0,-0.0011945316899982794,N
1083852209,0,-0.0009071371586247823,N
1083852209,0,-0.001171515094851805,N
3975295864,0,0.0,C
3975295864,0,0.0,C
3975295864,0,0.0,C
3975295864,0,0.0,C
3975295864,0,0.0,C
3103812183,0,0.0,C
3103812183,0,0.0,C
3103812183,0,0.0,C
3103812183,0,0.0,C
3103812183,0,0.0,C
882399112,0,0.02310884329934182,F
882399112,0,0.010998428649460545,F
882399112,0,0.015427940295015374,F
882399112,0,0.018279498273086392,F
882399112,0,0.020749168582330446,F
485463469,0,0.011370900075826751,F
485463469,0,0.008241602430790751,F
485463469,0,0.006019298427976438,F
485463469,0,0.010275587470629288,F
485463469,0,0.011275871802292836,F
1312131881,0,0.0004330415657173292,C
1312131881,0,-3.0214641789760854e-05,C
1312131881,0,9.396020956653484e-05,C
1312131881,0,-9.964069580536972e-05,C
1312131881,0,0.00018483200379970643,C
3419524736,0,0.0,N
3419524736,0,0.0,N
3419524736,0,0.0,N
3419524736,0,0.0,N
3419524736,0,0.0,N
4036277955,0,0.0,C
4036277955,0,0.0,C
4036277955,0,0.0,C
4036277955,0,0.0,C
4036277955,0,0.0,C
151653689,0,0.0,C
151653689,0,0.0,C
151653689,0,0.0,C
151653689,0,0.0,C
151653689,0,0.0,C
1101907775,0,0.0,N
1101907775,0,0.0,N
1101907775,0,0.0,N
1101907775,0,0.0,N
1101907775,0,0.0,N
1868602760,0,0.0,N
1868602760,0,0.0,N
1868602760,0,0.0,N
1868602760,0,0.0,N
1868602760,0,0.0,N
2556855854,0,0.0,C
2556855854,0,0.0,C
2556855854,0,0.0,C
2556855854,0,0.0,C
2556855854,0,0.0,C
3452535345,0,-0.009137037694410877,Cl
3452535345,0,-0.007029077082140289,Cl
3452535345,0,-0.0021309422145352475,Cl
3452535345,0,-0.004184212615041871,Cl
3452535345,0,0.0004935241582574301,Cl
787341104,0,0.0,C
787341104,0,0.0,C
787341104,0,0.0,C
787341104,0,0.0,C
787341104,0,0.0,C
2592785365,0,0.0,N
2592785365,0,0.0,N
2592785365,0,0.0,N
2592785365,0,0.0,N
2592785365,0,0.0,N
847950754,0,0.0,N
847950754,0,0.0,N
847950754,0,0.0,N
847950754,0,0.0,N
847950754,0,0.0,N
2827868305,0,0.0004972278217748594,C
2827868305,0,0.0009136673354658287,C
2827868305,0,0.0008614807791803569,C
2827868305,0,0.0008199491664534486,C
2827868305,0,-0.0003603600655142092,C
3624155,0,-0.00023290961119992737,C
3624155,0,-0.00011811777085013464,C
3624155,0,-7.020898356557836e-05,C
3624155,0,-0.00027899023230848474,C
3624155,0,-0.00010679650157241483,C
4121755354,0,0.00033732731377644765,C
4121755354,0,0.0,C
4121755354,0,0.0,C
4121755354,0,0.00046289999347293165,C
4121755354,0,1.980812126300968e-05,C
485458970,0,0.0,F
485458970,0,0.0,F
485458970,0,0.0,F
485458970,0,0.0,F
485458970,0,0.0,F
2197158716,0,0.0,C
2197158716,0,0.0,C
2197158716,0,0.0,C
2197158716,0,0.0,C
2197158716,0,0.0,C
2092489639,0,0.09284993552684484,N
2092489639,0,0.04372876185316221,N
2092489639,0,0.08301219667437976,N
2092489639,0,0.031686694705555074,N
2092489639,0,0.0639800366937413,N
10565946,0,0.07906959976024863,O
10565946,0,0.06433007771804633,O
10565946,0,0.09637973827621482,O
10565946,0,0.04622428810140644,O
10565946,0,0.04797138484956642,O
2370996728,0,0.0,C
2370996728,0,0.0,C
2370996728,0,0.0,C
2370996728,0,0.0,C
2370996728,0,0.0,C
2425865203,0,-0.001930599210457462,C
2425865203,0,-0.001719154881989815,C
2425865203,0,-0.0005337238089515584,C
2425865203,0,0.001971827474548382,C
2425865203,0,-0.001755144737055625,C
2434373675,0,0.0,N
2434373675,0,0.0,N
2434373675,0,0.0,N
2434373675,0,0.0,N
2434373675,0,0.0,N
2473389857,0,0.0,C
2473389857,0,0.0,C
2473389857,0,0.0,C
2473389857,0,0.0,C
2473389857,0,0.0,C
3777168895,0,3.904288700762315e-05,C
3777168895,0,0.0018584867451871823,C
3777168895,0,0.0013747793201577263,C
3777168895,0,-0.0013211185821048188,C
3777168895,0,0.005368578964040305,C
4158944142,0,0.0,C
4158944142,0,0.0,C
4158944142,0,0.0,C
4158944142,0,0.0,C
4158944142,0,0.0,C
4212936508,0,0.0,N
4212936508,0,0.0,N
4212936508,0,0.0,N
4212936508,0,0.0,N
4212936508,0,0.0,N
3102778727,0,0.0,N
3102778727,0,0.0,N
3102778727,0,0.0,N
3102778727,0,0.0,N
3102778727,0,0.0,N
2591432844,0,0.00923406866417864,N
2591432844,0,0.008995128183187706,N
2591432844,0,0.011143924797005655,N
2591432844,0,0.012287442637296087,N
2591432844,0,0.009947897127700944,N
3328145258,0,0.0,C
3328145258,0,0.0,C
3328145258,0,0.0,C
3328145258,0,0.0,C
3328145258,0,0.0,C
848127915,0,0.0,N
848127915,0,0.0,N
848127915,0,-0.000507764370633379,N
848127915,0,0.0,N
848127915,0,0.0,N
864942795,0,0.018934562092331353,O
864942795,0,0.028984978709148956,O
864942795,0,-0.008194524008665272,O
864942795,0,0.08563835442446255,O
864942795,0,0.02448632931924677,O
871989940,0,0.0,O
871989940,0,0.0,O
871989940,0,0.0,O
871989940,0,0.0,O
871989940,0,0.0,O
2378775366,0,0.0,O
2378775366,0,0.0,O
2378775366,0,0.0,O
2378775366,0,0.0,O
2378775366,0,0.0,O
2378779377,0,0.0,O
2378779377,0,0.0,O
2378779377,0,0.0,O
2378779377,0,0.0,O
2378779377,0,0.0,O
2423543607,0,0.0019114611196046072,C
2423543607,0,0.006847628472528067,C
2423543607,0,0.0018789942685623062,C
2423543607,0,0.0007745382927274447,C
2423543607,0,0.0030149043831539935,C
3152639783,0,0.0,N
3152639783,0,0.0,N
3152639783,0,0.0,N
3152639783,0,0.0,N
3152639783,0,0.0,N
4003049590,0,0.001553178142956524,C
4003049590,0,-0.0019662858812118378,C
4003049590,0,0.0007311048908340556,C
4003049590,0,0.0017844198888987695,C
4003049590,0,7.796399957216149e-05,C
1630260676,0,0.0,C
1630260676,0,0.0,C
1630260676,0,0.0,C
1630260676,0,0.0,C
1630260676,0,0.0,C
3980805843,0,0.0012801517644215332,C
3980805843,0,-0.002031323024976217,C
3980805843,0,-0.0013955551057219795,C
3980805843,0,-0.0012446534964385414,C
3980805843,0,-0.00021451507613834409,C
3982076256,0,0.0016983326366457607,C
3982076256,0,0.0002134918098332106,C
3982076256,0,0.0015743258202545185,C
3982076256,0,0.003223110024876963,C
3982076256,0,0.0029957708609528177,C
2080747022,0,0.0,C
2080747022,0,0.0,C
2080747022,0,0.0,C
2080747022,0,0.0,C
2080747022,0,0.0,C
772817685,0,0.0,C
772817685,0,0.0,C
772817685,0,0.0,C
772817685,0,0.0,C
772817685,0,0.0,C
4142616092,0,0.0,C
4142616092,0,0.0,C
4142616092,0,0.0,C
4142616092,0,0.0,C
4142616092,0,0.0,C
170898322,0,0.0,Cl
170898322,0,0.0,Cl
170898322,0,0.0,Cl
170898322,0,0.0,Cl
170898322,0,0.0,Cl
2406620359,0,0.0,C
2406620359,0,0.0,C
2406620359,0,0.0,C
2406620359,0,0.0,C
2406620359,0,0.0,C
3981762496,0,0.0,C
3981762496,0,0.0,C
3981762496,0,0.0,C
3981762496,0,0.0,C
3981762496,0,0.0,C
311542011,0,0.0005182741501327248,Br
311542011,0,0.0006100482623074832,Br
311542011,0,0.0001546956113751552,Br
311542011,0,0.0006245743699471173,Br
311542011,0,0.00047446420539298817,Br
679670255,0,0.0,C
679670255,0,0.0,C
679670255,0,0.0,C
679670255,0,0.0,C
679670255,0,0.0,C
2849741637,0,0.0,C
2849741637,0,0.0,C
2849741637,0,0.0,C
2849741637,0,0.0,C
2849741637,0,0.0,C
2132511834,0,0.2282968315473357,N
2132511834,0,0.24924935953348748,N
2132511834,0,0.23235187826933323,N
2132511834,0,0.20950845478365687,N
2132511834,0,0.195372777992876,N
328936174,0,0.0,C
328936174,0,0.0,C
328936174,0,0.0,C
328936174,0,0.0,C
328936174,0,0.0,C
1390475220,0,0.0,C
1390475220,0,0.0,C
1390475220,0,0.0,C
1390475220,0,0.0,C
1390475220,0,0.0,C
2296565457,0,0.0,N
2296565457,0,0.0,N
2296565457,0,0.0,N
2296565457,0,0.0,N
2296565457,0,0.0,N
2297887526,0,0.0,N
2297887526,0,0.0,N
2297887526,0,0.0,N
2297887526,0,0.0,N
2297887526,0,0.0,N
2752034647,0,0.0,C
2752034647,0,0.0,C
2752034647,0,0.0,C
2752034647,0,0.0,C
2752034647,0,0.0,C
4239037249,0,0.0,C
4239037249,0,0.0,C
4239037249,0,0.0,C
4239037249,0,0.0,C
4239037249,0,0.0,C
195491954,0,0.0,Cl
195491954,0,0.0,Cl
195491954,0,0.0,Cl
195491954,0,0.0,Cl
195491954,0,0.0,Cl
753134939,0,0.0,C
753134939,0,0.0,C
753134939,0,0.0,C
753134939,0,0.0,C
753134939,0,0.0,C
584893129,0,0.0,C
584893129,0,0.0,C
584893129,0,0.0,C
584893129,0,0.0,C
584893129,0,0.0,C
2654043257,0,0.0,N
2654043257,0,0.0,N
2654043257,0,0.0,N
2654043257,0,0.0,N
2654043257,0,0.0,N
2753863138,0,0.0,C
2753863138,0,0.0,C
2753863138,0,0.0,C
2753863138,0,0.0,C
2753863138,0,0.0,C
3118255683,0,-0.0005861279337679992,N
3118255683,0,0.0024332058067875195,N
3118255683,0,-0.0008276909924989084,N
3118255683,0,-0.0024949855537022003,N
3118255683,0,0.00017879010087118452,N
3189457552,0,0.011844455522404873,O
3189457552,0,0.007531422907096519,O
3189457552,0,0.01140778060682801,O
3189457552,0,0.005203449492895862,O
3189457552,0,0.01939543987601655,O
368531313,0,6.563337694620586e-05,C
368531313,0,0.0003012282653073184,C
368531313,0,-3.0294503831074238e-06,C
368531313,0,-0.00011270874816604604,C
368531313,0,3.4678253002518034e-05,C
369315086,0,0.0,C
369315086,0,0.0,C
369315086,0,0.0,C
369315086,0,0.0,C
369315086,0,0.0,C
2246340824,0,0.017865421025745287,C
2246340824,0,0.010755693006712308,C
2246340824,0,0.013644444138322998,C
2246340824,0,0.01684354557295087,C
2246340824,0,0.009572326960501698,C
2424973678,0,0.0012086095257242135,C
2424973678,0,0.0009422040246942487,C
2424973678,0,0.0007402373963800724,C
2424973678,0,0.001022872672812758,C
2424973678,0,0.000612997524900738,C
4195680018,0,7.571609256795675e-05,O
4195680018,0,0.0,O
4195680018,0,0.0,O
4195680018,0,0.0,O
4195680018,0,0.0,O
345159360,0,0.0,C
345159360,0,0.0,C
345159360,0,0.0,C
345159360,0,0.0,C
345159360,0,0.0,C
1308598964,0,0.0,C
1308598964,0,0.0,C
1308598964,0,0.0,C
1308598964,0,0.0,C
1308598964,0,0.0,C
3430642422,0,0.0,C
3430642422,0,0.0,C
3430642422,0,0.0,C
3430642422,0,0.0,C
3430642422,0,0.0,C
3534637918,0,0.0,N
3534637918,0,0.0,N
3534637918,0,0.0,N
3534637918,0,0.0,N
3534637918,0,0.0,N
4240369074,0,0.0,C
4240369074,0,0.0,C
4240369074,0,0.0,C
4240369074,0,0.0,C
4240369074,0,0.0,C
229168272,0,0.0,S
229168272,0,0.0,S
229168272,0,0.0,S
229168272,0,0.0,S
229168272,0,0.0,S
603510687,0,0.0,C
603510687,0,0.0,C
603510687,0,0.0,C
603510687,0,0.0,C
603510687,0,0.0,C
2058913649,0,0.0,C
2058913649,0,0.0,C
2058913649,0,0.0,C
2058913649,0,0.0,C
2058913649,0,0.0,C
3012778962,0,0.0,N
3012778962,0,0.0,N
3012778962,0,0.0,N
3012778962,0,0.0,N
3012778962,0,0.0,N
4120224926,0,0.0,C
4120224926,0,0.0,C
4120224926,0,0.0,C
4120224926,0,0.0,C
4120224926,0,0.0,C
2662852760,0,0.0,N
2662852760,0,0.0,N
2662852760,0,0.0,N
2662852760,0,0.0,N
2662852760,0,0.0,N
3818547277,0,0.0,C
3818547277,0,0.0,C
3818547277,0,0.0,C
3818547277,0,0.0,C
3818547277,0,0.0,C
2222621677,0,0.0,O
2222621677,0,0.0,O
2222621677,0,0.0,O
2222621677,0,0.0,O
2222621677,0,0.0,O
198706261,0,0.0,Cl
198706261,0,0.0,Cl
198706261,0,0.0,Cl
198706261,0,0.0,Cl
198706261,0,0.0,Cl
2810318309,0,0.0,O
2810318309,0,0.0,O
2810318309,0,0.0,O
2810318309,0,0.0,O
2810318309,0,0.0,O
2910196842,0,0.0,C
2910196842,0,0.0,C
2910196842,0,0.0,C
2910196842,0,0.0,C
2910196842,0,0.0,C
3411030296,0,0.0,C
3411030296,0,0.0,C
3411030296,0,0.0,C
3411030296,0,0.0,C
3411030296,0,0.0,C
1511968919,0,0.0,C
1511968919,0,0.0,C
1511968919,0,0.0,C
1511968919,0,0.0,C
1511968919,0,0.0,C
1506993418,0,0.0,C
1506993418,0,0.0,C
1506993418,0,0.0,C
1506993418,0,0.0,C
1506993418,0,0.0,C
4278941385,0,0.0,C
4278941385,0,0.0,C
4278941385,0,0.0,C
4278941385,0,0.0,C
4278941385,0,0.0,C
195319295,0,0.0,Cl
195319295,0,0.0,Cl
195319295,0,0.0,Cl
195319295,0,0.0,Cl
195319295,0,0.0,Cl
913845599,0,0.0,O
913845599,0,0.0,O
913845599,0,0.0,O
913845599,0,0.0,O
913845599,0,0.0,O
1798001854,0,0.0,P
1798001854,0,0.0,P
1798001854,0,0.0,P
1798001854,0,0.0,P
1798001854,0,0.0,P
2235918822,0,0.0,O
2235918822,0,0.0,O
2235918822,0,0.0,O
2235918822,0,0.0,O
2235918822,0,0.0,O
2580663187,0,0.0,C
2580663187,0,0.0,C
2580663187,0,0.0,C
2580663187,0,0.0,C
2580663187,0,0.0,C
4110202059,0,0.0,C
4110202059,0,0.0,C
4110202059,0,0.0,C
4110202059,0,0.0,C
4110202059,0,0.0,C
2909042096,0,0.0,C
2909042096,0,0.0,C
2909042096,0,0.0,C
2909042096,0,0.0,C
2909042096,0,0.0,C
800345569,0,0.0,C
800345569,0,0.0,C
800345569,0,0.0,C
800345569,0,0.0,C
800345569,0,0.0,C
3545074552,0,0.0,C
3545074552,0,0.0,C
3545074552,0,0.0,C
3545074552,0,0.0,C
3545074552,0,0.0,C
68671624,0,0.0,C
68671624,0,0.0,C
68671624,0,0.0,C
68671624,0,0.0,C
68671624,0,0.0,C
2013980694,0,0.0,C
2013980694,0,0.0,C
2013980694,0,0.0,C
2013980694,0,0.0,C
2013980694,0,0.0,C
2815521255,0,0.0,O
2815521255,0,0.0,O
2815521255,0,0.0,O
2815521255,0,0.0,O
2815521255,0,0.0,O
2845936339,0,0.0,C
2845936339,0,0.0,C
2845936339,0,0.0,C
2845936339,0,0.0,C
2845936339,0,0.0,C
2504503484,0,0.0,C
2504503484,0,0.0,C
2504503484,0,0.0,C
2504503484,0,0.0,C
2504503484,0,0.0,C
751130035,0,6.223510570735336e-05,S
751130035,0,6.223510570735336e-05,S
751130035,0,6.223510570735336e-05,S
751130035,0,6.223510570735336e-05,S
751130035,0,6.223510570735336e-05,S
4118913676,0,0.0,C
4118913676,0,0.0,C
4118913676,0,0.0,C
4118913676,0,0.0,C
4118913676,0,0.0,C
2976816164,0,0.0,C
2976816164,0,0.0,C
2976816164,0,0.0,C
2976816164,0,0.0,C
2976816164,0,0.0,C
1135286194,0,0.0,C
1135286194,0,0.0,C
1135286194,0,0.0,C
1135286194,0,0.0,C
1135286194,0,0.0,C
1399127774,0,0.0,C
1399127774,0,0.0,C
1399127774,0,0.0,C
1399127774,0,0.0,C
1399127774,0,0.0,C
1861965050,0,0.0,C
1861965050,0,0.0,C
1861965050,0,0.0,C
1861965050,0,0.0,C
1861965050,0,0.0,C
1910766508,0,0.0,C
1910766508,0,0.0,C
1910766508,0,0.0,C
1910766508,0,0.0,C
1910766508,0,0.0,C
2077658817,0,0.0,O
2077658817,0,0.0,O
2077658817,0,0.0,O
2077658817,0,0.0,O
2077658817,0,0.0,O
2624895325,0,0.0,C
2624895325,0,0.0,C
2624895325,0,0.0,C
2624895325,0,0.0,C
2624895325,0,0.0,C
2950679810,0,0.0,O
2950679810,0,0.0,O
2950679810,0,0.0,O
2950679810,0,0.0,O
2950679810,0,0.0,O
1137993954,0,0.0,C
1137993954,0,0.0,C
1137993954,0,0.0,C
1137993954,0,0.0,C
1137993954,0,0.0,C
1257718710,0,2.967463332637088e-05,C
1257718710,0,-0.000166075452782799,C
1257718710,0,-0.00016534634486109479,C
1257718710,0,-0.00017794165497320158,C
1257718710,0,-0.00022417358780857377,C
2021812431,0,0.0,N
2021812431,0,0.0,N
2021812431,0,0.0,N
2021812431,0,0.0,N
2021812431,0,0.0,N
2803848648,0,0.0056937177842008024,C
2803848648,0,0.0026041694032373774,C
2803848648,0,0.0051790750629350235,C
2803848648,0,0.003529337676961175,C
2803848648,0,0.004504100635540853,C
3203709451,0,0.0,O
3203709451,0,0.0,O
3203709451,0,0.0,O
3203709451,0,0.0,O
3203709451,0,0.0,O
3657471097,0,0.0043443336657913445,C
3657471097,0,0.0005571573366236482,C
3657471097,0,0.004785991670104073,C
3657471097,0,0.00334470436722889,C
3657471097,0,0.003180111814206965,C
2353112200,0,-0.000462247305654917,C
2353112200,0,-0.0018593835509583823,C
2353112200,0,-0.0012717167149940423,C
2353112200,0,0.0012409225926628409,C
2353112200,0,-0.0006369658617659812,C
869080603,0,0.0,N
869080603,0,0.0,N
869080603,0,0.0,N
869080603,0,0.0,N
869080603,0,0.0,N
3983062349,0,4.0800213949809816e-05,C
3983062349,0,2.9249044391943535e-05,C
3983062349,0,-9.394169857568357e-06,C
3983062349,0,-0.0033655487297310493,C
3983062349,0,0.0,C
319552149,0,0.005884029837508242,I
319552149,0,0.005886070682519451,I
319552149,0,0.0015865693356105215,I
319552149,0,0.0021346130486569193,I
319552149,0,0.004005269446249571,I
2356136943,0,0.0,C
2356136943,0,0.0,C
2356136943,0,0.0,C
2356136943,0,0.0,C
2356136943,0,0.0,C
1136130381,0,0.0,C
1136130381,0,0.0,C
1136130381,0,0.0,C
1136130381,0,0.0,C
1136130381,0,0.0,C
3025629386,0,-0.0004292646382237919,C
3025629386,0,-0.00048728424613520005,C
3025629386,0,-0.00048728424613520005,C
3025629386,0,0.00032218143682005707,C
3025629386,0,-0.0004292646382237919,C
325259454,0,0.0,Br
325259454,0,0.0,Br
325259454,0,0.0,Br
325259454,0,0.0,Br
325259454,0,0.0,Br
702225046,0,0.0,C
702225046,0,0.0,C
702225046,0,0.0,C
702225046,0,0.0,C
702225046,0,0.0,C
74537039,0,0.0,C
74537039,0,0.0,C
74537039,0,0.0,C
74537039,0,0.0,C
74537039,0,0.0,C
871060211,0,0.0,O
871060211,0,0.0,O
871060211,0,0.0,O
871060211,0,0.0,O
871060211,0,0.0,O
3509114595,0,0.0,C
3509114595,0,0.0,C
3509114595,0,0.0,C
3509114595,0,0.0,C
3509114595,0,0.0,C
2085926211,0,0.0,C
2085926211,0,0.0,C
2085926211,0,0.0,C
2085926211,0,0.0,C
2085926211,0,0.0,C
195323148,0,0.0,Cl
195323148,0,0.0,Cl
195323148,0,0.0,Cl
195323148,0,0.0,Cl
195323148,0,0.0,Cl
1239451710,0,0.0,C
1239451710,0,0.0,C
1239451710,0,0.0,C
1239451710,0,0.0,C
1239451710,0,0.0,C
3696389118,0,0.0,C
3696389118,0,-4.372890821568998e-05,C
3696389118,0,0.0,C
3696389118,0,0.0,C
3696389118,0,0.0,C
170894115,0,0.0,Cl
170894115,0,0.0,Cl
170894115,0,0.0,Cl
170894115,0,0.0,Cl
170894115,0,0.0,Cl
2057435328,0,0.0,C
2057435328,0,0.0,C
2057435328,0,0.0,C
2057435328,0,0.0,C
2057435328,0,0.0,C
808416955,0,0.0,S
808416955,0,0.0,S
808416955,0,0.0,S
808416955,0,0.0,S
808416955,0,0.0,S
1078276907,0,0.0,C
1078276907,0,0.0,C
1078276907,0,0.0,C
1078276907,0,0.0,C
1078276907,0,0.0,C
2592252298,0,5.343370690180649e-05,C
2592252298,0,-1.6327997456100363e-05,C
2592252298,0,1.8085484026597598e-05,C
2592252298,0,5.383080955834174e-05,C
2592252298,0,6.861794988222147e-05,C
4089138501,0,0.0,C
4089138501,0,0.0,C
4089138501,0,0.0,C
4089138501,0,0.0,C
4089138501,0,0.0,C
1396662131,0,0.0,C
1396662131,0,0.0,C
1396662131,0,0.0,C
1396662131,0,0.0,C
1396662131,0,0.0,C
723026879,0,0.0,C
723026879,0,0.0,C
723026879,0,0.0,C
723026879,0,0.0,C
723026879,0,0.0,C
3562848686,0,0.0,C
3562848686,0,0.0,C
3562848686,0,0.0,C
3562848686,0,0.0,C
3562848686,0,0.0,C
548743766,0,0.0,C
548743766,0,0.0,C
548743766,0,0.0,C
548743766,0,0.0,C
548743766,0,0.0,C
3579962709,0,0.0,C
3579962709,0,0.0,C
3579962709,0,0.0,C
3579962709,0,0.0,C
3579962709,0,0.0,C
540046244,0,0.0017419103010388737,C
540046244,0,0.000991361734526519,C
540046244,0,0.00043467224554838424,C
540046244,0,0.00031061388528730305,C
540046244,0,0.00031061388528730305,C
571978829,0,0.0,C
571978829,0,0.0,C
571978829,0,0.0,C
571978829,0,0.0,C
571978829,0,0.0,C
3160718262,0,0.0,N
3160718262,0,0.0,N
3160718262,0,0.0,N
3160718262,0,0.0,N
3160718262,0,0.0,N
119021222,0,0.0,C
119021222,0,0.0,C
119021222,0,0.0,C
119021222,0,0.0,C
119021222,0,0.0,C
330223697,0,0.0,C
330223697,0,0.0,C
330223697,0,0.0,C
330223697,0,0.0,C
330223697,0,0.0,C
2222711142,0,0.0,O
2222711142,0,0.0,O
2222711142,0,0.0,O
2222711142,0,0.0,O
2222711142,0,0.0,O
4102492447,0,0.0005736198899808365,C
4102492447,0,0.0019170207005663187,C
4102492447,0,0.000244659506962952,C
4102492447,0,-0.0004478797506476395,C
4102492447,0,0.0016783320890861875,C
1275679867,0,0.0,C
1275679867,0,0.0,C
1275679867,0,0.0,C
1275679867,0,0.0,C
1275679867,0,0.0,C
2070178920,0,3.6797589898607264e-05,C
2070178920,0,0.00013882791220098945,C
2070178920,0,-2.291258232933746e-05,C
2070178920,0,0.0002703092353800729,C
2070178920,0,0.00011538344476824669,C
951239203,0,0.0,C
951239203,0,0.0,C
951239203,0,0.0,C
951239203,0,0.0,C
951239203,0,0.0,C
1081775047,0,0.0,C
1081775047,0,0.0,C
1081775047,0,0.0,C
1081775047,0,0.0,C
1081775047,0,0.0,C
2932363931,0,0.0,C
2932363931,0,0.0,C
2932363931,0,0.0,C
2932363931,0,0.0,C
2932363931,0,0.0,C
1241202526,0,0.0,C
1241202526,0,0.0,C
1241202526,0,0.0,C
1241202526,0,0.0,C
1241202526,0,0.0,C
4110211703,0,0.0,C
4110211703,0,0.0,C
4110211703,0,0.0,C
4110211703,0,0.0,C
4110211703,0,0.0,C
3011598321,0,0.0,C
3011598321,0,0.0,C
3011598321,0,0.0,C
3011598321,0,0.0,C
3011598321,0,0.0,C
2932351534,0,0.0,C
2932351534,0,0.0,C
2932351534,0,0.0,C
2932351534,0,0.0,C
2932351534,0,0.0,C
1822332700,0,0.0,C
1822332700,0,0.0,C
1822332700,0,0.0,C
1822332700,0,0.0,C
1822332700,0,0.0,C
1517181260,0,0.0,O
1517181260,0,0.0,O
1517181260,0,0.0,O
1517181260,0,0.0,O
1517181260,0,0.0,O
435232729,0,0.0,N
435232729,0,0.0,N
435232729,0,0.0,N
435232729,0,0.0,N
435232729,0,0.0,N
2834566420,0,0.0,C
2834566420,0,0.0,C
2834566420,0,0.0,C
2834566420,0,0.0,C
2834566420,0,0.0,C
3409618301,0,0.0,C
3409618301,0,0.0,C
3409618301,0,0.0,C
3409618301,0,0.0,C
3409618301,0,0.0,C
1449131080,0,-8.051395759589575e-05,C
1449131080,0,-9.565540630918079e-06,C
1449131080,0,0.00017166384705047388,C
1449131080,0,-8.051395759589575e-05,C
1449131080,0,6.958734245354758e-05,C
1914416804,0,0.0,N
1914416804,0,0.0,N
1914416804,0,0.0,N
1914416804,0,0.0,N
1914416804,0,0.0,N
1619222458,0,0.000715635075159593,C
1619222458,0,0.00018302179091234105,C
1619222458,0,0.00013683432672983997,C
1619222458,0,0.0003183362415561941,C
1619222458,0,0.0011874090091414935,C
2807475527,0,0.0,O
2807475527,0,0.0,O
2807475527,0,0.0,O
2807475527,0,0.0,O
2807475527,0,0.0,O
2156439784,0,0.0,C
2156439784,0,0.0,C
2156439784,0,0.0,C
2156439784,0,0.0,C
2156439784,0,0.0,C
2910193141,0,0.0,C
2910193141,0,0.0,C
2910193141,0,0.0,C
2910193141,0,0.0,C
2910193141,0,0.0,C
1965692378,0,0.0,N
1965692378,0,0.0,N
1965692378,0,0.0,N
1965692378,0,0.0,N
1965692378,0,0.0,N
3918336191,0,0.0,C
3918336191,0,0.0,C
3918336191,0,0.0,C
3918336191,0,0.0,C
3918336191,0,0.0,C
2807496773,0,0.0,O
2807496773,0,0.0,O
2807496773,0,0.0,O
2807496773,0,0.0,O
2807496773,0,0.0,O
1271691605,0,0.0,S
1271691605,0,0.0,S
1271691605,0,0.0,S
1271691605,0,0.0,S
1271691605,0,0.0,S
3579704760,0,0.0,C
3579704760,0,0.0,C
3579704760,0,0.0,C
3579704760,0,0.0,C
3579704760,0,0.0,C
1026822558,0,0.0,S
1026822558,0,0.0,S
1026822558,0,0.0,S
1026822558,0,0.0,S
1026822558,0,0.0,S
2215059400,0,0.0,O
2215059400,0,0.0,O
2215059400,0,0.0,O
2215059400,0,0.0,O
2215059400,0,0.0,O
2341585586,0,0.0,N
2341585586,0,0.0,N
2341585586,0,0.0,N
2341585586,0,0.0,N
2341585586,0,0.0,N
2635303940,0,0.0,C
2635303940,0,0.0,C
2635303940,0,0.0,C
2635303940,0,0.0,C
2635303940,0,0.0,C
3158862910,0,0.0,C
3158862910,0,0.0,C
3158862910,0,0.0,C
3158862910,0,0.0,C
3158862910,0,0.0,C
1710205153,0,0.0,C
1710205153,0,0.0,C
1710205153,0,0.0,C
1710205153,0,0.0,C
1710205153,0,0.0,C
2070976245,0,6.145411950986279e-06,C
2070976245,0,0.00015505414935690354,C
2070976245,0,8.104704849010158e-05,C
2070976245,0,3.202703252680461e-05,C
2070976245,0,0.0001910939790890076,C
3368912827,0,0.0,C
3368912827,0,0.0,C
3368912827,0,0.0,C
3368912827,0,0.0,C
3368912827,0,0.0,C
1029714706,0,0.0,C
1029714706,0,0.0,C
1029714706,0,0.0,C
1029714706,0,0.0,C
1029714706,0,0.0,C
2076862737,0,0.0,O
2076862737,0,0.0,O
2076862737,0,0.0,O
2076862737,0,0.0,O
2076862737,0,0.0,O
427867059,0,0.0,I
427867059,0,0.0,I
427867059,0,0.0,I
427867059,0,0.0,I
427867059,0,0.0,I
839602758,0,0.0,C
839602758,0,0.0,C
839602758,0,0.0,C
839602758,0,0.0,C
839602758,0,0.0,C
68675643,0,0.0,C
68675643,0,0.0,C
68675643,0,0.0,C
68675643,0,0.0,C
68675643,0,0.0,C
3416363438,0,0.0,C
3416363438,0,0.0,C
3416363438,0,0.0,C
3416363438,0,0.0,C
3416363438,0,0.0,C
675765711,0,0.0,C
675765711,0,0.0,C
675765711,0,0.0,C
675765711,0,0.0,C
675765711,0,0.0,C
1785683843,0,0.0,C
1785683843,0,0.0,C
1785683843,0,0.0,C
1785683843,0,0.0,C
1785683843,0,0.0,C
2780028939,0,0.0,C
2780028939,0,0.0,C
2780028939,0,0.0,C
2780028939,0,0.0,C
2780028939,0,0.0,C
3083149185,0,0.0,C
3083149185,0,0.0,C
3083149185,0,0.0,C
3083149185,0,0.0,C
3083149185,0,0.0,C
3194612514,0,0.0,O
3194612514,0,0.0,O
3194612514,0,0.0,O
3194612514,0,0.0,O
3194612514,0,0.0,O
1637836422,0,0.0,C
1637836422,0,0.0,C
1637836422,0,0.0,C
1637836422,0,0.0,C
1637836422,0,0.0,C
3337745083,0,-3.8997792592754266e-05,F
3337745083,0,0.0003274137328105331,F
3337745083,0,0.0011350005076606884,F
3337745083,0,0.0,F
3337745083,0,0.00010178510203917579,F
4036774035,0,0.0,C
4036774035,0,0.0,C
4036774035,0,0.0,C
4036774035,0,0.0,C
4036774035,0,0.0,C
135980867,0,0.0,C
135980867,0,0.0,C
135980867,0,0.0,C
135980867,0,0.0,C
135980867,0,0.0,C
122886383,0,0.0,C
122886383,0,0.0,C
122886383,0,0.0,C
122886383,0,0.0,C
122886383,0,0.0,C
2252049393,0,0.0,C
2252049393,0,0.0,C
2252049393,0,0.0,C
2252049393,0,0.0,C
2252049393,0,0.0,C
2447748155,0,0.0,C
2447748155,0,0.0,C
2447748155,0,0.0,C
2447748155,0,0.0,C
2447748155,0,0.0,C
2834873482,0,0.0,C
2834873482,0,0.0,C
2834873482,0,0.0,C
2834873482,0,0.0,C
2834873482,0,0.0,C
2844185244,0,0.0,C
2844185244,0,0.0,C
2844185244,0,0.0,C
2844185244,0,0.0,C
2844185244,0,0.0,C
2940857128,0,0.0,C
2940857128,0,0.0,C
2940857128,0,0.0,C
2940857128,0,0.0,C
2940857128,0,0.0,C
3743809709,0,0.0,C
3743809709,0,0.0,C
3743809709,0,0.0,C
3743809709,0,0.0,C
3743809709,0,0.0,C
3743809710,0,0.0,C
3743809710,0,0.0,C
3743809710,0,0.0,C
3743809710,0,0.0,C
3743809710,0,0.0,C
4264704113,0,0.0,Cl
4264704113,0,0.0,Cl
4264704113,0,0.0,Cl
4264704113,0,0.0,Cl
4264704113,0,0.0,Cl
4265486248,0,0.0,Cl
4265486248,0,0.0,Cl
4265486248,0,0.0,Cl
4265486248,0,0.0,Cl
4265486248,0,0.0,Cl
492051864,0,0.0,C
492051864,0,0.0,C
492051864,0,0.0,C
492051864,0,0.0,C
492051864,0,0.0,C
77081066,0,0.0,C
77081066,0,0.0,C
77081066,0,0.0,C
77081066,0,0.0,C
77081066,0,0.0,C
4038637638,0,0.0,C
4038637638,0,0.0,C
4038637638,0,0.0,C
4038637638,0,0.0,C
4038637638,0,0.0,C
889094846,0,0.0,C
889094846,0,0.0,C
889094846,0,0.0,C
889094846,0,0.0,C
889094846,0,0.0,C
1704599822,0,0.0,C
1704599822,0,0.0,C
1704599822,0,0.0,C
1704599822,0,0.0,C
1704599822,0,0.0,C
802498242,0,0.0,S
802498242,0,0.0,S
802498242,0,0.0,S
802498242,0,0.0,S
802498242,0,0.0,S
4064875520,0,0.0,O
4064875520,0,0.0,O
4064875520,0,0.0,O
4064875520,0,0.0,O
4064875520,0,0.0,O
1370731475,0,0.0,N
1370731475,0,0.0,N
1370731475,0,0.0,N
1370731475,0,0.0,N
1370731475,0,0.0,N
1228815484,0,0.00031855053775875497,C
1228815484,0,0.0009489462122339587,C
1228815484,0,0.0017424423897816066,C
1228815484,0,0.0011788571062991693,C
1228815484,0,0.0002066367548066994,C
2068133184,0,0.0,C
2068133184,0,0.0,C
2068133184,0,0.0,C
2068133184,0,0.0,C
2068133184,0,0.0,C
3921625504,0,0.0,C
3921625504,0,0.0,C
3921625504,0,0.0,C
3921625504,0,0.0,C
3921625504,0,0.0,C
1681811079,0,0.0,C
1681811079,0,0.0,C
1681811079,0,0.0,C
1681811079,0,0.0,C
1681811079,0,0.0,C
1938540009,0,0.0,C
1938540009,0,0.0,C
1938540009,0,0.0,C
1938540009,0,0.0,C
1938540009,0,0.0,C
3088649317,0,0.0,N
3088649317,0,0.0,N
3088649317,0,0.0,N
3088649317,0,0.0,N
3088649317,0,0.0,N
2865977551,0,0.0,S
2865977551,0,0.0,S
2865977551,0,0.0,S
2865977551,0,0.0,S
2865977551,0,0.0,S
1971534293,0,0.0,O
1971534293,0,0.0,O
1971534293,0,0.0,O
1971534293,0,0.0,O
1971534293,0,0.0,O
2310811238,0,0.0,C
2310811238,0,0.0,C
2310811238,0,0.0,C
2310811238,0,0.0,C
2310811238,0,0.0,C
2392622418,0,0.0,S
2392622418,0,0.0,S
2392622418,0,0.0,S
2392622418,0,0.0,S
2392622418,0,0.0,S
1468211904,0,0.0,C
1468211904,0,0.0,C
1468211904,0,0.0,C
1468211904,0,0.0,C
1468211904,0,0.0,C
3556189655,0,0.00044116634266722077,I
3556189655,0,0.00044116634266722077,I
3556189655,0,0.00044116634266722077,I
3556189655,0,8.72191173623138e-05,I
3556189655,0,0.00044116634266722077,I
262673770,0,0.0,C
262673770,0,0.0,C
262673770,0,0.0,C
262673770,0,0.0,C
262673770,0,0.0,C
3342993694,0,0.0,C
3342993694,0,0.0,C
3342993694,0,0.0,C
3342993694,0,0.0,C
3342993694,0,0.0,C
906402393,0,0.008481810015207425,O
906402393,0,0.00683996585244262,O
906402393,0,0.008531234939501808,O
906402393,0,-0.0009601125794561627,O
906402393,0,0.0043816182431816175,O
1583799011,0,0.0,C
1583799011,0,0.0,C
1583799011,0,0.0,C
1583799011,0,0.0,C
1583799011,0,0.0,C
1191280979,0,0.0,C
1191280979,0,0.0,C
1191280979,0,0.0,C
1191280979,0,0.0,C
1191280979,0,0.0,C
1635242581,0,0.0,P
1635242581,0,0.0,P
1635242581,0,0.0,P
1635242581,0,0.0,P
1635242581,0,0.0,P
2027655192,0,0.0,O
2027655192,0,0.0,O
2027655192,0,0.0,O
2027655192,0,0.0,O
2027655192,0,0.0,O
3222770065,0,0.0,C
3222770065,0,0.0,C
3222770065,0,0.0,C
3222770065,0,0.0,C
3222770065,0,0.0,C
69470421,0,0.0,C
69470421,0,0.0,C
69470421,0,0.0,C
69470421,0,0.0,C
69470421,0,0.0,C
3695448525,0,0.0,C
3695448525,0,0.0,C
3695448525,0,0.0,C
3695448525,0,0.0,C
3695448525,0,0.0,C
1637589131,0,0.0,C
1637589131,0,0.0,C
1637589131,0,0.0,C
1637589131,0,0.0,C
1637589131,0,0.0,C
738071152,0,0.0,C
738071152,0,0.0,C
738071152,0,0.0,C
738071152,0,0.0,C
738071152,0,0.0,C
3545353036,0,0.0,C
3545353036,0,0.0,C
3545353036,0,0.0,C
3545353036,0,0.0,C
3545353036,0,0.0,C
2720313463,0,0.0,C
2720313463,0,0.0,C
2720313463,0,0.0,C
2720313463,0,0.0,C
2720313463,0,0.0,C
2292702565,0,0.0,C
2292702565,0,0.0,C
2292702565,0,0.0,C
2292702565,0,0.0,C
2292702565,0,0.0,C
905632147,0,0.0,C
905632147,0,0.0,C
905632147,0,0.0,C
905632147,0,0.0,C
905632147,0,0.0,C
2393016670,0,0.0,C
2393016670,0,0.0,C
2393016670,0,0.0,C
2393016670,0,0.0,C
2393016670,0,0.0,C
636990493,0,0.0,C
636990493,0,0.0,C
636990493,0,0.0,C
636990493,0,0.0,C
636990493,0,0.0,C
1323888424,0,0.0,N
1323888424,0,0.0,N
1323888424,0,0.0,N
1323888424,0,0.0,N
1323888424,0,0.0,N
1143297034,0,0.0,C
1143297034,0,0.0,C
1143297034,0,0.0,C
1143297034,0,0.0,C
1143297034,0,0.0,C
3384982069,0,0.0,C
3384982069,0,0.0,C
3384982069,0,0.0,C
3384982069,0,0.0,C
3384982069,0,0.0,C
2246733040,0,0.0,C
2246733040,0,0.0,C
2246733040,0,0.0,C
2246733040,0,0.0,C
2246733040,0,0.0,C
3835033428,0,0.0,C
3835033428,0,0.0,C
3835033428,0,0.0,C
3835033428,0,0.0,C
3835033428,0,0.0,C
3351556771,0,0.0,S
3351556771,0,0.0,S
3351556771,0,0.0,S
3351556771,0,0.0,S
3351556771,0,0.0,S
203749390,0,0.0,C
203749390,0,0.0,C
203749390,0,0.0,C
203749390,0,0.0,C
203749390,0,0.0,C
1792562719,0,0.0,S
1792562719,0,0.0,S
1792562719,0,0.0,S
1792562719,0,0.0,S
1792562719,0,0.0,S
2803419857,0,0.0,C
2803419857,0,0.0,C
2803419857,0,0.0,C
2803419857,0,0.0,C
2803419857,0,0.0,C
2667063169,0,0.0,O
2667063169,0,0.0,O
2667063169,0,0.0,O
2667063169,0,0.0,O
2667063169,0,0.0,O
517457164,0,0.0,C
517457164,0,0.0,C
517457164,0,0.0,C
517457164,0,0.0,C
517457164,0,0.0,C
2521234953,0,0.0,C
2521234953,0,0.0,C
2521234953,0,0.0,C
2521234953,0,0.0,C
2521234953,0,0.0,C
2521234958,0,0.0,C
2521234958,0,0.0,C
2521234958,0,0.0,C
2521234958,0,0.0,C
2521234958,0,0.0,C
176403689,0,-0.0002056624308203192,C
176403689,0,0.0003488036255637761,C
176403689,0,0.0002992160377850439,C
176403689,0,0.000270729074580478,C
176403689,0,-9.908159685922957e-05,C
736728097,0,0.0,C
736728097,0,0.0,C
736728097,0,0.0,C
736728097,0,0.0,C
736728097,0,0.0,C
340640331,0,0.0,C
340640331,0,0.0,C
340640331,0,0.0,C
340640331,0,0.0,C
340640331,0,0.0,C
1505769767,0,0.0,C
1505769767,0,0.0,C
1505769767,0,0.0,C
1505769767,0,0.0,C
1505769767,0,0.0,C
1634854406,0,0.0,C
1634854406,0,0.0,C
1634854406,0,0.0,C
1634854406,0,0.0,C
1634854406,0,0.0,C
2163918870,0,0.0,C
2163918870,0,0.0,C
2163918870,0,0.0,C
2163918870,0,0.0,C
2163918870,0,0.0,C
1533809047,0,0.0,C
1533809047,0,0.0,C
1533809047,0,0.0,C
1533809047,0,0.0,C
1533809047,0,0.0,C
1907674422,0,0.0,C
1907674422,0,0.0,C
1907674422,0,0.0,C
1907674422,0,0.0,C
1907674422,0,0.0,C
2355616982,0,0.0,C
2355616982,0,0.0,C
2355616982,0,0.0,C
2355616982,0,0.0,C
2355616982,0,0.0,C
4229088015,0,0.0,N
4229088015,0,0.0,N
4229088015,0,0.0,N
4229088015,0,0.0,N
4229088015,0,0.0,N
1019187108,0,0.0,C
1019187108,0,0.0,C
1019187108,0,0.0,C
1019187108,0,0.0,C
1019187108,0,0.0,C
1674219510,0,0.0,C
1674219510,0,0.0,C
1674219510,0,0.0,C
1674219510,0,0.0,C
1674219510,0,0.0,C
1024251450,0,0.0,C
1024251450,0,0.0,C
1024251450,0,0.0,C
1024251450,0,0.0,C
1024251450,0,0.0,C
994494548,0,0.0,C
994494548,0,0.0,C
994494548,0,0.0,C
994494548,0,0.0,C
994494548,0,0.0,C
3833608434,0,0.0,C
3833608434,0,0.0,C
3833608434,0,0.0,C
3833608434,0,0.0,C
3833608434,0,0.0,C
3914061263,0,0.0,C
3914061263,0,0.0,C
3914061263,0,0.0,C
3914061263,0,0.0,C
3914061263,0,0.0,C
3473431882,0,0.0,C
3473431882,0,0.0,C
3473431882,0,0.0,C
3473431882,0,0.0,C
3473431882,0,0.0,C
865234990,0,0.0,S
865234990,0,0.0,S
865234990,0,0.0,S
865234990,0,0.0,S
865234990,0,0.0,S
2308348490,0,0.0,C
2308348490,0,0.0,C
2308348490,0,0.0,C
2308348490,0,0.0,C
2308348490,0,0.0,C
530219946,0,0.0,C
530219946,0,0.0,C
530219946,0,0.0,C
530219946,0,0.0,C
530219946,0,0.0,C
736735858,0,0.0,C
736735858,0,0.0,C
736735858,0,0.0,C
736735858,0,0.0,C
736735858,0,0.0,C
484537559,0,0.0,F
484537559,0,0.0,F
484537559,0,0.0,F
484537559,0,0.0,F
484537559,0,0.0,F
4025943270,0,0.0,C
4025943270,0,0.0,C
4025943270,0,0.0,C
4025943270,0,0.0,C
4025943270,0,0.0,C
2245897107,0,3.996191994204423e-05,C
2245897107,0,5.895730599803084e-05,C
2245897107,0,2.7299543667647086e-05,C
2245897107,0,5.895730599803084e-05,C
2245897107,0,5.895730599803084e-05,C
3492293582,0,0.0,C
3492293582,0,0.0,C
3492293582,0,0.0,C
3492293582,0,0.0,C
3492293582,0,0.0,C
3633369638,0,0.0,C
3633369638,0,0.0,C
3633369638,0,0.0,C
3633369638,0,0.0,C
3633369638,0,0.0,C
62093196,0,0.0,C
62093196,0,0.0,C
62093196,0,0.0,C
62093196,0,0.0,C
62093196,0,0.0,C
2814583100,0,0.0,O
2814583100,0,0.0,O
2814583100,0,0.0,O
2814583100,0,0.0,O
2814583100,0,0.0,O
3121777292,0,0.0,N
3121777292,0,0.0,N
3121777292,0,0.0,N
3121777292,0,0.0,N
3121777292,0,0.0,N
2459741777,0,0.0,O
2459741777,0,0.0,O
2459741777,0,0.0,O
2459741777,0,0.0,O
2459741777,0,0.0,O
603177034,0,0.0,C
603177034,0,0.0,C
603177034,0,0.0,C
603177034,0,0.0,C
603177034,0,0.0,C
3401232302,0,0.0,N
3401232302,0,0.0,N
3401232302,0,0.0,N
3401232302,0,0.0,N
3401232302,0,0.0,N
592270383,0,0.0,C
592270383,0,0.0,C
592270383,0,0.0,C
592270383,0,0.0,C
592270383,0,0.0,C
318524446,0,0.0,Br
318524446,0,0.0,Br
318524446,0,0.0,Br
318524446,0,0.0,Br
318524446,0,0.0,Br
982949046,0,0.0,C
982949046,0,0.0,C
982949046,0,0.0,C
982949046,0,0.0,C
982949046,0,0.0,C
2780028940,0,0.0,C
2780028940,0,0.0,C
2780028940,0,0.0,C
2780028940,0,0.0,C
2780028940,0,0.0,C
3153477100,0,0.0,C
3153477100,0,0.0,C
3153477100,0,0.0,C
3153477100,0,0.0,C
3153477100,0,0.0,C
475449594,0,0.0,F
475449594,0,0.0,F
475449594,0,0.0,F
475449594,0,0.0,F
475449594,0,0.0,F
999602538,0,0.0,S
999602538,0,0.0,S
999602538,0,0.0,S
999602538,0,0.0,S
999602538,0,0.0,S
1246734109,0,0.0,S
1246734109,0,0.0,S
1246734109,0,0.0,S
1246734109,0,0.0,S
1246734109,0,0.0,S
2228258049,0,0.0,O
2228258049,0,0.0,O
2228258049,0,0.0,O
2228258049,0,0.0,O
2228258049,0,0.0,O
3840182912,0,0.0,C
3840182912,0,0.0,C
3840182912,0,0.0,C
3840182912,0,0.0,C
3840182912,0,0.0,C
1241191405,0,0.0,C
1241191405,0,0.0,C
1241191405,0,0.0,C
1241191405,0,0.0,C
1241191405,0,0.0,C
325281617,0,0.0,Br
325281617,0,0.0,Br
325281617,0,0.0,Br
325281617,0,0.0,Br
325281617,0,0.0,Br
1087383559,0,0.0,C
1087383559,0,0.0,C
1087383559,0,0.0,C
1087383559,0,0.0,C
1087383559,0,0.0,C
4003054055,0,0.0,C
4003054055,0,0.0,C
4003054055,0,0.0,C
4003054055,0,0.0,C
4003054055,0,0.0,C
427958596,0,0.0,C
427958596,0,0.0,C
427958596,0,0.0,C
427958596,0,0.0,C
427958596,0,0.0,C
2998383401,0,0.0,S
2998383401,0,0.0,S
2998383401,0,0.0,S
2998383401,0,0.0,S
2998383401,0,0.0,S
2163923111,0,0.0,C
2163923111,0,0.0,C
2163923111,0,0.0,C
2163923111,0,0.0,C
2163923111,0,0.0,C
1505942694,0,0.0,C
1505942694,0,0.0,C
1505942694,0,0.0,C
1505942694,0,0.0,C
1505942694,0,0.0,C
3308893703,0,0.0,C
3308893703,0,0.0,C
3308893703,0,0.0,C
3308893703,0,0.0,C
3308893703,0,0.0,C
876651869,0,0.0,N
876651869,0,0.0,N
876651869,0,0.0,N
876651869,0,0.0,N
876651869,0,0.0,N
2089117413,0,0.0,C
2089117413,0,0.0,C
2089117413,0,0.0,C
2089117413,0,0.0,C
2089117413,0,0.0,C
2064745600,0,0.0,C
2064745600,0,0.0,C
2064745600,0,0.0,C
2064745600,0,0.0,C
2064745600,0,0.0,C
1857396528,0,0.0,C
1857396528,0,0.0,C
1857396528,0,0.0,C
1857396528,0,0.0,C
1857396528,0,0.0,C
871877728,0,0.0,C
871877728,0,0.0,C
871877728,0,0.0,C
871877728,0,0.0,C
871877728,0,0.0,C
3224978178,0,0.0,C
3224978178,0,0.0,C
3224978178,0,0.0,C
3224978178,0,0.0,C
3224978178,0,0.0,C
1184436594,0,0.0,C
1184436594,0,0.0,C
1184436594,0,0.0,C
1184436594,0,0.0,C
1184436594,0,0.0,C
1385310220,0,0.0,C
1385310220,0,0.0,C
1385310220,0,0.0,C
1385310220,0,0.0,C
1385310220,0,0.0,C
1824088295,0,0.0,C
1824088295,0,0.0,C
1824088295,0,0.0,C
1824088295,0,0.0,C
1824088295,0,0.0,C
2982494297,0,0.0,C
2982494297,0,0.0,C
2982494297,0,0.0,C
2982494297,0,0.0,C
2982494297,0,0.0,C
271903915,0,7.731537824828827e-05,N
271903915,0,0.0001555034695690516,N
271903915,0,0.00036425814380602883,N
271903915,0,0.0002926643750137403,N
271903915,0,0.00034940292958962615,N
1428903162,0,1.288593554871209e-05,C
1428903162,0,-0.0002707647877604469,C
1428903162,0,-0.000576692121041722,C
1428903162,0,0.00015569581172691915,C
1428903162,0,-0.00048295191991631903,C
592593828,0,0.0,C
592593828,0,0.0,C
592593828,0,0.0,C
592593828,0,0.0,C
592593828,0,0.0,C
1512794193,0,0.0,C
1512794193,0,0.0,C
1512794193,0,0.0,C
1512794193,0,0.0,C
1512794193,0,0.0,C
1514095308,0,0.0,C
1514095308,0,0.0,C
1514095308,0,0.0,C
1514095308,0,0.0,C
1514095308,0,0.0,C
3909974435,0,0.0,C
3909974435,0,0.0,C
3909974435,0,0.0,C
3909974435,0,0.0,C
3909974435,0,0.0,C
4118787735,0,0.0,N
4118787735,0,0.0,N
4118787735,0,0.0,N
4118787735,0,0.0,N
4118787735,0,0.0,N
4160330003,0,0.0,C
4160330003,0,0.0,C
4160330003,0,0.0,C
4160330003,0,0.0,C
4160330003,0,0.0,C
4006898938,0,0.0,S
4006898938,0,0.0,S
4006898938,0,0.0,S
4006898938,0,0.0,S
4006898938,0,0.0,S
2410099666,0,0.0,C
2410099666,0,0.0,C
2410099666,0,0.0,C
2410099666,0,0.0,C
2410099666,0,0.0,C
947207704,0,0.0,C
947207704,0,0.0,C
947207704,0,0.0,C
947207704,0,0.0,C
947207704,0,0.0,C
3855312692,0,0.0,C
3855312692,0,0.0,C
3855312692,0,0.0,C
3855312692,0,0.0,C
3855312692,0,0.0,C
2223687999,0,0.0,C
2223687999,0,0.0,C
2223687999,0,0.0,C
2223687999,0,0.0,C
2223687999,0,0.0,C
3266129148,0,0.0,S
3266129148,0,0.0,S
3266129148,0,0.0,S
3266129148,0,0.0,S
3266129148,0,0.0,S
267908151,0,0.0,C
267908151,0,0.0,C
267908151,0,0.0,C
267908151,0,0.0,C
267908151,0,0.0,C
1871221615,0,0.0,C
1871221615,0,0.0,C
1871221615,0,0.0,C
1871221615,0,0.0,C
1871221615,0,0.0,C
3232457362,0,0.0,S
3232457362,0,0.0,S
3232457362,0,0.0,S
3232457362,0,0.0,S
3232457362,0,0.0,S
3534721953,0,0.0,N
3534721953,0,0.0,N
3534721953,0,0.0,N
3534721953,0,0.0,N
3534721953,0,0.0,N
4018048386,0,0.0,C
4018048386,0,0.0,C
4018048386,0,0.0,C
4018048386,0,0.0,C
4018048386,0,0.0,C
431202968,0,0.0,O
431202968,0,0.0,O
431202968,0,0.0,O
431202968,0,0.0,O
431202968,0,0.0,O
870935869,0,0.0,C
870935869,0,0.0,C
870935869,0,0.0,C
870935869,0,0.0,C
870935869,0,0.0,C
1823539237,0,0.0,S
1823539237,0,0.0,S
1823539237,0,0.0,S
1823539237,0,0.0,S
1823539237,0,0.0,S
854737118,0,0.0,C
854737118,0,0.0,C
854737118,0,0.0,C
854737118,0,0.0,C
854737118,0,0.0,C
1842114921,0,0.0,C
1842114921,0,0.0,C
1842114921,0,0.0,C
1842114921,0,0.0,C
1842114921,0,0.0,C
1917146276,0,0.0,S
1917146276,0,0.0,S
1917146276,0,0.0,S
1917146276,0,0.0,S
1917146276,0,0.0,S
2296764637,0,0.0,C
2296764637,0,0.0,C
2296764637,0,0.0,C
2296764637,0,0.0,C
2296764637,0,0.0,C
3066203908,0,0.0,N
3066203908,0,0.0,N
3066203908,0,0.0,N
3066203908,0,0.0,N
3066203908,0,0.0,N
4140259565,0,0.0,C
4140259565,0,0.0,C
4140259565,0,0.0,C
4140259565,0,0.0,C
4140259565,0,0.0,C
3927890045,0,0.0,C
3927890045,0,0.0,C
3927890045,0,0.0,C
3927890045,0,0.0,C
3927890045,0,0.0,C
2154640335,0,0.0,O
2154640335,0,0.0,O
2154640335,0,0.0,O
2154640335,0,0.0,O
2154640335,0,0.0,O
2057423023,0,0.0,C
2057423023,0,0.0,C
2057423023,0,0.0,C
2057423023,0,0.0,C
2057423023,0,0.0,C
1880637161,0,0.0,S
1880637161,0,0.0,S
1880637161,0,0.0,S
1880637161,0,0.0,S
1880637161,0,0.0,S
1730555933,0,0.0,C
1730555933,0,0.0,C
1730555933,0,0.0,C
1730555933,0,0.0,C
1730555933,0,0.0,C
4292539202,0,0.0,C
4292539202,0,0.0,C
4292539202,0,0.0,C
4292539202,0,0.0,C
4292539202,0,0.0,C
2205501948,0,0.0,C
2205501948,0,0.0,C
2205501948,0,0.0,C
2205501948,0,0.0,C
2205501948,0,0.0,C
446538036,0,0.0,C
446538036,0,0.0,C
446538036,0,0.0,C
446538036,0,0.0,C
446538036,0,0.0,C
847336149,0,0.0,N
847336149,0,0.0,N
847336149,0,0.0,N
847336149,0,0.0,N
847336149,0,0.0,N
27060903,0,0.0,S
27060903,0,0.0,S
27060903,0,0.0,S
27060903,0,0.0,S
27060903,0,0.0,S
914018444,0,0.0,O
914018444,0,0.0,O
914018444,0,0.0,O
914018444,0,0.0,O
914018444,0,0.0,O
2029006240,0,0.0,C
2029006240,0,0.0,C
2029006240,0,0.0,C
2029006240,0,0.0,C
2029006240,0,0.0,C
2451244026,0,0.0,N
2451244026,0,0.0,N
2451244026,0,0.0,N
2451244026,0,0.0,N
2451244026,0,0.0,N
3796701813,0,0.0,C
3796701813,0,0.0,C
3796701813,0,0.0,C
3796701813,0,0.0,C
3796701813,0,0.0,C
2042632700,0,0.0,C
2042632700,0,0.0,C
2042632700,0,0.0,C
2042632700,0,0.0,C
2042632700,0,0.0,C
3723215905,0,0.0,C
3723215905,0,0.0,C
3723215905,0,0.0,C
3723215905,0,0.0,C
3723215905,0,0.0,C
205323193,0,0.0015568305475777144,S
205323193,0,-0.0012141603666885326,S
205323193,0,-0.0010591459024937855,S
205323193,0,-0.0011349227320611721,S
205323193,0,-0.0009256234254018114,S
4095742117,0,0.0,C
4095742117,0,0.0,C
4095742117,0,0.0,C
4095742117,0,0.0,C
4095742117,0,0.0,C
1667497117,0,0.0,C
1667497117,0,0.0,C
1667497117,0,0.0,C
1667497117,0,0.0,C
1667497117,0,0.0,C
3677861261,0,0.0,C
3677861261,0,0.0,C
3677861261,0,0.0,C
3677861261,0,0.0,C
3677861261,0,0.0,C
177486409,0,0.0,C
177486409,0,0.0,C
177486409,0,0.0,C
177486409,0,0.0,C
177486409,0,0.0,C
447049820,0,0.0,C
447049820,0,0.0,C
447049820,0,0.0,C
447049820,0,0.0,C
447049820,0,0.0,C
530220010,0,0.0,C
530220010,0,0.0,C
530220010,0,0.0,C
530220010,0,0.0,C
530220010,0,0.0,C
737231698,0,0.0,C
737231698,0,0.0,C
737231698,0,0.0,C
737231698,0,0.0,C
737231698,0,0.0,C
191043021,0,0.0,C
191043021,0,0.0,C
191043021,0,0.0,C
191043021,0,0.0,C
191043021,0,0.0,C
530250207,0,0.0,C
530250207,0,0.0,C
530250207,0,0.0,C
530250207,0,0.0,C
530250207,0,0.0,C
2810421479,0,0.0,O
2810421479,0,0.0,O
2810421479,0,0.0,O
2810421479,0,0.0,O
2810421479,0,0.0,O
3910798935,0,0.0,C
3910798935,0,0.0,C
3910798935,0,0.0,C
3910798935,0,0.0,C
3910798935,0,0.0,C
2983182085,0,0.0,C
2983182085,0,0.0,C
2983182085,0,0.0,C
2983182085,0,0.0,C
2983182085,0,0.0,C
912632640,0,0.0,C
912632640,0,0.0,C
912632640,0,0.0,C
912632640,0,0.0,C
912632640,0,0.0,C
1582607016,0,0.0003261481414273959,C
1582607016,0,0.0013595875666762014,C
1582607016,0,-0.000131487992799606,C
1582607016,0,-0.0002725127276115291,C
1582607016,0,2.7260905721693263e-05,C
736735794,0,0.0,C
736735794,0,0.0,C
736735794,0,0.0,C
736735794,0,0.0,C
736735794,0,0.0,C
421940045,0,0.0,C
421940045,0,0.0,C
421940045,0,0.0,C
421940045,0,0.0,C
421940045,0,0.0,C
2642229148,0,0.0,C
2642229148,0,0.0,C
2642229148,0,0.0,C
2642229148,0,0.0,C
2642229148,0,0.0,C
1894581838,0,0.0,C
1894581838,0,0.0,C
1894581838,0,0.0,C
1894581838,0,0.0,C
1894581838,0,0.0,C
1894581839,0,0.0,C
1894581839,0,0.0,C
1894581839,0,0.0,C
1894581839,0,0.0,C
1894581839,0,0.0,C
3491109101,0,0.0,C
3491109101,0,0.0,C
3491109101,0,0.0,C
3491109101,0,0.0,C
3491109101,0,0.0,C
1790668568,0,0.0,N
1790668568,0,0.0,N
1790668568,0,0.0,N
1790668568,0,0.0,N
1790668568,0,0.0,N
3315826729,0,0.0,C
3315826729,0,0.0,C
3315826729,0,0.0,C
3315826729,0,0.0,C
3315826729,0,0.0,C
624765600,0,0.0,C
624765600,0,0.0,C
624765600,0,0.0,C
624765600,0,0.0,C
624765600,0,0.0,C
4039837947,0,0.0,F
4039837947,0,0.0,F
4039837947,0,0.0,F
4039837947,0,0.0,F
4039837947,0,0.0,F
1064883769,0,0.0,C
1064883769,0,0.0,C
1064883769,0,0.0,C
1064883769,0,0.0,C
1064883769,0,0.0,C
595581388,0,0.0,S
595581388,0,0.0,S
595581388,0,0.0,S
595581388,0,0.0,S
595581388,0,0.0,S
2850007887,0,0.0,S
2850007887,0,0.0,S
2850007887,0,0.0,S
2850007887,0,0.0,S
2850007887,0,0.0,S
1987872597,0,0.0,O
1987872597,0,0.0,O
1987872597,0,0.0,O
1987872597,0,0.0,O
1987872597,0,0.0,O
2769904609,0,0.0,O
2769904609,0,0.0,O
2769904609,0,0.0,O
2769904609,0,0.0,O
2769904609,0,0.0,O
3299440986,0,0.0,S
3299440986,0,0.0,S
3299440986,0,0.0,S
3299440986,0,0.0,S
3299440986,0,0.0,S
3577933306,0,0.0,C
3577933306,0,0.0,C
3577933306,0,0.0,C
3577933306,0,0.0,C
3577933306,0,0.0,C
3577933307,0,0.0,C
3577933307,0,0.0,C
3577933307,0,0.0,C
3577933307,0,0.0,C
3577933307,0,0.0,C
4018138687,0,0.0,C
4018138687,0,0.0,C
4018138687,0,0.0,C
4018138687,0,0.0,C
4018138687,0,0.0,C
2932785557,0,0.0,C
2932785557,0,0.0,C
2932785557,0,0.0,C
2932785557,0,0.0,C
2932785557,0,0.0,C
215675288,0,0.0,C
215675288,0,0.0,C
215675288,0,0.0,C
215675288,0,0.0,C
215675288,0,0.0,C
3613186530,0,0.0,N
3613186530,0,0.0,N
3613186530,0,0.0,N
3613186530,0,0.0,N
3613186530,0,0.0,N
1421345390,0,0.0,C
1421345390,0,0.0,C
1421345390,0,0.0,C
1421345390,0,0.0,C
1421345390,0,0.0,C
2459836637,0,0.0,C
2459836637,0,0.0,C
2459836637,0,0.0,C
2459836637,0,0.0,C
2459836637,0,0.0,C
3087909968,0,0.0,N
3087909968,0,0.0,N
3087909968,0,0.0,N
3087909968,0,0.0,N
3087909968,0,0.0,N
3387672131,0,0.0,C
3387672131,0,0.0,C
3387672131,0,0.0,C
3387672131,0,0.0,C
3387672131,0,0.0,C
2035488874,0,0.0,C
2035488874,0,0.0,C
2035488874,0,0.0,C
2035488874,0,0.0,C
2035488874,0,0.0,C
2155183954,0,0.0,O
2155183954,0,0.0,O
2155183954,0,0.0,O
2155183954,0,0.0,O
2155183954,0,0.0,O
3995043796,0,0.0,C
3995043796,0,0.0,C
3995043796,0,0.0,C
3995043796,0,0.0,C
3995043796,0,0.0,C
3464445458,0,0.0,C
3464445458,0,0.0,C
3464445458,0,0.0,C
3464445458,0,0.0,C
3464445458,0,0.0,C
2662015685,0,0.0,C
2662015685,0,0.0,C
2662015685,0,0.0,C
2662015685,0,0.0,C
2662015685,0,0.0,C
3877555087,0,0.0,C
3877555087,0,0.0,C
3877555087,0,0.0,C
3877555087,0,0.0,C
3877555087,0,0.0,C
895910141,0,0.0,C
895910141,0,0.0,C
895910141,0,0.0,C
895910141,0,0.0,C
895910141,0,0.0,C
3103936094,0,0.0,C
3103936094,0,0.0,C
3103936094,0,0.0,C
3103936094,0,0.0,C
3103936094,0,0.0,C
144568923,0,0.0,C
144568923,0,0.0,C
144568923,0,0.0,C
144568923,0,0.0,C
144568923,0,0.0,C
2341335741,0,0.0,N
2341335741,0,0.0,N
2341335741,0,0.0,N
2341335741,0,0.0,N
2341335741,0,0.0,N
1582611257,0,0.0,C
1582611257,0,0.0,C
1582611257,0,0.0,C
1582611257,0,0.0,C
1582611257,0,0.0,C
1597841496,0,0.0,C
1597841496,0,0.0,C
1597841496,0,0.0,C
1597841496,0,0.0,C
1597841496,0,0.0,C
2032571407,0,0.0,C
2032571407,0,0.0,C
2032571407,0,0.0,C
2032571407,0,0.0,C
2032571407,0,0.0,C
1602567453,0,0.0,C
1602567453,0,0.0,C
1602567453,0,0.0,C
1602567453,0,0.0,C
1602567453,0,0.0,C
3726304495,0,0.0,C
3726304495,0,0.0,C
3726304495,0,0.0,C
3726304495,0,0.0,C
3726304495,0,0.0,C
4033380444,0,0.0,C
4033380444,0,0.0,C
4033380444,0,0.0,C
4033380444,0,0.0,C
4033380444,0,0.0,C
977565923,0,0.0,C
977565923,0,0.0,C
977565923,0,0.0,C
977565923,0,0.0,C
977565923,0,0.0,C
4259829752,0,0.0,C
4259829752,0,0.0,C
4259829752,0,0.0,C
4259829752,0,0.0,C
4259829752,0,0.0,C
606428793,0,0.0,C
606428793,0,0.0,C
606428793,0,0.0,C
606428793,0,0.0,C
606428793,0,0.0,C
2296493092,0,0.0,N
2296493092,0,0.0,N
2296493092,0,0.0,N
2296493092,0,0.0,N
2296493092,0,0.0,N
202715083,0,0.0,C
202715083,0,0.0,C
202715083,0,0.0,C
202715083,0,0.0,C
202715083,0,0.0,C
3555030288,0,0.0,I
3555030288,0,0.0,I
3555030288,0,0.0,I
3555030288,0,0.0,I
3555030288,0,0.0,I
3464445461,0,0.0,C
3464445461,0,0.0,C
3464445461,0,0.0,C
3464445461,0,0.0,C
3464445461,0,0.0,C
729181080,0,0.0,C
729181080,0,0.0,C
729181080,0,0.0,C
729181080,0,0.0,C
729181080,0,0.0,C
3254486562,0,0.0,C
3254486562,0,0.0,C
3254486562,0,0.0,C
3254486562,0,0.0,C
3254486562,0,0.0,C
848128881,1,0.010918904518342654,N
848128881,1,-0.0007250096425672758,N
848128881,1,0.00854180227610768,N
848128881,1,0.00874712093435559,N
848128881,1,0.014565318935290117,N
864674487,1,0.03047783369615309,O
864674487,1,0.022169069312911516,O
864674487,1,0.03649442528137259,O
864674487,1,0.024051148341877382,O
864674487,1,0.008368677183746676,O
864942730,1,0.11487163505572706,O
864942730,1,0.13558749975776296,O
864942730,1,0.11878166388588962,O
864942730,1,0.11579787675889053,O
864942730,1,0.08199900994241216,O
2246699815,1,0.00021684858615145242,C
2246699815,1,0.0009424262206511047,C
2246699815,1,0.0009236563527091901,C
2246699815,1,0.0012191336156831545,C
2246699815,1,0.0003511743500299591,C
2246728737,1,0.017842060136640026,C
2246728737,1,0.03605540402129104,C
2246728737,1,0.05314614910335147,C
2246728737,1,0.04722783932298813,C
2246728737,1,0.05184832110198201,C
3217380708,1,0.02499962887042184,C
3217380708,1,0.02172306348665254,C
3217380708,1,0.03594191653086465,C
3217380708,1,0.03146942761405824,C
3217380708,1,0.042769838006351035,C
3218693969,1,-0.0008365207485874215,C
3218693969,1,-0.0002070255348602945,C
3218693969,1,0.000845128739972778,C
3218693969,1,0.0016840504696062908,C
3218693969,1,0.0023593134219435097,C
951226070,1,0.0009099258358341578,C
951226070,1,0.0017858669045430764,C
951226070,1,0.0021806836603287527,C
951226070,1,0.0004561604445226797,C
951226070,1,0.0008682214442377045,C
994637429,1,0.0,N
994637429,1,0.0,N
994637429,1,0.0,N
994637429,1,0.0,N
994637429,1,0.0,N
1510328189,1,0.001343192068682053,O
1510328189,1,0.002732214058722371,O
1510328189,1,0.000575102868163202,O
1510328189,1,0.0022735693304369864,O
1510328189,1,-0.003580739173990599,O
1738265797,1,0.0,C
1738265797,1,0.0,C
1738265797,1,0.0,C
1738265797,1,0.0,C
1738265797,1,0.0,C
2076190208,1,0.0,O
2076190208,1,0.0,O
2076190208,1,0.0,O
2076190208,1,0.0,O
2076190208,1,0.0,O
2994748777,1,0.0,C
2994748777,1,0.0,C
2994748777,1,0.0,C
2994748777,1,0.0,C
2994748777,1,0.0,C
3162837314,1,0.00015200345034027674,C
3162837314,1,0.0,C
3162837314,1,6.078246916774166e-05,C
3162837314,1,3.5681288454991744e-05,C
3162837314,1,0.00014695650738527632,C
3818546315,1,0.004141319381568698,C
3818546315,1,-0.0065279813603242864,C
3818546315,1,0.0031173616601702925,C
3818546315,1,0.0055429172986565245,C
3818546315,1,0.008508782899097622,C
3975275337,1,0.018930851883348865,C
3975275337,1,0.01552375579986709,C
3975275337,1,0.017770376038871216,C
3975275337,1,0.018090559345616763,C
3975275337,1,0.014942218603479773,C
999334238,1,0.0,S
999334238,1,0.0,S
999334238,1,0.0,S
999334238,1,0.0,S
999334238,1,0.0,S
1016841875,1,0.0030069153382131786,Cl
1016841875,1,0.0029162863875572542,Cl
1016841875,1,0.003213453774714603,Cl
1016841875,1,0.0026814074878598326,Cl
1016841875,1,0.0029984417928609064,Cl
1080831687,1,0.0,Cl
1080831687,1,0.0,Cl
1080831687,1,0.0,Cl
1080831687,1,0.0,Cl
1080831687,1,0.0,Cl
2228063684,1,0.0,O
2228063684,1,0.0,O
2228063684,1,0.0,O
2228063684,1,0.0,O
2228063684,1,0.0,O
3131243524,1,0.0,S
3131243524,1,0.0,S
3131243524,1,0.0,S
3131243524,1,0.0,S
3131243524,1,0.0,S
3835273908,1,0.0,C
3835273908,1,0.0,C
3835273908,1,0.0,C
3835273908,1,0.0,C
3835273908,1,0.0,C
2041434490,1,0.03684384592989409,N
2041434490,1,0.03570563668253135,N
2041434490,1,0.06996604512653992,N
2041434490,1,0.053501136291215,N
2041434490,1,0.046591890414587,N
2245384272,1,-0.0021991525679316837,C
2245384272,1,-0.004169971718432808,C
2245384272,1,0.0003046342068434571,C
2245384272,1,-0.0005989341408757509,C
2245384272,1,0.0015492730957602507,C
618671879,1,0.0,C
618671879,1,0.0,C
618671879,1,0.0,C
618671879,1,-6.42792008205273e-05,C
618671879,1,0.0,C
1100037548,1,0.0,N
1100037548,1,0.0,N
1100037548,1,0.0,N
1100037548,1,0.0,N
1100037548,1,0.0,N
2697110228,1,0.0,C
2697110228,1,0.0,C
2697110228,1,0.0,C
2697110228,1,0.0,C
2697110228,1,0.0,C
3118255683,1,-0.0012212317040022347,N
3118255683,1,0.00018099575575747373,N
3118255683,1,-0.00014976778990227757,N
3118255683,1,0.0012366332909539146,N
3118255683,1,-0.0006323667429003477,N
3542456614,1,0.00745699416386747,C
3542456614,1,0.004768021739234518,C
3542456614,1,0.0010358703589841145,C
3542456614,1,0.006348601882503746,C
3542456614,1,0.007202181942436381,C
3776905034,1,-2.671897085337882e-05,C
3776905034,1,-0.00028680844825057505,C
3776905034,1,-2.671897085337882e-05,C
3776905034,1,-2.671897085337882e-05,C
3776905034,1,-0.00028021328149197,C
3777168895,1,0.0001922084051756423,C
3777168895,1,0.0,C
3777168895,1,0.0,C
3777168895,1,0.0001441887776401085,C
3777168895,1,-2.8945328259366576e-05,C
864662311,1,0.2137753655569843,O
864662311,1,0.20121729475865946,O
864662311,1,0.2451108217073148,O
864662311,1,0.26714330100239136,O
864662311,1,0.22604726494315952,O
1173125914,1,0.0017507761319002224,C
1173125914,1,0.005587151390375356,C
1173125914,1,0.00026483319662273797,C
1173125914,1,0.0012614877348439135,C
1173125914,1,0.0015652507609029698,C
1510461303,1,0.0,C
1510461303,1,0.0,C
1510461303,1,0.0,C
1510461303,1,0.0,C
1510461303,1,0.0,C
1535166686,1,0.005313239833157235,O
1535166686,1,0.004778162920789364,O
1535166686,1,0.0026596410614031507,O
1535166686,1,0.002528447519795418,O
1535166686,1,0.0010455335377453912,O
4023654873,1,0.00066341972863182,C
4023654873,1,0.0007758202438870043,C
4023654873,1,0.002806008155901152,C
4023654873,1,0.0027834467365090987,C
4023654873,1,0.0003138232204811242,C
2245277810,1,0.00020243317435686414,C
2245277810,1,0.0027981718859133586,C
2245277810,1,0.0013593042772188646,C
2245277810,1,4.513887394941296e-05,C
2245277810,1,0.004365228509342067,C
1542631284,1,0.0,O
1542631284,1,0.0,O
1542631284,1,0.0,O
1542631284,1,0.0,O
1542631284,1,0.0,O
1583009052,1,0.0,C
1583009052,1,0.0,C
1583009052,1,-3.0060200416293092e-05,C
1583009052,1,0.0,C
1583009052,1,0.0,C
3537123720,1,0.002257148840392853,C
3537123720,1,0.0009496193727376312,C
3537123720,1,0.0009842183093942136,C
3537123720,1,0.0012025039592136189,C
3537123720,1,0.0010895985742107595,C
3992738647,1,0.0,C
3992738647,1,0.0,C
3992738647,1,0.0,C
3992738647,1,0.0,C
3992738647,1,0.0,C
2968968094,1,0.003646119254630764,C
2968968094,1,0.0016346480531609364,C
2968968094,1,0.006523725434848693,C
2968968094,1,0.0006435436173748421,C
2968968094,1,0.009471170571644039,C
2976033787,1,-0.0011107838890787036,C
2976033787,1,0.0004883032851036306,C
2976033787,1,0.0,C
2976033787,1,0.0,C
2976033787,1,0.0011849154918464055,C
1456537864,1,0.0,C
1456537864,1,0.0,C
1456537864,1,0.0,C
1456537864,1,0.0,C
1456537864,1,0.0,C
1456537871,1,0.0,C
1456537871,1,0.0,C
1456537871,1,0.0,C
1456537871,1,0.0,C
1456537871,1,0.0,C
1858577693,1,0.0,C
1858577693,1,0.0,C
1858577693,1,0.0,C
1858577693,1,0.0,C
1858577693,1,0.0,C
2117068077,1,0.0,C
2117068077,1,0.0,C
2117068077,1,0.0,C
2117068077,1,0.0,C
2117068077,1,0.0006479769379039713,C
2142032900,1,-0.004372513239249809,C
2142032900,1,-0.003233357304831541,C
2142032900,1,-0.0015399809177045753,C
2142032900,1,-0.002292338653244075,C
2142032900,1,0.00013178084958220815,C
3612926680,1,0.0019451937211827364,Br
3612926680,1,0.00241677871790813,Br
3612926680,1,0.0013415711743136605,Br
3612926680,1,0.0030916162837758554,Br
3612926680,1,0.0012317317642817072,Br
311542011,1,0.00033101244178246336,Br
311542011,1,0.0003811990286258782,Br
311542011,1,0.0004713516995651368,Br
311542011,1,0.0005867965422804433,Br
311542011,1,0.0006889941001787525,Br
1008978649,1,0.0,C
1008978649,1,0.0,C
1008978649,1,0.0,C
1008978649,1,0.0,C
1008978649,1,0.0,C
98513984,1,0.0011183739879407906,C
98513984,1,0.0008302139994419422,C
98513984,1,0.0019569254990994267,C
98513984,1,-0.0033255276288568503,C
98513984,1,-0.0011643677877126724,C
1167322652,1,0.0,C
1167322652,1,0.0,C
1167322652,1,0.0,C
1167322652,1,0.0,C
1167322652,1,0.0,C
2222715027,1,8.725426096212185e-05,O
2222715027,1,-2.4260272233678215e-05,O
2222715027,1,7.517469990692138e-05,O
2222715027,1,-3.485986874385283e-06,O
2222715027,1,-2.4260272233678215e-05,O
3994088662,1,-0.0004109967386121127,C
3994088662,1,0.0002314791199665711,C
3994088662,1,-0.0004993629091947227,C
3994088662,1,-0.00031524335787969093,C
3994088662,1,-0.00021649492230746414,C
4194366826,1,0.0,C
4194366826,1,0.0,C
4194366826,1,0.0,C
4194366826,1,0.0,C
4194366826,1,0.0,C
1026924773,1,0.0,S
1026924773,1,0.0,S
1026924773,1,0.0,S
1026924773,1,0.0,S
1026924773,1,0.0,S
2005233991,1,0.0,C
2005233991,1,0.0,C
2005233991,1,0.0,C
2005233991,1,0.0,C
2005233991,1,0.0,C
3873101583,1,0.0,S
3873101583,1,0.0,S
3873101583,1,0.0,S
3873101583,1,0.0,S
3873101583,1,0.0,S
2246703798,1,-4.9679504756316994e-05,C
2246703798,1,-0.00014909998929291124,C
2246703798,1,-0.00023973647942321374,C
2246703798,1,-0.0001083935467313113,C
2246703798,1,-4.9679504756316994e-05,C
176403689,1,0.0,C
176403689,1,0.0,C
176403689,1,0.0,C
176403689,1,0.0,C
176403689,1,0.0,C
530226997,1,0.0,C
530226997,1,0.0,C
530226997,1,0.0,C
530226997,1,0.0,C
530226997,1,0.0,C
530250207,1,0.0,C
530250207,1,0.0,C
530250207,1,0.0,C
530250207,1,0.0,C
530250207,1,0.0,C
1167268241,1,-1.803431031510705e-06,C
1167268241,1,-0.00022636556908128824,C
1167268241,1,-6.085707862713008e-05,C
1167268241,1,0.0,C
1167268241,1,5.7516912621013994e-05,C
2410697676,1,0.0,C
2410697676,1,0.0,C
2410697676,1,0.0,C
2410697676,1,0.0,C
2410697676,1,0.0,C
3545365497,1,0.0,C
3545365497,1,0.0,C
3545365497,1,0.0,C
3545365497,1,0.0,C
3545365497,1,0.0,C
4018138687,1,0.0,C
4018138687,1,0.0,C
4018138687,1,0.0,C
4018138687,1,0.0,C
4018138687,1,0.0,C
1276993226,1,0.0,C
1276993226,1,0.0,C
1276993226,1,0.0,C
1276993226,1,0.0,C
1276993226,1,0.0,C
1842898132,1,0.0,C
1842898132,1,0.0,C
1842898132,1,0.0,C
1842898132,1,0.0,C
1842898132,1,0.0,C
2115476908,1,0.0,O
2115476908,1,0.0,O
2115476908,1,0.0,O
2115476908,1,0.0,O
2115476908,1,0.0,O
26234434,1,0.010843327882655851,O
26234434,1,0.008578463049980112,O
26234434,1,0.011675366513906882,O
26234434,1,0.00934708867790246,O
26234434,1,0.011028931268004971,O
2646219661,1,0.0,C
2646219661,1,0.0,C
2646219661,1,0.0,C
2646219661,1,0.0,C
2646219661,1,0.0,C
2905660137,1,0.0007939084911194882,C
2905660137,1,-0.0001992832001000977,C
2905660137,1,-0.0014896934893040559,C
2905660137,1,-0.00075556445765812,C
2905660137,1,0.0006442348647340834,C
3632350815,1,0.0,Br
3632350815,1,0.0,Br
3632350815,1,0.0,Br
3632350815,1,0.0,Br
3632350815,1,0.0,Br
2664995851,1,0.0,C
2664995851,1,0.0,C
2664995851,1,0.0,C
2664995851,1,0.0,C
2664995851,1,0.0,C
4008337421,1,0.0026033751007049633,C
4008337421,1,-5.653692874341143e-05,C
4008337421,1,0.002279247035733234,C
4008337421,1,7.956934418396067e-05,C
4008337421,1,0.0011114607629444384,C
984189120,1,0.012388283119070809,P
984189120,1,0.014938221239575111,P
984189120,1,0.013413491307903147,P
984189120,1,0.0137730255595645,P
984189120,1,0.01051339952234498,P
1026654305,1,0.0,S
1026654305,1,0.0,S
1026654305,1,0.0,S
1026654305,1,0.0,S
1026654305,1,0.0,S
1026928756,1,0.003559606160684403,S
1026928756,1,0.005424393351806445,S
1026928756,1,0.003647051197185114,S
1026928756,1,0.0024101815462949094,S
1026928756,1,0.010078121694508724,S
921439924,1,2.260001737697248e-05,O
921439924,1,2.336079681308778e-05,O
921439924,1,0.00010519603450187542,O
921439924,1,3.953918108190457e-05,O
921439924,1,4.903158179336842e-05,O
1688374977,1,0.0,S
1688374977,1,0.0,S
1688374977,1,0.0,S
1688374977,1,0.0,S
1688374977,1,0.0,S
2918505930,1,0.0,C
2918505930,1,0.0,C
2918505930,1,0.0,C
2918505930,1,0.0,C
2918505930,1,0.0,C
3231363925,1,0.0,S
3231363925,1,0.0,S
3231363925,1,0.0,S
3231363925,1,0.0,S
3231363925,1,0.0,S
3369488737,1,0.0,P
3369488737,1,0.0,P
3369488737,1,0.0,P
3369488737,1,0.0,P
3369488737,1,0.0,P
266675433,1,0.0,O
266675433,1,0.000562408136498882,O
266675433,1,0.0003277465341309238,O
266675433,1,0.0,O
266675433,1,-0.00030185205468113985,O
1186654798,1,0.0,C
1186654798,1,0.0,C
1186654798,1,0.0,C
1186654798,1,0.0,C
1186654798,1,0.0,C
892756502,1,0.0,C
892756502,1,0.0,C
892756502,1,0.0,C
892756502,1,0.0,C
892756502,1,0.0,C
2110118862,1,0.0,C
2110118862,1,0.0,C
2110118862,1,0.0,C
2110118862,1,0.0,C
2110118862,1,0.0,C
2154935424,1,0.0,O
2154935424,1,0.0,O
2154935424,1,0.0,O
2154935424,1,0.0,O
2154935424,1,0.0,O
847433064,1,0.019676667632450906,N
847433064,1,0.009275580681493922,N
847433064,1,0.010700539900569295,N
847433064,1,0.013344265561061941,N
847433064,1,0.010283307304822298,N
2245900962,1,0.0023112947172784226,C
2245900962,1,-5.433049890646302e-06,C
2245900962,1,0.0016553583192767674,C
2245900962,1,3.390502465494549e-05,C
2245900962,1,0.002118247996237943,C
141882433,1,0.0,C
141882433,1,0.0,C
141882433,1,0.0,C
141882433,1,0.0006472012348412992,C
141882433,1,0.0,C
1173346717,1,0.0,C
1173346717,1,0.0,C
1173346717,1,0.0,C
1173346717,1,0.0,C
1173346717,1,0.0,C
2551483158,1,0.0013411746040057348,N
2551483158,1,-0.0003694350243294009,N
2551483158,1,0.0005069072705443656,N
2551483158,1,-0.0004032572263205081,N
2551483158,1,0.0008562414539808882,N
3414957742,1,0.0,C
3414957742,1,0.0,C
3414957742,1,0.0,C
3414957742,1,0.0,C
3414957742,1,0.0,C
1280765160,1,0.0,C
1280765160,1,0.0,C
1280765160,1,0.0,C
1280765160,1,0.0,C
1280765160,1,0.0,C
1510337516,1,0.0,O
1510337516,1,0.0,O
1510337516,1,0.0,O
1510337516,1,0.0,O
1510337516,1,0.0,O
2065620398,1,0.0,C
2065620398,1,0.0,C
2065620398,1,0.0,C
2065620398,1,0.0,C
2065620398,1,0.0,C
858984704,1,0.0,C
858984704,1,0.0,C
858984704,1,0.0,C
858984704,1,0.0,C
858984704,1,0.0,C
876319778,1,0.0,N
876319778,1,0.0,N
876319778,1,0.0,N
876319778,1,0.0,N
876319778,1,0.0,N
422715066,1,0.001874812636600165,C
422715066,1,0.00041188214451814975,C
422715066,1,0.0021328375463376403,C
422715066,1,0.0004355743425370484,C
422715066,1,0.0004510359732065039,C
3207567135,1,7.76577632037867e-05,C
3207567135,1,0.0006333191469474198,C
3207567135,1,0.00023940355955964776,C
3207567135,1,0.00015599288519618781,C
3207567135,1,0.0007282496572083019,C
2246997334,1,0.0041139320076399866,C
2246997334,1,0.002812679046807598,C
2246997334,1,0.002812679046807598,C
2246997334,1,0.001027202455274323,C
2246997334,1,0.0007645896711041544,C
535847852,1,0.0,C
535847852,1,0.0,C
535847852,1,0.0,C
535847852,1,0.0,C
535847852,1,0.0,C
2065547089,1,0.0,C
2065547089,1,0.0,C
2065547089,1,0.0,C
2065547089,1,0.0,C
2065547089,1,0.0,C
3696402029,1,2.5955693378265643e-05,C
3696402029,1,4.139733255525968e-06,C
3696402029,1,0.0007461143172285967,C
3696402029,1,2.5955693378265643e-05,C
3696402029,1,2.5955693378265643e-05,C
847961216,1,-0.00031176847516678485,N
847961216,1,0.00662365966057521,N
847961216,1,0.013510625553506572,N
847961216,1,0.019630730839234833,N
847961216,1,-0.005471898791557184,N
600629739,1,0.0,N
600629739,1,0.0,N
600629739,1,0.0,N
600629739,1,0.0,N
600629739,1,0.0,N
1533864325,1,-0.00025266566849702077,O
1533864325,1,0.00023464191717437188,O
1533864325,1,0.00017165250162076706,O
1533864325,1,0.00017155568758786544,O
1533864325,1,0.000232946315977145,O
2309124039,1,0.0,C
2309124039,1,0.0,C
2309124039,1,0.0,C
2309124039,1,0.0,C
2309124039,1,0.0,C
2784506312,1,0.0006002737016618243,C
2784506312,1,0.00048092684746925407,C
2784506312,1,0.0007875816574031136,C
2784506312,1,0.000369214862132039,C
2784506312,1,0.0004607876315602111,C
3120642300,1,-6.38019504248799e-05,C
3120642300,1,-7.748579374200482e-05,C
3120642300,1,-5.571729150677385e-05,C
3120642300,1,-8.732587353732502e-05,C
3120642300,1,-5.6129954968620055e-05,C
3124581743,1,0.0007956320416468987,C
3124581743,1,0.0006016530465654535,C
3124581743,1,-0.00039860178410044966,C
3124581743,1,0.0008325627752956422,C
3124581743,1,0.0005705807059090962,C
4041573576,1,0.0,C
4041573576,1,0.0,C
4041573576,1,0.0,C
4041573576,1,0.0,C
4041573576,1,0.0,C
773607102,1,0.0,C
773607102,1,0.0,C
773607102,1,0.0,C
773607102,1,0.0,C
773607102,1,0.0,C
894436332,1,0.0,N
894436332,1,0.0,N
894436332,1,0.0,N
894436332,1,0.0,N
894436332,1,0.0,N
994237755,1,0.0,C
994237755,1,0.0,C
994237755,1,0.0,C
994237755,1,0.0,C
994237755,1,0.0,C
3933537673,1,0.0,C
3933537673,1,0.0,C
3933537673,1,0.0,C
3933537673,1,0.0,C
3933537673,1,0.0,C
2245273601,1,-0.0025093489062797403,C
2245273601,1,0.0010574044600107912,C
2245273601,1,-0.005410261484272039,C
2245273601,1,-0.00310115090115759,C
2245273601,1,-0.007478411457011003,C
1583799011,1,-0.00015700841709520574,C
1583799011,1,0.00032016071704665805,C
1583799011,1,-8.944271123745295e-05,C
1583799011,1,7.057793513709498e-05,C
1583799011,1,0.00030508728967970633,C
2222711142,1,0.0,O
2222711142,1,0.0,O
2222711142,1,0.0,O
2222711142,1,0.0,O
2222711142,1,0.0,O
2423543607,1,0.017687738036076595,C
2423543607,1,0.020888868828931706,C
2423543607,1,0.01646228791253601,C
2423543607,1,0.014254492790560569,C
2423543607,1,0.025382945791892264,C
3537119515,1,0.029761026587763917,C
3537119515,1,0.028777561315719957,C
3537119515,1,0.02942219802533641,C
3537119515,1,0.03189537370894169,C
3537119515,1,0.03652898406116001,C
4102492447,1,0.0,C
4102492447,1,0.0,C
4102492447,1,0.0,C
4102492447,1,0.0,C
4102492447,1,0.0,C
2064788354,1,0.0,C
2064788354,1,0.0,C
2064788354,1,0.0,C
2064788354,1,0.0,C
2064788354,1,0.0,C
411967733,1,0.0,C
411967733,1,0.0,C
411967733,1,0.0,C
411967733,1,0.0,C
411967733,1,0.0,C
828793177,1,-0.0036749768616135547,N
828793177,1,0.00043988330096911277,N
828793177,1,0.0012593948531255394,N
828793177,1,0.00014397451922332216,N
828793177,1,-0.003382510934405114,N
3824063894,1,-0.00018021036882598374,C
3824063894,1,-0.00018021036882598374,C
3824063894,1,0.0011220093643070639,C
3824063894,1,-0.00018021036882598374,C
3824063894,1,-0.0027836585704595906,C
994485099,1,0.0008605726948871517,C
994485099,1,-0.00019038435440466017,C
994485099,1,-0.0015349318442947624,C
994485099,1,0.00018312217009253118,C
994485099,1,-6.171127431953138e-05,C
2360741695,1,0.008711667814734092,C
2360741695,1,0.007284000527341461,C
2360741695,1,0.007094749727240224,C
2360741695,1,0.005143616005895524,C
2360741695,1,0.003645558990273301,C
2246340824,1,0.0,C
2246340824,1,0.0,C
2246340824,1,0.0,C
2246340824,1,0.0,C
2246340824,1,0.0,C
2424973678,1,0.0,C
2424973678,1,0.0,C
2424973678,1,0.0,C
2424973678,1,0.0,C
2424973678,1,0.0,C
3452535345,1,-0.001024694082285893,Cl
3452535345,1,-0.0005055455952797105,Cl
3452535345,1,-0.0010401119628229427,Cl
3452535345,1,-0.000964245582408374,Cl
3452535345,1,-0.0008088588681491871,Cl
1542633699,1,0.001740987095677382,O
1542633699,1,0.002805963440712267,O
1542633699,1,0.001289250036521361,O
1542633699,1,-2.5509083872110594e-05,O
1542633699,1,0.0016496092560999154,O
1732487997,1,0.0,C
1732487997,1,0.0,C
1732487997,1,0.0,C
1732487997,1,0.0,C
1732487997,1,0.0,C
4022716898,1,-0.01595371965294079,C
4022716898,1,-0.026883442156818593,C
4022716898,1,-0.017376900489947333,C
4022716898,1,-0.025255471434820986,C
4022716898,1,-0.010389602463751313,C
4081192418,1,-0.000918579592194102,C
4081192418,1,0.00014543736679240027,C
4081192418,1,-0.0011091297479264295,C
4081192418,1,-0.0006740076750046953,C
4081192418,1,0.0001428583847231657,C
2394338241,1,0.0,C
2394338241,1,0.0,C
2394338241,1,0.0,C
2394338241,1,0.0,C
2394338241,1,0.0,C
3026394695,1,-0.0035005561155670994,C
3026394695,1,-0.0035588637656250866,C
3026394695,1,-0.003970155976477763,C
3026394695,1,-0.004137918516566419,C
3026394695,1,-0.00396700080540302,C
3945128999,1,0.0,C
3945128999,1,0.0,C
3945128999,1,0.0,C
3945128999,1,0.0,C
3945128999,1,0.0,C
2132511834,1,0.03239568353963673,N
2132511834,1,0.008359400703019437,N
2132511834,1,0.04108629412281395,N
2132511834,1,0.014845869894071217,N
2132511834,1,0.03847254015516277,N
416356657,1,0.0,C
416356657,1,0.0,C
416356657,1,0.0,C
416356657,1,0.0,C
416356657,1,0.0,C
1289643292,1,0.0,N
1289643292,1,0.0,N
1289643292,1,0.0,N
1289643292,1,0.0,N
1289643292,1,0.0,N
787069595,1,0.0,C
787069595,1,0.0,C
787069595,1,0.0,C
787069595,1,0.0,C
787069595,1,0.0,C
847957139,1,0.03535093031595005,N
847957139,1,0.0618422451422761,N
847957139,1,0.03730434356522849,N
847957139,1,0.026353428236118637,N
847957139,1,0.07281794794041796,N
1083852209,1,0.0,N
1083852209,1,0.0,N
1083852209,1,0.0,N
1083852209,1,0.0,N
1083852209,1,0.0,N
3975295864,1,0.0,C
3975295864,1,0.0,C
3975295864,1,0.0,C
3975295864,1,0.0,C
3975295864,1,0.0,C
882399112,1,0.007876153259294694,F
882399112,1,0.0015618623344758609,F
882399112,1,0.010561256713657707,F
882399112,1,0.01653806507659894,F
882399112,1,0.008199666704316044,F
485463469,1,6.957608582225383e-05,F
485463469,1,0.00043765818565866255,F
485463469,1,-8.85371294678805e-06,F
485463469,1,0.003928983150855214,F
485463469,1,0.000664249507479564,F
3613952269,1,0.0,C
3613952269,1,0.0,C
3613952269,1,0.0,C
3613952269,1,0.0,C
3613952269,1,0.0,C
319552149,1,0.0010524401226389424,I
319552149,1,0.0006793352011158493,I
319552149,1,0.00042792552982851007,I
319552149,1,0.0003197638142307113,I
319552149,1,0.0006214754400630795,I
427867059,1,0.0,I
427867059,1,0.0,I
427867059,1,0.0,I
427867059,1,0.0,I
427867059,1,0.0,I
839602758,1,0.0,C
839602758,1,0.0,C
839602758,1,0.0,C
839602758,1,0.0,C
839602758,1,0.0,C
1135286194,1,-0.0015899780256514173,C
1135286194,1,-9.469777519277578e-05,C
1135286194,1,0.0002734860667887862,C
1135286194,1,-7.360910749176774e-05,C
1135286194,1,-0.0015524902052883593,C
3025629386,1,0.0,C
3025629386,1,0.0,C
3025629386,1,0.0,C
3025629386,1,0.0,C
3025629386,1,0.0,C
2245897107,1,0.0,C
2245897107,1,0.0,C
2245897107,1,0.0,C
2245897107,1,0.0,C
2245897107,1,0.0,C
2013359779,1,0.0,C
2013359779,1,0.0,C
2013359779,1,0.0,C
2013359779,1,0.0,C
2013359779,1,0.0,C
3492293582,1,0.0,C
3492293582,1,0.0,C
3492293582,1,0.0,C
3492293582,1,0.0,C
3492293582,1,0.0,C
3633369638,1,0.0,C
3633369638,1,0.0,C
3633369638,1,0.0,C
3633369638,1,0.0,C
3633369638,1,0.0,C
1312131881,1,0.0,C
1312131881,1,0.0,C
1312131881,1,0.0,C
1312131881,1,0.0,C
1312131881,1,0.0,C
3419524736,1,0.0,N
3419524736,1,0.0,N
3419524736,1,0.0,N
3419524736,1,0.0,N
3419524736,1,0.0,N
4036277955,1,0.0,C
4036277955,1,0.0,C
4036277955,1,0.0,C
4036277955,1,0.0,C
4036277955,1,0.0,C
151653689,1,0.0,C
151653689,1,0.0,C
151653689,1,0.0,C
151653689,1,0.0,C
151653689,1,0.0,C
1101907775,1,-1.2484031542969731e-05,N
1101907775,1,-0.0006935647229693309,N
1101907775,1,0.00031313889714468246,N
1101907775,1,-0.0010652017506299627,N
1101907775,1,-1.2484031542969731e-05,N
1868602760,1,0.00028089168081280036,N
1868602760,1,0.00022847060036490507,N
1868602760,1,0.0006000961943332106,N
1868602760,1,0.0007206096909948556,N
1868602760,1,0.00041494240587480746,N
2556855854,1,0.0,C
2556855854,1,0.0,C
2556855854,1,0.0,C
2556855854,1,0.0,C
2556855854,1,0.0,C
3189457552,1,0.01945866352713943,O
3189457552,1,0.024408100300440383,O
3189457552,1,0.02066256505533426,O
3189457552,1,0.02582603881615264,O
3189457552,1,0.018382277246102974,O
368531313,1,0.0,C
368531313,1,0.0,C
368531313,1,0.0,C
368531313,1,0.0,C
368531313,1,0.0,C
4195680018,1,0.0,O
4195680018,1,0.0,O
4195680018,1,0.0,O
4195680018,1,0.0,O
4195680018,1,0.0,O
787341104,1,0.0,C
787341104,1,0.0,C
787341104,1,0.0,C
787341104,1,0.0,C
787341104,1,0.0,C
2592785365,1,0.0,N
2592785365,1,0.0,N
2592785365,1,0.0,N
2592785365,1,0.0,N
2592785365,1,0.0,N
3909974435,1,0.0,C
3909974435,1,0.0,C
3909974435,1,0.0,C
3909974435,1,0.0,C
3909974435,1,0.0,C
2827868305,1,0.0,C
2827868305,1,0.0,C
2827868305,1,0.0,C
2827868305,1,0.0,C
2827868305,1,0.0,C
3624155,1,0.0,C
3624155,1,0.0,C
3624155,1,0.0,C
3624155,1,0.0,C
3624155,1,0.0,C
4121755354,1,0.0,C
4121755354,1,0.0,C
4121755354,1,0.0,C
4121755354,1,0.0,C
4121755354,1,0.0,C
2092489639,1,0.012935084138646191,N
2092489639,1,0.0019241072813259708,N
2092489639,1,-0.006378266134560606,N
2092489639,1,0.004966487574722067,N
2092489639,1,0.0018759879469527618,N
10565946,1,0.04114756419349974,O
10565946,1,0.039514319763865435,O
10565946,1,0.03107394501253058,O
10565946,1,0.041282525296849726,O
10565946,1,0.0504759764463828,O
2370996728,1,0.0,C
2370996728,1,0.0,C
2370996728,1,0.0,C
2370996728,1,0.0,C
2370996728,1,0.0,C
2425865203,1,0.0,C
2425865203,1,0.0,C
2425865203,1,0.0,C
2425865203,1,0.0,C
2425865203,1,0.0,C
2434373675,1,0.0,N
2434373675,1,0.0,N
2434373675,1,0.0,N
2434373675,1,0.0,N
2434373675,1,0.0,N
2473389857,1,0.0,C
2473389857,1,0.0,C
2473389857,1,0.0,C
2473389857,1,0.0,C
2473389857,1,0.0,C
4158944142,1,0.0007256545291517424,C
4158944142,1,0.00017016141799297557,C
4158944142,1,0.00016431813407380425,C
4158944142,1,-0.0001532048341639225,C
4158944142,1,-6.546073959656784e-05,C
4212936508,1,0.0,N
4212936508,1,0.0,N
4212936508,1,0.0,N
4212936508,1,0.0,N
4212936508,1,0.0,N
721740560,1,0.0,C
721740560,1,0.0,C
721740560,1,0.0,C
721740560,1,0.0,C
721740560,1,0.0,C
3102778727,1,0.0,N
3102778727,1,0.0,N
3102778727,1,0.0,N
3102778727,1,0.0,N
3102778727,1,0.0,N
2591432844,1,0.0,N
2591432844,1,0.0,N
2591432844,1,0.0,N
2591432844,1,0.0,N
2591432844,1,0.0,N
3328145258,1,0.0,C
3328145258,1,0.0,C
3328145258,1,0.0,C
3328145258,1,0.0,C
3328145258,1,0.0,C
848127915,1,0.0,N
848127915,1,0.0,N
848127915,1,0.0,N
848127915,1,0.0,N
848127915,1,0.0,N
864942795,1,0.0,O
864942795,1,0.0,O
864942795,1,0.0,O
864942795,1,0.0,O
864942795,1,0.0,O
871989940,1,0.0,O
871989940,1,0.0,O
871989940,1,0.0,O
871989940,1,0.0,O
871989940,1,0.0,O
2378775366,1,0.0,O
2378775366,1,0.0,O
2378775366,1,0.0,O
2378775366,1,0.0,O
2378775366,1,0.0,O
2378779377,1,0.0,O
2378779377,1,0.0,O
2378779377,1,0.0,O
2378779377,1,0.0,O
2378779377,1,0.0,O
3152639783,1,0.0,N
3152639783,1,0.0,N
3152639783,1,0.0,N
3152639783,1,0.0,N
3152639783,1,0.0,N
4003049590,1,0.00039570775276331904,C
4003049590,1,0.0008014106237412832,C
4003049590,1,0.0005041458856519521,C
4003049590,1,-4.714168968966703e-06,C
4003049590,1,0.0008014106237412832,C
2080747022,1,0.0,C
2080747022,1,0.0,C
2080747022,1,0.0,C
2080747022,1,0.0,C
2080747022,1,0.0,C
2021812431,1,0.0,N
2021812431,1,0.0,N
2021812431,1,0.0,N
2021812431,1,0.0,N
2021812431,1,0.0,N
2803848648,1,0.0,C
2803848648,1,0.0,C
2803848648,1,0.0,C
2803848648,1,0.0,C
2803848648,1,0.0,C
3657471097,1,0.0,C
3657471097,1,0.0,C
3657471097,1,0.0,C
3657471097,1,0.0,C
3657471097,1,0.0,C
772817685,1,0.0,C
772817685,1,0.0,C
772817685,1,0.0,C
772817685,1,0.0,C
772817685,1,0.0,C
98466654,1,0.0,C
98466654,1,0.0,C
98466654,1,0.0,C
98466654,1,0.0,C
98466654,1,0.0,C
2070178920,1,0.0,C
2070178920,1,0.0,C
2070178920,1,0.0,C
2070178920,1,0.0,C
2070178920,1,0.0,C
4124481675,1,0.0,C
4124481675,1,0.0,C
4124481675,1,0.0,C
4124481675,1,0.0,C
4124481675,1,0.0,C
4142616092,1,0.0,C
4142616092,1,0.0,C
4142616092,1,0.0,C
4142616092,1,0.0,C
4142616092,1,0.0,C
3981762496,1,0.0,C
3981762496,1,0.0,C
3981762496,1,0.0,C
3981762496,1,0.0,C
3981762496,1,0.0,C
679670255,1,0.0,C
679670255,1,0.0,C
679670255,1,0.0,C
679670255,1,0.0,C
679670255,1,0.0,C
2849741637,1,0.0,C
2849741637,1,0.0,C
2849741637,1,0.0,C
2849741637,1,0.0,C
2849741637,1,0.0,C
328936174,1,0.0,C
328936174,1,0.0,C
328936174,1,0.0,C
328936174,1,0.0,C
328936174,1,0.0,C
1390475220,1,0.0,C
1390475220,1,0.0,C
1390475220,1,0.0,C
1390475220,1,0.0,C
1390475220,1,0.0,C
2296565457,1,0.0,N
2296565457,1,0.0,N
2296565457,1,0.0,N
2296565457,1,0.0,N
2296565457,1,0.0,N
2297887526,1,0.00011732644065098885,N
2297887526,1,0.00015844914448592817,N
2297887526,1,0.00029140224512413937,N
2297887526,1,0.00012340850508285595,N
2297887526,1,0.00023053841914066897,N
2752034647,1,0.0,C
2752034647,1,0.0,C
2752034647,1,0.0,C
2752034647,1,0.0,C
2752034647,1,0.0,C
4239037249,1,0.0,C
4239037249,1,0.0,C
4239037249,1,0.0,C
4239037249,1,0.0,C
4239037249,1,0.0,C
195491954,1,0.0,Cl
195491954,1,0.0,Cl
195491954,1,0.0,Cl
195491954,1,0.0,Cl
195491954,1,0.0,Cl
1555970,1,0.0,S
1555970,1,0.0,S
1555970,1,0.0,S
1555970,1,0.0,S
1555970,1,0.0,S
2453385669,1,0.0,C
2453385669,1,0.0,C
2453385669,1,0.0,C
2453385669,1,0.0,C
2453385669,1,0.0,C
584893129,1,0.004753136301854255,C
584893129,1,0.0036407032965866115,C
584893129,1,0.005150581457828762,C
584893129,1,0.002672294027387556,C
584893129,1,0.0036407032965866115,C
2654043257,1,0.0,N
2654043257,1,0.0,N
2654043257,1,0.0,N
2654043257,1,0.0,N
2654043257,1,0.0,N
2753863138,1,0.0,C
2753863138,1,0.0,C
2753863138,1,0.0,C
2753863138,1,0.0,C
2753863138,1,0.0,C
369315086,1,0.0,C
369315086,1,0.0,C
369315086,1,0.0,C
369315086,1,0.0,C
369315086,1,0.0,C
345159360,1,0.0,C
345159360,1,0.0,C
345159360,1,0.0,C
345159360,1,0.0,C
345159360,1,0.0,C
1308598964,1,0.0,C
1308598964,1,0.0,C
1308598964,1,0.0,C
1308598964,1,0.0,C
1308598964,1,0.0,C
1506563592,1,0.00976516612396039,C
1506563592,1,0.008010022824110674,C
1506563592,1,0.006970481022624764,C
1506563592,1,0.008965932083240036,C
1506563592,1,0.006270284660016556,C
3430642422,1,0.0,C
3430642422,1,0.0,C
3430642422,1,0.0,C
3430642422,1,0.0,C
3430642422,1,0.0,C
3534637918,1,0.0,N
3534637918,1,0.0,N
3534637918,1,0.0,N
3534637918,1,0.0,N
3534637918,1,0.0,N
4240369074,1,0.0,C
4240369074,1,0.0,C
4240369074,1,0.0,C
4240369074,1,0.0,C
4240369074,1,0.0,C
114626569,1,0.0,C
114626569,1,0.0,C
114626569,1,0.0,C
114626569,1,0.0,C
114626569,1,0.0,C
3556189655,1,0.0,I
3556189655,1,0.0,I
3556189655,1,0.0,I
3556189655,1,0.0,I
3556189655,1,0.0,I
229168272,1,0.0,S
229168272,1,0.0,S
229168272,1,0.0,S
229168272,1,0.0,S
229168272,1,0.0,S
603510687,1,0.0002301521594791911,C
603510687,1,-0.0002191190157612155,C
603510687,1,1.0040383280340848e-07,C
603510687,1,0.00023395215782140433,C
603510687,1,0.0004757665605070738,C
2058913649,1,0.0,C
2058913649,1,0.0,C
2058913649,1,0.0,C
2058913649,1,0.0,C
2058913649,1,0.0,C
3012778962,1,0.0,N
3012778962,1,0.0,N
3012778962,1,0.0,N
3012778962,1,0.0,N
3012778962,1,0.0,N
4120224926,1,0.0,C
4120224926,1,0.0,C
4120224926,1,0.0,C
4120224926,1,0.0,C
4120224926,1,0.0,C
2662852760,1,0.0,N
2662852760,1,0.0,N
2662852760,1,0.0,N
2662852760,1,0.0,N
2662852760,1,0.0,N
3818547277,1,0.0,C
3818547277,1,0.0,C
3818547277,1,0.0,C
3818547277,1,0.0,C
3818547277,1,0.0,C
2222621677,1,0.0,O
2222621677,1,0.0,O
2222621677,1,0.0,O
2222621677,1,0.0,O
2222621677,1,0.0,O
195319295,1,-0.00018027149495858374,Cl
195319295,1,-0.0005803432834210476,Cl
195319295,1,-0.0003793829617025901,Cl
195319295,1,7.306561626874153e-05,Cl
195319295,1,0.0002937670855307495,Cl
913845599,1,0.0,O
913845599,1,0.0,O
913845599,1,0.0,O
913845599,1,0.0,O
913845599,1,0.0,O
1798001854,1,0.0,P
1798001854,1,0.0,P
1798001854,1,0.0,P
1798001854,1,0.0,P
1798001854,1,0.0,P
2235918822,1,0.002342638038494993,O
2235918822,1,0.0029398756498889567,O
2235918822,1,0.0026347506776502883,O
2235918822,1,0.0025882912165106076,O
2235918822,1,0.002313578669470795,O
2580663187,1,0.0,C
2580663187,1,0.0,C
2580663187,1,0.0,C
2580663187,1,0.0,C
2580663187,1,0.0,C
4110202059,1,0.0,C
4110202059,1,0.0,C
4110202059,1,0.0,C
4110202059,1,0.0,C
4110202059,1,0.0,C
198706261,1,0.0023474508706702313,Cl
198706261,1,0.0028353714635054317,Cl
198706261,1,0.0033873152698362663,Cl
198706261,1,0.0009282440664076796,Cl
198706261,1,0.0017182330435664417,Cl
2909042096,1,-0.00010594540678998676,C
2909042096,1,-0.00010594540678998676,C
2909042096,1,-0.00010594540678998676,C
2909042096,1,0.00018582810876233147,C
2909042096,1,-0.0002134515798779546,C
205323193,1,0.0,S
205323193,1,0.0,S
205323193,1,0.0,S
205323193,1,0.0,S
205323193,1,0.0,S
1674219510,1,0.0,C
1674219510,1,0.0,C
1674219510,1,0.0,C
1674219510,1,0.0,C
1674219510,1,0.0,C
800345569,1,0.0,C
800345569,1,0.0,C
800345569,1,0.0,C
800345569,1,0.0,C
800345569,1,0.0,C
3545074552,1,0.0,C
3545074552,1,0.0,C
3545074552,1,0.0,C
3545074552,1,0.0,C
3545074552,1,0.0,C
69470421,1,0.0,C
69470421,1,0.0,C
69470421,1,0.0,C
69470421,1,0.0,C
69470421,1,0.0,C
600405749,1,0.0,C
600405749,1,0.0,C
600405749,1,0.0,C
600405749,1,0.0,C
600405749,1,0.0,C
1449131080,1,0.0,C
1449131080,1,0.0,C
1449131080,1,0.0,C
1449131080,1,0.0,C
1449131080,1,0.0,C
4256676941,1,0.0,N
4256676941,1,0.0,N
4256676941,1,0.0,N
4256676941,1,0.0,N
4256676941,1,0.0,N
68671624,1,0.0,C
68671624,1,0.0,C
68671624,1,0.0,C
68671624,1,0.0,C
68671624,1,0.0,C
170898322,1,0.0,Cl
170898322,1,0.0,Cl
170898322,1,0.0,Cl
170898322,1,0.0,Cl
170898322,1,0.0,Cl
485458970,1,0.0,F
485458970,1,0.0,F
485458970,1,0.0,F
485458970,1,0.0,F
485458970,1,0.0,F
2013980694,1,0.0,C
2013980694,1,0.0,C
2013980694,1,0.0,C
2013980694,1,0.0,C
2013980694,1,0.0,C
2815521255,1,0.0,O
2815521255,1,0.0,O
2815521255,1,0.0,O
2815521255,1,0.0,O
2815521255,1,0.0,O
2845936339,1,0.0,C
2845936339,1,0.0,C
2845936339,1,0.0,C
2845936339,1,0.0,C
2845936339,1,0.0,C
2504503484,1,0.0,C
2504503484,1,0.0,C
2504503484,1,0.0,C
2504503484,1,0.0,C
2504503484,1,0.0,C
2810318309,1,0.004077977772259933,O
2810318309,1,0.0019417605093995371,O
2810318309,1,0.0044491788979289515,O
2810318309,1,0.001053623835997719,O
2810318309,1,0.002254475243419596,O
751130035,1,0.0,S
751130035,1,0.0,S
751130035,1,0.0,S
751130035,1,0.0,S
751130035,1,0.0,S
4118913676,1,0.0,C
4118913676,1,0.0,C
4118913676,1,0.0,C
4118913676,1,0.0,C
4118913676,1,0.0,C
2976816164,1,-0.0013104662403647938,C
2976816164,1,-0.0007700257811984468,C
2976816164,1,-0.001766449062567399,C
2976816164,1,-0.0012044515970908165,C
2976816164,1,-0.001164531508807909,C
1399127774,1,0.0,C
1399127774,1,0.0,C
1399127774,1,0.0,C
1399127774,1,0.0,C
1399127774,1,0.0,C
1861965050,1,0.0,C
1861965050,1,0.0,C
1861965050,1,0.0,C
1861965050,1,0.0,C
1861965050,1,0.0,C
1910766508,1,0.0,C
1910766508,1,0.0,C
1910766508,1,0.0,C
1910766508,1,0.0,C
1910766508,1,0.0,C
2077658817,1,0.0,O
2077658817,1,0.0,O
2077658817,1,0.0,O
2077658817,1,0.0,O
2077658817,1,0.0,O
2624895325,1,0.0,C
2624895325,1,0.0,C
2624895325,1,0.0,C
2624895325,1,0.0,C
2624895325,1,0.0,C
2950679810,1,0.0,O
2950679810,1,0.0,O
2950679810,1,0.0,O
2950679810,1,0.0,O
2950679810,1,0.0,O
1137993954,1,0.0,C
1137993954,1,0.0,C
1137993954,1,0.0,C
1137993954,1,0.0,C
1137993954,1,0.0,C
1257718710,1,0.0,C
1257718710,1,0.0,C
1257718710,1,0.0,C
1257718710,1,0.0,C
1257718710,1,0.0,C
3203709451,1,0.0,O
3203709451,1,0.0,O
3203709451,1,0.0,O
3203709451,1,0.0,O
3203709451,1,0.0,O
551287920,1,0.0004721241394123332,C
551287920,1,-0.0005372565776333715,C
551287920,1,-0.00033490076027642424,C
551287920,1,-0.0009528236354007236,C
551287920,1,0.0009335505134391298,C
1999904870,1,5.1485311424182e-05,C
1999904870,1,-4.276559125604429e-06,C
1999904870,1,9.162923812366941e-06,C
1999904870,1,-5.47081210701128e-05,C
1999904870,1,7.365640696432862e-05,C
2353112200,1,0.0003655489868389372,C
2353112200,1,0.00033079576487471396,C
2353112200,1,0.0006501261231692812,C
2353112200,1,0.00013518929569222848,C
2353112200,1,0.0003225333926781815,C
3980805843,1,-0.0006736117541574771,C
3980805843,1,0.0011455145574553738,C
3980805843,1,0.001990630871123167,C
3980805843,1,0.00395309521640308,C
3980805843,1,0.002876733553875299,C
540046244,1,0.0,C
540046244,1,0.0,C
540046244,1,0.0,C
540046244,1,0.0,C
540046244,1,0.0,C
553412256,1,0.0,C
553412256,1,0.0,C
553412256,1,0.0,C
553412256,1,0.0,C
553412256,1,0.0,C
2971716993,1,0.0,N
2971716993,1,0.0,N
2971716993,1,0.0,N
2971716993,1,0.0,N
2971716993,1,0.0,N
2975126068,1,0.0,N
2975126068,1,0.0,N
2975126068,1,0.0,N
2975126068,1,0.0,N
2975126068,1,0.0,N
3462333187,1,0.0,C
3462333187,1,0.0,C
3462333187,1,0.0,C
3462333187,1,0.0,C
3462333187,1,0.0,C
3796970912,1,0.0,C
3796970912,1,0.0,C
3796970912,1,0.0,C
3796970912,1,0.0,C
3796970912,1,0.0,C
869080603,1,0.0,N
869080603,1,0.0,N
869080603,1,0.0,N
869080603,1,0.0,N
869080603,1,0.0,N
77081066,1,0.0,C
77081066,1,0.0,C
77081066,1,0.0,C
77081066,1,0.0,C
77081066,1,0.0,C
475355132,1,0.0,F
475355132,1,0.0,F
475355132,1,0.0,F
475355132,1,0.0,F
475355132,1,0.0,F
705738081,1,0.0,C
705738081,1,0.0,C
705738081,1,0.0,C
705738081,1,0.0,C
705738081,1,0.0,C
2150509871,1,0.0,C
2150509871,1,0.0,C
2150509871,1,0.0,C
2150509871,1,0.0,C
2150509871,1,0.0,C
2356136943,1,0.0,C
2356136943,1,0.0,C
2356136943,1,0.0,C
2356136943,1,0.0,C
2356136943,1,0.0,C
1136130381,1,0.0,C
1136130381,1,0.0,C
1136130381,1,0.0,C
1136130381,1,0.0,C
1136130381,1,0.0,C
4110200932,1,0.0,C
4110200932,1,0.0,C
4110200932,1,0.0,C
4110200932,1,0.0,C
4110200932,1,0.0,C
325259454,1,0.0001783014675488248,Br
325259454,1,0.00026986995005517933,Br
325259454,1,-0.0005875982402254731,Br
325259454,1,0.0002417561361367504,Br
325259454,1,-0.0002548124161445564,Br
702225046,1,0.0,C
702225046,1,0.0,C
702225046,1,0.0,C
702225046,1,0.0,C
702225046,1,0.0,C
871060211,1,0.0,O
871060211,1,0.0,O
871060211,1,0.0,O
871060211,1,0.0,O
871060211,1,0.0,O
3509114595,1,0.0,C
3509114595,1,0.0,C
3509114595,1,0.0,C
3509114595,1,0.0,C
3509114595,1,0.0,C
3982076256,1,-0.0015505965323437954,C
3982076256,1,-0.0008735458109285776,C
3982076256,1,0.0003194344214807465,C
3982076256,1,0.0030449517893051947,C
3982076256,1,0.004355795101715465,C
1582607016,1,0.0,C
1582607016,1,0.0,C
1582607016,1,0.0,C
1582607016,1,0.0,C
1582607016,1,0.0,C
2788245361,1,0.0,C
2788245361,1,0.0,C
2788245361,1,0.0,C
2788245361,1,0.0,C
2788245361,1,0.0,C
195323148,1,3.491539514310915e-05,Cl
195323148,1,6.797158361071531e-05,Cl
195323148,1,4.9773858617596645e-05,Cl
195323148,1,-6.655094564322894e-08,Cl
195323148,1,1.5461559509266642e-05,Cl
1239451710,1,0.0,C
1239451710,1,0.0,C
1239451710,1,0.0,C
1239451710,1,0.0,C
1239451710,1,0.0,C
3696389118,1,0.0,C
3696389118,1,0.0,C
3696389118,1,0.0,C
3696389118,1,0.0,C
3696389118,1,0.0,C
170894115,1,0.0,Cl
170894115,1,0.0,Cl
170894115,1,0.0,Cl
170894115,1,0.0,Cl
170894115,1,0.0,Cl
2057435328,1,0.0,C
2057435328,1,0.0,C
2057435328,1,0.0,C
2057435328,1,0.0,C
2057435328,1,0.0,C
808416955,1,0.0,S
808416955,1,0.0,S
808416955,1,0.0,S
808416955,1,0.0,S
808416955,1,0.0,S
1078276907,1,0.0,C
1078276907,1,0.0,C
1078276907,1,0.0,C
1078276907,1,0.0,C
1078276907,1,0.0,C
2592252298,1,0.0,C
2592252298,1,0.0,C
2592252298,1,0.0,C
2592252298,1,0.0,C
2592252298,1,0.0,C
4089138501,1,0.0,C
4089138501,1,0.0,C
4089138501,1,0.0,C
4089138501,1,-4.24982389846118e-05,C
4089138501,1,0.0,C
1396662131,1,0.0,C
1396662131,1,0.0,C
1396662131,1,0.0,C
1396662131,1,0.0,C
1396662131,1,0.0,C
723026879,1,0.0,C
723026879,1,0.0,C
723026879,1,0.0,C
723026879,1,0.0,C
723026879,1,0.0,C
3562848686,1,0.0,C
3562848686,1,0.0,C
3562848686,1,0.0,C
3562848686,1,0.0,C
3562848686,1,0.0,C
548743766,1,0.0,C
548743766,1,0.0,C
548743766,1,0.0,C
548743766,1,0.0,C
548743766,1,0.0,C
3579962709,1,0.0,C
3579962709,1,0.0,C
3579962709,1,0.0,C
3579962709,1,0.0,C
3579962709,1,0.0,C
571978829,1,0.0,C
571978829,1,0.0,C
571978829,1,0.0,C
571978829,1,0.0,C
571978829,1,0.0,C
3160718262,1,0.0,N
3160718262,1,0.0,N
3160718262,1,0.0,N
3160718262,1,0.0,N
3160718262,1,0.0,N
119021222,1,0.0,C
119021222,1,0.0,C
119021222,1,0.0,C
119021222,1,0.0,C
119021222,1,0.0,C
330223697,1,0.0,C
330223697,1,0.0,C
330223697,1,0.0,C
330223697,1,0.0,C
330223697,1,0.0,C
4278941385,1,0.0,C
4278941385,1,0.0,C
4278941385,1,0.0,C
4278941385,1,0.0,C
4278941385,1,0.0,C
951239203,1,0.0,C
951239203,1,0.0,C
951239203,1,0.0,C
951239203,1,0.0,C
951239203,1,0.0,C
1081775047,1,0.0,C
1081775047,1,0.0,C
1081775047,1,0.0,C
1081775047,1,0.0,C
1081775047,1,0.0,C
2932363931,1,0.0,C
2932363931,1,0.0,C
2932363931,1,0.0,C
2932363931,1,0.0,C
2932363931,1,0.0,C
592593828,1,0.0,C
592593828,1,0.0,C
592593828,1,0.0,C
592593828,1,0.0,C
592593828,1,0.0,C
3010410747,1,0.0,N
3010410747,1,0.0,N
3010410747,1,0.0,N
3010410747,1,0.0,N
3010410747,1,0.0,N
3011598321,1,0.0,C
3011598321,1,0.0,C
3011598321,1,0.0,C
3011598321,1,0.0,C
3011598321,1,0.0,C
1198890718,1,0.0,C
1198890718,1,0.0,C
1198890718,1,0.0,C
1198890718,1,0.0,C
1198890718,1,0.0,C
2932351534,1,0.0,C
2932351534,1,0.0,C
2932351534,1,0.0,C
2932351534,1,0.0,C
2932351534,1,0.0,C
1822332700,1,0.0,C
1822332700,1,0.0,C
1822332700,1,0.0,C
1822332700,1,0.0,C
1822332700,1,0.0,C
1517181260,1,0.0,O
1517181260,1,0.0,O
1517181260,1,0.0,O
1517181260,1,0.0,O
1517181260,1,0.0,O
3409618301,1,0.0,C
3409618301,1,0.0,C
3409618301,1,0.0,C
3409618301,1,0.0,C
3409618301,1,0.0,C
1914416804,1,0.0,N
1914416804,1,0.0,N
1914416804,1,0.0,N
1914416804,1,0.0,N
1914416804,1,0.0,N
1619222458,1,0.0,C
1619222458,1,0.0,C
1619222458,1,0.0,C
1619222458,1,0.0,C
1619222458,1,0.0,C
2807475527,1,0.0,O
2807475527,1,0.0,O
2807475527,1,0.0,O
2807475527,1,0.0,O
2807475527,1,0.0,O
1965692378,1,0.0,N
1965692378,1,0.0,N
1965692378,1,0.0,N
1965692378,1,0.0,N
1965692378,1,0.0,N
3918336191,1,0.0,C
3918336191,1,0.0,C
3918336191,1,0.0,C
3918336191,1,0.0,C
3918336191,1,0.0,C
2807496773,1,0.0,O
2807496773,1,0.0,O
2807496773,1,0.0,O
2807496773,1,0.0,O
2807496773,1,0.0,O
1271691605,1,0.0,S
1271691605,1,0.0,S
1271691605,1,0.0,S
1271691605,1,0.0,S
1271691605,1,0.0,S
222023415,1,0.0,N
222023415,1,0.0,N
222023415,1,0.0,N
222023415,1,0.0,N
222023415,1,0.0,N
906402393,1,0.0025186364912406223,O
906402393,1,0.003030481286210307,O
906402393,1,0.0019716685847488424,O
906402393,1,0.002806342364885639,O
906402393,1,0.00220099311964872,O
2530377886,1,0.0,N
2530377886,1,0.0,N
2530377886,1,0.0,N
2530377886,1,0.0,N
2530377886,1,0.0,N
3182824521,1,0.0,C
3182824521,1,0.0,C
3182824521,1,0.0,C
3182824521,1,0.0,C
3182824521,1,0.0,C
3458774156,1,0.0,N
3458774156,1,0.0,N
3458774156,1,0.0,N
3458774156,1,0.0,N
3458774156,1,0.0,N
3983062349,1,0.0017068978386688416,C
3983062349,1,0.0043244451879200785,C
3983062349,1,0.0033634906392837616,C
3983062349,1,0.0028539310147011054,C
3983062349,1,0.0008137699497305917,C
3983708967,1,0.0,C
3983708967,1,0.0,C
3983708967,1,0.0,C
3983708967,1,0.0,C
3983708967,1,0.0,C
3579704760,1,0.0,C
3579704760,1,0.0,C
3579704760,1,0.0,C
3579704760,1,0.0,C
3579704760,1,0.0,C
1026822558,1,0.0,S
1026822558,1,0.0,S
1026822558,1,0.0,S
1026822558,1,0.0,S
1026822558,1,0.0,S
2215059400,1,9.087405196073206e-05,O
2215059400,1,-3.610561385558597e-05,O
2215059400,1,0.0005113395228434348,O
2215059400,1,0.00016129405341080982,O
2215059400,1,-0.00013586981123148156,O
2341585586,1,0.0,N
2341585586,1,0.0,N
2341585586,1,0.0,N
2341585586,1,0.0,N
2341585586,1,0.0,N
2635303940,1,0.0,C
2635303940,1,0.0,C
2635303940,1,0.0,C
2635303940,1,0.0,C
2635303940,1,0.0,C
3158862910,1,0.0,C
3158862910,1,0.0,C
3158862910,1,0.0,C
3158862910,1,0.0,C
3158862910,1,0.0,C
1710205153,1,0.0,C
1710205153,1,0.0,C
1710205153,1,0.0,C
1710205153,1,0.0,C
1710205153,1,0.0,C
3428235283,1,0.0,C
3428235283,1,0.0,C
3428235283,1,0.0,C
3428235283,1,0.0,C
3428235283,1,0.0,C
2076862737,1,0.0,O
2076862737,1,0.0,O
2076862737,1,0.0,O
2076862737,1,0.0,O
2076862737,1,0.0,O
325281617,1,0.0,Br
325281617,1,0.0,Br
325281617,1,0.0,Br
325281617,1,0.0,Br
325281617,1,0.0,Br
2846563933,1,0.0,C
2846563933,1,0.0,C
2846563933,1,0.0,C
2846563933,1,0.0,C
2846563933,1,0.0,C
1637836422,1,0.0,C
1637836422,1,0.0,C
1637836422,1,0.0,C
1637836422,1,0.0,C
1637836422,1,0.0,C
3337745083,1,0.0,F
3337745083,1,0.0,F
3337745083,1,0.0,F
3337745083,1,0.0,F
3337745083,1,0.0,F
135980867,1,0.0,C
135980867,1,0.0,C
135980867,1,0.0,C
135980867,1,0.0,C
135980867,1,0.0,C
492051864,1,0.0,C
492051864,1,0.0,C
492051864,1,0.0,C
492051864,1,0.0,C
492051864,1,0.0,C
4038637638,1,0.0,C
4038637638,1,0.0,C
4038637638,1,0.0,C
4038637638,1,0.0,C
4038637638,1,0.0,C
889094846,1,0.0,C
889094846,1,0.0,C
889094846,1,0.0,C
889094846,1,0.0,C
889094846,1,0.0,C
1704599822,1,0.0,C
1704599822,1,0.0,C
1704599822,1,0.0,C
1704599822,1,0.0,C
1704599822,1,0.0,C
802498242,1,0.0,S
802498242,1,0.0,S
802498242,1,0.0,S
802498242,1,0.0,S
802498242,1,0.0,S
4064875520,1,0.0,O
4064875520,1,0.0,O
4064875520,1,0.0,O
4064875520,1,0.0,O
4064875520,1,0.0,O
1370731475,1,0.0,N
1370731475,1,0.0,N
1370731475,1,0.0,N
1370731475,1,0.0,N
1370731475,1,0.0,N
1228815484,1,0.0,C
1228815484,1,0.0,C
1228815484,1,0.0,C
1228815484,1,0.0,C
1228815484,1,0.0,C
2068133184,1,0.0,C
2068133184,1,0.0,C
2068133184,1,0.0,C
2068133184,1,0.0,C
2068133184,1,0.0,C
3194612514,1,0.0,O
3194612514,1,5.424299931289234e-05,O
3194612514,1,0.0,O
3194612514,1,0.0,O
3194612514,1,0.0,O
3921625504,1,0.0,C
3921625504,1,0.0,C
3921625504,1,0.0,C
3921625504,1,0.0,C
3921625504,1,0.0,C
1681811079,1,0.0,C
1681811079,1,0.0,C
1681811079,1,0.0,C
1681811079,1,0.0,C
1681811079,1,0.0,C
1938540009,1,0.0,C
1938540009,1,0.0,C
1938540009,1,0.0,C
1938540009,1,0.0,C
1938540009,1,0.0,C
3088649317,1,0.0,N
3088649317,1,0.0,N
3088649317,1,0.0,N
3088649317,1,0.0,N
3088649317,1,0.0,N
1468211904,1,0.0,C
1468211904,1,0.0,C
1468211904,1,0.0,C
1468211904,1,0.0,C
1468211904,1,0.0,C
262673770,1,0.0,C
262673770,1,0.0,C
262673770,1,0.0,C
262673770,1,0.0,C
262673770,1,0.0,C
3342993694,1,0.0,C
3342993694,1,0.0,C
3342993694,1,0.0,C
3342993694,1,0.0,C
3342993694,1,0.0,C
1191280979,1,0.0,C
1191280979,1,0.0,C
1191280979,1,0.0,C
1191280979,1,0.0,C
1191280979,1,0.0,C
1635242581,1,0.0,P
1635242581,1,0.0,P
1635242581,1,0.0,P
1635242581,1,0.0,P
1635242581,1,0.0,P
2027655192,1,0.0,O
2027655192,1,0.0,O
2027655192,1,0.0,O
2027655192,1,0.0,O
2027655192,1,0.0,O
3222770065,1,0.0,C
3222770065,1,0.0,C
3222770065,1,0.0,C
3222770065,1,0.0,C
3222770065,1,0.0,C
2910196842,1,0.0,C
2910196842,1,0.0,C
2910196842,1,0.0,C
2910196842,1,0.0,C
2910196842,1,0.0,C
1637589131,1,0.0,C
1637589131,1,0.0,C
1637589131,1,0.0,C
1637589131,1,0.0,C
1637589131,1,0.0,C
738071152,1,0.0,C
738071152,1,0.0,C
738071152,1,0.0,C
738071152,1,0.0,C
738071152,1,0.0,C
3545353036,1,-4.4742564387800776e-05,C
3545353036,1,5.218685514263299e-05,C
3545353036,1,7.825752646350992e-05,C
3545353036,1,7.932262528487222e-06,C
3545353036,1,7.932262528487222e-06,C
1883241975,1,0.0,P
1883241975,1,0.0,P
1883241975,1,0.0,P
1883241975,1,0.0,P
1883241975,1,0.0,P
2057423023,1,0.0,C
2057423023,1,0.0,C
2057423023,1,0.0,C
2057423023,1,0.0,C
2057423023,1,0.0,C
3172758907,1,0.0,C
3172758907,1,0.0,C
3172758907,1,0.0,C
3172758907,1,0.0,C
3172758907,1,0.0,C
530227067,1,0.0,C
530227067,1,0.0,C
530227067,1,0.0,C
530227067,1,0.0,C
530227067,1,0.0,C
2410697484,1,0.0,C
2410697484,1,0.0,C
2410697484,1,0.0,C
2410697484,1,0.0,C
2410697484,1,0.0,C
2292702565,1,0.0,C
2292702565,1,0.0,C
2292702565,1,0.0,C
2292702565,1,0.0,C
2292702565,1,0.0,C
3004333805,1,0.001590662094082207,C
3004333805,1,0.0005366157964528107,C
3004333805,1,0.0007217412940863088,C
3004333805,1,0.001141784139692903,C
3004333805,1,0.0005150239545552715,C
2393016670,1,0.0,C
2393016670,1,0.0,C
2393016670,1,0.0,C
2393016670,1,0.0,C
2393016670,1,0.0,C
636990493,1,0.0,C
636990493,1,0.0,C
636990493,1,0.0,C
636990493,1,0.0,C
636990493,1,0.0,C
1323888424,1,0.0,N
1323888424,1,0.0,N
1323888424,1,0.0,N
1323888424,1,0.0,N
1323888424,1,0.0,N
271903915,1,0.0,N
271903915,1,0.0,N
271903915,1,0.0,N
271903915,1,0.0,N
271903915,1,0.0,N
1428903162,1,0.0,C
1428903162,1,0.0,C
1428903162,1,0.0,C
1428903162,1,0.0,C
1428903162,1,0.0,C
4291843020,1,0.0,C
4291843020,1,0.0,C
4291843020,1,0.0,C
4291843020,1,0.0,C
4291843020,1,0.0,C
2246733040,1,0.0,C
2246733040,1,0.0,C
2246733040,1,0.0,C
2246733040,1,0.0,C
2246733040,1,0.0,C
3835033428,1,0.0,C
3835033428,1,0.0,C
3835033428,1,0.0,C
3835033428,1,0.0,C
3835033428,1,0.0,C
3351556771,1,0.0,S
3351556771,1,0.0,S
3351556771,1,0.0,S
3351556771,1,0.0,S
3351556771,1,0.0,S
203749390,1,0.0,C
203749390,1,0.0,C
203749390,1,0.0,C
203749390,1,0.0,C
203749390,1,0.0,C
1792562719,1,0.0,S
1792562719,1,0.0,S
1792562719,1,0.0,S
1792562719,1,0.0,S
1792562719,1,0.0,S
2803419857,1,0.0,C
2803419857,1,0.0,C
2803419857,1,0.0,C
2803419857,1,0.0,C
2803419857,1,0.0,C
2667063169,1,0.00011405708891509825,O
2667063169,1,0.00017598810875885107,O
2667063169,1,0.0001409675161153645,O
2667063169,1,0.00011405708891509825,O
2667063169,1,0.00014685673897862905,O
340640331,1,0.0,C
340640331,1,0.0,C
340640331,1,0.0,C
340640331,1,0.0,C
340640331,1,0.0,C
1505769767,1,0.0,C
1505769767,1,0.0,C
1505769767,1,0.0,C
1505769767,1,0.0,C
1505769767,1,0.0,C
1019187108,1,0.0,C
1019187108,1,0.0,C
1019187108,1,0.0,C
1019187108,1,0.0,C
1019187108,1,0.0,C
1024251450,1,0.0,C
1024251450,1,0.0,C
1024251450,1,0.0,C
1024251450,1,0.0,C
1024251450,1,0.0,C
994494548,1,0.0,C
994494548,1,0.0,C
994494548,1,0.0,C
994494548,1,0.0,C
994494548,1,0.0,C
3368912827,1,0.0,C
3368912827,1,0.0,C
3368912827,1,0.0,C
3368912827,1,0.0,C
3368912827,1,0.0,C
3833608434,1,0.0,C
3833608434,1,0.0,C
3833608434,1,0.0,C
3833608434,1,0.0,C
3833608434,1,0.0,C
3914061263,1,0.0,C
3914061263,1,0.0,C
3914061263,1,0.0,C
3914061263,1,0.0,C
3914061263,1,0.0,C
1446360805,1,0.0,C
1446360805,1,0.0,C
1446360805,1,0.0,C
1446360805,1,0.0,C
1446360805,1,0.0,C
865234990,1,0.0,S
865234990,1,0.0,S
865234990,1,0.0,S
865234990,1,0.0,S
865234990,1,0.0,S
517457164,1,0.0,C
517457164,1,0.0,C
517457164,1,0.0,C
517457164,1,0.0,C
517457164,1,0.0,C
934178987,1,0.0,C
934178987,1,0.0,C
934178987,1,0.0,C
934178987,1,0.0,C
934178987,1,0.0,C
1823304278,1,0.0,C
1823304278,1,0.0,C
1823304278,1,0.0,C
1823304278,1,0.0,C
1823304278,1,0.0,C
2070976245,1,0.0,C
2070976245,1,0.0,C
2070976245,1,0.0,C
2070976245,1,0.0,C
2070976245,1,0.0,C
2982494297,1,0.0,C
2982494297,1,0.0,C
2982494297,1,0.0,C
2982494297,1,0.0,C
2982494297,1,0.0,C
3565491185,1,0.0,C
3565491185,1,0.0,C
3565491185,1,0.0,C
3565491185,1,0.0,C
3565491185,1,0.0,C
2308348490,1,0.0,C
2308348490,1,0.0,C
2308348490,1,0.0,C
2308348490,1,0.0,C
2308348490,1,0.0,C
530219946,1,0.0,C
530219946,1,0.0,C
530219946,1,0.0,C
530219946,1,0.0,C
530219946,1,0.0,C
736735858,1,0.0,C
736735858,1,0.0,C
736735858,1,0.0,C
736735858,1,0.0,C
736735858,1,0.0,C
3545175291,1,0.0,C
3545175291,1,0.0,C
3545175291,1,0.0,C
3545175291,1,0.0,C
3545175291,1,0.0,C
4095742117,1,0.0,C
4095742117,1,0.0,C
4095742117,1,0.0,C
4095742117,1,0.0,C
4095742117,1,0.0,C
484537559,1,0.0,F
484537559,1,0.0,F
484537559,1,0.0,F
484537559,1,0.0,F
484537559,1,0.0,F
4025943270,1,0.0,C
4025943270,1,0.0,C
4025943270,1,0.0,C
4025943270,1,0.0,C
4025943270,1,0.0,C
62093196,1,0.0,C
62093196,1,0.0,C
62093196,1,0.0,C
62093196,1,0.0,C
62093196,1,0.0,C
2814583100,1,0.0,O
2814583100,1,0.0,O
2814583100,1,0.0,O
2814583100,1,0.0,O
2814583100,1,0.0,O
3121777292,1,0.0,N
3121777292,1,0.0,N
3121777292,1,0.0,N
3121777292,1,0.0,N
3121777292,1,0.0,N
2459741777,1,0.0,O
2459741777,1,0.0,O
2459741777,1,0.0,O
2459741777,1,0.0,O
2459741777,1,0.0,O
603177034,1,0.0,C
603177034,1,0.0,C
603177034,1,0.0,C
603177034,1,0.0,C
603177034,1,0.0,C
3401232302,1,0.0,N
3401232302,1,0.0,N
3401232302,1,0.0,N
3401232302,1,0.0,N
3401232302,1,0.0,N
592270383,1,0.0,C
592270383,1,0.0,C
592270383,1,0.0,C
592270383,1,0.0,C
592270383,1,0.0,C
318524446,1,0.0,Br
318524446,1,0.0,Br
318524446,1,0.0,Br
318524446,1,0.0,Br
318524446,1,0.0,Br
1533899907,1,0.0,O
1533899907,1,0.0,O
1533899907,1,0.0,O
1533899907,1,0.0,O
1533899907,1,0.0,O
1514095308,1,0.0,C
1514095308,1,0.0,C
1514095308,1,0.0,C
1514095308,1,0.0,C
1514095308,1,0.0,C
520380133,1,0.0,C
520380133,1,0.0,C
520380133,1,0.0,C
520380133,1,0.0,C
520380133,1,0.0,C
895910141,1,0.0,C
895910141,1,0.0,C
895910141,1,0.0,C
895910141,1,0.0,C
895910141,1,0.0,C
1184436594,1,0.0,C
1184436594,1,0.0,C
1184436594,1,0.0,C
1184436594,1,0.0,C
1184436594,1,0.0,C
1824088295,1,0.0,C
1824088295,1,0.0,C
1824088295,1,0.0,C
1824088295,1,0.0,C
1824088295,1,0.0,C
675765711,1,0.1351772181555594,C
675765711,1,0.16501560152564476,C
675765711,1,0.15444111125390303,C
675765711,1,0.13146538729509627,C
675765711,1,0.148089749875582,C
982949046,1,0.0,C
982949046,1,0.0,C
982949046,1,0.0,C
982949046,1,0.0,C
982949046,1,0.0,C
2780028940,1,0.0,C
2780028940,1,0.0,C
2780028940,1,0.0,C
2780028940,1,0.0,C
2780028940,1,0.0,C
3153477100,1,0.0,C
3153477100,1,0.0,C
3153477100,1,0.0,C
3153477100,1,0.0,C
3153477100,1,0.0,C
999602538,1,0.0,S
999602538,1,0.0,S
999602538,1,0.0,S
999602538,1,0.0,S
999602538,1,0.0,S
1246734109,1,0.0,S
1246734109,1,0.0,S
1246734109,1,0.0,S
1246734109,1,0.0,S
1246734109,1,0.0,S
2228258049,1,0.0,O
2228258049,1,0.0,O
2228258049,1,0.0,O
2228258049,1,0.0,O
2228258049,1,0.0,O
3840182912,1,0.0,C
3840182912,1,0.0,C
3840182912,1,0.0,C
3840182912,1,0.0,C
3840182912,1,0.0,C
1241191405,1,0.0,C
1241191405,1,0.0,C
1241191405,1,0.0,C
1241191405,1,0.0,C
1241191405,1,0.0,C
1087383559,1,0.0,C
1087383559,1,0.0,C
1087383559,1,0.0,C
1087383559,1,0.0,C
1087383559,1,0.0,C
2563827157,1,0.0,C
2563827157,1,0.0,C
2563827157,1,0.0,C
2563827157,1,0.0,C
2563827157,1,0.0,C
427958596,1,0.0,C
427958596,1,0.0,C
427958596,1,0.0,C
427958596,1,0.0,C
427958596,1,0.0,C
2998383401,1,0.0,S
2998383401,1,0.0,S
2998383401,1,0.0,S
2998383401,1,0.0,S
2998383401,1,0.0,S
876651869,1,0.0,N
876651869,1,0.0,N
876651869,1,0.0,N
876651869,1,0.0,N
876651869,1,0.0,N
2089117413,1,0.0,C
2089117413,1,0.0,C
2089117413,1,0.0,C
2089117413,1,0.0,C
2089117413,1,0.0,C
2064745600,1,0.0,C
2064745600,1,0.0,C
2064745600,1,0.0,C
2064745600,1,0.0,C
2064745600,1,0.0,C
1667497117,1,0.0,C
1667497117,1,0.0,C
1667497117,1,0.0,C
1667497117,1,0.0,C
1667497117,1,0.0,C
1385310220,1,0.0,C
1385310220,1,0.0,C
1385310220,1,0.0,C
1385310220,1,0.0,C
1385310220,1,0.0,C
1512794193,1,0.0,C
1512794193,1,0.0,C
1512794193,1,0.0,C
1512794193,1,0.0,C
1512794193,1,0.0,C
1533809047,1,0.0,C
1533809047,1,0.0,C
1533809047,1,0.0,C
1533809047,1,0.0,C
1533809047,1,0.0,C
4118787735,1,0.0,N
4118787735,1,0.0,N
4118787735,1,0.0,N
4118787735,1,0.0,N
4118787735,1,0.0,N
4160330003,1,0.0,C
4160330003,1,0.0,C
4160330003,1,0.0,C
4160330003,1,0.0,C
4160330003,1,0.0,C
947207704,1,0.0,C
947207704,1,0.0,C
947207704,1,0.0,C
947207704,1,0.0,C
947207704,1,0.0,C
3341916169,1,0.0,C
3341916169,1,0.0,C
3341916169,1,0.0,C
3341916169,1,0.0,C
3341916169,1,0.0,C
3855312692,1,0.0,C
3855312692,1,0.0,C
3855312692,1,0.0,C
3855312692,1,0.0,C
3855312692,1,0.0,C
2410099666,1,0.0,C
2410099666,1,0.0,C
2410099666,1,0.0,C
2410099666,1,0.0,C
2410099666,1,0.0,C
1857396528,1,0.0,C
1857396528,1,0.0,C
1857396528,1,0.0,C
1857396528,1,0.0,C
1857396528,1,0.0,C
2223687999,1,0.0,C
2223687999,1,0.0,C
2223687999,1,0.0,C
2223687999,1,0.0,C
2223687999,1,0.0,C
3266129148,1,0.0,S
3266129148,1,0.0,S
3266129148,1,0.0,S
3266129148,1,0.0,S
3266129148,1,0.0,S
4108734886,1,0.0,C
4108734886,1,0.0,C
4108734886,1,0.0,C
4108734886,1,0.0,C
4108734886,1,0.0,C
267908151,1,0.0,C
267908151,1,0.0,C
267908151,1,0.0,C
267908151,1,0.0,C
267908151,1,0.0,C
1871221615,1,0.0,C
1871221615,1,0.0,C
1871221615,1,0.0,C
1871221615,1,0.0,C
1871221615,1,0.0,C
2910193141,1,0.0,C
2910193141,1,0.0,C
2910193141,1,0.0,C
2910193141,1,0.0,C
2910193141,1,0.0,C
3232457362,1,0.0,S
3232457362,1,0.0,S
3232457362,1,0.0,S
3232457362,1,0.0,S
3232457362,1,0.0,S
3534721953,1,0.0,N
3534721953,1,0.0,N
3534721953,1,0.0,N
3534721953,1,0.0,N
3534721953,1,0.0,N
1915080917,1,0.0,C
1915080917,1,0.0,C
1915080917,1,0.0,C
1915080917,1,0.0,C
1915080917,1,0.0,C
431202968,1,0.0,O
431202968,1,0.0,O
431202968,1,0.0,O
431202968,1,0.0,O
431202968,1,0.0,O
870935869,1,0.0,C
870935869,1,0.0,C
870935869,1,0.0,C
870935869,1,0.0,C
870935869,1,0.0,C
1790668568,1,0.0,N
1790668568,1,0.0,N
1790668568,1,0.0,N
1790668568,1,0.0,N
1790668568,1,0.0,N
2664622273,1,0.0,C
2664622273,1,0.0,C
2664622273,1,0.0,C
2664622273,1,0.0,C
2664622273,1,0.0,C
854737118,1,0.0,C
854737118,1,0.0,C
854737118,1,0.0,C
854737118,1,0.0,C
854737118,1,0.0,C
1842114921,1,0.0,C
1842114921,1,0.0,C
1842114921,1,0.0,C
1842114921,1,0.0,C
1842114921,1,0.0,C
1917146276,1,0.0,S
1917146276,1,0.0,S
1917146276,1,0.0,S
1917146276,1,0.0,S
1917146276,1,0.0,S
2296764637,1,0.0,C
2296764637,1,0.0,C
2296764637,1,0.0,C
2296764637,1,0.0,C
2296764637,1,0.0,C
3066203908,1,0.0,N
3066203908,1,0.0,N
3066203908,1,0.0,N
3066203908,1,0.0,N
3066203908,1,0.0,N
4140259565,1,0.0,C
4140259565,1,0.0,C
4140259565,1,0.0,C
4140259565,1,0.0,C
4140259565,1,0.0,C
3927890045,1,0.0,C
3927890045,1,0.0,C
3927890045,1,0.0,C
3927890045,1,0.0,C
3927890045,1,0.0,C
2154640335,1,0.0,O
2154640335,1,0.0,O
2154640335,1,0.0,O
2154640335,1,0.0,O
2154640335,1,0.0,O
2163918870,1,7.25079069902046e-05,C
2163918870,1,0.00013481093836253955,C
2163918870,1,7.25079069902046e-05,C
2163918870,1,0.00010952674158537512,C
2163918870,1,7.25079069902046e-05,C
4096536289,1,0.0,C
4096536289,1,0.0,C
4096536289,1,0.0,C
4096536289,1,0.0,C
4096536289,1,0.0,C
1812689920,1,0.0,S
1812689920,1,0.0,S
1812689920,1,0.0,S
1812689920,1,0.0,S
1812689920,1,0.0,S
1880637161,1,0.0,S
1880637161,1,0.0,S
1880637161,1,0.0,S
1880637161,1,0.0,S
1880637161,1,0.0,S
1730555933,1,-8.313130660186907e-06,C
1730555933,1,0.00016429386759564402,C
1730555933,1,7.343931181158503e-05,C
1730555933,1,0.0002358514552057711,C
1730555933,1,0.00024369353906350533,C
4292539202,1,0.0,C
4292539202,1,0.0,C
4292539202,1,0.0,C
4292539202,1,0.0,C
4292539202,1,0.0,C
2205501948,1,0.0,C
2205501948,1,0.0,C
2205501948,1,0.0,C
2205501948,1,0.0,C
2205501948,1,0.0,C
446538036,1,0.0,C
446538036,1,0.0,C
446538036,1,0.0,C
446538036,1,0.0,C
446538036,1,0.0,C
847336149,1,0.0,N
847336149,1,0.0,N
847336149,1,0.0,N
847336149,1,0.0,N
847336149,1,0.0,N
27060903,1,0.0,S
27060903,1,0.0,S
27060903,1,0.0,S
27060903,1,0.0,S
27060903,1,0.0,S
914018444,1,0.0,O
914018444,1,0.0,O
914018444,1,0.0,O
914018444,1,0.0,O
914018444,1,0.0,O
2029006240,1,0.0,C
2029006240,1,0.0,C
2029006240,1,0.0,C
2029006240,1,0.0,C
2029006240,1,0.0,C
2451244026,1,0.0,N
2451244026,1,0.0,N
2451244026,1,0.0,N
2451244026,1,0.0,N
2451244026,1,0.0,N
3796701813,1,0.0,C
3796701813,1,0.0,C
3796701813,1,0.0,C
3796701813,1,0.0,C
3796701813,1,0.0,C
99429666,1,0.0,C
99429666,1,0.0,C
99429666,1,0.0,C
99429666,1,0.0,C
99429666,1,0.0,C
2042632700,1,0.0,C
2042632700,1,0.0,C
2042632700,1,0.0,C
2042632700,1,0.0,C
2042632700,1,0.0,C
4033380444,1,0.0,C
4033380444,1,0.0,C
4033380444,1,0.0,C
4033380444,1,0.0,C
4033380444,1,0.0,C
3677861261,1,0.0,C
3677861261,1,0.0,C
3677861261,1,0.0,C
3677861261,1,0.0,C
3677861261,1,0.0,C
177486409,1,0.0,C
177486409,1,0.0,C
177486409,1,0.0,C
177486409,1,0.0,C
177486409,1,0.0,C
447049820,1,0.0,C
447049820,1,0.0,C
447049820,1,0.0,C
447049820,1,0.0,C
447049820,1,0.0,C
530220010,1,0.0,C
530220010,1,0.0,C
530220010,1,0.0,C
530220010,1,0.0,C
530220010,1,0.0,C
737231698,1,0.0,C
737231698,1,0.0,C
737231698,1,0.0,C
737231698,1,0.0,C
737231698,1,0.0,C
191043021,1,0.0,C
191043021,1,0.0,C
191043021,1,0.0,C
191043021,1,0.0,C
191043021,1,0.0,C
2810421479,1,0.0,O
2810421479,1,0.0,O
2810421479,1,0.0,O
2810421479,1,0.0,O
2810421479,1,0.0,O
3910798935,1,0.0,C
3910798935,1,0.0,C
3910798935,1,0.0,C
3910798935,1,0.0,C
3910798935,1,0.0,C
2983182085,1,0.0,C
2983182085,1,0.0,C
2983182085,1,0.0,C
2983182085,1,0.0,C
2983182085,1,0.0,C
912632640,1,0.0,C
912632640,1,0.0,C
912632640,1,0.0,C
912632640,1,0.0,C
912632640,1,0.0,C
736735794,1,0.0,C
736735794,1,0.0,C
736735794,1,0.0,C
736735794,1,0.0,C
736735794,1,0.0,C
1894581838,1,0.0,C
1894581838,1,0.0,C
1894581838,1,0.0,C
1894581838,1,0.0,C
1894581838,1,0.0,C
1894581839,1,0.0,C
1894581839,1,0.0,C
1894581839,1,0.0,C
1894581839,1,0.0,C
1894581839,1,0.0,C
3491109101,1,0.0,C
3491109101,1,0.0,C
3491109101,1,0.0,C
3491109101,1,0.0,C
3491109101,1,0.0,C
3315826729,1,0.0,C
3315826729,1,0.0,C
3315826729,1,0.0,C
3315826729,1,0.0,C
3315826729,1,0.0,C
624765600,1,0.0,C
624765600,1,0.0,C
624765600,1,0.0,C
624765600,1,0.0,C
624765600,1,0.0,C
4039837947,1,0.0,F
4039837947,1,0.0,F
4039837947,1,0.0,F
4039837947,1,0.0,F
4039837947,1,0.0,F
1506993418,1,0.0,C
1506993418,1,0.0,C
1506993418,1,-0.00010967851997367717,C
1506993418,1,0.0,C
1506993418,1,0.0,C
1064883769,1,0.0,C
1064883769,1,0.0,C
1064883769,1,0.0,C
1064883769,1,0.0,C
1064883769,1,0.0,C
595581388,1,0.0,S
595581388,1,0.0,S
595581388,1,0.0,S
595581388,1,0.0,S
595581388,1,0.0,S
2850007887,1,0.0,S
2850007887,1,0.0,S
2850007887,1,0.0,S
2850007887,1,0.0,S
2850007887,1,0.0,S
1785683843,1,0.0,C
1785683843,1,0.0,C
1785683843,1,0.0,C
1785683843,1,0.0,C
1785683843,1,0.0,C
1987872597,1,0.0,O
1987872597,1,0.0,O
1987872597,1,0.0,O
1987872597,1,0.0,O
1987872597,1,0.0,O
2769904609,1,0.0,O
2769904609,1,0.0,O
2769904609,1,0.0,O
2769904609,1,0.0,O
2769904609,1,0.0,O
2844185244,1,0.0,C
2844185244,1,0.0,C
2844185244,1,0.0,C
2844185244,1,0.0,C
2844185244,1,0.0,C
2940857128,1,0.0,C
2940857128,1,0.0,C
2940857128,1,0.0,C
2940857128,1,0.0,C
2940857128,1,0.0,C
3299440986,1,0.0,S
3299440986,1,0.0,S
3299440986,1,0.0,S
3299440986,1,0.0,S
3299440986,1,0.0,S
3577933306,1,0.0,C
3577933306,1,0.0,C
3577933306,1,0.0,C
3577933306,1,0.0,C
3577933306,1,0.0,C
3577933307,1,0.0,C
3577933307,1,0.0,C
3577933307,1,0.0,C
3577933307,1,0.0,C
3577933307,1,0.0,C
3743809709,1,0.0,C
3743809709,1,0.0,C
3743809709,1,0.0,C
3743809709,1,0.0,C
3743809709,1,0.0,C
3743809710,1,0.0,C
3743809710,1,0.0,C
3743809710,1,0.0,C
3743809710,1,0.0,C
3743809710,1,0.0,C
4264704113,1,0.0,Cl
4264704113,1,0.0,Cl
4264704113,1,0.0,Cl
4264704113,1,0.0,Cl
4264704113,1,0.0,Cl
229197718,1,0.0,S
229197718,1,0.0,S
229197718,1,0.0,S
229197718,1,0.0,S
229197718,1,0.0,S
2932785557,1,0.0,C
2932785557,1,0.0,C
2932785557,1,0.0,C
2932785557,1,0.0,C
2932785557,1,0.0,C
215675288,1,0.0,C
215675288,1,0.0,C
215675288,1,0.0,C
215675288,1,0.0,C
215675288,1,0.0,C
3613186530,1,0.0,N
3613186530,1,0.0,N
3613186530,1,0.0,N
3613186530,1,0.0,N
3613186530,1,0.0,N
1070821685,1,0.0,C
1070821685,1,0.0,C
1070821685,1,0.0,C
1070821685,1,0.0,C
1070821685,1,0.0,C
3087909968,1,0.0,N
3087909968,1,0.0,N
3087909968,1,0.0,N
3087909968,1,0.0,N
3087909968,1,0.0,N
3387672131,1,0.0,C
3387672131,1,0.0,C
3387672131,1,0.0,C
3387672131,1,0.0,C
3387672131,1,0.0,C
2035488874,1,0.0,C
2035488874,1,0.0,C
2035488874,1,0.0,C
2035488874,1,0.0,C
2035488874,1,0.0,C
2155183954,1,0.0,O
2155183954,1,0.0,O
2155183954,1,0.0,O
2155183954,1,0.0,O
2155183954,1,0.0,O
3995043796,1,0.0,C
3995043796,1,0.0,C
3995043796,1,0.0,C
3995043796,1,0.0,C
3995043796,1,0.0,C
3464445458,1,0.0,C
3464445458,1,0.0,C
3464445458,1,0.0,C
3464445458,1,0.0,C
3464445458,1,0.0,C
1301245444,1,0.0,C
1301245444,1,0.0,C
1301245444,1,0.0,C
1301245444,1,0.0,C
1301245444,1,0.0,C
3103812183,1,0.0,C
3103812183,1,0.0,C
3103812183,1,0.0,C
3103812183,1,0.0,C
3103812183,1,0.0,C
74537039,1,0.0,C
74537039,1,0.0,C
74537039,1,0.0,C
74537039,1,0.0,C
74537039,1,0.0,C
3877555087,1,0.0,C
3877555087,1,0.0,C
3877555087,1,0.0,C
3877555087,1,0.0,C
3877555087,1,0.0,C
4036774035,1,0.0,C
4036774035,1,0.0,C
4036774035,1,0.0,C
4036774035,1,0.0,C
4036774035,1,0.0,C
3083149185,1,0.0,C
3083149185,1,0.0,C
3083149185,1,0.0,C
3083149185,1,0.0,C
3083149185,1,0.0,C
3103936094,1,0.0,C
3103936094,1,0.0,C
3103936094,1,0.0,C
3103936094,1,0.0,C
3103936094,1,0.0,C
144568923,1,0.0,C
144568923,1,0.0,C
144568923,1,0.0,C
144568923,1,0.0,C
144568923,1,0.0,C
2341335741,1,0.0,N
2341335741,1,0.0,N
2341335741,1,0.0,N
2341335741,1,0.0,N
2341335741,1,0.0,N
2807500754,1,0.0,O
2807500754,1,0.0,O
2807500754,1,0.0,O
2807500754,1,0.0,O
2807500754,1,0.0,O
1597841496,1,0.0,C
1597841496,1,0.0,C
1597841496,1,0.0,C
1597841496,1,0.0,C
1597841496,1,0.0,C
2032571407,1,0.0,C
2032571407,1,0.0,C
2032571407,1,0.0,C
2032571407,1,0.0,C
2032571407,1,0.0,C
2722711951,1,0.0,C
2722711951,1,0.0,C
2722711951,1,0.0,C
2722711951,1,0.0,C
2722711951,1,0.0,C
1914229733,1,0.0,C
1914229733,1,0.0,C
1914229733,1,0.0,C
1914229733,1,0.0,C
1914229733,1,0.0,C
2013329825,1,0.0,C
2013329825,1,0.0,C
2013329825,1,0.0,C
2013329825,1,0.0,C
2013329825,1,0.0,C
2591080434,1,0.0,N
2591080434,1,0.0,N
2591080434,1,0.0,N
2591080434,1,0.0,N
2591080434,1,0.0,N
1630260676,1,0.0,C
1630260676,1,0.0,C
1630260676,1,0.0,C
1630260676,1,0.0,C
1630260676,1,0.0,C
4110201252,1,0.0,C
4110201252,1,0.0,C
4110201252,1,0.0,C
4110201252,1,0.0,C
4110201252,1,0.0,C
1602567453,1,0.0,C
1602567453,1,0.0,C
1602567453,1,0.0,C
1602567453,1,0.0,C
1602567453,1,0.0,C
3726304495,1,0.0,C
3726304495,1,0.0,C
3726304495,1,0.0,C
3726304495,1,0.0,C
3726304495,1,0.0,C
977565923,1,0.0,C
977565923,1,0.0,C
977565923,1,0.0,C
977565923,1,0.0,C
977565923,1,0.0,C
4022712435,1,0.0,C
4022712435,1,0.0,C
4022712435,1,0.0,C
4022712435,1,0.0,C
4022712435,1,0.0,C
2788245326,1,0.0,C
2788245326,1,0.0,C
2788245326,1,0.0,C
2788245326,1,0.0,C
2788245326,1,0.0,C
4259829752,1,0.0,C
4259829752,1,0.0,C
4259829752,1,0.0,C
4259829752,1,0.0,C
4259829752,1,0.0,C
3464445461,1,0.0,C
3464445461,1,0.0,C
3464445461,1,0.0,C
3464445461,1,0.0,C
3464445461,1,0.0,C
729181080,1,0.0,C
729181080,1,0.0,C
729181080,1,0.0,C
729181080,1,0.0,C
729181080,1,0.0,C
3254486562,1,0.0,C
3254486562,1,0.0,C
3254486562,1,0.0,C
3254486562,1,0.0,C
3254486562,1,0.0,C
848128881,2,0.007220961361373179,N
848128881,2,0.006806638959139466,N
848128881,2,0.010537739581770733,N
848128881,2,0.006290911418921463,N
848128881,2,0.005803086118682188,N
864674487,2,0.0349177016189135,O
864674487,2,0.024384660379171308,O
864674487,2,0.031873184535463284,O
864674487,2,0.02549256477151063,O
864674487,2,0.026906011469225666,O
864942730,2,0.23250969573296643,O
864942730,2,0.23998224115051503,O
864942730,2,0.2058142220339344,O
864942730,2,0.2103667854140603,O
864942730,2,0.19587386704668397,O
2246699815,2,-0.0004316216426558661,C
2246699815,2,0.0027698481245381767,C
2246699815,2,0.0006112087231511243,C
2246699815,2,0.002904165911277512,C
2246699815,2,0.002341002671435999,C
2246728737,2,0.012966015742557846,C
2246728737,2,0.014344002180267323,C
2246728737,2,0.010600702503120396,C
2246728737,2,0.012571637414577341,C
2246728737,2,0.01282640855502748,C
3217380708,2,0.01592531328284441,C
3217380708,2,0.023851946665448986,C
3217380708,2,0.01672226587306247,C
3217380708,2,0.022009939756736596,C
3217380708,2,0.027870763627300787,C
3218693969,2,8.115847453482594e-05,C
3218693969,2,0.00024938863900869634,C
3218693969,2,0.0007752735847971204,C
3218693969,2,0.0013806116435722826,C
3218693969,2,0.0006613739887708636,C
951226070,2,-0.0012288881311228739,C
951226070,2,-0.0016689598510071235,C
951226070,2,-0.0008873149300238081,C
951226070,2,0.0003196115066388394,C
951226070,2,-0.00029150613853057283,C
994637429,2,0.0,N
994637429,2,0.0,N
994637429,2,0.0,N
994637429,2,0.0,N
994637429,2,0.0,N
1510328189,2,-9.666174234390645e-05,O
1510328189,2,-5.183971471178772e-05,O
1510328189,2,-0.00045904738493218744,O
1510328189,2,0.00023833576200382733,O
1510328189,2,0.0002763729651560354,O
1738265797,2,0.0,C
1738265797,2,0.0,C
1738265797,2,0.0,C
1738265797,2,0.0,C
1738265797,2,0.0,C
2076190208,2,0.0,O
2076190208,2,0.0,O
2076190208,2,0.0,O
2076190208,2,0.0,O
2076190208,2,0.0,O
2994748777,2,3.8739969437262545e-05,C
2994748777,2,-0.002355245834544495,C
2994748777,2,-0.00038298372532141745,C
2994748777,2,-0.0014698650201954155,C
2994748777,2,-0.0006079001812200335,C
3162837314,2,0.0,C
3162837314,2,0.0,C
3162837314,2,0.0,C
3162837314,2,0.0,C
3162837314,2,0.0,C
3818546315,2,0.0016075979237060167,C
3818546315,2,0.001473813612133279,C
3818546315,2,0.001970955711015354,C
3818546315,2,0.0011480699840850095,C
3818546315,2,0.0013252683675770704,C
3975275337,2,0.0047753955179183905,C
3975275337,2,0.0020904192203126115,C
3975275337,2,0.0014219261178302078,C
3975275337,2,0.0020773347339160253,C
3975275337,2,0.0005392063162381611,C
999334238,2,0.0,S
999334238,2,0.0,S
999334238,2,0.0,S
999334238,2,0.0,S
999334238,2,0.0,S
1016841875,2,-0.0002532969127142515,Cl
1016841875,2,5.6736261764278595e-05,Cl
1016841875,2,-0.00041498497228531495,Cl
1016841875,2,-9.334384604486878e-05,Cl
1016841875,2,-0.00023415917816660414,Cl
1080831687,2,0.0,Cl
1080831687,2,0.0,Cl
1080831687,2,0.0,Cl
1080831687,2,0.0,Cl
1080831687,2,0.0,Cl
2228063684,2,0.0,O
2228063684,2,0.0,O
2228063684,2,0.0,O
2228063684,2,0.0,O
2228063684,2,0.0,O
3131243524,2,0.0,S
3131243524,2,0.0,S
3131243524,2,0.0,S
3131243524,2,0.0,S
3131243524,2,0.0,S
3835273908,2,0.0,C
3835273908,2,0.0,C
3835273908,2,0.0,C
3835273908,2,0.0,C
3835273908,2,0.0,C
2245273601,2,-0.0093713608322743,C
2245273601,2,-0.009799590603537633,C
2245273601,2,-0.008185276309893297,C
2245273601,2,-0.009053175062623597,C
2245273601,2,-0.010496239844177468,C
2246703798,2,0.00026210714616803354,C
2246703798,2,4.3900603284852124e-05,C
2246703798,2,0.0003403645100882313,C
2246703798,2,0.00017771122895315905,C
2246703798,2,0.0007748415776925865,C
2246997334,2,0.0013383678071814398,C
2246997334,2,0.00020388174908925194,C
2246997334,2,0.005048949291973304,C
2246997334,2,0.0005878842471321866,C
2246997334,2,0.000701665900784243,C
99429666,2,0.0,C
99429666,2,0.0,C
99429666,2,0.0,C
99429666,2,0.0,C
99429666,2,0.0,C
187141432,2,0.0,C
187141432,2,0.0,C
187141432,2,0.0,C
187141432,2,0.0,C
187141432,2,0.0,C
3537119515,2,0.0008272711406114297,C
3537119515,2,0.004358182605280869,C
3537119515,2,0.0012175052981100443,C
3537119515,2,0.003277375438132779,C
3537119515,2,0.004744905687847467,C
3696402029,2,0.0,C
3696402029,2,0.0,C
3696402029,2,0.0,C
3696402029,2,0.0,C
3696402029,2,0.0,C
2041434490,2,0.02254806816468602,N
2041434490,2,0.03704997882910255,N
2041434490,2,0.026424511000733397,N
2041434490,2,0.027861423071437352,N
2041434490,2,0.033191427370057536,N
2245384272,2,0.001428850945681459,C
2245384272,2,0.003127913467743104,C
2245384272,2,0.0005353911130732136,C
2245384272,2,0.0014124522580285515,C
2245384272,2,0.002745972529200502,C
618671879,2,0.0,C
618671879,2,0.0,C
618671879,2,0.0,C
618671879,2,0.0,C
618671879,2,0.0,C
1100037548,2,-0.00012272634680943195,N
1100037548,2,0.00021277896305282873,N
1100037548,2,-7.776145457416561e-05,N
1100037548,2,-6.34923643363372e-05,N
1100037548,2,0.00016703398758044496,N
2697110228,2,0.0,C
2697110228,2,0.0,C
2697110228,2,0.0,C
2697110228,2,0.0,C
2697110228,2,0.0,C
3118255683,2,0.0,N
3118255683,2,5.233334076970575e-05,N
3118255683,2,0.0,N
3118255683,2,4.228732037603322e-05,N
3118255683,2,6.549156123081268e-06,N
3542456614,2,0.013261233243283987,C
3542456614,2,0.011078479098169725,C
3542456614,2,0.01580344499142905,C
3542456614,2,0.01592159636717716,C
3542456614,2,0.010859694681984333,C
3776905034,2,-0.000310210849617798,C
3776905034,2,0.0002995569124886188,C
3776905034,2,-0.000196960662054102,C
3776905034,2,7.309466032434653e-05,C
3776905034,2,0.00024756146970650317,C
3777168895,2,0.0007645701792888815,C
3777168895,2,0.0008100696942646701,C
3777168895,2,0.0007114017119069782,C
3777168895,2,0.0007688715659379675,C
3777168895,2,0.0007008224815509001,C
864662311,2,0.23195237502493304,O
864662311,2,0.20343526520650812,O
864662311,2,0.22848004035303826,O
864662311,2,0.20834439263127968,O
864662311,2,0.2324826972285482,O
26234434,2,0.008461033157546982,O
26234434,2,0.0017429826874493237,O
26234434,2,0.008144492880615806,O
26234434,2,0.002299322129547532,O
26234434,2,0.0033246464697980205,O
422715066,2,0.0016249390343969772,C
422715066,2,0.0001188858329347342,C
422715066,2,0.00012164087165356108,C
422715066,2,0.0001359839463069834,C
422715066,2,0.00012507409219320031,C
994485099,2,0.0,C
994485099,2,0.0,C
994485099,2,0.0,C
994485099,2,0.0,C
994485099,2,0.0,C
2905660137,2,0.00010498145706749895,C
2905660137,2,-0.0006155145052842981,C
2905660137,2,0.0001807686586269286,C
2905660137,2,-0.0001573234864729045,C
2905660137,2,-0.0002477035940399164,C
3207567135,2,0.0,C
3207567135,2,0.0,C
3207567135,2,0.0,C
3207567135,2,0.0,C
3207567135,2,0.0,C
3004333805,2,0.0,C
3004333805,2,0.0,C
3004333805,2,0.0,C
3004333805,2,0.0,C
3004333805,2,0.0,C
1506563592,2,-1.4451376400548277e-05,C
1506563592,2,0.00023069847568435442,C
1506563592,2,3.0374611372230298e-05,C
1506563592,2,0.0010525898394136979,C
1506563592,2,0.0013926429310272548,C
1542633699,2,0.003846683583114352,O
1542633699,2,0.004518267452321423,O
1542633699,2,0.003758741387427267,O
1542633699,2,0.004964669039354996,O
1542633699,2,0.006304867750774101,O
2788245326,2,0.0,C
2788245326,2,0.0,C
2788245326,2,0.0,C
2788245326,2,0.0,C
2788245326,2,0.0,C
3612926680,2,0.003112231111637942,Br
3612926680,2,0.0017350342338983138,Br
3612926680,2,0.0018372524931032919,Br
3612926680,2,0.0030353053045600875,Br
3612926680,2,0.002144279695983853,Br
311542011,2,7.533835147077728e-05,Br
311542011,2,6.976145966230973e-06,Br
311542011,2,-4.225643299227144e-05,Br
311542011,2,0.00031027397293226233,Br
311542011,2,-0.00010060771360942411,Br
1008978649,2,0.0,C
1008978649,2,0.0,C
1008978649,2,0.0,C
1008978649,2,0.0,C
1008978649,2,0.0,C
4081192418,2,0.0,C
4081192418,2,0.0,C
4081192418,2,0.0,C
4081192418,2,0.0,C
4081192418,2,0.0,C
1026924773,2,0.0015706044435939148,S
1026924773,2,0.0009249223682241681,S
1026924773,2,0.0015453497400715888,S
1026924773,2,0.0017580028925601177,S
1026924773,2,0.0020360566351032006,S
98513984,2,0.001320812186877629,C
98513984,2,0.0002061695610886538,C
98513984,2,0.0019039209960829417,C
98513984,2,0.00036117424253867547,C
98513984,2,8.263359611193621e-05,C
2005233991,2,0.0,C
2005233991,2,0.0,C
2005233991,2,0.0,C
2005233991,2,0.0,C
2005233991,2,0.0,C
3873101583,2,0.0,S
3873101583,2,0.0,S
3873101583,2,0.0,S
3873101583,2,0.0,S
3873101583,2,0.0,S
176403689,2,0.0,C
176403689,2,0.0,C
176403689,2,0.0,C
176403689,2,0.0,C
176403689,2,0.0,C
530226997,2,0.0,C
530226997,2,0.0,C
530226997,2,0.0,C
530226997,2,0.0,C
530226997,2,0.0,C
530250207,2,0.0,C
530250207,2,0.0,C
530250207,2,0.0,C
530250207,2,0.0,C
530250207,2,0.0,C
1167268241,2,0.0,C
1167268241,2,0.0,C
1167268241,2,0.0,C
1167268241,2,0.0,C
1167268241,2,0.0,C
1167322652,2,0.0,C
1167322652,2,0.0,C
1167322652,2,0.0,C
1167322652,2,0.0,C
1167322652,2,0.0,C
1535166686,2,0.00811686113837451,O
1535166686,2,0.007402020586318558,O
1535166686,2,0.0033727694715003365,O
1535166686,2,0.008355598176872814,O
1535166686,2,0.010544160496123833,O
2410697676,2,0.0,C
2410697676,2,0.0,C
2410697676,2,0.0,C
2410697676,2,0.0,C
2410697676,2,0.0,C
3545365497,2,-0.002383944574757435,C
3545365497,2,6.25710083010933e-05,C
3545365497,2,-0.0005817223369048996,C
3545365497,2,-0.0005031480392008181,C
3545365497,2,-0.0008831267884390481,C
4018138687,2,0.0,C
4018138687,2,0.0,C
4018138687,2,0.0,C
4018138687,2,0.0,C
4018138687,2,0.0,C
2646219661,2,-6.264503770680996e-05,C
2646219661,2,-0.00016999719993637807,C
2646219661,2,-0.0003471142056199472,C
2646219661,2,-4.620068505489794e-05,C
2646219661,2,-0.00020254344636339017,C
3632350815,2,-0.0003446953382613138,Br
3632350815,2,-0.00062174872688181,Br
3632350815,2,-0.0004439777589357874,Br
3632350815,2,0.00020144692720025503,Br
3632350815,2,-0.0005362955727667984,Br
2245277810,2,0.0030411939582921654,C
2245277810,2,0.006571018871057266,C
2245277810,2,0.0022232997254723053,C
2245277810,2,0.00020058417901058778,C
2245277810,2,0.0006349048761535858,C
1173125914,2,0.02413142044041905,C
1173125914,2,0.017731658202073897,C
1173125914,2,0.02727758320315088,C
1173125914,2,0.02398071794846246,C
1173125914,2,0.01755128397589112,C
1583009052,2,0.00014026369599773325,C
1583009052,2,-9.786981201109768e-05,C
1583009052,2,-4.743071593893422e-05,C
1583009052,2,-7.160320268373432e-05,C
1583009052,2,-0.0002815313171534717,C
1914229733,2,0.000851423285901598,C
1914229733,2,0.0013417567208910963,C
1914229733,2,0.0007840921375323884,C
1914229733,2,0.0003509403003817413,C
1914229733,2,0.0006550281610511188,C
3537123720,2,0.0017410782023443705,C
3537123720,2,0.000389374162899081,C
3537123720,2,0.000622133387749968,C
3537123720,2,-0.0002135596583672239,C
3537123720,2,-0.0002192833194583077,C
2968968094,2,0.0025797610258643244,C
2968968094,2,0.0045151355978416685,C
2968968094,2,0.0030942429643782132,C
2968968094,2,0.003020192230341001,C
2968968094,2,0.003820928062349127,C
2976033787,2,-0.0011497578948653775,C
2976033787,2,0.005727492025620062,C
2976033787,2,-0.0004453800496202476,C
2976033787,2,-0.0009527374518422116,C
2976033787,2,-0.0004068557487006963,C
892756502,2,0.0,C
892756502,2,0.0,C
892756502,2,0.0,C
892756502,2,0.0,C
892756502,2,0.0,C
2110118862,2,0.0,C
2110118862,2,0.0,C
2110118862,2,0.0,C
2110118862,2,0.0,C
2110118862,2,0.0,C
2117068077,2,-0.0009685763760448607,C
2117068077,2,0.000551981131085455,C
2117068077,2,0.0,C
2117068077,2,0.0,C
2117068077,2,0.0,C
2154935424,2,0.0024669168651473283,O
2154935424,2,0.0005950822150924129,O
2154935424,2,0.0020274013523751133,O
2154935424,2,0.0019794209654024897,O
2154935424,2,0.0015810046078853501,O
847433064,2,0.014769962306635076,N
847433064,2,0.0088330672931769,N
847433064,2,-0.004061257815542341,N
847433064,2,0.012381859740218326,N
847433064,2,0.011657196414690096,N
2245900962,2,0.0005207411891410274,C
2245900962,2,0.0007587570026709178,C
2245900962,2,-0.0036631901665763467,C
2245900962,2,-0.0001161359414667551,C
2245900962,2,-7.304532087215598e-05,C
551287920,2,0.0,C
551287920,2,0.0,C
551287920,2,0.0,C
551287920,2,0.0,C
551287920,2,0.0,C
1999904870,2,0.0,C
1999904870,2,0.0,C
1999904870,2,0.0,C
1999904870,2,0.0,C
1999904870,2,0.0,C
2551483158,2,0.0005050088841087597,N
2551483158,2,-2.58440237661528e-05,N
2551483158,2,-0.000933315615789243,N
2551483158,2,0.00018581327774125356,N
2551483158,2,0.00014330265309703272,N
1542631284,2,0.0,O
1542631284,2,0.0,O
1542631284,2,0.0,O
1542631284,2,0.0,O
1542631284,2,0.0,O
3414957742,2,0.0,C
3414957742,2,0.0,C
3414957742,2,0.0,C
3414957742,2,0.0,C
3414957742,2,0.0,C
1797936203,2,0.0,C
1797936203,2,0.0,C
1797936203,2,0.0,C
1797936203,2,0.0,C
1797936203,2,0.0,C
2059730245,2,0.0,C
2059730245,2,0.0,C
2059730245,2,0.0,C
2059730245,2,0.0,C
2059730245,2,0.0,C
1280765160,2,0.0,C
1280765160,2,0.0,C
1280765160,2,0.0,C
1280765160,2,0.0,C
1280765160,2,0.0,C
1510337516,2,0.0012839736626713005,O
1510337516,2,0.001543754180046042,O
1510337516,2,-0.00031891414729678935,O
1510337516,2,0.0016706067787276568,O
1510337516,2,0.0017122584195822244,O
2065620398,2,0.0,C
2065620398,2,0.0,C
2065620398,2,0.0,C
2065620398,2,0.0,C
2065620398,2,0.0,C
858984704,2,0.0,C
858984704,2,0.0,C
858984704,2,0.0,C
858984704,2,0.0,C
858984704,2,0.0,C
876319778,2,0.0,N
876319778,2,0.0,N
876319778,2,0.0,N
876319778,2,0.0,N
876319778,2,0.0,N
535847852,2,0.00029078651627534313,C
535847852,2,-5.9964851442440015e-05,C
535847852,2,0.00029427857460539997,C
535847852,2,7.164667100156841e-06,C
535847852,2,-6.676430798213673e-07,C
2065547089,2,0.0,C
2065547089,2,0.0,C
2065547089,2,0.0,C
2065547089,2,0.0,C
2065547089,2,0.0,C
994237755,2,0.0,C
994237755,2,0.0,C
994237755,2,0.0,C
994237755,2,0.0,C
994237755,2,0.0,C
3933537673,2,0.0,C
3933537673,2,0.0,C
3933537673,2,0.0,C
3933537673,2,0.0,C
3933537673,2,0.0,C
1583799011,2,0.00017139188309789333,C
1583799011,2,-0.0001238560484981832,C
1583799011,2,-1.008034724714335e-05,C
1583799011,2,9.978029768364927e-05,C
1583799011,2,4.3870142860114036e-05,C
2222711142,2,0.0,O
2222711142,2,0.0,O
2222711142,2,0.0,O
2222711142,2,0.0,O
2222711142,2,0.0,O
2423543607,2,0.0012115528809810705,C
2423543607,2,-0.0009527382074576707,C
2423543607,2,9.702352919660484e-05,C
2423543607,2,0.002490972694691007,C
2423543607,2,0.0018593949165709445,C
4008337421,2,0.0010829536467604761,C
4008337421,2,0.0004681705798785796,C
4008337421,2,0.0013343967445622607,C
4008337421,2,0.0008402177094525287,C
4008337421,2,0.0006793760172308927,C
4102492447,2,0.0004473616487322696,C
4102492447,2,0.00022345875067109056,C
4102492447,2,0.0005552590793738155,C
4102492447,2,0.0006092436487679098,C
4102492447,2,2.080256859093854e-05,C
847961216,2,0.031906098657297655,N
847961216,2,0.04108909884254619,N
847961216,2,0.03713518798973725,N
847961216,2,0.030882886141689103,N
847961216,2,0.032334404962396146,N
411967733,2,0.0,C
411967733,2,0.0,C
411967733,2,0.0,C
411967733,2,0.0,C
411967733,2,0.0,C
828793177,2,0.0,N
828793177,2,0.0,N
828793177,2,0.0,N
828793177,2,0.0,N
828793177,2,0.0,N
3824063894,2,0.0,C
3824063894,2,0.0,C
3824063894,2,0.0,C
3824063894,2,0.0,C
3824063894,2,0.0,C
2360741695,2,0.0,C
2360741695,2,0.0,C
2360741695,2,0.0,C
2360741695,2,0.0,C
2360741695,2,0.0,C
2246340824,2,-0.00032943564134291226,C
2246340824,2,-0.00035385330176862517,C
2246340824,2,-0.0003807967594234851,C
2246340824,2,-0.0004899894193045595,C
2246340824,2,-0.0003673847060765567,C
2424973678,2,2.8895286130037334e-05,C
2424973678,2,0.0006326338830988654,C
2424973678,2,2.9035828309043055e-05,C
2424973678,2,-8.322836176022363e-06,C
2424973678,2,0.00013773115628334942,C
3452535345,2,-0.0035233968829984086,Cl
3452535345,2,-0.002816061783865842,Cl
3452535345,2,-0.0030903115824266747,Cl
3452535345,2,-0.0033780045632476607,Cl
3452535345,2,-0.0013035409962325328,Cl
4194366826,2,0.0,C
4194366826,2,0.0,C
4194366826,2,0.0,C
4194366826,2,0.0,C
4194366826,2,0.0,C
2132511834,2,0.03914841256580215,N
2132511834,2,0.04429696435013364,N
2132511834,2,0.03126393398533456,N
2132511834,2,0.03649621652390245,N
2132511834,2,0.02138943648437086,N
416356657,2,0.0,C
416356657,2,0.0,C
416356657,2,0.0,C
416356657,2,0.0,C
416356657,2,0.0,C
1289643292,2,0.0,N
1289643292,2,0.0,N
1289643292,2,0.0,N
1289643292,2,0.0,N
1289643292,2,0.0,N
2142032900,2,0.012792606511586757,C
2142032900,2,0.012637239179388193,C
2142032900,2,0.009215031184980904,C
2142032900,2,0.012032565970275244,C
2142032900,2,0.014686597656641043,C
847957139,2,0.07669494849935388,N
847957139,2,0.10989188850684628,N
847957139,2,0.11776794093500342,N
847957139,2,0.10196218979128435,N
847957139,2,0.10710223819268871,N
1083852209,2,0.0,N
1083852209,2,0.0,N
1083852209,2,0.0,N
1083852209,2,0.0,N
1083852209,2,0.0,N
3975295864,2,0.0,C
3975295864,2,0.0,C
3975295864,2,0.0,C
3975295864,2,0.0,C
3975295864,2,0.0,C
882399112,2,-5.162424355498185e-05,F
882399112,2,0.00760625328820741,F
882399112,2,0.002901197344563622,F
882399112,2,0.0004296508832065671,F
882399112,2,0.002610771636101794,F
485463469,2,-0.0005510069921089711,F
485463469,2,0.003502635363426876,F
485463469,2,0.00079217788914554,F
485463469,2,9.643806727355209e-05,F
485463469,2,0.002225038142217306,F
3613952269,2,0.0,C
3613952269,2,0.0,C
3613952269,2,0.0,C
3613952269,2,0.0,C
3613952269,2,0.0,C
3103812183,2,0.00017116965782182358,C
3103812183,2,8.110243285530672e-05,C
3103812183,2,1.608267929342766e-05,C
3103812183,2,0.00044876879617916643,C
3103812183,2,2.435435113201656e-05,C
4022716898,2,0.0,C
4022716898,2,0.0,C
4022716898,2,0.0,C
4022716898,2,0.0,C
4022716898,2,0.0,C
319552149,2,0.0008638994502110364,I
319552149,2,0.0034870669102271545,I
319552149,2,0.002066790636783389,I
319552149,2,0.002466787821251093,I
319552149,2,0.0009590425673743352,I
427867059,2,0.0,I
427867059,2,0.0,I
427867059,2,0.0,I
427867059,2,0.0,I
427867059,2,0.0,I
839602758,2,0.0,C
839602758,2,0.0,C
839602758,2,0.0,C
839602758,2,0.0,C
839602758,2,0.0,C
3026394695,2,0.0012919829958593088,C
3026394695,2,0.0013245644863126849,C
3026394695,2,0.0012952142567352887,C
3026394695,2,0.0013352205671246509,C
3026394695,2,0.0013117098251064219,C
1135286194,2,0.00011545540035140522,C
1135286194,2,0.00021681062864997713,C
1135286194,2,9.669375801490965e-05,C
1135286194,2,0.00010795223096748963,C
1135286194,2,0.00011126693024188228,C
3025629386,2,0.0,C
3025629386,2,0.0,C
3025629386,2,0.0,C
3025629386,2,0.0,C
3025629386,2,0.0,C
2245897107,2,0.0,C
2245897107,2,0.0,C
2245897107,2,0.0,C
2245897107,2,0.0,C
2245897107,2,0.0,C
2013359779,2,0.0,C
2013359779,2,0.0,C
2013359779,2,0.0,C
2013359779,2,0.0,C
2013359779,2,0.0,C
3492293582,2,0.0,C
3492293582,2,0.0,C
3492293582,2,0.0,C
3492293582,2,0.0,C
3492293582,2,0.0,C
3633369638,2,0.0,C
3633369638,2,0.0,C
3633369638,2,0.0,C
3633369638,2,0.0,C
3633369638,2,0.0,C
1312131881,2,0.0,C
1312131881,2,0.0,C
1312131881,2,0.0,C
1312131881,2,0.0,C
1312131881,2,0.0,C
3419524736,2,0.0,N
3419524736,2,0.0,N
3419524736,2,0.0,N
3419524736,2,0.0,N
3419524736,2,0.0,N
4036277955,2,0.0,C
4036277955,2,0.0,C
4036277955,2,0.0,C
4036277955,2,0.0,C
4036277955,2,0.0,C
3189457552,2,0.0,O
3189457552,2,0.0,O
3189457552,2,0.0,O
3189457552,2,0.0,O
3189457552,2,0.0,O
368531313,2,0.0,C
368531313,2,0.0,C
368531313,2,0.0,C
368531313,2,0.0,C
368531313,2,0.0,C
4195680018,2,0.0,O
4195680018,2,0.0,O
4195680018,2,0.0,O
4195680018,2,0.0,O
4195680018,2,0.0,O
847950754,2,0.0,N
847950754,2,0.0,N
847950754,2,0.0,N
847950754,2,0.0,N
847950754,2,0.0,N
3909974435,2,4.122023124786267e-05,C
3909974435,2,1.873825671960816e-05,C
3909974435,2,3.314297935375077e-05,C
3909974435,2,0.0,C
3909974435,2,4.9869272857216984e-05,C
2827868305,2,0.0,C
2827868305,2,0.0,C
2827868305,2,0.0,C
2827868305,2,0.0,C
2827868305,2,0.0,C
485458970,2,0.0,F
485458970,2,0.0,F
485458970,2,0.0,F
485458970,2,0.0,F
485458970,2,0.0,F
2197158716,2,0.0,C
2197158716,2,0.0,C
2197158716,2,0.0,C
2197158716,2,0.0,C
2197158716,2,0.0,C
721740560,2,0.0,C
721740560,2,0.0,C
721740560,2,0.0,C
721740560,2,0.0,C
721740560,2,0.0,C
3102778727,2,0.0,N
3102778727,2,0.0,N
3102778727,2,0.0,N
3102778727,2,0.0,N
3102778727,2,0.0,N
848127915,2,0.00022150816092092462,N
848127915,2,-0.00012639194235530837,N
848127915,2,-0.0015764617678029058,N
848127915,2,-0.0001538063568108372,N
848127915,2,-0.0034086787607481295,N
864942795,2,0.006459455138972281,O
864942795,2,0.0031601152709532787,O
864942795,2,0.0035471882707329705,O
864942795,2,0.003066595135215233,O
864942795,2,0.009973421494500201,O
871989940,2,9.473930607128977e-06,O
871989940,2,-3.5141199100641174e-06,O
871989940,2,9.473930607128977e-06,O
871989940,2,-6.410193719053048e-06,O
871989940,2,9.473930607128977e-06,O
2378775366,2,0.0,O
2378775366,2,0.0,O
2378775366,2,0.0,O
2378775366,2,0.0,O
2378775366,2,0.0,O
2378779377,2,0.0,O
2378779377,2,0.0,O
2378779377,2,0.0,O
2378779377,2,0.0,O
2378779377,2,0.0,O
3152639783,2,4.058373070936483e-05,N
3152639783,2,-3.791504851857752e-06,N
3152639783,2,2.138767594672686e-05,N
3152639783,2,-1.0212180779012314e-05,N
3152639783,2,1.0010030357721078e-05,N
4003049590,2,6.581819298367986e-05,C
4003049590,2,7.039706066347406e-05,C
4003049590,2,9.057517047539321e-05,C
4003049590,2,0.00011557070620216159,C
4003049590,2,8.855681165531593e-05,C
10565946,2,0.008740414950706987,O
10565946,2,0.007856767741591275,O
10565946,2,0.00541512471856509,O
10565946,2,0.012712722332713922,O
10565946,2,0.013896415761229464,O
787069595,2,6.343295414890093e-05,C
787069595,2,0.00022032290441353908,C
787069595,2,0.00019499188529970013,C
787069595,2,-9.704885754135972e-05,C
787069595,2,-0.000618402749699154,C
1630260676,2,0.0,C
1630260676,2,0.0,C
1630260676,2,0.0,C
1630260676,2,0.0,C
1630260676,2,0.0,C
1868602760,2,0.00031273570231926673,N
1868602760,2,0.0002621701300101753,N
1868602760,2,0.00010535509753639705,N
1868602760,2,0.0003017457579366223,N
1868602760,2,0.00011046154342109205,N
3980805843,2,0.0,C
3980805843,2,0.0,C
3980805843,2,0.0,C
3980805843,2,0.0,C
3980805843,2,0.0,C
3982076256,2,-0.0014248398196955447,C
3982076256,2,-0.0010236744236692408,C
3982076256,2,-0.004523020113892273,C
3982076256,2,-0.0011496732758744521,C
3982076256,2,-0.002075945369050647,C
4023654873,2,-0.0024398602217519105,C
4023654873,2,-0.0017290254108193182,C
4023654873,2,-0.0045853548612686534,C
4023654873,2,-0.0013075968298065233,C
4023654873,2,-0.0016494535917921382,C
4041573576,2,-0.00037793230526161903,C
4041573576,2,-1.0730106427603303e-05,C
4041573576,2,-1.0730106427603303e-05,C
4041573576,2,-1.0730106427603303e-05,C
4041573576,2,-1.0730106427603303e-05,C
2092489639,2,0.002113521670090046,N
2092489639,2,0.0030351008686217984,N
2092489639,2,-0.00038616621034037735,N
2092489639,2,0.002522174606980787,N
2092489639,2,-0.0007350811618801467,N
2021812431,2,0.0,N
2021812431,2,0.0,N
2021812431,2,0.0,N
2021812431,2,0.0,N
2021812431,2,0.0,N
2803848648,2,0.0,C
2803848648,2,0.0,C
2803848648,2,0.0,C
2803848648,2,0.0,C
2803848648,2,0.0,C
3657471097,2,0.0,C
3657471097,2,0.0,C
3657471097,2,0.0,C
3657471097,2,0.0,C
3657471097,2,0.0,C
98466654,2,0.0,C
98466654,2,0.0,C
98466654,2,0.0,C
98466654,2,0.0,C
98466654,2,0.0,C
2070178920,2,0.0,C
2070178920,2,0.0,C
2070178920,2,0.0,C
2070178920,2,0.0,C
2070178920,2,0.0,C
4124481675,2,0.0,C
4124481675,2,0.0,C
4124481675,2,0.0,C
4124481675,2,0.0,C
4124481675,2,0.0,C
170898322,2,0.0008139837298040131,Cl
170898322,2,0.00019470131132071078,Cl
170898322,2,2.5590736171698936e-05,Cl
170898322,2,0.00014000840121664027,Cl
170898322,2,0.00025397867692333875,Cl
2406620359,2,0.0,C
2406620359,2,0.0,C
2406620359,2,0.0,C
2406620359,2,0.0,C
2406620359,2,0.0,C
1276993226,2,7.584422224793386e-05,C
1276993226,2,1.4271899472007021e-05,C
1276993226,2,8.11866685495044e-05,C
1276993226,2,-8.51361518061644e-06,C
1276993226,2,0.0002773332459815592,C
1842898132,2,0.0003511342758247826,C
1842898132,2,0.0004350280107726645,C
1842898132,2,0.0005423458649904678,C
1842898132,2,0.0004103498530458882,C
1842898132,2,0.00041922354046342036,C
3981762496,2,0.0,C
3981762496,2,0.0,C
3981762496,2,0.0,C
3981762496,2,0.0,C
3981762496,2,0.0,C
2849741637,2,0.0,C
2849741637,2,0.0,C
2849741637,2,0.0,C
2849741637,2,0.0,C
2849741637,2,0.0,C
4121755354,2,3.310068169792846e-05,C
4121755354,2,6.15075314898128e-05,C
4121755354,2,0.00027264085495237733,C
4121755354,2,3.1436944898599606e-05,C
4121755354,2,6.464933188132793e-05,C
195491954,2,0.0,Cl
195491954,2,0.0,Cl
195491954,2,0.0,Cl
195491954,2,0.0,Cl
195491954,2,0.0,Cl
753134939,2,0.0,C
753134939,2,0.0,C
753134939,2,0.0,C
753134939,2,0.0,C
753134939,2,0.0,C
1026928756,2,0.003996687658953446,S
1026928756,2,0.0034706620322003667,S
1026928756,2,0.003294341097291875,S
1026928756,2,0.00418791101570648,S
1026928756,2,0.004835072716861899,S
1555970,2,0.0,S
1555970,2,0.0,S
1555970,2,0.0,S
1555970,2,0.0,S
1555970,2,0.0,S
2453385669,2,0.0,C
2453385669,2,0.0,C
2453385669,2,0.0,C
2453385669,2,0.0,C
2453385669,2,0.0,C
584893129,2,0.0,C
584893129,2,0.0,C
584893129,2,0.0,C
584893129,2,0.0,C
584893129,2,0.0,C
2654043257,2,0.0,N
2654043257,2,0.0,N
2654043257,2,0.0,N
2654043257,2,0.0,N
2654043257,2,0.0,N
2753863138,2,0.0,C
2753863138,2,0.0,C
2753863138,2,0.0,C
2753863138,2,0.0,C
2753863138,2,0.0,C
369315086,2,0.0,C
369315086,2,0.0,C
369315086,2,0.0,C
369315086,2,0.0,C
369315086,2,0.0,C
2425865203,2,0.0001387230518603566,C
2425865203,2,0.00038452184417370194,C
2425865203,2,2.666142722107523e-05,C
2425865203,2,0.0,C
2425865203,2,0.0,C
345159360,2,0.0,C
345159360,2,0.0,C
345159360,2,0.0,C
345159360,2,0.0,C
345159360,2,0.0,C
1308598964,2,0.0,C
1308598964,2,0.0,C
1308598964,2,0.0,C
1308598964,2,0.0,C
1308598964,2,0.0,C
2296565457,2,0.0001510744799596564,N
2296565457,2,0.0001563849342510748,N
2296565457,2,0.0010040276280423033,N
2296565457,2,0.002103874851304699,N
2296565457,2,0.001989898992641681,N
2370996728,2,0.0,C
2370996728,2,0.0,C
2370996728,2,0.0,C
2370996728,2,0.0,C
2370996728,2,0.0,C
3430642422,2,0.0,C
3430642422,2,0.0,C
3430642422,2,0.0,C
3430642422,2,0.0,C
3430642422,2,0.0,C
3534637918,2,0.0,N
3534637918,2,0.0,N
3534637918,2,0.0,N
3534637918,2,0.0,N
3534637918,2,0.0,N
4240369074,2,0.0,C
4240369074,2,0.0,C
4240369074,2,0.0,C
4240369074,2,0.0,C
4240369074,2,0.0,C
114626569,2,0.0,C
114626569,2,0.0,C
114626569,2,0.0,C
114626569,2,0.0,C
114626569,2,0.0,C
3556189655,2,0.0,I
3556189655,2,0.0,I
3556189655,2,0.0,I
3556189655,2,0.0,I
3556189655,2,0.0,I
229168272,2,0.0,S
229168272,2,0.0,S
229168272,2,0.0,S
229168272,2,0.0,S
229168272,2,0.0,S
603510687,2,0.0004251521279561299,C
603510687,2,0.00038236900280130826,C
603510687,2,0.0004525671573279988,C
603510687,2,0.00038236900280130826,C
603510687,2,0.00038236900280130826,C
2058913649,2,0.0,C
2058913649,2,0.0,C
2058913649,2,0.0,C
2058913649,2,0.0,C
2058913649,2,0.0,C
3012778962,2,0.0,N
3012778962,2,0.0,N
3012778962,2,0.0,N
3012778962,2,0.0,N
3012778962,2,0.0,N
4120224926,2,0.0,C
4120224926,2,0.0,C
4120224926,2,0.0,C
4120224926,2,0.0,C
4120224926,2,0.0,C
2662852760,2,0.0,N
2662852760,2,0.0,N
2662852760,2,0.0,N
2662852760,2,0.0,N
2662852760,2,0.0,N
3818547277,2,0.0,C
3818547277,2,0.0,C
3818547277,2,0.0,C
3818547277,2,0.0,C
3818547277,2,0.0,C
198706261,2,4.947999122495439e-05,Cl
198706261,2,0.00043964045480082703,Cl
198706261,2,0.0004884315176154619,Cl
198706261,2,0.0009244212840642252,Cl
198706261,2,0.0001969678626070337,Cl
2810318309,2,0.0,O
2810318309,2,0.0,O
2810318309,2,0.0,O
2810318309,2,0.0,O
2810318309,2,0.0,O
2910196842,2,0.0,C
2910196842,2,0.0,C
2910196842,2,0.0,C
2910196842,2,0.0,C
2910196842,2,0.0,C
3411030296,2,0.0,C
3411030296,2,0.0,C
3411030296,2,0.0,C
3411030296,2,0.0,C
3411030296,2,0.0,C
1511968919,2,0.0,C
1511968919,2,0.0,C
1511968919,2,0.0,C
1511968919,2,0.0,C
1511968919,2,0.0,C
1506993418,2,8.607276462635483e-05,C
1506993418,2,8.607276462635483e-05,C
1506993418,2,8.607276462635483e-05,C
1506993418,2,8.607276462635483e-05,C
1506993418,2,8.607276462635483e-05,C
1533864325,2,4.510986898909053e-06,O
1533864325,2,0.00015917695027867218,O
1533864325,2,0.00020413543558195357,O
1533864325,2,0.00010922110278011044,O
1533864325,2,0.0001500573948943762,O
4278941385,2,0.000258901269313605,C
4278941385,2,0.00011649260573298736,C
4278941385,2,7.849238537149805e-05,C
4278941385,2,4.8316589494779016e-05,C
4278941385,2,0.00013488912042836088,C
984189120,2,0.0027848922139723786,P
984189120,2,0.002753358846430798,P
984189120,2,-9.9726554484314e-05,P
984189120,2,0.0012132770103729928,P
984189120,2,0.002518145909673697,P
195319295,2,0.0,Cl
195319295,2,0.0,Cl
195319295,2,0.0,Cl
195319295,2,0.0,Cl
195319295,2,0.0,Cl
913845599,2,0.0,O
913845599,2,0.0,O
913845599,2,0.0,O
913845599,2,0.0,O
913845599,2,0.0,O
921439924,2,0.0,O
921439924,2,0.0,O
921439924,2,0.0,O
921439924,2,0.0,O
921439924,2,0.0,O
1798001854,2,0.0,P
1798001854,2,0.0,P
1798001854,2,0.0,P
1798001854,2,0.0,P
1798001854,2,0.0,P
2235918822,2,0.0,O
2235918822,2,0.0,O
2235918822,2,0.0,O
2235918822,2,0.0,O
2235918822,2,0.0,O
2309124039,2,0.0,C
2309124039,2,0.0,C
2309124039,2,0.0,C
2309124039,2,0.0,C
2309124039,2,0.0,C
2580663187,2,0.0,C
2580663187,2,0.0,C
2580663187,2,0.0,C
2580663187,2,0.0,C
2580663187,2,0.0,C
3994088662,2,0.001045204990044457,C
3994088662,2,0.0009184331406126844,C
3994088662,2,0.0009730356150627895,C
3994088662,2,0.0011737096270575398,C
3994088662,2,7.601406192847548e-05,C
4110202059,2,0.0,C
4110202059,2,0.0,C
4110202059,2,0.0,C
4110202059,2,0.0,C
4110202059,2,0.0,C
205323193,2,0.0,S
205323193,2,0.0,S
205323193,2,0.0,S
205323193,2,0.0,S
205323193,2,0.0,S
1674219510,2,0.0,C
1674219510,2,0.0,C
1674219510,2,0.0,C
1674219510,2,0.0,C
1674219510,2,0.0,C
800345569,2,0.0,C
800345569,2,0.0,C
800345569,2,0.0,C
800345569,2,0.0,C
800345569,2,0.0,C
3545074552,2,0.0,C
3545074552,2,0.0,C
3545074552,2,0.0,C
3545074552,2,0.0,C
3545074552,2,0.0,C
69470421,2,0.0,C
69470421,2,0.0,C
69470421,2,0.0,C
69470421,2,0.0,C
69470421,2,0.0,C
600405749,2,0.0,C
600405749,2,0.0,C
600405749,2,0.0,C
600405749,2,0.0,C
600405749,2,0.0,C
1449131080,2,0.0,C
1449131080,2,0.0,C
1449131080,2,0.0,C
1449131080,2,0.0,C
1449131080,2,0.0,C
4256676941,2,0.0,N
4256676941,2,0.0,N
4256676941,2,0.0,N
4256676941,2,0.0,N
4256676941,2,0.0,N
68671624,2,0.0,C
68671624,2,0.0,C
68671624,2,0.0,C
68671624,2,0.0,C
68671624,2,0.0,C
2013980694,2,0.0,C
2013980694,2,0.0,C
2013980694,2,0.0,C
2013980694,2,0.0,C
2013980694,2,0.0,C
2815521255,2,0.0,O
2815521255,2,0.0,O
2815521255,2,0.0,O
2815521255,2,0.0,O
2815521255,2,0.0,O
2845936339,2,0.0,C
2845936339,2,0.0,C
2845936339,2,0.0,C
2845936339,2,0.0,C
2845936339,2,0.0,C
2664995851,2,-0.00023887629934282728,C
2664995851,2,0.0005123219103098098,C
2664995851,2,-0.00033216345186770635,C
2664995851,2,-0.0003375681098202188,C
2664995851,2,-8.173124751320593e-06,C
2504503484,2,0.0,C
2504503484,2,0.0,C
2504503484,2,0.0,C
2504503484,2,0.0,C
2504503484,2,0.0,C
2976816164,2,0.0,C
2976816164,2,0.0,C
2976816164,2,0.0,C
2976816164,2,0.0,C
2976816164,2,0.0,C
1399127774,2,0.0,C
1399127774,2,0.0,C
1399127774,2,0.0,C
1399127774,2,0.0,C
1399127774,2,0.0,C
1861965050,2,0.0,C
1861965050,2,0.0,C
1861965050,2,0.0,C
1861965050,2,0.0,C
1861965050,2,0.0,C
1910766508,2,0.0,C
1910766508,2,0.0,C
1910766508,2,0.0,C
1910766508,2,0.0,C
1910766508,2,0.0,C
2077658817,2,-0.00014723394855942207,O
2077658817,2,-4.974125019097109e-05,O
2077658817,2,-0.00014382934221734978,O
2077658817,2,-0.00013068153997775056,O
2077658817,2,-0.00013244525034694643,O
2624895325,2,0.0,C
2624895325,2,0.0,C
2624895325,2,0.0,C
2624895325,2,0.0,C
2624895325,2,0.0,C
2950679810,2,0.0,O
2950679810,2,0.0,O
2950679810,2,0.0,O
2950679810,2,0.0,O
2950679810,2,0.0,O
1137993954,2,0.0,C
1137993954,2,0.0,C
1137993954,2,0.0,C
1137993954,2,0.0,C
1137993954,2,0.0,C
2222621677,2,-7.595622309186645e-05,O
2222621677,2,5.0374822867516045e-05,O
2222621677,2,7.805454338272177e-05,O
2222621677,2,-2.72192672576832e-05,O
2222621677,2,-7.631393979912193e-05,O
1257718710,2,0.0,C
1257718710,2,0.0,C
1257718710,2,0.0,C
1257718710,2,0.0,C
1257718710,2,0.0,C
3203709451,2,0.0,O
3203709451,2,0.0,O
3203709451,2,0.0,O
3203709451,2,0.0,O
3203709451,2,0.0,O
2353112200,2,0.0,C
2353112200,2,0.0,C
2353112200,2,0.0,C
2353112200,2,0.0,C
2353112200,2,0.0,C
3624155,2,0.0,C
3624155,2,0.0,C
3624155,2,0.0,C
3624155,2,0.0,C
3624155,2,0.0,C
540046244,2,0.0,C
540046244,2,0.0,C
540046244,2,0.0,C
540046244,2,0.0,C
540046244,2,0.0,C
553412256,2,0.0,C
553412256,2,0.0,C
553412256,2,0.0,C
553412256,2,0.0,C
553412256,2,0.0,C
2971716993,2,0.0,N
2971716993,2,0.0,N
2971716993,2,0.0,N
2971716993,2,0.0,N
2971716993,2,0.0,N
2975126068,2,0.0,N
2975126068,2,0.0,N
2975126068,2,0.0,N
2975126068,2,0.0,N
2975126068,2,0.0,N
3462333187,2,0.0,C
3462333187,2,0.0,C
3462333187,2,0.0,C
3462333187,2,0.0,C
3462333187,2,0.0,C
3796970912,2,0.0,C
3796970912,2,0.0,C
3796970912,2,0.0,C
3796970912,2,0.0,C
3796970912,2,0.0,C
869080603,2,0.0,N
869080603,2,0.0,N
869080603,2,0.0,N
869080603,2,0.0,N
869080603,2,0.0,N
77081066,2,0.0,C
77081066,2,0.0,C
77081066,2,0.0,C
77081066,2,0.0,C
77081066,2,0.0,C
475355132,2,0.0,F
475355132,2,0.0,F
475355132,2,0.0,F
475355132,2,0.0,F
475355132,2,0.0,F
705738081,2,0.0,C
705738081,2,0.0,C
705738081,2,0.0,C
705738081,2,0.0,C
705738081,2,0.0,C
2150509871,2,0.0,C
2150509871,2,0.0,C
2150509871,2,0.0,C
2150509871,2,0.0,C
2150509871,2,0.0,C
3983062349,2,0.0,C
3983062349,2,0.0,C
3983062349,2,0.0,C
3983062349,2,0.0,C
3983062349,2,0.0,C
1136130381,2,0.0,C
1136130381,2,0.0,C
1136130381,2,0.0,C
1136130381,2,0.0,C
1136130381,2,0.0,C
4110200932,2,0.0,C
4110200932,2,0.0,C
4110200932,2,0.0,C
4110200932,2,0.0,C
4110200932,2,0.0,C
325259454,2,0.0,Br
325259454,2,0.0,Br
325259454,2,0.0,Br
325259454,2,0.0,Br
325259454,2,0.0,Br
702225046,2,0.0,C
702225046,2,0.0,C
702225046,2,0.0,C
702225046,2,0.0,C
702225046,2,0.0,C
74537039,2,0.0,C
74537039,2,0.0,C
74537039,2,0.0,C
74537039,2,0.0,C
74537039,2,0.0,C
871060211,2,0.0,O
871060211,2,0.0,O
871060211,2,0.0,O
871060211,2,0.0,O
871060211,2,0.0,O
3509114595,2,0.0,C
3509114595,2,0.0,C
3509114595,2,0.0,C
3509114595,2,0.0,C
3509114595,2,0.0,C
2085926211,2,0.0,C
2085926211,2,0.0,C
2085926211,2,0.0,C
2085926211,2,0.0,C
2085926211,2,0.0,C
1582607016,2,0.0,C
1582607016,2,0.0,C
1582607016,2,0.0,C
1582607016,2,0.0,C
1582607016,2,0.0,C
2788245361,2,0.0,C
2788245361,2,0.0,C
2788245361,2,0.0,C
2788245361,2,0.0,C
2788245361,2,0.0,C
195323148,2,0.0,Cl
195323148,2,0.0,Cl
195323148,2,0.0,Cl
195323148,2,0.0,Cl
195323148,2,0.0,Cl
1239451710,2,0.0,C
1239451710,2,0.0,C
1239451710,2,0.0,C
1239451710,2,0.0,C
1239451710,2,0.0,C
3696389118,2,0.0,C
3696389118,2,0.0,C
3696389118,2,0.0,C
3696389118,2,0.0,C
3696389118,2,0.0,C
170894115,2,0.0005028840909017118,Cl
170894115,2,-0.0004247480711211393,Cl
170894115,2,0.00043775627999609323,Cl
170894115,2,0.0001959284934258676,Cl
170894115,2,0.00037952315317557606,Cl
2057435328,2,0.0,C
2057435328,2,0.0,C
2057435328,2,0.0,C
2057435328,2,0.0,C
2057435328,2,0.0,C
808416955,2,0.0,S
808416955,2,0.0,S
808416955,2,0.0,S
808416955,2,0.0,S
808416955,2,0.0,S
1078276907,2,0.0,C
1078276907,2,0.0,C
1078276907,2,0.0,C
1078276907,2,0.0,C
1078276907,2,0.0,C
2592252298,2,0.0,C
2592252298,2,0.0,C
2592252298,2,0.0,C
2592252298,2,0.0,C
2592252298,2,0.0,C
4089138501,2,0.0,C
4089138501,2,0.0,C
4089138501,2,0.0,C
4089138501,2,0.0,C
4089138501,2,0.0,C
1396662131,2,0.0,C
1396662131,2,0.0,C
1396662131,2,0.0,C
1396662131,2,0.0,C
1396662131,2,0.0,C
723026879,2,0.0,C
723026879,2,0.0,C
723026879,2,0.0,C
723026879,2,0.0,C
723026879,2,0.0,C
3562848686,2,0.0,C
3562848686,2,0.0,C
3562848686,2,0.0,C
3562848686,2,0.0,C
3562848686,2,0.0,C
548743766,2,0.0,C
548743766,2,0.0,C
548743766,2,0.0,C
548743766,2,0.0,C
548743766,2,0.0,C
3579962709,2,-2.228484191713065e-05,C
3579962709,2,0.0,C
3579962709,2,0.0,C
3579962709,2,0.0,C
3579962709,2,0.0,C
571978829,2,0.0,C
571978829,2,0.0,C
571978829,2,0.0,C
571978829,2,0.0,C
571978829,2,0.0,C
3160718262,2,0.0,N
3160718262,2,0.0,N
3160718262,2,0.0,N
3160718262,2,0.0,N
3160718262,2,0.0,N
119021222,2,0.0,C
119021222,2,0.0,C
119021222,2,0.0,C
119021222,2,0.0,C
119021222,2,0.0,C
330223697,2,0.0,C
330223697,2,0.0,C
330223697,2,0.0,C
330223697,2,0.0,C
330223697,2,0.0,C
1390475220,2,0.0619375481954878,C
1390475220,2,0.07841636038697875,C
1390475220,2,0.07676974747413112,C
1390475220,2,0.07774769641992652,C
1390475220,2,0.07554161286144545,C
1275679867,2,0.0,C
1275679867,2,0.0,C
1275679867,2,0.0,C
1275679867,2,0.0,C
1275679867,2,0.0,C
1241202526,2,0.0,C
1241202526,2,0.0,C
1241202526,2,0.0,C
1241202526,2,0.0,C
1241202526,2,0.0,C
4110211703,2,0.0,C
4110211703,2,0.0,C
4110211703,2,0.0,C
4110211703,2,0.0,C
4110211703,2,0.0,C
592593828,2,0.0,C
592593828,2,0.0,C
592593828,2,0.0,C
592593828,2,0.0,C
592593828,2,0.0,C
3010410747,2,0.0,N
3010410747,2,0.0,N
3010410747,2,0.0,N
3010410747,2,0.0,N
3010410747,2,0.0,N
3124581743,2,0.012142612830824628,C
3124581743,2,0.002307754861305744,C
3124581743,2,0.002307754861305744,C
3124581743,2,0.002307754861305744,C
3124581743,2,0.002307754861305744,C
1198890718,2,0.0,C
1198890718,2,0.0,C
1198890718,2,0.0,C
1198890718,2,0.0,C
1198890718,2,0.0,C
2932351534,2,0.0,C
2932351534,2,0.0,C
2932351534,2,0.0,C
2932351534,2,0.0,C
2932351534,2,0.0,C
1822332700,2,0.0,C
1822332700,2,0.0,C
1822332700,2,0.0,C
1822332700,2,0.0,C
1822332700,2,0.0,C
1517181260,2,0.0,O
1517181260,2,0.0,O
1517181260,2,0.0,O
1517181260,2,0.0,O
1517181260,2,0.0,O
435232729,2,0.0,N
435232729,2,0.0,N
435232729,2,0.0,N
435232729,2,0.0,N
435232729,2,0.0,N
2834566420,2,0.0,C
2834566420,2,0.0,C
2834566420,2,0.0,C
2834566420,2,0.0,C
2834566420,2,0.0,C
3409618301,2,0.0,C
3409618301,2,0.0,C
3409618301,2,0.0,C
3409618301,2,0.0,C
3409618301,2,0.0,C
1510461303,2,0.0110959787401812,C
1510461303,2,0.008354382301119512,C
1510461303,2,0.007282506426319446,C
1510461303,2,0.006280760377495365,C
1510461303,2,0.0044366136962138425,C
1914416804,2,0.0,N
1914416804,2,0.0,N
1914416804,2,0.0,N
1914416804,2,0.0,N
1914416804,2,0.0,N
2156439784,2,0.0,C
2156439784,2,0.0,C
2156439784,2,0.0,C
2156439784,2,0.0,C
2156439784,2,0.0,C
2910193141,2,0.0,C
2910193141,2,0.0,C
2910193141,2,0.0,C
2910193141,2,0.0,C
2910193141,2,0.0,C
1965692378,2,0.0,N
1965692378,2,0.0,N
1965692378,2,0.0,N
1965692378,2,0.0,N
1965692378,2,0.0,N
3918336191,2,0.0,C
3918336191,2,0.0,C
3918336191,2,0.0,C
3918336191,2,0.0,C
3918336191,2,0.0,C
1619222458,2,-6.358116281135473e-06,C
1619222458,2,-6.358116281135473e-06,C
1619222458,2,-6.358116281135473e-06,C
1619222458,2,-6.358116281135473e-06,C
1619222458,2,-3.3767748332413916e-05,C
2807496773,2,0.0,O
2807496773,2,0.0,O
2807496773,2,0.0,O
2807496773,2,0.0,O
2807496773,2,0.0,O
1026654305,2,0.0,S
1026654305,2,0.0,S
1026654305,2,0.0,S
1026654305,2,0.0,S
1026654305,2,0.0,S
222023415,2,0.0,N
222023415,2,0.0,N
222023415,2,0.0,N
222023415,2,0.0,N
222023415,2,0.0,N
906402393,2,0.001221241765301584,O
906402393,2,0.001069463568810325,O
906402393,2,0.001069463568810325,O
906402393,2,0.0013390440358798106,O
906402393,2,0.001069463568810325,O
1688374977,2,0.0,S
1688374977,2,0.0,S
1688374977,2,0.0,S
1688374977,2,0.0,S
1688374977,2,0.0,S
2530377886,2,0.0,N
2530377886,2,0.0,N
2530377886,2,0.0,N
2530377886,2,0.0,N
2530377886,2,0.0,N
3182824521,2,0.0,C
3182824521,2,0.0,C
3182824521,2,0.0,C
3182824521,2,0.0,C
3182824521,2,0.0,C
3231363925,2,0.0,S
3231363925,2,0.0,S
3231363925,2,0.0,S
3231363925,2,0.0,S
3231363925,2,0.0,S
3369488737,2,0.0,P
3369488737,2,0.0,P
3369488737,2,0.0,P
3369488737,2,0.0,P
3369488737,2,0.0,P
3458774156,2,0.0,N
3458774156,2,0.0,N
3458774156,2,0.0,N
3458774156,2,0.0,N
3458774156,2,0.0,N
3983708967,2,0.0,C
3983708967,2,0.0,C
3983708967,2,0.0,C
3983708967,2,0.0,C
3983708967,2,0.0,C
3579704760,2,0.0,C
3579704760,2,0.0,C
3579704760,2,0.0,C
3579704760,2,0.0,C
3579704760,2,0.0,C
2215059400,2,0.0004176066916639076,O
2215059400,2,6.648892143579221e-05,O
2215059400,2,0.00044294847444292795,O
2215059400,2,0.0004538971803660363,O
2215059400,2,0.00035448861768483386,O
3428235283,2,0.0,C
3428235283,2,0.0,C
3428235283,2,0.0,C
3428235283,2,0.0,C
3428235283,2,0.0,C
2070976245,2,0.0,C
2070976245,2,0.0,C
2070976245,2,0.0,C
2070976245,2,0.0,C
2070976245,2,0.0,C
3368912827,2,0.0,C
3368912827,2,0.0,C
3368912827,2,0.0,C
3368912827,2,0.0,C
3368912827,2,0.0,C
1029714706,2,0.0,C
1029714706,2,0.0,C
1029714706,2,0.0,C
1029714706,2,0.0,C
1029714706,2,0.0,C
68675643,2,0.0,C
68675643,2,0.0,C
68675643,2,0.0,C
68675643,2,0.0,C
68675643,2,0.0,C
3416363438,2,0.0,C
3416363438,2,0.0,C
3416363438,2,0.0,C
3416363438,2,0.0,C
3416363438,2,0.0,C
266675433,2,0.00035230976523481505,O
266675433,2,0.0004635975642941492,O
266675433,2,0.00032471367508268845,O
266675433,2,0.00033941715451279997,O
266675433,2,0.0006316775722681189,O
675765711,2,0.0,C
675765711,2,0.0,C
675765711,2,0.0,C
675765711,2,0.0,C
675765711,2,0.0,C
1785683843,2,0.0,C
1785683843,2,0.0,C
1785683843,2,0.0,C
1785683843,2,0.0,C
1785683843,2,0.0,C
2780028939,2,0.0,C
2780028939,2,0.0,C
2780028939,2,0.0,C
2780028939,2,0.0,C
2780028939,2,0.0,C
3083149185,2,0.0,C
3083149185,2,0.0,C
3083149185,2,0.0,C
3083149185,2,0.0,C
3083149185,2,0.0,C
3194612514,2,0.0,O
3194612514,2,0.0,O
3194612514,2,0.0,O
3194612514,2,0.0,O
3194612514,2,0.0,O
325281617,2,0.0,Br
325281617,2,0.0,Br
325281617,2,0.0,Br
325281617,2,0.0,Br
325281617,2,0.0,Br
2846563933,2,0.0,C
2846563933,2,0.0,C
2846563933,2,0.0,C
2846563933,2,0.0,C
2846563933,2,0.0,C
1637836422,2,0.0,C
1637836422,2,0.0,C
1637836422,2,0.0,C
1637836422,2,0.0,C
1637836422,2,0.0,C
3337745083,2,-1.214290223372494e-06,F
3337745083,2,-1.0288378535450171e-05,F
3337745083,2,-1.214290223372494e-06,F
3337745083,2,-1.214290223372494e-06,F
3337745083,2,-5.347806384736753e-05,F
2222715027,2,-0.00038039940587675236,O
2222715027,2,0.002698631916171257,O
2222715027,2,-0.00018760916498716806,O
2222715027,2,0.0028676365425374106,O
2222715027,2,0.000316866703277463,O
4036774035,2,0.0,C
4036774035,2,0.0,C
4036774035,2,0.0,C
4036774035,2,0.0,C
4036774035,2,0.0,C
135980867,2,0.0,C
135980867,2,0.0,C
135980867,2,0.0,C
135980867,2,0.0,C
135980867,2,0.0,C
122886383,2,0.0,C
122886383,2,0.0,C
122886383,2,0.0,C
122886383,2,0.0,C
122886383,2,0.0,C
2252049393,2,0.0,C
2252049393,2,0.0,C
2252049393,2,0.0,C
2252049393,2,0.0,C
2252049393,2,0.0,C
2447748155,2,0.0,C
2447748155,2,0.0,C
2447748155,2,0.0,C
2447748155,2,0.0,C
2447748155,2,0.0,C
2834873482,2,0.0,C
2834873482,2,0.0,C
2834873482,2,0.0,C
2834873482,2,0.0,C
2834873482,2,0.0,C
2844185244,2,0.0,C
2844185244,2,0.0,C
2844185244,2,0.0,C
2844185244,2,0.0,C
2844185244,2,0.0,C
2940857128,2,0.0,C
2940857128,2,0.0,C
2940857128,2,0.0,C
2940857128,2,0.0,C
2940857128,2,0.0,C
3743809709,2,0.0,C
3743809709,2,0.0,C
3743809709,2,0.0,C
3743809709,2,0.0,C
3743809709,2,0.0,C
3743809710,2,0.0,C
3743809710,2,0.0,C
3743809710,2,0.0,C
3743809710,2,0.0,C
3743809710,2,0.0,C
4264704113,2,0.0,Cl
4264704113,2,0.0,Cl
4264704113,2,0.0,Cl
4264704113,2,0.0,Cl
4264704113,2,0.0,Cl
4265486248,2,0.0,Cl
4265486248,2,0.0,Cl
4265486248,2,0.0,Cl
4265486248,2,0.0,Cl
4265486248,2,0.0,Cl
492051864,2,0.0,C
492051864,2,0.0,C
492051864,2,0.0,C
492051864,2,0.0,C
492051864,2,0.0,C
2064788354,2,0.00010666274085324723,C
2064788354,2,5.5704742712214816e-05,C
2064788354,2,0.0004879409058815565,C
2064788354,2,0.00013195843777713545,C
2064788354,2,0.00019950939125368272,C
4038637638,2,0.0,C
4038637638,2,0.0,C
4038637638,2,0.0,C
4038637638,2,0.0,C
4038637638,2,0.0,C
889094846,2,0.0,C
889094846,2,0.0,C
889094846,2,0.0,C
889094846,2,0.0,C
889094846,2,0.0,C
1704599822,2,0.0,C
1704599822,2,0.0,C
1704599822,2,0.0,C
1704599822,2,0.0,C
1704599822,2,0.0,C
802498242,2,0.0,S
802498242,2,0.0,S
802498242,2,0.0,S
802498242,2,0.0,S
802498242,2,0.0,S
4064875520,2,0.0,O
4064875520,2,0.0,O
4064875520,2,0.0,O
4064875520,2,0.0,O
4064875520,2,0.0,O
1370731475,2,0.0,N
1370731475,2,0.0,N
1370731475,2,0.0,N
1370731475,2,0.0,N
1370731475,2,0.0,N
2635303940,2,0.0,C
2635303940,2,0.0,C
2635303940,2,0.0,C
2635303940,2,0.0,C
2635303940,2,0.0,C
1858577693,2,0.0008115966256982965,C
1858577693,2,0.00016295167887725448,C
1858577693,2,0.0,C
1858577693,2,0.00016295167887725448,C
1858577693,2,0.00013432404454838398,C
3921625504,2,0.0,C
3921625504,2,0.0,C
3921625504,2,0.0,C
3921625504,2,0.0,C
3921625504,2,0.0,C
3011598321,2,0.00015355158499330557,C
3011598321,2,0.00015355158499330557,C
3011598321,2,0.00015355158499330557,C
3011598321,2,0.00018339099234010448,C
3011598321,2,0.00015355158499330557,C
3945128999,2,5.9419618864464674e-05,C
3945128999,2,2.9922368601997817e-05,C
3945128999,2,-0.00011203132691495199,C
3945128999,2,7.408705513567426e-05,C
3945128999,2,5.937703240732617e-05,C
1681811079,2,0.0,C
1681811079,2,0.0,C
1681811079,2,0.0,C
1681811079,2,0.0,C
1681811079,2,0.0,C
2865977551,2,0.0,S
2865977551,2,0.0,S
2865977551,2,0.0,S
2865977551,2,0.0,S
2865977551,2,0.0,S
1971534293,2,0.0,O
1971534293,2,0.0,O
1971534293,2,0.0,O
1971534293,2,0.0,O
1971534293,2,0.0,O
2310811238,2,0.0,C
2310811238,2,0.0,C
2310811238,2,0.0,C
2310811238,2,0.0,C
2310811238,2,0.0,C
2392622418,2,0.0,S
2392622418,2,0.0,S
2392622418,2,0.0,S
2392622418,2,0.0,S
2392622418,2,0.0,S
4158944142,2,-0.0010836774498277357,C
4158944142,2,-0.0010836774498277357,C
4158944142,2,-0.0010836774498277357,C
4158944142,2,-0.0010836774498277357,C
4158944142,2,-0.0011238777664397404,C
1101907775,2,0.0,N
1101907775,2,0.0,N
1101907775,2,0.0,N
1101907775,2,0.0,N
1101907775,2,0.0,N
1191280979,2,0.0,C
1191280979,2,0.0,C
1191280979,2,0.0,C
1191280979,2,0.0,C
1191280979,2,0.0,C
1635242581,2,0.0,P
1635242581,2,0.0,P
1635242581,2,0.0,P
1635242581,2,0.0,P
1635242581,2,0.0,P
2027655192,2,0.0,O
2027655192,2,0.0,O
2027655192,2,0.0,O
2027655192,2,0.0,O
2027655192,2,0.0,O
3222770065,2,0.0,C
3222770065,2,0.0,C
3222770065,2,0.0,C
3222770065,2,0.0,C
3222770065,2,0.0,C
3695448525,2,0.0,C
3695448525,2,0.0,C
3695448525,2,0.0,C
3695448525,2,0.0,C
3695448525,2,0.0,C
738071152,2,0.0,C
738071152,2,0.0,C
738071152,2,0.0,C
738071152,2,0.0,C
738071152,2,0.0,C
3545353036,2,0.00024927620725168076,C
3545353036,2,0.0,C
3545353036,2,3.743585154336593e-05,C
3545353036,2,0.00019701213286338337,C
3545353036,2,0.00019618782221852982,C
2297887526,2,0.0,N
2297887526,2,0.0,N
2297887526,2,0.0,N
2297887526,2,0.0,N
2297887526,2,0.0,N
2720313463,2,0.0,C
2720313463,2,0.0,C
2720313463,2,0.0,C
2720313463,2,0.0,C
2720313463,2,0.0,C
2752034647,2,0.0,C
2752034647,2,0.0,C
2752034647,2,0.0,C
2752034647,2,0.0,C
2752034647,2,0.0,C
1883241975,2,0.0,P
1883241975,2,0.0,P
1883241975,2,0.0,P
1883241975,2,0.0,P
1883241975,2,0.0,P
2057423023,2,0.0,C
2057423023,2,0.0,C
2057423023,2,0.0,C
2057423023,2,0.0,C
2057423023,2,0.0,C
3172758907,2,0.0,C
3172758907,2,0.0,C
3172758907,2,0.0,C
3172758907,2,0.0,C
3172758907,2,0.0,C
530227067,2,0.0,C
530227067,2,0.0,C
530227067,2,0.0,C
530227067,2,0.0,C
530227067,2,0.0,C
2410697484,2,0.0,C
2410697484,2,0.0,C
2410697484,2,0.0,C
2410697484,2,0.0,C
2410697484,2,0.0,C
2292702565,2,0.0,C
2292702565,2,0.0,C
2292702565,2,0.0,C
2292702565,2,0.0,C
2292702565,2,0.0,C
905632147,2,0.0,C
905632147,2,0.0,C
905632147,2,0.0,C
905632147,2,0.0,C
905632147,2,0.0,C
2393016670,2,0.0,C
2393016670,2,0.0,C
2393016670,2,0.0,C
2393016670,2,0.0,C
2393016670,2,0.0,C
1143297034,2,0.0,C
1143297034,2,0.0,C
1143297034,2,0.0,C
1143297034,2,0.0,C
1143297034,2,0.0,C
271903915,2,0.0,N
271903915,2,-2.178132000474342e-05,N
271903915,2,-0.0001704395461807895,N
271903915,2,4.01297833114711e-05,N
271903915,2,-7.710624985779457e-05,N
1428903162,2,0.0,C
1428903162,2,0.0,C
1428903162,2,0.0,C
1428903162,2,0.0,C
1428903162,2,0.0,C
4291843020,2,0.0,C
4291843020,2,0.0,C
4291843020,2,0.0,C
4291843020,2,0.0,C
4291843020,2,0.0,C
3384982069,2,0.0,C
3384982069,2,0.0,C
3384982069,2,0.0,C
3384982069,2,0.0,C
3384982069,2,0.0,C
3120642300,2,0.0,C
3120642300,2,0.0,C
3120642300,2,0.0,C
3120642300,2,0.0,C
3120642300,2,0.0,C
2246733040,2,0.0,C
2246733040,2,0.0,C
2246733040,2,0.0,C
2246733040,2,0.0,C
2246733040,2,0.0,C
3835033428,2,0.0,C
3835033428,2,0.0,C
3835033428,2,0.0,C
3835033428,2,0.0,C
3835033428,2,0.0,C
3351556771,2,0.0,S
3351556771,2,0.0,S
3351556771,2,0.0,S
3351556771,2,0.0,S
3351556771,2,0.0,S
203749390,2,0.0,C
203749390,2,0.0,C
203749390,2,0.0,C
203749390,2,0.0,C
203749390,2,0.0,C
1792562719,2,0.0,S
1792562719,2,0.0,S
1792562719,2,0.0,S
1792562719,2,0.0,S
1792562719,2,0.0,S
2803419857,2,0.0,C
2803419857,2,0.0,C
2803419857,2,0.0,C
2803419857,2,0.0,C
2803419857,2,0.0,C
2667063169,2,0.0,O
2667063169,2,0.0,O
2667063169,2,0.0,O
2667063169,2,0.0,O
2667063169,2,0.0,O
517457164,2,0.0,C
517457164,2,0.0,C
517457164,2,0.0,C
517457164,2,0.0,C
517457164,2,0.0,C
2521234953,2,0.0,C
2521234953,2,0.0,C
2521234953,2,0.0,C
2521234953,2,0.0,C
2521234953,2,0.0,C
2521234958,2,0.0,C
2521234958,2,0.0,C
2521234958,2,0.0,C
2521234958,2,0.0,C
2521234958,2,0.0,C
736728097,2,0.0,C
736728097,2,0.0,C
736728097,2,0.0,C
736728097,2,0.0,C
736728097,2,0.0,C
2909042096,2,2.901742248928585e-05,C
2909042096,2,7.321297826767825e-05,C
2909042096,2,4.510527885981386e-05,C
2909042096,2,-0.0006509055997276914,C
2909042096,2,0.00013272922240015195,C
1634854406,2,0.0,C
1634854406,2,0.0,C
1634854406,2,0.0,C
1634854406,2,0.0,C
1634854406,2,0.0,C
2163918870,2,0.0,C
2163918870,2,0.0,C
2163918870,2,0.0,C
2163918870,2,0.0,C
2163918870,2,0.0,C
1533809047,2,0.0,C
1533809047,2,0.0,C
1533809047,2,0.0,C
1533809047,2,0.0,C
1533809047,2,0.0,C
1907674422,2,0.0,C
1907674422,2,0.0,C
1907674422,2,0.0,C
1907674422,2,0.0,C
1907674422,2,0.0,C
2355616982,2,0.0,C
2355616982,2,0.0,C
2355616982,2,0.0,C
2355616982,2,0.0,C
2355616982,2,0.0,C
2932363931,2,0.0,C
2932363931,2,0.0,C
2932363931,2,0.0,C
2932363931,2,0.0,C
2932363931,2,0.0,C
4229088015,2,0.0,N
4229088015,2,0.0,N
4229088015,2,0.0,N
4229088015,2,0.0,N
4229088015,2,0.0,N
679670255,2,0.0,C
679670255,2,0.0,C
679670255,2,0.0,C
679670255,2,0.0,C
679670255,2,0.0,C
1024251450,2,0.0,C
1024251450,2,0.0,C
1024251450,2,0.0,C
1024251450,2,0.0,C
1024251450,2,0.0,C
994494548,2,0.0,C
994494548,2,0.0,C
994494548,2,0.0,C
994494548,2,0.0,C
994494548,2,0.0,C
3833608434,2,0.0,C
3833608434,2,0.0,C
3833608434,2,0.0,C
3833608434,2,0.0,C
3833608434,2,0.0,C
3914061263,2,0.0,C
3914061263,2,0.0,C
3914061263,2,0.0,C
3914061263,2,0.0,C
3914061263,2,0.0,C
1446360805,2,0.0,C
1446360805,2,0.0,C
1446360805,2,0.0,C
1446360805,2,0.0,C
1446360805,2,0.0,C
3473431882,2,0.0,C
3473431882,2,0.0,C
3473431882,2,0.0,C
3473431882,2,0.0,C
3473431882,2,0.0,C
865234990,2,0.0,S
865234990,2,0.0,S
865234990,2,0.0,S
865234990,2,0.0,S
865234990,2,0.0,S
934178987,2,0.0,C
934178987,2,0.0,C
934178987,2,0.0,C
934178987,2,0.0,C
934178987,2,0.0,C
1823304278,2,0.0,C
1823304278,2,0.0,C
1823304278,2,0.0,C
1823304278,2,0.0,C
1823304278,2,0.0,C
2982494297,2,0.0,C
2982494297,2,0.0,C
2982494297,2,0.0,C
2982494297,2,0.0,C
2982494297,2,0.0,C
3565491185,2,0.0,C
3565491185,2,0.0,C
3565491185,2,0.0,C
3565491185,2,0.0,C
3565491185,2,0.0,C
2308348490,2,0.0,C
2308348490,2,0.0,C
2308348490,2,0.0,C
2308348490,2,0.0,C
2308348490,2,0.0,C
2784506312,2,-0.0001383830095056382,C
2784506312,2,3.506673732456278e-05,C
2784506312,2,0.00012869640598534016,C
2784506312,2,5.976920050965173e-05,C
2784506312,2,0.00010869133293123223,C
530219946,2,0.0,C
530219946,2,0.0,C
530219946,2,0.0,C
530219946,2,0.0,C
530219946,2,0.0,C
736735858,2,0.0,C
736735858,2,0.0,C
736735858,2,0.0,C
736735858,2,0.0,C
736735858,2,0.0,C
3545175291,2,0.0,C
3545175291,2,0.0,C
3545175291,2,0.0,C
3545175291,2,0.0,C
3545175291,2,0.0,C
4095742117,2,0.0,C
4095742117,2,0.0,C
4095742117,2,0.0,C
4095742117,2,0.0,C
4095742117,2,0.0,C
484537559,2,0.0,F
484537559,2,0.0,F
484537559,2,0.0,F
484537559,2,0.0,F
484537559,2,0.0,F
4025943270,2,0.0,C
4025943270,2,0.0,C
4025943270,2,0.0,C
4025943270,2,0.0,C
4025943270,2,0.0,C
2459741777,2,0.0,O
2459741777,2,0.0,O
2459741777,2,0.0,O
2459741777,2,0.0,O
2459741777,2,0.0,O
592270383,2,0.0,C
592270383,2,0.0,C
592270383,2,0.0,C
592270383,2,0.0,C
592270383,2,0.0,C
3401232302,2,0.0,N
3401232302,2,0.0,N
3401232302,2,0.0,N
3401232302,2,0.0,N
3401232302,2,0.0,N
1533899907,2,0.0,O
1533899907,2,0.0,O
1533899907,2,0.0,O
1533899907,2,0.0,O
1533899907,2,0.0,O
1514095308,2,0.0,C
1514095308,2,0.0,C
1514095308,2,0.0,C
1514095308,2,0.0,C
1514095308,2,0.0,C
520380133,2,0.0,C
520380133,2,0.0,C
520380133,2,0.0,C
520380133,2,0.0,C
520380133,2,0.0,C
895910141,2,0.0,C
895910141,2,0.0,C
895910141,2,0.0,C
895910141,2,0.0,C
895910141,2,0.0,C
1184436594,2,0.0,C
1184436594,2,0.0,C
1184436594,2,0.0,C
1184436594,2,0.0,C
1184436594,2,0.0,C
1228815484,2,0.0020478232069264246,C
1228815484,2,0.0021616045349669433,C
1228815484,2,0.0012723142809704102,C
1228815484,2,0.001049048707953859,C
1228815484,2,0.0011862057901979028,C
1824088295,2,0.0,C
1824088295,2,0.0,C
1824088295,2,0.0,C
1824088295,2,0.0,C
1824088295,2,0.0,C
982949046,2,0.0,C
982949046,2,0.0,C
982949046,2,0.0,C
982949046,2,0.0,C
982949046,2,0.0,C
2780028940,2,0.0,C
2780028940,2,0.0,C
2780028940,2,0.0,C
2780028940,2,0.0,C
2780028940,2,0.0,C
3153477100,2,0.0,C
3153477100,2,0.0,C
3153477100,2,0.0,C
3153477100,2,0.0,C
3153477100,2,0.0,C
475449594,2,0.0,F
475449594,2,0.0,F
475449594,2,0.0,F
475449594,2,0.0,F
475449594,2,0.0,F
999602538,2,0.0,S
999602538,2,0.0,S
999602538,2,0.0,S
999602538,2,0.0,S
999602538,2,0.0,S
1246734109,2,0.0,S
1246734109,2,0.0,S
1246734109,2,0.0,S
1246734109,2,0.0,S
1246734109,2,0.0,S
2228258049,2,0.0,O
2228258049,2,0.0,O
2228258049,2,0.0,O
2228258049,2,0.0,O
2228258049,2,0.0,O
3840182912,2,0.0,C
3840182912,2,0.0,C
3840182912,2,0.0,C
3840182912,2,0.0,C
3840182912,2,0.0,C
1241191405,2,0.0,C
1241191405,2,0.0,C
1241191405,2,0.0,C
1241191405,2,0.0,C
1241191405,2,0.0,C
1087383559,2,0.0,C
1087383559,2,0.0,C
1087383559,2,0.0,C
1087383559,2,0.0,C
1087383559,2,0.0,C
2563827157,2,0.0,C
2563827157,2,0.0,C
2563827157,2,0.0,C
2563827157,2,0.0,C
2563827157,2,0.0,C
4003054055,2,0.0,C
4003054055,2,0.0,C
4003054055,2,0.0,C
4003054055,2,0.0,C
4003054055,2,0.0,C
427958596,2,0.0,C
427958596,2,0.0,C
427958596,2,0.0,C
427958596,2,0.0,C
427958596,2,0.0,C
2591432844,2,0.0032088194534445336,N
2591432844,2,0.0035602160667320693,N
2591432844,2,0.004115449452482434,N
2591432844,2,0.003058146197335576,N
2591432844,2,0.004188584120117467,N
2998383401,2,0.0,S
2998383401,2,0.0,S
2998383401,2,0.0,S
2998383401,2,0.0,S
2998383401,2,0.0,S
2163923111,2,0.0,C
2163923111,2,0.0,C
2163923111,2,0.0,C
2163923111,2,0.0,C
2163923111,2,0.0,C
141882433,2,0.0,C
141882433,2,0.0,C
141882433,2,0.0,C
141882433,2,0.0,C
141882433,2,0.0,C
1505942694,2,0.0,C
1505942694,2,0.0,C
1505942694,2,0.0,C
1505942694,2,0.0,C
1505942694,2,0.0,C
3308893703,2,0.0,C
3308893703,2,0.0,C
3308893703,2,0.0,C
3308893703,2,0.0,C
3308893703,2,0.0,C
2394338241,2,0.0,C
2394338241,2,0.0,C
2394338241,2,0.0,C
2394338241,2,0.0,C
2394338241,2,0.0,C
876651869,2,0.0,N
876651869,2,0.0,N
876651869,2,0.0,N
876651869,2,0.0,N
876651869,2,0.0,N
2089117413,2,0.0,C
2089117413,2,0.0,C
2089117413,2,0.0,C
2089117413,2,0.0,C
2089117413,2,0.0,C
1667497117,2,0.0,C
1667497117,2,0.0,C
1667497117,2,0.0,C
1667497117,2,0.0,C
1667497117,2,0.0,C
1857396528,2,0.0,C
1857396528,2,-9.363877609969151e-06,C
1857396528,2,0.0,C
1857396528,2,0.0,C
1857396528,2,0.0,C
871877728,2,0.0,C
871877728,2,0.0,C
871877728,2,0.0,C
871877728,2,0.0,C
871877728,2,0.0,C
3121777292,2,0.0,N
3121777292,2,0.0,N
3121777292,2,0.0,N
3121777292,2,0.0,N
3121777292,2,0.0,N
3224978178,2,0.0,C
3224978178,2,0.0,C
3224978178,2,0.0,C
3224978178,2,0.0,C
3224978178,2,0.0,C
1385310220,2,0.0,C
1385310220,2,0.0,C
1385310220,2,0.0,C
1385310220,2,0.0,C
1385310220,2,0.0,C
1512794193,2,0.0,C
1512794193,2,0.0,C
1512794193,2,0.0,C
1512794193,2,0.0,C
1512794193,2,0.0,C
4118787735,2,0.0,N
4118787735,2,0.0,N
4118787735,2,0.0,N
4118787735,2,0.0,N
4118787735,2,0.0,N
4160330003,2,0.0,C
4160330003,2,0.0,C
4160330003,2,0.0,C
4160330003,2,0.0,C
4160330003,2,0.0,C
4006898938,2,0.0,S
4006898938,2,0.0,S
4006898938,2,0.0,S
4006898938,2,0.0,S
4006898938,2,0.0,S
947207704,2,0.0,C
947207704,2,0.0,C
947207704,2,0.0,C
947207704,2,0.0,C
947207704,2,0.0,C
3341916169,2,0.0,C
3341916169,2,0.0,C
3341916169,2,0.0,C
3341916169,2,0.0,C
3341916169,2,0.0,C
3855312692,2,0.0,C
3855312692,2,0.0,C
3855312692,2,0.0,C
3855312692,2,0.0,C
3855312692,2,0.0,C
1186654798,2,0.0,C
1186654798,2,0.0,C
1186654798,2,0.0,C
1186654798,2,0.0,C
1186654798,2,0.0,C
2410099666,2,0.0,C
2410099666,2,0.0,C
2410099666,2,0.0,C
2410099666,2,0.0,C
2410099666,2,0.0,C
2223687999,2,0.0,C
2223687999,2,0.0,C
2223687999,2,0.0,C
2223687999,2,0.0,C
2223687999,2,0.0,C
3266129148,2,0.0,S
3266129148,2,0.0,S
3266129148,2,0.0,S
3266129148,2,0.0,S
3266129148,2,0.0,S
4108734886,2,0.0,C
4108734886,2,0.0,C
4108734886,2,0.0,C
4108734886,2,0.0,C
4108734886,2,0.0,C
603177034,2,3.823649260337181e-05,C
603177034,2,3.823649260337181e-05,C
603177034,2,3.823649260337181e-05,C
603177034,2,3.823649260337181e-05,C
603177034,2,3.823649260337181e-05,C
4018048386,2,0.0,C
4018048386,2,0.0,C
4018048386,2,0.0,C
4018048386,2,0.0,C
4018048386,2,0.0,C
1915080917,2,0.0,C
1915080917,2,0.0,C
1915080917,2,0.0,C
1915080917,2,0.0,C
1915080917,2,0.0,C
870935869,2,0.0,C
870935869,2,0.0,C
870935869,2,0.0,C
870935869,2,0.0,C
870935869,2,0.0,C
1790668568,2,0.0,N
1790668568,2,0.0,N
1790668568,2,0.0,N
1790668568,2,0.0,N
1790668568,2,0.0,N
2664622273,2,0.0,C
2664622273,2,0.0,C
2664622273,2,0.0,C
2664622273,2,0.0,C
2664622273,2,0.0,C
1823539237,2,0.0,S
1823539237,2,0.0,S
1823539237,2,0.0,S
1823539237,2,0.0,S
1823539237,2,0.0,S
2154640335,2,0.0,O
2154640335,2,0.0,O
2154640335,2,0.0,O
2154640335,2,0.0,O
2154640335,2,0.0,O
751130035,2,0.0,S
751130035,2,0.0,S
751130035,2,0.0,S
751130035,2,0.0,S
751130035,2,0.0,S
4096536289,2,0.0,C
4096536289,2,0.0,C
4096536289,2,0.0,C
4096536289,2,0.0,C
4096536289,2,0.0,C
1812689920,2,0.0,S
1812689920,2,0.0,S
1812689920,2,0.0,S
1812689920,2,0.0,S
1812689920,2,0.0,S
1880637161,2,0.0,S
1880637161,2,0.0,S
1880637161,2,0.0,S
1880637161,2,0.0,S
1880637161,2,0.0,S
2080747022,2,0.0007171287534462056,C
2080747022,2,0.00031680630102315366,C
2080747022,2,0.00043127451087787705,C
2080747022,2,0.0001256007877448173,C
2080747022,2,0.0011167118253641029,C
1730555933,2,2.406136634047762e-05,C
1730555933,2,0.00017575126600188895,C
1730555933,2,-0.00010460936346756711,C
1730555933,2,8.63345700643503e-05,C
1730555933,2,2.8443696885593894e-05,C
4292539202,2,0.0,C
4292539202,2,0.0,C
4292539202,2,0.0,C
4292539202,2,0.0,C
4292539202,2,0.0,C
2205501948,2,0.0,C
2205501948,2,0.0,C
2205501948,2,0.0,C
2205501948,2,0.0,C
2205501948,2,0.0,C
446538036,2,0.0,C
446538036,2,0.0,C
446538036,2,0.0,C
446538036,2,0.0,C
446538036,2,0.0,C
847336149,2,0.0,N
847336149,2,0.0,N
847336149,2,0.0,N
847336149,2,0.0,N
847336149,2,0.0,N
27060903,2,0.0,S
27060903,2,0.0,S
27060903,2,0.0,S
27060903,2,0.0,S
27060903,2,0.0,S
914018444,2,0.0,O
914018444,2,0.0,O
914018444,2,0.0,O
914018444,2,0.0,O
914018444,2,0.0,O
2029006240,2,0.0,C
2029006240,2,0.0,C
2029006240,2,0.0,C
2029006240,2,0.0,C
2029006240,2,0.0,C
2451244026,2,0.0,N
2451244026,2,0.0,N
2451244026,2,0.0,N
2451244026,2,0.0,N
2451244026,2,0.0,N
3796701813,2,0.0,C
3796701813,2,0.0,C
3796701813,2,0.0,C
3796701813,2,0.0,C
3796701813,2,0.0,C
2042632700,2,0.0,C
2042632700,2,0.0,C
2042632700,2,0.0,C
2042632700,2,0.0,C
2042632700,2,0.0,C
3328145258,2,0.0,C
3328145258,2,0.0,C
3328145258,2,0.0,C
3328145258,2,0.0,C
3328145258,2,0.0,C
3723215905,2,0.0,C
3723215905,2,0.0,C
3723215905,2,0.0,C
3723215905,2,0.0,C
3723215905,2,0.0,C
4033380444,2,0.0,C
4033380444,2,0.0,C
4033380444,2,0.0,C
4033380444,2,0.0,C
4033380444,2,0.0,C
3677861261,2,0.0,C
3677861261,2,0.0,C
3677861261,2,0.0,C
3677861261,2,0.0,C
3677861261,2,0.0,C
177486409,2,0.0,C
177486409,2,0.0,C
177486409,2,0.0,C
177486409,2,0.0,C
177486409,2,0.0,C
447049820,2,0.00015468314207267575,C
447049820,2,7.929242369186795e-05,C
447049820,2,0.00023388184411388124,C
447049820,2,-0.00013031173606781188,C
447049820,2,0.0002545555385318199,C
530220010,2,0.0,C
530220010,2,0.0,C
530220010,2,0.0,C
530220010,2,0.0,C
530220010,2,0.0,C
737231698,2,0.0,C
737231698,2,0.0,C
737231698,2,0.0,C
737231698,2,0.0,C
737231698,2,0.0,C
191043021,2,0.0,C
191043021,2,0.0,C
191043021,2,0.0,C
191043021,2,0.0,C
191043021,2,0.0,C
2810421479,2,0.0,O
2810421479,2,0.0,O
2810421479,2,0.0,O
2810421479,2,0.0,O
2810421479,2,0.0,O
3910798935,2,0.0,C
3910798935,2,0.0,C
3910798935,2,0.0,C
3910798935,2,0.0,C
3910798935,2,0.0,C
2983182085,2,0.0,C
2983182085,2,0.0,C
2983182085,2,0.0,C
2983182085,2,0.0,C
2983182085,2,0.0,C
736735794,2,0.0,C
736735794,2,0.0,C
736735794,2,0.0,C
736735794,2,0.0,C
736735794,2,0.0,C
421940045,2,0.0,C
421940045,2,0.0,C
421940045,2,0.0,C
421940045,2,0.0,C
421940045,2,0.0,C
431202968,2,0.0,O
431202968,2,0.0,O
431202968,2,0.0,O
431202968,2,0.0,O
431202968,2,0.0,O
2642229148,2,0.0,C
2642229148,2,0.0,C
2642229148,2,0.0,C
2642229148,2,0.0,C
2642229148,2,0.0,C
1894581839,2,0.0,C
1894581839,2,0.0,C
1894581839,2,0.0,C
1894581839,2,0.0,C
1894581839,2,0.0,C
3491109101,2,0.0,C
3491109101,2,0.0,C
3491109101,2,0.0,C
3491109101,2,0.0,C
3491109101,2,0.0,C
3315826729,2,0.0,C
3315826729,2,0.0,C
3315826729,2,0.0,C
3315826729,2,0.0,C
3315826729,2,0.0,C
624765600,2,0.0,C
624765600,2,0.0,C
624765600,2,0.0,C
624765600,2,0.0,C
624765600,2,0.0,C
4039837947,2,0.0,F
4039837947,2,0.0,F
4039837947,2,0.0,F
4039837947,2,0.0,F
4039837947,2,0.0,F
2850007887,2,0.0,S
2850007887,2,0.0,S
2850007887,2,0.0,S
2850007887,2,0.0,S
2850007887,2,0.0,S
1987872597,2,0.0,O
1987872597,2,0.0,O
1987872597,2,0.0,O
1987872597,2,0.0,O
1987872597,2,0.0,O
2769904609,2,0.0,O
2769904609,2,0.0,O
2769904609,2,0.0,O
2769904609,2,0.0,O
2769904609,2,0.0,O
3299440986,2,0.0,S
3299440986,2,0.0,S
3299440986,2,0.0,S
3299440986,2,0.0,S
3299440986,2,0.0,S
3577933306,2,0.0,C
3577933306,2,0.0,C
3577933306,2,0.0,C
3577933306,2,0.0,C
3577933306,2,0.0,C
3577933307,2,0.0,C
3577933307,2,0.0,C
3577933307,2,0.0,C
3577933307,2,0.0,C
3577933307,2,0.0,C
229197718,2,0.0,S
229197718,2,0.0,S
229197718,2,0.0,S
229197718,2,0.0,S
229197718,2,0.0,S
2932785557,2,0.0,C
2932785557,2,0.0,C
2932785557,2,0.0,C
2932785557,2,0.0,C
2932785557,2,0.0,C
912632640,2,0.0,C
912632640,2,0.0,C
912632640,2,0.0,C
912632640,2,0.0,C
912632640,2,0.0,C
215675288,2,0.0,C
215675288,2,0.0,C
215675288,2,0.0,C
215675288,2,0.0,C
215675288,2,0.0,C
3613186530,2,0.0,N
3613186530,2,0.0,N
3613186530,2,0.0,N
3613186530,2,0.0,N
3613186530,2,0.0,N
1421345390,2,0.0,C
1421345390,2,0.0,C
1421345390,2,0.0,C
1421345390,2,0.0,C
1421345390,2,0.0,C
2459836637,2,0.0,C
2459836637,2,0.0,C
2459836637,2,0.0,C
2459836637,2,0.0,C
2459836637,2,0.0,C
1070821685,2,0.0,C
1070821685,2,0.0,C
1070821685,2,0.0,C
1070821685,2,0.0,C
1070821685,2,0.0,C
3087909968,2,0.0,N
3087909968,2,0.0,N
3087909968,2,0.0,N
3087909968,2,0.0,N
3087909968,2,0.0,N
3387672131,2,0.0,C
3387672131,2,0.0,C
3387672131,2,0.0,C
3387672131,2,0.0,C
3387672131,2,0.0,C
2035488874,2,0.0,C
2035488874,2,0.0,C
2035488874,2,0.0,C
2035488874,2,0.0,C
2035488874,2,0.0,C
2155183954,2,0.0,O
2155183954,2,0.0,O
2155183954,2,0.0,O
2155183954,2,0.0,O
2155183954,2,0.0,O
3995043796,2,0.0,C
3995043796,2,0.0,C
3995043796,2,0.0,C
3995043796,2,0.0,C
3995043796,2,0.0,C
1301245444,2,0.0,C
1301245444,2,0.0,C
1301245444,2,0.0,C
1301245444,2,0.0,C
1301245444,2,0.0,C
2662015685,2,0.0,C
2662015685,2,0.0,C
2662015685,2,0.0,C
2662015685,2,0.0,C
2662015685,2,0.0,C
3103936094,2,0.0,C
3103936094,2,0.0,C
3103936094,2,0.0,C
3103936094,2,0.0,C
3103936094,2,0.0,C
1582611257,2,0.0,C
1582611257,2,0.0,C
1582611257,2,0.0,C
1582611257,2,0.0,C
1582611257,2,0.0,C
2807500754,2,0.0,O
2807500754,2,0.0,O
2807500754,2,0.0,O
2807500754,2,0.0,O
2807500754,2,0.0,O
1064883769,2,0.0008090216998062338,C
1064883769,2,0.0010001073026011387,C
1064883769,2,0.0008999793672687106,C
1064883769,2,0.0009360114030313449,C
1064883769,2,0.0012270386775191655,C
1597841496,2,0.0,C
1597841496,2,0.0,C
1597841496,2,0.0,C
1597841496,2,0.0,C
1597841496,2,0.0,C
2032571407,2,0.0,C
2032571407,2,0.0,C
2032571407,2,0.0,C
2032571407,2,0.0,C
2032571407,2,0.0,C
2722711951,2,0.0,C
2722711951,2,0.0,C
2722711951,2,0.0,C
2722711951,2,0.0,C
2722711951,2,0.0,C
2013329825,2,0.0,C
2013329825,2,0.0,C
2013329825,2,0.0,C
2013329825,2,0.0,C
2013329825,2,0.0,C
2591080434,2,0.0,N
2591080434,2,0.0,N
2591080434,2,0.0,N
2591080434,2,0.0,N
2591080434,2,0.0,N
4110201252,2,0.0,C
4110201252,2,0.0,C
4110201252,2,0.0,C
4110201252,2,0.0,C
4110201252,2,0.0,C
1602567453,2,0.0,C
1602567453,2,0.0,C
1602567453,2,0.0,C
1602567453,2,0.0,C
1602567453,2,0.0,C
3726304495,2,0.0,C
3726304495,2,0.0,C
3726304495,2,0.0,C
3726304495,2,0.0,C
3726304495,2,0.0,C
4022712435,2,0.0,C
4022712435,2,0.0,C
4022712435,2,0.0,C
4022712435,2,0.0,C
4022712435,2,0.0,C
4259829752,2,0.0,C
4259829752,2,0.0,C
4259829752,2,0.0,C
4259829752,2,0.0,C
4259829752,2,0.0,C
1173346717,2,0.0,C
1173346717,2,0.0,C
1173346717,2,0.0,C
1173346717,2,0.0,C
1173346717,2,0.0,C
606428793,2,0.0,C
606428793,2,0.0,C
606428793,2,0.0,C
606428793,2,0.0,C
606428793,2,0.0,C
2296493092,2,0.0,N
2296493092,2,0.0,N
2296493092,2,0.0,N
2296493092,2,0.0,N
2296493092,2,0.0,N
202715083,2,0.0,C
202715083,2,0.0,C
202715083,2,0.0,C
202715083,2,0.0,C
202715083,2,0.0,C
3555030288,2,0.0,I
3555030288,2,0.0,I
3555030288,2,0.0,I
3555030288,2,0.0,I
3555030288,2,0.0,I
729181080,2,0.0,C
729181080,2,0.0,C
729181080,2,0.0,C
729181080,2,0.0,C
729181080,2,0.0,C
3254486562,2,0.0,C
3254486562,2,0.0,C
3254486562,2,0.0,C
3254486562,2,0.0,C
3254486562,2,0.0,C
864942730,3,0.23263197807553293,O
864942730,3,0.34895582225799904,O
864942730,3,0.23759706110524426,O
864942730,3,0.20469623085754507,O
864942730,3,0.22349953011231583,O
999334238,3,0.0001416593574996572,S
999334238,3,0.00017875135415745813,S
999334238,3,-2.9794487613976628e-05,S
999334238,3,-1.04202364953343e-05,S
999334238,3,-2.845166176657088e-05,S
1016841875,3,-0.006983815276227712,Cl
1016841875,3,0.002996864510760977,Cl
1016841875,3,0.003909058906993668,Cl
1016841875,3,0.003023136621738365,Cl
1016841875,3,0.003136062225725933,Cl
2246728737,3,0.017989860271454328,C
2246728737,3,-0.006135632881348663,C
2246728737,3,0.018385875422136322,C
2246728737,3,0.016126667413467688,C
2246728737,3,0.018425709465014317,C
1080831687,3,0.0,Cl
1080831687,3,0.0,Cl
1080831687,3,0.0,Cl
1080831687,3,0.0,Cl
1080831687,3,0.0,Cl
2228063684,3,0.0,O
2228063684,3,0.0,O
2228063684,3,0.0,O
2228063684,3,0.0,O
2228063684,3,0.0,O
3131243524,3,0.0,S
3131243524,3,0.0,S
3131243524,3,0.0,S
3131243524,3,0.0,S
3131243524,3,0.0,S
3835273908,3,0.0,C
3835273908,3,0.0,C
3835273908,3,0.0,C
3835273908,3,0.0,C
3835273908,3,0.0,C
2245273601,3,-0.00012119860736548027,C
2245273601,3,-0.00014719787020245345,C
2245273601,3,-0.0003906254734089565,C
2245273601,3,-0.0005636792473666663,C
2245273601,3,-0.0024041255896931624,C
2246703798,3,0.00017884601794815325,C
2246703798,3,-0.001977754567275669,C
2246703798,3,0.0016401449536569412,C
2246703798,3,0.0013394843756968644,C
2246703798,3,-8.333650560810035e-05,C
2246997334,3,0.0052674160080432575,C
2246997334,3,0.013059873941438593,C
2246997334,3,0.0072474212190497544,C
2246997334,3,0.008395712771234631,C
2246997334,3,0.0036392571438670362,C
99429666,3,0.0,C
99429666,3,0.0,C
99429666,3,0.0,C
99429666,3,0.0,C
99429666,3,0.0,C
187141432,3,0.0,C
187141432,3,0.0,C
187141432,3,0.0,C
187141432,3,0.0,C
187141432,3,0.0,C
3537119515,3,0.015903564736750475,C
3537119515,3,0.015196218562702146,C
3537119515,3,0.004557547369624326,C
3537119515,3,0.012100560915547898,C
3537119515,3,0.027541273985860815,C
3696402029,3,0.0,C
3696402029,3,0.0,C
3696402029,3,0.0,C
3696402029,3,0.0,C
3696402029,3,0.0,C
2041434490,3,0.03149949360274662,N
2041434490,3,0.02669259641420141,N
2041434490,3,0.04274866302291669,N
2041434490,3,0.020934009731971792,N
2041434490,3,-0.00680708956062559,N
2245384272,3,0.0027926062161572895,C
2245384272,3,-0.006273157942511265,C
2245384272,3,-0.006203465896887139,C
2245384272,3,-0.0028884477555660704,C
2245384272,3,-0.005435841765936367,C
3217380708,3,0.011050894464543437,C
3217380708,3,0.02325936766840553,C
3217380708,3,0.04877440434389002,C
3217380708,3,0.027557940527835667,C
3217380708,3,0.022285053384344944,C
3218693969,3,0.009085335848758702,C
3218693969,3,0.01182637153640742,C
3218693969,3,0.022040279019722053,C
3218693969,3,0.0003374454759529355,C
3218693969,3,0.01834368324994129,C
618671879,3,0.0,C
618671879,3,0.0,C
618671879,3,0.0,C
618671879,3,0.0,C
618671879,3,0.0,C
1100037548,3,0.0,N
1100037548,3,0.0,N
1100037548,3,0.0,N
1100037548,3,0.0,N
1100037548,3,0.0,N
2697110228,3,0.0,C
2697110228,3,0.0,C
2697110228,3,0.0,C
2697110228,3,0.0,C
2697110228,3,0.0,C
3118255683,3,0.0008465334630991528,N
3118255683,3,0.0010063452639732517,N
3118255683,3,0.0008035116131370756,N
3118255683,3,0.00016513547189789257,N
3118255683,3,0.0008333703278149418,N
3542456614,3,0.021825578434671034,C
3542456614,3,0.010976929467635621,C
3542456614,3,0.015316364518796366,C
3542456614,3,0.013954418333418817,C
3542456614,3,0.03337332252963798,C
3776905034,3,0.001546129730781276,C
3776905034,3,0.0016909857478253354,C
3776905034,3,0.0011430752166077252,C
3776905034,3,0.0005543992412410104,C
3776905034,3,0.0008964179141353057,C
3777168895,3,0.0009616863531619613,C
3777168895,3,0.0004555542868476259,C
3777168895,3,0.0005400851359488312,C
3777168895,3,0.0005021067438927274,C
3777168895,3,0.0006172154105148486,C
864662311,3,0.23777180117870533,O
864662311,3,0.26425459426205744,O
864662311,3,0.28196261292685754,O
864662311,3,0.2882124696706989,O
864662311,3,0.26640058851970827,O
1173125914,3,0.01784738192660873,C
1173125914,3,0.008252293495080942,C
1173125914,3,0.006712240062302421,C
1173125914,3,0.015014151791535202,C
1173125914,3,0.017862705960399183,C
1510461303,3,0.0008192013718499869,C
1510461303,3,0.0006616471739542273,C
1510461303,3,-0.0011047236880646905,C
1510461303,3,3.129804013002335e-05,C
1510461303,3,0.0005662594039610447,C
1535166686,3,0.0013540707719705836,O
1535166686,3,-0.004081199493733423,O
1535166686,3,0.0009461597139522882,O
1535166686,3,0.0009168246411841441,O
1535166686,3,0.0014656418637910562,O
4023654873,3,0.00012150337007643675,C
4023654873,3,-0.000276879782067585,C
4023654873,3,0.000364317324804575,C
4023654873,3,-2.237879378774732e-05,C
4023654873,3,-5.536804499084447e-05,C
26234434,3,0.00015410493714940188,O
26234434,3,0.00040575378437646137,O
26234434,3,0.0003300438492305213,O
26234434,3,0.000272965925503299,O
26234434,3,0.00017775337908154665,O
422715066,3,0.0012922528499859087,C
422715066,3,9.88899150045075e-06,C
422715066,3,1.4676752061015819e-05,C
422715066,3,-2.0964789568811426e-06,C
422715066,3,0.0007171843320379345,C
994485099,3,0.0011218934322859697,C
994485099,3,0.0022394561486749343,C
994485099,3,0.00255943032217143,C
994485099,3,0.0019203515591501574,C
994485099,3,-0.00013972990637667326,C
2905660137,3,-0.0011041663078480424,C
2905660137,3,0.004141257852882108,C
2905660137,3,0.0022144272076706217,C
2905660137,3,0.00215375941121021,C
2905660137,3,0.003097614271040161,C
3207567135,3,0.002287510729370723,C
3207567135,3,0.003087579688337949,C
3207567135,3,0.0019019932045273302,C
3207567135,3,0.0022321871862986953,C
3207567135,3,0.0030971547187004234,C
3004333805,3,0.0,C
3004333805,3,0.0,C
3004333805,3,0.0,C
3004333805,3,0.0,C
3004333805,3,0.0,C
2245277810,3,0.009072211463368118,C
2245277810,3,0.014894385196181137,C
2245277810,3,0.011292267002835699,C
2245277810,3,0.005930844035514582,C
2245277810,3,0.010615047465273753,C
1542631284,3,0.0,O
1542631284,3,0.0,O
1542631284,3,0.0,O
1542631284,3,0.0,O
1542631284,3,0.0,O
1583009052,3,0.0,C
1583009052,3,0.0,C
1583009052,3,0.0,C
1583009052,3,0.0,C
1583009052,3,0.0,C
3537123720,3,0.003034724674372491,C
3537123720,3,0.0048901562616979755,C
3537123720,3,0.0016654810000821252,C
3537123720,3,0.0008959932816062777,C
3537123720,3,-0.0003453793004036809,C
3992738647,3,0.0,C
3992738647,3,0.0,C
3992738647,3,0.0,C
3992738647,3,0.0,C
3992738647,3,0.0,C
2968968094,3,0.0017760320604852664,C
2968968094,3,0.0022158761743280575,C
2968968094,3,0.0008421813949633927,C
2968968094,3,0.000504068409999725,C
2968968094,3,0.0015136837342092369,C
2976033787,3,0.0013209927252567644,C
2976033787,3,-0.003536241559963904,C
2976033787,3,0.003162461053042076,C
2976033787,3,0.0010781348227931753,C
2976033787,3,0.0015977851084190142,C
1456537864,3,0.0,C
1456537864,3,0.0,C
1456537864,3,0.0,C
1456537864,3,0.0,C
1456537864,3,0.0,C
1456537871,3,0.0,C
1456537871,3,0.0,C
1456537871,3,0.0,C
1456537871,3,0.0,C
1456537871,3,0.0,C
1858577693,3,-0.0006875032990623087,C
1858577693,3,-0.0008004510231032214,C
1858577693,3,-0.0004870522529971666,C
1858577693,3,-0.0007619826228564275,C
1858577693,3,-0.0005018503806564212,C
2117068077,3,0.0005773586277890708,C
2117068077,3,0.000402749379616707,C
2117068077,3,0.0016879692998028606,C
2117068077,3,-0.00042750718492134965,C
2117068077,3,0.0013529978991111413,C
2142032900,3,-0.0010715767071602933,C
2142032900,3,-0.0011610938833040985,C
2142032900,3,-0.0014526179815050888,C
2142032900,3,-0.0011507001850588061,C
2142032900,3,-0.0011171050887672784,C
1506563592,3,-0.00011587714044469788,C
1506563592,3,0.00022611647227466225,C
1506563592,3,-0.0004162287043538715,C
1506563592,3,-0.0001911988010159238,C
1506563592,3,-0.0004371435003291957,C
1542633699,3,0.0,O
1542633699,3,0.0,O
1542633699,3,0.0,O
1542633699,3,0.0,O
1542633699,3,0.0,O
2788245326,3,0.0,C
2788245326,3,0.0,C
2788245326,3,0.0,C
2788245326,3,0.0,C
2788245326,3,0.0,C
3612926680,3,0.0007157949639483574,Br
3612926680,3,0.0005997407704552149,Br
3612926680,3,0.002217880717301113,Br
3612926680,3,0.0024716726233954267,Br
3612926680,3,0.0011387296712412898,Br
311542011,3,-0.00023433279390649986,Br
311542011,3,-0.00035956947854243193,Br
311542011,3,-0.0002173811937793424,Br
311542011,3,-0.0003314476202896932,Br
311542011,3,-0.00029941293468749297,Br
1008978649,3,0.0,C
1008978649,3,0.0,C
1008978649,3,0.0,C
1008978649,3,0.0,C
1008978649,3,0.0,C
4081192418,3,0.0,C
4081192418,3,0.0,C
4081192418,3,0.0,C
4081192418,3,0.0,C
4081192418,3,0.0,C
98513984,3,-0.00043986871170342834,C
98513984,3,0.000767961529873129,C
98513984,3,-0.0007528375339410642,C
98513984,3,0.02158397020959346,C
98513984,3,-0.004440740367645635,C
951226070,3,0.0007896372248388239,C
951226070,3,-0.001268890871727102,C
951226070,3,-0.0010709230894445643,C
951226070,3,0.00019980638941952122,C
951226070,3,-0.0009945729501578127,C
864674487,3,0.01664511619253073,O
864674487,3,0.023735080753322646,O
864674487,3,0.020193426483462895,O
864674487,3,0.030008431304471728,O
864674487,3,-0.006259020731762099,O
2246699815,3,0.0013156973327810295,C
2246699815,3,-0.0014654261763350496,C
2246699815,3,0.0016971589151008049,C
2246699815,3,-0.0009220992895134783,C
2246699815,3,0.0017021147010252147,C
1167322652,3,0.001613590569011003,C
1167322652,3,0.0018754080786966831,C
1167322652,3,0.0006544551349650929,C
1167322652,3,0.000920624422169336,C
1167322652,3,0.0006523158643393367,C
1510328189,3,0.002154726917252603,O
1510328189,3,0.0011988028355650604,O
1510328189,3,0.0019561843334269247,O
1510328189,3,0.004095922509639527,O
1510328189,3,-0.0027353414679271992,O
2222715027,3,0.0,O
2222715027,3,0.0,O
2222715027,3,0.0,O
2222715027,3,0.0,O
2222715027,3,0.0,O
3994088662,3,-0.0008912097025841614,C
3994088662,3,0.0011627306535844095,C
3994088662,3,-0.00037830017079698575,C
3994088662,3,-0.00017224071563248788,C
3994088662,3,0.002996444797250586,C
4194366826,3,2.3306144738777235e-05,C
4194366826,3,0.0001352085027527261,C
4194366826,3,1.599023552656398e-05,C
4194366826,3,7.947996506740829e-05,C
4194366826,3,-1.352352122441225e-05,C
1026924773,3,0.0,S
1026924773,3,0.0,S
1026924773,3,0.0,S
1026924773,3,0.0,S
1026924773,3,0.0,S
2005233991,3,0.0,C
2005233991,3,0.0,C
2005233991,3,0.0,C
2005233991,3,0.0,C
2005233991,3,0.0,C
3873101583,3,0.0,S
3873101583,3,0.0,S
3873101583,3,0.0,S
3873101583,3,0.0,S
3873101583,3,0.0,S
176403689,3,0.0,C
176403689,3,0.0,C
176403689,3,0.0,C
176403689,3,0.0,C
176403689,3,0.0,C
530226997,3,0.0,C
530226997,3,0.0,C
530226997,3,0.0,C
530226997,3,0.0,C
530226997,3,0.0,C
530250207,3,0.0,C
530250207,3,0.0,C
530250207,3,0.0,C
530250207,3,0.0,C
530250207,3,0.0,C
1167268241,3,0.0001738313256947066,C
1167268241,3,0.00022221571729652556,C
1167268241,3,0.000132393740066572,C
1167268241,3,3.973010371027819e-06,C
1167268241,3,0.0001096761604294505,C
2410697676,3,0.0,C
2410697676,3,0.0,C
2410697676,3,0.0,C
2410697676,3,0.0,C
2410697676,3,0.0,C
3545365497,3,0.00016170499900414192,C
3545365497,3,-0.0003079308157072358,C
3545365497,3,-0.000827437093420702,C
3545365497,3,-0.0006510937775329184,C
3545365497,3,-0.0007713219614772227,C
4018138687,3,0.0,C
4018138687,3,0.0,C
4018138687,3,0.0,C
4018138687,3,0.0,C
4018138687,3,0.0,C
1276993226,3,0.0,C
1276993226,3,0.0,C
1276993226,3,0.0,C
1276993226,3,0.0,C
1276993226,3,0.0,C
1842898132,3,9.919496173937947e-05,C
1842898132,3,2.2624687949779343e-05,C
1842898132,3,1.7921034996759566e-05,C
1842898132,3,-1.1187372258469885e-05,C
1842898132,3,3.544361117557848e-05,C
2115476908,3,0.0,O
2115476908,3,0.0,O
2115476908,3,0.0,O
2115476908,3,0.0,O
2115476908,3,0.0,O
3162837314,3,0.0016689346287634965,C
3162837314,3,0.0036918658954800954,C
3162837314,3,0.0011110951607269381,C
3162837314,3,-0.0010602443884191182,C
3162837314,3,0.0008218346111390495,C
2646219661,3,0.0,C
2646219661,3,0.0,C
2646219661,3,0.0,C
2646219661,3,0.0,C
2646219661,3,0.0,C
3632350815,3,0.0,Br
3632350815,3,0.0,Br
3632350815,3,0.0,Br
3632350815,3,0.0,Br
3632350815,3,0.0,Br
1914229733,3,0.0,C
1914229733,3,0.0,C
1914229733,3,0.0,C
1914229733,3,0.0,C
1914229733,3,0.0,C
2664995851,3,-0.0003315745882365162,C
2664995851,3,-1.52979428545974e-05,C
2664995851,3,-4.507501283712578e-05,C
2664995851,3,-8.875118034579188e-05,C
2664995851,3,-3.059987057962843e-06,C
4008337421,3,0.0012996158897007337,C
4008337421,3,0.0016889275378562107,C
4008337421,3,0.001750326711269512,C
4008337421,3,0.0015871112837615442,C
4008337421,3,0.00227416156258764,C
984189120,3,0.009846167778755355,P
984189120,3,0.0025552449025363355,P
984189120,3,0.007176176342972962,P
984189120,3,0.006087684569504148,P
984189120,3,-0.017346189233332532,P
1026654305,3,0.0,S
1026654305,3,0.00015426051324884948,S
1026654305,3,0.0,S
1026654305,3,0.0,S
1026654305,3,0.0,S
1026928756,3,-0.0006248880256825018,S
1026928756,3,0.0001813389052607306,S
1026928756,3,-0.001642815460740521,S
1026928756,3,0.00013793867541034288,S
1026928756,3,0.0033350546880549503,S
921439924,3,0.0,O
921439924,3,0.0,O
921439924,3,0.0,O
921439924,3,0.0,O
921439924,3,0.0,O
1688374977,3,0.0,S
1688374977,3,0.0,S
1688374977,3,0.0,S
1688374977,3,0.0,S
1688374977,3,0.0,S
2918505930,3,0.0,C
2918505930,3,0.0,C
2918505930,3,0.0,C
2918505930,3,0.0,C
2918505930,3,0.0,C
3231363925,3,0.0,S
3231363925,3,0.0,S
3231363925,3,0.0,S
3231363925,3,0.0,S
3231363925,3,0.0,S
3369488737,3,0.0,P
3369488737,3,0.0,P
3369488737,3,0.0,P
3369488737,3,0.0,P
3369488737,3,0.0,P
266675433,3,0.0,O
266675433,3,0.0,O
266675433,3,0.0,O
266675433,3,0.0,O
266675433,3,0.0,O
1186654798,3,0.0,C
1186654798,3,0.0,C
1186654798,3,0.0,C
1186654798,3,0.0,C
1186654798,3,0.0,C
847433064,3,0.0002827286037573318,N
847433064,3,0.0010634125852917453,N
847433064,3,0.0001233729558758334,N
847433064,3,0.00015963296398135984,N
847433064,3,-0.00047919167574417276,N
2245900962,3,0.0005528986682385995,C
2245900962,3,0.0010879482863312973,C
2245900962,3,0.00040553099991758046,C
2245900962,3,0.00041766458846659305,C
2245900962,3,0.0003185440350061963,C
551287920,3,0.0004460446144745056,C
551287920,3,0.0007318199719968943,C
551287920,3,0.0003677086564193299,C
551287920,3,0.00031706235845474495,C
551287920,3,0.00033504553108143487,C
1999904870,3,0.0,C
1999904870,3,0.0,C
1999904870,3,0.0,C
1999904870,3,0.0,C
1999904870,3,0.0,C
2551483158,3,0.0,N
2551483158,3,0.0001289028331901143,N
2551483158,3,-8.93308356921807e-05,N
2551483158,3,0.0,N
2551483158,3,-0.00020324924910519737,N
141882433,3,0.0,C
141882433,3,0.0,C
141882433,3,0.0,C
141882433,3,0.0,C
141882433,3,0.0,C
1173346717,3,0.0,C
1173346717,3,0.0,C
1173346717,3,0.0,C
1173346717,3,0.0,C
1173346717,3,0.0,C
1797936203,3,0.0,C
1797936203,3,0.0,C
1797936203,3,0.0,C
1797936203,3,0.0,C
1797936203,3,0.0,C
2059730245,3,0.0,C
2059730245,3,0.0,C
2059730245,3,0.0,C
2059730245,3,0.0,C
2059730245,3,0.0,C
848128881,3,0.007652168804624271,N
848128881,3,0.039994206116919284,N
848128881,3,0.03053605259610004,N
848128881,3,0.018218617032745188,N
848128881,3,0.030885938030270843,N
858984704,3,0.0,C
858984704,3,0.0,C
858984704,3,0.0,C
858984704,3,0.0,C
858984704,3,0.0,C
876319778,3,0.0,N
876319778,3,0.0,N
876319778,3,0.0,N
876319778,3,0.0,N
876319778,3,0.0,N
1510337516,3,0.0005366573671790054,O
1510337516,3,0.0012275351916263277,O
1510337516,3,-0.006387202875306031,O
1510337516,3,0.003932388768274064,O
1510337516,3,0.0002259868256646591,O
3818546315,3,0.0017490049021150478,C
3818546315,3,0.0014277718116944005,C
3818546315,3,0.0014277718116944005,C
3818546315,3,0.001433549347197749,C
3818546315,3,0.0014277718116944005,C
847961216,3,0.03253145912327038,N
847961216,3,0.03167779859568853,N
847961216,3,0.015395034551367148,N
847961216,3,-0.006237924495233194,N
847961216,3,0.024171992452833413,N
600629739,3,0.0,N
600629739,3,0.0,N
600629739,3,0.0,N
600629739,3,0.0,N
600629739,3,0.0,N
1533864325,3,-4.394835738519287e-05,O
1533864325,3,-0.00011780929359528347,O
1533864325,3,-0.000247975656841537,O
1533864325,3,-9.968527203385591e-05,O
1533864325,3,-0.00020633156118587959,O
2309124039,3,0.0,C
2309124039,3,0.0,C
2309124039,3,0.0,C
2309124039,3,0.0,C
2309124039,3,0.0,C
2784506312,3,0.0,C
2784506312,3,0.0,C
2784506312,3,0.0,C
2784506312,3,0.0,C
2784506312,3,0.0,C
3120642300,3,0.0,C
3120642300,3,0.0,C
3120642300,3,0.0,C
3120642300,3,0.0,C
3120642300,3,0.0,C
3124581743,3,8.425419469271223e-05,C
3124581743,3,8.425419469271223e-05,C
3124581743,3,8.267476898904391e-05,C
3124581743,3,8.425419469271223e-05,C
3124581743,3,8.425419469271223e-05,C
4041573576,3,0.0,C
4041573576,3,0.0,C
4041573576,3,0.0,C
4041573576,3,0.0,C
4041573576,3,0.0,C
994637429,3,0.0007646141987190935,N
994637429,3,0.0004044621623802147,N
994637429,3,0.0007335170082605202,N
994637429,3,0.0006397773393636008,N
994637429,3,0.0008854790638523902,N
1738265797,3,0.0011012645373416063,C
1738265797,3,0.0008613784282093251,C
1738265797,3,0.0010016253637736838,C
1738265797,3,0.0012774808014819339,C
1738265797,3,0.001610488804177801,C
2994748777,3,0.0006023025575787599,C
2994748777,3,-0.0012259746772546043,C
2994748777,3,0.0007194272935573398,C
2994748777,3,0.0008245106453901307,C
2994748777,3,0.0013214224317602552,C
773607102,3,0.0,C
773607102,3,0.0,C
773607102,3,0.0,C
773607102,3,0.0,C
773607102,3,0.0,C
894436332,3,0.0,N
894436332,3,0.0,N
894436332,3,0.0,N
894436332,3,0.0,N
894436332,3,0.0,N
994237755,3,0.0,C
994237755,3,0.0,C
994237755,3,0.0,C
994237755,3,0.0,C
994237755,3,0.0,C
3933537673,3,-0.0001463514295525492,C
3933537673,3,-6.846612544797459e-05,C
3933537673,3,-0.00027734559207004406,C
3933537673,3,-0.00029670585201624355,C
3933537673,3,-0.000622689225877604,C
1583799011,3,0.0,C
1583799011,3,0.0,C
1583799011,3,0.0,C
1583799011,3,0.0,C
1583799011,3,0.0,C
2222711142,3,0.0,O
2222711142,3,0.0,O
2222711142,3,0.0,O
2222711142,3,0.0,O
2222711142,3,0.0,O
2423543607,3,-0.0015071965779402952,C
2423543607,3,-9.369200227982155e-05,C
2423543607,3,-0.0012422982097120006,C
2423543607,3,0.0017704797819464435,C
2423543607,3,0.00041468522975907085,C
4102492447,3,-9.130258353529097e-05,C
4102492447,3,-8.317860920292741e-05,C
4102492447,3,-9.070772768027258e-05,C
4102492447,3,-0.00012139553785406321,C
4102492447,3,-0.0007924450722848198,C
2064788354,3,-0.0015664431998518857,C
2064788354,3,-6.446344922561575e-05,C
2064788354,3,0.0008727888154724806,C
2064788354,3,0.00023694511885363756,C
2064788354,3,0.0004340567788878591,C
535847852,3,0.0,C
535847852,3,0.0,C
535847852,3,0.0,C
535847852,3,0.0,C
535847852,3,0.0,C
2246340824,3,-0.0003488132561351165,C
2246340824,3,-0.0006209909927573642,C
2246340824,3,-0.0003861597075708323,C
2246340824,3,-0.0002013190521592545,C
2246340824,3,-0.0007377361548583927,C
2424973678,3,0.004242127181832034,C
2424973678,3,0.00040000472302592627,C
2424973678,3,6.568328025990944e-05,C
2424973678,3,0.0016183758784580338,C
2424973678,3,0.0007648462015361623,C
3452535345,3,0.000676498559041061,Cl
3452535345,3,-0.0002569932570497535,Cl
3452535345,3,-0.0006871623069902855,Cl
3452535345,3,-0.0002560097321939736,Cl
3452535345,3,-3.2129108062828315e-05,Cl
1732487997,3,0.0,C
1732487997,3,0.0,C
1732487997,3,0.0,C
1732487997,3,0.0,C
1732487997,3,0.0,C
4022716898,3,0.0,C
4022716898,3,0.0,C
4022716898,3,0.0,C
4022716898,3,0.0,C
4022716898,3,0.0,C
2394338241,3,3.717683843995623e-06,C
2394338241,3,-9.72656371571734e-05,C
2394338241,3,0.00011467933731257318,C
2394338241,3,0.0005810508643986356,C
2394338241,3,-2.978255206609326e-05,C
3026394695,3,0.0,C
3026394695,3,0.0,C
3026394695,3,0.0,C
3026394695,3,0.0,C
3026394695,3,0.0,C
3945128999,3,2.013871600525796e-05,C
3945128999,3,0.00021304582957470952,C
3945128999,3,-3.971989976014889e-05,C
3945128999,3,-0.0005102123183098328,C
3945128999,3,8.990964048660732e-05,C
2132511834,3,0.052605210070337804,N
2132511834,3,0.05659015787647359,N
2132511834,3,0.08440796229305758,N
2132511834,3,0.056047046158297364,N
2132511834,3,0.04347963640939312,N
416356657,3,0.0,C
416356657,3,0.0,C
416356657,3,0.0,C
416356657,3,0.0,C
416356657,3,0.0,C
1289643292,3,0.0,N
1289643292,3,0.0,N
1289643292,3,0.0,N
1289643292,3,0.0,N
1289643292,3,0.0,N
787069595,3,0.0,C
787069595,3,0.0,C
787069595,3,0.0,C
787069595,3,0.0,C
787069595,3,0.0,C
847957139,3,0.10379833529189031,N
847957139,3,0.10932736763045847,N
847957139,3,0.08429232802105435,N
847957139,3,0.11019594688321832,N
847957139,3,0.0802478642235065,N
1083852209,3,0.0005605331820645043,N
1083852209,3,0.00037486225055072264,N
1083852209,3,0.00037486225055072264,N
1083852209,3,9.082366391433006e-05,N
1083852209,3,0.00021344194494621327,N
3975295864,3,0.00013983869181311004,C
3975295864,3,0.00018123622029042608,C
3975295864,3,0.00011548702585950643,C
3975295864,3,0.00011990483591584056,C
3975295864,3,0.00017324322729295183,C
882399112,3,0.011707747582711647,F
882399112,3,0.006871082451883392,F
882399112,3,0.005718790267009721,F
882399112,3,0.0047050390670589914,F
882399112,3,0.013452483214213329,F
485463469,3,0.007857647514308175,F
485463469,3,0.0035105906736687675,F
485463469,3,0.003033404081198343,F
485463469,3,0.002745447888398256,F
485463469,3,0.012425375353036228,F
3613952269,3,0.0,C
3613952269,3,0.0,C
3613952269,3,0.0,C
3613952269,3,0.0,C
3613952269,3,0.0,C
3103812183,3,0.0,C
3103812183,3,0.0,C
3103812183,3,0.0,C
3103812183,3,0.0,C
3103812183,3,0.0,C
319552149,3,0.0,I
319552149,3,0.0,I
319552149,3,0.0,I
319552149,3,0.0,I
319552149,3,0.0,I
427867059,3,0.0,I
427867059,3,0.0,I
427867059,3,0.0,I
427867059,3,0.0,I
427867059,3,0.0,I
839602758,3,0.0,C
839602758,3,0.0,C
839602758,3,0.0,C
839602758,3,0.0,C
839602758,3,0.0,C
1135286194,3,0.0003455942014854996,C
1135286194,3,0.0007091079158895175,C
1135286194,3,0.0001805838454354003,C
1135286194,3,0.00017379333868394742,C
1135286194,3,0.0007337391768781343,C
2076190208,3,-2.7743957994097457e-05,O
2076190208,3,-0.0006603802880379428,O
2076190208,3,5.51758651610168e-05,O
2076190208,3,0.0004616057300230736,O
2076190208,3,6.745513138961545e-05,O
3025629386,3,0.0,C
3025629386,3,0.0,C
3025629386,3,0.0,C
3025629386,3,0.0,C
3025629386,3,0.0,C
3975275337,3,-0.0036322567134580153,C
3975275337,3,-0.0010259619830744748,C
3975275337,3,-0.003831039010738113,C
3975275337,3,-0.00043388170278335636,C
3975275337,3,-0.0029188228360012003,C
2245897107,3,0.0,C
2245897107,3,0.0,C
2245897107,3,0.0,C
2245897107,3,0.0,C
2245897107,3,0.0,C
2013359779,3,0.0,C
2013359779,3,0.0,C
2013359779,3,0.0,C
2013359779,3,0.0,C
2013359779,3,0.0,C
3492293582,3,0.0,C
3492293582,3,0.0,C
3492293582,3,0.0,C
3492293582,3,0.0,C
3492293582,3,0.0,C
3633369638,3,0.0,C
3633369638,3,0.0,C
3633369638,3,0.0,C
3633369638,3,0.0,C
3633369638,3,0.0,C
1312131881,3,0.0008492922950951165,C
1312131881,3,0.0009089005318099197,C
1312131881,3,0.001192752954795262,C
1312131881,3,0.0012767172697644158,C
1312131881,3,0.0011911164266459329,C
4036277955,3,0.0,C
4036277955,3,0.0,C
4036277955,3,0.0,C
4036277955,3,0.0,C
4036277955,3,0.0,C
151653689,3,0.0,C
151653689,3,0.0,C
151653689,3,0.0,C
151653689,3,0.0,C
151653689,3,0.0,C
1101907775,3,0.0,N
1101907775,3,0.0,N
1101907775,3,0.0,N
1101907775,3,0.0,N
1101907775,3,0.0,N
1868602760,3,0.0,N
1868602760,3,0.0,N
1868602760,3,0.0,N
1868602760,3,0.0,N
1868602760,3,0.0,N
2556855854,3,0.0,C
2556855854,3,0.0,C
2556855854,3,0.0,C
2556855854,3,0.0,C
2556855854,3,0.0,C
3189457552,3,0.04087601547621311,O
3189457552,3,0.041908616965484424,O
3189457552,3,0.03599869962151947,O
3189457552,3,0.037291377747416865,O
3189457552,3,0.032921979581551075,O
368531313,3,0.0,C
368531313,3,0.0,C
368531313,3,0.0,C
368531313,3,0.0,C
368531313,3,0.0,C
4195680018,3,0.0,O
4195680018,3,0.0,O
4195680018,3,0.0,O
4195680018,3,0.0,O
4195680018,3,0.0,O
787341104,3,0.0,C
787341104,3,0.0,C
787341104,3,0.0,C
787341104,3,0.0,C
787341104,3,0.0,C
2592785365,3,0.0,N
2592785365,3,0.0,N
2592785365,3,0.0,N
2592785365,3,0.0,N
2592785365,3,0.0,N
847950754,3,0.0,N
847950754,3,0.0,N
847950754,3,0.0,N
847950754,3,0.0,N
847950754,3,0.0,N
3909974435,3,3.145379197055931e-05,C
3909974435,3,7.110082405259455e-05,C
3909974435,3,6.615475380400415e-05,C
3909974435,3,4.83172581275948e-05,C
3909974435,3,4.6309730956539674e-05,C
2154935424,3,0.004317095363509882,O
2154935424,3,0.0024269310309158465,O
2154935424,3,0.00351853624323617,O
2154935424,3,0.0028516536369928014,O
2154935424,3,0.004704945392326132,O
2827868305,3,0.0,C
2827868305,3,0.0,C
2827868305,3,0.0,C
2827868305,3,0.0,C
2827868305,3,0.0,C
3624155,3,0.0,C
3624155,3,0.0,C
3624155,3,0.0,C
3624155,3,0.0,C
3624155,3,0.0,C
4121755354,3,4.5612257203231366e-05,C
4121755354,3,-0.00013587840381956706,C
4121755354,3,-0.00027526578549441627,C
4121755354,3,0.00010601119784126034,C
4121755354,3,-7.074974547904844e-05,C
485458970,3,0.0,F
485458970,3,0.0,F
485458970,3,0.0,F
485458970,3,0.0,F
485458970,3,0.0,F
2197158716,3,0.0,C
2197158716,3,0.0,C
2197158716,3,0.0,C
2197158716,3,0.0,C
2197158716,3,0.0,C
2092489639,3,0.0316559969371033,N
2092489639,3,-0.0011111413339861542,N
2092489639,3,0.019427054090834117,N
2092489639,3,0.007563194425886044,N
2092489639,3,0.013243349651467229,N
10565946,3,0.011542056561339109,O
10565946,3,0.030078935694971554,O
10565946,3,0.031612825106656306,O
10565946,3,0.026660767100208926,O
10565946,3,0.030491638754395978,O
2370996728,3,0.0,C
2370996728,3,0.0,C
2370996728,3,0.0,C
2370996728,3,0.0,C
2370996728,3,0.0,C
2425865203,3,-0.0005071504756390954,C
2425865203,3,-0.0007542094255503784,C
2425865203,3,-0.0006830387661134196,C
2425865203,3,-0.0002340219982964742,C
2425865203,3,-0.00032552885543346566,C
2434373675,3,0.0,N
2434373675,3,0.0,N
2434373675,3,0.0,N
2434373675,3,0.0,N
2434373675,3,0.0,N
2473389857,3,0.0,C
2473389857,3,0.0,C
2473389857,3,0.0,C
2473389857,3,0.0,C
2473389857,3,0.0,C
4158944142,3,0.0,C
4158944142,3,0.0,C
4158944142,3,0.0,C
4158944142,3,0.0,C
4158944142,3,0.0,C
4212936508,3,0.0,N
4212936508,3,0.0,N
4212936508,3,0.0,N
4212936508,3,0.0,N
4212936508,3,0.0,N
721740560,3,0.0,C
721740560,3,0.0,C
721740560,3,0.0,C
721740560,3,0.0,C
721740560,3,0.0,C
3102778727,3,0.0,N
3102778727,3,0.0,N
3102778727,3,0.0,N
3102778727,3,0.0,N
3102778727,3,0.0,N
2591432844,3,0.008059967187412864,N
2591432844,3,0.004504029348893157,N
2591432844,3,0.009490940902786238,N
2591432844,3,0.005760603895470173,N
2591432844,3,0.003965908193795609,N
3328145258,3,0.0013811696246245342,C
3328145258,3,0.0007561388491064136,C
3328145258,3,0.0009149408597879383,C
3328145258,3,0.0009298230461862733,C
3328145258,3,0.0005219690221197615,C
848127915,3,0.004958939849442512,N
848127915,3,0.0001819645009434323,N
848127915,3,0.001295006191780912,N
848127915,3,0.0006499731100140238,N
848127915,3,0.000801097574087084,N
864942795,3,0.0,O
864942795,3,0.0,O
864942795,3,0.0,O
864942795,3,0.0,O
864942795,3,0.0,O
871989940,3,0.0,O
871989940,3,0.0,O
871989940,3,0.0,O
871989940,3,0.0,O
871989940,3,0.0,O
2378775366,3,0.0,O
2378775366,3,0.0,O
2378775366,3,0.0,O
2378775366,3,0.0,O
2378775366,3,0.0,O
2378779377,3,0.0,O
2378779377,3,0.0,O
2378779377,3,0.0,O
2378779377,3,0.0,O
2378779377,3,0.0,O
3152639783,3,0.0,N
3152639783,3,0.0,N
3152639783,3,0.0,N
3152639783,3,0.0,N
3152639783,3,0.0,N
4003049590,3,0.0,C
4003049590,3,0.0,C
4003049590,3,0.0,C
4003049590,3,0.0,C
4003049590,3,0.0,C
1630260676,3,0.0,C
1630260676,3,0.0,C
1630260676,3,0.0,C
1630260676,3,0.0,C
1630260676,3,0.0,C
3980805843,3,-0.0005988346263721134,C
3980805843,3,-0.0010900938379238,C
3980805843,3,-0.00018888676736694698,C
3980805843,3,0.0004143954710349451,C
3980805843,3,-0.00019595919082582292,C
3982076256,3,0.0,C
3982076256,3,0.0,C
3982076256,3,0.0,C
3982076256,3,0.0,C
3982076256,3,0.0,C
2080747022,3,0.0,C
2080747022,3,0.0,C
2080747022,3,0.0,C
2080747022,3,0.0,C
2080747022,3,0.0,C
2021812431,3,0.0,N
2021812431,3,0.0,N
2021812431,3,0.0,N
2021812431,3,0.0,N
2021812431,3,0.0,N
2803848648,3,0.0,C
2803848648,3,0.0,C
2803848648,3,0.0,C
2803848648,3,0.0,C
2803848648,3,0.0,C
3657471097,3,-0.0010358210657706035,C
3657471097,3,-0.000910499586633251,C
3657471097,3,-0.000910499586633251,C
3657471097,3,-0.000910499586633251,C
3657471097,3,-0.000910499586633251,C
772817685,3,0.0,C
772817685,3,0.0,C
772817685,3,0.0,C
772817685,3,0.0,C
772817685,3,0.0,C
98466654,3,0.0,C
98466654,3,0.0,C
98466654,3,0.0,C
98466654,3,0.0,C
98466654,3,0.0,C
2070178920,3,0.0,C
2070178920,3,0.0,C
2070178920,3,0.0,C
2070178920,3,0.0,C
2070178920,3,0.0,C
4124481675,3,0.0,C
4124481675,3,0.0,C
4124481675,3,0.0,C
4124481675,3,0.0,C
4124481675,3,0.0,C
4142616092,3,0.0,C
4142616092,3,0.0,C
4142616092,3,0.0,C
4142616092,3,0.0,C
4142616092,3,0.0,C
170898322,3,0.0,Cl
170898322,3,0.0,Cl
170898322,3,0.0,Cl
170898322,3,0.0,Cl
170898322,3,0.0,Cl
2406620359,3,0.0,C
2406620359,3,0.0,C
2406620359,3,0.0,C
2406620359,3,0.0,C
2406620359,3,0.0,C
2360741695,3,0.000635212892009962,C
2360741695,3,0.00015644657684732444,C
2360741695,3,0.0007812465185037532,C
2360741695,3,0.0013623513523896014,C
2360741695,3,-0.003201692014381363,C
3981762496,3,0.0,C
3981762496,3,0.0,C
3981762496,3,0.0,C
3981762496,3,0.0,C
3981762496,3,0.0,C
679670255,3,0.0,C
679670255,3,0.0,C
679670255,3,0.0,C
679670255,3,0.0,C
679670255,3,0.0,C
328936174,3,0.0,C
328936174,3,0.0,C
328936174,3,0.0,C
328936174,3,0.0,C
328936174,3,0.0,C
1390475220,3,0.0,C
1390475220,3,0.0,C
1390475220,3,0.0,C
1390475220,3,0.0,C
1390475220,3,0.0,C
2296565457,3,0.02104949075512841,N
2296565457,3,0.028146601533402094,N
2296565457,3,0.028375756982173206,N
2296565457,3,0.028375756982173206,N
2296565457,3,0.028851253705421076,N
2297887526,3,0.0,N
2297887526,3,0.0,N
2297887526,3,0.0,N
2297887526,3,0.0,N
2297887526,3,0.0,N
2752034647,3,0.0,C
2752034647,3,0.0,C
2752034647,3,0.0,C
2752034647,3,0.0,C
2752034647,3,0.0,C
4239037249,3,0.0,C
4239037249,3,0.0,C
4239037249,3,0.0,C
4239037249,3,0.0,C
4239037249,3,0.0,C
753134939,3,0.0,C
753134939,3,0.0,C
753134939,3,0.0,C
753134939,3,0.0,C
753134939,3,0.0,C
1555970,3,0.0,S
1555970,3,0.0,S
1555970,3,0.0,S
1555970,3,0.0,S
1555970,3,0.0,S
2453385669,3,0.0,C
2453385669,3,0.0,C
2453385669,3,0.0,C
2453385669,3,0.0,C
2453385669,3,0.0,C
369315086,3,0.0,C
369315086,3,0.0,C
369315086,3,0.0,C
369315086,3,0.0,C
369315086,3,0.0,C
114626569,3,0.0,C
114626569,3,0.0,C
114626569,3,0.0,C
114626569,3,0.0,C
114626569,3,0.0,C
3556189655,3,0.0,I
3556189655,3,0.0,I
3556189655,3,0.0,I
3556189655,3,0.0,I
3556189655,3,0.0,I
2222621677,3,-5.2012702179471404e-05,O
2222621677,3,1.1297546183008933e-06,O
2222621677,3,-2.3996709062723554e-05,O
2222621677,3,3.1948115369773156e-05,O
2222621677,3,-2.3996709062723554e-05,O
198706261,3,0.0002639770275015829,Cl
198706261,3,0.00036802987843453927,Cl
198706261,3,0.00046862356102295166,Cl
198706261,3,0.0004942335115900587,Cl
198706261,3,0.0005545955959946891,Cl
2810318309,3,0.0,O
2810318309,3,0.0,O
2810318309,3,0.0,O
2810318309,3,0.0,O
2810318309,3,0.0,O
2910196842,3,0.0,C
2910196842,3,0.0,C
2910196842,3,0.0,C
2910196842,3,0.0,C
2910196842,3,0.0,C
3411030296,3,0.0,C
3411030296,3,0.0,C
3411030296,3,0.0,C
3411030296,3,0.0,C
3411030296,3,0.0,C
1511968919,3,0.0,C
1511968919,3,0.0,C
1511968919,3,0.0,C
1511968919,3,0.0,C
1511968919,3,0.0,C
1506993418,3,8.665221652159882e-05,C
1506993418,3,6.162013176380654e-05,C
1506993418,3,-8.024050206933975e-05,C
1506993418,3,2.109371110248226e-05,C
1506993418,3,6.149683189127231e-06,C
4278941385,3,0.0,C
4278941385,3,0.0,C
4278941385,3,0.0,C
4278941385,3,0.0,C
4278941385,3,0.0,C
2909042096,3,0.0,C
2909042096,3,0.0,C
2909042096,3,0.0,C
2909042096,3,0.0,C
2909042096,3,0.0,C
205323193,3,0.0,S
205323193,3,0.0,S
205323193,3,0.0,S
205323193,3,0.0,S
205323193,3,0.0,S
4120224926,3,0.0,C
4120224926,3,0.0,C
4120224926,3,0.0,C
4120224926,3,0.0,C
4120224926,3,0.0,C
1674219510,3,0.0,C
1674219510,3,0.0,C
1674219510,3,0.0,C
1674219510,3,0.0,C
1674219510,3,0.0,C
800345569,3,0.0,C
800345569,3,0.0,C
800345569,3,0.0,C
800345569,3,0.0,C
800345569,3,0.0,C
3545074552,3,0.0,C
3545074552,3,0.0,C
3545074552,3,0.0,C
3545074552,3,0.0,C
3545074552,3,0.0,C
69470421,3,0.0,C
69470421,3,0.0,C
69470421,3,0.0,C
69470421,3,0.0,C
69470421,3,0.0,C
600405749,3,0.0,C
600405749,3,0.0,C
600405749,3,0.0,C
600405749,3,0.0,C
600405749,3,0.0,C
1449131080,3,0.0,C
1449131080,3,0.0,C
1449131080,3,0.0,C
1449131080,3,0.0,C
1449131080,3,0.0,C
4256676941,3,0.0,N
4256676941,3,0.0,N
4256676941,3,0.0,N
4256676941,3,0.0,N
4256676941,3,0.0,N
68671624,3,0.0,C
68671624,3,0.0,C
68671624,3,0.0,C
68671624,3,0.0,C
68671624,3,0.0,C
2013980694,3,0.0,C
2013980694,3,0.0,C
2013980694,3,0.0,C
2013980694,3,0.0,C
2013980694,3,0.0,C
2815521255,3,0.0,O
2815521255,3,0.0,O
2815521255,3,0.0,O
2815521255,3,0.0,O
2815521255,3,0.0,O
2845936339,3,0.0,C
2845936339,3,0.0,C
2845936339,3,0.0,C
2845936339,3,0.0,C
2845936339,3,0.0,C
2504503484,3,0.0,C
2504503484,3,0.0,C
2504503484,3,0.0,C
2504503484,3,0.0,C
2504503484,3,0.0,C
751130035,3,0.0,S
751130035,3,0.0,S
751130035,3,0.0,S
751130035,3,0.0,S
751130035,3,0.0,S
4118913676,3,0.0,C
4118913676,3,0.0,C
4118913676,3,0.0,C
4118913676,3,0.0,C
4118913676,3,0.0,C
1257718710,3,0.000713368214323884,C
1257718710,3,0.000823961391170025,C
1257718710,3,0.000743167790167365,C
1257718710,3,0.0006817169752149077,C
1257718710,3,0.0006857067765014824,C
3203709451,3,0.0,O
3203709451,3,0.0,O
3203709451,3,0.0,O
3203709451,3,0.0,O
3203709451,3,0.0,O
2353112200,3,0.0,C
2353112200,3,0.0,C
2353112200,3,0.0,C
2353112200,3,0.0,C
2353112200,3,0.0,C
540046244,3,0.0003411740585921308,C
540046244,3,-2.1449886163038556e-05,C
540046244,3,0.0001511992358298464,C
540046244,3,7.255878765599633e-05,C
540046244,3,0.0002317776832684304,C
553412256,3,0.0,C
553412256,3,0.0,C
553412256,3,0.0,C
553412256,3,0.0,C
553412256,3,0.0,C
2971716993,3,0.0,N
2971716993,3,0.0,N
2971716993,3,0.0,N
2971716993,3,0.0,N
2971716993,3,0.0,N
2975126068,3,0.0,N
2975126068,3,0.0,N
2975126068,3,0.0,N
2975126068,3,0.0,N
2975126068,3,0.0,N
3462333187,3,0.0,C
3462333187,3,0.0,C
3462333187,3,0.0,C
3462333187,3,0.0,C
3462333187,3,0.0,C
3796970912,3,0.0,C
3796970912,3,0.0,C
3796970912,3,0.0,C
3796970912,3,0.0,C
3796970912,3,0.0,C
77081066,3,0.0,C
77081066,3,0.0,C
77081066,3,0.0,C
77081066,3,0.0,C
77081066,3,0.0,C
475355132,3,0.0,F
475355132,3,0.0,F
475355132,3,0.0,F
475355132,3,0.0,F
475355132,3,0.0,F
705738081,3,0.0,C
705738081,3,0.0,C
705738081,3,0.0,C
705738081,3,0.0,C
705738081,3,0.0,C
2150509871,3,0.0,C
2150509871,3,0.0,C
2150509871,3,0.0,C
2150509871,3,0.0,C
2150509871,3,0.0,C
3983062349,3,0.0,C
3983062349,3,0.0,C
3983062349,3,0.0,C
3983062349,3,0.0,C
3983062349,3,0.0,C
2356136943,3,0.0,C
2356136943,3,0.0,C
2356136943,3,0.0,C
2356136943,3,0.0,C
2356136943,3,0.0,C
1136130381,3,0.0,C
1136130381,3,0.0,C
1136130381,3,0.0,C
1136130381,3,0.0,C
1136130381,3,0.0,C
195319295,3,-1.538980156834402e-05,Cl
195319295,3,-2.667347067442094e-06,Cl
195319295,3,-1.1741204660409288e-05,Cl
195319295,3,-1.889980294511595e-05,Cl
195319295,3,-3.784063469580712e-05,Cl
4110200932,3,0.0,C
4110200932,3,0.0,C
4110200932,3,0.0,C
4110200932,3,0.0,C
4110200932,3,0.0,C
325259454,3,0.0,Br
325259454,3,0.0,Br
325259454,3,0.0,Br
325259454,3,0.0,Br
325259454,3,0.0,Br
702225046,3,0.0,C
702225046,3,0.0,C
702225046,3,0.0,C
702225046,3,0.0,C
702225046,3,0.0,C
74537039,3,0.0,C
74537039,3,0.0,C
74537039,3,0.0,C
74537039,3,0.0,C
74537039,3,0.0,C
2085926211,3,0.0,C
2085926211,3,0.0,C
2085926211,3,0.0,C
2085926211,3,0.0,C
2085926211,3,0.0,C
1582607016,3,0.0,C
1582607016,3,0.0,C
1582607016,3,0.0,C
1582607016,3,0.0,C
1582607016,3,0.0,C
2788245361,3,0.0,C
2788245361,3,0.0,C
2788245361,3,0.0,C
2788245361,3,0.0,C
2788245361,3,0.0,C
195323148,3,0.0,Cl
195323148,3,0.0,Cl
195323148,3,0.0,Cl
195323148,3,0.0,Cl
195323148,3,0.0,Cl
1239451710,3,0.0,C
1239451710,3,0.0,C
1239451710,3,0.0,C
1239451710,3,0.0,C
1239451710,3,0.0,C
3696389118,3,-3.271434764529069e-05,C
3696389118,3,-1.1821339781170614e-05,C
3696389118,3,-1.3052579610706161e-05,C
3696389118,3,2.3074829690106213e-05,C
3696389118,3,-1.3612967410425725e-05,C
170894115,3,0.00031975432620001687,Cl
170894115,3,-3.8005014008080096e-05,Cl
170894115,3,-0.00018165360636446248,Cl
170894115,3,0.00041323998970665965,Cl
170894115,3,0.0006129198823301429,Cl
2057435328,3,0.0,C
2057435328,3,0.0,C
2057435328,3,0.0,C
2057435328,3,0.0,C
2057435328,3,0.0,C
808416955,3,0.0,S
808416955,3,0.0,S
808416955,3,0.0,S
808416955,3,0.0,S
808416955,3,0.0,S
1078276907,3,0.0,C
1078276907,3,0.0,C
1078276907,3,0.0,C
1078276907,3,0.0,C
1078276907,3,0.0,C
2592252298,3,0.0,C
2592252298,3,0.0,C
2592252298,3,0.0,C
2592252298,3,0.0,C
2592252298,3,0.0,C
4089138501,3,0.0,C
4089138501,3,0.0,C
4089138501,3,0.0,C
4089138501,3,0.0,C
4089138501,3,0.0,C
723026879,3,0.0,C
723026879,3,0.0,C
723026879,3,0.0,C
723026879,3,0.0,C
723026879,3,0.0,C
3562848686,3,0.0,C
3562848686,3,0.0,C
3562848686,3,0.0,C
3562848686,3,0.0,C
3562848686,3,0.0,C
548743766,3,-3.4723093231603386e-05,C
548743766,3,1.7753690197297445e-05,C
548743766,3,-3.80515829176975e-05,C
548743766,3,-1.2243448373916443e-05,C
548743766,3,0.0002603933131004599,C
3579962709,3,9.061554660338977e-05,C
3579962709,3,0.0,C
3579962709,3,0.0,C
3579962709,3,0.0,C
3579962709,3,0.0,C
571978829,3,-4.545323296256676e-05,C
571978829,3,-0.00015450538325223473,C
571978829,3,-0.00010966697346681542,C
571978829,3,-9.937569568474469e-05,C
571978829,3,-4.6537460813733666e-05,C
3160718262,3,-0.0001571621311496907,N
3160718262,3,-0.00017391010365952475,N
3160718262,3,-0.00017391010365952475,N
3160718262,3,-0.0001371941960768286,N
3160718262,3,-0.0001371941960768286,N
1275679867,3,0.0,C
1275679867,3,0.0,C
1275679867,3,0.0,C
1275679867,3,0.0,C
1275679867,3,0.0,C
951239203,3,0.0,C
951239203,3,0.0,C
951239203,3,0.0,C
951239203,3,0.0,C
951239203,3,0.0,C
1081775047,3,0.0,C
1081775047,3,0.0,C
1081775047,3,0.0,C
1081775047,3,0.0,C
1081775047,3,0.0,C
2932363931,3,0.0,C
2932363931,3,0.0,C
2932363931,3,0.0,C
2932363931,3,0.0,C
2932363931,3,0.0,C
1241202526,3,0.0,C
1241202526,3,0.0,C
1241202526,3,0.0,C
1241202526,3,0.0,C
1241202526,3,0.0,C
4110211703,3,0.0,C
4110211703,3,0.0,C
4110211703,3,0.0,C
4110211703,3,0.0,C
4110211703,3,0.0,C
592593828,3,0.0,C
592593828,3,0.0,C
592593828,3,0.0,C
592593828,3,0.0,C
592593828,3,0.0,C
3010410747,3,0.0,N
3010410747,3,0.0,N
3010410747,3,0.0,N
3010410747,3,0.0,N
3010410747,3,0.0,N
3011598321,3,2.734774559931541e-05,C
3011598321,3,2.734774559931541e-05,C
3011598321,3,2.734774559931541e-05,C
3011598321,3,2.734774559931541e-05,C
3011598321,3,2.734774559931541e-05,C
1198890718,3,0.0,C
1198890718,3,0.0,C
1198890718,3,0.0,C
1198890718,3,0.0,C
1198890718,3,0.0,C
435232729,3,0.0,N
435232729,3,0.0,N
435232729,3,0.0,N
435232729,3,0.0,N
435232729,3,0.0,N
2834566420,3,0.0,C
2834566420,3,0.0,C
2834566420,3,0.0,C
2834566420,3,0.0,C
2834566420,3,0.0,C
3409618301,3,0.0,C
3409618301,3,0.0,C
3409618301,3,0.0,C
3409618301,3,0.0,C
3409618301,3,0.0,C
1914416804,3,0.0,N
1914416804,3,0.0,N
1914416804,3,0.0,N
1914416804,3,0.0,N
1914416804,3,0.0,N
1619222458,3,0.0003594786158992447,C
1619222458,3,0.00012970119841060335,C
1619222458,3,0.00011033179317487818,C
1619222458,3,0.00012970119841060335,C
1619222458,3,9.870898974972953e-06,C
2807475527,3,0.0,O
2807475527,3,0.0,O
2807475527,3,0.0,O
2807475527,3,0.0,O
2807475527,3,0.0,O
2156439784,3,0.0,C
2156439784,3,0.0,C
2156439784,3,0.0,C
2156439784,3,0.0,C
2156439784,3,0.0,C
2910193141,3,0.0,C
2910193141,3,0.0,C
2910193141,3,0.0,C
2910193141,3,0.0,C
2910193141,3,0.0,C
1965692378,3,0.0,N
1965692378,3,0.0,N
1965692378,3,0.0,N
1965692378,3,0.0,N
1965692378,3,0.0,N
3824063894,3,0.005584042835626524,C
3824063894,3,0.00462396647543839,C
3824063894,3,-0.00038581266982740114,C
3824063894,3,-0.006663487598958184,C
3824063894,3,0.004065069101146124,C
3918336191,3,0.0,C
3918336191,3,0.0,C
3918336191,3,0.0,C
3918336191,3,0.0,C
3918336191,3,0.0,C
1271691605,3,0.0,S
1271691605,3,0.0,S
1271691605,3,0.0,S
1271691605,3,0.0,S
1271691605,3,0.0,S
222023415,3,0.0,N
222023415,3,0.0,N
222023415,3,0.0,N
222023415,3,0.0,N
222023415,3,0.0,N
906402393,3,0.0,O
906402393,3,0.0,O
906402393,3,0.0,O
906402393,3,0.0,O
906402393,3,0.0,O
2530377886,3,0.0,N
2530377886,3,0.0,N
2530377886,3,0.0,N
2530377886,3,0.0,N
2530377886,3,0.0,N
3182824521,3,0.0,C
3182824521,3,0.0,C
3182824521,3,0.0,C
3182824521,3,0.0,C
3182824521,3,0.0,C
3458774156,3,0.0,N
3458774156,3,0.0,N
3458774156,3,0.0,N
3458774156,3,0.0,N
3458774156,3,0.0,N
3983708967,3,0.0,C
3983708967,3,0.0,C
3983708967,3,0.0,C
3983708967,3,0.0,C
3983708967,3,0.0,C
3579704760,3,0.0,C
3579704760,3,0.0,C
3579704760,3,0.0,C
3579704760,3,0.0,C
3579704760,3,0.0,C
1026822558,3,0.0,S
1026822558,3,0.0,S
1026822558,3,0.0,S
1026822558,3,0.0,S
1026822558,3,0.0,S
2341585586,3,0.0,N
2341585586,3,0.0,N
2341585586,3,0.0,N
2341585586,3,0.0,N
2341585586,3,0.0,N
2635303940,3,0.0,C
2635303940,3,0.0,C
2635303940,3,0.0,C
2635303940,3,0.0,C
2635303940,3,0.0,C
3158862910,3,0.0,C
3158862910,3,0.0,C
3158862910,3,0.0,C
3158862910,3,0.0,C
3158862910,3,0.0,C
1710205153,3,0.0,C
1710205153,3,0.0,C
1710205153,3,0.0,C
1710205153,3,0.0,C
1710205153,3,0.0,C
3428235283,3,0.0,C
3428235283,3,0.0,C
3428235283,3,0.0,C
3428235283,3,0.0,C
3428235283,3,0.0,C
2070976245,3,0.0,C
2070976245,3,0.0,C
2070976245,3,0.0,C
2070976245,3,0.0,C
2070976245,3,0.0,C
3368912827,3,0.0,C
3368912827,3,0.0,C
3368912827,3,0.0,C
3368912827,3,0.0,C
3368912827,3,0.0,C
1029714706,3,0.0,C
1029714706,3,0.0,C
1029714706,3,0.0,C
1029714706,3,0.0,C
1029714706,3,0.0,C
2076862737,3,0.0,O
2076862737,3,0.0,O
2076862737,3,0.0,O
2076862737,3,0.0,O
2076862737,3,0.0,O
68675643,3,0.0,C
68675643,3,0.0,C
68675643,3,0.0,C
68675643,3,0.0,C
68675643,3,0.0,C
3416363438,3,0.0,C
3416363438,3,0.0,C
3416363438,3,0.0,C
3416363438,3,0.0,C
3416363438,3,0.0,C
675765711,3,0.147135087212235,C
675765711,3,0.14778346503319262,C
675765711,3,0.15481794457462117,C
675765711,3,0.14018938376468815,C
675765711,3,0.14685531678248342,C
1785683843,3,0.0,C
1785683843,3,0.0,C
1785683843,3,0.0,C
1785683843,3,0.0,C
1785683843,3,0.0,C
2780028939,3,0.0,C
2780028939,3,0.0,C
2780028939,3,0.0,C
2780028939,3,0.0,C
2780028939,3,0.0,C
3083149185,3,-0.0005012416941392317,C
3083149185,3,0.0006393992669804227,C
3083149185,3,-6.265350192258268e-05,C
3083149185,3,0.0005285866723494514,C
3083149185,3,-0.0003474530218317007,C
3194612514,3,0.0,O
3194612514,3,0.0,O
3194612514,3,0.0,O
3194612514,3,0.0,O
3194612514,3,0.0,O
325281617,3,0.0,Br
325281617,3,0.0,Br
325281617,3,0.0,Br
325281617,3,0.0,Br
325281617,3,0.0,Br
2846563933,3,0.0,C
2846563933,3,0.0,C
2846563933,3,0.0,C
2846563933,3,0.0,C
2846563933,3,0.0,C
1637836422,3,0.0,C
1637836422,3,0.0,C
1637836422,3,0.0,C
1637836422,3,0.0,C
1637836422,3,0.0,C
3337745083,3,0.0,F
3337745083,3,0.0,F
3337745083,3,0.0,F
3337745083,3,0.0,F
3337745083,3,0.0,F
4036774035,3,0.0,C
4036774035,3,0.0,C
4036774035,3,0.0,C
4036774035,3,0.0,C
4036774035,3,0.0,C
135980867,3,0.0,C
135980867,3,0.0,C
135980867,3,0.0,C
135980867,3,0.0,C
135980867,3,0.0,C
2976816164,3,0.0,C
2976816164,3,0.0,C
2976816164,3,0.0,C
2976816164,3,0.0,C
2976816164,3,0.0,C
122886383,3,0.0,C
122886383,3,0.0,C
122886383,3,0.0,C
122886383,3,0.0,C
122886383,3,0.0,C
2252049393,3,0.0,C
2252049393,3,0.0,C
2252049393,3,0.0,C
2252049393,3,0.0,C
2252049393,3,0.0,C
2447748155,3,0.0,C
2447748155,3,0.0,C
2447748155,3,0.0,C
2447748155,3,0.0,C
2447748155,3,0.0,C
2834873482,3,0.0,C
2834873482,3,0.0,C
2834873482,3,0.0,C
2834873482,3,0.0,C
2834873482,3,0.0,C
2844185244,3,0.0,C
2844185244,3,0.0,C
2844185244,3,0.0,C
2844185244,3,0.0,C
2844185244,3,0.0,C
2940857128,3,0.0,C
2940857128,3,0.0,C
2940857128,3,0.0,C
2940857128,3,0.0,C
2940857128,3,0.0,C
3743809709,3,0.0,C
3743809709,3,0.0,C
3743809709,3,0.0,C
3743809709,3,0.0,C
3743809709,3,0.0,C
3743809710,3,0.0,C
3743809710,3,0.0,C
3743809710,3,0.0,C
3743809710,3,0.0,C
3743809710,3,0.0,C
4264704113,3,0.0,Cl
4264704113,3,0.0,Cl
4264704113,3,0.0,Cl
4264704113,3,0.0,Cl
4264704113,3,0.0,Cl
4265486248,3,0.0,Cl
4265486248,3,0.0,Cl
4265486248,3,0.0,Cl
4265486248,3,0.0,Cl
4265486248,3,0.0,Cl
2077658817,3,0.00032913009765334067,O
2077658817,3,0.00032913009765334067,O
2077658817,3,0.00032913009765334067,O
2077658817,3,0.00032913009765334067,O
2077658817,3,0.00032913009765334067,O
889094846,3,0.0,C
889094846,3,0.0,C
889094846,3,0.0,C
889094846,3,0.0,C
889094846,3,0.0,C
1704599822,3,0.0,C
1704599822,3,0.0,C
1704599822,3,0.0,C
1704599822,3,0.0,C
1704599822,3,0.0,C
802498242,3,0.0,S
802498242,3,0.0,S
802498242,3,0.0,S
802498242,3,0.0,S
802498242,3,0.0,S
4064875520,3,0.0,O
4064875520,3,0.0,O
4064875520,3,0.0,O
4064875520,3,0.0,O
4064875520,3,0.0,O
1370731475,3,0.0,N
1370731475,3,0.0,N
1370731475,3,0.0,N
1370731475,3,0.0,N
1370731475,3,0.0,N
1228815484,3,0.0014883347741430075,C
1228815484,3,0.000559958078938827,C
1228815484,3,0.0009434242165009543,C
1228815484,3,0.000874333078307421,C
1228815484,3,0.0009580307986187808,C
2068133184,3,0.0,C
2068133184,3,0.0,C
2068133184,3,0.0,C
2068133184,3,0.0,C
2068133184,3,0.0,C
828793177,3,0.0,N
828793177,3,0.0,N
828793177,3,0.0,N
828793177,3,0.0,N
828793177,3,0.0,N
1399127774,3,0.0,C
1399127774,3,0.0,C
1399127774,3,0.0,C
1399127774,3,0.0,C
1399127774,3,0.0,C
1681811079,3,0.0,C
1681811079,3,0.0,C
1681811079,3,0.0,C
1681811079,3,0.0,C
1681811079,3,0.0,C
1938540009,3,0.0,C
1938540009,3,0.0,C
1938540009,3,0.0,C
1938540009,3,0.0,C
1938540009,3,0.0,C
3088649317,3,0.0,N
3088649317,3,0.0,N
3088649317,3,0.0,N
3088649317,3,0.0,N
3088649317,3,0.0,N
2865977551,3,0.0,S
2865977551,3,0.0,S
2865977551,3,0.0,S
2865977551,3,0.0,S
2865977551,3,0.0,S
1971534293,3,0.0,O
1971534293,3,0.0,O
1971534293,3,0.0,O
1971534293,3,0.0,O
1971534293,3,0.0,O
2310811238,3,0.0,C
2310811238,3,0.0,C
2310811238,3,0.0,C
2310811238,3,0.0,C
2310811238,3,0.0,C
2392622418,3,0.0,S
2392622418,3,0.0,S
2392622418,3,0.0,S
2392622418,3,0.0,S
2392622418,3,0.0,S
1468211904,3,0.0,C
1468211904,3,0.0,C
1468211904,3,0.0,C
1468211904,3,0.0,C
1468211904,3,0.0,C
262673770,3,0.0,C
262673770,3,0.0,C
262673770,3,0.0,C
262673770,3,0.0,C
262673770,3,0.0,C
3342993694,3,0.0,C
3342993694,3,0.0,C
3342993694,3,0.0,C
3342993694,3,0.0,C
3342993694,3,0.0,C
1798001854,3,0.0,P
1798001854,3,0.0,P
1798001854,3,0.0,P
1798001854,3,0.0,P
1798001854,3,0.0,P
2235918822,3,-0.0003501782261577935,O
2235918822,3,-0.00029058877473120415,O
2235918822,3,0.0001497028600585537,O
2235918822,3,-0.0004129449411647279,O
2235918822,3,-0.0005564768693225863,O
3695448525,3,0.0,C
3695448525,3,0.0,C
3695448525,3,0.0,C
3695448525,3,0.0,C
3695448525,3,0.0,C
1637589131,3,0.0,C
1637589131,3,0.0,C
1637589131,3,0.0,C
1637589131,3,0.0,C
1637589131,3,0.0,C
871060211,3,-0.00039524022537107406,O
871060211,3,-0.0006112991209377139,O
871060211,3,-0.0006250768144443475,O
871060211,3,-0.0005053191196398021,O
871060211,3,-0.00046437560574941195,O
3509114595,3,0.0,C
3509114595,3,0.0,C
3509114595,3,0.0,C
3509114595,3,0.0,C
3509114595,3,0.0,C
2720313463,3,0.0,C
2720313463,3,0.0,C
2720313463,3,0.0,C
2720313463,3,0.0,C
2720313463,3,0.0,C
1883241975,3,0.0,P
1883241975,3,0.0,P
1883241975,3,0.0,P
1883241975,3,0.0,P
1883241975,3,0.0,P
2057423023,3,0.0,C
2057423023,3,0.0,C
2057423023,3,0.0,C
2057423023,3,0.0,C
2057423023,3,0.0,C
3172758907,3,0.0,C
3172758907,3,0.0,C
3172758907,3,0.0,C
3172758907,3,0.0,C
3172758907,3,0.0,C
530227067,3,0.0,C
530227067,3,0.0,C
530227067,3,0.0,C
530227067,3,0.0,C
530227067,3,0.0,C
2410697484,3,0.0,C
2410697484,3,0.0,C
2410697484,3,0.0,C
2410697484,3,0.0,C
2410697484,3,0.0,C
2292702565,3,0.0,C
2292702565,3,0.0,C
2292702565,3,0.0,C
2292702565,3,0.0,C
2292702565,3,0.0,C
905632147,3,0.0,C
905632147,3,0.0,C
905632147,3,0.0,C
905632147,3,0.0,C
905632147,3,0.0,C
2393016670,3,0.0,C
2393016670,3,0.0,C
2393016670,3,0.0,C
2393016670,3,0.0,C
2393016670,3,0.0,C
636990493,3,0.0,C
636990493,3,0.0,C
636990493,3,0.0,C
636990493,3,0.0,C
636990493,3,0.0,C
1323888424,3,0.0,N
1323888424,3,0.0,N
1323888424,3,0.0,N
1323888424,3,0.0,N
1323888424,3,0.0,N
1143297034,3,0.0,C
1143297034,3,0.0,C
1143297034,3,0.0,C
1143297034,3,0.0,C
1143297034,3,0.0,C
271903915,3,-0.0003917614968194094,N
271903915,3,-0.00018481772400968932,N
271903915,3,-0.00014123070443372576,N
271903915,3,-0.00032873666312127625,N
271903915,3,-0.0001623173298193059,N
1428903162,3,-3.304032447315475e-05,C
1428903162,3,-0.0007669464444721719,C
1428903162,3,6.038051603418637e-05,C
1428903162,3,0.00010671191486744114,C
1428903162,3,1.4614289415293413e-05,C
4291843020,3,0.0,C
4291843020,3,0.0,C
4291843020,3,0.0,C
4291843020,3,0.0,C
4291843020,3,0.0,C
1280765160,3,0.0,C
1280765160,3,0.0,C
1280765160,3,0.0,C
1280765160,3,0.0,C
1280765160,3,0.0,C
3384982069,3,0.0,C
3384982069,3,0.0,C
3384982069,3,0.0,C
3384982069,3,0.0,C
3384982069,3,0.0,C
517457164,3,0.0,C
517457164,3,0.0,C
517457164,3,0.0,C
517457164,3,0.0,C
517457164,3,0.0,C
2521234953,3,0.0,C
2521234953,3,0.0,C
2521234953,3,0.0,C
2521234953,3,0.0,C
2521234953,3,0.0,C
2521234958,3,0.0,C
2521234958,3,0.0,C
2521234958,3,0.0,C
2521234958,3,0.0,C
2521234958,3,0.0,C
736728097,3,0.0,C
736728097,3,0.0,C
736728097,3,0.0,C
736728097,3,0.0,C
736728097,3,0.0,C
3545353036,3,0.0,C
3545353036,3,0.00012945069865599734,C
3545353036,3,2.9583999700211194e-05,C
3545353036,3,8.544617907735308e-05,C
3545353036,3,-9.60210063082334e-05,C
340640331,3,0.0,C
340640331,3,0.0,C
340640331,3,0.0,C
340640331,3,0.0,C
340640331,3,0.0,C
1505769767,3,0.0,C
1505769767,3,0.0,C
1505769767,3,0.0,C
1505769767,3,0.0,C
1505769767,3,0.0,C
1634854406,3,0.0,C
1634854406,3,0.0,C
1634854406,3,0.0,C
1634854406,3,0.0,C
1634854406,3,0.0,C
2163918870,3,0.0,C
2163918870,3,0.0,C
2163918870,3,0.0,C
2163918870,3,0.0,C
2163918870,3,0.0,C
2215059400,3,0.00032863840894226115,O
2215059400,3,-0.00010999828008317891,O
2215059400,3,0.00034912795859476375,O
2215059400,3,0.00046600848326172617,O
2215059400,3,-0.00016330739574510478,O
1533809047,3,0.0,C
1533809047,3,0.0,C
1533809047,3,0.0,C
1533809047,3,0.0,C
1533809047,3,0.0,C
1907674422,3,0.0,C
1907674422,3,0.0,C
1907674422,3,0.0,C
1907674422,3,0.0,C
1907674422,3,0.0,C
2355616982,3,0.0,C
2355616982,3,0.0,C
2355616982,3,0.0,C
2355616982,3,0.0,C
2355616982,3,0.0,C
4229088015,3,0.0,N
4229088015,3,0.0,N
4229088015,3,0.0,N
4229088015,3,0.0,N
4229088015,3,0.0,N
1019187108,3,0.0,C
1019187108,3,0.0,C
1019187108,3,0.0,C
1019187108,3,0.0,C
1019187108,3,0.0,C
1024251450,3,0.0,C
1024251450,3,0.0,C
1024251450,3,0.0,C
1024251450,3,0.0,C
1024251450,3,0.0,C
994494548,3,0.0,C
994494548,3,0.0,C
994494548,3,0.0,C
994494548,3,0.0,C
994494548,3,0.0,C
1861965050,3,0.0,C
1861965050,3,0.0,C
1861965050,3,0.0,C
1861965050,3,0.0,C
1861965050,3,0.0,C
1910766508,3,0.0,C
1910766508,3,0.0,C
1910766508,3,0.0,C
1910766508,3,0.0,C
1910766508,3,0.0,C
3833608434,3,0.0,C
3833608434,3,0.0,C
3833608434,3,0.0,C
3833608434,3,0.0,C
3833608434,3,0.0,C
3914061263,3,0.0,C
3914061263,3,0.0,C
3914061263,3,0.0,C
3914061263,3,0.0,C
3914061263,3,0.0,C
1446360805,3,0.0,C
1446360805,3,0.0,C
1446360805,3,0.0,C
1446360805,3,0.0,C
1446360805,3,0.0,C
3473431882,3,0.0,C
3473431882,3,0.0,C
3473431882,3,0.0,C
3473431882,3,0.0,C
3473431882,3,0.0,C
865234990,3,0.0,S
865234990,3,0.0,S
865234990,3,0.0,S
865234990,3,0.0,S
865234990,3,0.0,S
934178987,3,0.0,C
934178987,3,0.0,C
934178987,3,0.0,C
934178987,3,0.0,C
934178987,3,0.0,C
1823304278,3,0.0,C
1823304278,3,0.0,C
1823304278,3,0.0,C
1823304278,3,0.0,C
1823304278,3,0.0,C
2110118862,3,5.24862209994037e-06,C
2110118862,3,0.00040322060835151774,C
2110118862,3,5.24862209994037e-06,C
2110118862,3,5.24862209994037e-06,C
2110118862,3,5.24862209994037e-06,C
2982494297,3,0.0,C
2982494297,3,0.0,C
2982494297,3,0.0,C
2982494297,3,0.0,C
2982494297,3,0.0,C
3565491185,3,0.0,C
3565491185,3,0.0,C
3565491185,3,0.0,C
3565491185,3,0.0,C
3565491185,3,0.0,C
2308348490,3,0.0,C
2308348490,3,0.0,C
2308348490,3,0.0,C
2308348490,3,0.0,C
2308348490,3,0.0,C
530219946,3,0.0,C
530219946,3,0.0,C
530219946,3,0.0,C
530219946,3,0.0,C
530219946,3,0.0,C
736735858,3,0.0,C
736735858,3,0.0,C
736735858,3,0.0,C
736735858,3,0.0,C
736735858,3,0.0,C
2065620398,3,0.0,C
2065620398,3,0.0,C
2065620398,3,0.0,C
2065620398,3,0.0,C
2065620398,3,0.0,C
3545175291,3,0.0,C
3545175291,3,0.0,C
3545175291,3,0.0,C
3545175291,3,0.0,C
3545175291,3,0.0,C
4095742117,3,0.0,C
4095742117,3,0.0,C
4095742117,3,0.0,C
4095742117,3,0.0,C
4095742117,3,0.0,C
62093196,3,0.0,C
62093196,3,0.0,C
62093196,3,0.0,C
62093196,3,0.0,C
62093196,3,0.0,C
603510687,3,0.00017363546417814568,C
603510687,3,0.0008056905959603622,C
603510687,3,0.0005854691025493075,C
603510687,3,0.0,C
603510687,3,0.0,C
2814583100,3,0.0,O
2814583100,3,0.0,O
2814583100,3,0.0,O
2814583100,3,0.0,O
2814583100,3,0.0,O
3121777292,3,0.0,N
3121777292,3,0.0,N
3121777292,3,0.0,N
3121777292,3,0.0,N
3121777292,3,0.0,N
2459741777,3,0.0,O
2459741777,3,0.0,O
2459741777,3,0.0,O
2459741777,3,0.0,O
2459741777,3,0.0,O
603177034,3,0.0008821081794910812,C
603177034,3,0.0012285424956102187,C
603177034,3,0.002061734537862403,C
603177034,3,0.002061734537862403,C
603177034,3,0.0006366698179829378,C
3401232302,3,5.567312972176719e-05,N
3401232302,3,5.567312972176719e-05,N
3401232302,3,0.0001351442090247179,N
3401232302,3,5.567312972176719e-05,N
3401232302,3,5.567312972176719e-05,N
318524446,3,0.0,Br
318524446,3,0.0,Br
318524446,3,0.0,Br
318524446,3,0.0,Br
318524446,3,0.0,Br
1533899907,3,0.0,O
1533899907,3,0.0,O
1533899907,3,0.0,O
1533899907,3,0.0,O
1533899907,3,0.0,O
1514095308,3,0.014270431569546549,C
1514095308,3,0.007567959876508379,C
1514095308,3,0.011798590166818945,C
1514095308,3,0.010257002242133328,C
1514095308,3,0.011230227327154063,C
520380133,3,0.0,C
520380133,3,0.0,C
520380133,3,0.0,C
520380133,3,0.0,C
520380133,3,0.0,C
895910141,3,0.0,C
895910141,3,0.0,C
895910141,3,0.0,C
895910141,3,0.0,C
895910141,3,0.0,C
1184436594,3,0.0,C
1184436594,3,0.0,C
1184436594,3,0.0,C
1184436594,3,0.0,C
1184436594,3,0.0,C
1824088295,3,0.0,C
1824088295,3,0.0,C
1824088295,3,0.0,C
1824088295,3,0.0,C
1824088295,3,0.0,C
475449594,3,0.0,F
475449594,3,0.0,F
475449594,3,0.0,F
475449594,3,0.0,F
475449594,3,0.0,F
1241191405,3,0.0,C
1241191405,3,0.0,C
1241191405,3,0.0,C
1241191405,3,0.0,C
1241191405,3,0.0,C
2563827157,3,0.0,C
2563827157,3,0.0,C
2563827157,3,0.0,C
2563827157,3,0.0,C
2563827157,3,0.0,C
4003054055,3,0.0,C
4003054055,3,0.0,C
4003054055,3,0.0,C
4003054055,3,0.0,C
4003054055,3,0.0,C
2998383401,3,0.0,S
2998383401,3,0.0,S
2998383401,3,0.0,S
2998383401,3,0.0,S
2998383401,3,0.0,S
2163923111,3,0.0,C
2163923111,3,0.0,C
2163923111,3,0.0,C
2163923111,3,0.0,C
2163923111,3,0.0,C
892756502,3,0.0,C
892756502,3,0.0,C
892756502,3,0.0,C
892756502,3,0.0,C
892756502,3,0.0,C
1505942694,3,0.0,C
1505942694,3,0.0,C
1505942694,3,0.0,C
1505942694,3,0.0,C
1505942694,3,0.0,C
3308893703,3,0.0,C
3308893703,3,0.0,C
3308893703,3,0.0,C
3308893703,3,0.0,C
3308893703,3,0.0,C
2064745600,3,0.0,C
2064745600,3,0.0,C
2064745600,3,0.0,C
2064745600,3,0.0,C
2064745600,3,0.0,C
1667497117,3,0.0,C
1667497117,3,0.0,C
1667497117,3,0.0,C
1667497117,3,0.0,C
1667497117,3,0.0,C
2654043257,3,0.0,N
2654043257,3,0.0,N
2654043257,3,0.0,N
2654043257,3,0.0,N
2654043257,3,0.0,N
2753863138,3,0.0,C
2753863138,3,0.0,C
2753863138,3,0.0,C
2753863138,3,0.0,C
2753863138,3,0.0,C
1857396528,3,0.0,C
1857396528,3,0.0,C
1857396528,3,0.0,C
1857396528,3,0.0,C
1857396528,3,0.0,C
871877728,3,0.0,C
871877728,3,0.0,C
871877728,3,0.0,C
871877728,3,0.0,C
871877728,3,0.0,C
3224978178,3,0.0,C
3224978178,3,0.0,C
3224978178,3,0.0,C
3224978178,3,0.0,C
3224978178,3,0.0,C
1385310220,3,0.0,C
1385310220,3,0.0,C
1385310220,3,0.0,C
1385310220,3,0.0,C
1385310220,3,0.0,C
1635242581,3,0.0,P
1635242581,3,0.0,P
1635242581,3,0.0,P
1635242581,3,0.0,P
1635242581,3,0.0,P
2027655192,3,0.0,O
2027655192,3,0.0,O
2027655192,3,0.0,O
2027655192,3,0.0,O
2027655192,3,0.0,O
4006898938,3,0.0,S
4006898938,3,0.0,S
4006898938,3,0.0,S
4006898938,3,0.0,S
4006898938,3,0.0,S
947207704,3,0.0,C
947207704,3,0.0,C
947207704,3,0.0,C
947207704,3,0.0,C
947207704,3,0.0,C
3341916169,3,0.0,C
3341916169,3,0.0,C
3341916169,3,0.0,C
3341916169,3,0.0,C
3341916169,3,0.0,C
3855312692,3,0.0,C
3855312692,3,0.0,C
3855312692,3,0.0,C
3855312692,3,0.0,C
3855312692,3,0.0,C
4108734886,3,0.0,C
4108734886,3,0.0,C
4108734886,3,0.0,C
4108734886,3,0.0,C
4108734886,3,0.0,C
267908151,3,0.0,C
267908151,3,0.0,C
267908151,3,0.0,C
267908151,3,0.0,C
267908151,3,0.0,C
1871221615,3,0.0,C
1871221615,3,0.0,C
1871221615,3,0.0,C
1871221615,3,0.0,C
1871221615,3,0.0,C
3232457362,3,0.0,S
3232457362,3,0.0,S
3232457362,3,0.0,S
3232457362,3,0.0,S
3232457362,3,0.0,S
3534721953,3,0.0,N
3534721953,3,0.0,N
3534721953,3,0.0,N
3534721953,3,0.0,N
3534721953,3,0.0,N
4018048386,3,0.0,C
4018048386,3,0.0,C
4018048386,3,0.0,C
4018048386,3,0.0,C
4018048386,3,0.0,C
1915080917,3,0.0,C
1915080917,3,0.0,C
1915080917,3,0.0,C
1915080917,3,0.0,C
1915080917,3,0.0,C
431202968,3,0.0,O
431202968,3,0.0,O
431202968,3,0.0,O
431202968,3,0.0,O
431202968,3,0.0,O
870935869,3,0.0,C
870935869,3,0.0,C
870935869,3,0.0,C
870935869,3,0.0,C
870935869,3,0.0,C
1790668568,3,0.0,N
1790668568,3,0.0,N
1790668568,3,0.0,N
1790668568,3,0.0,N
1790668568,3,0.0,N
2664622273,3,0.0,C
2664622273,3,0.0,C
2664622273,3,0.0,C
2664622273,3,0.0,C
2664622273,3,0.0,C
1823539237,3,0.0,S
1823539237,3,0.0,S
1823539237,3,0.0,S
1823539237,3,0.0,S
1823539237,3,0.0,S
854737118,3,0.0,C
854737118,3,0.0,C
854737118,3,0.0,C
854737118,3,0.0,C
854737118,3,0.0,C
1842114921,3,0.0,C
1842114921,3,0.0,C
1842114921,3,0.0,C
1842114921,3,0.0,C
1842114921,3,0.0,C
1917146276,3,0.0,S
1917146276,3,0.0,S
1917146276,3,0.0,S
1917146276,3,0.0,S
1917146276,3,0.0,S
2296764637,3,0.0,C
2296764637,3,0.0,C
2296764637,3,0.0,C
2296764637,3,0.0,C
2296764637,3,0.0,C
3066203908,3,0.0,N
3066203908,3,0.0,N
3066203908,3,0.0,N
3066203908,3,0.0,N
3066203908,3,0.0,N
4140259565,3,0.0,C
4140259565,3,0.0,C
4140259565,3,0.0,C
4140259565,3,0.0,C
4140259565,3,0.0,C
2807496773,3,-0.0019128302823190335,O
2807496773,3,-0.0025771742701836686,O
2807496773,3,-0.0033189642024238353,O
2807496773,3,-0.001140509629022013,O
2807496773,3,0.0023646554209858506,O
3927890045,3,0.0,C
3927890045,3,0.0,C
3927890045,3,0.0,C
3927890045,3,0.0,C
3927890045,3,0.0,C
2154640335,3,0.0,O
2154640335,3,0.0,O
2154640335,3,0.0,O
2154640335,3,0.0,O
2154640335,3,0.0,O
4160330003,3,0.0,C
4160330003,3,0.0,C
4160330003,3,0.0,C
4160330003,3,0.0,C
4160330003,3,0.0,C
4096536289,3,0.0,C
4096536289,3,0.0,C
4096536289,3,0.0,C
4096536289,3,0.0,C
4096536289,3,0.0,C
1812689920,3,0.0,S
1812689920,3,0.0,S
1812689920,3,0.0,S
1812689920,3,0.0,S
1812689920,3,0.0,S
3351556771,3,0.0,S
3351556771,3,0.0,S
3351556771,3,0.0,S
3351556771,3,0.0,S
3351556771,3,0.0,S
203749390,3,0.0,C
203749390,3,0.0,C
203749390,3,0.0,C
203749390,3,0.0,C
203749390,3,0.0,C
1880637161,3,0.0,S
1880637161,3,0.0,S
1880637161,3,0.0,S
1880637161,3,0.0,S
1880637161,3,0.0,S
446538036,3,0.0,C
446538036,3,0.0,C
446538036,3,0.0,C
446538036,3,0.0,C
446538036,3,0.0,C
847336149,3,0.0,N
847336149,3,0.0,N
847336149,3,0.0,N
847336149,3,0.0,N
847336149,3,0.0,N
27060903,3,0.0,S
27060903,3,0.0,S
27060903,3,0.0,S
27060903,3,0.0,S
27060903,3,0.0,S
914018444,3,0.0,O
914018444,3,0.0,O
914018444,3,0.0,O
914018444,3,0.0,O
914018444,3,0.0,O
2029006240,3,0.0,C
2029006240,3,0.0,C
2029006240,3,0.0,C
2029006240,3,0.0,C
2029006240,3,0.0,C
2451244026,3,0.0,N
2451244026,3,0.0,N
2451244026,3,0.0,N
2451244026,3,0.0,N
2451244026,3,0.0,N
3796701813,3,0.0,C
3796701813,3,0.0,C
3796701813,3,0.0,C
3796701813,3,0.0,C
3796701813,3,0.0,C
2042632700,3,0.0,C
2042632700,3,0.0,C
2042632700,3,0.0,C
2042632700,3,0.0,C
2042632700,3,0.0,C
3723215905,3,0.0,C
3723215905,3,0.0,C
3723215905,3,0.0,C
3723215905,3,0.0,C
3723215905,3,0.0,C
4033380444,3,0.0,C
4033380444,3,0.0,C
4033380444,3,0.0,C
4033380444,3,0.0,C
4033380444,3,0.0,C
177486409,3,0.0,C
177486409,3,0.0,C
177486409,3,0.0,C
177486409,3,0.0,C
177486409,3,0.0,C
191043021,3,0.0,C
191043021,3,0.0,C
191043021,3,0.0,C
191043021,3,0.0,C
191043021,3,0.0,C
2810421479,3,0.0,O
2810421479,3,0.0,O
2810421479,3,0.0,O
2810421479,3,0.0,O
2810421479,3,0.0,O
3910798935,3,0.0,C
3910798935,3,0.0,C
3910798935,3,0.0,C
3910798935,3,0.0,C
3910798935,3,0.0,C
2983182085,3,0.0,C
2983182085,3,0.0,C
2983182085,3,0.0,C
2983182085,3,0.0,C
2983182085,3,0.0,C
912632640,3,0.0,C
912632640,3,0.0,C
912632640,3,0.0,C
912632640,3,0.0,C
912632640,3,0.0,C
1730555933,3,0.0,C
1730555933,3,0.0,C
1730555933,3,0.0,C
1730555933,3,0.0,C
1730555933,3,0.0,C
447049820,3,0.00027121435248989023,C
447049820,3,0.00016678435034056527,C
447049820,3,0.00011408700033799235,C
447049820,3,0.00025648548199141974,C
447049820,3,0.00010275408833448907,C
736735794,3,0.0,C
736735794,3,0.0,C
736735794,3,0.0,C
736735794,3,0.0,C
736735794,3,0.0,C
737231698,3,0.00020629204339484009,C
737231698,3,7.074114115868113e-05,C
737231698,3,4.552799827428622e-05,C
737231698,3,0.00012298397632504177,C
737231698,3,4.3130917219746934e-05,C
421940045,3,0.0,C
421940045,3,0.0,C
421940045,3,0.0,C
421940045,3,0.0,C
421940045,3,0.0,C
2642229148,3,0.0,C
2642229148,3,0.0,C
2642229148,3,0.0,C
2642229148,3,0.0,C
2642229148,3,0.0,C
1894581838,3,0.0,C
1894581838,3,0.0,C
1894581838,3,0.0,C
1894581838,3,0.0,C
1894581838,3,0.0,C
1894581839,3,0.0,C
1894581839,3,0.0,C
1894581839,3,0.0,C
1894581839,3,0.0,C
1894581839,3,0.0,C
3491109101,3,0.0,C
3491109101,3,0.0,C
3491109101,3,0.0,C
3491109101,3,0.0,C
3491109101,3,0.0,C
624765600,3,0.0,C
624765600,3,0.0,C
624765600,3,0.0,C
624765600,3,0.0,C
624765600,3,0.0,C
4039837947,3,0.0,F
4039837947,3,0.0,F
4039837947,3,0.0,F
4039837947,3,0.0,F
4039837947,3,0.0,F
1064883769,3,0.0,C
1064883769,3,0.0,C
1064883769,3,0.0,C
1064883769,3,0.0,C
1064883769,3,0.0,C
595581388,3,0.0,S
595581388,3,0.0,S
595581388,3,0.0,S
595581388,3,0.0,S
595581388,3,0.0,S
2850007887,3,0.0,S
2850007887,3,0.0,S
2850007887,3,0.0,S
2850007887,3,0.0,S
2850007887,3,0.0,S
1987872597,3,0.0,O
1987872597,3,0.0,O
1987872597,3,0.0,O
1987872597,3,0.0,O
1987872597,3,0.0,O
2769904609,3,0.0,O
2769904609,3,0.0,O
2769904609,3,0.0,O
2769904609,3,0.0,O
2769904609,3,0.0,O
3299440986,3,0.0,S
3299440986,3,0.0,S
3299440986,3,0.0,S
3299440986,3,0.0,S
3299440986,3,0.0,S
3577933306,3,0.0,C
3577933306,3,0.0,C
3577933306,3,0.0,C
3577933306,3,0.0,C
3577933306,3,0.0,C
3577933307,3,0.0,C
3577933307,3,0.0,C
3577933307,3,0.0,C
3577933307,3,0.0,C
3577933307,3,0.0,C
229197718,3,0.0,S
229197718,3,0.0,S
229197718,3,0.0,S
229197718,3,0.0,S
229197718,3,0.0,S
1822332700,3,2.936196218039644e-05,C
1822332700,3,2.936196218039644e-05,C
1822332700,3,2.936196218039644e-05,C
1822332700,3,2.936196218039644e-05,C
1822332700,3,2.936196218039644e-05,C
215675288,3,0.0,C
215675288,3,0.0,C
215675288,3,0.0,C
215675288,3,0.0,C
215675288,3,0.0,C
1308598964,3,0.0,C
1308598964,3,0.0,C
1308598964,3,0.0,C
1308598964,3,0.0,C
1308598964,3,0.0,C
3430642422,3,0.0,C
3430642422,3,0.0,C
3430642422,3,0.0,C
3430642422,3,0.0,C
3430642422,3,0.0,C
3613186530,3,0.0,N
3613186530,3,0.0,N
3613186530,3,0.0,N
3613186530,3,0.0,N
3613186530,3,0.0,N
1421345390,3,0.0,C
1421345390,3,0.0,C
1421345390,3,0.0,C
1421345390,3,0.0,C
1421345390,3,0.0,C
2459836637,3,0.0,C
2459836637,3,0.0,C
2459836637,3,0.0,C
2459836637,3,0.0,C
2459836637,3,0.0,C
2667063169,3,0.0,O
2667063169,3,0.0,O
2667063169,3,0.0,O
2667063169,3,0.0,O
2667063169,3,0.0,O
1070821685,3,0.0,C
1070821685,3,0.0,C
1070821685,3,0.0,C
1070821685,3,0.0,C
1070821685,3,0.0,C
2155183954,3,0.0,O
2155183954,3,0.0,O
2155183954,3,0.0,O
2155183954,3,0.0,O
2155183954,3,0.0,O
584893129,3,0.0,C
584893129,3,0.0,C
584893129,3,0.0,C
584893129,3,0.0,C
584893129,3,0.0,C
3995043796,3,0.0,C
3995043796,3,0.0,C
3995043796,3,0.0,C
3995043796,3,0.0,C
3995043796,3,0.0,C
3464445458,3,0.0,C
3464445458,3,0.0,C
3464445458,3,0.0,C
3464445458,3,0.0,C
3464445458,3,0.0,C
1301245444,3,0.0,C
1301245444,3,0.0,C
1301245444,3,0.0,C
1301245444,3,0.0,C
1301245444,3,0.0,C
2662015685,3,0.0,C
2662015685,3,0.0,C
2662015685,3,0.0,C
2662015685,3,0.0,C
2662015685,3,0.0,C
3877555087,3,0.0,C
3877555087,3,0.0,C
3877555087,3,0.0,C
3877555087,3,0.0,C
3877555087,3,0.0,C
530220010,3,0.00043882579221898865,C
530220010,3,0.00023408734373508988,C
530220010,3,0.0001764075489478767,C
530220010,3,0.0003610491082000067,C
530220010,3,0.00016498715514590145,C
144568923,3,0.0,C
144568923,3,0.0,C
144568923,3,0.0,C
144568923,3,0.0,C
144568923,3,0.0,C
2341335741,3,0.0,N
2341335741,3,0.0,N
2341335741,3,0.0,N
2341335741,3,0.0,N
2341335741,3,0.0,N
1582611257,3,0.0,C
1582611257,3,0.0,C
1582611257,3,0.0,C
1582611257,3,0.0,C
1582611257,3,0.0,C
492051864,3,0.0,C
492051864,3,0.0,C
492051864,3,0.0,C
492051864,3,0.0,C
492051864,3,0.0,C
2807500754,3,0.0,O
2807500754,3,0.0,O
2807500754,3,0.0,O
2807500754,3,0.0,O
2807500754,3,0.0,O
1597841496,3,0.0,C
1597841496,3,0.0,C
1597841496,3,0.0,C
1597841496,3,0.0,C
1597841496,3,0.0,C
2722711951,3,0.0,C
2722711951,3,0.0,C
2722711951,3,0.0,C
2722711951,3,0.0,C
2722711951,3,0.0,C
2013329825,3,0.0,C
2013329825,3,0.0,C
2013329825,3,0.0,C
2013329825,3,0.0,C
2013329825,3,0.0,C
2591080434,3,0.0,N
2591080434,3,0.0,N
2591080434,3,0.0,N
2591080434,3,0.0,N
2591080434,3,0.0,N
4110201252,3,0.0,C
4110201252,3,0.0,C
4110201252,3,0.0,C
4110201252,3,0.0,C
4110201252,3,0.0,C
1602567453,3,0.0,C
1602567453,3,0.0,C
1602567453,3,0.0,C
1602567453,3,0.0,C
1602567453,3,0.0,C
3222770065,3,0.0,C
3222770065,3,0.0,C
3222770065,3,0.0,C
3222770065,3,0.0,C
3222770065,3,0.0,C
3726304495,3,0.0,C
3726304495,3,0.0,C
3726304495,3,0.0,C
3726304495,3,0.0,C
3726304495,3,0.0,C
977565923,3,0.0,C
977565923,3,0.0,C
977565923,3,0.0,C
977565923,3,0.0,C
977565923,3,0.0,C
4022712435,3,0.0,C
4022712435,3,0.0,C
4022712435,3,0.0,C
4022712435,3,0.0,C
4022712435,3,0.0,C
606428793,3,0.0,C
606428793,3,0.0,C
606428793,3,0.0,C
606428793,3,0.0,C
606428793,3,0.0,C
2296493092,3,0.0,N
2296493092,3,0.0,N
2296493092,3,0.0,N
2296493092,3,0.0,N
2296493092,3,0.0,N
202715083,3,0.0,C
202715083,3,0.0,C
202715083,3,0.0,C
202715083,3,0.0,C
202715083,3,0.0,C
3555030288,3,0.0,I
3555030288,3,0.0,I
3555030288,3,0.0,I
3555030288,3,0.0,I
3555030288,3,0.0,I
3464445461,3,0.0,C
3464445461,3,0.0,C
3464445461,3,0.0,C
3464445461,3,0.0,C
3464445461,3,0.0,C
848128881,4,0.030504738858481706,N
848128881,4,0.023567520803124964,N
848128881,4,0.028290153204741153,N
848128881,4,0.041561462174316,N
848128881,4,0.028131691221185418,N
864674487,4,0.0737366138174248,O
864674487,4,0.035548532706449976,O
864674487,4,0.04003261248443091,O
864674487,4,0.07238857409460986,O
864674487,4,0.06876563226328292,O
864942730,4,0.34616589844428236,O
864942730,4,0.33584284713716384,O
864942730,4,0.2787819096901085,O
864942730,4,0.3083935895696043,O
864942730,4,0.25538849024354837,O
2246699815,4,0.00025477086560798945,C
2246699815,4,0.0001532152743086712,C
2246699815,4,0.00021713187734562212,C
2246699815,4,0.0003590312606006618,C
2246699815,4,9.406275993484314e-05,C
2246728737,4,-0.004079126945032652,C
2246728737,4,-0.009526346164454136,C
2246728737,4,-0.006507976715328656,C
2246728737,4,0.004800598405323431,C
2246728737,4,-0.010546868818412158,C
3217380708,4,0.06096011244626842,C
3217380708,4,0.04103204863404397,C
3217380708,4,0.09065701453700847,C
3217380708,4,0.06461133855436263,C
3217380708,4,0.07980721663085322,C
3218693969,4,0.0002497673859847005,C
3218693969,4,0.00019851528173675526,C
3218693969,4,0.0003635188387705046,C
3218693969,4,0.0002285261484056278,C
3218693969,4,0.0002285261484056278,C
951226070,4,-0.0031444690159810884,C
951226070,4,-0.001000119434412472,C
951226070,4,-0.0036006758316671217,C
951226070,4,-0.0023031616387172438,C
951226070,4,-0.0008545016186479737,C
994637429,4,2.5383806015355503e-05,N
994637429,4,2.5383806015355503e-05,N
994637429,4,-7.248423350980637e-05,N
994637429,4,2.5383806015355503e-05,N
994637429,4,2.5383806015355503e-05,N
1510328189,4,0.007922733502645052,O
1510328189,4,0.004343930883954128,O
1510328189,4,0.016889147887841238,O
1510328189,4,0.010432062238585171,O
1510328189,4,0.015285278851082329,O
1738265797,4,0.0,C
1738265797,4,0.0,C
1738265797,4,0.0,C
1738265797,4,0.0,C
1738265797,4,0.0,C
2076190208,4,-0.00022155964460157662,O
2076190208,4,0.00037862371416652607,O
2076190208,4,0.0004985063332634265,O
2076190208,4,0.001018258642558667,O
2076190208,4,0.0005500501600136376,O
2994748777,4,0.0029656013747180188,C
2994748777,4,0.0005428543555063836,C
2994748777,4,0.0026244435598145044,C
2994748777,4,0.0002029063602804193,C
2994748777,4,-0.00012999562533344555,C
3162837314,4,0.0007660112981989764,C
3162837314,4,0.0001677777858730689,C
3162837314,4,0.0007226553349906073,C
3162837314,4,-0.0007058556569423668,C
3162837314,4,1.067389088083015e-05,C
3818546315,4,-0.0014802212969426964,C
3818546315,4,-0.0028156669484478147,C
3818546315,4,-0.001796523622082935,C
3818546315,4,0.004812974892935529,C
3818546315,4,-0.003664906329294282,C
3975275337,4,0.0038215686326220633,C
3975275337,4,0.005049727320551423,C
3975275337,4,0.0037432907055485742,C
3975275337,4,0.00883578254583861,C
3975275337,4,0.005904447238179733,C
2245273601,4,-0.0013143339399972476,C
2245273601,4,-2.5005267488165117e-05,C
2245273601,4,2.8120897237027265e-05,C
2245273601,4,8.432767876098701e-06,C
2245273601,4,-0.0007454676823495099,C
2246703798,4,-0.0002575420383467142,C
2246703798,4,-0.0014202194701471438,C
2246703798,4,-0.015522329184436079,C
2246703798,4,-0.001230028090104085,C
2246703798,4,-0.002781548161183034,C
2246997334,4,0.004480422411995311,C
2246997334,4,0.002162404975924126,C
2246997334,4,0.0008641083542831884,C
2246997334,4,0.004551352470888448,C
2246997334,4,0.0033120977214051717,C
99429666,4,0.0,C
99429666,4,0.0,C
99429666,4,0.0,C
99429666,4,0.0,C
99429666,4,0.0,C
187141432,4,0.0,C
187141432,4,0.0,C
187141432,4,0.0,C
187141432,4,0.0,C
187141432,4,0.0,C
3537119515,4,0.0056802905343578125,C
3537119515,4,0.014579885767990186,C
3537119515,4,0.005169385187135389,C
3537119515,4,0.01138494822289915,C
3537119515,4,0.005114164873799232,C
3696402029,4,-1.7630928482170738e-05,C
3696402029,4,-3.8894201041417276e-05,C
3696402029,4,-0.0005058569938626301,C
3696402029,4,-3.8894201041417276e-05,C
3696402029,4,-0.000441121410760581,C
2041434490,4,0.02868891477060087,N
2041434490,4,0.028781174886900907,N
2041434490,4,0.03901147039356112,N
2041434490,4,0.04538897306122358,N
2041434490,4,0.05828883977423094,N
2245384272,4,0.0017926895313942204,C
2245384272,4,0.00407300845321934,C
2245384272,4,0.003642309918000408,C
2245384272,4,0.0031428504809288826,C
2245384272,4,0.0007063721960521852,C
618671879,4,0.0,C
618671879,4,0.0,C
618671879,4,0.0,C
618671879,4,0.0,C
618671879,4,0.0,C
1100037548,4,-1.249210971743242e-05,N
1100037548,4,-1.249210971743242e-05,N
1100037548,4,-1.249210971743242e-05,N
1100037548,4,-1.249210971743242e-05,N
1100037548,4,-1.249210971743242e-05,N
2697110228,4,0.0,C
2697110228,4,0.0,C
2697110228,4,0.0,C
2697110228,4,0.0,C
2697110228,4,0.0,C
3118255683,4,-0.007555468989916103,N
3118255683,4,0.00019239963429729112,N
3118255683,4,0.004661416728093726,N
3118255683,4,0.003352969356626212,N
3118255683,4,0.006420416771363069,N
3542456614,4,0.013617231112195816,C
3542456614,4,0.008084496200120528,C
3542456614,4,0.0011972038202856528,C
3542456614,4,0.009025686593378213,C
3542456614,4,0.013358425025380982,C
3776905034,4,0.0011903843118947766,C
3776905034,4,0.00014954239392306334,C
3776905034,4,0.00015460985484971879,C
3776905034,4,0.00028536830906245036,C
3776905034,4,0.00035830548990700706,C
3777168895,4,-0.0001595491059191989,C
3777168895,4,0.0008192516570305619,C
3777168895,4,2.0956432599028574e-05,C
3777168895,4,-1.450786807022375e-06,C
3777168895,4,2.3299138156018806e-05,C
864662311,4,0.6288256175694077,O
864662311,4,0.6169714768577624,O
864662311,4,0.6051024628613014,O
864662311,4,0.4762464648550584,O
864662311,4,0.577672790258384,O
1173125914,4,0.007582962290006545,C
1173125914,4,0.009021260511039464,C
1173125914,4,0.0004675999130853148,C
1173125914,4,0.0066720521058853954,C
1173125914,4,0.014881510717504653,C
1510461303,4,-0.0005287731492368275,C
1510461303,4,-0.0009121464114260069,C
1510461303,4,-0.0018633748583803955,C
1510461303,4,-0.0016641207119512114,C
1510461303,4,0.00039064505577979247,C
1535166686,4,-0.006346252782855943,O
1535166686,4,0.002518653864610698,O
1535166686,4,-0.0062835110720821374,O
1535166686,4,-0.006121351365246941,O
1535166686,4,-0.00567631306004901,O
4023654873,4,-0.0004955065081857501,C
4023654873,4,-7.518236201975448e-05,C
4023654873,4,-0.00042023806025914823,C
4023654873,4,-0.00043951598103531,C
4023654873,4,-0.0004475248022488554,C
26234434,4,-0.0005781315237630702,O
26234434,4,-0.0005168539595328259,O
26234434,4,-0.0005641611654761958,O
26234434,4,-0.0006754899815946125,O
26234434,4,-0.0006855776777561218,O
422715066,4,0.007908984117418916,C
422715066,4,0.004169042697198866,C
422715066,4,0.005138622209505561,C
422715066,4,0.008195758490556093,C
422715066,4,0.004878831754282276,C
994485099,4,-0.0014053129120489283,C
994485099,4,-0.00020614777848348975,C
994485099,4,-0.0003952643375174647,C
994485099,4,0.002021926704337762,C
994485099,4,-0.002364387837423876,C
2905660137,4,-0.0028867874455074105,C
2905660137,4,-0.0007479521483733098,C
2905660137,4,-0.003592877925019944,C
2905660137,4,-0.0022847863854478234,C
2905660137,4,-0.006365302778835402,C
3207567135,4,0.0024849846995691482,C
3207567135,4,0.001695904687105787,C
3207567135,4,0.0018335597926522063,C
3207567135,4,0.0017182471509120667,C
3207567135,4,0.0008038172582449654,C
3004333805,4,0.0010672067792065754,C
3004333805,4,0.0012272469377360151,C
3004333805,4,0.001009900849415435,C
3004333805,4,0.001212547582156609,C
3004333805,4,0.0012892084566625828,C
2245277810,4,0.004146581388162263,C
2245277810,4,0.007242109467392455,C
2245277810,4,0.014737719325745302,C
2245277810,4,0.016171262799586028,C
2245277810,4,-0.003013031827721724,C
1542631284,4,0.0,O
1542631284,4,0.0,O
1542631284,4,0.0,O
1542631284,4,0.0,O
1542631284,4,0.0,O
1583009052,4,0.0,C
1583009052,4,0.0,C
1583009052,4,0.0,C
1583009052,4,0.0,C
1583009052,4,0.0,C
3537123720,4,0.0006146196047976948,C
3537123720,4,-0.0038416006085526533,C
3537123720,4,-0.00034066631208196085,C
3537123720,4,-0.00025411659265939246,C
3537123720,4,-0.0045730246456101575,C
3992738647,4,0.0,C
3992738647,4,0.0,C
3992738647,4,0.0,C
3992738647,4,0.0,C
3992738647,4,0.0,C
2968968094,4,0.01216400097427961,C
2968968094,4,0.012714182675292784,C
2968968094,4,0.010480343083588028,C
2968968094,4,0.013010677405898008,C
2968968094,4,0.004764493049591589,C
2976033787,4,0.0060581653583147155,C
2976033787,4,0.005282819873121625,C
2976033787,4,0.004946281748569592,C
2976033787,4,0.006113774390903548,C
2976033787,4,0.005996794702338382,C
1456537864,4,0.0,C
1456537864,4,0.0,C
1456537864,4,0.0,C
1456537864,4,0.0,C
1456537864,4,0.0,C
1456537871,4,0.0,C
1456537871,4,0.0,C
1456537871,4,0.0,C
1456537871,4,0.0,C
1456537871,4,0.0,C
1858577693,4,0.00040836487920370423,C
1858577693,4,0.0003754862076916776,C
1858577693,4,0.0003749477588658179,C
1858577693,4,0.0004200046929512258,C
1858577693,4,0.00039002902889051505,C
2117068077,4,0.0038811841674319947,C
2117068077,4,0.0038811841674319947,C
2117068077,4,0.0038811841674319947,C
2117068077,4,0.0038811841674319947,C
2117068077,4,0.0038811841674319947,C
2142032900,4,-0.004678084204824184,C
2142032900,4,0.0006767565397145514,C
2142032900,4,0.000875593381793216,C
2142032900,4,-0.0026500924960702887,C
2142032900,4,-0.0004248116851769401,C
1506563592,4,-0.00011857495718181621,C
1506563592,4,9.91597986579329e-05,C
1506563592,4,0.0004656694578140108,C
1506563592,4,9.636023945946981e-05,C
1506563592,4,0.0015210036693353857,C
1542633699,4,0.0,O
1542633699,4,0.0,O
1542633699,4,0.0,O
1542633699,4,0.0,O
1542633699,4,0.0,O
2788245326,4,0.0,C
2788245326,4,0.0,C
2788245326,4,0.0,C
2788245326,4,0.0,C
2788245326,4,0.0,C
3612926680,4,0.0037446141130446087,Br
3612926680,4,0.0013105342584075474,Br
3612926680,4,-0.0010194746975615843,Br
3612926680,4,0.003336193693029843,Br
3612926680,4,0.003395316830895556,Br
311542011,4,5.025774530098559e-06,Br
311542011,4,-0.00014825943309104694,Br
311542011,4,0.0,Br
311542011,4,0.0,Br
311542011,4,-4.276834019156794e-06,Br
1008978649,4,0.0,C
1008978649,4,0.0,C
1008978649,4,0.0,C
1008978649,4,0.0,C
1008978649,4,0.0,C
4081192418,4,0.0,C
4081192418,4,0.0,C
4081192418,4,0.0,C
4081192418,4,0.0,C
4081192418,4,0.0,C
98513984,4,0.011271637101315735,C
98513984,4,0.018412079343545384,C
98513984,4,0.014005197444637463,C
98513984,4,0.01973401423893928,C
98513984,4,0.009563178840531816,C
1167322652,4,0.0,C
1167322652,4,0.0,C
1167322652,4,0.0,C
1167322652,4,0.0,C
1167322652,4,0.0,C
2222715027,4,-1.8638515976943104e-05,O
2222715027,4,-2.304902416105925e-05,O
2222715027,4,0.00040906215419533876,O
2222715027,4,-0.00021697602483583545,O
2222715027,4,-0.00019831117292223865,O
3994088662,4,0.0,C
3994088662,4,0.0,C
3994088662,4,0.0,C
3994088662,4,0.0,C
3994088662,4,0.0,C
4194366826,4,0.0,C
4194366826,4,0.0,C
4194366826,4,0.0,C
4194366826,4,0.0,C
4194366826,4,0.0,C
176403689,4,0.0001339692901197731,C
176403689,4,-5.51954955340106e-05,C
176403689,4,-0.0002448017935530178,C
176403689,4,5.430896935976204e-05,C
176403689,4,-0.0013417051949584646,C
530226997,4,0.0,C
530226997,4,0.0,C
530226997,4,0.0,C
530226997,4,0.0,C
530226997,4,0.0,C
530250207,4,0.0,C
530250207,4,0.0,C
530250207,4,0.0,C
530250207,4,0.0,C
530250207,4,0.0,C
1167268241,4,-1.9687472623375335e-05,C
1167268241,4,2.963401354305617e-05,C
1167268241,4,0.0001660417569921968,C
1167268241,4,6.553689998578527e-06,C
1167268241,4,0.0004075849278249999,C
2410697676,4,0.0,C
2410697676,4,0.0,C
2410697676,4,0.0,C
2410697676,4,0.0,C
2410697676,4,0.0,C
3545365497,4,4.719057787427872e-06,C
3545365497,4,-2.55174927077384e-05,C
3545365497,4,-0.00039473239576137686,C
3545365497,4,-6.103035873561424e-06,C
3545365497,4,1.6036634332250443e-05,C
4018138687,4,0.0,C
4018138687,4,0.0,C
4018138687,4,0.0,C
4018138687,4,0.0,C
4018138687,4,0.0,C
1276993226,4,-8.694262246722317e-05,C
1276993226,4,9.671982025827308e-05,C
1276993226,4,-0.00016021344475214416,C
1276993226,4,1.2941496490337379e-05,C
1276993226,4,-9.266853517075901e-05,C
1842898132,4,-0.00015645686812826298,C
1842898132,4,0.0002038715737675556,C
1842898132,4,-0.0001497606149335473,C
1842898132,4,-1.923573103090881e-05,C
1842898132,4,-0.0001317351980518744,C
2115476908,4,0.0,O
2115476908,4,0.0,O
2115476908,4,0.0,O
2115476908,4,0.0,O
2115476908,4,0.0,O
1914229733,4,0.0,C
1914229733,4,0.0,C
1914229733,4,0.0,C
1914229733,4,0.0,C
1914229733,4,0.0,C
2664995851,4,-3.891914877618419e-05,C
2664995851,4,0.00010535007515743988,C
2664995851,4,0.0001391192468213065,C
2664995851,4,-2.577981853768563e-06,C
2664995851,4,0.0009068689860167733,C
4008337421,4,0.003846785155473542,C
4008337421,4,0.012091612314644617,C
4008337421,4,0.009208007416957709,C
4008337421,4,0.004699453842544665,C
4008337421,4,0.003450385896478725,C
984189120,4,0.0,P
984189120,4,0.0,P
984189120,4,0.0,P
984189120,4,0.0,P
984189120,4,0.0,P
1026654305,4,0.0,S
1026654305,4,0.0,S
1026654305,4,0.0,S
1026654305,4,0.0,S
1026654305,4,0.0,S
1026928756,4,0.002377487960709468,S
1026928756,4,0.0024867760342571765,S
1026928756,4,0.00221044009190674,S
1026928756,4,0.004055675721457264,S
1026928756,4,0.001975371648943125,S
921439924,4,0.0,O
921439924,4,0.0,O
921439924,4,0.0,O
921439924,4,0.0,O
921439924,4,0.0,O
1688374977,4,0.0,S
1688374977,4,0.0,S
1688374977,4,0.0,S
1688374977,4,0.0,S
1688374977,4,0.0,S
2918505930,4,0.0,C
2918505930,4,0.0,C
2918505930,4,0.0,C
2918505930,4,0.0,C
2918505930,4,0.0,C
3231363925,4,0.0,S
3231363925,4,0.0,S
3231363925,4,0.0,S
3231363925,4,0.0,S
3231363925,4,0.0,S
3369488737,4,0.0,P
3369488737,4,0.0,P
3369488737,4,0.0,P
3369488737,4,0.0,P
3369488737,4,0.0,P
266675433,4,0.0,O
266675433,4,0.0,O
266675433,4,0.0,O
266675433,4,0.0,O
266675433,4,0.0,O
1186654798,4,0.0,C
1186654798,4,0.0,C
1186654798,4,0.0,C
1186654798,4,0.0,C
1186654798,4,0.0,C
892756502,4,0.0,C
892756502,4,0.0,C
892756502,4,0.0,C
892756502,4,0.0,C
892756502,4,0.0,C
2110118862,4,0.00017619226949461275,C
2110118862,4,0.00017619226949461275,C
2110118862,4,0.00017619226949461275,C
2110118862,4,0.00017619226949461275,C
2110118862,4,0.00017619226949461275,C
2154935424,4,-0.0015420909660197601,O
2154935424,4,0.00041357835062316717,O
2154935424,4,0.0006578975515011409,O
2154935424,4,0.00042753208394663567,O
2154935424,4,0.00047885665327462856,O
847433064,4,0.008132638995342889,N
847433064,4,0.008120047482000015,N
847433064,4,0.01288038279327286,N
847433064,4,0.009308506133943517,N
847433064,4,0.013683020866026352,N
2245900962,4,-0.0005901021142428187,C
2245900962,4,-0.0005764577525667614,C
2245900962,4,-0.0010568326779111237,C
2245900962,4,-0.0001196199437674128,C
2245900962,4,0.0006058608470215221,C
551287920,4,0.0,C
551287920,4,0.0,C
551287920,4,0.0,C
551287920,4,0.0,C
551287920,4,0.0,C
1999904870,4,0.0,C
1999904870,4,0.0,C
1999904870,4,0.0,C
1999904870,4,0.0,C
1999904870,4,0.0,C
2551483158,4,-0.00019279929972015886,N
2551483158,4,-0.00017263060616268255,N
2551483158,4,-0.0004513682097739835,N
2551483158,4,-0.00017002657752129835,N
2551483158,4,-1.1958583867155426e-05,N
141882433,4,0.0,C
141882433,4,0.0,C
141882433,4,0.0,C
141882433,4,0.0,C
141882433,4,0.0,C
1173346717,4,0.0,C
1173346717,4,0.0,C
1173346717,4,0.0,C
1173346717,4,0.0,C
1173346717,4,0.0,C
3414957742,4,0.0,C
3414957742,4,0.0,C
3414957742,4,0.0,C
3414957742,4,0.0,C
3414957742,4,0.0,C
1797936203,4,0.0,C
1797936203,4,0.0,C
1797936203,4,0.0,C
1797936203,4,0.0,C
1797936203,4,0.0,C
2059730245,4,0.0,C
2059730245,4,0.0,C
2059730245,4,0.0,C
2059730245,4,0.0,C
2059730245,4,0.0,C
1280765160,4,0.0,C
1280765160,4,0.0,C
1280765160,4,0.0,C
1280765160,4,0.0,C
1280765160,4,0.0,C
1510337516,4,0.0006652592429556847,O
1510337516,4,0.0009654264193748041,O
1510337516,4,0.0007831296917664154,O
1510337516,4,0.0019245764104730556,O
1510337516,4,0.0013496347408266107,O
2065620398,4,0.0,C
2065620398,4,0.0,C
2065620398,4,0.0,C
2065620398,4,0.0,C
2065620398,4,0.0,C
535847852,4,0.0,C
535847852,4,0.0,C
535847852,4,0.0,C
535847852,4,0.0,C
535847852,4,0.0,C
2065547089,4,0.0,C
2065547089,4,0.0,C
2065547089,4,0.0,C
2065547089,4,0.0,C
2065547089,4,0.0,C
847961216,4,0.04630709387128862,N
847961216,4,0.04729737853598348,N
847961216,4,0.06642742689814196,N
847961216,4,0.06391450372941909,N
847961216,4,0.07211124344219022,N
600629739,4,0.0,N
600629739,4,0.0,N
600629739,4,0.0,N
600629739,4,0.0,N
600629739,4,0.0,N
1533864325,4,-0.0005111781451518915,O
1533864325,4,-0.0002272495695331278,O
1533864325,4,-2.2291137515728643e-05,O
1533864325,4,-0.0002898543626687067,O
1533864325,4,-0.0002574843226791357,O
2309124039,4,0.0,C
2309124039,4,0.0,C
2309124039,4,0.0,C
2309124039,4,0.0,C
2309124039,4,0.0,C
2784506312,4,2.5077448017052362e-05,C
2784506312,4,-7.718091512565195e-07,C
2784506312,4,2.5077448017052362e-05,C
2784506312,4,-2.7280169416887823e-05,C
2784506312,4,3.241194778524914e-05,C
3120642300,4,6.736658005113139e-05,C
3120642300,4,0.00012204133010118579,C
3120642300,4,-7.960915238369726e-05,C
3120642300,4,3.0224472432616167e-05,C
3120642300,4,-0.00011620883076701727,C
3124581743,4,0.00019515027611027858,C
3124581743,4,0.0001558613782810525,C
3124581743,4,0.0001664876301878948,C
3124581743,4,-8.559721741208115e-05,C
3124581743,4,6.158574526227145e-05,C
4041573576,4,0.0,C
4041573576,4,0.0,C
4041573576,4,0.0,C
4041573576,4,0.0,C
4041573576,4,0.0,C
773607102,4,0.0,C
773607102,4,0.0,C
773607102,4,0.0,C
773607102,4,0.0,C
773607102,4,0.0,C
894436332,4,0.0,N
894436332,4,0.0,N
894436332,4,0.0,N
894436332,4,0.0,N
894436332,4,0.0,N
1583799011,4,-0.0005562663159972558,C
1583799011,4,-0.0006467954019068189,C
1583799011,4,-0.00042238489092516485,C
1583799011,4,-0.0007392447688325809,C
1583799011,4,-0.0010576941129236683,C
2222711142,4,0.0,O
2222711142,4,0.0,O
2222711142,4,0.0,O
2222711142,4,0.0,O
2222711142,4,0.0,O
2423543607,4,0.004105315338006399,C
2423543607,4,0.002005946823863458,C
2423543607,4,0.0037504798061958056,C
2423543607,4,0.004763512142743953,C
2423543607,4,0.004427388949192923,C
4102492447,4,0.0022067163461829686,C
4102492447,4,-0.00012115596684902918,C
4102492447,4,0.0006230061907779305,C
4102492447,4,0.0006230061907779305,C
4102492447,4,0.001098835701928813,C
2064788354,4,0.0,C
2064788354,4,0.0,C
2064788354,4,0.0,C
2064788354,4,0.0,C
2064788354,4,0.0,C
411967733,4,0.0,C
411967733,4,0.0,C
411967733,4,0.0,C
411967733,4,0.0,C
411967733,4,0.0,C
828793177,4,8.956652090541528e-05,N
828793177,4,0.0009630170044471198,N
828793177,4,0.0023069143202263387,N
828793177,4,0.0024134626140283055,N
828793177,4,0.0018595182823059053,N
3824063894,4,-0.0001453546298364472,C
3824063894,4,3.5819758446797856e-05,C
3824063894,4,0.0004104348957197912,C
3824063894,4,0.0005897163886643408,C
3824063894,4,0.0007692605688109921,C
2360741695,4,0.005099120487469078,C
2360741695,4,0.008084742472711293,C
2360741695,4,0.007852677177092482,C
2360741695,4,0.013952669737609336,C
2360741695,4,0.006620594656677192,C
1016841875,4,0.012178195880627962,Cl
1016841875,4,0.010686781495102937,Cl
1016841875,4,0.019365381840061313,Cl
1016841875,4,0.004460478968940196,Cl
1016841875,4,0.012183593604586207,Cl
2246340824,4,0.001742020419718937,C
2246340824,4,0.007043732271428849,C
2246340824,4,0.0019803918958545275,C
2246340824,4,0.005954552286632997,C
2246340824,4,0.002049041861301837,C
2424973678,4,-0.001372599295194732,C
2424973678,4,0.0015288829332559262,C
2424973678,4,-0.0035692484518948797,C
2424973678,4,-0.000260567350630847,C
2424973678,4,-0.0014898135562027015,C
3452535345,4,-2.8697154957235682e-05,Cl
3452535345,4,0.0006635260786858055,Cl
3452535345,4,-0.0007742398414782858,Cl
3452535345,4,0.0030698947720722014,Cl
3452535345,4,0.0016831138835574633,Cl
1732487997,4,0.0,C
1732487997,4,0.0,C
1732487997,4,0.0,C
1732487997,4,0.0,C
1732487997,4,0.0,C
4022716898,4,0.0,C
4022716898,4,0.0,C
4022716898,4,0.0,C
4022716898,4,0.0,C
4022716898,4,0.0,C
2394338241,4,0.0005159604402537044,C
2394338241,4,0.0005159604402537044,C
2394338241,4,0.001779944137441647,C
2394338241,4,0.001779944137441647,C
2394338241,4,0.0005159604402537044,C
3026394695,4,-0.0001287705195515132,C
3026394695,4,0.002878497793528112,C
3026394695,4,-7.744332125214637e-05,C
3026394695,4,0.0010531617798934523,C
3026394695,4,-0.0009153477577598101,C
3945128999,4,0.0,C
3945128999,4,0.0,C
3945128999,4,0.0,C
3945128999,4,0.0,C
3945128999,4,0.0,C
2132511834,4,0.003281481291830479,N
2132511834,4,-0.0010201344439721982,N
2132511834,4,-0.006273011093663183,N
2132511834,4,-0.0025554138857375452,N
2132511834,4,0.0018570119324599066,N
416356657,4,0.0,C
416356657,4,0.0,C
416356657,4,0.0,C
416356657,4,0.0,C
416356657,4,0.0,C
1289643292,4,0.0,N
1289643292,4,0.0,N
1289643292,4,0.0,N
1289643292,4,0.0,N
1289643292,4,0.0,N
787069595,4,0.0,C
787069595,4,0.0,C
787069595,4,0.0,C
787069595,4,0.0,C
787069595,4,0.0,C
882399112,4,0.007115166286434826,F
882399112,4,0.00822330343744937,F
882399112,4,0.012696910089401103,F
882399112,4,0.004466225149505565,F
882399112,4,0.010827864856466696,F
485463469,4,0.0026258154633401753,F
485463469,4,0.016197454295643787,F
485463469,4,0.02429094419439959,F
485463469,4,0.003954679227349711,F
485463469,4,0.0050243752788179386,F
3613952269,4,0.0,C
3613952269,4,0.0,C
3613952269,4,0.0,C
3613952269,4,0.0,C
3613952269,4,0.0,C
3103812183,4,0.0,C
3103812183,4,0.0,C
3103812183,4,0.0,C
3103812183,4,0.0,C
3103812183,4,0.0,C
319552149,4,-0.0016973168355332025,I
319552149,4,-0.0017828020861477833,I
319552149,4,-0.0016068229928943856,I
319552149,4,-0.00116721701626743,I
319552149,4,-0.0015691124462786643,I
427867059,4,0.0,I
427867059,4,0.0,I
427867059,4,0.0,I
427867059,4,0.0,I
427867059,4,0.0,I
839602758,4,0.0,C
839602758,4,0.0,C
839602758,4,0.0,C
839602758,4,0.0,C
839602758,4,0.0,C
1135286194,4,0.00015280024979935636,C
1135286194,4,0.00045900401845333505,C
1135286194,4,1.960793089372803e-05,C
1135286194,4,1.960793089372803e-05,C
1135286194,4,3.3919630571865866e-05,C
3025629386,4,0.0,C
3025629386,4,0.0,C
3025629386,4,0.0,C
3025629386,4,0.0,C
3025629386,4,0.0,C
2245897107,4,0.0,C
2245897107,4,0.0,C
2245897107,4,0.0,C
2245897107,4,0.0,C
2245897107,4,0.0,C
2013359779,4,0.0,C
2013359779,4,0.0,C
2013359779,4,0.0,C
2013359779,4,0.0,C
2013359779,4,0.0,C
3492293582,4,0.0,C
3492293582,4,0.0,C
3492293582,4,0.0,C
3492293582,4,0.0,C
3492293582,4,0.0,C
3633369638,4,0.0,C
3633369638,4,0.0,C
3633369638,4,0.0,C
3633369638,4,0.0,C
3633369638,4,0.0,C
847957139,4,0.10854834409725467,N
847957139,4,0.136971091375778,N
847957139,4,0.09187446187483705,N
847957139,4,0.08360763873690791,N
847957139,4,0.1540013049999539,N
3419524736,4,0.0,N
3419524736,4,0.0,N
3419524736,4,0.0,N
3419524736,4,0.0,N
3419524736,4,0.0,N
151653689,4,0.0,C
151653689,4,0.0,C
151653689,4,0.0,C
151653689,4,0.0,C
151653689,4,0.0,C
1101907775,4,0.0,N
1101907775,4,0.0,N
1101907775,4,0.0,N
1101907775,4,0.0,N
1101907775,4,0.0,N
1868602760,4,0.0,N
1868602760,4,0.0,N
1868602760,4,0.0,N
1868602760,4,0.0,N
1868602760,4,0.0,N
2556855854,4,0.0,C
2556855854,4,0.0,C
2556855854,4,0.0,C
2556855854,4,0.0,C
2556855854,4,0.0,C
3189457552,4,0.09208531878403914,O
3189457552,4,0.11273293541724161,O
3189457552,4,0.13095881811988608,O
3189457552,4,0.10163576043660716,O
3189457552,4,0.07336243133673981,O
368531313,4,0.0,C
368531313,4,0.0,C
368531313,4,0.0,C
368531313,4,0.0,C
368531313,4,0.0,C
4195680018,4,0.0,O
4195680018,4,0.0,O
4195680018,4,0.0,O
4195680018,4,0.0,O
4195680018,4,0.0,O
787341104,4,0.0,C
787341104,4,0.0,C
787341104,4,0.0,C
787341104,4,0.0,C
787341104,4,0.0,C
2592785365,4,0.0,N
2592785365,4,0.0,N
2592785365,4,0.0,N
2592785365,4,0.0,N
2592785365,4,0.0,N
847950754,4,0.0,N
847950754,4,0.0,N
847950754,4,0.0,N
847950754,4,0.0,N
847950754,4,0.0,N
1312131881,4,0.0,C
1312131881,4,0.0,C
1312131881,4,0.0,C
1312131881,4,0.0,C
1312131881,4,0.0,C
3909974435,4,0.0,C
3909974435,4,0.0,C
3909974435,4,0.0,C
3909974435,4,0.0,C
3909974435,4,0.0,C
3624155,4,0.0,C
3624155,4,0.0,C
3624155,4,-1.6690679361941463e-05,C
3624155,4,0.0,C
3624155,4,0.0,C
4121755354,4,0.0024869989622492428,C
4121755354,4,-0.0002616859918255221,C
4121755354,4,0.0015065608339641656,C
4121755354,4,-0.00015305238385021624,C
4121755354,4,0.0030919278161996022,C
485458970,4,-0.0003062234461038704,F
485458970,4,-6.03416560240877e-05,F
485458970,4,0.00031347969521988706,F
485458970,4,-0.00040928764357761604,F
485458970,4,-0.0001515938271376971,F
2197158716,4,0.0,C
2197158716,4,0.0,C
2197158716,4,0.0,C
2197158716,4,0.0,C
2197158716,4,0.0,C
2092489639,4,0.01924294885739375,N
2092489639,4,0.019985387984287728,N
2092489639,4,0.01400460616400756,N
2092489639,4,0.01656023053525668,N
2092489639,4,0.026107461965109935,N
10565946,4,0.04858442343280478,O
10565946,4,0.030779468321477488,O
10565946,4,0.03591142870931474,O
10565946,4,0.029766429728707022,O
10565946,4,0.02287396656184315,O
1083852209,4,-0.0005425925686035615,N
1083852209,4,-0.00035004104679303705,N
1083852209,4,0.0003319128034386942,N
1083852209,4,0.00042153473186923307,N
1083852209,4,0.00017800822818525575,N
2370996728,4,-8.166601736425694e-05,C
2370996728,4,-0.00013374394489451547,C
2370996728,4,-0.0003753685745881974,C
2370996728,4,-0.00018997445402546553,C
2370996728,4,-0.00016292937913464645,C
2425865203,4,0.0003502338124341531,C
2425865203,4,0.00037083064686249667,C
2425865203,4,0.0004841884550584874,C
2425865203,4,0.000478001569804376,C
2425865203,4,-4.336755891509725e-05,C
2434373675,4,0.0,N
2434373675,4,0.0,N
2434373675,4,0.0,N
2434373675,4,0.0,N
2434373675,4,0.0,N
2473389857,4,0.0,C
2473389857,4,0.0,C
2473389857,4,0.0,C
2473389857,4,0.0,C
2473389857,4,0.0,C
4158944142,4,0.0001190731226164976,C
4158944142,4,8.011432544519081e-05,C
4158944142,4,9.613355754634068e-05,C
4158944142,4,-8.033820849651097e-05,C
4158944142,4,-0.00020145747198863084,C
4212936508,4,0.0,N
4212936508,4,0.0,N
4212936508,4,0.0,N
4212936508,4,0.0,N
4212936508,4,0.0,N
721740560,4,0.0,C
721740560,4,0.0,C
721740560,4,0.0,C
721740560,4,0.0,C
721740560,4,0.0,C
2591432844,4,0.0,N
2591432844,4,0.0,N
2591432844,4,0.0,N
2591432844,4,0.0,N
2591432844,4,0.0,N
3328145258,4,0.0,C
3328145258,4,0.0,C
3328145258,4,0.0,C
3328145258,4,0.0,C
3328145258,4,0.0,C
1630260676,4,0.00018927704257687417,C
1630260676,4,0.00018927704257687417,C
1630260676,4,0.00018927704257687417,C
1630260676,4,0.00018927704257687417,C
1630260676,4,0.00018927704257687417,C
3980805843,4,0.002025116156616713,C
3980805843,4,0.002200652771373046,C
3980805843,4,0.001970897712682107,C
3980805843,4,0.0015865303439039913,C
3980805843,4,0.0021134144124164145,C
3982076256,4,0.011897079529548993,C
3982076256,4,0.012004917189208042,C
3982076256,4,0.02031972351461475,C
3982076256,4,0.010576061954218119,C
3982076256,4,0.009033028654325426,C
2080747022,4,0.0005975516553796689,C
2080747022,4,-0.0003845845945015247,C
2080747022,4,0.0002584886888070681,C
2080747022,4,0.0006677196410798114,C
2080747022,4,0.00045331952376770346,C
2021812431,4,0.00010192948166465321,N
2021812431,4,0.00010192948166465321,N
2021812431,4,0.00010192948166465321,N
2021812431,4,0.0021416361354363866,N
2021812431,4,-0.0003285619167204823,N
2803848648,4,0.001285220155230804,C
2803848648,4,0.0014301767033291224,C
2803848648,4,-0.00010338966096146152,C
2803848648,4,0.00020143848796694286,C
2803848648,4,-0.000511739531732891,C
3657471097,4,-0.00025199239306694654,C
3657471097,4,-0.00025199239306694654,C
3657471097,4,-0.00025199239306694654,C
3657471097,4,-0.00025199239306694654,C
3657471097,4,-0.00025199239306694654,C
772817685,4,0.0,C
772817685,4,0.0,C
772817685,4,0.0,C
772817685,4,0.0,C
772817685,4,0.0,C
98466654,4,0.0,C
98466654,4,0.0,C
98466654,4,0.0,C
98466654,4,0.0,C
98466654,4,0.0,C
2070178920,4,0.0,C
2070178920,4,0.0,C
2070178920,4,0.0,C
2070178920,4,0.0,C
2070178920,4,0.0,C
4124481675,4,0.0,C
4124481675,4,0.0,C
4124481675,4,0.0,C
4124481675,4,0.0,C
4124481675,4,0.0,C
4142616092,4,0.0,C
4142616092,4,0.0,C
4142616092,4,0.0,C
4142616092,4,0.0,C
4142616092,4,0.0,C
170898322,4,0.00026472629246643287,Cl
170898322,4,-0.0005596840043109452,Cl
170898322,4,-0.0010241169695039964,Cl
170898322,4,0.00015246151509362704,Cl
170898322,4,0.00033851048441824183,Cl
2406620359,4,0.0,C
2406620359,4,0.0,C
2406620359,4,0.0,C
2406620359,4,0.0,C
2406620359,4,0.0,C
679670255,4,-2.035633613362009e-05,C
679670255,4,-0.00021129231275296423,C
679670255,4,0.00020639773501551772,C
679670255,4,-7.713282535137811e-05,C
679670255,4,3.1438085235091506e-06,C
2849741637,4,0.0,C
2849741637,4,0.0,C
2849741637,4,0.0,C
2849741637,4,0.0,C
2849741637,4,0.0,C
328936174,4,0.0,C
328936174,4,0.0,C
328936174,4,0.0,C
328936174,4,0.0,C
328936174,4,0.0,C
1390475220,4,0.0,C
1390475220,4,0.0,C
1390475220,4,0.0,C
1390475220,4,0.0,C
1390475220,4,0.0,C
2296565457,4,-0.0007235960178512135,N
2296565457,4,-0.0014865400037786802,N
2296565457,4,-0.0039053593502744732,N
2296565457,4,-0.002481716268910583,N
2296565457,4,-0.0017207349490598878,N
2297887526,4,0.0,N
2297887526,4,0.0,N
2297887526,4,0.0,N
2297887526,4,0.0,N
2297887526,4,0.0,N
2752034647,4,0.0,C
2752034647,4,0.0,C
2752034647,4,0.0,C
2752034647,4,0.0,C
2752034647,4,0.0,C
3632350815,4,0.0006923932717701753,Br
3632350815,4,0.0007688466038908714,Br
3632350815,4,0.0011380531112894499,Br
3632350815,4,0.0005918813157167468,Br
3632350815,4,0.0002697054840870017,Br
4239037249,4,0.0,C
4239037249,4,0.0,C
4239037249,4,0.0,C
4239037249,4,0.0,C
4239037249,4,0.0,C
195491954,4,0.0,Cl
195491954,4,0.0,Cl
195491954,4,0.0,Cl
195491954,4,0.0,Cl
195491954,4,0.0,Cl
753134939,4,0.0,C
753134939,4,0.0,C
753134939,4,0.0,C
753134939,4,0.0,C
753134939,4,0.0,C
1555970,4,0.0,S
1555970,4,0.0,S
1555970,4,0.0,S
1555970,4,0.0,S
1555970,4,0.0,S
2453385669,4,0.0,C
2453385669,4,0.0,C
2453385669,4,0.0,C
2453385669,4,0.0,C
2453385669,4,0.0,C
584893129,4,0.0,C
584893129,4,0.0,C
584893129,4,0.0,C
584893129,4,0.0,C
584893129,4,0.0,C
2654043257,4,0.0,N
2654043257,4,0.0,N
2654043257,4,0.0,N
2654043257,4,0.0,N
2654043257,4,0.0,N
2753863138,4,0.0,C
2753863138,4,0.0,C
2753863138,4,0.0,C
2753863138,4,0.0,C
2753863138,4,0.0,C
345159360,4,0.0,C
345159360,4,0.0,C
345159360,4,0.0,C
345159360,4,0.0,C
345159360,4,0.0,C
1308598964,4,0.0,C
1308598964,4,0.0,C
1308598964,4,0.0,C
1308598964,4,0.0,C
1308598964,4,0.0,C
3430642422,4,0.0,C
3430642422,4,0.0,C
3430642422,4,0.0,C
3430642422,4,0.0,C
3430642422,4,0.0,C
3534637918,4,0.0,N
3534637918,4,0.0,N
3534637918,4,0.0,N
3534637918,4,0.0,N
3534637918,4,0.0,N
4240369074,4,0.0,C
4240369074,4,0.0,C
4240369074,4,0.0,C
4240369074,4,0.0,C
4240369074,4,0.0,C
114626569,4,0.0,C
114626569,4,0.0,C
114626569,4,0.0,C
114626569,4,0.0,C
114626569,4,0.0,C
3556189655,4,0.0,I
3556189655,4,0.0,I
3556189655,4,0.0,I
3556189655,4,0.0,I
3556189655,4,0.0,I
229168272,4,0.0,S
229168272,4,0.0,S
229168272,4,0.0,S
229168272,4,0.0,S
229168272,4,0.0,S
603510687,4,0.0,C
603510687,4,0.0,C
603510687,4,0.0,C
603510687,4,0.0,C
603510687,4,0.0,C
2058913649,4,0.0,C
2058913649,4,0.0,C
2058913649,4,0.0,C
2058913649,4,0.0,C
2058913649,4,0.0,C
3012778962,4,0.0,N
3012778962,4,0.0,N
3012778962,4,0.0,N
3012778962,4,0.0,N
3012778962,4,0.0,N
4120224926,4,0.0,C
4120224926,4,0.0,C
4120224926,4,0.0,C
4120224926,4,0.0,C
4120224926,4,0.0,C
848127915,4,-0.0006983812131671208,N
848127915,4,-0.0006150546984977634,N
848127915,4,-0.0006829613754486541,N
848127915,4,-0.0006215088546714931,N
848127915,4,-0.000472524353926973,N
864942795,4,0.03844238795317945,O
864942795,4,0.05402829956491062,O
864942795,4,0.011296581368337555,O
864942795,4,0.01987037432020733,O
864942795,4,0.005315312567920616,O
2378775366,4,0.0,O
2378775366,4,0.0,O
2378775366,4,0.0,O
2378775366,4,0.0,O
2378775366,4,0.0,O
2378779377,4,0.0,O
2378779377,4,0.0,O
2378779377,4,0.0,O
2378779377,4,0.0,O
2378779377,4,0.0,O
2662852760,4,0.0,N
2662852760,4,0.0,N
2662852760,4,0.0,N
2662852760,4,0.0,N
2662852760,4,0.0,N
3818547277,4,0.0,C
3818547277,4,0.0,C
3818547277,4,0.0,C
3818547277,4,0.0,C
3818547277,4,0.0,C
2222621677,4,0.0,O
2222621677,4,0.0,O
2222621677,4,0.0,O
2222621677,4,0.0,O
2222621677,4,0.0,O
198706261,4,0.0017070972201365109,Cl
198706261,4,0.0030668414388020926,Cl
198706261,4,0.001590935324055076,Cl
198706261,4,0.0028599600730052632,Cl
198706261,4,0.0011634891818379511,Cl
2810318309,4,0.0015084195957777435,O
2810318309,4,0.0021178010354860888,O
2810318309,4,0.002322955433195828,O
2810318309,4,0.00010044268362952025,O
2810318309,4,0.001539908042047844,O
2910196842,4,0.0,C
2910196842,4,0.0,C
2910196842,4,0.0,C
2910196842,4,0.0,C
2910196842,4,0.0,C
3411030296,4,0.0,C
3411030296,4,0.0,C
3411030296,4,0.0,C
3411030296,4,0.0,C
3411030296,4,0.0,C
1511968919,4,0.0,C
1511968919,4,0.0,C
1511968919,4,0.0,C
1511968919,4,0.0,C
1511968919,4,0.0,C
1506993418,4,0.0,C
1506993418,4,0.0,C
1506993418,4,0.0,C
1506993418,4,0.0,C
1506993418,4,0.0,C
4278941385,4,0.0,C
4278941385,4,0.0,C
4278941385,4,0.0,C
4278941385,4,0.0,C
4278941385,4,0.0,C
195319295,4,0.0,Cl
195319295,4,0.0,Cl
195319295,4,0.0,Cl
195319295,4,0.0,Cl
195319295,4,0.0,Cl
913845599,4,0.0,O
913845599,4,0.0,O
913845599,4,0.0,O
913845599,4,0.0,O
913845599,4,0.0,O
1798001854,4,0.0,P
1798001854,4,0.0,P
1798001854,4,0.0,P
1798001854,4,0.0,P
1798001854,4,0.0,P
2235918822,4,0.0,O
2235918822,4,0.0,O
2235918822,4,0.0,O
2235918822,4,0.0,O
2235918822,4,0.0,O
2580663187,4,0.0,C
2580663187,4,0.0,C
2580663187,4,0.0,C
2580663187,4,0.0,C
2580663187,4,0.0,C
4110202059,4,0.0,C
4110202059,4,0.0,C
4110202059,4,0.0,C
4110202059,4,0.0,C
4110202059,4,0.0,C
2909042096,4,-0.00012207439743838755,C
2909042096,4,-0.00016376357561131982,C
2909042096,4,-0.00019702492154027862,C
2909042096,4,-9.986249546778403e-05,C
2909042096,4,3.9750966274065824e-05,C
205323193,4,0.0,S
205323193,4,0.0,S
205323193,4,0.0,S
205323193,4,0.0,S
205323193,4,0.0,S
1674219510,4,0.0,C
1674219510,4,0.0,C
1674219510,4,0.0,C
1674219510,4,0.0,C
1674219510,4,0.0,C
69470421,4,0.0,C
69470421,4,0.0,C
69470421,4,0.0,C
69470421,4,0.0,C
69470421,4,0.0,C
600405749,4,0.0,C
600405749,4,0.0,C
600405749,4,0.0,C
600405749,4,0.0,C
600405749,4,0.0,C
1449131080,4,0.0,C
1449131080,4,0.0,C
1449131080,4,0.0,C
1449131080,4,0.0,C
1449131080,4,0.0,C
4256676941,4,0.0,N
4256676941,4,0.0,N
4256676941,4,0.0,N
4256676941,4,0.0,N
4256676941,4,0.0,N
2827868305,4,0.0,C
2827868305,4,0.0,C
2827868305,4,-0.0010870381685397223,C
2827868305,4,-0.00020789554046840575,C
2827868305,4,9.296858028484678e-05,C
1026924773,4,0.004045144478922236,S
1026924773,4,0.0008169131705542121,S
1026924773,4,0.0005839709887972555,S
1026924773,4,-0.00132744835594234,S
1026924773,4,-2.5962420520775353e-05,S
751130035,4,0.0,S
751130035,4,0.0,S
751130035,4,0.0,S
751130035,4,0.0,S
751130035,4,0.0,S
4118913676,4,0.0,C
4118913676,4,0.0,C
4118913676,4,0.0,C
4118913676,4,0.0,C
4118913676,4,0.0,C
2976816164,4,-0.00028047549202481203,C
2976816164,4,-0.000262553206664462,C
2976816164,4,-0.000262553206664462,C
2976816164,4,-0.000262553206664462,C
2976816164,4,-0.0004082934988990372,C
369315086,4,0.0,C
369315086,4,0.0,C
369315086,4,0.0,C
369315086,4,0.0,C
369315086,4,0.0,C
1399127774,4,0.0,C
1399127774,4,0.0,C
1399127774,4,0.0,C
1399127774,4,0.0,C
1399127774,4,0.0,C
1861965050,4,0.0,C
1861965050,4,0.0,C
1861965050,4,0.0,C
1861965050,4,0.0,C
1861965050,4,0.0,C
1910766508,4,0.0,C
1910766508,4,0.0,C
1910766508,4,0.0,C
1910766508,4,0.0,C
1910766508,4,0.0,C
2077658817,4,0.0,O
2077658817,4,0.0,O
2077658817,4,0.0,O
2077658817,4,0.0,O
2077658817,4,0.0,O
2624895325,4,0.0,C
2624895325,4,0.0,C
2624895325,4,0.0,C
2624895325,4,0.0,C
2624895325,4,0.0,C
2950679810,4,0.0,O
2950679810,4,0.0,O
2950679810,4,0.0,O
2950679810,4,0.0,O
2950679810,4,0.0,O
1137993954,4,0.0,C
1137993954,4,0.0,C
1137993954,4,0.0,C
1137993954,4,0.0,C
1137993954,4,0.0,C
540046244,4,0.0021099535693195337,C
540046244,4,0.002056365465062715,C
540046244,4,0.0020383667027011887,C
540046244,4,0.0015279635319535023,C
540046244,4,0.0027933239450167457,C
553412256,4,0.0,C
553412256,4,0.0,C
553412256,4,0.0,C
553412256,4,0.0,C
553412256,4,0.0,C
2971716993,4,0.0,N
2971716993,4,0.0,N
2971716993,4,0.0,N
2971716993,4,0.0,N
2971716993,4,0.0,N
2975126068,4,0.0,N
2975126068,4,0.0,N
2975126068,4,0.0,N
2975126068,4,0.0,N
2975126068,4,0.0,N
3462333187,4,0.0,C
3462333187,4,0.0,C
3462333187,4,0.0,C
3462333187,4,0.0,C
3462333187,4,0.0,C
3796970912,4,0.0,C
3796970912,4,0.0,C
3796970912,4,0.0,C
3796970912,4,0.0,C
3796970912,4,0.0,C
869080603,4,0.0,N
869080603,4,0.0,N
869080603,4,0.0,N
869080603,4,0.0,N
869080603,4,0.0,N
77081066,4,0.0,C
77081066,4,0.0,C
77081066,4,0.0,C
77081066,4,0.0,C
77081066,4,0.0,C
475355132,4,0.0,F
475355132,4,0.0,F
475355132,4,0.0,F
475355132,4,0.0,F
475355132,4,0.0,F
705738081,4,0.0,C
705738081,4,0.0,C
705738081,4,0.0,C
705738081,4,0.0,C
705738081,4,0.0,C
2150509871,4,0.0,C
2150509871,4,0.0,C
2150509871,4,0.0,C
2150509871,4,0.0,C
2150509871,4,0.0,C
3983062349,4,0.00019723344577893265,C
3983062349,4,0.000265012989854041,C
3983062349,4,6.504309895905003e-05,C
3983062349,4,0.0001786230361057184,C
3983062349,4,9.361687554865217e-05,C
2356136943,4,0.0,C
2356136943,4,0.0,C
2356136943,4,0.0,C
2356136943,4,0.0,C
2356136943,4,0.0,C
4110200932,4,0.0,C
4110200932,4,0.0,C
4110200932,4,0.0,C
4110200932,4,0.0,C
4110200932,4,0.0,C
74537039,4,0.0,C
74537039,4,0.0,C
74537039,4,0.0,C
74537039,4,0.0,C
74537039,4,0.0,C
871060211,4,0.0,O
871060211,4,0.0,O
871060211,4,0.0,O
871060211,4,0.0,O
871060211,4,0.0,O
3152639783,4,-8.126369211025608e-05,N
3152639783,4,-0.00013735204692522096,N
3152639783,4,-0.00010788395551730723,N
3152639783,4,-8.126369211025608e-05,N
3152639783,4,-2.2506984264092367e-05,N
3509114595,4,0.0,C
3509114595,4,0.0,C
3509114595,4,0.0,C
3509114595,4,0.0,C
3509114595,4,0.0,C
2353112200,4,0.0,C
2353112200,4,0.0,C
2353112200,4,0.0,C
2353112200,4,0.0,C
2353112200,4,0.0,C
2085926211,4,0.0,C
2085926211,4,0.0,C
2085926211,4,0.0,C
2085926211,4,0.0,C
2085926211,4,0.0,C
1582607016,4,0.0,C
1582607016,4,0.0,C
1582607016,4,0.0,C
1582607016,4,0.0,C
1582607016,4,0.0,C
2788245361,4,0.0,C
2788245361,4,0.0,C
2788245361,4,0.0,C
2788245361,4,0.0,C
2788245361,4,0.0,C
170894115,4,0.00034256057742798607,Cl
170894115,4,0.00010931892284515854,Cl
170894115,4,-0.00011099967915229048,Cl
170894115,4,-0.000177052304872638,Cl
170894115,4,0.00014441648050023126,Cl
1396662131,4,0.0,C
1396662131,4,0.0,C
1396662131,4,0.0,C
1396662131,4,0.0,C
1396662131,4,0.0,C
119021222,4,0.0,C
119021222,4,0.0,C
119021222,4,0.0,C
119021222,4,0.0,C
119021222,4,0.0,C
330223697,4,0.0,C
330223697,4,0.0,C
330223697,4,0.0,C
330223697,4,0.0,C
330223697,4,0.0,C
4036277955,4,0.00020474801179359847,C
4036277955,4,-0.00016714435721254528,C
4036277955,4,-0.00022997390972689935,C
4036277955,4,-5.1727291088266014e-05,C
4036277955,4,-0.00016393024590188876,C
1275679867,4,0.0,C
1275679867,4,0.0,C
1275679867,4,0.0,C
1275679867,4,0.0,C
1275679867,4,0.0,C
951239203,4,0.0,C
951239203,4,0.0,C
951239203,4,0.0,C
951239203,4,0.0,C
951239203,4,0.0,C
1081775047,4,0.0,C
1081775047,4,0.0,C
1081775047,4,0.0,C
1081775047,4,0.0,C
1081775047,4,0.0,C
2932363931,4,0.0,C
2932363931,4,0.0,C
2932363931,4,0.0,C
2932363931,4,0.0,C
2932363931,4,0.0,C
195323148,4,0.0,Cl
195323148,4,0.0,Cl
195323148,4,0.0,Cl
195323148,4,0.0,Cl
195323148,4,0.0,Cl
1241202526,4,0.0,C
1241202526,4,0.0,C
1241202526,4,0.0,C
1241202526,4,0.0,C
1241202526,4,0.0,C
4110211703,4,0.0,C
4110211703,4,0.0,C
4110211703,4,0.0,C
4110211703,4,0.0,C
4110211703,4,0.0,C
592593828,4,0.0,C
592593828,4,0.0,C
592593828,4,0.0,C
592593828,4,0.0,C
592593828,4,0.0,C
3010410747,4,0.0,N
3010410747,4,0.0,N
3010410747,4,0.0,N
3010410747,4,0.0,N
3010410747,4,0.0,N
3011598321,4,0.0,C
3011598321,4,0.0,C
3011598321,4,0.0,C
3011598321,4,0.0,C
3011598321,4,0.0,C
1198890718,4,0.0,C
1198890718,4,0.0,C
1198890718,4,0.0,C
1198890718,4,0.0,C
1198890718,4,0.0,C
2932351534,4,0.0,C
2932351534,4,0.0,C
2932351534,4,0.0,C
2932351534,4,0.0,C
2932351534,4,0.0,C
1822332700,4,7.618437784517873e-05,C
1822332700,4,0.0012800671860047075,C
1822332700,4,0.000649374844411188,C
1822332700,4,0.0014459796063504005,C
1822332700,4,0.0007541681609118944,C
1517181260,4,0.0,O
1517181260,4,0.0,O
1517181260,4,0.0,O
1517181260,4,0.0,O
1517181260,4,0.0,O
435232729,4,0.0,N
435232729,4,0.0,N
435232729,4,0.0,N
435232729,4,0.0,N
435232729,4,0.0,N
2834566420,4,0.0,C
2834566420,4,0.0,C
2834566420,4,0.0,C
2834566420,4,0.0,C
2834566420,4,0.0,C
1619222458,4,0.0,C
1619222458,4,0.0,C
1619222458,4,0.0,C
1619222458,4,0.0,C
1619222458,4,0.0,C
2807475527,4,0.0,O
2807475527,4,0.0,O
2807475527,4,0.0,O
2807475527,4,0.0,O
2807475527,4,0.0,O
2156439784,4,0.0,C
2156439784,4,0.0,C
2156439784,4,0.0,C
2156439784,4,0.0,C
2156439784,4,0.0,C
2910193141,4,0.0,C
2910193141,4,0.0,C
2910193141,4,0.0,C
2910193141,4,0.0,C
2910193141,4,0.0,C
2807496773,4,0.0,O
2807496773,4,0.0,O
2807496773,4,0.0,O
2807496773,4,0.0,O
2807496773,4,0.0,O
1078276907,4,8.547352146837106e-06,C
1078276907,4,-0.00011291709531358052,C
1078276907,4,-1.9284023397903027e-05,C
1078276907,4,1.8692099622907854e-05,C
1078276907,4,-5.443968272067501e-06,C
1271691605,4,0.0,S
1271691605,4,0.0,S
1271691605,4,0.0,S
1271691605,4,0.0,S
1271691605,4,0.0,S
222023415,4,0.0,N
222023415,4,0.0,N
222023415,4,0.0,N
222023415,4,0.0,N
222023415,4,0.0,N
906402393,4,0.0,O
906402393,4,0.0,O
906402393,4,0.0,O
906402393,4,0.0,O
906402393,4,0.0,O
2530377886,4,0.0,N
2530377886,4,0.0,N
2530377886,4,0.0,N
2530377886,4,0.0,N
2530377886,4,0.0,N
3182824521,4,0.0,C
3182824521,4,0.0,C
3182824521,4,0.0,C
3182824521,4,0.0,C
3182824521,4,0.0,C
3458774156,4,0.0,N
3458774156,4,0.0,N
3458774156,4,0.0,N
3458774156,4,0.0,N
3458774156,4,0.0,N
3983708967,4,0.0,C
3983708967,4,0.0,C
3983708967,4,0.0,C
3983708967,4,0.0,C
3983708967,4,0.0,C
1026822558,4,0.0,S
1026822558,4,0.0,S
1026822558,4,0.0,S
1026822558,4,0.0,S
1026822558,4,0.0,S
2215059400,4,0.0,O
2215059400,4,0.0,O
2215059400,4,0.0,O
2215059400,4,0.0,O
2215059400,4,0.0,O
808416955,4,0.0,S
808416955,4,0.0,S
808416955,4,0.0,S
808416955,4,0.0,S
808416955,4,0.0,S
2341585586,4,0.0,N
2341585586,4,0.0,N
2341585586,4,0.0,N
2341585586,4,0.0,N
2341585586,4,0.0,N
2592252298,4,0.0,C
2592252298,4,0.0,C
2592252298,4,0.0,C
2592252298,4,0.0,C
2592252298,4,0.0,C
2635303940,4,0.0,C
2635303940,4,0.0,C
2635303940,4,0.0,C
2635303940,4,0.0,C
2635303940,4,0.0,C
3158862910,4,0.0,C
3158862910,4,0.0,C
3158862910,4,0.0,C
3158862910,4,0.0,C
3158862910,4,0.0,C
1710205153,4,0.0,C
1710205153,4,0.0,C
1710205153,4,0.0,C
1710205153,4,0.0,C
1710205153,4,0.0,C
3428235283,4,0.0,C
3428235283,4,0.0,C
3428235283,4,0.0,C
3428235283,4,0.0,C
3428235283,4,0.0,C
2070976245,4,0.0,C
2070976245,4,0.0,C
2070976245,4,0.0,C
2070976245,4,0.0,C
2070976245,4,0.0,C
3368912827,4,-0.00012667696979362653,C
3368912827,4,-0.0001266981491647723,C
3368912827,4,-0.00011721242542361843,C
3368912827,4,-0.00012537402234358286,C
3368912827,4,-0.0001231574593587581,C
325259454,4,0.0006416954330896729,Br
325259454,4,0.0003377195846372416,Br
325259454,4,0.00028220577252546786,Br
325259454,4,0.0004622512625983566,Br
325259454,4,0.0005179082608868235,Br
1029714706,4,0.0,C
1029714706,4,0.0,C
1029714706,4,0.0,C
1029714706,4,0.0,C
1029714706,4,0.0,C
2076862737,4,0.0,O
2076862737,4,0.0,O
2076862737,4,0.0,O
2076862737,4,0.0,O
2076862737,4,0.0,O
68675643,4,0.0,C
68675643,4,0.0,C
68675643,4,0.0,C
68675643,4,0.0,C
68675643,4,0.0,C
3416363438,4,0.0,C
3416363438,4,0.0,C
3416363438,4,0.0,C
3416363438,4,0.0,C
3416363438,4,0.0,C
675765711,4,0.0,C
675765711,4,0.0,C
675765711,4,0.0,C
675765711,4,0.0,C
675765711,4,0.0,C
1785683843,4,0.0,C
1785683843,4,0.0,C
1785683843,4,0.0,C
1785683843,4,0.0,C
1785683843,4,0.0,C
2780028939,4,0.0,C
2780028939,4,0.0,C
2780028939,4,0.0,C
2780028939,4,0.0,C
2780028939,4,0.0,C
3083149185,4,0.0,C
3083149185,4,0.0,C
3083149185,4,0.0,C
3083149185,4,0.0,C
3083149185,4,0.0,C
3194612514,4,0.0,O
3194612514,4,0.0,O
3194612514,4,0.0,O
3194612514,4,0.0,O
3194612514,4,0.0,O
325281617,4,0.0,Br
325281617,4,0.0,Br
325281617,4,0.0,Br
325281617,4,0.0,Br
325281617,4,0.0,Br
2846563933,4,0.0,C
2846563933,4,0.0,C
2846563933,4,0.0,C
2846563933,4,0.0,C
2846563933,4,0.0,C
4003049590,4,0.0,C
4003049590,4,0.0,C
4003049590,4,0.0,C
4003049590,4,0.0,C
4003049590,4,0.0,C
4036774035,4,0.0,C
4036774035,4,0.0,C
4036774035,4,0.0,C
4036774035,4,0.0,C
4036774035,4,0.0,C
122886383,4,0.0,C
122886383,4,0.0,C
122886383,4,0.0,C
122886383,4,0.0,C
122886383,4,0.0,C
2252049393,4,0.0,C
2252049393,4,0.0,C
2252049393,4,0.0,C
2252049393,4,0.0,C
2252049393,4,0.0,C
2447748155,4,0.0,C
2447748155,4,0.0,C
2447748155,4,0.0,C
2447748155,4,0.0,C
2447748155,4,0.0,C
2834873482,4,0.0,C
2834873482,4,0.0,C
2834873482,4,0.0,C
2834873482,4,0.0,C
2834873482,4,0.0,C
2844185244,4,0.0,C
2844185244,4,0.0,C
2844185244,4,0.0,C
2844185244,4,0.0,C
2844185244,4,0.0,C
2940857128,4,0.0,C
2940857128,4,0.0,C
2940857128,4,0.0,C
2940857128,4,0.0,C
2940857128,4,0.0,C
3743809709,4,0.0,C
3743809709,4,0.0,C
3743809709,4,0.0,C
3743809709,4,0.0,C
3743809709,4,0.0,C
3743809710,4,0.0,C
3743809710,4,0.0,C
3743809710,4,0.0,C
3743809710,4,0.0,C
3743809710,4,0.0,C
4264704113,4,0.0,Cl
4264704113,4,0.0,Cl
4264704113,4,0.0,Cl
4264704113,4,0.0,Cl
4264704113,4,0.0,Cl
4265486248,4,0.0,Cl
4265486248,4,0.0,Cl
4265486248,4,0.0,Cl
4265486248,4,0.0,Cl
4265486248,4,0.0,Cl
492051864,4,0.0,C
492051864,4,0.0,C
492051864,4,0.0,C
492051864,4,0.0,C
492051864,4,0.0,C
4038637638,4,0.0,C
4038637638,4,0.0,C
4038637638,4,0.0,C
4038637638,4,0.0,C
4038637638,4,0.0,C
1228815484,4,0.0,C
1228815484,4,0.0,C
1228815484,4,0.0,C
1228815484,4,0.0,C
1228815484,4,0.0,C
2068133184,4,0.0,C
2068133184,4,0.0,C
2068133184,4,0.0,C
2068133184,4,0.0,C
2068133184,4,0.0,C
1257718710,4,0.0,C
1257718710,4,0.0,C
1257718710,4,0.0,C
1257718710,4,0.0,C
1257718710,4,0.0,C
3921625504,4,0.0,C
3921625504,4,0.0,C
3921625504,4,0.0,C
3921625504,4,0.0,C
3921625504,4,0.0,C
1704599822,4,0.0,C
1704599822,4,0.0,C
1704599822,4,0.0,C
1704599822,4,0.0,C
1704599822,4,0.0,C
1938540009,4,0.0,C
1938540009,4,0.0,C
1938540009,4,0.0,C
1938540009,4,0.0,C
1938540009,4,0.0,C
3088649317,4,0.0,N
3088649317,4,0.0,N
3088649317,4,0.0,N
3088649317,4,0.0,N
3088649317,4,0.0,N
2865977551,4,0.0,S
2865977551,4,0.0,S
2865977551,4,0.0,S
2865977551,4,0.0,S
2865977551,4,0.0,S
1971534293,4,0.0,O
1971534293,4,0.0,O
1971534293,4,0.0,O
1971534293,4,0.0,O
1971534293,4,0.0,O
2310811238,4,0.0,C
2310811238,4,0.0,C
2310811238,4,0.0,C
2310811238,4,0.0,C
2310811238,4,0.0,C
2392622418,4,0.0,S
2392622418,4,0.0,S
2392622418,4,0.0,S
2392622418,4,0.0,S
2392622418,4,0.0,S
1468211904,4,0.0,C
1468211904,4,0.0,C
1468211904,4,0.0,C
1468211904,4,0.0,C
1468211904,4,0.0,C
262673770,4,0.0,C
262673770,4,0.0,C
262673770,4,0.0,C
262673770,4,0.0,C
262673770,4,0.0,C
3342993694,4,0.0,C
3342993694,4,0.0,C
3342993694,4,0.0,C
3342993694,4,0.0,C
3342993694,4,0.0,C
1191280979,4,0.0,C
1191280979,4,0.0,C
1191280979,4,0.0,C
1191280979,4,0.0,C
1191280979,4,0.0,C
1635242581,4,0.0,P
1635242581,4,0.0,P
1635242581,4,0.0,P
1635242581,4,0.0,P
1635242581,4,0.0,P
2027655192,4,0.0,O
2027655192,4,0.0,O
2027655192,4,0.0,O
2027655192,4,0.0,O
2027655192,4,0.0,O
3222770065,4,0.0,C
3222770065,4,0.0,C
3222770065,4,0.0,C
3222770065,4,0.0,C
3222770065,4,0.0,C
3695448525,4,0.0,C
3695448525,4,0.0,C
3695448525,4,0.0,C
3695448525,4,0.0,C
3695448525,4,0.0,C
1637589131,4,0.0,C
1637589131,4,0.0,C
1637589131,4,0.0,C
1637589131,4,0.0,C
1637589131,4,0.0,C
738071152,4,0.0,C
738071152,4,0.0,C
738071152,4,0.0,C
738071152,4,0.0,C
738071152,4,0.0,C
3545353036,4,0.0,C
3545353036,4,0.0,C
3545353036,4,0.0,C
3545353036,4,0.0,C
3545353036,4,0.0,C
2720313463,4,0.0,C
2720313463,4,0.0,C
2720313463,4,0.0,C
2720313463,4,0.0,C
2720313463,4,0.0,C
1883241975,4,0.0,P
1883241975,4,0.0,P
1883241975,4,0.0,P
1883241975,4,0.0,P
1883241975,4,0.0,P
2057423023,4,0.0,C
2057423023,4,0.0,C
2057423023,4,0.0,C
2057423023,4,0.0,C
2057423023,4,0.0,C
3172758907,4,0.0,C
3172758907,4,0.0,C
3172758907,4,0.0,C
3172758907,4,0.0,C
3172758907,4,0.0,C
530227067,4,0.0,C
530227067,4,0.0,C
530227067,4,0.0,C
530227067,4,0.0,C
530227067,4,0.0,C
2410697484,4,0.0,C
2410697484,4,0.0,C
2410697484,4,0.0,C
2410697484,4,0.0,C
2410697484,4,0.0,C
905632147,4,0.0,C
905632147,4,0.0,C
905632147,4,0.0,C
905632147,4,0.0,C
905632147,4,0.0,C
636990493,4,0.0,C
636990493,4,0.0,C
636990493,4,0.0,C
636990493,4,0.0,C
636990493,4,0.0,C
1323888424,4,0.0,N
1323888424,4,0.0,N
1323888424,4,0.0,N
1323888424,4,0.0,N
1323888424,4,0.0,N
1143297034,4,0.0,C
1143297034,4,0.0,C
1143297034,4,0.0,C
1143297034,4,0.0,C
1143297034,4,0.0,C
271903915,4,-0.00011377822554259343,N
271903915,4,-7.130405935995565e-05,N
271903915,4,-0.00017596217992332797,N
271903915,4,-0.00011377822554259343,N
271903915,4,-0.0006627887234613716,N
1428903162,4,0.0,C
1428903162,4,0.0,C
1428903162,4,-5.083328671484644e-05,C
1428903162,4,0.0,C
1428903162,4,0.0,C
3545074552,4,0.0,C
3545074552,4,0.0,C
3545074552,4,0.0,C
3545074552,4,0.0,C
3545074552,4,0.0,C
4291843020,4,0.0,C
4291843020,4,0.0,C
4291843020,4,0.0,C
4291843020,4,0.0,C
4291843020,4,0.0,C
3384982069,4,0.0,C
3384982069,4,0.0,C
3384982069,4,0.0,C
3384982069,4,0.0,C
3384982069,4,0.0,C
2246733040,4,0.0,C
2246733040,4,0.0,C
2246733040,4,0.0,C
2246733040,4,0.0,C
2246733040,4,0.0,C
3835033428,4,0.0,C
3835033428,4,0.0,C
3835033428,4,0.0,C
3835033428,4,0.0,C
3835033428,4,0.0,C
3351556771,4,0.0,S
3351556771,4,0.0,S
3351556771,4,0.0,S
3351556771,4,0.0,S
3351556771,4,0.0,S
203749390,4,0.0,C
203749390,4,0.0,C
203749390,4,0.0,C
203749390,4,0.0,C
203749390,4,0.0,C
1792562719,4,0.0,S
1792562719,4,0.0,S
1792562719,4,0.0,S
1792562719,4,0.0,S
1792562719,4,0.0,S
2803419857,4,0.0,C
2803419857,4,0.0,C
2803419857,4,0.0,C
2803419857,4,0.0,C
2803419857,4,0.0,C
2667063169,4,0.0,O
2667063169,4,0.0,O
2667063169,4,0.0,O
2667063169,4,0.0,O
2667063169,4,0.0,O
517457164,4,0.0,C
517457164,4,0.0,C
517457164,4,0.0,C
517457164,4,0.0,C
517457164,4,0.0,C
2521234953,4,0.0,C
2521234953,4,0.0,C
2521234953,4,0.0,C
2521234953,4,0.0,C
2521234953,4,0.0,C
2521234958,4,0.0,C
2521234958,4,0.0,C
2521234958,4,0.0,C
2521234958,4,0.0,C
2521234958,4,0.0,C
736728097,4,0.0,C
736728097,4,0.0,C
736728097,4,0.0,C
736728097,4,0.0,C
736728097,4,0.0,C
340640331,4,0.0,C
340640331,4,0.0,C
340640331,4,0.0,C
340640331,4,0.0,C
340640331,4,0.0,C
1505769767,4,0.0,C
1505769767,4,0.0,C
1505769767,4,0.0,C
1505769767,4,0.0,C
1505769767,4,0.0,C
1634854406,4,0.0,C
1634854406,4,0.0,C
1634854406,4,0.0,C
1634854406,4,0.0,C
1634854406,4,0.0,C
2163918870,4,0.0,C
2163918870,4,0.0,C
2163918870,4,0.0,C
2163918870,4,0.0,C
2163918870,4,0.0,C
1533809047,4,0.0,C
1533809047,4,0.0,C
1533809047,4,0.0,C
1533809047,4,0.0,C
1533809047,4,0.0,C
1907674422,4,0.0,C
1907674422,4,0.0,C
1907674422,4,0.0,C
1907674422,4,0.0,C
1907674422,4,0.0,C
2355616982,4,0.0,C
2355616982,4,0.0,C
2355616982,4,0.0,C
2355616982,4,0.0,C
2355616982,4,0.0,C
4089138501,4,0.0,C
4089138501,4,0.0,C
4089138501,4,0.0,C
4089138501,4,0.0,C
4089138501,4,0.0,C
4229088015,4,0.0,N
4229088015,4,0.0,N
4229088015,4,0.0,N
4229088015,4,0.0,N
4229088015,4,0.0,N
571978829,4,0.0,C
571978829,4,0.0,C
571978829,4,0.0,C
571978829,4,0.0,C
571978829,4,0.0,C
3160718262,4,-0.002251482370474678,N
3160718262,4,-0.002251482370474678,N
3160718262,4,-0.002251482370474678,N
3160718262,4,-0.002251482370474678,N
3160718262,4,-0.002251482370474678,N
1019187108,4,0.0,C
1019187108,4,0.0,C
1019187108,4,0.0,C
1019187108,4,0.0,C
1019187108,4,0.0,C
1446360805,4,0.0,C
1446360805,4,0.0,C
1446360805,4,0.0,C
1446360805,4,0.0,C
1446360805,4,0.0,C
3473431882,4,0.0,C
3473431882,4,0.0,C
3473431882,4,0.0,C
3473431882,4,0.0,C
3473431882,4,0.0,C
934178987,4,0.0,C
934178987,4,0.0,C
934178987,4,0.0,C
934178987,4,0.0,C
934178987,4,0.0,C
1823304278,4,0.0,C
1823304278,4,0.0,C
1823304278,4,0.0,C
1823304278,4,0.0,C
1823304278,4,0.0,C
2982494297,4,0.0,C
2982494297,4,0.0,C
2982494297,4,0.0,C
2982494297,4,0.0,C
2982494297,4,0.0,C
3565491185,4,0.0,C
3565491185,4,0.0,C
3565491185,4,0.0,C
3565491185,4,0.0,C
3565491185,4,0.0,C
3696389118,4,-3.6146167337491875e-05,C
3696389118,4,0.00022028216386571486,C
3696389118,4,-0.00011601178904774301,C
3696389118,4,-8.376011685595763e-05,C
3696389118,4,-0.00038147067307270355,C
2646219661,4,0.0011923572140684069,C
2646219661,4,0.0015252834125197845,C
2646219661,4,0.0020987589713299393,C
2646219661,4,0.0010531297216809232,C
2646219661,4,0.00022446056069747033,C
3545175291,4,0.0,C
3545175291,4,0.0,C
3545175291,4,0.0,C
3545175291,4,0.0,C
3545175291,4,0.0,C
4095742117,4,0.0,C
4095742117,4,0.0,C
4095742117,4,0.0,C
4095742117,4,0.0,C
4095742117,4,0.0,C
484537559,4,0.0,F
484537559,4,0.0,F
484537559,4,0.0,F
484537559,4,0.0,F
484537559,4,0.0,F
4025943270,4,0.0,C
4025943270,4,0.0,C
4025943270,4,0.0,C
4025943270,4,0.0,C
4025943270,4,0.0,C
62093196,4,0.0,C
62093196,4,0.0,C
62093196,4,0.0,C
62093196,4,0.0,C
62093196,4,0.0,C
2814583100,4,0.0,O
2814583100,4,0.0,O
2814583100,4,0.0,O
2814583100,4,0.0,O
2814583100,4,0.0,O
3121777292,4,0.0,N
3121777292,4,0.0,N
3121777292,4,0.0,N
3121777292,4,0.0,N
3121777292,4,0.0,N
3579962709,4,-0.003474556814143659,C
3579962709,4,-0.0016658841767718258,C
3579962709,4,0.00039311459267843407,C
3579962709,4,-0.0022896075448095576,C
3579962709,4,-0.0015593386527971154,C
603177034,4,0.0,C
603177034,4,0.0,C
603177034,4,0.0,C
603177034,4,0.0,C
603177034,4,0.0,C
3401232302,4,0.0,N
3401232302,4,0.0,N
3401232302,4,0.0,N
3401232302,4,0.0,N
3401232302,4,0.0,N
592270383,4,0.0,C
592270383,4,0.0,C
592270383,4,0.0,C
592270383,4,0.0,C
592270383,4,0.0,C
318524446,4,0.0,Br
318524446,4,0.0,Br
318524446,4,0.0,Br
318524446,4,0.0,Br
318524446,4,0.0,Br
1533899907,4,0.0,O
1533899907,4,0.0,O
1533899907,4,0.0,O
1533899907,4,0.0,O
1533899907,4,0.0,O
1514095308,4,0.001544773176300418,C
1514095308,4,0.0017747183377357922,C
1514095308,4,0.003081516034696752,C
1514095308,4,0.0017747183377357922,C
1514095308,4,0.0017747183377357922,C
520380133,4,0.0,C
520380133,4,0.0,C
520380133,4,0.0,C
520380133,4,0.0,C
520380133,4,0.0,C
895910141,4,0.0,C
895910141,4,0.0,C
895910141,4,0.0,C
895910141,4,0.0,C
895910141,4,0.0,C
1184436594,4,0.0,C
1184436594,4,0.0,C
1184436594,4,0.0,C
1184436594,4,0.0,C
1184436594,4,0.0,C
1824088295,4,0.0,C
1824088295,4,0.0,C
1824088295,4,0.0,C
1824088295,4,0.0,C
1824088295,4,0.0,C
982949046,4,0.0,C
982949046,4,0.0,C
982949046,4,0.0,C
982949046,4,0.0,C
982949046,4,0.0,C
2780028940,4,0.0,C
2780028940,4,0.0,C
2780028940,4,0.0,C
2780028940,4,0.0,C
2780028940,4,0.0,C
3153477100,4,0.0,C
3153477100,4,0.0,C
3153477100,4,0.0,C
3153477100,4,0.0,C
3153477100,4,0.0,C
475449594,4,0.0,F
475449594,4,0.0,F
475449594,4,0.0,F
475449594,4,0.0,F
475449594,4,0.0,F
999602538,4,0.0,S
999602538,4,0.0,S
999602538,4,0.0,S
999602538,4,0.0,S
999602538,4,0.0,S
1246734109,4,0.0,S
1246734109,4,0.0,S
1246734109,4,0.0,S
1246734109,4,0.0,S
1246734109,4,0.0,S
2228258049,4,0.0,O
2228258049,4,0.0,O
2228258049,4,0.0,O
2228258049,4,0.0,O
2228258049,4,0.0,O
3840182912,4,0.0,C
3840182912,4,0.0,C
3840182912,4,0.0,C
3840182912,4,0.0,C
3840182912,4,0.0,C
1087383559,4,0.0,C
1087383559,4,0.0,C
1087383559,4,0.0,C
1087383559,4,0.0,C
1087383559,4,0.0,C
2563827157,4,0.0,C
2563827157,4,0.0,C
2563827157,4,0.0,C
2563827157,4,0.0,C
2563827157,4,0.0,C
4003054055,4,0.0,C
4003054055,4,0.0,C
4003054055,4,0.0,C
4003054055,4,0.0,C
4003054055,4,0.0,C
427958596,4,0.0,C
427958596,4,0.0,C
427958596,4,0.0,C
427958596,4,0.0,C
427958596,4,0.0,C
2163923111,4,0.0,C
2163923111,4,0.0,C
2163923111,4,0.0,C
2163923111,4,0.0,C
2163923111,4,0.0,C
1505942694,4,0.0,C
1505942694,4,0.0,C
1505942694,4,0.0,C
1505942694,4,0.0,C
1505942694,4,0.0,C
3308893703,4,0.0,C
3308893703,4,0.0,C
3308893703,4,0.0,C
3308893703,4,0.0,C
3308893703,4,0.0,C
876651869,4,0.0,N
876651869,4,0.0,N
876651869,4,0.0,N
876651869,4,0.0,N
876651869,4,0.0,N
2089117413,4,0.0,C
2089117413,4,0.0,C
2089117413,4,0.0,C
2089117413,4,0.0,C
2089117413,4,0.0,C
2064745600,4,0.0,C
2064745600,4,0.0,C
2064745600,4,0.0,C
2064745600,4,0.0,C
2064745600,4,0.0,C
1667497117,4,0.0,C
1667497117,4,0.0,C
1667497117,4,0.0,C
1667497117,4,0.0,C
1667497117,4,0.0,C
1637836422,4,-8.850943034266479e-05,C
1637836422,4,-6.3714113829327346e-06,C
1637836422,4,-6.8036710630936525e-06,C
1637836422,4,-0.00016625338161402325,C
1637836422,4,-0.00026485804007669866,C
1857396528,4,0.0,C
1857396528,4,0.0,C
1857396528,4,0.0,C
1857396528,4,0.0,C
1857396528,4,0.0,C
3337745083,4,0.0,F
3337745083,4,0.0,F
3337745083,4,0.0,F
3337745083,4,0.0,F
3337745083,4,0.0,F
871877728,4,0.0,C
871877728,4,0.0,C
871877728,4,0.0,C
871877728,4,0.0,C
871877728,4,0.0,C
3224978178,4,0.0,C
3224978178,4,0.0,C
3224978178,4,0.0,C
3224978178,4,0.0,C
3224978178,4,0.0,C
1512794193,4,0.0,C
1512794193,4,0.0,C
1512794193,4,0.0,C
1512794193,4,0.0,C
1512794193,4,0.0,C
4118787735,4,0.0,N
4118787735,4,0.0,N
4118787735,4,0.0,N
4118787735,4,0.0,N
4118787735,4,0.0,N
4160330003,4,0.0,C
4160330003,4,0.0,C
4160330003,4,0.0,C
4160330003,4,0.0,C
4160330003,4,0.0,C
4006898938,4,0.0,S
4006898938,4,0.0,S
4006898938,4,0.0,S
4006898938,4,0.0,S
4006898938,4,0.0,S
947207704,4,0.0,C
947207704,4,0.0,C
947207704,4,0.0,C
947207704,4,0.0,C
947207704,4,0.0,C
3341916169,4,0.0,C
3341916169,4,0.0,C
3341916169,4,0.0,C
3341916169,4,0.0,C
3341916169,4,0.0,C
3855312692,4,-0.0007460698459657022,C
3855312692,4,-0.0005408107608830814,C
3855312692,4,-0.00019037956230572028,C
3855312692,4,-0.00042808098317470566,C
3855312692,4,-0.0005609064362208649,C
2410099666,4,0.0,C
2410099666,4,0.0,C
2410099666,4,0.0,C
2410099666,4,0.0,C
2410099666,4,0.0,C
999334238,4,0.0006946082749648141,S
999334238,4,0.0005533795152780074,S
999334238,4,0.0006672900558335471,S
999334238,4,0.0004538633498916145,S
999334238,4,0.00046649250576624723,S
2223687999,4,0.0,C
2223687999,4,0.0,C
2223687999,4,0.0,C
2223687999,4,0.0,C
2223687999,4,0.0,C
2228063684,4,0.0,O
2228063684,4,0.0,O
2228063684,4,0.0,O
2228063684,4,0.0,O
2228063684,4,0.0,O
3266129148,4,0.0,S
3266129148,4,0.0,S
3266129148,4,0.0,S
3266129148,4,0.0,S
3266129148,4,0.0,S
3835273908,4,0.0,C
3835273908,4,0.0,C
3835273908,4,0.0,C
3835273908,4,0.0,C
3835273908,4,0.0,C
4108734886,4,0.0,C
4108734886,4,0.0,C
4108734886,4,0.0,C
4108734886,4,0.0,C
4108734886,4,0.0,C
267908151,4,0.0,C
267908151,4,0.0,C
267908151,4,0.0,C
267908151,4,0.0,C
267908151,4,0.0,C
1871221615,4,0.0,C
1871221615,4,0.0,C
1871221615,4,0.0,C
1871221615,4,0.0,C
1871221615,4,0.0,C
3232457362,4,0.0,S
3232457362,4,0.0,S
3232457362,4,0.0,S
3232457362,4,0.0,S
3232457362,4,0.0,S
3534721953,4,0.0,N
3534721953,4,0.0,N
3534721953,4,0.0,N
3534721953,4,0.0,N
3534721953,4,0.0,N
4018048386,4,0.0,C
4018048386,4,0.0,C
4018048386,4,0.0,C
4018048386,4,0.0,C
4018048386,4,0.0,C
1915080917,4,0.0,C
1915080917,4,0.0,C
1915080917,4,0.0,C
1915080917,4,0.0,C
1915080917,4,0.0,C
431202968,4,0.0,O
431202968,4,0.0,O
431202968,4,0.0,O
431202968,4,0.0,O
431202968,4,0.0,O
1790668568,4,0.0,N
1790668568,4,0.0,N
1790668568,4,0.0,N
1790668568,4,0.0,N
1790668568,4,0.0,N
2664622273,4,0.0,C
2664622273,4,0.0,C
2664622273,4,0.0,C
2664622273,4,0.0,C
2664622273,4,0.0,C
3918336191,4,0.0,C
3918336191,4,0.0,C
3918336191,4,0.0,C
3918336191,4,0.0,C
3918336191,4,0.0,C
1823539237,4,0.0,S
1823539237,4,0.0,S
1823539237,4,0.0,S
1823539237,4,0.0,S
1823539237,4,0.0,S
854737118,4,0.0,C
854737118,4,0.0,C
854737118,4,0.0,C
854737118,4,0.0,C
854737118,4,0.0,C
1842114921,4,0.0,C
1842114921,4,0.0,C
1842114921,4,0.0,C
1842114921,4,0.0,C
1842114921,4,0.0,C
1917146276,4,0.0,S
1917146276,4,0.0,S
1917146276,4,0.0,S
1917146276,4,0.0,S
1917146276,4,0.0,S
2296764637,4,0.0,C
2296764637,4,0.0,C
2296764637,4,0.0,C
2296764637,4,0.0,C
2296764637,4,0.0,C
3066203908,4,0.0,N
3066203908,4,0.0,N
3066203908,4,0.0,N
3066203908,4,0.0,N
3066203908,4,0.0,N
4140259565,4,0.0,C
4140259565,4,0.0,C
4140259565,4,0.0,C
4140259565,4,0.0,C
4140259565,4,0.0,C
3927890045,4,0.0,C
3927890045,4,0.0,C
3927890045,4,0.0,C
3927890045,4,0.0,C
3927890045,4,0.0,C
4096536289,4,0.0,C
4096536289,4,0.0,C
4096536289,4,0.0,C
4096536289,4,0.0,C
4096536289,4,0.0,C
1812689920,4,0.0,S
1812689920,4,0.0,S
1812689920,4,0.0,S
1812689920,4,0.0,S
1812689920,4,0.0,S
1730555933,4,0.0,C
1730555933,4,0.0,C
1730555933,4,0.0,C
1730555933,4,0.0,C
1730555933,4,0.0,C
3933537673,4,3.553315342874619e-05,C
3933537673,4,0.0,C
3933537673,4,0.0,C
3933537673,4,0.0,C
3933537673,4,0.0,C
4292539202,4,0.0,C
4292539202,4,0.0,C
4292539202,4,0.0,C
4292539202,4,0.0,C
4292539202,4,0.0,C
2205501948,4,0.0,C
2205501948,4,0.0,C
2205501948,4,0.0,C
2205501948,4,0.0,C
2205501948,4,0.0,C
3975295864,4,-0.0001218729103165117,C
3975295864,4,-0.00031774172731413586,C
3975295864,4,-0.0003385235599207004,C
3975295864,4,-7.993896459068672e-05,C
3975295864,4,-0.00019491711384889143,C
3723215905,4,0.0,C
3723215905,4,0.0,C
3723215905,4,0.0,C
3723215905,4,0.0,C
3723215905,4,0.0,C
4033380444,4,0.0,C
4033380444,4,0.0,C
4033380444,4,0.0,C
4033380444,4,0.0,C
4033380444,4,0.0,C
3677861261,4,0.0,C
3677861261,4,0.0,C
3677861261,4,0.0,C
3677861261,4,0.0,C
3677861261,4,0.0,C
447049820,4,0.00047530996187461483,C
447049820,4,0.0005861326134994904,C
447049820,4,7.65732028940036e-05,C
447049820,4,0.0009311338066113617,C
447049820,4,0.00033935725235001435,C
530220010,4,0.0,C
530220010,4,0.0,C
530220010,4,0.0,C
530220010,4,0.0,C
530220010,4,0.0,C
737231698,4,5.681990089279054e-05,C
737231698,4,7.618288434141363e-05,C
737231698,4,-3.796396555411086e-05,C
737231698,4,0.0001360800521125194,C
737231698,4,2.304784949358485e-05,C
2815521255,4,4.786304522697016e-05,O
2815521255,4,4.786304522697016e-05,O
2815521255,4,4.786304522697016e-05,O
2815521255,4,4.786304522697016e-05,O
2815521255,4,4.786304522697016e-05,O
912632640,4,0.0,C
912632640,4,0.0,C
912632640,4,0.0,C
912632640,4,0.0,C
912632640,4,0.0,C
421940045,4,0.0,C
421940045,4,0.0,C
421940045,4,0.0,C
421940045,4,0.0,C
421940045,4,0.0,C
2642229148,4,0.0,C
2642229148,4,0.0,C
2642229148,4,0.0,C
2642229148,4,0.0,C
2642229148,4,0.0,C
1894581838,4,0.0,C
1894581838,4,0.0,C
1894581838,4,0.0,C
1894581838,4,0.0,C
1894581838,4,0.0,C
3315826729,4,0.0,C
3315826729,4,0.0,C
3315826729,4,0.0,C
3315826729,4,0.0,C
3315826729,4,0.0,C
3203709451,4,0.0,O
3203709451,4,0.0,O
3203709451,4,0.0,O
3203709451,4,0.0,O
3203709451,4,0.0,O
1064883769,4,0.0,C
1064883769,4,0.0,C
1064883769,4,0.0,C
1064883769,4,0.0,C
1064883769,4,0.0,C
595581388,4,0.0,S
595581388,4,0.0,S
595581388,4,0.0,S
595581388,4,0.0,S
595581388,4,0.0,S
229197718,4,0.0,S
229197718,4,0.0,S
229197718,4,0.0,S
229197718,4,0.0,S
229197718,4,0.0,S
2932785557,4,0.0,C
2932785557,4,0.0,C
2932785557,4,0.0,C
2932785557,4,0.0,C
2932785557,4,0.0,C
1421345390,4,0.0,C
1421345390,4,0.0,C
1421345390,4,0.0,C
1421345390,4,0.0,C
1421345390,4,0.0,C
2459836637,4,0.0,C
2459836637,4,0.0,C
2459836637,4,0.0,C
2459836637,4,0.0,C
2459836637,4,0.0,C
1070821685,4,0.0,C
1070821685,4,0.0,C
1070821685,4,0.0,C
1070821685,4,0.0,C
1070821685,4,0.0,C
3087909968,4,0.0,N
3087909968,4,0.0,N
3087909968,4,0.0,N
3087909968,4,0.0,N
3087909968,4,0.0,N
3387672131,4,0.0,C
3387672131,4,0.0,C
3387672131,4,0.0,C
3387672131,4,0.0,C
3387672131,4,0.0,C
2035488874,4,0.0,C
2035488874,4,0.0,C
2035488874,4,0.0,C
2035488874,4,0.0,C
2035488874,4,0.0,C
68671624,4,0.0,C
68671624,4,0.0,C
68671624,4,0.0,C
68671624,4,0.0,C
68671624,4,0.0,C
3464445458,4,0.0,C
3464445458,4,0.0,C
3464445458,4,0.0,C
3464445458,4,0.0,C
3464445458,4,0.0,C
994494548,4,-0.0009074322583433325,C
994494548,4,-0.0009079594445544625,C
994494548,4,-0.0004938709984638745,C
994494548,4,-0.0008506071604118537,C
994494548,4,-0.0009172836181381427,C
1301245444,4,0.0,C
1301245444,4,0.0,C
1301245444,4,0.0,C
1301245444,4,0.0,C
1301245444,4,0.0,C
2662015685,4,0.0,C
2662015685,4,0.0,C
2662015685,4,0.0,C
2662015685,4,0.0,C
2662015685,4,0.0,C
3877555087,4,0.0,C
3877555087,4,0.0,C
3877555087,4,0.0,C
3877555087,4,0.0,C
3877555087,4,0.0,C
736735794,4,0.0,C
736735794,4,0.0,C
736735794,4,0.0,C
736735794,4,0.0,C
736735794,4,0.0,C
3103936094,4,0.0,C
3103936094,4,0.0,C
3103936094,4,0.0,C
3103936094,4,0.0,C
3103936094,4,0.0,C
144568923,4,0.0,C
144568923,4,0.0,C
144568923,4,0.0,C
144568923,4,0.0,C
144568923,4,0.0,C
2341335741,4,0.0,N
2341335741,4,0.0,N
2341335741,4,0.0,N
2341335741,4,0.0,N
2341335741,4,0.0,N
1582611257,4,0.0,C
1582611257,4,0.0,C
1582611257,4,0.0,C
1582611257,4,0.0,C
1582611257,4,0.0,C
2807500754,4,0.0,O
2807500754,4,0.0,O
2807500754,4,0.0,O
2807500754,4,0.0,O
2807500754,4,0.0,O
871989940,4,0.0,O
871989940,4,0.0,O
871989940,4,0.0,O
871989940,4,0.0,O
871989940,4,0.0,O
2032571407,4,0.0,C
2032571407,4,0.0,C
2032571407,4,0.0,C
2032571407,4,0.0,C
2032571407,4,0.0,C
2722711951,4,0.0,C
2722711951,4,0.0,C
2722711951,4,0.0,C
2722711951,4,0.0,C
2722711951,4,0.0,C
2013329825,4,0.0,C
2013329825,4,0.0,C
2013329825,4,0.0,C
2013329825,4,0.0,C
2013329825,4,0.0,C
2591080434,4,0.0,N
2591080434,4,0.0,N
2591080434,4,0.0,N
2591080434,4,0.0,N
2591080434,4,0.0,N
4110201252,4,0.0,C
4110201252,4,0.0,C
4110201252,4,0.0,C
4110201252,4,0.0,C
4110201252,4,0.0,C
977565923,4,0.0,C
977565923,4,0.0,C
977565923,4,0.0,C
977565923,4,0.0,C
977565923,4,0.0,C
4022712435,4,0.0,C
4022712435,4,0.0,C
4022712435,4,0.0,C
4022712435,4,0.0,C
4022712435,4,0.0,C
4259829752,4,0.0,C
4259829752,4,0.0,C
4259829752,4,0.0,C
4259829752,4,0.0,C
4259829752,4,0.0,C
606428793,4,0.0,C
606428793,4,0.0,C
606428793,4,0.0,C
606428793,4,0.0,C
606428793,4,0.0,C
2296493092,4,0.0,N
2296493092,4,0.0,N
2296493092,4,0.0,N
2296493092,4,0.0,N
2296493092,4,0.0,N
202715083,4,0.0,C
202715083,4,0.0,C
202715083,4,0.0,C
202715083,4,0.0,C
202715083,4,0.0,C
3555030288,4,0.0,I
3555030288,4,0.0,I
3555030288,4,0.0,I
3555030288,4,0.0,I
3555030288,4,0.0,I
3464445461,4,0.0,C
3464445461,4,0.0,C
3464445461,4,0.0,C
3464445461,4,0.0,C
3464445461,4,0.0,C
548743766,4,0.0,C
548743766,4,0.0,C
548743766,4,0.0,C
548743766,4,0.0,C
548743766,4,0.0,C
729181080,4,0.0,C
729181080,4,0.0,C
729181080,4,0.0,C
729181080,4,0.0,C
729181080,4,0.0,C
3254486562,4,0.0,C
3254486562,4,0.0,C
3254486562,4,0.0,C
3254486562,4,0.0,C
3254486562,4,0.0,C
