Substructure,Fold,Importance,Central Atom
3218693969,0,0.0055170177700459,C
3218693969,0,0.000548293460523,C
3218693969,0,0.0113146516945574,C
3218693969,0,-0.0012762305470721,C
3218693969,0,-0.0019398696649571,C
3217380708,0,0.002341694942098,C
3217380708,0,0.0081409260313213,C
3217380708,0,0.0048648586533764,C
3217380708,0,0.0128404900093329,C
3217380708,0,0.0081977950660931,C
951226070,0,0.0003597891755023,C
951226070,0,0.0029809617390955,C
951226070,0,-0.0015050938576106,C
951226070,0,0.0016140427315672,C
951226070,0,-0.0033399103267387,C
2968968094,0,0.0045710567988668,C
2968968094,0,-0.0027650849957072,C
2968968094,0,0.0019482914133837,C
2968968094,0,0.014935473537177,C
2968968094,0,-0.0062183053328892,C
2245384272,0,0.0130277608835196,C
2245384272,0,0.0184449814349756,C
2245384272,0,0.021340643718361,C
2245384272,0,0.0259220361046673,C
2245384272,0,0.0414434518452879,C
864942730,0,0.0202221178439436,O
864942730,0,0.0030412596426563,O
864942730,0,0.0118420095249415,O
864942730,0,0.0042129556550436,O
864942730,0,0.0120324375044736,O
2246728737,0,0.0098005547838524,C
2246728737,0,0.0121715900732262,C
2246728737,0,0.0197363252264616,C
2246728737,0,0.0203475744126501,C
2246728737,0,0.0080915537188001,C
98513984,0,-0.0072353217616767,C
98513984,0,-0.0004745476676873,C
98513984,0,-0.0088125380281659,C
98513984,0,-0.0098347111052952,C
98513984,0,0.0016257605314058,C
2041434490,0,0.0055011941015488,N
2041434490,0,0.0219959456295238,N
2041434490,0,0.0079743281693142,N
2041434490,0,0.0157862241830524,N
2041434490,0,0.0143133785476087,N
2246699815,0,-0.0023069593743012,C
2246699815,0,-0.0078445082188377,C
2246699815,0,-0.0004854991851109,C
2246699815,0,0.005062281667856,C
2246699815,0,0.0038084989995931,C
994485099,0,-0.001841769065322,C
994485099,0,0.0069322749724074,C
994485099,0,0.0129531617143905,C
994485099,0,0.0053494276310694,C
994485099,0,-0.0113854747771225,C
1510328189,0,-0.0080997282971877,O
1510328189,0,0.0109843759385931,O
1510328189,0,0.0140264510660226,O
1510328189,0,-0.0024832742538442,O
1510328189,0,0.0166758535377744,O
3999906991,0,0.0006094589395885,C
3999906991,0,-0.000378055792343,C
3999906991,0,0.00084760592253,C
3999906991,0,0.0011706704185435,C
3999906991,0,-0.0013721350581211,C
2976033787,0,0.0040107908410008,C
2976033787,0,0.0075054430183421,C
2976033787,0,0.000910081968,C
2976033787,0,0.00617705120055,C
2976033787,0,0.0095621139443712,C
2092489639,0,0.0293844087439226,N
2092489639,0,0.0081683695753111,N
2092489639,0,0.0129372620930544,N
2092489639,0,0.0038916086835423,N
2092489639,0,0.004288774707418,N
847961216,0,-0.0055198986316851,N
847961216,0,-0.0030285857037885,N
847961216,0,-0.0053891808640281,N
847961216,0,-0.0010655386514183,N
847961216,0,0.0026159064923215,N
882399112,0,-7.491153456162802e-05,F
882399112,0,0.0092731751731782,F
882399112,0,0.0084677892457311,F
882399112,0,0.0025169622548929,F
882399112,0,0.0030837546350696,F
2803848648,0,0.0079717584705457,C
2803848648,0,0.0028409192952869,C
2803848648,0,0.005544864053494,C
2803848648,0,0.0054975545334609,C
2803848648,0,0.0043592590212043,C
2117068077,0,-0.0014667166946754,C
2117068077,0,-0.0007827106272405,C
2117068077,0,-0.0009735707860203,C
2117068077,0,-0.001575558631164,C
2117068077,0,-0.003077877390463,C
864674487,0,-0.0102065437137395,O
864674487,0,-0.0040120395503813,O
864674487,0,-0.0050785153262636,O
864674487,0,0.0041617396978859,O
864674487,0,-0.0134819997117552,O
864662311,0,0.0034849271632547,O
864662311,0,0.0092066015785901,O
864662311,0,0.0001891262826604,O
864662311,0,-0.0027575544356397,O
864662311,0,0.0061471313820119,O
2245273601,0,0.0026546920669221,C
2245273601,0,-0.0014250079763524,C
2245273601,0,0.0012047839507967,C
2245273601,0,0.0023479539483111,C
2245273601,0,-0.0023559510371833,C
1100037548,0,0.0056448836959255,N
1100037548,0,-0.0042727776968067,N
1100037548,0,0.0036223655174933,N
1100037548,0,-0.0004922087572785,N
1100037548,0,0.0141177164249817,N
485463469,0,0.0006748822524973,F
485463469,0,-0.0002085684143718,F
485463469,0,0.0004970547005135,F
485463469,0,0.0003943462897731,F
485463469,0,0.0005644931697578,F
1101907775,0,0.0125663651417814,N
1101907775,0,0.0116215465735545,N
1101907775,0,0.0089300457257877,N
1101907775,0,0.012237375801203,N
1101907775,0,0.0099847335167421,N
10565946,0,0.0002531398649491,O
10565946,0,0.0078455345744964,O
10565946,0,0.0009766625016737,O
10565946,0,0.0014630469928849,O
10565946,0,0.001458108504036,O
2076190208,0,0.003861472062425,O
2076190208,0,0.0003326108171624,O
2076190208,0,-0.0011962144542141,O
2076190208,0,-0.000993878209446,O
2076190208,0,-0.002940355166543,O
2142032900,0,0.0067932020261818,C
2142032900,0,0.001035290872686,C
2142032900,0,0.0048068117666043,C
2142032900,0,0.0006563101695975,C
2142032900,0,0.0016875673028557,C
2132511834,0,0.0031932250861577,N
2132511834,0,0.0087758665791466,N
2132511834,0,0.0049054260124197,N
2132511834,0,0.012426503068296,N
2132511834,0,0.0109776219034273,N
1312131881,0,0.000180844656655,C
1312131881,0,-4.271661274302119e-05,C
1312131881,0,9.757366546825352e-05,C
1312131881,0,0.0001012412552704,C
1312131881,0,9.750718544521142e-05,C
2353112200,0,0.0082672277649503,C
2353112200,0,0.0105906909897871,C
2353112200,0,0.0071392437339481,C
2353112200,0,0.0123100677496924,C
2353112200,0,0.0133603064013324,C
4121755354,0,0.0018479249185863,C
4121755354,0,-0.000352085859246,C
4121755354,0,0.0079198170369869,C
4121755354,0,0.0016891783722412,C
4121755354,0,0.0023417455752918,C
1054767590,0,-0.0077793153311288,C
1054767590,0,-0.0116867716932146,C
1054767590,0,-0.0124007332220653,C
1054767590,0,-0.0110409845448444,C
1054767590,0,-0.007393068150398,C
3537119515,0,-0.0006527082317674,C
3537119515,0,0.0024498120893076,C
3537119515,0,0.000934224210027,C
3537119515,0,-0.0005750746643211,C
3537119515,0,-0.0022684380280477,C
1510461303,0,-0.0018982245586283,C
1510461303,0,-0.0002927307608138,C
1510461303,0,-0.0015245701350152,C
1510461303,0,-0.0013008797416826,C
1510461303,0,-0.0006233828581979,C
4216335232,0,0.0034840722789466,C
4216335232,0,0.0041176707479358,C
4216335232,0,0.0021677498083875,C
4216335232,0,0.0058968585172606,C
4216335232,0,0.0027596646642237,C
3189457552,0,0.0065815830367799,O
3189457552,0,0.0041296054003306,O
3189457552,0,0.0047313560299808,O
3189457552,0,0.0046781657250527,O
3189457552,0,0.0013125405788139,O
2228063684,0,0.0007433685782856,O
2228063684,0,0.0048583643451737,O
2228063684,0,0.0031953295590784,O
2228063684,0,0.0019835693514077,O
2228063684,0,0.0003212179630741,O
3777168895,0,0.0052077819603068,C
3777168895,0,-0.0014352940168075,C
3777168895,0,0.0023049718074368,C
3777168895,0,0.004874042863985,C
3777168895,0,0.0006163050804993,C
1016841875,0,0.0007517987062707,Cl
1016841875,0,-0.0005754342774063,Cl
1016841875,0,0.0006591915471048,Cl
1016841875,0,-0.0021359646356251,Cl
1016841875,0,-0.002959566832845,Cl
422715066,0,0.0195110404131606,C
422715066,0,0.0002978749639804,C
422715066,0,-0.0026789106190912,C
422715066,0,-0.0006694799154335,C
422715066,0,0.0054807050616345,C
3452535345,0,-0.0085376871071773,Cl
3452535345,0,-0.0108371567872656,Cl
3452535345,0,-0.0075383914163439,Cl
3452535345,0,-0.0077666209015577,Cl
3452535345,0,-0.0074861051479678,Cl
1429883190,0,-0.000695959605005,C
1429883190,0,0.0005635499942832,C
1429883190,0,-0.0002569874432625,C
1429883190,0,-0.0007910628727245,C
1429883190,0,-0.0007260365385639,C
2763854213,0,0.0006931337271095,C
2763854213,0,-0.0004047180844847,C
2763854213,0,-0.0008945177428011,C
2763854213,0,-0.0035533459438129,C
2763854213,0,-0.0022703574266755,C
2424973678,0,-0.0027704772319518,C
2424973678,0,-0.0026718330155872,C
2424973678,0,-0.0014649357120756,C
2424973678,0,-0.0018889731003789,C
2424973678,0,-0.0017079204184822,C
847957139,0,-0.0045554595495895,N
847957139,0,-0.0040876187007667,N
847957139,0,-0.0018699095570009,N
847957139,0,-0.0039624025547555,N
847957139,0,-0.0053878983259385,N
1182622762,0,0.0007022331959868,C
1182622762,0,-0.0008290174174524,C
1182622762,0,-0.0007103926318607,C
1182622762,0,-0.0011979889743679,C
1182622762,0,0.0004808077456499,C
1857396528,0,-0.0019730255505043,C
1857396528,0,0.0031432496802378,C
1857396528,0,0.0015084365118166,C
1857396528,0,0.0062226348922855,C
1857396528,0,0.0028541103345045,C
3337745083,0,0.0125430854498717,F
3337745083,0,0.0100307040652699,F
3337745083,0,0.0111294036946761,F
3337745083,0,0.0025532781362768,F
3337745083,0,0.0074569016823146,F
4222851645,0,-0.0004547673187252,C
4222851645,0,-0.0010625681330135,C
4222851645,0,-0.0007343512459653,C
4222851645,0,3.690242035081504e-05,C
4222851645,0,-0.0012399770709033,C
3975275337,0,0.0054399071100993,C
3975275337,0,0.008266371880327,C
3975275337,0,0.0055666498397051,C
3975275337,0,8.873152486432723e-05,C
3975275337,0,0.007827521030335,C
3692055567,0,-0.0020885417332342,C
3692055567,0,-0.0020569694829698,C
3692055567,0,-0.0022123916013079,C
3692055567,0,-0.0016767425488485,C
3692055567,0,-0.0024644213317426,C
2944555726,0,0.0016097577614991,C
2944555726,0,0.0035429299816165,C
2944555726,0,0.003451320536974,C
2944555726,0,0.0017482169784587,C
2944555726,0,0.0028854452028432,C
2245277810,0,0.0033977517036907,C
2245277810,0,0.0023889117528905,C
2245277810,0,0.0039872394614172,C
2245277810,0,0.0024800038423801,C
2245277810,0,0.0018998969136396,C
3983062349,0,-0.0076884375378954,C
3983062349,0,-0.0099756088007044,C
3983062349,0,-0.0148236202311956,C
3983062349,0,0.0069887272543802,C
3983062349,0,0.0165100220581069,C
2246340824,0,-0.0090590735125274,C
2246340824,0,-0.0077933979040893,C
2246340824,0,-0.0077185243700278,C
2246340824,0,-0.0064846201638811,C
2246340824,0,-0.0088739653185974,C
2976816164,0,0.0051555091417977,C
2976816164,0,0.0042079724187276,C
2976816164,0,0.0055218407505049,C
2976816164,0,0.0037111527133205,C
2976816164,0,0.0058780178409786,C
3776905034,0,-0.0019900596185682,C
3776905034,0,-0.0037649170934361,C
3776905034,0,-0.0009491279209719,C
3776905034,0,-0.0022332979703142,C
3776905034,0,0.0022639795159262,C
3542456614,0,0.0052488843745298,C
3542456614,0,0.0018390103064425,C
3542456614,0,0.0041704932554419,C
3542456614,0,-3.510039924392583e-05,C
3542456614,0,0.0034680145063999,C
3537123720,0,-0.0026511577453335,C
3537123720,0,-0.0036194474593471,C
3537123720,0,0.0008052961246965,C
3537123720,0,0.0016349313699304,C
3537123720,0,-0.0003118284200349,C
1637836422,0,-0.0006521139025614,C
1637836422,0,0.0036475117056562,C
1637836422,0,0.0049122202738015,C
1637836422,0,0.0017306384988475,C
1637836422,0,0.0010266535784642,C
3162837314,0,0.005211404486501,C
3162837314,0,-0.0053884510477855,C
3162837314,0,-0.0004097068766542,C
3162837314,0,0.0020766785400267,C
3162837314,0,-0.0050638565186418,C
3982076256,0,0.0040072456648705,C
3982076256,0,0.0004474878490552,C
3982076256,0,-0.0007402408584011,C
3982076256,0,-0.0033832238454962,C
3982076256,0,-0.0013176655445404,C
1362518133,0,-0.0017526281232538,N
1362518133,0,0.0002355428750477,N
1362518133,0,-0.0009612500684924,N
1362518133,0,-0.0037084146910992,N
1362518133,0,-0.0046461378914048,N
1135286194,0,-0.0027264105477784,C
1135286194,0,-0.0018935459361069,C
1135286194,0,-0.0055009161058742,C
1135286194,0,0.0016528939097438,C
1135286194,0,-0.0007190246184913,C
1790668568,0,-0.0073519818311849,N
1790668568,0,-0.0037704988810898,N
1790668568,0,-1.710860197201569e-05,N
1790668568,0,-0.0082943504042514,N
1790668568,0,-0.0062686145296361,N
3124581743,0,0.0014780320019713,C
3124581743,0,0.0011322322022638,C
3124581743,0,0.0015697145600366,C
3124581743,0,-0.0005497250245974,C
3124581743,0,0.0025718124964276,C
2119439498,0,0.0046061478364893,C
2119439498,0,-0.0012745190658394,C
2119439498,0,-9.50756196604896e-05,C
2119439498,0,0.0028522400907728,C
2119439498,0,0.0021649650366741,C
1533864325,0,0.0010410160717144,O
1533864325,0,-0.0035173908183915,O
1533864325,0,4.5640331312268856e-05,O
1533864325,0,0.0003250929325701,O
1533864325,0,-0.003445147828632,O
4278941385,0,0.0,C
4278941385,0,0.0,C
4278941385,0,0.0,C
4278941385,0,0.0,C
4278941385,0,0.0,C
3918336191,0,0.0073119897466147,C
3918336191,0,0.0035102360282792,C
3918336191,0,0.0046143133154559,C
3918336191,0,0.009158205423559,C
3918336191,0,0.0038312564485343,C
2560252747,0,0.0037348235232175,C
2560252747,0,0.0026070401504005,C
2560252747,0,0.0023583897760168,C
2560252747,0,0.0014471409693459,C
2560252747,0,0.0044284627705282,C
999334238,0,-0.0045687666067916,S
999334238,0,-0.0036457848423563,S
999334238,0,-0.0033711602072236,S
999334238,0,-0.0042317638373242,S
999334238,0,-0.0011482154628967,S
1173125914,0,-0.000614046653631,C
1173125914,0,-0.0014017849403664,C
1173125914,0,-0.0009404695093234,C
1173125914,0,-0.0021503844026163,C
1173125914,0,-0.0003631349165575,C
2994748777,0,0.0014699473063479,C
2994748777,0,-0.0065690690975361,C
2994748777,0,0.0002713636388322,C
2994748777,0,0.0042526279838803,C
2994748777,0,-0.0011197937200826,C
3351556771,0,0.000519101160726,S
3351556771,0,0.0002609628415162,S
3351556771,0,0.0009734468551931,S
3351556771,0,-0.0002024147067618,S
3351556771,0,-0.0014074363238217,S
2509211297,0,0.0030015945624631,C
2509211297,0,0.0024943966904068,C
2509211297,0,0.000646870717166,C
2509211297,0,0.0022155092573244,C
2509211297,0,0.0004671998895124,C
848128881,0,0.0021679879222246,N
848128881,0,0.0003482632487864,N
848128881,0,0.0062136028066388,N
848128881,0,-0.0034979888989616,N
848128881,0,-0.0039579836796947,N
2246703798,0,-0.0071000877111223,C
2246703798,0,-0.001386705801836,C
2246703798,0,-0.0030652376271342,C
2246703798,0,-0.0040919628440007,C
2246703798,0,-0.0051808569750405,C
1276993226,0,-0.0005781875621845,C
1276993226,0,0.0003193816457791,C
1276993226,0,0.0010540177842199,C
1276993226,0,6.028161427429346e-05,C
1276993226,0,0.0025221613913356,C
2984966880,0,-0.0004725324330018,C
2984966880,0,0.0005806008370177,C
2984966880,0,0.0007170276998678,C
2984966880,0,0.0039832727066989,C
2984966880,0,0.0029762233255139,C
3315826729,0,0.0021569984791256,C
3315826729,0,0.0026461867566153,C
3315826729,0,0.0053046138711457,C
3315826729,0,0.0036643902911719,C
3315826729,0,-0.0006686897266591,C
2115476908,0,0.0066098939907591,O
2115476908,0,-3.054140478564449e-05,O
2115476908,0,0.0047018468584865,O
2115476908,0,0.0042410746531835,O
2115476908,0,0.0053884449792969,O
717512901,0,0.0028750141633333,N
717512901,0,-0.0050687318687311,N
717512901,0,-0.0007327549737182,N
717512901,0,-0.0005013516894408,N
717512901,0,0.0038059232252886,N
2245900962,0,0.0024865765322162,C
2245900962,0,0.0041466975296312,C
2245900962,0,-6.648279778920241e-07,C
2245900962,0,1.494339736729522e-06,C
2245900962,0,0.000930170826745,C
3848534832,0,-0.0004663853468329,C
3848534832,0,-0.0032691705861881,C
3848534832,0,-0.0006674019458626,C
3848534832,0,-0.0030210092587035,C
3848534832,0,-0.0021225292188576,C
3182824521,0,-0.0093878132053605,C
3182824521,0,0.0009897249207233,C
3182824521,0,-0.0013495358907045,C
3182824521,0,-0.0165853105914767,C
3182824521,0,0.009879063631127,C
26234434,0,0.0019379751112001,O
26234434,0,-0.0002424075873572,O
26234434,0,0.0016990643268165,O
26234434,0,0.0032466232600545,O
26234434,0,0.0005708451381001,O
288315894,0,0.0007386243015854,S
288315894,0,0.0002680828471174,S
288315894,0,0.0015264813988773,S
288315894,0,0.000875787525821,S
288315894,0,0.000467394394957,S
2811394787,0,-0.0006813314545758,C
2811394787,0,-0.0003583380100705,C
2811394787,0,-0.0003847178504554,C
2811394787,0,-7.903000838893615e-05,C
2811394787,0,-0.0004729997686389,C
19852674,0,0.002187238207155,C
19852674,0,0.0021097937795535,C
19852674,0,0.0025040556227519,C
19852674,0,-0.0004523718210831,C
19852674,0,0.0010219522709055,C
1861965050,0,-4.623924230939824e-05,C
1861965050,0,-0.0002053201989206,C
1861965050,0,-0.0001141588060936,C
1861965050,0,6.977014584519381e-05,C
1861965050,0,-0.0001365433399812,C
2423543607,0,-0.0049733341733523,C
2423543607,0,-0.0054531049805706,C
2423543607,0,-0.0042187631054078,C
2423543607,0,-0.0050623929597094,C
2423543607,0,-0.0044710511784655,C
1257718710,0,0.0018672565457245,C
1257718710,0,0.0027001873052744,C
1257718710,0,0.0024692231557359,C
1257718710,0,0.0011564193286995,C
1257718710,0,0.0002310099554756,C
2784506312,0,0.0007046962927876,C
2784506312,0,0.0008522535743085,C
2784506312,0,0.0003671302289752,C
2784506312,0,0.0008645052044431,C
2784506312,0,0.0006105876729121,C
3818546315,0,-6.680317356466681e-05,C
3818546315,0,-0.0012369061649389,C
3818546315,0,0.001440131608308,C
3818546315,0,-0.0026009953508551,C
3818546315,0,0.0013448695675353,C
3657471097,0,-0.0071920078918826,C
3657471097,0,-0.0010499099984567,C
3657471097,0,-0.0007585501546992,C
3657471097,0,-0.0012276160918239,C
3657471097,0,0.0030589995429675,C
2360741695,0,-0.0038137303312755,C
2360741695,0,-0.0016540486585497,C
2360741695,0,-0.0080682844663331,C
2360741695,0,-0.0062499139149367,C
2360741695,0,-0.008838050491508,C
551287920,0,0.0003473108918432,C
551287920,0,0.0001379302562269,C
551287920,0,0.0005320375959441,C
551287920,0,-4.265733565977925e-05,C
551287920,0,-0.0005572254257582,C
1842898132,0,-0.0035962488190549,C
1842898132,0,-0.0056690741658768,C
1842898132,0,-0.0046194570907457,C
1842898132,0,-0.0035044998640879,C
1842898132,0,-0.004391595188768,C
2832976762,0,0.0009065158027632,C
2832976762,0,0.0003581131391451,C
2832976762,0,0.0006314854854898,C
2832976762,0,7.272063340946211e-06,C
2832976762,0,0.0011256378763936,C
2309124039,0,0.005030070131244,C
2309124039,0,-0.0041663730727592,C
2309124039,0,0.0008602136644355,C
2309124039,0,0.0080771183486169,C
2309124039,0,0.0024385854106483,C
2591432844,0,0.0010415275289925,N
2591432844,0,-0.00016398431844,N
2591432844,0,0.0006114326974504,N
2591432844,0,-0.0005858446603693,N
2591432844,0,0.0008658574677266,N
963029399,0,0.0008528351117336,N
963029399,0,0.0002872660291186,N
963029399,0,0.0006890896469953,N
963029399,0,-0.0013534132291724,N
963029399,0,-0.0016230531069273,N
3884454603,0,0.0005112445684121,C
3884454603,0,-0.0001295705403082,C
3884454603,0,0.0002105992871199,C
3884454603,0,0.0002095514460934,C
3884454603,0,0.0009594445585552,C
4089138501,0,0.0050314112266577,C
4089138501,0,0.0106628110859872,C
4089138501,0,0.0072836810724443,C
4089138501,0,0.0068320919606253,C
4089138501,0,0.0027950773180903,C
932712697,0,-0.0021236168667857,O
932712697,0,-0.0017700796056892,O
932712697,0,-0.0039665113244865,O
932712697,0,-0.0035613338335254,O
932712697,0,-0.0036960730958369,O
1634606847,0,0.0022382728716372,N
1634606847,0,0.00347485515418,N
1634606847,0,0.0022567392875745,N
1634606847,0,0.0013770751304593,N
1634606847,0,0.0027703980319457,N
3624155,0,0.0002141742510197,C
3624155,0,0.0004635699569194,C
3624155,0,0.0007330432235026,C
3624155,0,0.0005068812510385,C
3624155,0,-1.8835901099967245e-05,C
161963127,0,1.0984144411696484e-05,C
161963127,0,3.891105223274849e-05,C
161963127,0,2.7598775951709346e-05,C
161963127,0,-1.989658258028104e-05,C
161963127,0,3.096605263408492e-05,C
2257970297,0,0.0036655363092018,C
2257970297,0,0.0049533153579579,C
2257970297,0,0.0036748762037385,C
2257970297,0,0.0006906316919241,C
2257970297,0,0.0028635204358435,C
787069595,0,-0.0019438459562587,C
787069595,0,-0.0012538541690674,C
787069595,0,-0.0013623791458686,C
787069595,0,-0.0037425203656999,C
787069595,0,-0.0025480200557054,C
517457164,0,0.0001634932377942,C
517457164,0,-8.532168402686224e-05,C
517457164,0,5.771167518742182e-05,C
517457164,0,0.0001007488805985,C
517457164,0,-0.000411630057303,C
3207567135,0,-0.0001623832686683,C
3207567135,0,0.0016153326880072,C
3207567135,0,0.0021160400705886,C
3207567135,0,0.0019052672544521,C
3207567135,0,0.0025857368485723,C
435232729,0,0.0017236403520164,N
435232729,0,0.0118996663547936,N
435232729,0,0.004314881481472,N
435232729,0,0.0063484915065371,N
435232729,0,0.0052287758405682,N
2806018737,0,-0.0001029293780862,C
2806018737,0,-3.504131380627218e-05,C
2806018737,0,9.397065636307378e-05,C
2806018737,0,0.0002456985083381,C
2806018737,0,-3.3859110895484434e-05,C
4008337421,0,-0.0004206313738693,C
4008337421,0,-0.0006226951861467,C
4008337421,0,-0.0011631581352725,C
4008337421,0,-0.0002553426078022,C
4008337421,0,-0.0010732024061981,C
3026394695,0,-0.0003438427649812,C
3026394695,0,-0.000479256727576,C
3026394695,0,-0.000940355827117,C
3026394695,0,0.0004495539587465,C
3026394695,0,-0.000363670014523,C
2296565457,0,0.0071848292084305,N
2296565457,0,0.0077722650509035,N
2296565457,0,0.0098108179462227,N
2296565457,0,0.0045311094928081,N
2296565457,0,0.0016833157881308,N
2089117413,0,0.0057204318907551,C
2089117413,0,0.0054522109732096,C
2089117413,0,0.006211311280561,C
2089117413,0,0.0026723634402299,C
2089117413,0,0.0072124310950002,C
572760528,0,0.0014775995387124,C
572760528,0,0.001450086442886,C
572760528,0,0.0020852569671363,C
572760528,0,0.0021798229748889,C
572760528,0,0.0040485924417478,C
3002759401,0,0.0050178480597706,C
3002759401,0,0.001148021341362,C
3002759401,0,0.0047314909915412,C
3002759401,0,0.0026808079891187,C
3002759401,0,0.0024742087824238,C
3118255683,0,-0.004828411341779,N
3118255683,0,-0.0014937836142432,N
3118255683,0,-0.0018583060338485,N
3118255683,0,-0.0023797230235915,N
3118255683,0,-0.0022835282244451,N
74537039,0,0.0,C
74537039,0,0.0,C
74537039,0,0.0,C
74537039,0,0.0,C
74537039,0,0.0,C
2473389857,0,0.0052535520426337,C
2473389857,0,0.0014476501410843,C
2473389857,0,0.0025988051137849,C
2473389857,0,0.0023855756215528,C
2473389857,0,-7.194027191348429e-05,C
899522707,0,-0.0052823170207618,C
899522707,0,-0.0044799552495015,C
899522707,0,-0.0046463253921055,C
899522707,0,-0.0056237793566598,C
899522707,0,-0.0033726946673404,C
675765711,0,0.0,C
675765711,0,0.0,C
675765711,0,0.0,C
675765711,0,0.0,C
675765711,0,0.0,C
1313967653,0,-0.0015188600941128,C
1313967653,0,0.000488349528553,C
1313967653,0,-0.0003867517669648,C
1313967653,0,-0.0006004412295189,C
1313967653,0,-0.0008104428484133,C
3855312692,0,-0.0001115237835648,C
3855312692,0,5.978623653013493e-05,C
3855312692,0,0.0008379472013143,C
3855312692,0,-0.0004294942973489,C
3855312692,0,-0.0022317049645094,C
1083852209,0,0.0096264491538373,N
1083852209,0,0.0081273298187768,N
1083852209,0,0.0056067942612292,N
1083852209,0,0.0085340301567145,N
1083852209,0,0.0072307471833991,N
2905660137,0,-0.0020959931162806,C
2905660137,0,-0.0006728819028963,C
2905660137,0,-0.0010401413220506,C
2905660137,0,-0.0009879280531568,C
2905660137,0,-0.0018654301669288,C
3579962709,0,0.0011332499298969,C
3579962709,0,-7.700864596904555e-05,C
3579962709,0,-0.0004337606782033,C
3579962709,0,-8.457833263664227e-05,C
3579962709,0,-0.0007204907986421,C
4041573576,0,-0.0035063180413339,C
4041573576,0,-0.0014607272381444,C
4041573576,0,-0.0014454658638758,C
4041573576,0,-0.0006265638167062,C
4041573576,0,-0.0026131268744689,C
64070612,0,0.0058392719914752,C
64070612,0,0.0031340152686132,C
64070612,0,0.0042274055567341,C
64070612,0,0.0060987784659211,C
64070612,0,0.0022475628670536,C
729796064,0,0.0007951970868653,C
729796064,0,0.0001643274869634,C
729796064,0,0.0013891089799561,C
729796064,0,0.001300700595135,C
729796064,0,0.0007640818011958,C
1070821685,0,0.0008161790273364,C
1070821685,0,0.0007584120056388,C
1070821685,0,7.821457360190909e-05,C
1070821685,0,0.0009720290579312,C
1070821685,0,0.000302677302301,C
3820826669,0,-0.0071830761320051,C
3820826669,0,-0.0047115631685262,C
3820826669,0,-0.0056870883184864,C
3820826669,0,-0.0008706670629876,C
3820826669,0,-0.0057250646252779,C
2223687999,0,0.0028748610124669,C
2223687999,0,0.0042988255958331,C
2223687999,0,0.0024980870711683,C
2223687999,0,0.0020766684603643,C
2223687999,0,0.0038725847900883,C
2435680164,0,-0.0065122811571241,N
2435680164,0,-0.0027348016001427,N
2435680164,0,-0.006443015368683,N
2435680164,0,-0.0040295913751948,N
2435680164,0,-0.0071885761009687,N
600629739,0,0.0042988330491866,N
600629739,0,0.0034627092824062,N
600629739,0,0.003875618190103,N
600629739,0,0.0068650210651693,N
600629739,0,0.0023433476857844,N
2370996728,0,-0.0008248639279327,C
2370996728,0,-0.0042147360468771,C
2370996728,0,-0.0012428656871075,C
2370996728,0,-0.0035292419034869,C
2370996728,0,-0.0036075204573444,C
266675433,0,-0.0002403946449021,O
266675433,0,-0.0002829708773754,O
266675433,0,-0.0002686151047776,O
266675433,0,-9.892408882350434e-05,O
266675433,0,-0.0002953546115741,O
2720313463,0,-0.0013042922076645,C
2720313463,0,-0.0007735065955342,C
2720313463,0,-0.0026123283396592,C
2720313463,0,0.0053906505330595,C
2720313463,0,-0.0041954074759255,C
847433064,0,0.0016642358496022,N
847433064,0,-0.0011586713953049,N
847433064,0,0.0001002402596803,N
847433064,0,0.0001459025288441,N
847433064,0,-0.0001696759566195,N
2551483158,0,0.0008646611578925,N
2551483158,0,0.0001396254750266,N
2551483158,0,0.0019655157236257,N
2551483158,0,-0.0007918628182523,N
2551483158,0,-0.0019074724493951,N
3933537673,0,0.002588680254539,C
3933537673,0,0.0033168414448684,C
3933537673,0,0.0024331545667906,C
3933537673,0,0.0016160664467057,C
3933537673,0,0.002479909960642,C
3458774156,0,0.0046081002402568,N
3458774156,0,-0.002153102816783,N
3458774156,0,-0.0002235534326928,N
3458774156,0,0.0013362542352148,N
3458774156,0,0.001556796315811,N
642367021,0,0.0001281568482837,C
642367021,0,0.000488414385485,C
642367021,0,0.0004700946007168,C
642367021,0,0.0006491179679047,C
642367021,0,0.0002468727688329,C
847336149,0,0.0019949672364776,N
847336149,0,-0.0003601723758837,N
847336149,0,-0.0004691435472594,N
847336149,0,-0.0007675482128342,N
847336149,0,0.0019112002666733,N
3182177290,0,0.0,C
3182177290,0,0.0,C
3182177290,0,0.0,C
3182177290,0,0.0,C
3182177290,0,0.0,C
1167322652,0,-0.0017374636778372,C
1167322652,0,-0.0012106532114425,C
1167322652,0,-0.0014773021538233,C
1167322652,0,-0.0013718252005776,C
1167322652,0,-0.0017066132372899,C
3796841743,0,-0.0002184027227121,C
3796841743,0,0.0004012786054224,C
3796841743,0,-9.940262265117904e-05,C
3796841743,0,0.0007934896815041,C
3796841743,0,0.0028346804175525,C
1730555933,0,0.0006348310013732,C
1730555933,0,0.0001080425751298,C
1730555933,0,-9.485360390215636e-05,C
1730555933,0,-0.0002824649025765,C
1730555933,0,-8.168008440689878e-05,C
1583799011,0,7.45917150742903e-05,C
1583799011,0,0.0004807794999827,C
1583799011,0,-3.027533473065613e-05,C
1583799011,0,0.0001447780729841,C
1583799011,0,0.0001682439809985,C
3908647167,0,0.0010233942758748,C
3908647167,0,-0.0001811777350231,C
3908647167,0,0.0049526790180499,C
3908647167,0,-1.8003227467033867e-05,C
3908647167,0,-0.0018343849455217,C
271903915,0,0.0,N
271903915,0,0.0,N
271903915,0,0.0,N
271903915,0,0.0,N
271903915,0,0.0,N
2447826885,0,-0.0010064062371565,C
2447826885,0,-0.0016661880811854,C
2447826885,0,-0.0012102455915175,C
2447826885,0,-0.0009052615771318,C
2447826885,0,-0.0008277535392904,C
1791271074,0,-0.0025637997376131,S
1791271074,0,-0.0013264699997962,S
1791271074,0,-0.0024792885791453,S
1791271074,0,-0.0018756064866372,S
1791271074,0,0.000137775278388,S
3976623167,0,-0.0005661273526513,C
3976623167,0,-0.0018959961521172,C
3976623167,0,-0.0010166802836826,C
3976623167,0,-0.0002069122507868,C
3976623167,0,0.0003998802706581,C
966311396,0,0.0011344374166485,C
966311396,0,0.001475955019327,C
966311396,0,0.0005521028832772,C
966311396,0,0.0004350953471705,C
966311396,0,0.0001167939272286,C
1323467736,0,-0.000218197851313,C
1323467736,0,-0.00075234299762,C
1323467736,0,-0.0002221771410449,C
1323467736,0,0.0002839850747761,C
1323467736,0,0.0002901655091633,C
411967733,0,-8.977097389861743e-05,C
411967733,0,-0.0004403465954748,C
411967733,0,-0.0005925145389403,C
411967733,0,-0.0005007789849372,C
411967733,0,-0.0012760397148476,C
3545365497,0,0.0012180934153031,C
3545365497,0,0.0010695028536291,C
3545365497,0,0.0009507176271255,C
3545365497,0,-0.0013404167283666,C
3545365497,0,0.0011309497583887,C
3796359118,0,0.0001915618777365,C
3796359118,0,-0.0004076694160121,C
3796359118,0,-0.0008924191416777,C
3796359118,0,0.000837534098611,C
3796359118,0,0.0008019690222063,C
36538691,0,-0.0004677692651315,C
36538691,0,0.0016438035222121,C
36538691,0,0.0010406159921056,C
36538691,0,0.0026858327037856,C
36538691,0,0.0016324096751753,C
2649902721,0,0.0014240898424036,C
2649902721,0,0.0023684658325023,C
2649902721,0,0.0024619747653324,C
2649902721,0,0.0022163256622486,C
2649902721,0,0.0019572468746752,C
994237755,0,7.012841409892445e-05,C
994237755,0,-0.0004204138666535,C
994237755,0,-0.0002497266991545,C
994237755,0,0.0010440029888595,C
994237755,0,0.0020449697747088,C
1961848637,0,0.0004653056003456,C
1961848637,0,0.0008334512055943,C
1961848637,0,0.0001006680267204,C
1961848637,0,0.0002357578298698,C
1961848637,0,0.0003531899679189,C
3004333805,0,-2.915164752081978e-05,C
3004333805,0,-3.804330224821406e-05,C
3004333805,0,-3.340343188318329e-05,C
3004333805,0,-1.999994009516115e-06,C
3004333805,0,-1.1688022852229809e-05,C
4033380444,0,-0.0014931439748915,C
4033380444,0,-0.0027508500823383,C
4033380444,0,6.39976488401306e-05,C
4033380444,0,0.0006993976460901,C
4033380444,0,-0.0029716206664744,C
619920801,0,0.0005186277155664,C
619920801,0,-6.69528725673052e-05,C
619920801,0,-0.0001220854257237,C
619920801,0,-0.0001929789597794,C
619920801,0,8.812806763014436e-05,C
3334525955,0,-0.0001297781151284,C
3334525955,0,-0.0001737995616439,C
3334525955,0,-0.000676482596596,C
3334525955,0,-0.000278762487219,C
3334525955,0,-0.0006236553771569,C
3994088662,0,7.99823827518642e-05,C
3994088662,0,0.0003861010440308,C
3994088662,0,0.0003055384763362,C
3994088662,0,-6.75176376824238e-05,C
3994088662,0,-0.0008723605824778,C
3596485316,0,-0.0019144064752523,C
3596485316,0,0.0003152916681771,C
3596485316,0,0.00093920314451,C
3596485316,0,0.0014621751682382,C
3596485316,0,-0.0001241614675919,C
171200514,0,0.0021220632305694,C
171200514,0,0.0022630276475084,C
171200514,0,0.0022332406370969,C
171200514,0,0.0028764151643754,C
171200514,0,0.0025728415590923,C
970433791,0,-0.0021774664497363,C
970433791,0,-0.0018022456835983,C
970433791,0,-0.0028082044098727,C
970433791,0,-0.0017717775360168,C
970433791,0,-0.0022547514346697,C
685125387,0,-0.0005256555011348,C
685125387,0,-0.0006466684750501,C
685125387,0,-0.0005313246711557,C
685125387,0,-0.0006652289049955,C
685125387,0,-0.0004310039863681,C
2835079913,0,0.0007727130140573,C
2835079913,0,-0.0003132970545512,C
2835079913,0,0.0005819077120633,C
2835079913,0,0.0003761431734897,C
2835079913,0,-0.0002719376710362,C
1352399629,0,0.001782178875134,O
1352399629,0,0.0009970476905111,O
1352399629,0,-0.0005302414515468,O
1352399629,0,-0.0001664963066868,O
1352399629,0,0.0025790654601418,O
416356657,0,-0.0006331560621667,C
416356657,0,-0.0006216667935409,C
416356657,0,-0.0014118220203926,C
416356657,0,-0.000345274835465,C
416356657,0,0.0023902582237415,C
1535166686,0,-0.0001912334414589,O
1535166686,0,-0.0002239266628921,O
1535166686,0,-0.0002399038416066,O
1535166686,0,-0.0002561326545698,O
1535166686,0,-0.0001881638804144,O
589930590,0,8.272802996189821e-05,C
589930590,0,0.0011923225586004,C
589930590,0,0.0003308279119506,C
589930590,0,-6.596038135397997e-05,C
589930590,0,0.0002477779398439,C
2463614838,0,0.0015504320926281,C
2463614838,0,0.0035035762220196,C
2463614838,0,0.0026572231623658,C
2463614838,0,0.0013907732101695,C
2463614838,0,0.0021874717735206,C
1871221615,0,0.001843138906531,C
1871221615,0,0.0003487813167341,C
1871221615,0,0.0028516722130557,C
1871221615,0,0.0029733491807907,C
1871221615,0,0.0029025977300934,C
3482873808,0,-0.0001220569968926,C
3482873808,0,0.0027728243776455,C
3482873808,0,-1.0579441771407794e-05,C
3482873808,0,0.0013295948019631,C
3482873808,0,0.0023371033368285,C
553412256,0,0.0066733241126147,C
553412256,0,0.0075114138326597,C
553412256,0,0.0079108328927418,C
553412256,0,0.0063847658381673,C
553412256,0,0.0085637731336025,C
135980867,0,4.1437056533588645e-05,C
135980867,0,2.4784678410605387e-05,C
135980867,0,-9.376457415721797e-06,C
135980867,0,1.4049442371044664e-05,C
135980867,0,9.994048600470151e-06,C
1445852595,0,-0.0002545596854286,C
1445852595,0,-0.0005430846275809,C
1445852595,0,-0.0011251326622573,C
1445852595,0,-0.0013038640439821,C
1445852595,0,-0.000231651876013,C
2434373675,0,0.0006439003517736,N
2434373675,0,0.0006851084188564,N
2434373675,0,0.0001777807203902,N
2434373675,0,0.003155271743487,N
2434373675,0,0.0003436938404584,N
2939120473,0,0.0,
2939120473,0,0.0,
2939120473,0,0.0,
2939120473,0,0.0,
2939120473,0,0.0,
3203709451,0,0.0021863187064192,O
3203709451,0,0.0024618707390744,O
3203709451,0,0.0006797472738948,O
3203709451,0,0.0028833193686202,O
3203709451,0,0.0018975767628257,O
368531313,0,0.0006438199240464,C
368531313,0,0.0007201128371178,C
368531313,0,-0.0003139398492731,C
368531313,0,0.0004625274274883,C
368531313,0,8.401132128199595e-05,C
3176806076,0,0.0024338964891988,C
3176806076,0,0.00678120801706,C
3176806076,0,0.0014904330706166,C
3176806076,0,0.0020320009234248,C
3176806076,0,0.0074798738161064,C
2614860224,0,-0.0010513623339231,C
2614860224,0,-0.0011126781912184,C
2614860224,0,-0.0006465535755797,C
2614860224,0,-0.0012536544798473,C
2614860224,0,0.0001005579708547,C
2297887526,0,5.939313049052597e-05,N
2297887526,0,-0.0005601902864029,N
2297887526,0,-0.0018617581924396,N
2297887526,0,-0.0021026400282887,N
2297887526,0,-0.000582147544995,N
623728226,0,-0.0005655492182323,C
623728226,0,-0.0010355357889872,C
623728226,0,-0.0013498357062162,C
623728226,0,2.264267489981986e-05,C
623728226,0,-0.0023359082526599,C
603510687,0,-0.0009361451248729,C
603510687,0,-0.0017445352823227,C
603510687,0,-0.0012241097984887,C
603510687,0,-0.0003375023059348,C
603510687,0,-0.0014264162810865,C
725322217,0,-0.001831253579311,C
725322217,0,-0.0012517593362573,C
725322217,0,-0.0025340638386901,C
725322217,0,-7.77347894244107e-05,C
725322217,0,-0.003096128263387,C
434423882,0,0.0004569836430913,C
434423882,0,0.0016210196344327,C
434423882,0,0.0016642491027089,C
434423882,0,0.0003052802784359,C
434423882,0,0.0012675866210365,C
548743766,0,-0.0011575622248402,C
548743766,0,-0.0008497531643588,C
548743766,0,-0.0001088216670278,C
548743766,0,-0.0008623410589571,C
548743766,0,-0.0002413333155842,C
1399127774,0,0.0012373918741342,C
1399127774,0,0.0003626132597313,C
1399127774,0,-0.000277895062957,C
1399127774,0,0.0010732286671522,C
1399127774,0,-0.0001720318789176,C
2629723425,0,-0.000440399977902,C
2629723425,0,0.0003072373379797,C
2629723425,0,0.000366190807757,C
2629723425,0,-0.0005657293338926,C
2629723425,0,-0.0009232729164229,C
1542633699,0,-0.0005654803035188,O
1542633699,0,-0.00077087244493,O
1542633699,0,-0.0006010887708781,O
1542633699,0,-0.0005376810755216,O
1542633699,0,-0.0005589978886719,O
1824088295,0,-0.0014383983175727,C
1824088295,0,-0.0002914394432423,C
1824088295,0,-0.0006747324189918,C
1824088295,0,-0.0006479867670157,C
1824088295,0,-0.0010102860046643,C
1078211001,0,0.0017458559597902,O
1078211001,0,0.0036483222585617,O
1078211001,0,0.0019329433582515,O
1078211001,0,0.0020649523213487,O
1078211001,0,0.0034450134890166,O
579286581,0,0.0005776690347029,C
579286581,0,0.0007785165328032,C
579286581,0,0.0004041397018045,C
579286581,0,0.0008768260930647,C
579286581,0,0.0003638793104424,C
476060908,0,-1.4817288218837987e-05,C
476060908,0,-1.009934257978351e-05,C
476060908,0,3.871465890226133e-05,C
476060908,0,-6.713061350138716e-06,C
476060908,0,-4.804340407393859e-06,C
2154935424,0,-9.466978631145206e-05,O
2154935424,0,0.0002328897334064,O
2154935424,0,-0.0001733840511273,O
2154935424,0,-4.184065082735167e-05,O
2154935424,0,-0.0001872882810097,O
4256524850,0,-0.0044352234366011,C
4256524850,0,-0.0028225073759607,C
4256524850,0,-0.0029219416634884,C
4256524850,0,-0.0027047258684761,C
4256524850,0,-0.0008870120098856,C
3980805843,0,-0.0035501849752017,C
3980805843,0,-0.0045416347611357,C
3980805843,0,-0.0068049387528504,C
3980805843,0,-0.0005252275797722,C
3980805843,0,-0.0050237992542652,C
3594646603,0,-0.0007690331937081,C
3594646603,0,-0.0025265203329016,C
3594646603,0,0.0025701684006216,C
3594646603,0,-4.467778032279934e-05,C
3594646603,0,0.0013456154676636,C
4036277955,0,0.0013897274544517,C
4036277955,0,0.0011183166351367,C
4036277955,0,0.0003244995288302,C
4036277955,0,0.0010640095398224,C
4036277955,0,-7.405931885717809e-05,C
3554022385,0,0.0005559274042499,C
3554022385,0,-0.0005237863596349,C
3554022385,0,0.0007954720301627,C
3554022385,0,-0.0003041991512887,C
3554022385,0,0.0004567847323446,C
571978829,0,0.0014070312385532,C
571978829,0,0.0026622009478118,C
571978829,0,-0.0007246436984775,C
571978829,0,0.0056826961839521,C
571978829,0,0.0025440066853067,C
4011293459,0,3.599388476294152e-05,C
4011293459,0,0.0015935342847556,C
4011293459,0,-0.0004550140386334,C
4011293459,0,0.0023730130533119,C
4011293459,0,0.0027132055482987,C
1378530689,0,0.0001069850043513,C
1378530689,0,8.409696094735519e-05,C
1378530689,0,3.8193340074821336e-05,C
1378530689,0,5.476654654124058e-05,C
1378530689,0,-0.0001182134493249,C
1858577693,0,-0.0001357602354358,C
1858577693,0,-8.823581258032842e-05,C
1858577693,0,-0.0003828162769132,C
1858577693,0,-1.7456132138216063e-05,C
1858577693,0,-6.991970581515794e-06,C
3120642300,0,0.0005245534844804,C
3120642300,0,2.119465192196301e-05,C
3120642300,0,0.0002033504770035,C
3120642300,0,0.0003216335225481,C
3120642300,0,0.000526638072579,C
2594220197,0,-0.0013680964300412,C
2594220197,0,-0.0014739652991189,C
2594220197,0,-0.0009026176643516,C
2594220197,0,-0.0002146399881275,C
2594220197,0,-0.0006854955484277,C
1693331843,0,-0.0003833036636773,N
1693331843,0,0.0008086724568652,N
1693331843,0,0.0008877641796731,N
1693331843,0,-0.0002028374627086,N
1693331843,0,-0.0009574450083799,N
1868602760,0,0.0005149137879773,N
1868602760,0,-0.0011363826220406,N
1868602760,0,0.0018582907649392,N
1868602760,0,-0.0011370682734065,N
1868602760,0,-0.0010795689463856,N
1842114921,0,0.0008434628316096,C
1842114921,0,-0.0001321259886272,C
1842114921,0,0.0002378293106007,C
1842114921,0,0.0001281298281294,C
1842114921,0,0.0002074469126233,C
2021812431,0,-0.0011501357150498,N
2021812431,0,0.000195126597694,N
2021812431,0,-0.0006777012886115,N
2021812431,0,-0.0002530324144749,N
2021812431,0,-0.0005426502020091,N
4197146180,0,0.0039368394531427,O
4197146180,0,0.0057983737279653,O
4197146180,0,0.0004341884269878,O
4197146180,0,0.0012000107077445,O
4197146180,0,0.0017790220840998,O
3121777292,0,0.0004300259632459,N
3121777292,0,0.0002250143692185,N
3121777292,0,0.0003393698784277,N
3121777292,0,0.0005136431514675,N
3121777292,0,0.0007161497052879,N
2752034647,0,0.0015097562111449,C
2752034647,0,0.0015846431858302,C
2752034647,0,0.0010305868598857,C
2752034647,0,0.0015348963419621,C
2752034647,0,-0.0008609916857392,C
3614376044,0,-3.811126042685409e-05,C
3614376044,0,-4.8468007044832895e-05,C
3614376044,0,9.949403359965636e-06,C
3614376044,0,1.43578951213863e-05,C
3614376044,0,5.381897147871406e-05,C
3266129148,0,0.0,S
3266129148,0,0.0,S
3266129148,0,0.0,S
3266129148,0,0.0,S
3266129148,0,0.0,S
3346539298,0,0.0026384323590579,N
3346539298,0,0.001418575133126,N
3346539298,0,0.001315281288953,N
3346539298,0,-0.0003631886969864,N
3346539298,0,0.0005235072725976,N
2513428378,0,0.0002199964000757,C
2513428378,0,-0.0010848489893298,C
2513428378,0,-0.0009724692723621,C
2513428378,0,0.0008733840354209,C
2513428378,0,-0.0007628806259134,C
2827868305,0,0.0006190507390229,C
2827868305,0,0.0017796032020298,C
2827868305,0,0.0005539849604522,C
2827868305,0,0.0007669217789121,C
2827868305,0,-2.5035299580089543e-05,C
1153219603,0,-0.0013843580484019,C
1153219603,0,-0.0025649843472019,C
1153219603,0,-0.0019803543612182,C
1153219603,0,-0.0018044464507623,C
1153219603,0,-0.0033415025845867,C
516041383,0,7.704220299720177e-06,C
516041383,0,-0.0001102328474776,C
516041383,0,-8.520823091828778e-05,C
516041383,0,-6.068597610298099e-05,C
516041383,0,-1.2969928732897706e-05,C
312306367,0,0.0007866658841603,C
312306367,0,0.0002709134250098,C
312306367,0,0.0012133359279482,C
312306367,0,0.0006971988529673,C
312306367,0,0.0008074253127073,C
3925172229,0,0.0,C
3925172229,0,0.0,C
3925172229,0,0.0,C
3925172229,0,0.0,C
3925172229,0,0.0,C
118059098,0,0.0020554872931758,C
118059098,0,-0.0004310744104008,C
118059098,0,0.0010862317805625,C
118059098,0,0.0017628376596294,C
118059098,0,0.0005392956790144,C
3981762496,0,-0.000501797557737,C
3981762496,0,-0.0002284390514384,C
3981762496,0,-0.0010002118670285,C
3981762496,0,-4.079866729089776e-05,C
3981762496,0,0.0002657658485482,C
2122981102,0,0.0,
2122981102,0,0.0,
2122981102,0,0.0,
2122981102,0,0.0,
2122981102,0,0.0,
1506563592,0,0.0,C
1506563592,0,0.0,C
1506563592,0,0.0,C
1506563592,0,0.0,C
1506563592,0,0.0,C
2604440622,0,-0.0012163200011072,C
2604440622,0,-0.0006523768710293,C
2604440622,0,-0.0002827417743711,C
2604440622,0,-0.000100108613587,C
2604440622,0,-0.0004393410377073,C
1717044408,0,-0.0019020877060755,C
1717044408,0,-0.0014210734312147,C
1717044408,0,-0.002436471338215,C
1717044408,0,-0.0026402189538238,C
1717044408,0,-0.0029262201008674,C
2646219661,0,0.0006440537359241,C
2646219661,0,0.0017785011717613,C
2646219661,0,0.00068986846211,C
2646219661,0,0.0015229926697228,C
2646219661,0,0.0010888223498176,C
128522177,0,-0.0006393497301382,C
128522177,0,0.0006099322596663,C
128522177,0,0.0001861398891551,C
128522177,0,-0.0008421235543919,C
128522177,0,0.000623311687049,C
2459741777,0,0.0018479233986236,O
2459741777,0,0.0004182732390696,O
2459741777,0,0.0013484175677095,O
2459741777,0,-0.0017219533378035,O
2459741777,0,-0.0009182982636235,O
3612926680,0,0.0013002619334736,Br
3612926680,0,0.0009345746936895,Br
3612926680,0,0.0005889102841409,Br
3612926680,0,0.0016892034420623,Br
3612926680,0,0.0003555076662868,Br
1792562719,0,-0.0002128798201571,S
1792562719,0,0.0013157237398742,S
1792562719,0,-0.0009315837963655,S
1792562719,0,0.0013079248455919,S
1792562719,0,0.0039868875038758,S
868576692,0,0.0,
868576692,0,0.0,
868576692,0,0.0,
868576692,0,0.0,
868576692,0,0.0,
1999904870,0,-0.0020885929087774,C
1999904870,0,-0.0015031678331846,C
1999904870,0,-0.0017035960578638,C
1999904870,0,-0.0015824940095774,C
1999904870,0,4.143836074432805e-05,C
3532053313,0,0.0008973620434125,S
3532053313,0,0.0005892975693606,S
3532053313,0,0.0001050850528763,S
3532053313,0,0.0002817229374669,S
3532053313,0,0.0005303877966145,S
592593828,0,1.947088300291444e-05,C
592593828,0,5.35752580376192e-05,C
592593828,0,0.0001791666415976,C
592593828,0,8.569506216293821e-05,C
592593828,0,0.0002155789115034,C
3632350815,0,0.0005257922810736,Br
3632350815,0,0.0004893188169192,Br
3632350815,0,0.0008280278876557,Br
3632350815,0,0.0019269530917925,Br
3632350815,0,0.0017748341781145,Br
3025629386,0,-0.0007965629551855,C
3025629386,0,-0.0007733719144235,C
3025629386,0,-0.0007497559616578,C
3025629386,0,-0.0005841475121097,C
3025629386,0,-0.0002667476493274,C
3594696610,0,4.178103395147126e-05,C
3594696610,0,0.0001064131746255,C
3594696610,0,7.767682955173161e-05,C
3594696610,0,0.0001594689959873,C
3594696610,0,-5.2723775968321895e-05,C
2212573984,0,0.000970563440352,S
2212573984,0,0.0018418626789443,S
2212573984,0,0.0019386477967132,S
2212573984,0,0.0005654185064138,S
2212573984,0,0.0017206818146093,S
3157481675,0,0.0029203588839756,C
3157481675,0,0.0017043872286779,C
3157481675,0,-0.0016904516828959,C
3157481675,0,-0.000149073228633,C
3157481675,0,-0.0018748521289722,C
669222828,0,0.0001075118291944,C
669222828,0,-0.0003457630689145,C
669222828,0,-4.235535588581474e-05,C
669222828,0,-4.973129699925583e-05,C
669222828,0,-9.128314638473524e-05,C
1856075173,0,-0.0002116431822763,C
1856075173,0,-0.0001787804560152,C
1856075173,0,-0.000245882716585,C
1856075173,0,0.0008850565066872,C
1856075173,0,-0.000155513468503,C
618671879,0,0.0001423867656114,C
618671879,0,-0.0004262817185018,C
618671879,0,-0.0003924463987107,C
618671879,0,-0.0007331116602534,C
618671879,0,-1.0548494968953824e-05,C
714893496,0,0.0008674751049211,C
714893496,0,0.001491150619453,C
714893496,0,0.0009535422206434,C
714893496,0,0.0007359695981888,C
714893496,0,0.0019297007738094,C
1685248591,0,0.0001172142122619,C
1685248591,0,9.774449493538118e-05,C
1685248591,0,0.0002192661887072,C
1685248591,0,0.000138558988994,C
1685248591,0,4.393451548601046e-05,C
2931695851,0,0.002247190841486,C
2931695851,0,0.0002918726042493,C
2931695851,0,0.0035323298733948,C
2931695851,0,0.0014486333303898,C
2931695851,0,0.0010116815807922,C
2222715027,0,0.001981058401724,O
2222715027,0,0.0004158684493068,O
2222715027,0,0.0026141182406753,O
2222715027,0,0.000893589226615,O
2222715027,0,0.0025439556104296,O
1026928756,0,0.0014246034618118,S
1026928756,0,0.0001278350498171,S
1026928756,0,0.0004720192472339,S
1026928756,0,0.0030973574817432,S
1026928756,0,0.0010373950241843,S
458993620,0,0.0018113142528326,N
458993620,0,0.0021090438768848,N
458993620,0,0.0018808273370998,N
458993620,0,0.0025861903046914,N
458993620,0,0.0014228313701096,N
1549284008,0,-0.0008374397087226,C
1549284008,0,-0.0001314789458041,C
1549284008,0,-0.0007991376582837,C
1549284008,0,-0.0006444647490757,C
1549284008,0,-0.0005111925617035,C
3510196525,0,-6.419821217740207e-05,N
3510196525,0,1.1405866446434487e-05,N
3510196525,0,-0.0001257302928733,N
3510196525,0,-4.204920511230448e-05,N
3510196525,0,-9.461215337580596e-05,N
909362583,0,0.0,C
909362583,0,0.0,C
909362583,0,0.0,C
909362583,0,0.0,C
909362583,0,0.0,C
2556855854,0,0.0026928064482286,C
2556855854,0,0.0046728301707804,C
2556855854,0,0.0039972201160894,C
2556855854,0,0.0066105045391757,C
2556855854,0,0.006796092491716,C
3888780669,0,0.0003839581467461,O
3888780669,0,-0.0002404926368209,O
3888780669,0,-0.0003107107343142,O
3888780669,0,-0.0003208456370095,O
3888780669,0,-0.0008883923321473,O
2448572767,0,0.0,C
2448572767,0,0.0,C
2448572767,0,0.0,C
2448572767,0,0.0,C
2448572767,0,0.0,C
932692620,0,3.758181795499027e-05,C
932692620,0,1.854610792617617e-05,C
932692620,0,-0.0001246107058625,C
932692620,0,-0.0003473092726433,C
932692620,0,6.817870982511742e-05,C
92620239,0,4.889029214039109e-05,C
92620239,0,0.0004243029562921,C
92620239,0,0.0021869568691419,C
92620239,0,-0.000162965675885,C
92620239,0,-0.0006520200476449,C
443932914,0,4.680544626856076e-05,N
443932914,0,-0.0011375065276011,N
443932914,0,-0.0006493371066642,N
443932914,0,-7.728692879405141e-05,N
443932914,0,-0.0007575805295775,N
586636525,0,-0.0009356120133597,C
586636525,0,-0.0002990934745639,C
586636525,0,-0.0003164144819739,C
586636525,0,-0.0003633771654019,C
586636525,0,-0.0003583722544558,C
3462479532,0,0.0004054219529503,C
3462479532,0,0.0005524419826967,C
3462479532,0,0.0003958432661088,C
3462479532,0,0.0002139174101839,C
3462479532,0,-0.0001849968302661,C
2222621677,0,0.0039455214339724,O
2222621677,0,0.0026538678504988,O
2222621677,0,0.0034686557020799,O
2222621677,0,0.0033338013009061,O
2222621677,0,0.0030843186452779,O
328936174,0,-0.0013649123137581,C
328936174,0,3.996694123664657e-05,C
328936174,0,-0.0004432338438375,C
328936174,0,-0.000836674294204,C
328936174,0,-0.0008973427356986,C
2154777022,0,-0.000251364890429,C
2154777022,0,-0.0001597628611555,C
2154777022,0,-0.000151842395607,C
2154777022,0,-0.0003108639416383,C
2154777022,0,-0.0002418833152528,C
3992410619,0,-0.0011806507726301,C
3992410619,0,-0.0012123190106403,C
3992410619,0,-0.0008039240073556,C
3992410619,0,-0.0016959859502948,C
3992410619,0,-0.0006766296163722,C
3750444818,0,-0.001680516099473,C
3750444818,0,-0.0011168587543105,C
3750444818,0,-0.0022508487884969,C
3750444818,0,-0.0022692974793491,C
3750444818,0,-0.0031224036961061,C
2975126068,0,0.00290056478149,N
2975126068,0,-0.004150615170984,N
2975126068,0,0.0010310122823553,N
2975126068,0,0.0056045099935181,N
2975126068,0,-0.002155567667425,N
2477914203,0,0.0,N
2477914203,0,0.0,N
2477914203,0,0.0,N
2477914203,0,0.0,N
2477914203,0,0.0,N
353395765,0,-0.0002579002001681,C
353395765,0,0.0001825656937664,C
353395765,0,-1.652574039090471e-05,C
353395765,0,0.0003904040265226,C
353395765,0,-0.000128358015231,C
69470421,0,0.0010530457073268,C
69470421,0,0.0005104423181689,C
69470421,0,-0.0003399442123919,C
69470421,0,0.000235319289659,C
69470421,0,0.000772782227609,C
540046244,0,0.0052925527101428,C
540046244,0,0.0022517967453128,C
540046244,0,0.0044431961785219,C
540046244,0,0.0057468267301659,C
540046244,0,0.0064210693624306,C
4261830945,0,9.337065946890544e-05,C
4261830945,0,0.001008578033081,C
4261830945,0,0.0006951315326211,C
4261830945,0,-0.000105933958827,C
4261830945,0,0.0002668100065198,C
3904721945,0,-0.0012322838688925,C
3904721945,0,0.0018915850813194,C
3904721945,0,0.0001689969921905,C
3904721945,0,-0.0005309201082602,C
3904721945,0,-0.0002105654386664,C
4055698890,0,0.0012631073328306,N
4055698890,0,0.0014325830153376,N
4055698890,0,0.0009483084918004,N
4055698890,0,0.0013455628603329,N
4055698890,0,0.0011388787989385,N
1738265797,0,0.0018203780921285,C
1738265797,0,0.0017952749700409,C
1738265797,0,0.000893762456342,C
1738265797,0,0.0005857912259539,C
1738265797,0,0.0019749849844884,C
2014543234,0,-0.001161712503113,C
2014543234,0,-0.0010815706327148,C
2014543234,0,-0.0005324749910617,C
2014543234,0,-0.0016083692132631,C
2014543234,0,-0.0005165838853413,C
2697110228,0,-0.0007163161571167,C
2697110228,0,-0.0007660793322648,C
2697110228,0,-0.0011375263442671,C
2697110228,0,-0.000105705686878,C
2697110228,0,-0.0030735419482962,C
694069322,0,0.0005913454944554,N
694069322,0,-0.0003484054533822,N
694069322,0,0.0002449917907367,N
694069322,0,0.0010322859585197,N
694069322,0,0.0003265218347422,N
3120784405,0,-0.0003366723251552,C
3120784405,0,-0.000195219447227,C
3120784405,0,-0.0001862943838062,C
3120784405,0,-0.0005449007460349,C
3120784405,0,-0.0002772569215292,C
2574917850,0,1.414924229825587e-05,C
2574917850,0,1.1775226775201377e-05,C
2574917850,0,-1.439856552876151e-07,C
2574917850,0,-7.202995349053776e-05,C
2574917850,0,-8.807243684250121e-05,C
644322065,0,-0.0004071627189091,C
644322065,0,-0.0006718797765875,C
644322065,0,-0.0006068058718188,C
644322065,0,1.0268640077581992e-05,C
644322065,0,-0.0005572071264984,C
4068239769,0,-0.0003251481452966,S
4068239769,0,-7.918794467909329e-05,S
4068239769,0,7.532445583102731e-05,S
4068239769,0,-6.017568091387648e-05,S
4068239769,0,-8.937074123605004e-05,S
606428793,0,-0.0028238951123547,C
606428793,0,-0.0039403558485692,C
606428793,0,-0.002935275118753,C
606428793,0,-0.0019643564684904,C
606428793,0,-0.0026174904808253,C
3304582332,0,0.0002048481721631,C
3304582332,0,-0.0002768990529339,C
3304582332,0,0.0003647963600492,C
3304582332,0,-0.0001561000832306,C
3304582332,0,0.0001214494130427,C
3920757710,0,-0.0001492725999356,C
3920757710,0,-0.0001376899298305,C
3920757710,0,4.09133098674408e-05,C
3920757710,0,0.0002107399027704,C
3920757710,0,-0.000304349350104,C
2923200147,0,-0.0001456645388488,C
2923200147,0,-0.0002591546366468,C
2923200147,0,-6.435285999140117e-05,C
2923200147,0,-0.0003601945711431,C
2923200147,0,-0.0003184689494802,C
1349404210,0,-0.0013829111781711,N
1349404210,0,-0.0015570595062994,N
1349404210,0,0.0003943168817698,N
1349404210,0,-0.0017285719529632,N
1349404210,0,-0.0031907408394216,N
2238101436,0,2.471558022631992e-05,C
2238101436,0,3.455727273182774e-05,C
2238101436,0,8.077971883269086e-05,C
2238101436,0,7.30202692470483e-05,C
2238101436,0,6.528495320112793e-05,C
310913359,0,0.0001588404032536,C
310913359,0,0.0001677806421961,C
310913359,0,-3.618220741619105e-05,C
310913359,0,0.0001053193199667,C
310913359,0,0.000165275953348,C
4086265842,0,0.0044184898815324,C
4086265842,0,0.0042042583102751,C
4086265842,0,0.0047949511412294,C
4086265842,0,0.004160988841503,C
4086265842,0,0.0008623050989207,C
3328145258,0,0.0022774463696192,C
3328145258,0,-0.0011729632824306,C
3328145258,0,0.0006378546534888,C
3328145258,0,0.0021768280274057,C
3328145258,0,0.0003284033070763,C
3045022511,0,9.182830668297282e-05,S
3045022511,0,-0.0002741089558778,S
3045022511,0,-0.0001792554840582,S
3045022511,0,-7.760923871547032e-05,S
3045022511,0,-5.804643528617426e-05,S
910450790,0,0.0020143078723737,C
910450790,0,0.0030852516028647,C
910450790,0,0.0021847289224702,C
910450790,0,0.0029568972242729,C
910450790,0,0.0010210204840337,C
1216095805,0,-0.0004494045460584,C
1216095805,0,0.0005988962912288,C
1216095805,0,0.0005948418043246,C
1216095805,0,-0.0017756653224931,C
1216095805,0,-0.0007313759317729,C
2187394687,0,0.0,C
2187394687,0,0.0,C
2187394687,0,0.0,C
2187394687,0,0.0,C
2187394687,0,0.0,C
544755086,0,5.407598521589563e-05,C
544755086,0,2.721588330556468e-05,C
544755086,0,-1.2531287140182812e-05,C
544755086,0,1.7613657818382755e-05,C
544755086,0,0.0003486808722137,C
2425865203,0,0.0,C
2425865203,0,0.0,C
2425865203,0,0.0,C
2425865203,0,0.0,C
2425865203,0,0.0,C
1558658757,0,-0.0010172680637847,C
1558658757,0,-0.0020656114142212,C
1558658757,0,-0.0008270642633136,C
1558658757,0,-0.0004097772849768,C
1558658757,0,-0.0026135362960804,C
68675643,0,0.0,
68675643,0,0.0,
68675643,0,0.0,
68675643,0,0.0,
68675643,0,0.0,
2905822145,0,0.0005020761661821,C
2905822145,0,0.000779192722488,C
2905822145,0,0.0016764837401892,C
2905822145,0,0.0015064141394728,C
2905822145,0,0.0020587247288881,C
2284773903,0,0.0004331143683351,C
2284773903,0,0.0017701329235634,C
2284773903,0,0.0006368437752627,C
2284773903,0,-0.0001013964519781,C
2284773903,0,0.0007869194520534,C
3835273908,0,-0.0004363836160098,C
3835273908,0,-0.000465665883591,C
3835273908,0,0.000332657694711,C
3835273908,0,-8.079046872710993e-05,C
3835273908,0,-0.0002477982331672,C
3249398244,0,-0.0001035892753391,C
3249398244,0,-0.0001294033103044,C
3249398244,0,-6.421442842929892e-05,C
3249398244,0,-3.47921688024222e-05,C
3249398244,0,-8.22922320611319e-05,C
3772302167,0,-0.001023860940657,C
3772302167,0,-0.000566140468707,C
3772302167,0,0.0018085487825461,C
3772302167,0,-0.0024781184434572,C
3772302167,0,-0.0024935376573104,C
2510215966,0,-6.176718811401471e-05,C
2510215966,0,-0.0001896237161961,C
2510215966,0,-0.0003578849886184,C
2510215966,0,0.0008066297988023,C
2510215966,0,0.0001944786228479,C
3406201864,0,-0.0001908852112637,C
3406201864,0,0.0002048292460385,C
3406201864,0,0.0003766669101703,C
3406201864,0,-0.0019910363668802,C
3406201864,0,0.001081224903153,C
3684013815,0,0.0001424448199734,C
3684013815,0,0.0006292832893345,C
3684013815,0,0.00031190165356,C
3684013815,0,-0.0006174310922335,C
3684013815,0,0.0009388842001409,C
787341104,0,0.0,C
787341104,0,0.0,C
787341104,0,0.0,C
787341104,0,0.0,C
787341104,0,0.0,C
1256946769,0,3.5308850558912752e-06,N
1256946769,0,0.0008112206478696,N
1256946769,0,-0.000643924969039,N
1256946769,0,-0.0005883488897272,N
1256946769,0,0.0010379475412749,N
2110118862,0,-9.276833852744916e-05,C
2110118862,0,6.489985821866995e-06,C
2110118862,0,2.280760026518447e-05,C
2110118862,0,0.0001130727106731,C
2110118862,0,-6.871674590880339e-05,C
1899422126,0,0.0,C
1899422126,0,0.0,C
1899422126,0,0.0,C
1899422126,0,0.0,C
1899422126,0,0.0,C
3727960280,0,0.0018462395687232,C
3727960280,0,0.0020698996662418,C
3727960280,0,0.0008446182423814,C
3727960280,0,-9.769567730755212e-05,C
3727960280,0,0.0014034402989326,C
4023654873,0,2.3392493044838147e-05,C
4023654873,0,-4.7526456010027474e-05,C
4023654873,0,-2.550676774848437e-05,C
4023654873,0,-3.324172075913623e-05,C
4023654873,0,2.4409927591229064e-05,C
467603055,0,0.0004528055973918,C
467603055,0,-0.0012619743729576,C
467603055,0,-0.000612958660032,C
467603055,0,-0.0001332776173482,C
467603055,0,-0.0003053174742625,C
409801989,0,0.0004830837002066,C
409801989,0,0.0002079339122426,C
409801989,0,0.0002213877648209,C
409801989,0,0.0005077331019728,C
409801989,0,-0.0004395944751275,C
1289643292,0,-0.0006748028394134,N
1289643292,0,-0.0006263276403004,N
1289643292,0,-0.0006459234908853,N
1289643292,0,-0.0011045150914609,N
1289643292,0,-0.0003983921424326,N
3011598321,0,0.0070827923670264,C
3011598321,0,0.0045207058506963,C
3011598321,0,0.0058362283797115,C
3011598321,0,0.0059250260241646,C
3011598321,0,0.000665358940061,C
3460898310,0,-0.0053672303987476,N
3460898310,0,-0.0029949806253355,N
3460898310,0,-0.0023971584692823,N
3460898310,0,-0.003482363658676,N
3460898310,0,-0.0012011786624763,N
2971716993,0,0.0004726364954369,N
2971716993,0,0.000375789153951,N
2971716993,0,0.0004037907027341,N
2971716993,0,0.0002979483834656,N
2971716993,0,0.000388993690318,N
1556668346,0,0.0009287415119498,N
1556668346,0,0.0001780816974413,N
1556668346,0,0.0012239331854908,N
1556668346,0,0.0012367697720621,N
1556668346,0,0.0003066550168283,N
4022716898,0,0.0001185213830575,C
4022716898,0,-0.0001573117378829,C
4022716898,0,-0.0001683646028495,C
4022716898,0,3.520511441412744e-05,C
4022716898,0,-0.0001896484096446,C
2458968089,0,-0.0007260287749492,C
2458968089,0,0.0004950540841548,C
2458968089,0,0.0018895810963046,C
2458968089,0,0.0014463131045728,C
2458968089,0,0.0001022878856986,C
4164236649,0,0.0012940025376461,C
4164236649,0,0.0025505058348197,C
4164236649,0,0.0032584083386028,C
4164236649,0,0.0021165331295947,C
4164236649,0,0.0019532902151474,C
2154975788,0,0.0012800223020972,C
2154975788,0,0.0026280212393869,C
2154975788,0,0.0023375118103362,C
2154975788,0,0.0021735907073267,C
2154975788,0,0.0030369214355785,C
3248686995,0,-0.0001698741252793,C
3248686995,0,-0.0004143852746532,C
3248686995,0,-0.0008678264865371,C
3248686995,0,-0.0004841732615962,C
3248686995,0,0.0004378448953008,C
3909974435,0,-0.0002250671940507,C
3909974435,0,-2.564568624041641e-05,C
3909974435,0,0.0003013650430379,C
3909974435,0,0.0001788052339003,C
3909974435,0,0.0002992238317768,C
3012080282,0,-0.000452269993055,C
3012080282,0,-0.0002386196519131,C
3012080282,0,-0.0005144171447716,C
3012080282,0,-0.0005713023310346,C
3012080282,0,-0.0006000409565547,C
3462333187,0,0.000625545556157,C
3462333187,0,-0.0038441341185954,C
3462333187,0,0.0028378858018887,C
3462333187,0,-0.0034298486955542,C
3462333187,0,-0.0042004911650171,C
1229325558,0,-0.0017996098917522,N
1229325558,0,-0.0002952357850373,N
1229325558,0,-0.0016312217111251,N
1229325558,0,-0.001125198309095,N
1229325558,0,-0.000568389484965,N
3599139274,0,0.0,C
3599139274,0,0.0,C
3599139274,0,0.0,C
3599139274,0,0.0,C
3599139274,0,0.0,C
806369437,0,0.0015437512982396,C
806369437,0,3.5066903679714656e-05,C
806369437,0,-0.0002637812187744,C
806369437,0,-0.0003865990101554,C
806369437,0,-0.0003320458492499,C
2395259406,0,0.0007389279145467,C
2395259406,0,-0.0005175437160205,C
2395259406,0,-0.0004673722071329,C
2395259406,0,0.0003830099806358,C
2395259406,0,0.0008090737487568,C
864942795,0,8.636965620034687e-05,O
864942795,0,-0.0001764474481137,O
864942795,0,-0.0002288248716849,O
864942795,0,-0.0002759411394243,O
864942795,0,-0.0001390513833161,O
1785683843,0,0.0003953266697586,C
1785683843,0,0.0015835553364713,C
1785683843,0,0.0013292914696104,C
1785683843,0,0.0006433099643919,C
1785683843,0,0.0015544630140408,C
2516197204,0,7.95657547176809e-05,C
2516197204,0,-0.0002809369969686,C
2516197204,0,9.51408163496481e-06,C
2516197204,0,-0.0006201984136554,C
2516197204,0,-7.049763154876043e-05,C
2295519362,0,0.00033312764709,C
2295519362,0,0.0016245754110526,C
2295519362,0,0.0004894207536126,C
2295519362,0,-0.0002624107614469,C
2295519362,0,0.0008656564252851,C
2598322190,0,0.001064055147416,C
2598322190,0,0.0007212188400144,C
2598322190,0,0.0006599101245734,C
2598322190,0,0.0002537770785728,C
2598322190,0,8.796004003275293e-06,C
3153477100,0,0.0,C
3153477100,0,0.0,C
3153477100,0,0.0,C
3153477100,0,0.0,C
3153477100,0,0.0,C
2192318254,0,0.0,O
2192318254,0,0.0,O
2192318254,0,0.0,O
2192318254,0,0.0,O
2192318254,0,0.0,O
1619222458,0,0.0,C
1619222458,0,0.0,C
1619222458,0,0.0,C
1619222458,0,0.0,C
1619222458,0,0.0,C
3824063894,0,-0.000883092256279,C
3824063894,0,-0.0003975727572081,C
3824063894,0,-0.000499131747859,C
3824063894,0,-0.0013148497080947,C
3824063894,0,-0.0005124474186094,C
885026269,0,0.0007828195761417,C
885026269,0,-0.0006585531415091,C
885026269,0,-0.0008749963274896,C
885026269,0,-1.8940236802267307e-05,C
885026269,0,9.686285449472808e-05,C
472281497,0,0.000986562547193,C
472281497,0,7.915425702154089e-05,C
472281497,0,0.0013116298592101,C
472281497,0,-0.0003006232167107,C
472281497,0,0.0005497808209413,C
2599973650,0,0.0,N
2599973650,0,0.0,N
2599973650,0,0.0,N
2599973650,0,0.0,N
2599973650,0,0.0,N
1582607016,0,-0.0041371100466658,C
1582607016,0,0.0007828630845173,C
1582607016,0,-0.0006990562484839,C
1582607016,0,4.779398275067681e-05,C
1582607016,0,-0.0046619473961697,C
1564511222,0,0.0003913568604654,C
1564511222,0,0.0004739271279324,C
1564511222,0,-0.0001611995568453,C
1564511222,0,0.000613109815973,C
1564511222,0,0.0005603906807629,C
3291149959,0,0.0002646306119767,C
3291149959,0,-0.0001355065429122,C
3291149959,0,0.000665975769338,C
3291149959,0,0.0005845472069396,C
3291149959,0,0.0002646216860036,C
717151242,0,0.0005948800694262,O
717151242,0,0.0005362065255376,O
717151242,0,-0.0011829487826686,O
717151242,0,0.0005294987698748,O
717151242,0,-0.0006183402444481,O
2664995851,0,0.0,
2664995851,0,0.0,
2664995851,0,0.0,
2664995851,0,0.0,
2664995851,0,0.0,
4239037249,0,-0.0002542756352945,C
4239037249,0,-0.0004423136681727,C
4239037249,0,-0.0006430714445794,C
4239037249,0,0.0004201746863533,C
4239037249,0,-0.0001434375756695,C
166544320,0,0.0001669454518963,C
166544320,0,0.0001077792965518,C
166544320,0,0.0001950658782069,C
166544320,0,0.0001602836454214,C
166544320,0,0.0002876528010408,C
2369690741,0,-4.628754097091292e-05,C
2369690741,0,0.000587885854029,C
2369690741,0,0.0004924572384802,C
2369690741,0,0.0004519324750844,C
2369690741,0,0.0004589346567847,C
3234104871,0,0.0010958678164656,C
3234104871,0,0.0006509656925505,C
3234104871,0,0.0003866574577217,C
3234104871,0,0.0007080815509797,C
3234104871,0,0.0009465886176213,C
616374597,0,-0.0022058095258514,C
616374597,0,-0.000742441229983,C
616374597,0,-0.000932121184874,C
616374597,0,-0.0020204862185053,C
616374597,0,9.898394198715188e-05,C
2974534217,0,-5.052899710022984e-05,C
2974534217,0,-5.149004164284321e-05,C
2974534217,0,-2.4320323690707468e-05,C
2974534217,0,-5.993135897341961e-05,C
2974534217,0,-5.548402883270853e-05,C
828793177,0,0.0011978863656606,N
828793177,0,0.000155992947218,N
828793177,0,0.0003433645658549,N
828793177,0,0.0004704775373798,N
828793177,0,0.0017713871591776,N
368713488,0,0.000685072850491,C
368713488,0,0.0010052359690224,C
368713488,0,0.0010008446008867,C
368713488,0,0.0020610479032995,C
368713488,0,0.00206519723879,C
3177362943,0,-0.0003016099488596,C
3177362943,0,-0.0003434199114811,C
3177362943,0,-0.0004019392837151,C
3177362943,0,-0.0003837678759662,C
3177362943,0,-0.0003769588304859,C
912632640,0,0.0002263555546171,C
912632640,0,-7.301325705111328e-05,C
912632640,0,0.0002544244517146,C
912632640,0,9.826438528015569e-05,C
912632640,0,1.4236178536908284e-05,C
214126897,0,-6.867099669372045e-05,C
214126897,0,-0.0003519951324434,C
214126897,0,-0.0005013718603995,C
214126897,0,-0.0008228153128412,C
214126897,0,-0.0003154823286292,C
4212936508,0,-0.0067909118446503,N
4212936508,0,-0.0037438190025749,N
4212936508,0,-0.0062597360570507,N
4212936508,0,-0.0054309708739695,N
4212936508,0,-0.0058319794962851,N
3376021752,0,0.002335883498183,O
3376021752,0,0.0017445561657057,O
3376021752,0,0.0009994495902896,O
3376021752,0,-0.0010582584653167,O
3376021752,0,0.0005840647129249,O
2987120039,0,-0.0013570973494989,C
2987120039,0,8.35511080414797e-05,C
2987120039,0,-0.0005851781649417,C
2987120039,0,-0.0002664333865027,C
2987120039,0,-0.0008477844050214,C
3816921572,0,0.0002820634371393,C
3816921572,0,0.0006887976493079,C
3816921572,0,6.418346157743837e-05,C
3816921572,0,0.0001583074516369,C
3816921572,0,0.0008485933065814,C
203749390,0,0.0008346039198202,C
203749390,0,-0.0016691691396696,C
203749390,0,0.0002579895380201,C
203749390,0,-0.0012551630923691,C
203749390,0,0.0008004253659379,C
992462230,0,0.0009510850412119,C
992462230,0,0.0011824772400873,C
992462230,0,-2.150879438278519e-05,C
992462230,0,8.929175623217933e-05,C
992462230,0,0.0009289437972963,C
1506993418,0,0.0,C
1506993418,0,0.0,C
1506993418,0,0.0,C
1506993418,0,0.0,C
1506993418,0,0.0,C
1486598263,0,2.810615573911601e-05,C
1486598263,0,0.0003763446353886,C
1486598263,0,0.0001474281746191,C
1486598263,0,0.0003397202525677,C
1486598263,0,0.0003875904366174,C
1914416804,0,-6.262574948134869e-05,N
1914416804,0,4.9198543802253525e-05,N
1914416804,0,0.0002726857341383,N
1914416804,0,0.0004687857938711,N
1914416804,0,-1.4573086708380424e-05,N
54936104,0,0.0001719073145557,C
54936104,0,0.001702010567181,C
54936104,0,0.0008109286675291,C
54936104,0,-0.0015991334026743,C
54936104,0,0.0002891929687307,C
3090652201,0,-0.0001790808282368,C
3090652201,0,-0.0002102319168245,C
3090652201,0,-0.0001880684570566,C
3090652201,0,-0.000169893639858,C
3090652201,0,-0.0001889200851022,C
2987687375,0,0.0012854376144841,C
2987687375,0,0.0002164045095615,C
2987687375,0,-0.0008977781232497,C
2987687375,0,-0.0001441764352293,C
2987687375,0,-0.0013601844282472,C
2296493092,0,-0.0001668451734017,N
2296493092,0,3.265976171240581e-05,N
2296493092,0,-0.0001202768201131,N
2296493092,0,-0.0004064699671574,N
2296493092,0,-0.0003693838976179,N
668520641,0,-0.0005123360775777,C
668520641,0,-0.0004612277086838,C
668520641,0,-0.000235489801065,C
668520641,0,-0.0006639978153016,C
668520641,0,0.000259893779581,C
848127915,0,0.0,N
848127915,0,0.0,N
848127915,0,0.0,N
848127915,0,0.0,N
848127915,0,0.0,N
2378775366,0,0.0,O
2378775366,0,0.0,O
2378775366,0,0.0,O
2378775366,0,0.0,O
2378775366,0,0.0,O
2592785365,0,1.0241081365380822e-05,N
2592785365,0,-2.683942963210839e-05,N
2592785365,0,2.0065357246079607e-05,N
2592785365,0,6.727240423942682e-06,N
2592785365,0,-3.856883645880771e-05,N
460073430,0,2.893044078033924e-05,C
460073430,0,3.6478903895575954e-05,C
460073430,0,2.5964522580634863e-05,C
460073430,0,3.1630109780245164e-06,C
460073430,0,5.332318052553298e-06,C
2378779377,0,0.0,O
2378779377,0,0.0,O
2378779377,0,0.0,O
2378779377,0,0.0,O
2378779377,0,0.0,O
4194366826,0,1.632877560164836e-05,C
4194366826,0,7.848868189719305e-06,C
4194366826,0,5.6039134385788e-05,C
4194366826,0,0.0002236236052938,C
4194366826,0,0.0001544951655864,C
1136130381,0,0.0003009828387615,C
1136130381,0,-6.327028795216627e-06,C
1136130381,0,-0.0002167923625816,C
1136130381,0,9.31050436198122e-05,C
1136130381,0,0.0001099738190147,C
1646750527,0,0.0024912767004816,C
1646750527,0,0.0017524150071573,C
1646750527,0,0.0013617873665028,C
1646750527,0,0.0013241335844115,C
1646750527,0,0.0023822870850505,C
1163692816,0,0.0006606501430534,N
1163692816,0,-0.0011303589834436,N
1163692816,0,-0.0019987608540831,N
1163692816,0,-0.0006145615653987,N
1163692816,0,0.0006794779851698,N
1840994228,0,-0.0002652443585358,C
1840994228,0,0.0021199842505951,C
1840994228,0,-0.0016498145213074,C
1840994228,0,-0.001292413877927,C
1840994228,0,0.0022832243185192,C
2609658248,0,0.0,C
2609658248,0,0.0,C
2609658248,0,0.0,C
2609658248,0,0.0,C
2609658248,0,0.0,C
2353583745,0,-0.0006240965839853,C
2353583745,0,-0.0002930126324627,C
2353583745,0,-0.0004727140050247,C
2353583745,0,-0.0006515214923229,C
2353583745,0,-0.001067346913019,C
3443041413,0,0.0002125039995283,C
3443041413,0,-9.860059735300464e-05,C
3443041413,0,0.0002101408603425,C
3443041413,0,-9.632559114081118e-05,C
3443041413,0,-3.3681167554311386e-05,C
3286720230,0,-0.0006478921334807,C
3286720230,0,-0.0004892986354757,C
3286720230,0,-0.0005804687963761,C
3286720230,0,-0.0004707100102681,C
3286720230,0,-0.0001699930764709,C
1449131080,0,-5.725661909949942e-05,C
1449131080,0,-0.0021684257949365,C
1449131080,0,-0.0009101774773773,C
1449131080,0,-0.0015649973606497,C
1449131080,0,-0.0009713759748992,C
636971230,0,0.0018309480625287,C
636971230,0,0.0027288060555072,C
636971230,0,0.0003274597452688,C
636971230,0,0.0009126301927476,C
636971230,0,0.0014491028866775,C
2251845666,0,0.0001567803340145,C
2251845666,0,-0.0014565395216066,C
2251845666,0,-0.000404105748427,C
2251845666,0,0.0006606122105484,C
2251845666,0,-0.0014532937241757,C
305828102,0,0.0001469668715055,C
305828102,0,0.0002871356128831,C
305828102,0,0.000226176365442,C
305828102,0,0.0001105067608688,C
305828102,0,0.0001379526696437,C
2810604122,0,0.0003110351525021,C
2810604122,0,-0.0004255331221022,C
2810604122,0,-0.000585648640298,C
2810604122,0,0.0001495004337677,C
2810604122,0,-0.0015942761853868,C
979999009,0,0.0062440794697162,C
979999009,0,0.0075586617269227,C
979999009,0,0.0053781879916257,C
979999009,0,0.0065156884103821,C
979999009,0,0.0068334587046614,C
4083722611,0,-7.330736872024346e-05,C
4083722611,0,-0.0003896192552452,C
4083722611,0,-0.0001514856470641,C
4083722611,0,-0.0001661465031974,C
4083722611,0,-0.0003270107969025,C
849275503,0,0.0029450542248136,N
849275503,0,0.0009590024479418,N
849275503,0,-0.0005929221525655,N
849275503,0,0.0015500876997098,N
849275503,0,0.0004415203080134,N
3533643770,0,0.0009349615398697,C
3533643770,0,0.0002151747846826,C
3533643770,0,0.0006423689800344,C
3533643770,0,0.000589606197208,C
3533643770,0,0.0005803984659727,C
594486406,0,0.0,
594486406,0,0.0,
594486406,0,0.0,
594486406,0,0.0,
594486406,0,0.0,
2697642734,0,0.0,O
2697642734,0,0.0,O
2697642734,0,0.0,O
2697642734,0,0.0,O
2697642734,0,0.0,O
3345225135,0,-0.0005129639438491,N
3345225135,0,-0.000789254755103,N
3345225135,0,-0.002358287376964,N
3345225135,0,-0.0009131028427447,N
3345225135,0,-0.0016281645855805,N
1348783936,0,0.0004043774662455,C
1348783936,0,0.0003801747231055,C
1348783936,0,0.0001162252940826,C
1348783936,0,-0.0001668877386796,C
1348783936,0,9.37517178657421e-05,C
3848368466,0,0.0,C
3848368466,0,0.0,C
3848368466,0,0.0,C
3848368466,0,0.0,C
3848368466,0,0.0,C
4130182993,0,-8.610719688506574e-05,C
4130182993,0,-0.0004016707227834,C
4130182993,0,0.0001292407216766,C
4130182993,0,-0.0007487010879112,C
4130182993,0,0.0001043815400326,C
994637429,0,1.0709400959374449e-05,N
994637429,0,-0.0002607138980467,N
994637429,0,-0.0001335481985533,N
994637429,0,-6.586806043040738e-06,N
994637429,0,0.0010964957090658,N
1868697328,0,0.0,
1868697328,0,0.0,
1868697328,0,0.0,
1868697328,0,0.0,
1868697328,0,0.0,
485458970,0,-0.0001225076342435,F
485458970,0,0.0006350064760817,F
485458970,0,0.0003592906982047,F
485458970,0,0.0002084329640223,F
485458970,0,0.0006171974624636,F
1971534293,0,-0.0001706339937871,O
1971534293,0,-0.0004631359945741,O
1971534293,0,1.7431125567846095e-05,O
1971534293,0,-0.0006243179558858,O
1971534293,0,-2.833223480502856e-05,O
2667063169,0,0.0,O
2667063169,0,0.0,O
2667063169,0,0.0,O
2667063169,0,0.0,O
2667063169,0,0.0,O
831463242,0,-9.99137262958083e-06,N
831463242,0,-0.0004216726955783,N
831463242,0,-5.192483570004569e-05,N
831463242,0,-0.000280162232116,N
831463242,0,-0.0002999336343821,N
473978627,0,0.0006486352412768,C
473978627,0,0.0010040287218702,C
473978627,0,0.0006371146114574,C
473978627,0,0.0008833960074964,C
473978627,0,0.0019220552473114,C
2251883808,0,0.0018159545232553,C
2251883808,0,0.0011060319812639,C
2251883808,0,0.0011187159584984,C
2251883808,0,0.0021304829036492,C
2251883808,0,0.0021241330439776,C
2959332130,0,0.0002329545698745,C
2959332130,0,0.0002737732187703,C
2959332130,0,-8.34637729298926e-05,C
2959332130,0,0.0003938021541864,C
2959332130,0,-0.0002223009312678,C
256204769,0,-0.0001713038689697,C
256204769,0,1.337663583522719e-05,C
256204769,0,-5.290989071238261e-05,C
256204769,0,-0.0001539383201997,C
256204769,0,-5.860818176284255e-05,C
2194376677,0,4.048954498203639e-05,C
2194376677,0,0.0006999114710384,C
2194376677,0,0.0009546838127821,C
2194376677,0,0.0010731368903356,C
2194376677,0,0.0009233557920387,C
800085213,0,-0.0019254071094093,C
800085213,0,-0.0015215946413758,C
800085213,0,-0.0013778255863828,C
800085213,0,-0.0009402337122029,C
800085213,0,-0.0023337513561116,C
3705139132,0,0.0001172878181827,C
3705139132,0,-5.841162956121693e-05,C
3705139132,0,-0.0002082725485839,C
3705139132,0,8.976898312340609e-05,C
3705139132,0,-0.0002043482632609,C
2834566420,0,-1.2294784118016544e-05,C
2834566420,0,-1.903473629116803e-05,C
2834566420,0,-4.681428718478209e-05,C
2834566420,0,-4.295062403181227e-06,C
2834566420,0,-5.4726204629984565e-05,C
3341916169,0,-0.0007081073946519,C
3341916169,0,-0.0005316972391593,C
3341916169,0,-0.0014797919016931,C
3341916169,0,-0.0004450119187912,C
3341916169,0,-0.0007728618246407,C
1186654798,0,8.292011625110618e-07,C
1186654798,0,4.831542127603505e-06,C
1186654798,0,5.136902378466424e-06,C
1186654798,0,-7.152994416781411e-07,C
1186654798,0,2.2596626377824336e-06,C
215394313,0,-0.0002869656640921,C
215394313,0,-0.0006740762971874,C
215394313,0,-0.0002815826165792,C
215394313,0,-0.0004811169405444,C
215394313,0,0.0002702246526256,C
816543468,0,0.0,C
816543468,0,0.0,C
816543468,0,0.0,C
816543468,0,0.0,C
816543468,0,0.0,C
3796970912,0,-0.0031381237787504,C
3796970912,0,0.0007996377427859,C
3796970912,0,-0.0016349519497637,C
3796970912,0,-0.0004652686810558,C
3796970912,0,-0.0006426185023629,C
3028039221,0,-0.000596603753351,N
3028039221,0,-0.000683489574457,N
3028039221,0,-0.000574000575847,N
3028039221,0,-0.0013571175793622,N
3028039221,0,-0.0002602488590148,N
2261212172,0,0.000104212759199,C
2261212172,0,8.394010900736326e-05,C
2261212172,0,0.0001223564556899,C
2261212172,0,7.307426120917171e-05,C
2261212172,0,3.331294422304065e-05,C
4182960975,0,0.0002379090831551,C
4182960975,0,0.0003839574342697,C
4182960975,0,0.0001953343986503,C
4182960975,0,0.0001007045045712,C
4182960975,0,0.0005064058574717,C
2438720939,0,0.0,C
2438720939,0,0.0,C
2438720939,0,0.0,C
2438720939,0,0.0,C
2438720939,0,0.0,C
1033192140,0,0.0001402323181003,C
1033192140,0,3.850516968606499e-06,C
1033192140,0,2.4350115978233333e-05,C
1033192140,0,6.95460534549941e-05,C
1033192140,0,0.0001024951743726,C
1630528126,0,0.0003903161512469,C
1630528126,0,0.0009813274325414,C
1630528126,0,-0.0002840526890331,C
1630528126,0,-0.0002612975296196,C
1630528126,0,-0.0004805104307137,C
3974650111,0,-9.531416188768294e-05,C
3974650111,0,-9.766361090757236e-05,C
3974650111,0,-0.0005323101112744,C
3974650111,0,-0.00026065257739,C
3974650111,0,-0.0002618127539496,C
1910766508,0,-0.0002690986521123,C
1910766508,0,-0.0007567509162719,C
1910766508,0,-0.0004880805105039,C
1910766508,0,-0.0006381331711505,C
1910766508,0,-0.0002070855602774,C
4081537576,0,-0.0007801835097424,C
4081537576,0,-0.0002832503321383,C
4081537576,0,-0.000735832286886,C
4081537576,0,-0.0005864114871502,C
4081537576,0,-5.0217485126125005e-05,C
1255595680,0,-0.0008202724850979,C
1255595680,0,-0.0004903916841945,C
1255595680,0,-0.0009374691548306,C
1255595680,0,-0.000343096271037,C
1255595680,0,-0.0016276292271916,C
1630260676,0,0.0,C
1630260676,0,0.0,C
1630260676,0,0.0,C
1630260676,0,0.0,C
1630260676,0,0.0,C
3129492592,0,0.0003406266608435,C
3129492592,0,0.0006641255011893,C
3129492592,0,0.0002137847388817,C
3129492592,0,0.0008709182588492,C
3129492592,0,0.0005731644686864,C
781912670,0,5.417250291006592e-05,C
781912670,0,0.0009953309358461,C
781912670,0,0.0016105752019205,C
781912670,0,0.0001708015669489,C
781912670,0,0.0012409030250151,C
2487927669,0,-0.0040203155181699,C
2487927669,0,-0.004414205742064,C
2487927669,0,-0.003213681747704,C
2487927669,0,-0.0027395282089405,C
2487927669,0,-0.004304771233724,C
3787488754,0,1.1514221805564162e-05,C
3787488754,0,-1.8293814028291777e-05,C
3787488754,0,7.842284940107191e-06,C
3787488754,0,1.0686200130116674e-05,C
3787488754,0,-2.3871373970085763e-05,C
2308348490,0,-0.0013552066008376,C
2308348490,0,0.001703196530655,C
2308348490,0,0.0016278025071165,C
2308348490,0,0.0013738253044355,C
2308348490,0,0.0004920304101115,C
2333272823,0,-0.0010144503830133,C
2333272823,0,-0.0012632246836626,C
2333272823,0,-0.0002502206848229,C
2333272823,0,-0.0011378073654542,C
2333272823,0,-0.0009546373292805,C
2812398603,0,-0.0001780311090026,C
2812398603,0,0.0008263136953152,C
2812398603,0,-0.000509819885336,C
2812398603,0,0.0003378032703099,C
2812398603,0,-0.0007076000147755,C
2999514534,0,0.000192949884969,C
2999514534,0,-0.0002008637892451,C
2999514534,0,0.0001086470466072,C
2999514534,0,5.8142511570324906e-05,C
2999514534,0,0.0001667102070698,C
3222770065,0,-0.0020120704915088,C
3222770065,0,-0.0031273563815594,C
3222770065,0,-0.0033377595401448,C
3222770065,0,-0.0029111606186736,C
3222770065,0,-0.0038323646281741,C
3491109101,0,0.0,C
3491109101,0,0.0,C
3491109101,0,0.0,C
3491109101,0,0.0,C
3491109101,0,0.0,C
1255626466,0,0.0010195808711891,N
1255626466,0,0.000803861974988,N
1255626466,0,0.0006160142469472,N
1255626466,0,0.000436857970358,N
1255626466,0,0.0001106380651341,N
3289231689,0,2.5270441779245975e-05,C
3289231689,0,-0.0001604168025712,C
3289231689,0,-2.673071917203007e-05,C
3289231689,0,-0.0003238436499006,C
3289231689,0,-0.0007644631257471,C
3745584548,0,0.0001151447834973,C
3745584548,0,3.837348577961919e-05,C
3745584548,0,0.0002242499108487,C
3745584548,0,0.0001367346091263,C
3745584548,0,2.698814733570476e-05,C
1914229733,0,-7.360419668278606e-05,C
1914229733,0,5.594238759010217e-05,C
1914229733,0,7.741427735519224e-06,C
1914229733,0,3.875370885164653e-05,C
1914229733,0,-9.180740977221546e-06,C
216545222,0,0.0,N
216545222,0,0.0,N
216545222,0,0.0,N
216545222,0,0.0,N
216545222,0,0.0,N
2331740049,0,0.0001513181173926,N
2331740049,0,-0.000163677504005,N
2331740049,0,-4.6775466418624845e-05,N
2331740049,0,6.068256131863681e-05,N
2331740049,0,-0.000118166520148,N
2355446912,0,-6.46283445273621e-05,C
2355446912,0,-0.0002327230176495,C
2355446912,0,0.0001124692897013,C
2355446912,0,0.0001952097368167,C
2355446912,0,0.0002075622717088,C
859799282,0,0.0004159704354663,C
859799282,0,0.0007255551802438,C
859799282,0,0.0002886955634407,C
859799282,0,0.0003654905232459,C
859799282,0,7.606868720211324e-05,C
3811375594,0,0.0015232521860752,C
3811375594,0,0.0012442929272657,C
3811375594,0,0.0009265727131424,C
3811375594,0,0.0010867146900922,C
3811375594,0,0.0020294529100329,C
144568923,0,0.0,C
144568923,0,0.0,C
144568923,0,0.0,C
144568923,0,0.0,C
144568923,0,0.0,C
2557045420,0,0.0001107569481134,N
2557045420,0,6.157693853514612e-05,N
2557045420,0,9.617712127052425e-05,N
2557045420,0,7.600452542277925e-05,N
2557045420,0,8.500252524246132e-05,N
4265716399,0,0.0037996660523683,N
4265716399,0,0.0017744595634855,N
4265716399,0,0.003795594689723,N
4265716399,0,0.0042572022285685,N
4265716399,0,0.0029483015784441,N
778974661,0,0.0,
778974661,0,0.0,
778974661,0,0.0,
778974661,0,0.0,
778974661,0,0.0,
3914061263,0,0.0,C
3914061263,0,0.0,C
3914061263,0,0.0,C
3914061263,0,0.0,C
3914061263,0,0.0,C
3330819572,0,0.0004838560594453,C
3330819572,0,0.0033312525365153,C
3330819572,0,0.0027166826716877,C
3330819572,0,0.0025446930632034,C
3330819572,0,0.0027740036672315,C
1674219510,0,0.0,
1674219510,0,0.0,
1674219510,0,0.0,
1674219510,0,0.0,
1674219510,0,0.0,
2170404731,0,-0.0001387252032819,C
2170404731,0,-9.961890465781664e-05,C
2170404731,0,-5.2576352395306e-05,C
2170404731,0,3.0553243952513576e-05,C
2170404731,0,-1.0694357664209342e-05,C
3116051204,0,-2.7772514354151845e-05,C
3116051204,0,-0.0002191811638989,C
3116051204,0,-0.0002121508687031,C
3116051204,0,-0.0001572488276442,C
3116051204,0,-0.0001065662339483,C
493191496,0,3.382602689006031e-05,C
493191496,0,3.372418717695336e-05,C
493191496,0,-5.755054930911552e-05,C
493191496,0,7.803344381718258e-05,C
493191496,0,-2.796975998031748e-05,C
851463431,0,0.0,C
851463431,0,0.0,C
851463431,0,0.0,C
851463431,0,0.0,C
851463431,0,0.0,C
2839110432,0,-0.0007416848943223,C
2839110432,0,-0.0006280081664443,C
2839110432,0,-0.0009878909688759,C
2839110432,0,0.000115549432415,C
2839110432,0,-0.001067891345161,C
1913726790,0,0.0007630368639319,C
1913726790,0,0.0008149188104515,C
1913726790,0,0.0008714438741083,C
1913726790,0,0.0006378646318598,C
1913726790,0,0.0008572666956356,C
512485612,0,0.0,
512485612,0,0.0,
512485612,0,0.0,
512485612,0,0.0,
512485612,0,0.0,
3631761933,0,-0.0003212886382822,C
3631761933,0,0.0003174676478299,C
3631761933,0,-0.0007977942194973,C
3631761933,0,-0.0002447572161828,C
3631761933,0,0.0001497080014781,C
3254486562,0,-1.874783886468556e-06,C
3254486562,0,-3.967606691634984e-05,C
3254486562,0,-0.0001424087624913,C
3254486562,0,0.0001499852955424,C
3254486562,0,-5.590309050296227e-05,C
1163048604,0,-0.0005033472134913,C
1163048604,0,-0.0047772203886328,C
1163048604,0,-0.0010572721606095,C
1163048604,0,-0.0010397185492316,C
1163048604,0,-0.0052498613465666,C
265892994,0,-1.389486579939092e-05,O
265892994,0,-0.0001456574024588,O
265892994,0,-0.0001371611292831,O
265892994,0,7.915301817196241e-05,O
265892994,0,0.0002075420116227,O
2328129879,0,0.0,O
2328129879,0,0.0,O
2328129879,0,0.0,O
2328129879,0,0.0,O
2328129879,0,0.0,O
3048383039,0,-0.0001716574278213,C
3048383039,0,-0.0001091988481869,C
3048383039,0,-6.440385201655907e-05,C
3048383039,0,-5.61548021145164e-05,C
3048383039,0,-0.0002843410703106,C
1222631225,0,-0.0001399494959635,C
1222631225,0,-0.0003280008153259,C
1222631225,0,-0.0002874910789634,C
1222631225,0,2.0602752051734896e-05,C
1222631225,0,0.0001158530252058,C
1272192549,0,0.0002519191422547,C
1272192549,0,0.0005198324373906,C
1272192549,0,0.0005133372609996,C
1272192549,0,0.0013131141388931,C
1272192549,0,-0.000447780195659,C
222023415,0,0.0008778726229724,N
222023415,0,0.0020034307250823,N
222023415,0,0.0023581342212104,N
222023415,0,0.0003529422412202,N
222023415,0,0.0002198442829599,N
617798156,0,0.0001719891086836,O
617798156,0,0.0005095709417224,O
617798156,0,5.007256169342611e-05,O
617798156,0,3.665169088074016e-05,O
617798156,0,0.0005703980778196,O
190140222,0,-0.0004972974251815,N
190140222,0,-0.0006015545082662,N
190140222,0,-0.000515030660944,N
190140222,0,0.0008537914016083,N
190140222,0,-0.0012349884352244,N
4180801603,0,-0.000828010813021,C
4180801603,0,-0.0008050177425859,C
4180801603,0,-0.0021670044561615,C
4180801603,0,-0.0011127336344064,C
4180801603,0,-0.0014036227184679,C
3984860707,0,0.0,
3984860707,0,0.0,
3984860707,0,0.0,
3984860707,0,0.0,
3984860707,0,0.0,
3462308225,0,0.000944535686375,C
3462308225,0,0.0041021139505357,C
3462308225,0,0.0024921044490742,C
3462308225,0,0.0005149676436707,C
3462308225,0,0.0016241799296268,C
2355616982,0,-0.000309339583411,C
2355616982,0,0.0010984873479479,C
2355616982,0,-0.000320560138458,C
2355616982,0,0.0010390218081148,C
2355616982,0,8.337650542045161e-05,C
4042373501,0,-0.0013599771477703,C
4042373501,0,-0.0011007420280267,C
4042373501,0,-0.0008964599014101,C
4042373501,0,-0.0004183553361124,C
4042373501,0,-0.0011873111940293,C
736514702,0,0.0014362045380352,O
736514702,0,7.256909754105312e-05,O
736514702,0,-7.49693694209741e-05,O
736514702,0,0.0009717246046003,O
736514702,0,0.0007665065871241,O
65941455,0,0.0002079603127017,C
65941455,0,0.0007054733144917,C
65941455,0,-2.7502099125165103e-05,C
65941455,0,0.0001821072009084,C
65941455,0,0.0008303976040944,C
2411289135,0,0.0,
2411289135,0,0.0,
2411289135,0,0.0,
2411289135,0,0.0,
2411289135,0,0.0,
661888323,0,0.0012436927891334,C
661888323,0,0.0004707696817694,C
661888323,0,-0.0006274848659143,C
661888323,0,-0.0008459658413143,C
661888323,0,0.0003401192908939,C
1909986973,0,0.0005468099680331,C
1909986973,0,0.000915621430205,C
1909986973,0,0.0001312037685381,C
1909986973,0,0.0004929801368205,C
1909986973,0,0.0001704195701035,C
984189120,0,0.0,P
984189120,0,0.0,P
984189120,0,0.0,P
984189120,0,0.0,P
984189120,0,0.0,P
237615532,0,-0.0004266049925113,C
237615532,0,-0.0002187673581087,C
237615532,0,-0.0004074157473591,C
237615532,0,-0.0002559491494548,C
237615532,0,1.8479323720677066e-05,C
3598064087,0,0.0004885009407639,C
3598064087,0,0.0007024657949398,C
3598064087,0,-0.0003844381097182,C
3598064087,0,0.0008253928981003,C
3598064087,0,-0.0004227017484799,C
1795978025,0,-2.2310383619439378e-06,C
1795978025,0,-3.611338053688407e-05,C
1795978025,0,-0.0001074506872296,C
1795978025,0,-9.44184809431592e-05,C
1795978025,0,-6.232699753228044e-05,C
2235918822,0,0.0,O
2235918822,0,0.0,O
2235918822,0,0.0,O
2235918822,0,0.0,O
2235918822,0,0.0,O
1876820278,0,0.0004749311985159,C
1876820278,0,0.0006730463620954,C
1876820278,0,0.0002629385019904,C
1876820278,0,0.0002662408866704,C
1876820278,0,0.001159561122683,C
698395004,0,0.0010663006923062,C
698395004,0,0.0005688377221346,C
698395004,0,0.0011733007226516,C
698395004,0,0.0005417934866507,C
698395004,0,0.0013585314984575,C
1207774339,0,0.0001075934115746,C
1207774339,0,-7.01640073043075e-05,C
1207774339,0,-0.0001210592566173,C
1207774339,0,0.0007325924089,C
1207774339,0,-5.068405733443804e-05,C
431202968,0,0.0002954289570201,O
431202968,0,-1.3391379047100749e-05,O
431202968,0,-0.0001451354655411,O
431202968,0,-0.0001142591009084,O
431202968,0,-0.0002754455692326,O
833901780,0,1.9967720296887315e-05,N
833901780,0,-0.0001141286839506,N
833901780,0,0.0002164627055266,N
833901780,0,-0.0003785375007616,N
833901780,0,-5.783839234019261e-05,N
1821698485,0,0.0006400056372984,C
1821698485,0,0.0008423944753723,C
1821698485,0,-0.0004433439243979,C
1821698485,0,-0.0017799530243853,C
1821698485,0,-0.0019616974005355,C
1906719888,0,-0.0001841788388158,C
1906719888,0,-0.0002210188634673,C
1906719888,0,-0.0001370483173463,C
1906719888,0,-0.0001442694990999,C
1906719888,0,-0.0002280879822844,C
2809361097,0,0.0,C
2809361097,0,0.0,C
2809361097,0,0.0,C
2809361097,0,0.0,C
2809361097,0,0.0,C
2036328569,0,0.0010159350617626,C
2036328569,0,-0.0002487252206805,C
2036328569,0,0.0012238073378585,C
2036328569,0,0.0014477074551234,C
2036328569,0,0.0017899993162031,C
2512623809,0,0.0,C
2512623809,0,0.0,C
2512623809,0,0.0,C
2512623809,0,0.0,C
2512623809,0,0.0,C
2817106133,0,0.0,
2817106133,0,0.0,
2817106133,0,0.0,
2817106133,0,0.0,
2817106133,0,0.0,
1754248939,0,-0.0003740219352663,C
1754248939,0,-0.0001100859690953,C
1754248939,0,-0.0003362218415458,C
1754248939,0,8.518065820806164e-06,C
1754248939,0,-0.0001626167059467,C
2635303940,0,0.0005138305633082,C
2635303940,0,0.0005741969387338,C
2635303940,0,0.0006696943044638,C
2635303940,0,-5.917633641461251e-05,C
2635303940,0,-0.0004698167248945,C
1396348621,0,-7.114432102439672e-06,C
1396348621,0,-0.0002045860847208,C
1396348621,0,0.000259861407903,C
1396348621,0,5.483824773033774e-05,C
1396348621,0,-0.0001283117201057,C
2479916646,0,-5.9571947736203335e-05,C
2479916646,0,-3.802773095173961e-05,C
2479916646,0,-1.8693293185823023e-05,C
2479916646,0,-6.400154237651279e-05,C
2479916646,0,-4.262858534387348e-06,C
4282315164,0,-0.0018021577956905,N
4282315164,0,-5.810191373256668e-05,N
4282315164,0,-1.0070031547515512e-06,N
4282315164,0,-0.0004275812341099,N
4282315164,0,-0.0008233053828227,N
2486266314,0,0.0005851625983391,C
2486266314,0,0.0005389311854777,C
2486266314,0,0.0012536187902014,C
2486266314,0,0.0009016811786266,C
2486266314,0,-0.0002158966401601,C
1019269664,0,-0.0011663411665442,N
1019269664,0,-0.0011511452096596,N
1019269664,0,-0.0003584403998904,N
1019269664,0,-0.0012103322519092,N
1019269664,0,0.0002927214501543,N
3118635600,0,-2.716663173418788e-06,C
3118635600,0,1.0627138107177636e-05,C
3118635600,0,-3.299749243401706e-06,C
3118635600,0,-6.242581507498457e-06,C
3118635600,0,-2.2496090443913097e-05,C
3218370331,0,0.0,
3218370331,0,0.0,
3218370331,0,0.0,
3218370331,0,0.0,
3218370331,0,0.0,
3044392905,0,0.0027982467881131,N
3044392905,0,0.0007553952331815,N
3044392905,0,0.0011374913676053,N
3044392905,0,6.664208181361708e-05,N
3044392905,0,1.4966078516698287e-05,N
4194776273,0,0.0010318989814208,O
4194776273,0,0.0011642294999927,O
4194776273,0,0.0009460802054949,O
4194776273,0,0.0003648740990056,O
4194776273,0,0.0013394017924082,O
263215426,0,0.0,C
263215426,0,0.0,C
263215426,0,0.0,C
263215426,0,0.0,C
263215426,0,0.0,C
2753863138,0,-0.0007872363333917,C
2753863138,0,-0.0009833393063277,C
2753863138,0,-0.0009282830103495,C
2753863138,0,-7.124697447991046e-05,C
2753863138,0,-7.825358879109956e-06,C
2699298541,0,0.0,
2699298541,0,0.0,
2699298541,0,0.0,
2699298541,0,0.0,
2699298541,0,0.0,
3308404410,0,0.0006718890822479,C
3308404410,0,0.0008174623056789,C
3308404410,0,0.0006785194702308,C
3308404410,0,0.000280544943479,C
3308404410,0,0.0003766265620572,C
1446633534,0,-8.709751279367683e-05,C
1446633534,0,-0.0002022180066127,C
1446633534,0,-0.0001899193233887,C
1446633534,0,-6.007365043270152e-05,C
1446633534,0,-0.0001349506348208,C
2756489526,0,-0.0001629266949949,C
2756489526,0,0.000503378475992,C
2756489526,0,-5.9035924263706185e-05,C
2756489526,0,-5.213788002000896e-05,C
2756489526,0,-0.0003399923169868,C
913310822,0,0.0001429266905317,C
913310822,0,0.0008705866366246,C
913310822,0,0.0001573943975072,C
913310822,0,0.0006599420562964,C
913310822,0,-0.0001273721573341,C
3561946030,0,0.0006326147808954,N
3561946030,0,-3.761508819810633e-05,N
3561946030,0,0.0004434377997056,N
3561946030,0,0.0001762323636564,N
3561946030,0,0.0001115753023416,N
3292836938,0,0.0,
3292836938,0,0.0,
3292836938,0,0.0,
3292836938,0,0.0,
3292836938,0,0.0,
3194612514,0,-0.0001532786782459,O
3194612514,0,-0.0005609722609301,O
3194612514,0,-0.0002154101304145,O
3194612514,0,-4.196514314613875e-05,O
3194612514,0,-0.0001407448288386,O
1822332700,0,0.0,C
1822332700,0,0.0,C
1822332700,0,0.0,C
1822332700,0,0.0,C
1822332700,0,0.0,C
2215059400,0,1.4503837316715007e-06,O
2215059400,0,1.690599037429408e-07,O
2215059400,0,-6.516048811633367e-10,O
2215059400,0,2.897624565845192e-06,O
2215059400,0,4.162349405256727e-06,O
773709216,0,0.0013851018265484,C
773709216,0,0.0003065015536788,C
773709216,0,0.0005499159544561,C
773709216,0,0.001367303681902,C
773709216,0,0.0016893865531674,C
2530377886,0,0.0006630694333361,N
2530377886,0,0.0008838682797049,N
2530377886,0,0.0021319790502246,N
2530377886,0,-0.0006628672184797,N
2530377886,0,-0.0004778212675443,N
2850656190,0,0.0002971072526046,C
2850656190,0,9.327615866638884e-05,C
2850656190,0,2.462150029125532e-05,C
2850656190,0,0.0003526606588054,C
2850656190,0,-2.530210145268441e-05,C
1376881293,0,2.7158254651604707e-05,C
1376881293,0,-1.3076233578490635e-05,C
1376881293,0,1.4699995392275513e-05,C
1376881293,0,3.0408300385698084e-05,C
1376881293,0,-6.114815552105135e-05,C
1214060489,0,-0.0007234929292025,C
1214060489,0,-0.0004915045508536,C
1214060489,0,0.0003856356104706,C
1214060489,0,0.000557615584436,C
1214060489,0,0.0002468797862688,C
4203454020,0,-0.0004008074559613,C
4203454020,0,-0.0005526554425216,C
4203454020,0,-0.0004649484337533,C
4203454020,0,-8.810262729275209e-05,C
4203454020,0,-0.0006403166861121,C
3034212252,0,-0.001974932509871,C
3034212252,0,0.0011827152979492,C
3034212252,0,-0.001978790538034,C
3034212252,0,-0.0021918969162576,C
3034212252,0,-0.0021936689759058,C
3044751281,0,-8.068764401081285e-05,N
3044751281,0,-0.0001624984333733,N
3044751281,0,-0.0001607493595914,N
3044751281,0,-3.446548106589287e-05,N
3044751281,0,0.0001162213241007,N
1292826808,0,6.545414901415469e-06,C
1292826808,0,-6.367218998715174e-07,C
1292826808,0,8.777585736030603e-08,C
1292826808,0,2.827695535390085e-06,C
1292826808,0,-9.01724227730938e-07,C
950023157,0,0.001324681324006,C
950023157,0,0.0022713623305753,C
950023157,0,0.0015866651702163,C
950023157,0,0.001101813272015,C
950023157,0,0.0009607026238606,C
1187730664,0,-1.406896341160646e-05,C
1187730664,0,0.0001847948532003,C
1187730664,0,9.25909836251293e-05,C
1187730664,0,-4.3386576211279504e-05,C
1187730664,0,0.0001391902679224,C
4039837947,0,0.0003516701477783,F
4039837947,0,0.0002179437722999,F
4039837947,0,0.0005256666952272,F
4039837947,0,0.0009526395501349,F
4039837947,0,3.564978367553984e-05,F
773607102,0,0.0,C
773607102,0,0.0,C
773607102,0,0.0,C
773607102,0,0.0,C
773607102,0,0.0,C
2246997334,0,0.0007444657917377,C
2246997334,0,0.0011096357070371,C
2246997334,0,0.0005448091247732,C
2246997334,0,0.0009356502763891,C
2246997334,0,-6.068069627240824e-05,C
714711401,0,-0.0003026604699367,C
714711401,0,0.0001249778063127,C
714711401,0,7.52941977162358e-05,C
714711401,0,-0.0004952621590424,C
714711401,0,-0.000101040316442,C
1710869618,0,0.0012611380326853,C
1710869618,0,0.0011468778185294,C
1710869618,0,0.0007210399138445,C
1710869618,0,-3.097142224051108e-05,C
1710869618,0,0.000531272991023,C
2549196227,0,-9.931788563988242e-05,C
2549196227,0,4.777840236014352e-05,C
2549196227,0,-7.387750779519475e-05,C
2549196227,0,3.828137932548881e-05,C
2549196227,0,0.0001263924497739,C
2856245513,0,-0.0008267955887173,C
2856245513,0,-0.0022210466770909,C
2856245513,0,-0.0013905411061113,C
2856245513,0,-0.0006926997185843,C
2856245513,0,-0.0020860429224127,C
1999077141,0,0.0,
1999077141,0,0.0,
1999077141,0,0.0,
1999077141,0,0.0,
1999077141,0,0.0,
817588605,0,-0.0008767528937384,C
817588605,0,-0.0006375410678136,C
817588605,0,-0.000661725183739,C
817588605,0,-0.0007860267479603,C
817588605,0,-0.001245613293944,C
3430642422,0,0.0006884647792156,C
3430642422,0,0.0010004039851498,C
3430642422,0,-3.491289828272404e-05,C
3430642422,0,-0.0002359575171135,C
3430642422,0,0.0002561406499606,C
1528304983,0,-0.0003196354694606,N
1528304983,0,-0.0002425341870605,N
1528304983,0,-0.0001520239316123,N
1528304983,0,0.0002770339988634,N
1528304983,0,-0.000209310127508,N
3873941611,0,0.0002009733496038,C
3873941611,0,-6.57616412775841e-05,C
3873941611,0,-0.0001637218067687,C
3873941611,0,0.001062138365614,C
3873941611,0,-8.86719103668776e-05,C
2687950697,0,-0.0019865985356053,C
2687950697,0,-0.0011863145048709,C
2687950697,0,-0.0016903688077779,C
2687950697,0,-0.0001529345371164,C
2687950697,0,-0.0007616869752381,C
109461427,0,0.0004205935129805,C
109461427,0,0.0016216189211721,C
109461427,0,0.0006147902013493,C
109461427,0,0.0004007587460063,C
109461427,0,0.0006581321666956,C
2950679810,0,-0.0003003313607179,O
2950679810,0,0.0001780811389756,O
2950679810,0,-0.0001667158579669,O
2950679810,0,-0.0005991868216,O
2950679810,0,-0.0007045262881351,O
2914536168,0,-0.0002055493137295,C
2914536168,0,-3.985996287869664e-05,C
2914536168,0,-0.0001972196811563,C
2914536168,0,-0.00038170067866,C
2914536168,0,-0.0003392348679387,C
1530636652,0,-0.0001137901843242,C
1530636652,0,-6.828991895935221e-05,C
1530636652,0,-0.0001001366794184,C
1530636652,0,-0.0001138610587974,C
1530636652,0,-9.691101990616512e-05,C
3043679972,0,0.0,C
3043679972,0,0.0,C
3043679972,0,0.0,C
3043679972,0,0.0,C
3043679972,0,0.0,C
2529809651,0,0.0,C
2529809651,0,0.0,C
2529809651,0,0.0,C
2529809651,0,0.0,C
2529809651,0,0.0,C
1924383628,0,-0.0001144343934063,C
1924383628,0,1.3313164263673016e-05,C
1924383628,0,4.153574040111074e-05,C
1924383628,0,-8.048030121943217e-05,C
1924383628,0,0.0002028915145568,C
4003049590,0,0.0,C
4003049590,0,0.0,C
4003049590,0,0.0,C
4003049590,0,0.0,C
4003049590,0,0.0,C
1026654305,0,0.0,S
1026654305,0,0.0,S
1026654305,0,0.0,S
1026654305,0,0.0,S
1026654305,0,0.0,S
1542631284,0,0.0,O
1542631284,0,0.0,O
1542631284,0,0.0,O
1542631284,0,0.0,O
1542631284,0,0.0,O
1349670121,0,0.0,C
1349670121,0,0.0,C
1349670121,0,0.0,C
1349670121,0,0.0,C
1349670121,0,0.0,C
895118200,0,0.0010858448284978,N
895118200,0,0.000612569462793,N
895118200,0,0.0014780029691031,N
895118200,0,0.000875493981893,N
895118200,0,8.328920743583268e-05,N
269171368,0,-0.0001337140117542,C
269171368,0,0.0013233239569765,C
269171368,0,1.3136854256523556e-05,C
269171368,0,-0.0006715352692888,C
269171368,0,-0.0002494273985181,C
1583930800,0,0.0,C
1583930800,0,0.0,C
1583930800,0,0.0,C
1583930800,0,0.0,C
1583930800,0,0.0,C
738150152,0,0.0007541557375357,O
738150152,0,0.0001480566916265,O
738150152,0,0.0006150984011451,O
738150152,0,7.479010512589923e-05,O
738150152,0,6.377000131296828e-05,O
1168541985,0,0.0002559314812113,C
1168541985,0,4.189022003975307e-05,C
1168541985,0,0.0001347828229678,C
1168541985,0,0.0002078162609195,C
1168541985,0,0.0002436896875602,C
2747850234,0,6.331242896728817e-06,C
2747850234,0,-2.419796118824369e-05,C
2747850234,0,2.33439315684425e-05,C
2747850234,0,-3.158711002759773e-06,C
2747850234,0,3.900205969076254e-06,C
3134313966,0,-7.299741251132197e-05,O
3134313966,0,-5.761158149364398e-05,O
3134313966,0,-0.0002253846721659,O
3134313966,0,0.0001227218571191,O
3134313966,0,-0.0003103823032429,O
1503972698,0,0.0001672589660968,C
1503972698,0,3.479910531212216e-05,C
1503972698,0,6.651749918717975e-05,C
1503972698,0,4.718452050167521e-05,C
1503972698,0,9.920837708909946e-05,C
892756502,0,0.0,C
892756502,0,0.0,C
892756502,0,0.0,C
892756502,0,0.0,C
892756502,0,0.0,C
3136829774,0,-0.0003581708806238,N
3136829774,0,-0.0004325843391662,N
3136829774,0,-0.0002993662670681,N
3136829774,0,-4.5963053368791584e-05,N
3136829774,0,2.2930634283824247e-05,N
3143719699,0,0.0004842094180936,C
3143719699,0,-9.137764339872678e-05,C
3143719699,0,0.0002289731811611,C
3143719699,0,0.0002718319855331,C
3143719699,0,0.0011191398059102,C
1360035982,0,1.2821512461735908e-05,N
1360035982,0,-2.4465544144480766e-05,N
1360035982,0,6.32448001323116e-05,N
1360035982,0,-8.577651195995628e-06,N
1360035982,0,4.364638366949336e-06,N
908339072,0,0.0020759844127962,C
908339072,0,0.0014475160687281,C
908339072,0,0.0014183901858695,C
908339072,0,0.0014281401785577,C
908339072,0,-0.0008777257269829,C
974827889,0,-5.523318856825998e-05,C
974827889,0,-3.623182827916516e-05,C
974827889,0,-6.0855645553692383e-05,C
974827889,0,-1.2507232475367225e-05,C
974827889,0,-5.591314516328882e-05,C
1343371647,0,-0.0004664399068871,N
1343371647,0,-0.0004654581795496,N
1343371647,0,-0.0006160750008327,N
1343371647,0,-0.0005407104910704,N
1343371647,0,-0.0004518800030761,N
2669055056,0,0.0002071725477572,N
2669055056,0,0.0002208233664713,N
2669055056,0,0.0014330264556522,N
2669055056,0,0.0011009633077442,N
2669055056,0,0.0014005074974356,N
2341585586,0,-4.890358368569992e-05,N
2341585586,0,0.0002445818749871,N
2341585586,0,6.527066434636186e-05,N
2341585586,0,3.729203936320147e-06,N
2341585586,0,-0.0002120665936811,N
934540015,0,6.471191315571279e-05,C
934540015,0,-0.0002481566440439,C
934540015,0,-0.0001202234876901,C
934540015,0,0.000208940342194,C
934540015,0,7.523619131655224e-05,C
3794207567,0,-0.0001379864772075,C
3794207567,0,0.0009449706622125,C
3794207567,0,0.0003323538116756,C
3794207567,0,-0.0003002224108875,C
3794207567,0,0.0007195722857186,C
3278587996,0,0.0008224261771239,C
3278587996,0,0.000770239338893,C
3278587996,0,0.001398225072553,C
3278587996,0,0.0008230598377734,C
3278587996,0,0.0008324186750238,C
4223108416,0,0.0005349797674867,C
4223108416,0,0.0001737419354181,C
4223108416,0,0.0004797474785305,C
4223108416,0,0.0003338819570483,C
4223108416,0,7.032710957810551e-06,C
1131570738,0,0.0006144592844211,N
1131570738,0,0.0014308718457008,N
1131570738,0,0.0018665727640729,N
1131570738,0,0.0011199993974395,N
1131570738,0,-0.000152918634002,N
2258843522,0,0.0,C
2258843522,0,0.0,C
2258843522,0,0.0,C
2258843522,0,0.0,C
2258843522,0,0.0,C
4257302536,0,0.0004423996717713,N
4257302536,0,-0.0008515056013529,N
4257302536,0,-0.0006059200079775,N
4257302536,0,-0.0002644469902995,N
4257302536,0,-8.018604666815143e-06,N
2840370843,0,-0.0001135660864655,C
2840370843,0,-0.0007922416984263,C
2840370843,0,-0.0007295325889433,C
2840370843,0,-0.0010249641151716,C
2840370843,0,-0.0005514172477453,C
1420730566,0,-0.0001265127981058,C
1420730566,0,-0.000334679353574,C
1420730566,0,-4.869422299946802e-05,C
1420730566,0,0.0004870994842806,C
1420730566,0,-0.0001265127981058,C
434045476,0,-0.0001756715416125,O
434045476,0,-0.0003492480725966,O
434045476,0,-0.0003996391811836,O
434045476,0,-0.0001267869829896,O
434045476,0,0.0002548468494151,O
894436332,0,-0.0003262558168255,N
894436332,0,-0.0004551059866595,N
894436332,0,0.0011930019315657,N
894436332,0,-0.0001297203482498,N
894436332,0,-0.0002900913914913,N
3117292559,0,-1.2810652320283111e-05,C
3117292559,0,2.6145386226250625e-05,C
3117292559,0,0.0001635577073219,C
3117292559,0,0.0001284174886537,C
3117292559,0,7.694034553862306e-05,C
1923187777,0,-0.0005245691030322,N
1923187777,0,-3.665977765576756e-05,N
1923187777,0,-0.0004237072920382,N
1923187777,0,0.0001095670075441,N
1923187777,0,-0.0002417199034322,N
2530048747,0,-3.2025142221558944e-05,N
2530048747,0,-0.0002554997191596,N
2530048747,0,-8.305216680859484e-05,N
2530048747,0,-0.0002031897435068,N
2530048747,0,-0.0003314060666177,N
622481563,0,0.0,C
622481563,0,0.0,C
622481563,0,0.0,C
622481563,0,0.0,C
622481563,0,0.0,C
1922070456,0,-0.0002780142969329,C
1922070456,0,0.0002836704734255,C
1922070456,0,-6.959624690439092e-06,C
1922070456,0,6.603604604260571e-05,C
1922070456,0,0.0002476878883114,C
3995043796,0,-0.000405294248745,C
3995043796,0,0.0019403004936962,C
3995043796,0,0.0020103324571274,C
3995043796,0,0.0022165147326606,C
3995043796,0,0.0016191644760393,C
2065735937,0,0.0026204134964017,C
2065735937,0,-0.0006797082330802,C
2065735937,0,-0.0002509091973563,C
2065735937,0,-6.059929299739864e-05,C
2065735937,0,0.0011028343328252,C
3308295291,0,1.811655401939838e-05,C
3308295291,0,6.389726598277079e-06,C
3308295291,0,-0.0002565950971495,C
3308295291,0,-0.0002108521784911,C
3308295291,0,7.659596378928324e-05,C
584893129,0,0.0002816749057118,C
584893129,0,-0.0014057047712781,C
584893129,0,0.0018510878228888,C
584893129,0,0.0010597078666921,C
584893129,0,0.0013955858414319,C
413654173,0,-0.0012251637281902,C
413654173,0,-0.0001391249376259,C
413654173,0,-0.000465481576735,C
413654173,0,-0.0005348106239398,C
413654173,0,-0.0004906135885412,C
68671624,0,0.0,C
68671624,0,0.0,C
68671624,0,0.0,C
68671624,0,0.0,C
68671624,0,0.0,C
2488692798,0,-0.0013299106076996,C
2488692798,0,-0.0013973322876299,C
2488692798,0,-0.0010892692124048,C
2488692798,0,-0.0012346286654866,C
2488692798,0,-0.0017806622959024,C
3084241488,0,0.0015630218437973,C
3084241488,0,0.0005839973065133,C
3084241488,0,0.0010184444122329,C
3084241488,0,0.0014077946178376,C
3084241488,0,0.0012333381058409,C
4158944142,0,0.0,C
4158944142,0,0.0,C
4158944142,0,0.0,C
4158944142,0,0.0,C
4158944142,0,0.0,C
1469940320,0,-0.0017502217453642,C
1469940320,0,-0.0015060497673378,C
1469940320,0,-0.0013556307890588,C
1469940320,0,-0.0015227638159563,C
1469940320,0,-0.0012093153688407,C
662511025,0,0.0025062439275489,N
662511025,0,0.0029837285481371,N
662511025,0,0.0013979775268367,N
662511025,0,0.0004344561987705,N
662511025,0,0.0002565633921824,N
2908279847,0,-2.637869814980931e-05,C
2908279847,0,0.0001126685778423,C
2908279847,0,5.264522691583728e-05,C
2908279847,0,6.207631389931745e-05,C
2908279847,0,0.0001193642885075,C
68650007,0,0.0031286596857924,C
68650007,0,0.0010820398413736,C
68650007,0,-0.0040465874524534,C
68650007,0,-0.0007963306230061,C
68650007,0,-0.0010807305480668,C
3337420400,0,0.0003862288354884,C
3337420400,0,0.0001658375423126,C
3337420400,0,0.0014096484895841,C
3337420400,0,0.0008403908689653,C
3337420400,0,2.770185100320344e-05,C
1979311206,0,0.0,O
1979311206,0,0.0,O
1979311206,0,0.0,O
1979311206,0,0.0,O
1979311206,0,0.0,O
2849741637,0,-6.43734666994078e-06,C
2849741637,0,-2.639291166461888e-05,C
2849741637,0,-2.425291987395717e-05,C
2849741637,0,-9.052978851675776e-06,C
2849741637,0,2.3627784139224065e-05,C
1664608228,0,-0.0001981040717613,C
1664608228,0,-0.0006582762393333,C
1664608228,0,-0.0002678095612274,C
1664608228,0,-0.0005076171430345,C
1664608228,0,-0.0006964950763804,C
1121298566,0,0.0001066999377442,C
1121298566,0,0.0009383929219177,C
1121298566,0,0.0006664897585472,C
1121298566,0,0.0001419040637433,C
1121298566,0,-8.22935829170035e-06,C
3531344838,0,0.0,S
3531344838,0,0.0,S
3531344838,0,0.0,S
3531344838,0,0.0,S
3531344838,0,0.0,S
3273018953,0,-0.0002306498320895,C
3273018953,0,0.0002125711083507,C
3273018953,0,0.0009712615852183,C
3273018953,0,-1.4351660897804486e-05,C
3273018953,0,-1.3310296476443106e-05,C
2034850751,0,0.0,C
2034850751,0,0.0,C
2034850751,0,0.0,C
2034850751,0,0.0,C
2034850751,0,0.0,C
4104822550,0,0.0,C
4104822550,0,0.0,C
4104822550,0,0.0,C
4104822550,0,0.0,C
4104822550,0,0.0,C
1704599822,0,0.0004576805384045,C
1704599822,0,0.0003350534558378,C
1704599822,0,0.0003307920831645,C
1704599822,0,0.0003104502574495,C
1704599822,0,0.0002898926940047,C
3019519651,0,-0.0001159066209662,C
3019519651,0,-8.224704245951564e-05,C
3019519651,0,6.032475657113956e-05,C
3019519651,0,-0.0001158767068568,C
3019519651,0,-6.62618884338384e-05,C
3781885420,0,-0.000769885466714,N
3781885420,0,-0.0010430221647323,N
3781885420,0,-0.000751804745582,N
3781885420,0,-0.0001053885378996,N
3781885420,0,-0.0007401165882626,N
579898624,0,0.0004133447334636,C
579898624,0,0.0006156394238342,C
579898624,0,0.0006691935176308,C
579898624,0,0.0005648940190691,C
579898624,0,0.0007106021747895,C
899522708,0,0.0,
899522708,0,0.0,
899522708,0,0.0,
899522708,0,0.0,
899522708,0,0.0,
550081331,0,-0.0014796761921102,C
550081331,0,-0.0011131259375499,C
550081331,0,0.0002659352338779,C
550081331,0,-0.0010960672974232,C
550081331,0,0.0002017196991531,C
104363044,0,-0.0001235328908235,N
104363044,0,0.0012717152947712,N
104363044,0,-5.501970806320866e-05,N
104363044,0,0.000807551602594,N
104363044,0,-0.0004564326158885,N
2072239802,0,0.0010501468404094,C
2072239802,0,0.0016660767245973,C
2072239802,0,0.0007678784632155,C
2072239802,0,0.0015602059994577,C
2072239802,0,0.0018837675506557,C
3394178578,0,8.199469718006558e-05,C
3394178578,0,-0.0005010412849311,C
3394178578,0,0.0001846953098295,C
3394178578,0,0.0002154175212455,C
3394178578,0,-0.0006893700526686,C
2013664411,0,0.0001016855984745,C
2013664411,0,4.107371776207458e-05,C
2013664411,0,0.0001687095090445,C
2013664411,0,7.344560633470998e-05,C
2013664411,0,4.809392879923102e-05,C
3346582092,0,0.0010915152720135,N
3346582092,0,7.634206687090472e-05,N
3346582092,0,0.0016307437096958,N
3346582092,0,-3.451440540835904e-05,N
3346582092,0,0.0010306447004521,N
4291484675,0,3.382942889063045e-05,N
4291484675,0,-0.0001914945360107,N
4291484675,0,0.0001397313511273,N
4291484675,0,-6.719515721387292e-05,N
4291484675,0,-6.772549045563903e-05,N
3275683399,0,3.267420156494172e-05,N
3275683399,0,0.0001924258536216,N
3275683399,0,-0.000581034586348,N
3275683399,0,-0.0004301659946868,N
3275683399,0,1.82712427897469e-05,N
2775257855,0,-0.0001802587439283,C
2775257855,0,-4.810917980657692e-06,C
2775257855,0,0.0001765772783173,C
2775257855,0,-0.0001357570519564,C
2775257855,0,0.0001294865331824,C
2810421479,0,0.0002570701541245,O
2810421479,0,0.0002455711935275,O
2810421479,0,0.0002476078494297,O
2810421479,0,1.887332979944034e-05,O
2810421479,0,-2.34840141244419e-06,O
2662374534,0,0.0,C
2662374534,0,0.0,C
2662374534,0,0.0,C
2662374534,0,0.0,C
2662374534,0,0.0,C
3461773897,0,0.0006532456696503,N
3461773897,0,0.0001303948080558,N
3461773897,0,-0.0001765884936312,N
3461773897,0,0.0010903845633416,N
3461773897,0,0.0006347831150994,N
344019891,0,9.277151173125996e-05,N
344019891,0,0.0002169152645553,N
344019891,0,-0.0008757034246393,N
344019891,0,-0.0002580911044175,N
344019891,0,-0.0004570455303338,N
3402570011,0,-0.0001418039109744,C
3402570011,0,-0.0008000276271729,C
3402570011,0,0.0003931571316397,C
3402570011,0,-0.0012285527811164,C
3402570011,0,-0.0007767782644183,C
1199016914,0,-0.0001783851842257,C
1199016914,0,0.0004414765513066,C
1199016914,0,0.0001786516580921,C
1199016914,0,-0.0003651734316407,C
1199016914,0,-0.0004412802610377,C
1714595447,0,0.0005030070857456,C
1714595447,0,-0.0001664359837491,C
1714595447,0,-0.0002271810836854,C
1714595447,0,3.977619511774666e-05,C
1714595447,0,-7.767965920724151e-06,C
871396902,0,8.611940888192393e-07,C
871396902,0,-1.4452598813385896e-05,C
871396902,0,6.997346480797084e-06,C
871396902,0,1.4046521316091187e-05,C
871396902,0,-2.8049823785902817e-07,C
2845936339,0,-9.327254236279892e-05,C
2845936339,0,-0.0001148371976803,C
2845936339,0,-0.0001884527176767,C
2845936339,0,-1.867134291488881e-05,C
2845936339,0,-7.695789101791473e-05,C
3880022399,0,0.0,C
3880022399,0,0.0,C
3880022399,0,0.0,C
3880022399,0,0.0,C
3880022399,0,0.0,C
410310586,0,0.0,C
410310586,0,0.0,C
410310586,0,0.0,C
410310586,0,0.0,C
410310586,0,0.0,C
2612409031,0,0.0001120454830936,C
2612409031,0,2.475593930906239e-05,C
2612409031,0,8.830420760652657e-05,C
2612409031,0,6.966032582911286e-05,C
2612409031,0,0.0001649642614574,C
2375987095,0,9.534019598866904e-05,C
2375987095,0,-7.909574206710347e-08,C
2375987095,0,6.966041396594402e-05,C
2375987095,0,6.074653400411911e-05,C
2375987095,0,0.0002607357963373,C
1294138518,0,-0.0032104547935944,S
1294138518,0,-0.0013515456651634,S
1294138518,0,-0.0027258134616827,S
1294138518,0,-0.0030662225216108,S
1294138518,0,-0.0023728448182142,S
293971392,0,0.0008575970361693,N
293971392,0,0.0015309072478085,N
293971392,0,-0.0003214558039024,N
293971392,0,0.0025779894218982,N
293971392,0,0.0031808060949961,N
4036774035,0,0.0,
4036774035,0,0.0,
4036774035,0,0.0,
4036774035,0,0.0,
4036774035,0,0.0,
1010142783,0,5.809630299280499e-06,O
1010142783,0,3.2088020626153124e-06,O
1010142783,0,1.3735668611292162e-05,O
1010142783,0,1.2619383337630907e-05,O
1010142783,0,5.190439638091959e-06,O
3120364749,0,0.0,
3120364749,0,0.0,
3120364749,0,0.0,
3120364749,0,0.0,
3120364749,0,0.0,
3662562115,0,-0.0005717429875949,C
3662562115,0,-0.0004795061596902,C
3662562115,0,-0.0019315891288873,C
3662562115,0,0.0005623028003823,C
3662562115,0,-0.0006661113678847,C
3921298496,0,0.0,C
3921298496,0,0.0,C
3921298496,0,0.0,C
3921298496,0,0.0,C
3921298496,0,0.0,C
737501821,0,-0.0021715107384308,C
737501821,0,-0.0031103044652782,C
737501821,0,-0.002102592497309,C
737501821,0,-0.0025352012799552,C
737501821,0,-0.0009858952188238,C
2024004397,0,-0.0006642981235573,N
2024004397,0,-0.0004369652435787,N
2024004397,0,2.379726803247717e-05,N
2024004397,0,-0.0005895431974196,N
2024004397,0,0.0002584304862004,N
751208592,0,-0.0001162279457732,C
751208592,0,0.0001336840852981,C
751208592,0,0.0001269323372364,C
751208592,0,-9.226986481536414e-06,C
751208592,0,0.0001773845649507,C
3953445033,0,0.0,S
3953445033,0,0.0,S
3953445033,0,0.0,S
3953445033,0,0.0,S
3953445033,0,0.0,S
497870099,0,0.0002222370490774,C
497870099,0,7.12654575891758e-05,C
497870099,0,-0.0001956069068712,C
497870099,0,0.0004138399383206,C
497870099,0,0.0001461483607397,C
3417531975,0,-8.017104190372049e-05,C
3417531975,0,-0.00011376831991,C
3417531975,0,-7.199768966081876e-05,C
3417531975,0,-9.875020170968528e-05,C
3417531975,0,-9.774382390892455e-05,C
1044405971,0,-2.007112776203357e-05,C
1044405971,0,-2.745226279066149e-05,C
1044405971,0,4.421279915678422e-05,C
1044405971,0,9.814015195397374e-06,C
1044405971,0,-1.841705699312524e-05,C
2394338241,0,-7.159413838964124e-05,C
2394338241,0,0.0018155626389592,C
2394338241,0,0.0021782686345626,C
2394338241,0,0.0027582689091506,C
2394338241,0,0.0008739106607271,C
1271691605,0,-0.0005838350113541,S
1271691605,0,-0.0009967233297182,S
1271691605,0,0.0017643062686188,S
1271691605,0,0.0001047376422486,S
1271691605,0,0.0011953927569623,S
3643491447,0,-0.0012202804557469,C
3643491447,0,-0.001556407951866,C
3643491447,0,-0.0011848528707455,C
3643491447,0,-0.0012572600349373,C
3643491447,0,-0.0015698333933397,C
21411075,0,0.0,
21411075,0,0.0,
21411075,0,0.0,
21411075,0,0.0,
21411075,0,0.0,
413381818,0,0.0010366389980387,C
413381818,0,-0.0004137054019276,C
413381818,0,0.0011232646715081,C
413381818,0,0.0012904984161666,C
413381818,0,0.0006047187996676,C
3082607741,0,6.129355619144405e-05,C
3082607741,0,7.904863793672945e-05,C
3082607741,0,2.208194942254771e-05,C
3082607741,0,-4.235807452035445e-05,C
3082607741,0,0.0001112206113318,C
4216649732,0,-0.0006378550590138,S
4216649732,0,5.656204715187574e-05,S
4216649732,0,-0.0003739912639431,S
4216649732,0,-0.0005057821331885,S
4216649732,0,-0.0001461014416429,S
371876130,0,-7.89177212090486e-06,C
371876130,0,5.108299502676328e-05,C
371876130,0,1.2167925216299835e-06,C
371876130,0,-1.29021906718485e-05,C
371876130,0,-8.4670271128795e-06,C
1978844073,0,0.0,O
1978844073,0,0.0,O
1978844073,0,0.0,O
1978844073,0,0.0,O
1978844073,0,0.0,O
1671692019,0,-0.0003413564150097,C
1671692019,0,-0.0003146563809729,C
1671692019,0,-0.0001136541125766,C
1671692019,0,-0.0007485396840107,C
1671692019,0,-0.0001108207251472,C
2070976245,0,0.0,C
2070976245,0,0.0,C
2070976245,0,0.0,C
2070976245,0,0.0,C
2070976245,0,0.0,C
845764036,0,0.0,C
845764036,0,0.0,C
845764036,0,0.0,C
845764036,0,0.0,C
845764036,0,0.0,C
2559453089,0,0.0002721992681254,C
2559453089,0,-5.919290435141278e-06,C
2559453089,0,0.0001168002765573,C
2559453089,0,0.0013402599414257,C
2559453089,0,-0.0011736377407878,C
3286377484,0,0.0006804309500207,C
3286377484,0,-0.0002360997185423,C
3286377484,0,-0.0001865878470539,C
3286377484,0,-0.0008581727864956,C
3286377484,0,-0.0005244870273259,C
2200148275,0,0.0,N
2200148275,0,0.0,N
2200148275,0,0.0,N
2200148275,0,0.0,N
2200148275,0,0.0,N
1962383056,0,0.0001370105729979,N
1962383056,0,-6.075876123645685e-05,N
1962383056,0,0.0001209502500172,N
1962383056,0,0.0003453646831468,N
1962383056,0,3.577611140836989e-05,N
3012778962,0,-0.000378945283941,N
3012778962,0,-0.0004300285843336,N
3012778962,0,-0.0002912497367822,N
3012778962,0,-0.0002266591369634,N
3012778962,0,-0.0004603731658762,N
1620258790,0,0.0,N
1620258790,0,0.0,N
1620258790,0,0.0,N
1620258790,0,0.0,N
1620258790,0,0.0,N
3372254436,0,5.796330269181027e-05,O
3372254436,0,-2.5055274530561e-05,O
3372254436,0,2.4932120590182016e-05,O
3372254436,0,-1.6819832965087045e-05,O
3372254436,0,5.386601309553818e-05,O
330223697,0,0.008734338937377,C
330223697,0,0.0005666700223544,C
330223697,0,0.0080408976469503,C
330223697,0,0.0013132198593136,C
330223697,0,0.0008125250127299,C
1208423463,0,-0.0011397379369261,C
1208423463,0,0.0013777427116155,C
1208423463,0,-0.0004100290566001,C
1208423463,0,-0.0001225688434225,C
1208423463,0,0.0006600178153907,C
141882433,0,-0.0002610696782184,C
141882433,0,-0.0007594158636624,C
141882433,0,1.947041201433297e-05,C
141882433,0,4.8751544292180427e-05,C
141882433,0,0.0001033452741122,C
3727977332,0,-0.000337156538034,N
3727977332,0,-0.0005419798451539,N
3727977332,0,-0.0005218908964963,N
3727977332,0,-0.0001768704574962,N
3727977332,0,-0.0003311948388609,N
535847852,0,0.0,C
535847852,0,0.0,C
535847852,0,0.0,C
535847852,0,0.0,C
535847852,0,0.0,C
422165373,0,0.0,C
422165373,0,0.0,C
422165373,0,0.0,C
422165373,0,0.0,C
422165373,0,0.0,C
176403689,0,0.0,
176403689,0,0.0,
176403689,0,0.0,
176403689,0,0.0,
176403689,0,0.0,
1735672143,0,-0.0001401537742802,C
1735672143,0,0.0001844031102496,C
1735672143,0,-1.5425706821559082e-05,C
1735672143,0,4.112160569802459e-05,C
1735672143,0,0.0002384424828251,C
1266193593,0,2.661671608672478e-05,C
1266193593,0,4.860474807188986e-05,C
1266193593,0,2.661671608672478e-05,C
1266193593,0,-1.2313011299447396e-05,C
1266193593,0,2.136596281232528e-06,C
29410177,0,0.0,
29410177,0,0.0,
29410177,0,0.0,
29410177,0,0.0,
29410177,0,0.0,
808416955,0,-9.053239682565994e-05,S
808416955,0,-0.0001621750733119,S
808416955,0,5.028320570954481e-05,S
808416955,0,0.0003428428697676,S
808416955,0,-0.0001184751502188,S
1949014205,0,0.0,C
1949014205,0,0.0,C
1949014205,0,0.0,C
1949014205,0,0.0,C
1949014205,0,0.0,C
3431706413,0,5.291263788453904e-06,C
3431706413,0,-6.028001249380743e-06,C
3431706413,0,-1.0643987892744455e-05,C
3431706413,0,-6.219306665222746e-07,C
3431706413,0,5.444904063955924e-06,C
150310,0,0.0018913375113865,C
150310,0,0.0022958793170826,C
150310,0,0.0020657793356693,C
150310,0,0.0027043819033301,C
150310,0,0.0023146003891266,C
465304290,0,-0.0002655655919127,C
465304290,0,-4.838571755338972e-05,C
465304290,0,-0.0002855524042472,C
465304290,0,-0.0002808140285501,C
465304290,0,-0.0005587292255693,C
3093061208,0,3.594118548333469e-06,C
3093061208,0,1.1075871813370776e-05,C
3093061208,0,1.9474998707025293e-06,C
3093061208,0,1.1075871813370776e-05,C
3093061208,0,7.596337597615133e-06,C
3012865236,0,0.0003079624054342,N
3012865236,0,0.0003066466932465,N
3012865236,0,0.0003752254655624,N
3012865236,0,0.0002535297376018,N
3012865236,0,0.0003425804302125,N
792968423,0,6.0128109725221535e-05,C
792968423,0,9.948503330836632e-05,C
792968423,0,7.798627140576109e-05,C
792968423,0,5.8123508994145645e-05,C
792968423,0,-7.486061853712034e-05,C
170727310,0,0.0009478943711574,C
170727310,0,-0.0009942626298704,C
170727310,0,0.0015122447279161,C
170727310,0,0.0004224410876859,C
170727310,0,0.002105855250027,C
2459558207,0,3.882293734547293e-05,C
2459558207,0,1.900620651196228e-05,C
2459558207,0,3.150185026168373e-06,C
2459558207,0,1.4268800436090244e-05,C
2459558207,0,-4.196048141613673e-06,C
1323888424,0,0.0,N
1323888424,0,0.0,N
1323888424,0,0.0,N
1323888424,0,0.0,N
1323888424,0,0.0,N
2975116251,0,0.0,N
2975116251,0,0.0,N
2975116251,0,0.0,N
2975116251,0,0.0,N
2975116251,0,0.0,N
1819912581,0,0.0006376783947823,C
1819912581,0,0.0008100249593716,C
1819912581,0,-0.0003891022051557,C
1819912581,0,0.0004806491384824,C
1819912581,0,0.002106439850517,C
335878828,0,0.0,
335878828,0,0.0,
335878828,0,0.0,
335878828,0,0.0,
335878828,0,0.0,
3975295864,0,6.11631127801493e-05,C
3975295864,0,-0.0003405663725279,C
3975295864,0,-2.626013150786033e-05,C
3975295864,0,3.169596396457308e-05,C
3975295864,0,-1.202840523084614e-05,C
239116674,0,0.0022132189610013,C
239116674,0,6.358892955760087e-05,C
239116674,0,-0.0003110519266322,C
239116674,0,-2.7735334108269782e-06,C
239116674,0,0.000182722817267,C
3538861869,0,5.293969695951972e-08,C
3538861869,0,-8.963344292911568e-05,C
3538861869,0,-5.554223882997533e-05,C
3538861869,0,-5.107349424349206e-05,C
3538861869,0,-7.734565083905576e-05,C
934550081,0,7.65778710186682e-05,N
934550081,0,3.5288318909199035e-05,N
934550081,0,2.592964748249216e-05,N
934550081,0,4.189403593790608e-05,N
934550081,0,5.068383671835708e-05,N
3316027208,0,0.0,
3316027208,0,0.0,
3316027208,0,0.0,
3316027208,0,0.0,
3316027208,0,0.0,
2865977551,0,-0.0005381256522799,S
2865977551,0,-0.0004754274900694,S
2865977551,0,-0.0016717879763293,S
2865977551,0,-0.0003805056411109,S
2865977551,0,-0.000299193495696,S
3183067622,0,0.0003422027363566,O
3183067622,0,-0.0002075982193233,O
3183067622,0,-0.0003383516995189,O
3183067622,0,0.0006266113849189,O
3183067622,0,0.001247050408932,O
564293713,0,0.0,S
564293713,0,0.0,S
564293713,0,0.0,S
564293713,0,0.0,S
564293713,0,0.0,S
1428903162,0,0.0,C
1428903162,0,0.0,C
1428903162,0,0.0,C
1428903162,0,0.0,C
1428903162,0,0.0,C
1467524174,0,0.0,C
1467524174,0,0.0,C
1467524174,0,0.0,C
1467524174,0,0.0,C
1467524174,0,0.0,C
651269745,0,0.0008028142897692,C
651269745,0,0.0010500391544,C
651269745,0,-0.0014688905443078,C
651269745,0,-0.0006361842763328,C
651269745,0,-0.0006914821525031,C
3268335377,0,0.0,N
3268335377,0,0.0,N
3268335377,0,0.0,N
3268335377,0,0.0,N
3268335377,0,0.0,N
1280488931,0,8.343866922644327e-05,N
1280488931,0,3.908268887942157e-05,N
1280488931,0,7.004071951632884e-05,N
1280488931,0,3.921874000867298e-05,N
1280488931,0,9.111202008948992e-05,N
2098262959,0,0.0,
2098262959,0,0.0,
2098262959,0,0.0,
2098262959,0,0.0,
2098262959,0,0.0,
2485994647,0,-0.0003840137171237,N
2485994647,0,-0.0002227650477113,N
2485994647,0,-0.0004902813347142,N
2485994647,0,-0.0001845026785248,N
2485994647,0,-0.0002920310592398,N
3088984962,0,0.0,C
3088984962,0,-1.0257441240835163e-06,C
3088984962,0,0.0,C
3088984962,0,0.0,C
3088984962,0,2.786923723241408e-06,C
3042542132,0,-0.000721085756397,N
3042542132,0,-0.0011395162336936,N
3042542132,0,-0.0022692384663501,N
3042542132,0,0.0012956676016296,N
3042542132,0,0.0004976351403079,N
373109870,0,0.0,C
373109870,0,0.0,C
373109870,0,0.0,C
373109870,0,0.0,C
373109870,0,0.0,C
2677752761,0,0.0,C
2677752761,0,0.0,C
2677752761,0,0.0,C
2677752761,0,0.0,C
2677752761,0,0.0,C
3807907321,0,0.001032961987611,O
3807907321,0,0.0008514860529276,O
3807907321,0,0.0012120849299002,O
3807907321,0,0.0010131201881712,O
3807907321,0,0.0004547729382852,O
2587571567,0,-3.783214404895485e-05,C
2587571567,0,0.0004913311906616,C
2587571567,0,0.0004545416145098,C
2587571567,0,4.203671307045909e-06,C
2587571567,0,0.0002409004305496,C
3701504231,0,0.0005232525654408,N
3701504231,0,0.0003199081218863,N
3701504231,0,0.0005106281350949,N
3701504231,0,-0.0007581138143025,N
3701504231,0,0.0009632703589139,N
369315086,0,0.0,C
369315086,0,0.0,C
369315086,0,0.0,C
369315086,0,0.0,C
369315086,0,0.0,C
1965692378,0,0.0001302123599151,N
1965692378,0,-0.0005088469706076,N
1965692378,0,-0.0001896279671408,N
1965692378,0,0.0002795378689608,N
1965692378,0,0.0005728043320398,N
1633777018,0,-0.000154623912231,C
1633777018,0,-0.0002503272080927,C
1633777018,0,-0.0001636562351251,C
1633777018,0,-7.788848797718462e-05,C
1633777018,0,-0.0003401895581552,C
3757038672,0,-0.0006889736616301,C
3757038672,0,-0.0001582638847625,C
3757038672,0,-0.0001703937814692,C
3757038672,0,4.052569640566883e-05,C
3757038672,0,-0.000908541033209,C
2677858541,0,0.0006059599272489,C
2677858541,0,0.0004796688928738,C
2677858541,0,0.0001838878875326,C
2677858541,0,0.0001007452869683,C
2677858541,0,0.000331036311017,C
1446204275,0,-0.0003228813529835,C
1446204275,0,-0.0003790841343396,C
1446204275,0,-0.0004951878076959,C
1446204275,0,-0.0005010368268306,C
1446204275,0,-0.0004420987571663,C
3589407776,0,-3.772228739318262e-05,C
3589407776,0,4.7165554929118336e-05,C
3589407776,0,-8.910110925353099e-05,C
3589407776,0,-7.167065137703155e-05,C
3589407776,0,6.258158627758803e-05,C
3083149185,0,0.0,C
3083149185,0,0.0,C
3083149185,0,0.0,C
3083149185,0,0.0,C
3083149185,0,0.0,C
337875000,0,0.0,C
337875000,0,0.0,C
337875000,0,0.0,C
337875000,0,0.0,C
337875000,0,0.0,C
3887884923,0,-0.000328103810211,C
3887884923,0,-0.0004524953602458,C
3887884923,0,-0.0004499032645209,C
3887884923,0,-0.0001523509036066,C
3887884923,0,-0.0002785895180178,C
4256629345,0,0.0006926095126489,C
4256629345,0,0.0003850380127162,C
4256629345,0,0.0007266833038541,C
4256629345,0,0.0005339393778895,C
4256629345,0,0.0002580207202007,C
662595032,0,0.0011902697247805,N
662595032,0,0.001065469823651,N
662595032,0,2.44594149112487e-06,N
662595032,0,0.0027517926427912,N
662595032,0,0.006049121722485,N
3777243454,0,0.0006950762175033,C
3777243454,0,0.0029105180133286,C
3777243454,0,-0.0001510439161862,C
3777243454,0,-0.0007725970600978,C
3777243454,0,0.0002032423590029,C
982949046,0,0.0,C
982949046,0,0.0,C
982949046,0,0.0,C
982949046,0,0.0,C
982949046,0,0.0,C
267757375,0,0.0,
267757375,0,0.0,
267757375,0,0.0,
267757375,0,0.0,
267757375,0,0.0,
2157595070,0,0.0,
2157595070,0,0.0,
2157595070,0,0.0,
2157595070,0,0.0,
2157595070,0,0.0,
895910141,0,0.0,
895910141,0,0.0,
895910141,0,0.0,
895910141,0,0.0,
895910141,0,0.0,
3182041044,0,7.908651473931272e-06,C
3182041044,0,5.576346404412291e-05,C
3182041044,0,0.0001468291881411,C
3182041044,0,6.80648933958361e-05,C
3182041044,0,4.543500772058451e-06,C
4105666400,0,-0.0002893522878181,C
4105666400,0,2.7614368679818035e-05,C
4105666400,0,0.0002148417053511,C
4105666400,0,-0.0002340705666762,C
4105666400,0,-4.534024007385451e-05,C
1891839201,0,0.0,C
1891839201,0,0.0,C
1891839201,0,0.0,C
1891839201,0,0.0,C
1891839201,0,0.0,C
2584230118,0,0.0027116260606996,C
2584230118,0,0.002493646811954,C
2584230118,0,0.000730698693271,C
2584230118,0,0.0011526692379973,C
2584230118,0,0.0024457175695495,C
3696402029,0,-0.0004409637546574,C
3696402029,0,-0.000585645356248,C
3696402029,0,0.0002303260371238,C
3696402029,0,-0.0009529767457798,C
3696402029,0,-0.0002904519770003,C
1263988625,0,0.0,C
1263988625,0,0.0,C
1263988625,0,0.0,C
1263988625,0,0.0,C
1263988625,0,0.0,C
829754261,0,0.0009905238519183,C
829754261,0,0.0008234740600077,C
829754261,0,0.0020404086044857,C
829754261,0,0.0011881999185937,C
829754261,0,0.001670765416407,C
2841547777,0,0.0001797138214784,C
2841547777,0,0.0005565524336462,C
2841547777,0,0.0004747310203632,C
2841547777,0,0.0003901227860826,C
2841547777,0,0.0002950433569807,C
3059129780,0,-1.0530452160151247e-05,C
3059129780,0,-3.46652430612826e-05,C
3059129780,0,1.2082998728235594e-05,C
3059129780,0,-4.457469789298507e-05,C
3059129780,0,-1.6650674861229398e-05,C
3650394863,0,0.0002117346284752,C
3650394863,0,-0.0009990009759844,C
3650394863,0,-0.0005725711005231,C
3650394863,0,-0.0006625911005797,C
3650394863,0,-0.0004026990128694,C
3288032115,0,-0.0011195471927406,C
3288032115,0,-0.0013366419264203,C
3288032115,0,-0.0008861337161288,C
3288032115,0,-0.0020487751067237,C
3288032115,0,-0.0009739185911595,C
1308598964,0,-0.0004056214673681,C
1308598964,0,-0.0007584697733951,C
1308598964,0,-0.0007701751859443,C
1308598964,0,0.0008694536861619,C
1308598964,0,-0.0002196627392663,C
4081192417,0,0.0,
4081192417,0,0.0,
4081192417,0,0.0,
4081192417,0,0.0,
4081192417,0,0.0,
2085926208,0,0.0,
2085926208,0,0.0,
2085926208,0,0.0,
2085926208,0,0.0,
2085926208,0,0.0,
1852134816,0,8.498513100252403e-06,C
1852134816,0,0.0005705632318225,C
1852134816,0,0.0002403848984771,C
1852134816,0,-0.0005501880914823,C
1852134816,0,-0.0001579286258978,C
3628883864,0,0.0,C
3628883864,0,0.0,C
3628883864,0,0.0,C
3628883864,0,0.0,C
3628883864,0,0.0,C
1228815484,0,-0.000165250043186,C
1228815484,0,-0.0001368113109412,C
1228815484,0,-0.0001507056301347,C
1228815484,0,-0.0001468078910713,C
1228815484,0,-0.0001548939616292,C
2863170677,0,0.0,
2863170677,0,0.0,
2863170677,0,0.0,
2863170677,0,0.0,
2863170677,0,0.0,
2126281302,0,0.0,C
2126281302,0,0.0,C
2126281302,0,0.0,C
2126281302,0,0.0,C
2126281302,0,0.0,C
3768390624,0,0.0,C
3768390624,0,0.0,C
3768390624,0,0.0,C
3768390624,0,0.0,C
3768390624,0,0.0,C
2150151661,0,0.0,C
2150151661,0,0.0,C
2150151661,0,0.0,C
2150151661,0,0.0,C
2150151661,0,0.0,C
881868678,0,0.0,
881868678,0,0.0,
881868678,0,0.0,
881868678,0,0.0,
881868678,0,0.0,
1796784588,0,0.0,
1796784588,0,0.0,
1796784588,0,0.0,
1796784588,0,0.0,
1796784588,0,0.0,
3892941493,0,0.0006997882822344,N
3892941493,0,0.0008143490116965,N
3892941493,0,0.0005680015104582,N
3892941493,0,0.0003887463753879,N
3892941493,0,0.0003086751766885,N
847307936,0,0.0,C
847307936,0,0.0,C
847307936,0,0.0,C
847307936,0,0.0,C
847307936,0,0.0,C
1514288082,0,0.0,
1514288082,0,0.0,
1514288082,0,0.0,
1514288082,0,0.0,
1514288082,0,0.0,
287232915,0,4.156367325824917e-05,C
287232915,0,-0.0001819147500083,C
287232915,0,-0.0004140455857487,C
287232915,0,-6.737373816190217e-05,C
287232915,0,-3.322706230268757e-05,C
3292836937,0,0.0,
3292836937,0,0.0,
3292836937,0,0.0,
3292836937,0,0.0,
3292836937,0,0.0,
89961214,0,0.0,C
89961214,0,0.0,C
89961214,0,0.0,C
89961214,0,0.0,C
89961214,0,0.0,C
1147977085,0,0.0014678318505935,C
1147977085,0,0.0008982338540919,C
1147977085,0,0.001529692057245,C
1147977085,0,0.0018774097040299,C
1147977085,0,0.0005945182898323,C
636182019,0,-0.0009556451238159,C
636182019,0,-0.0003923562979847,C
636182019,0,-0.001091150897082,C
636182019,0,-8.051341282533375e-05,C
636182019,0,-0.0011250770175328,C
799373156,0,0.0005040752998248,C
799373156,0,0.0005518476078248,C
799373156,0,0.00052408697315,C
799373156,0,0.0003130791710531,C
799373156,0,0.0002765837081049,C
636990493,0,0.0,C
636990493,0,0.0,C
636990493,0,0.0,C
636990493,0,0.0,C
636990493,0,0.0,C
1078276907,0,-0.0012238404593818,C
1078276907,0,-0.0004145662674581,C
1078276907,0,-0.0014089321946703,C
1078276907,0,-0.0013371279023354,C
1078276907,0,-0.000199214744385,C
1421345390,0,0.0,C
1421345390,0,0.0,C
1421345390,0,0.0,C
1421345390,0,0.0,C
1421345390,0,0.0,C
145374537,0,-0.0003111189501248,C
145374537,0,-0.0006825814436377,C
145374537,0,-0.0005563346080994,C
145374537,0,0.0006633889474574,C
145374537,0,-0.0006580061974772,C
1256751600,0,0.0006512996222117,C
1256751600,0,0.0002512383803744,C
1256751600,0,0.0004964921664472,C
1256751600,0,0.0005271171648099,C
1256751600,0,-0.0003590295624228,C
30707086,0,-0.0006493375504715,C
30707086,0,4.12184152043249e-05,C
30707086,0,-0.0004032682882556,C
30707086,0,0.0015831563115329,C
30707086,0,-0.0003859732104952,C
454919045,0,-0.0004515772933707,N
454919045,0,-0.0008340677956402,N
454919045,0,-0.0007694516281713,N
454919045,0,-0.0009846164249498,N
454919045,0,-0.0003326040973304,N
96001975,0,-0.0007066475181504,C
96001975,0,-8.897341163993655e-05,C
96001975,0,-0.0006220206932575,C
96001975,0,-0.0004929722739011,C
96001975,0,-0.0010429031961343,C
3632480728,0,0.0,C
3632480728,0,0.0,C
3632480728,0,0.0,C
3632480728,0,0.0,C
3632480728,0,0.0,C
2543587995,0,-0.000545494413163,N
2543587995,0,-0.0008469905150325,N
2543587995,0,-0.0001711567461616,N
2543587995,0,-0.0012346097222373,N
2543587995,0,-0.000447430729039,N
2664622273,0,0.0,C
2664622273,0,0.0,C
2664622273,0,0.0,C
2664622273,0,0.0,C
2664622273,0,0.0,C
640282103,0,-0.0002357636388368,C
640282103,0,0.0001333153185558,C
640282103,0,0.0003459630531387,C
640282103,0,-0.0005690124181039,C
640282103,0,0.0005578872908463,C
552722929,0,6.641490450198795e-05,C
552722929,0,-0.000416723734738,C
552722929,0,0.0001724379569474,C
552722929,0,-9.14167407206623e-06,C
552722929,0,0.0004333014460267,C
3304326854,0,0.0,C
3304326854,0,0.0,C
3304326854,0,0.0,C
3304326854,0,0.0,C
3304326854,0,0.0,C
932711668,0,0.000305825417678,N
932711668,0,-8.745719877545355e-05,N
932711668,0,0.0001559123094699,N
932711668,0,0.0001199657445195,N
932711668,0,-3.4309831976719884e-05,N
932734850,0,0.0019211898818884,N
932734850,0,0.002620616857813,N
932734850,0,0.001708682352679,N
932734850,0,0.0035975780879333,N
932734850,0,0.0033220233824173,N
3198482033,0,0.0,C
3198482033,0,0.0,C
3198482033,0,0.0,C
3198482033,0,0.0,C
3198482033,0,0.0,C
2843970853,0,-0.0004601490521972,C
2843970853,0,0.0002886307271241,C
2843970853,0,-0.0001846910990608,C
2843970853,0,-0.0003112985064482,C
2843970853,0,-0.0001069176253619,C
1167268241,0,0.0,C
1167268241,0,0.0,C
1167268241,0,0.0,C
1167268241,0,0.0,C
1167268241,0,0.0,C
1968143303,0,-0.0011565341465729,C
1968143303,0,-0.0012048437460854,C
1968143303,0,-0.0004907083592191,C
1968143303,0,-0.0010794378439691,C
1968143303,0,-0.001367118787759,C
132611095,0,0.0002766758106497,C
132611095,0,0.0014338966422885,C
132611095,0,0.0007207625250283,C
132611095,0,0.0004540170755453,C
132611095,0,0.0009673539100307,C
1067305901,0,0.0,
1067305901,0,0.0,
1067305901,0,0.0,
1067305901,0,0.0,
1067305901,0,0.0,
4232044298,0,0.0,C
4232044298,0,0.0,C
4232044298,0,0.0,C
4232044298,0,0.0,C
4232044298,0,0.0,C
3924990413,0,0.0009064477696442,C
3924990413,0,-0.0006450712447932,C
3924990413,0,0.0001774049750943,C
3924990413,0,-0.0002770451571575,C
3924990413,0,0.0004378977367398,C
3163510888,0,1.2132107960249884e-05,C
3163510888,0,1.2132107960249884e-05,C
3163510888,0,1.3677184868443604e-05,C
3163510888,0,1.3677184868443604e-05,C
3163510888,0,1.669883515731385e-05,C
3370172965,0,0.0,C
3370172965,0,0.0,C
3370172965,0,0.0,C
3370172965,0,0.0,C
3370172965,0,0.0,C
1544255291,0,2.510032525937511e-06,C
1544255291,0,0.0002035874562914,C
1544255291,0,7.503173141465425e-05,C
1544255291,0,0.0002409620834596,C
1544255291,0,0.0003085779837307,C
3961613636,0,-4.7445764408848845e-05,C
3961613636,0,-4.3147801955023546e-05,C
3961613636,0,-3.45379310290328e-05,C
3961613636,0,-4.3147801955023546e-05,C
3961613636,0,-3.916946890547557e-05,C
50651170,0,5.472842014020429e-05,C
50651170,0,1.3058756252681825e-05,C
50651170,0,-0.0001211804750959,C
50651170,0,-4.527387444608344e-05,C
50651170,0,0.0001333015358573,C
3075896141,0,-0.0003181356016331,C
3075896141,0,-0.0007216866795228,C
3075896141,0,-0.0007216866795228,C
3075896141,0,-0.0002426441417591,C
3075896141,0,-0.0003302712952546,C
172238518,0,0.0,
172238518,0,0.0,
172238518,0,0.0,
172238518,0,0.0,
172238518,0,0.0,
2136803473,0,-0.0003703380346151,O
2136803473,0,-0.000273640079926,O
2136803473,0,-0.0002637809387666,O
2136803473,0,-0.0003146493419337,O
2136803473,0,-0.0001589325051023,O
1023209243,0,-0.0001600057424659,N
1023209243,0,-0.0002278182071746,N
1023209243,0,-0.0001882368757782,N
1023209243,0,-9.20451916422982e-05,N
1023209243,0,-7.228351073162997e-05,N
885408970,0,0.0,O
885408970,0,0.0,O
885408970,0,0.0,O
885408970,0,0.0,O
885408970,0,0.0,O
1213407188,0,0.0002445016054997,C
1213407188,0,0.0005845333741695,C
1213407188,0,0.000515623859488,C
1213407188,0,0.0001597632226145,C
1213407188,0,0.0003710645841564,C
4210054575,0,-0.0009448586203623,N
4210054575,0,-0.0004383461016553,N
4210054575,0,-0.0003399078265,N
4210054575,0,-0.0006421448100242,N
4210054575,0,-0.0003005668741438,N
3871410344,0,0.0009044317696893,N
3871410344,0,0.0006079453020654,N
3871410344,0,0.0005647021829184,N
3871410344,0,0.0009708630637795,N
3871410344,0,0.0001522440884264,N
1184436594,0,0.0,
1184436594,0,0.0,
1184436594,0,0.0,
1184436594,0,0.0,
1184436594,0,0.0,
3431706412,0,2.8734208324499025e-05,C
3431706412,0,-3.3519495364897622e-06,C
3431706412,0,-4.154638199915794e-06,C
3431706412,0,-4.154638199915794e-06,C
3431706412,0,-1.6471515342675325e-05,C
2758632892,0,0.0008947606552062,C
2758632892,0,-0.0001646220444589,C
2758632892,0,0.0001336011309556,C
2758632892,0,0.0011294118924898,C
2758632892,0,0.0001231058122955,C
2131356872,0,-2.468065252392293e-05,C
2131356872,0,-4.875797053660591e-06,C
2131356872,0,-4.350901125038664e-05,C
2131356872,0,-7.139650273679798e-05,C
2131356872,0,5.697998740761268e-05,C
3131896227,0,0.0001908237051092,C
3131896227,0,-0.0003711615179858,C
3131896227,0,0.0003491713477857,C
3131896227,0,-0.0003033752744833,C
3131896227,0,-0.0006217090164422,C
2739425568,0,-0.0003554338588488,C
2739425568,0,-0.0018242172949761,C
2739425568,0,8.381393752032729e-05,C
2739425568,0,-0.000477469554131,C
2739425568,0,-0.0012732719439411,C
2917424199,0,0.0007685058604455,N
2917424199,0,0.0005290940371146,N
2917424199,0,0.0001932970936784,N
2917424199,0,0.0009108895392746,N
2917424199,0,0.0012771793137861,N
740717125,0,0.0,C
740717125,0,0.0,C
740717125,0,0.0,C
740717125,0,0.0,C
740717125,0,0.0,C
2604399148,0,0.0005197816735518,C
2604399148,0,0.0006960122000821,C
2604399148,0,0.0002364092704579,C
2604399148,0,6.364359679578158e-05,C
2604399148,0,0.0005626487071818,C
35816944,0,0.0003600363015697,C
35816944,0,0.0006730163901874,C
35816944,0,-6.748065335715481e-05,C
35816944,0,-0.0001378371398359,C
35816944,0,3.171943404933764e-05,C
1623026378,0,0.0005436593877113,C
1623026378,0,-0.0001182710802853,C
1623026378,0,0.0002985863879334,C
1623026378,0,-0.0001829097262749,C
1623026378,0,0.0002269925035321,C
1514095308,0,0.0,C
1514095308,0,0.0,C
1514095308,0,0.0,C
1514095308,0,0.0,C
1514095308,0,0.0,C
1814116706,0,0.0,N
1814116706,0,0.0,N
1814116706,0,0.0,N
1814116706,0,0.0,N
1814116706,0,0.0,N
3229069614,0,0.0006309226426521,N
3229069614,0,0.0006310335949928,N
3229069614,0,7.294026571069699e-06,N
3229069614,0,0.0002261406256669,N
3229069614,0,0.0001905670765164,N
269963113,0,0.0009157717247416,C
269963113,0,0.0003451425859328,C
269963113,0,0.000868612104058,C
269963113,0,0.0010260455034023,C
269963113,0,0.0015311049899958,C
3375441982,0,0.0,
3375441982,0,0.0,
3375441982,0,0.0,
3375441982,0,0.0,
3375441982,0,0.0,
2537385504,0,1.5604270299007794e-05,C
2537385504,0,6.440616683089928e-06,C
2537385504,0,-7.141983522196416e-05,C
2537385504,0,3.652040698720605e-05,C
2537385504,0,4.209551521694444e-06,C
1375082737,0,0.0009466857668677,C
1375082737,0,0.0031284823390105,C
1375082737,0,0.0021738396029702,C
1375082737,0,0.0015704838987096,C
1375082737,0,0.0016661153257254,C
3972090239,0,0.0015796447436311,C
3972090239,0,0.0018915593663774,C
3972090239,0,0.0009568684828067,C
3972090239,0,0.0013148693675959,C
3972090239,0,0.0010466527571334,C
542715770,0,0.0,C
542715770,0,0.0,C
542715770,0,0.0,C
542715770,0,0.0,C
542715770,0,0.0,C
1835135892,0,0.0002853530160373,C
1835135892,0,5.550120834807437e-05,C
1835135892,0,-0.0002354232510157,C
1835135892,0,0.0007097001285473,C
1835135892,0,-0.0001368671684836,C
3850856377,0,0.0001517724492337,C
3850856377,0,0.0003877053086104,C
3850856377,0,1.0058615168673237e-05,C
3850856377,0,0.0002377590550644,C
3850856377,0,0.000397537653227,C
3007422704,0,0.0,O
3007422704,0,0.0,O
3007422704,0,0.0,O
3007422704,0,0.0,O
3007422704,0,0.0,O
2209842778,0,2.94375994630558e-05,N
2209842778,0,2.6948551761440956e-05,N
2209842778,0,0.0001359374935746,N
2209842778,0,8.111813410882629e-05,N
2209842778,0,8.522402687305419e-05,N
2296764637,0,0.0038656991446009,C
2296764637,0,-0.0001663960452461,C
2296764637,0,0.0009595349643215,C
2296764637,0,-1.0917750696393114e-05,C
2296764637,0,-0.0003651892548305,C
3929393147,0,0.0,C
3929393147,0,0.0,C
3929393147,0,0.0,C
3929393147,0,0.0,C
3929393147,0,0.0,C
2270589688,0,-2.70884141434502e-05,N
2270589688,0,4.00245027551982e-05,N
2270589688,0,0.000125678580125,N
2270589688,0,-5.476219107125591e-05,N
2270589688,0,1.5001646211154627e-05,N
2592252298,0,0.0003099116387403,C
2592252298,0,0.0001416738450226,C
2592252298,0,0.0001103460639194,C
2592252298,0,-5.59754512299282e-05,C
2592252298,0,0.0001421014333951,C
4116013187,0,-0.0002254221650148,C
4116013187,0,-0.0002178221889264,C
4116013187,0,-0.0001638449209173,C
4116013187,0,-8.416700920088616e-05,C
4116013187,0,-0.0001645836932383,C
372117123,0,0.0,S
372117123,0,0.0,S
372117123,0,0.0,S
372117123,0,0.0,S
372117123,0,0.0,S
2709179886,0,1.89420881555602e-05,C
2709179886,0,4.215925495831829e-05,C
2709179886,0,2.1418098777648e-05,C
2709179886,0,3.112968728646859e-05,C
2709179886,0,-4.340033878835747e-06,C
228862830,0,0.0,N
228862830,0,0.0,N
228862830,0,0.0,N
228862830,0,0.0,N
228862830,0,0.0,N
2300762321,0,0.0,N
2300762321,0,0.0,N
2300762321,0,0.0,N
2300762321,0,0.0,N
2300762321,0,0.0,N
4081192418,0,0.0,
4081192418,0,0.0,
4081192418,0,0.0,
4081192418,0,0.0,
4081192418,0,0.0,
4120224926,0,7.832794970741297e-06,C
4120224926,0,-1.486516135518201e-05,C
4120224926,0,8.569938645774933e-05,C
4120224926,0,6.856803970067826e-05,C
4120224926,0,4.603765034583152e-05,C
1090571167,0,-0.0007502973814842,N
1090571167,0,-0.000546580601997,N
1090571167,0,-0.0009351089204264,N
1090571167,0,-0.0001776981453447,N
1090571167,0,-0.0007966633447115,N
369500293,0,0.0010013952873711,C
369500293,0,6.543064537201104e-05,C
369500293,0,0.0007647453424169,C
369500293,0,0.0016932426677358,C
369500293,0,0.0013110686781759,C
3873306213,0,-0.0028349030081605,N
3873306213,0,-0.000421030743701,N
3873306213,0,-0.0016845052126035,N
3873306213,0,-0.0028524488438325,N
3873306213,0,-0.0033993345746516,N
600377156,0,0.0,C
600377156,0,0.0,C
600377156,0,0.0,C
600377156,0,0.0,C
600377156,0,0.0,C
1946997629,0,-0.0003984284465398,C
1946997629,0,-1.928653525529178e-05,C
1946997629,0,-0.0010970632757093,C
1946997629,0,-0.0008588045287218,C
1946997629,0,0.0010397275834534,C
1044537682,0,0.0,C
1044537682,0,0.0,C
1044537682,0,0.0,C
1044537682,0,0.0,C
1044537682,0,0.0,C
2077658817,0,0.0,O
2077658817,0,0.0,O
2077658817,0,0.0,O
2077658817,0,0.0,O
2077658817,0,0.0,O
264974063,0,-0.0001263279554503,N
264974063,0,-0.000170497993443,N
264974063,0,-0.0002386464030634,N
264974063,0,-0.0001120456528095,N
264974063,0,-0.0002182206242024,N
3792822921,0,0.0,N
3792822921,0,0.0,N
3792822921,0,0.0,N
3792822921,0,0.0,N
3792822921,0,0.0,N
2575624905,0,0.0,C
2575624905,0,0.0,C
2575624905,0,0.0,C
2575624905,0,0.0,C
2575624905,0,0.0,C
1640551393,0,1.8065761360208652e-06,C
1640551393,0,-1.101017459870235e-06,C
1640551393,0,-6.702350580645167e-06,C
1640551393,0,-1.751736838451201e-05,C
1640551393,0,-2.5894733167497463e-05,C
3528517994,0,2.96020782454276e-05,C
3528517994,0,8.273094404087633e-05,C
3528517994,0,5.544346185593074e-05,C
3528517994,0,4.718719157836837e-05,C
3528517994,0,-3.3768925875588e-05,C
692277943,0,0.0025503696659511,N
692277943,0,0.0003315367455269,N
692277943,0,0.0009482901128297,N
692277943,0,0.0021166268343258,N
692277943,0,0.0011510906062506,N
990985258,0,0.0,C
990985258,0,0.0,C
990985258,0,0.0,C
990985258,0,0.0,C
990985258,0,0.0,C
389385568,0,0.0,
389385568,0,0.0,
389385568,0,0.0,
389385568,0,0.0,
389385568,0,0.0,
597336504,0,0.0,C
597336504,0,0.0,C
597336504,0,0.0,C
597336504,0,0.0,C
597336504,0,0.0,C
744747118,0,0.0,S
744747118,0,0.0,S
744747118,0,0.0,S
744747118,0,0.0,S
744747118,0,0.0,S
1740651977,0,-0.0001820053447,C
1740651977,0,-0.0001019381683143,C
1740651977,0,0.000195718276176,C
1740651977,0,1.6068045045392054e-05,C
1740651977,0,-0.0002615868092404,C
1198890718,0,-0.0001261928517425,C
1198890718,0,-4.830415696777113e-05,C
1198890718,0,-0.0001302747853118,C
1198890718,0,-9.958080971206318e-05,C
1198890718,0,-0.0001850921256674,C
544863012,0,7.768831318211156e-05,C
544863012,0,-0.0001794504674988,C
544863012,0,4.757133061905616e-05,C
544863012,0,-0.0005746160967674,C
544863012,0,-0.0005733594559295,C
2127647960,0,-0.000907737589934,C
2127647960,0,-0.0001285558033785,C
2127647960,0,-0.0005797799227741,C
2127647960,0,0.0003898751700993,C
2127647960,0,-0.0002182240939875,C
3372972590,0,0.0013007598016934,N
3372972590,0,0.0002093700820179,N
3372972590,0,-0.0002720564955397,N
3372972590,0,8.04217698741061e-05,N
3372972590,0,0.0001338610329152,N
1145656637,0,0.0,N
1145656637,0,0.0,N
1145656637,0,0.0,N
1145656637,0,0.0,N
1145656637,0,0.0,N
3781690415,0,-0.0011179768506913,C
3781690415,0,2.9463788775108132e-05,C
3781690415,0,0.0008697145674575,C
3781690415,0,-0.0007816327426661,C
3781690415,0,-0.0012611790448314,C
2211843251,0,0.000624028124902,C
2211843251,0,0.0009661809227738,C
2211843251,0,0.0012169707865012,C
2211843251,0,0.0006311942649612,C
2211843251,0,0.0007973416906554,C
1378792052,0,-6.300295168792935e-05,C
1378792052,0,-9.710748100422162e-05,C
1378792052,0,-1.0148281007094084e-05,C
1378792052,0,2.0085710257577997e-05,C
1378792052,0,8.453682705245047e-05,C
4240369074,0,-4.2760093475591177e-05,C
4240369074,0,1.5841325349486013e-05,C
4240369074,0,-5.399823500440437e-05,C
4240369074,0,-0.0001649092574586,C
4240369074,0,-5.518508305168979e-05,C
3209892106,0,-0.0003498309087163,N
3209892106,0,0.0002518280980265,N
3209892106,0,0.00058161407677,N
3209892106,0,0.0005928360358575,N
3209892106,0,0.0004849261135682,N
2762211251,0,0.000140350972075,S
2762211251,0,-4.319984299216984e-05,S
2762211251,0,-4.90776411020688e-05,S
2762211251,0,-0.0001189287679733,S
2762211251,0,-7.765701389850221e-05,S
990985259,0,0.0,C
990985259,0,0.0,C
990985259,0,0.0,C
990985259,0,0.0,C
990985259,0,0.0,C
4256676941,0,7.546031047911406e-06,N
4256676941,0,-0.000136384750399,N
4256676941,0,1.071502915472866e-05,N
4256676941,0,-7.396172642670784e-05,N
4256676941,0,-0.000165884064879,N
3617179377,0,0.0,C
3617179377,0,0.0,C
3617179377,0,0.0,C
3617179377,0,0.0,C
3617179377,0,0.0,C
592655526,0,4.131670647500307e-06,C
592655526,0,2.8533764732663336e-05,C
592655526,0,3.757234165679968e-05,C
592655526,0,-5.745352740837984e-05,C
592655526,0,8.765445898228919e-06,C
2409787606,0,0.0001104272704864,C
2409787606,0,-2.9456291034235527e-05,C
2409787606,0,-3.251260536096812e-05,C
2409787606,0,0.0001186896442265,C
2409787606,0,-9.974166517878746e-05,C
2113520109,0,-0.0001518921944049,C
2113520109,0,-0.0002343201489732,C
2113520109,0,-0.0002298598103538,C
2113520109,0,-2.6507222955052256e-05,C
2113520109,0,9.407897156199496e-06,C
1250165012,0,0.0,
1250165012,0,0.0,
1250165012,0,0.0,
1250165012,0,0.0,
1250165012,0,0.0,
1238592536,0,-0.0005847256278356,C
1238592536,0,-7.04511700977406e-07,C
1238592536,0,0.0001875181411566,C
1238592536,0,-0.0001076820841959,C
1238592536,0,-8.410212637377512e-05,C
2213350725,0,0.0007759846510946,C
2213350725,0,0.0007767326510392,C
2213350725,0,0.0009601024526608,C
2213350725,0,0.0007759846510946,C
2213350725,0,0.0008362546041928,C
1915080917,0,-2.6816477895930116e-05,C
1915080917,0,-0.0001702530877731,C
1915080917,0,-7.097405080203067e-05,C
1915080917,0,-0.0001177414689332,C
1915080917,0,-0.0001344730580353,C
3651174070,0,8.26109149543175e-05,C
3651174070,0,6.165090651533145e-05,C
3651174070,0,-2.9137426533765165e-06,C
3651174070,0,-3.984805484802401e-06,C
3651174070,0,4.517613813592725e-06,C
1365279474,0,0.0,C
1365279474,0,0.0,C
1365279474,0,0.0,C
1365279474,0,0.0,C
1365279474,0,0.0,C
1583009052,0,0.0004998493872968,C
1583009052,0,-0.0003378869614213,C
1583009052,0,-0.0004488301239627,C
1583009052,0,-0.0003805877610992,C
1583009052,0,-8.713852924646659e-05,C
1499666286,0,0.0,
1499666286,0,0.0,
1499666286,0,0.0,
1499666286,0,0.0,
1499666286,0,0.0,
1191280979,0,-2.3823972351233454e-05,C
1191280979,0,-3.0600050124562905e-05,C
1191280979,0,-2.9431326616147224e-05,C
1191280979,0,-2.9403187521426236e-05,C
1191280979,0,-2.906136285507621e-05,C
3457964313,0,-0.0007748915580962,N
3457964313,0,-0.0004142663148847,N
3457964313,0,-0.0007448821339327,N
3457964313,0,-0.0006535750070164,N
3457964313,0,-0.0007081241665098,N
2881111452,0,0.0,
2881111452,0,0.0,
2881111452,0,0.0,
2881111452,0,0.0,
2881111452,0,0.0,
423609967,0,0.0019321405192689,C
423609967,0,0.001773456535755,C
423609967,0,0.001674481303222,C
423609967,0,0.0013146469926369,C
423609967,0,0.0015926316223773,C
3300110909,0,-0.0001895682481437,N
3300110909,0,-0.0001007650868716,N
3300110909,0,-3.8220797952459584e-05,N
3300110909,0,-0.0001311925053401,N
3300110909,0,-9.23087297377556e-05,N
3345491492,0,-4.490189162087432e-05,N
3345491492,0,-4.737239340735222e-05,N
3345491492,0,-8.480138927924319e-05,N
3345491492,0,-2.535536230119373e-05,N
3345491492,0,-4.559836878847978e-05,N
1534595042,0,3.2486787914232096e-06,C
1534595042,0,3.746656023206896e-06,C
1534595042,0,1.7686399723992885e-05,C
1534595042,0,2.6575686826624256e-05,C
1534595042,0,2.218499065753665e-05,C
2014255590,0,0.0,N
2014255590,0,0.0,N
2014255590,0,0.0,N
2014255590,0,0.0,N
2014255590,0,0.0,N
362715007,0,0.0,C
362715007,0,0.0,C
362715007,0,0.0,C
362715007,0,0.0,C
362715007,0,0.0,C
2654043257,0,0.0,
2654043257,0,0.0,
2654043257,0,0.0,
2654043257,0,0.0,
2654043257,0,0.0,
720253145,0,-0.0002583057871118,N
720253145,0,-0.0004498986337203,N
720253145,0,-0.0004491915538528,N
720253145,0,-0.0003507122774102,N
720253145,0,-0.0002203777588405,N
1342596238,0,0.0,C
1342596238,0,0.0,C
1342596238,0,0.0,C
1342596238,0,0.0,C
1342596238,0,0.0,C
1505769767,0,0.0,C
1505769767,0,0.0,C
1505769767,0,0.0,C
1505769767,0,0.0,C
1505769767,0,0.0,C
4129558839,0,-2.945504654894293e-05,N
4129558839,0,-5.172699319433427e-06,N
4129558839,0,-2.6631840454705014e-05,N
4129558839,0,-4.686491003769167e-05,N
4129558839,0,-2.8721725234603923e-05,N
1673980810,0,3.701134254385785e-05,O
1673980810,0,2.9082121324131016e-05,O
1673980810,0,3.182415858682397e-05,O
1673980810,0,4.948920378144983e-05,O
1673980810,0,2.479986220504937e-05,O
458195553,0,-5.155408246526605e-06,N
458195553,0,-0.0001652341059865,N
458195553,0,-1.0218956120855438e-05,N
458195553,0,-0.0001610263973593,N
458195553,0,0.0002597043301925,N
3083149214,0,-0.0001198348652996,C
3083149214,0,-4.0798890954651945e-05,C
3083149214,0,-1.1656809413174152e-05,C
3083149214,0,-0.0001171037841536,C
3083149214,0,2.439247773522446e-05,C
564807139,0,0.0001408708633063,C
564807139,0,0.0001823851066734,C
564807139,0,2.3067692737965828e-05,C
564807139,0,0.0001933381579718,C
564807139,0,0.0001213375409274,C
57405021,0,0.0,
57405021,0,0.0,
57405021,0,0.0,
57405021,0,0.0,
57405021,0,0.0,
264906369,0,-0.0001603249525247,C
264906369,0,0.0001126045881051,C
264906369,0,1.1302026934334464e-05,C
264906369,0,0.000128837386349,C
264906369,0,-0.0003287885909057,C
906327634,0,0.0,N
906327634,0,0.0,N
906327634,0,0.0,N
906327634,0,0.0,N
906327634,0,0.0,N
3203925050,0,0.0,C
3203925050,0,0.0,C
3203925050,0,0.0,C
3203925050,0,0.0,C
3203925050,0,0.0,C
1238701800,0,-0.0007041591019177,C
1238701800,0,-0.0001287504417399,C
1238701800,0,-0.0007004171616077,C
1238701800,0,-0.0002691032891266,C
1238701800,0,-0.0002447967608616,C
817554650,0,0.0,N
817554650,0,0.0,N
817554650,0,0.0,N
817554650,0,0.0,N
817554650,0,0.0,N
3210014657,0,0.0002654366493732,N
3210014657,0,0.0004504349517837,N
3210014657,0,0.0007843783309271,N
3210014657,0,-0.0001733010668162,N
3210014657,0,0.0003116219482446,N
3869736299,0,0.0,C
3869736299,0,0.0,C
3869736299,0,0.0,C
3869736299,0,0.0,C
3869736299,0,0.0,C
443741425,0,0.0,N
443741425,0,0.0,N
443741425,0,0.0,N
443741425,0,0.0,N
443741425,0,0.0,N
252812893,0,0.0,
252812893,0,0.0,
252812893,0,0.0,
252812893,0,0.0,
252812893,0,0.0,
1352167592,0,-0.0001056337397046,C
1352167592,0,0.0007388788933027,C
1352167592,0,0.0005084547227968,C
1352167592,0,-0.0001621810471964,C
1352167592,0,0.0012413348235396,C
2030757576,0,0.0,C
2030757576,0,0.0,C
2030757576,0,0.0,C
2030757576,0,0.0,C
2030757576,0,0.0,C
3541689698,0,0.0,
3541689698,0,0.0,
3541689698,0,0.0,
3541689698,0,0.0,
3541689698,0,0.0,
2250143559,0,0.0005678702941319,C
2250143559,0,0.0012672578237292,C
2250143559,0,0.0008136111667494,C
2250143559,0,0.0009874119861514,C
2250143559,0,0.0010012609565339,C
2144345290,0,-0.0003322862050272,N
2144345290,0,0.0005224251734788,N
2144345290,0,-0.0001471721588864,N
2144345290,0,0.0004780783250322,N
2144345290,0,-0.0004780300650172,N
1849554589,0,0.0,N
1849554589,0,0.0,N
1849554589,0,0.0,N
1849554589,0,0.0,N
1849554589,0,0.0,N
2271158283,0,0.0001475139717965,C
2271158283,0,0.0001698831673373,C
2271158283,0,0.0001066987574106,C
2271158283,0,3.54577365581088e-05,C
2271158283,0,0.000203162200686,C
1445706287,0,-0.0006284035338887,C
1445706287,0,-0.0005265943409233,C
1445706287,0,3.771958651199725e-05,C
1445706287,0,-0.0006442842324744,C
1445706287,0,-0.0003794409724453,C
3385400514,0,0.000249802357392,C
3385400514,0,0.0002075830048011,C
3385400514,0,0.0001591816753175,C
3385400514,0,-7.097671403744066e-05,C
3385400514,0,-0.0001979290259417,C
621690156,0,0.0,C
621690156,0,0.0,C
621690156,0,0.0,C
621690156,0,0.0,C
621690156,0,0.0,C
1214058429,0,2.4596755669681336e-05,C
1214058429,0,-7.34565992408509e-05,C
1214058429,0,-0.0001331611593305,C
1214058429,0,0.0001898152167144,C
1214058429,0,0.0001952554906881,C
3599391724,0,-3.2856192836439035e-05,C
3599391724,0,-7.515207182617889e-05,C
3599391724,0,1.911923073405486e-05,C
3599391724,0,-1.604640275021385e-05,C
3599391724,0,-1.266023166057728e-05,C
3992738647,0,0.0,C
3992738647,0,0.0,C
3992738647,0,0.0,C
3992738647,0,0.0,C
3992738647,0,0.0,C
1637770740,0,0.0,C
1637770740,0,0.0,C
1637770740,0,0.0,C
1637770740,0,0.0,C
1637770740,0,0.0,C
81315441,0,0.0001589445613255,C
81315441,0,0.0001423668534469,C
81315441,0,5.043855996489377e-05,C
81315441,0,1.923749054788537e-05,C
81315441,0,0.000219138273372,C
3145023872,0,0.0003376433243711,C
3145023872,0,-3.5807562066558773e-06,C
3145023872,0,-8.175248747865904e-05,C
3145023872,0,3.755780362435512e-05,C
3145023872,0,-0.0001466881729399,C
3135357859,0,0.0,
3135357859,0,0.0,
3135357859,0,0.0,
3135357859,0,0.0,
3135357859,0,0.0,
4078658161,0,0.0,
4078658161,0,0.0,
4078658161,0,0.0,
4078658161,0,0.0,
4078658161,0,0.0,
2064788354,0,-4.801120853392682e-05,C
2064788354,0,7.326032013255101e-06,C
2064788354,0,-1.6150458533870093e-05,C
2064788354,0,-5.756844272475359e-05,C
2064788354,0,0.0001025685057933,C
3134606292,0,0.0,
3134606292,0,0.0,
3134606292,0,0.0,
3134606292,0,0.0,
3134606292,0,0.0,
1797524254,0,0.0,
1797524254,0,0.0,
1797524254,0,0.0,
1797524254,0,0.0,
1797524254,0,0.0,
77081066,0,0.0,C
77081066,0,0.0,C
77081066,0,0.0,C
77081066,0,0.0,C
77081066,0,0.0,C
3594356142,0,0.0,C
3594356142,0,0.0,C
3594356142,0,0.0,C
3594356142,0,0.0,C
3594356142,0,0.0,C
3313841562,0,0.0,C
3313841562,0,0.0,C
3313841562,0,0.0,C
3313841562,0,0.0,C
3313841562,0,0.0,C
2506328221,0,0.001012917961228,C
2506328221,0,0.0008694054120952,C
2506328221,0,0.0007325260348191,C
2506328221,0,0.0013892185137083,C
2506328221,0,0.0009583986029564,C
517432093,0,-0.0005811281499791,C
517432093,0,-0.000777215930403,C
517432093,0,-0.0006620467502884,C
517432093,0,-0.0011093889684978,C
517432093,0,-0.0007890380481493,C
1169352347,0,0.0,N
1169352347,0,0.0,N
1169352347,0,0.0,N
1169352347,0,0.0,N
1169352347,0,0.0,N
3010410747,0,0.0015439817682861,N
3010410747,0,0.001518636291538,N
3010410747,0,0.0018379719959858,N
3010410747,0,0.0007769218708971,N
3010410747,0,0.0020000814525171,N
1693589848,0,0.0001926974258209,N
1693589848,0,0.0006340896015432,N
1693589848,0,3.7059907723846486e-05,N
1693589848,0,0.0003843440401876,N
1693589848,0,-0.0001767868077592,N
4081436575,0,-4.61679541509108e-05,C
4081436575,0,-0.0004519238124807,C
4081436575,0,0.0004899104034143,C
4081436575,0,0.0008847212202772,C
4081436575,0,0.0006523817086916,C
2975316496,0,0.0,C
2975316496,0,0.0,C
2975316496,0,0.0,C
2975316496,0,0.0,C
2975316496,0,0.0,C
3674630670,0,-0.0001107079117561,C
3674630670,0,-0.000357218072872,C
3674630670,0,-1.2853688165725964e-05,C
3674630670,0,-0.0002184269406028,C
3674630670,0,-0.000177563482579,C
3350945806,0,0.0001833824186208,C
3350945806,0,0.000220610705797,C
3350945806,0,0.000363234823132,C
3350945806,0,1.2281247890877369e-05,C
3350945806,0,0.0002231590093038,C
1397513080,0,2.256795748400986e-05,O
1397513080,0,0.0,O
1397513080,0,2.256795748400986e-05,O
1397513080,0,0.0001333376745578,O
1397513080,0,1.5794532210122725e-05,O
3126934625,0,6.455551099249224e-05,C
3126934625,0,-3.7890549791641526e-05,C
3126934625,0,8.39883597536506e-05,C
3126934625,0,-7.224543770667502e-06,C
3126934625,0,2.8090088822985138e-05,C
3995362948,0,0.0,N
3995362948,0,0.0,N
3995362948,0,0.0,N
3995362948,0,0.0,N
3995362948,0,0.0,N
1059124080,0,0.0,
1059124080,0,0.0,
1059124080,0,0.0,
1059124080,0,0.0,
1059124080,0,0.0,
1153930374,0,-0.0006494889834605,C
1153930374,0,-0.0006670421624583,C
1153930374,0,-0.0005955927364508,C
1153930374,0,-0.0005291541807369,C
1153930374,0,-0.0005545114479013,C
1103832125,0,-6.29942941398065e-05,C
1103832125,0,-0.0003481694449732,C
1103832125,0,0.0001819341992653,C
1103832125,0,-0.0003648342921693,C
1103832125,0,9.61207807075315e-05,C
3577933307,0,0.0,
3577933307,0,0.0,
3577933307,0,0.0,
3577933307,0,0.0,
3577933307,0,0.0,
3988861584,0,0.0023729487905794,C
3988861584,0,0.0033569429942955,C
3988861584,0,0.0011417974726167,C
3988861584,0,0.0012542250360459,C
3988861584,0,0.0012564679067542,C
2572035617,0,5.55220535325418e-06,N
2572035617,0,1.8983608477407543e-06,N
2572035617,0,3.848218477098264e-06,N
2572035617,0,3.848218477098264e-06,N
2572035617,0,4.09909325604918e-06,N
3346153511,0,-1.414605727079188e-05,C
3346153511,0,8.713459509746002e-05,C
3346153511,0,0.0003059294495357,C
3346153511,0,0.0003029848958837,C
3346153511,0,0.0001454428195999,C
2918201879,0,-0.0003786907066219,C
2918201879,0,-0.0001169414909462,C
2918201879,0,-0.0004207537356709,C
2918201879,0,0.0002604583094792,C
2918201879,0,0.0003499259457607,C
194638448,0,0.0,C
194638448,0,0.0,C
194638448,0,0.0,C
194638448,0,0.0,C
194638448,0,0.0,C
869152089,0,0.0,
869152089,0,0.0,
869152089,0,0.0,
869152089,0,0.0,
869152089,0,0.0,
3804745459,0,0.0,
3804745459,0,0.0,
3804745459,0,0.0,
3804745459,0,0.0,
3804745459,0,0.0,
3755128710,0,0.0001693828163765,C
3755128710,0,0.0009606698379082,C
3755128710,0,0.0003696263394826,C
3755128710,0,0.0005011087984748,C
3755128710,0,0.000267239166746,C
1713195601,0,0.0004186109527932,C
1713195601,0,0.0003928593765759,C
1713195601,0,0.0003859351803596,C
1713195601,0,0.0002587336346856,C
1713195601,0,0.0004287608760015,C
1568606682,0,0.0011420500636156,C
1568606682,0,0.001049800010719,C
1568606682,0,0.0009103591835916,C
1568606682,0,0.0009097536565696,C
1568606682,0,0.0008404263927543,C
2059730245,0,-8.683700391354243e-05,C
2059730245,0,-7.149049269183916e-05,C
2059730245,0,-0.0001698666331131,C
2059730245,0,-0.0001419776070344,C
2059730245,0,-0.0001579654585657,C
2617658656,0,0.0,C
2617658656,0,0.0,C
2617658656,0,0.0,C
2617658656,0,0.0,C
2617658656,0,0.0,C
836300471,0,-4.840949815010376e-06,C
836300471,0,0.0006667935491929,C
836300471,0,-0.0001071121002267,C
836300471,0,0.0001183413097343,C
836300471,0,0.0002530452717832,C
3490910321,0,0.0,C
3490910321,0,0.0,C
3490910321,0,0.0,C
3490910321,0,0.0,C
3490910321,0,0.0,C
3255046070,0,0.0,
3255046070,0,0.0,
3255046070,0,0.0,
3255046070,0,0.0,
3255046070,0,0.0,
2198820481,0,1.5040660452658727e-06,N
2198820481,0,1.0684236416258486e-05,N
2198820481,0,-4.86013643630212e-06,N
2198820481,0,3.357337425335949e-05,N
2198820481,0,6.201576569664358e-05,N
104625121,0,-0.0005916706111703,N
104625121,0,-0.0010614666661769,N
104625121,0,0.0001761702319561,N
104625121,0,-0.0004050563968316,N
104625121,0,-0.0004752396411402,N
3103858517,0,0.0,
3103858517,0,0.0,
3103858517,0,0.0,
3103858517,0,0.0,
3103858517,0,0.0,
1390475220,0,0.0,C
1390475220,0,0.0,C
1390475220,0,0.0,C
1390475220,0,0.0,C
1390475220,0,0.0,C
4006278292,0,0.0,N
4006278292,0,0.0,N
4006278292,0,0.0,N
4006278292,0,0.0,N
4006278292,0,0.0,N
1789200865,0,-5.745530438328039e-05,C
1789200865,0,0.0001673112225591,C
1789200865,0,0.0001055722670427,C
1789200865,0,0.0001743479531196,C
1789200865,0,0.0001833888660403,C
2291264872,0,0.0001083777435043,C
2291264872,0,0.0001048970801841,C
2291264872,0,2.515551513648795e-06,C
2291264872,0,6.382160248741275e-05,C
2291264872,0,0.0001387101662957,C
2918205364,0,0.0004526316609455,C
2918205364,0,2.2500660077473533e-05,C
2918205364,0,0.0001195242868357,C
2918205364,0,-0.0001531273465429,C
2918205364,0,2.4129519413662592e-05,C
3798139026,0,2.8425710424384576e-06,C
3798139026,0,9.999425646800564e-05,C
3798139026,0,-1.1206179228118174e-05,C
3798139026,0,-6.229698350168622e-05,C
3798139026,0,6.671522989609714e-08,C
4223976160,0,0.0,
4223976160,0,0.0,
4223976160,0,0.0,
4223976160,0,0.0,
4223976160,0,0.0,
1511206547,0,0.0010277516800739,C
1511206547,0,0.0008479701614693,C
1511206547,0,0.0008627770015445,C
1511206547,0,0.0003965684834267,C
1511206547,0,0.0030254178089454,C
954800030,0,0.0,
954800030,0,0.0,
954800030,0,0.0,
954800030,0,0.0,
954800030,0,0.0,
2172997423,0,0.0001634293302129,C
2172997423,0,-0.0005794712703702,C
2172997423,0,7.440528467328456e-05,C
2172997423,0,0.000140845890004,C
2172997423,0,-0.0001697777011763,C
1918025650,0,0.0,C
1918025650,0,0.0,C
1918025650,0,0.0,C
1918025650,0,0.0,C
1918025650,0,0.0,C
1491315937,0,0.0,C
1491315937,0,0.0,C
1491315937,0,0.0,C
1491315937,0,0.0,C
1491315937,0,0.0,C
1271427701,0,0.0003238623777483,C
1271427701,0,0.0001260598503854,C
1271427701,0,0.0001930511585755,C
1271427701,0,0.000605709300961,C
1271427701,0,0.0011276601207833,C
876016289,0,-0.0010569797222876,C
876016289,0,-0.0013614016295858,C
876016289,0,-0.0005828386798024,C
876016289,0,-0.0007857408804015,C
876016289,0,-0.0009682285428253,C
759348397,0,0.0004271109335223,S
759348397,0,0.0008193555976879,S
759348397,0,-0.0006936946549068,S
759348397,0,0.0002045136322176,S
759348397,0,-0.0001014397664569,S
3886074185,0,0.0,C
3886074185,0,0.0,C
3886074185,0,0.0,C
3886074185,0,0.0,C
3886074185,0,0.0,C
3977047921,0,-0.0001030281729387,N
3977047921,0,-0.0002630979874943,N
3977047921,0,-0.0002886215614268,N
3977047921,0,-0.0002650103436289,N
3977047921,0,-0.0002657034990353,N
3386795352,0,0.0,
3386795352,0,0.0,
3386795352,0,0.0,
3386795352,0,0.0,
3386795352,0,0.0,
2640652321,0,0.0042542142276025,C
2640652321,0,0.0042651072682753,C
2640652321,0,0.001641047166225,C
2640652321,0,0.0045153712183866,C
2640652321,0,0.0021056289052669,C
3644443517,0,0.0,C
3644443517,0,0.0,C
3644443517,0,0.0,C
3644443517,0,0.0,C
3644443517,0,0.0,C
805268291,0,0.0017912379599562,C
805268291,0,-0.000354048075258,C
805268291,0,0.0004844818439888,C
805268291,0,0.0013050678828532,C
805268291,0,0.0012717903871329,C
994494548,0,0.0,C
994494548,0,0.0,C
994494548,0,0.0,C
994494548,0,0.0,C
994494548,0,0.0,C
3889081300,0,0.0002588775596235,C
3889081300,0,0.0002025099184406,C
3889081300,0,0.000498141985898,C
3889081300,0,0.0005546831593755,C
3889081300,0,0.0003307451282422,C
3119383463,0,-0.0006425369219668,C
3119383463,0,-0.0005063862597549,C
3119383463,0,-0.0006672394801886,C
3119383463,0,-5.4801858933140046e-05,C
3119383463,0,-0.0002845105973051,C
4142616092,0,0.0,C
4142616092,0,0.0,C
4142616092,0,0.0,C
4142616092,0,0.0,C
4142616092,0,0.0,C
3633569943,0,6.509099078055858e-05,C
3633569943,0,-1.5432364718903635e-05,C
3633569943,0,1.0951825356597666e-06,C
3633569943,0,8.312086228756677e-06,C
3633569943,0,1.6850074904151136e-05,C
2810558781,0,-0.0002011160386091,C
2810558781,0,-9.424398893209672e-05,C
2810558781,0,-1.2436488747713526e-05,C
2810558781,0,-8.891610999461896e-05,C
2810558781,0,-1.8873940820007817e-05,C
643572069,0,-0.0002162617214997,C
643572069,0,-0.0003136219823695,C
643572069,0,3.854396315783326e-05,C
643572069,0,-0.0001317517778801,C
643572069,0,0.0001698900751941,C
307525970,0,0.0003941877726887,C
307525970,0,0.0004183502121849,C
307525970,0,7.293794700580225e-05,C
307525970,0,0.0003635173615609,C
307525970,0,0.0005927230533,C
230478851,0,0.0002653984517799,C
230478851,0,5.217961304815333e-06,C
230478851,0,-6.325246289851094e-06,C
230478851,0,0.0005158875322023,C
230478851,0,0.0003511266385062,C
3353919692,0,0.0,C
3353919692,0,0.0,C
3353919692,0,0.0,C
3353919692,0,0.0,C
3353919692,0,0.0,C
4201996000,0,0.0,
4201996000,0,0.0,
4201996000,0,0.0,
4201996000,0,0.0,
4201996000,0,0.0,
1523193891,0,-0.0005991358383253,C
1523193891,0,-0.0001422761374063,C
1523193891,0,-0.0001612314936829,C
1523193891,0,-0.0002148367101837,C
1523193891,0,-0.0004852507575262,C
2806469715,0,0.0,C
2806469715,0,0.0,C
2806469715,0,0.0,C
2806469715,0,0.0,C
2806469715,0,0.0,C
3705007549,0,0.0,
3705007549,0,0.0,
3705007549,0,0.0,
3705007549,0,0.0,
3705007549,0,0.0,
1445715347,0,0.0,C
1445715347,0,0.0,C
1445715347,0,0.0,C
1445715347,0,0.0,C
1445715347,0,0.0,C
4232889011,0,0.0,O
4232889011,0,0.0,O
4232889011,0,0.0,O
4232889011,0,0.0,O
4232889011,0,0.0,O
1932106328,0,-0.0004865417310685,C
1932106328,0,-6.588586776590244e-05,C
1932106328,0,0.002398204367397,C
1932106328,0,-0.0014971337276167,C
1932106328,0,0.0028859137394824,C
UNK,0,0.0078621469902494,
UNK,0,0.007915302945756,
UNK,0,0.0079872681022976,
UNK,0,0.0073011033269121,
UNK,0,0.0017280587111786,
3218693969,1,0.0017267584472028252,C
3218693969,1,-0.0030102515757980397,C
3218693969,1,-0.007907445401674984,C
3218693969,1,0.005175436498377928,C
3218693969,1,-0.001520568578237791,C
3217380708,1,0.01027588280171099,C
3217380708,1,0.012149265059007375,C
3217380708,1,0.004599561412512387,C
3217380708,1,0.024784030456672324,C
3217380708,1,0.006742470066100514,C
951226070,1,0.004668092223151787,C
951226070,1,0.0011250931697576183,C
951226070,1,0.007488692017297627,C
951226070,1,0.0004959886818015624,C
951226070,1,0.0052827374974404595,C
2968968094,1,-0.0023361490744523428,C
2968968094,1,2.2507804597005077e-05,C
2968968094,1,0.003290541853454787,C
2968968094,1,0.0031909795669264884,C
2968968094,1,-0.005380600870992902,C
2245384272,1,-0.024740077766544633,C
2245384272,1,-0.013887377065160411,C
2245384272,1,-0.018744434504929908,C
2245384272,1,-0.013969384247905059,C
2245384272,1,-0.031224466607603474,C
864942730,1,-0.003938786209964462,O
864942730,1,-0.007695988073960436,O
864942730,1,0.007679249025084878,O
864942730,1,-7.133581182361404e-05,O
864942730,1,-0.005935338139290702,O
2246728737,1,-0.0066379675704102414,C
2246728737,1,-0.022812425961349247,C
2246728737,1,-0.004025247022235501,C
2246728737,1,-0.008498662014066016,C
2246728737,1,-0.004400459703146953,C
98513984,1,0.0044169738851373985,C
98513984,1,0.013168830176633506,C
98513984,1,0.004445477699609235,C
98513984,1,0.007885624440046257,C
98513984,1,-0.0013519788328858473,C
2041434490,1,-0.006218696735888485,N
2041434490,1,-0.007385200544947401,N
2041434490,1,-0.007758949787299407,N
2041434490,1,0.001665052522935473,N
2041434490,1,3.5338232731718655e-05,N
2246699815,1,0.008695066961963427,C
2246699815,1,0.013827739711761655,C
2246699815,1,0.007625081881242335,C
2246699815,1,0.02367895918188123,C
2246699815,1,0.01925584980660533,C
994485099,1,0.006049553031600374,C
994485099,1,0.0005309536402587911,C
994485099,1,0.005355366362622682,C
994485099,1,0.003388998336783633,C
994485099,1,0.007304626411978599,C
1510328189,1,0.005825570812362901,O
1510328189,1,-0.0010583616527781725,O
1510328189,1,-0.0023993914002211625,O
1510328189,1,-0.001701689399197237,O
1510328189,1,0.004634708446628721,O
3999906991,1,-0.0013775270682302443,C
3999906991,1,-0.0017708127024630427,C
3999906991,1,-0.0015705665457250717,C
3999906991,1,-0.0022738146153689076,C
3999906991,1,0.0010454371130822482,C
2976033787,1,0.008423437680389223,C
2976033787,1,0.008966152410834316,C
2976033787,1,0.010934897942160848,C
2976033787,1,0.008014625139481035,C
2976033787,1,0.01038702228345556,C
2092489639,1,-0.0015133809925325092,N
2092489639,1,-0.0009483018581818436,N
2092489639,1,-0.004652488572730706,N
2092489639,1,-0.00827719984462727,N
2092489639,1,-0.00018517123790928736,N
847961216,1,0.0010638443132389153,N
847961216,1,0.005464991191338031,N
847961216,1,-0.0035341693865106327,N
847961216,1,0.0036594504332191358,N
847961216,1,-0.00757846306298704,N
882399112,1,-0.005641897162713128,F
882399112,1,-0.004960218256137905,F
882399112,1,0.00478264776101478,F
882399112,1,-0.0018175048708234387,F
882399112,1,-0.0029022876470617964,F
2803848648,1,-0.0023121373396347566,C
2803848648,1,-5.693111165505638e-05,C
2803848648,1,-0.0008628579737677278,C
2803848648,1,0.0036973470310731615,C
2803848648,1,-0.002736640403664059,C
2117068077,1,0.00396334068076476,C
2117068077,1,-0.0009238083116475115,C
2117068077,1,0.0007796032767826144,C
2117068077,1,0.001825422677604105,C
2117068077,1,0.002391811062415594,C
864674487,1,3.2491826753910935e-05,O
864674487,1,0.0023775266532681805,O
864674487,1,-0.010204617472339361,O
864674487,1,-0.009025635327743586,O
864674487,1,0.0013624561295187965,O
864662311,1,-0.0024711196888329567,O
864662311,1,0.008297968182179205,O
864662311,1,-0.0005835395983867508,O
864662311,1,0.0030553622132630798,O
864662311,1,0.009701764728808904,O
2245273601,1,0.002654113297023364,C
2245273601,1,0.00030173066534233683,C
2245273601,1,0.0031290530978416164,C
2245273601,1,0.002524239658416416,C
2245273601,1,8.80451653648695e-05,C
1100037548,1,0.002148904448361133,N
1100037548,1,0.009745801437542778,N
1100037548,1,0.005895484027288567,N
1100037548,1,0.006326477152562737,N
1100037548,1,0.0009309395405484588,N
485463469,1,0.0016233150612815495,F
485463469,1,-0.0015487899708303,F
485463469,1,-0.0001829138093191185,F
485463469,1,0.0023728662401163447,F
485463469,1,0.0006698189362616125,F
1101907775,1,0.000256077004521571,N
1101907775,1,-0.0017397057321811848,N
1101907775,1,-0.0017115703182033482,N
1101907775,1,-0.000983361501026292,N
1101907775,1,-0.006183481056536544,N
10565946,1,0.0004949702395687927,O
10565946,1,0.0007662105776189421,O
10565946,1,0.00013887122175615385,O
10565946,1,-1.9807997001852762e-05,O
10565946,1,0.002232361538260008,O
2076190208,1,-0.0010497592362440633,O
2076190208,1,-0.0017606043898605872,O
2076190208,1,0.004234800711335862,O
2076190208,1,-0.0007882010412666451,O
2076190208,1,-0.0011859336971664636,O
2142032900,1,-0.00328109548726474,C
2142032900,1,-0.002235299243797728,C
2142032900,1,-0.0005045895667310507,C
2142032900,1,0.0020294743814415206,C
2142032900,1,0.00043345139084660644,C
2132511834,1,0.003373090203867113,N
2132511834,1,0.0015240820426067891,N
2132511834,1,0.004143127020445392,N
2132511834,1,0.00601394721091808,N
2132511834,1,0.006170909955120485,N
1312131881,1,-0.001266709122512033,C
1312131881,1,-0.00010292757649432716,C
1312131881,1,0.0007017099053409082,C
1312131881,1,-0.00045535472938385,C
1312131881,1,-0.0011192435293915226,C
2353112200,1,-0.0009894372226599835,C
2353112200,1,0.004739325252338,C
2353112200,1,-0.0005780801097756694,C
2353112200,1,0.0024823758325089873,C
2353112200,1,0.00044695695959362514,C
4121755354,1,0.001388767656208989,C
4121755354,1,-0.003728513801001254,C
4121755354,1,-0.004898675168451216,C
4121755354,1,-0.00037625822635234396,C
4121755354,1,-0.0032388076866867177,C
1054767590,1,0.0008384621745166632,C
1054767590,1,0.0024010855899953,C
1054767590,1,-0.003859077201941896,C
1054767590,1,0.004245977707862725,C
1054767590,1,0.0007446320285429131,C
3537119515,1,-0.00026753126988687814,C
3537119515,1,-0.00041712591252140996,C
3537119515,1,-0.0007483567783334033,C
3537119515,1,-0.000706293569255112,C
3537119515,1,-0.003927899292136772,C
1510461303,1,9.24657617995539e-05,C
1510461303,1,-0.00011107179878122597,C
1510461303,1,0.00020965351506474494,C
1510461303,1,0.0003528033839013123,C
1510461303,1,0.0003084774257763323,C
4216335232,1,0.0017401338040575753,C
4216335232,1,0.0020100150164831243,C
4216335232,1,0.0009475236814405763,C
4216335232,1,0.0029316220186542674,C
4216335232,1,0.002804897184392252,C
3189457552,1,-0.004482569703440964,O
3189457552,1,-0.008143720844824842,O
3189457552,1,-0.011451369761584784,O
3189457552,1,-0.009227763121529398,O
3189457552,1,-0.008623346188254444,O
2228063684,1,-3.0406765992196938e-05,O
2228063684,1,-0.0017788184356961612,O
2228063684,1,0.0012387271070259942,O
2228063684,1,-0.0008784742867979922,O
2228063684,1,-0.0009213024567741313,O
3777168895,1,-4.233856880597742e-05,C
3777168895,1,0.003335682234318571,C
3777168895,1,0.0030054034363857784,C
3777168895,1,-0.0007807560859228735,C
3777168895,1,0.004022526283025352,C
1016841875,1,-0.0021821809589032126,Cl
1016841875,1,0.0011433873090912483,Cl
1016841875,1,-0.004541459334219788,Cl
1016841875,1,0.0014581890913833995,Cl
1016841875,1,-0.004009502386141062,Cl
422715066,1,-0.004733757329588917,C
422715066,1,0.0005791309257857646,C
422715066,1,0.0024396034907793185,C
422715066,1,-0.0032976322239752776,C
422715066,1,-0.0014114968968533814,C
3452535345,1,-0.0009803992693667718,Cl
3452535345,1,-0.0014699615872765248,Cl
3452535345,1,0.0002549560360977088,Cl
3452535345,1,0.0010967427017346543,Cl
3452535345,1,0.0028988314109854585,Cl
1429883190,1,0.0027589701357633167,C
1429883190,1,1.747645922534069e-06,C
1429883190,1,0.0007591023043475031,C
1429883190,1,0.0009591955388041917,C
1429883190,1,6.271654826794926e-05,C
2763854213,1,-0.0003005673393237096,C
2763854213,1,0.0011548316610576759,C
2763854213,1,0.0009499966722330555,C
2763854213,1,-0.0019214654436748857,C
2763854213,1,-0.0005429274807999818,C
2424973678,1,0.0012826771065855835,C
2424973678,1,0.0012090736681369396,C
2424973678,1,0.0014892219426532183,C
2424973678,1,0.0005541816443165315,C
2424973678,1,0.00045342125642955367,C
847957139,1,-0.007340841717084823,N
847957139,1,-0.0025976626091206434,N
847957139,1,-0.006371037670320434,N
847957139,1,-0.0041584027436814,N
847957139,1,-0.0010305847483829123,N
1182622762,1,-0.0014887262993236172,C
1182622762,1,-0.0008139000593094803,C
1182622762,1,0.0002752328378060609,C
1182622762,1,-0.00048504095886292564,C
1182622762,1,0.0001105435096258045,C
1857396528,1,-0.002065205663970837,C
1857396528,1,-0.002468787215607171,C
1857396528,1,-0.0038376805855114826,C
1857396528,1,-0.003523357605890176,C
1857396528,1,-0.005402557338455516,C
3337745083,1,-0.0004903172439323367,F
3337745083,1,0.0014796880718014327,F
3337745083,1,-0.0007562589863800984,F
3337745083,1,-0.003163543907256372,F
3337745083,1,-0.0033360293894212356,F
4222851645,1,-0.00046210120922751674,C
4222851645,1,0.0005698261696891471,C
4222851645,1,-0.00047994498727121915,C
4222851645,1,-0.00027072860142651756,C
4222851645,1,5.9180839814709785e-05,C
3975275337,1,-0.0018622564052270807,C
3975275337,1,-0.0020709833044948445,C
3975275337,1,-0.007167266455421206,C
3975275337,1,-0.0028581215378352676,C
3975275337,1,-0.009726378961273818,C
3692055567,1,0.0007491425573735722,C
3692055567,1,0.0008193215317849889,C
3692055567,1,0.0029641970141375262,C
3692055567,1,0.0005557271552891763,C
3692055567,1,-0.0005220308081277381,C
2944555726,1,-0.0001125731433269106,C
2944555726,1,0.0004694675551802918,C
2944555726,1,0.0009670186288242011,C
2944555726,1,0.0003601250370971476,C
2944555726,1,-0.00019780754683063062,C
2245277810,1,0.0021567044779728928,C
2245277810,1,0.008731764810900211,C
2245277810,1,0.006280960364021593,C
2245277810,1,-0.0006984468933315391,C
2245277810,1,0.006818359366060678,C
3983062349,1,-0.0016926674063032499,C
3983062349,1,0.0011660948637246538,C
3983062349,1,0.0035443135985947505,C
3983062349,1,0.003524237533704233,C
3983062349,1,-0.0016523397650737293,C
2246340824,1,0.0015401669761238024,C
2246340824,1,-0.001290664566186095,C
2246340824,1,-1.0509903733968429e-06,C
2246340824,1,-0.0012475953796735606,C
2246340824,1,0.0022971562019653557,C
2976816164,1,0.0037820923780118587,C
2976816164,1,0.0038301485245365585,C
2976816164,1,0.00270248375610449,C
2976816164,1,0.001944621921183276,C
2976816164,1,0.00036440233718992854,C
3776905034,1,0.0019523641974334982,C
3776905034,1,0.0031739922317540747,C
3776905034,1,0.005231847657539923,C
3776905034,1,0.007398690912996719,C
3776905034,1,-0.0003066953424456509,C
3542456614,1,0.00738198584172034,C
3542456614,1,0.005659415644430732,C
3542456614,1,0.005427572001595493,C
3542456614,1,0.004154868006443935,C
3542456614,1,0.003574063640345293,C
3537123720,1,0.00041497607132179315,C
3537123720,1,0.0025548069815168883,C
3537123720,1,-0.0011026654314717499,C
3537123720,1,0.0007505908210814205,C
3537123720,1,0.0013866335260900309,C
1637836422,1,0.0007019382938614482,C
1637836422,1,0.0027949805752461865,C
1637836422,1,0.0017336070532536496,C
1637836422,1,-0.0019090656459156419,C
1637836422,1,-0.0010004336493233401,C
3162837314,1,-0.007722981151224162,C
3162837314,1,0.00561356165956961,C
3162837314,1,-0.0025736995954135367,C
3162837314,1,-0.00236144653835213,C
3162837314,1,-0.0005621121413171837,C
3982076256,1,0.0021217799796036108,C
3982076256,1,0.004186468223837281,C
3982076256,1,-0.0009304005481123312,C
3982076256,1,-0.0031394312408453695,C
3982076256,1,0.004351588033192355,C
1362518133,1,-8.093502381145701e-05,N
1362518133,1,-1.5644752973220655e-05,N
1362518133,1,-0.000732713298005061,N
1362518133,1,-0.00041882803326187545,N
1362518133,1,-0.00048533115807380955,N
1135286194,1,-0.006235854777385308,C
1135286194,1,-0.001992195602392166,C
1135286194,1,-0.009927230333604875,C
1135286194,1,-0.005423560389433479,C
1135286194,1,-0.005123863611668944,C
1790668568,1,-0.00304750670514109,N
1790668568,1,-0.00575119900417842,N
1790668568,1,-0.0037503977809633104,N
1790668568,1,-0.0004168265907145141,N
1790668568,1,0.0011675580732206647,N
3124581743,1,-0.0006409444399958497,C
3124581743,1,0.004298064228124288,C
3124581743,1,0.0022358838378744306,C
3124581743,1,0.003003887760026802,C
3124581743,1,0.0040852677232773305,C
2119439498,1,-0.0003560370412666325,C
2119439498,1,0.00044616811222430997,C
2119439498,1,-0.0004245312798013545,C
2119439498,1,0.000459777447835541,C
2119439498,1,-0.00038390057647641473,C
1533864325,1,-0.0022236226807619275,O
1533864325,1,-0.00030340422398800193,O
1533864325,1,0.0029243880392818555,O
1533864325,1,0.00504672160453834,O
1533864325,1,-0.00043676899007205616,O
4278941385,1,-0.0008215292289240894,C
4278941385,1,-0.0005857945863466663,C
4278941385,1,-0.0005888280742901708,C
4278941385,1,0.0004083672885266676,C
4278941385,1,-0.0007965899510243846,C
3918336191,1,-0.00038650987881927445,C
3918336191,1,-0.0007512192070704415,C
3918336191,1,0.005925516317671131,C
3918336191,1,0.012059543312548993,C
3918336191,1,0.0042306136311485165,C
2560252747,1,0.002115348703530473,C
2560252747,1,0.0013776270646365107,C
2560252747,1,-0.0003584196781747373,C
2560252747,1,-0.0009669669599366992,C
2560252747,1,-6.315055878780562e-06,C
999334238,1,0.0013467153646602448,S
999334238,1,-0.0010626407814205985,S
999334238,1,-0.0007563975847483251,S
999334238,1,-0.000909287854536478,S
999334238,1,-0.0011875956441991242,S
1173125914,1,-0.00010593255916124811,C
1173125914,1,-0.0002297697219815209,C
1173125914,1,-0.0002499176855458307,C
1173125914,1,-0.00020492029524010746,C
1173125914,1,6.038368846617015e-05,C
2994748777,1,-0.005481674895787658,C
2994748777,1,0.0030747624858611378,C
2994748777,1,0.0020549361514619058,C
2994748777,1,-0.004107822813924411,C
2994748777,1,-0.0024496827605807736,C
3351556771,1,-0.0009739816492929654,S
3351556771,1,-0.006419573266399858,S
3351556771,1,0.002904653524737233,S
3351556771,1,0.002400193462457678,S
3351556771,1,0.006586514322543646,S
2509211297,1,-0.0021057814391904905,C
2509211297,1,-0.003682098827304081,C
2509211297,1,-0.0036489849396151852,C
2509211297,1,-0.002726900937440324,C
2509211297,1,-0.003124797034201432,C
848128881,1,-0.0027872870194982635,N
848128881,1,-0.005033173624644949,N
848128881,1,-0.0027860239882026017,N
848128881,1,-0.001867605989025356,N
848128881,1,0.000974433757109705,N
2246703798,1,-0.0029047814672577,C
2246703798,1,-0.004631961119335837,C
2246703798,1,-0.004008548467603568,C
2246703798,1,-0.00468549881782776,C
2246703798,1,-0.005970176709070962,C
1276993226,1,-0.000904545951175173,C
1276993226,1,0.00016677856929481205,C
1276993226,1,-0.00025304361014910626,C
1276993226,1,0.0007935077171599136,C
1276993226,1,0.0011179721867436987,C
2984966880,1,0.00033424602516762825,C
2984966880,1,-0.0016961732181988154,C
2984966880,1,0.000281570770801598,C
2984966880,1,-0.0007578083675348068,C
2984966880,1,-0.0008084763860178867,C
3315826729,1,0.0047843681530131965,C
3315826729,1,0.0019356650546704657,C
3315826729,1,0.002525700196841174,C
3315826729,1,0.0006599137968799074,C
3315826729,1,0.004813437827685285,C
2115476908,1,-0.0009662251144341161,O
2115476908,1,-0.002339306836805055,O
2115476908,1,0.002959698748451811,O
2115476908,1,0.001839653413770015,O
2115476908,1,-0.0017986294823170157,O
717512901,1,-0.003679306260737536,N
717512901,1,-0.003770977418303678,N
717512901,1,-0.0029335473189822103,N
717512901,1,-0.005099231299309892,N
717512901,1,-0.003104450247156665,N
2245900962,1,-0.0009290241537521782,C
2245900962,1,0.0019451008853712537,C
2245900962,1,-0.0022018791272087057,C
2245900962,1,0.00014324733430326475,C
2245900962,1,-0.004311337697697981,C
3848534832,1,-0.0025297407173019426,C
3848534832,1,-0.002021084835198028,C
3848534832,1,-0.002394638880010236,C
3848534832,1,-0.0028841588009219654,C
3848534832,1,-0.0005060836798490564,C
3182824521,1,-0.0018011641632775799,C
3182824521,1,-0.006067456358466061,C
3182824521,1,-0.001985777454389548,C
3182824521,1,-0.0012134659027307482,C
3182824521,1,0.0010976178914259282,C
26234434,1,0.00011072108596821284,O
26234434,1,0.00015777838479991146,O
26234434,1,-0.0014246821452545966,O
26234434,1,-0.00033485065565797,O
26234434,1,-0.0012279732000332055,O
288315894,1,0.0013770412489877426,S
288315894,1,0.0012486288431204917,S
288315894,1,0.00014988943167770774,S
288315894,1,0.0012302754330408838,S
288315894,1,8.107949298830075e-05,S
2811394787,1,0.003441017597533458,C
2811394787,1,0.0024698711503657877,C
2811394787,1,0.001935628952667301,C
2811394787,1,6.845105506958493e-05,C
2811394787,1,-0.0005380444906122328,C
19852674,1,0.00016898674066911923,C
19852674,1,-0.0006233962167888629,C
19852674,1,-0.0011061377431861308,C
19852674,1,0.0010093844085029557,C
19852674,1,-0.0006891546104340618,C
1861965050,1,-0.00019719393976547206,C
1861965050,1,-0.00019149946623220337,C
1861965050,1,-0.00028021291975932616,C
1861965050,1,-3.378997217151625e-05,C
1861965050,1,-1.256339853128452e-05,C
2423543607,1,-0.000572748458221084,C
2423543607,1,-0.00039631220024916036,C
2423543607,1,-0.00031077661193001926,C
2423543607,1,-0.00035805633370833423,C
2423543607,1,-0.0009551127124934888,C
1257718710,1,0.0008546828723604571,C
1257718710,1,0.0007780763584803729,C
1257718710,1,-0.0002522774338300504,C
1257718710,1,-7.194852695757703e-05,C
1257718710,1,-0.00017794380081703753,C
2784506312,1,-0.002648429325044832,C
2784506312,1,-0.002457485038173779,C
2784506312,1,-0.003016799789340441,C
2784506312,1,-0.0017187967572269702,C
2784506312,1,-0.0018989482392453017,C
3818546315,1,0.0006304028250034843,C
3818546315,1,0.0007342537697360152,C
3818546315,1,-0.0037171834432776496,C
3818546315,1,-0.0028990490943925362,C
3818546315,1,0.00012443748164203683,C
3657471097,1,0.0008762779363771234,C
3657471097,1,0.0004787292932144638,C
3657471097,1,0.0005047823312167576,C
3657471097,1,0.0008639043904833388,C
3657471097,1,0.002108337834747953,C
2360741695,1,0.000916945001160796,C
2360741695,1,0.00274989122210223,C
2360741695,1,-0.0011184063027966928,C
2360741695,1,0.003573289280703551,C
2360741695,1,0.0014326350685958111,C
551287920,1,-0.0012546642156471277,C
551287920,1,-0.0018440392038718834,C
551287920,1,-0.0008194446001511535,C
551287920,1,-0.0007486599130973604,C
551287920,1,-0.0015252013422353272,C
1842898132,1,-0.0007005217916751239,C
1842898132,1,-0.002924879995008567,C
1842898132,1,-0.0009770493431531246,C
1842898132,1,0.0010647821964263615,C
1842898132,1,0.00041499896318486496,C
2832976762,1,0.0007011560591744237,C
2832976762,1,0.00192481900369057,C
2832976762,1,4.333970014647193e-05,C
2832976762,1,0.0017425454142397934,C
2832976762,1,-0.001589192941482076,C
2309124039,1,0.0005174964458407594,C
2309124039,1,0.0006853001951183657,C
2309124039,1,-0.00206278490119427,C
2309124039,1,-0.0005804569670325721,C
2309124039,1,-0.0015933286481922826,C
2591432844,1,0.001569788620451984,N
2591432844,1,0.0009467474669848652,N
2591432844,1,0.0007960226593672903,N
2591432844,1,0.0002699422988380329,N
2591432844,1,2.148251319145089e-05,N
963029399,1,0.00022439919920580476,N
963029399,1,0.0003442297666184091,N
963029399,1,-0.0006934860910001728,N
963029399,1,-0.0004399353244779469,N
963029399,1,-0.0008112720166402188,N
3884454603,1,0.0005056235535757514,C
3884454603,1,0.0007290576347023237,C
3884454603,1,0.0006207726143760972,C
3884454603,1,0.0002954793393810107,C
3884454603,1,-0.000694894580739347,C
4089138501,1,-0.0005856507886625728,C
4089138501,1,0.0002888819614964566,C
4089138501,1,0.0004401799223885394,C
4089138501,1,0.0018773375836852457,C
4089138501,1,0.002305200303355681,C
932712697,1,0.00037361658683399135,O
932712697,1,0.0010911419445318593,O
932712697,1,-0.0016862899955898403,O
932712697,1,-0.0020325492003226975,O
932712697,1,-0.0011662147090520936,O
1634606847,1,-0.003310694940192982,N
1634606847,1,-0.003117404122719658,N
1634606847,1,0.00048228607004840995,N
1634606847,1,0.0003521268647944664,N
1634606847,1,-0.003459687172324033,N
3624155,1,0.0014635956369709602,C
3624155,1,0.0011159406719480902,C
3624155,1,0.003503434305670017,C
3624155,1,-0.001437626981151796,C
3624155,1,0.0024715970989155345,C
161963127,1,0.00031324072224692134,C
161963127,1,0.00013472718833329456,C
161963127,1,0.0001515833775014297,C
161963127,1,0.00024014093721813623,C
161963127,1,0.00034372691593986815,C
2257970297,1,-0.00043447512761884965,C
2257970297,1,-0.0006290671572106721,C
2257970297,1,-0.0020369741729018287,C
2257970297,1,-0.0017538830101336833,C
2257970297,1,-0.0017398499036023196,C
787069595,1,0.001048897716049435,C
787069595,1,0.0016071364424069534,C
787069595,1,0.0012133873799378136,C
787069595,1,0.00039786970966082524,C
787069595,1,-0.0001320265232570561,C
517457164,1,-0.0003715281411672544,C
517457164,1,-0.00040664305456872274,C
517457164,1,-0.00029197347897502723,C
517457164,1,-0.0007085032015740067,C
517457164,1,-0.0006751984532332722,C
3207567135,1,-0.0013251553289900242,C
3207567135,1,0.00041988556152483536,C
3207567135,1,0.00013085339901286464,C
3207567135,1,-0.0013904719792248166,C
3207567135,1,-0.0013237880564547222,C
435232729,1,0.0038602538255153585,N
435232729,1,0.0029316709167320765,N
435232729,1,0.004617713665063583,N
435232729,1,0.002147867432931605,N
435232729,1,0.004374713389225238,N
2806018737,1,-0.001300033232739306,C
2806018737,1,-0.0009708072610589147,C
2806018737,1,-0.0015349755414666433,C
2806018737,1,-0.0002988932827476809,C
2806018737,1,-0.0007890405449619831,C
4008337421,1,0.0008682914281701315,C
4008337421,1,-0.0013115137222028395,C
4008337421,1,-0.0028792287700682984,C
4008337421,1,0.0005444955640534488,C
4008337421,1,-0.0004410273026236311,C
3026394695,1,-0.0006773546910641137,C
3026394695,1,-0.0008435757100534458,C
3026394695,1,-0.0005897833431243171,C
3026394695,1,-0.0006196613475982771,C
3026394695,1,-0.0006298369234789547,C
2296565457,1,-0.0007779026334734374,N
2296565457,1,-0.0013615498077460542,N
2296565457,1,-0.0004519796677927568,N
2296565457,1,-0.0022487720905899344,N
2296565457,1,0.00026363200654666574,N
2089117413,1,-0.004306976874283164,C
2089117413,1,-0.001213721226408282,C
2089117413,1,-0.0014061700822878276,C
2089117413,1,-0.0009396458525049445,C
2089117413,1,-0.0006336236956627772,C
572760528,1,-0.0008887339271934636,C
572760528,1,-0.0011223281058185819,C
572760528,1,-0.0011037072806447945,C
572760528,1,-0.0009131786350583537,C
572760528,1,-0.0005604625968798072,C
3002759401,1,-0.0016386315047210998,C
3002759401,1,-1.953025704493072e-07,C
3002759401,1,-0.00015224062751506562,C
3002759401,1,0.00020694078986593922,C
3002759401,1,4.184224257874902e-05,C
3118255683,1,0.0006222891868905567,N
3118255683,1,0.0007209570165673806,N
3118255683,1,-0.004401570058722104,N
3118255683,1,-0.0019605257328838555,N
3118255683,1,-0.002264512064718338,N
74537039,1,-0.00015971822623894738,C
74537039,1,8.389941274677959e-05,C
74537039,1,-6.3145820070609204e-06,C
74537039,1,3.87001742339077e-05,C
74537039,1,-1.7837175309232123e-05,C
2473389857,1,-1.883798339463727e-05,C
2473389857,1,0.003474697569896712,C
2473389857,1,0.0020568576330235455,C
2473389857,1,0.0017805349224093714,C
2473389857,1,0.0016662494952340845,C
899522707,1,-0.0003531825278968448,C
899522707,1,0.00024235525556670634,C
899522707,1,-0.0006576225128156477,C
899522707,1,-0.0004005604882354463,C
899522707,1,0.00022870508588623828,C
675765711,1,-7.342559086687128e-05,C
675765711,1,-3.075289163423367e-05,C
675765711,1,-0.00011796715007927894,C
675765711,1,-0.00017573636432810513,C
675765711,1,-0.00012423361851321424,C
1313967653,1,0.00020381393174118134,C
1313967653,1,0.0014388286470692346,C
1313967653,1,0.005113207896322858,C
1313967653,1,0.0033461313640763546,C
1313967653,1,0.0027782137388450145,C
3855312692,1,0.0003756843774638252,C
3855312692,1,0.0005399748465640952,C
3855312692,1,0.00035967930484315236,C
3855312692,1,0.0005085242003819435,C
3855312692,1,0.0005695987636108457,C
1083852209,1,0.0027762460145741574,N
1083852209,1,0.004469667358561469,N
1083852209,1,0.00540239617992655,N
1083852209,1,0.005130454548948116,N
1083852209,1,0.00114979972912288,N
2905660137,1,0.00017261943559443438,C
2905660137,1,9.538716588985974e-05,C
2905660137,1,5.137660898058005e-05,C
2905660137,1,0.00011991953685308587,C
2905660137,1,-4.2538264772407075e-05,C
3579962709,1,0.0027702236468137853,C
3579962709,1,0.0011970188099086343,C
3579962709,1,0.0024565462712056174,C
3579962709,1,0.0018417428199025698,C
3579962709,1,0.0028381062129837487,C
4041573576,1,-0.0004992739729531293,C
4041573576,1,-0.003316000547505027,C
4041573576,1,0.001890764741531159,C
4041573576,1,0.002007938982221402,C
4041573576,1,0.0014879372234685162,C
64070612,1,0.0016501072424922603,C
64070612,1,0.0001820635001804627,C
64070612,1,0.0032597359176669283,C
64070612,1,0.0028476249952461563,C
64070612,1,0.0017360905517475045,C
729796064,1,0.00016900271606790085,C
729796064,1,-0.0012241912192105797,C
729796064,1,0.0014375525444738635,C
729796064,1,-0.002136964120082463,C
729796064,1,0.0002077357031691207,C
1070821685,1,-0.0003723515587702453,C
1070821685,1,9.549947859399666e-05,C
1070821685,1,0.0004024819785535261,C
1070821685,1,0.0010043012249256744,C
1070821685,1,5.877774918627843e-05,C
3820826669,1,0.0019336336728243975,C
3820826669,1,-0.0006759980542943023,C
3820826669,1,-0.00011616428921901178,C
3820826669,1,0.00040499233638902066,C
3820826669,1,0.00023904176669220512,C
2223687999,1,-0.0007325342689492587,C
2223687999,1,0.0006508993991086731,C
2223687999,1,-0.0029727611830465683,C
2223687999,1,0.00102299010650031,C
2223687999,1,-0.004473855203879884,C
2435680164,1,0.0013091399291802475,N
2435680164,1,0.0006627704286022995,N
2435680164,1,0.0040649602580817845,N
2435680164,1,0.0003282572840057618,N
2435680164,1,0.005378570248428027,N
600629739,1,0.006826145248946869,N
600629739,1,0.0008260508371479292,N
600629739,1,0.0020279215420970775,N
600629739,1,0.0018618412510742477,N
600629739,1,0.0031322013889794054,N
2370996728,1,0.003072820636311313,C
2370996728,1,0.0026983822572076432,C
2370996728,1,0.00457821466329178,C
2370996728,1,0.0034706465763559846,C
2370996728,1,0.002820727782740895,C
266675433,1,0.001020507905767798,O
266675433,1,0.000476934446405175,O
266675433,1,-0.00019095227623655564,O
266675433,1,0.00041880461174059747,O
266675433,1,0.0006039737013855406,O
2720313463,1,-0.0019125558953988486,C
2720313463,1,-0.0012842112303784736,C
2720313463,1,-0.0030003348969319665,C
2720313463,1,-0.0015717355336613004,C
2720313463,1,-0.0025828498210453965,C
847433064,1,-0.0018147020736369868,N
847433064,1,-0.0007167564452584818,N
847433064,1,-0.0010174271948344416,N
847433064,1,0.0006084677609033973,N
847433064,1,0.0002436530291696215,N
2551483158,1,-0.0014138321972914092,N
2551483158,1,-0.0021118935897038726,N
2551483158,1,0.00017610115789756797,N
2551483158,1,-0.00018160430869196276,N
2551483158,1,0.00028835387551284786,N
3933537673,1,0.0014030496150040372,C
3933537673,1,-0.0003742291017557742,C
3933537673,1,-2.7218117004235154e-05,C
3933537673,1,-0.0007866697518905674,C
3933537673,1,-0.0008279280202084793,C
3458774156,1,0.0070905284033531135,N
3458774156,1,0.0026034738066514906,N
3458774156,1,0.002566258775959951,N
3458774156,1,0.002563406246234745,N
3458774156,1,-0.003160859225547985,N
642367021,1,-0.00011364118197310091,C
642367021,1,0.00023743694746369837,C
642367021,1,0.00020999090770379425,C
642367021,1,0.00013932273220063074,C
642367021,1,0.00017304637339643492,C
847336149,1,0.0010126346206543735,N
847336149,1,-0.001878161003968315,N
847336149,1,-0.003434727099250745,N
847336149,1,-0.003496938255499127,N
847336149,1,-0.002126910651047309,N
3182177290,1,0.0,C
3182177290,1,0.0,C
3182177290,1,0.0,C
3182177290,1,0.0,C
3182177290,1,0.0,C
1167322652,1,0.001082899519247671,C
1167322652,1,0.0016170293342857578,C
1167322652,1,0.0011634768825042885,C
1167322652,1,0.0009171104483737258,C
1167322652,1,0.000632023869424625,C
3796841743,1,0.00196946137951004,C
3796841743,1,0.0010833635131500818,C
3796841743,1,0.00046116490732728277,C
3796841743,1,0.0015740303571817327,C
3796841743,1,-0.0010646710638115842,C
1730555933,1,0.00031935827780993353,C
1730555933,1,0.0013923042223881188,C
1730555933,1,0.00011464945851913377,C
1730555933,1,0.0009925652429805254,C
1730555933,1,0.000524339584618172,C
1583799011,1,4.236652178635225e-06,C
1583799011,1,2.6293983316216796e-06,C
1583799011,1,1.5983568909194723e-05,C
1583799011,1,1.8819966067118443e-05,C
1583799011,1,-1.2302339358449821e-05,C
3908647167,1,0.0013033514441618266,C
3908647167,1,3.2144168245373805e-05,C
3908647167,1,-0.0023953766488130634,C
3908647167,1,0.000985613799629137,C
3908647167,1,-0.00021439992417415787,C
271903915,1,0.0,N
271903915,1,0.0,N
271903915,1,0.0,N
271903915,1,0.0,N
271903915,1,0.0,N
2447826885,1,0.0007495076153505309,C
2447826885,1,-0.0010165424234386267,C
2447826885,1,-0.0012288545617635815,C
2447826885,1,-0.0009452504502803771,C
2447826885,1,-0.0015739840144711748,C
1791271074,1,-0.0032895155024849076,S
1791271074,1,-0.002290005935855488,S
1791271074,1,0.0015253394286675048,S
1791271074,1,-0.0015498212639868392,S
1791271074,1,-0.0018094135292850977,S
3976623167,1,-0.00031779551761179636,C
3976623167,1,0.0005168833781818982,C
3976623167,1,-0.0015262751526783358,C
3976623167,1,-0.0008568357074547617,C
3976623167,1,0.00034244511992087556,C
966311396,1,-4.681774657744331e-05,C
966311396,1,0.00010065866524722189,C
966311396,1,0.0007313302047222692,C
966311396,1,0.00035523136986692627,C
966311396,1,0.0011159518794605638,C
1323467736,1,-0.0015523129533312474,C
1323467736,1,-0.0029361056922888595,C
1323467736,1,-0.0011239212550218092,C
1323467736,1,-0.0005114414905750264,C
1323467736,1,-0.0033875396346759734,C
411967733,1,-0.0009361759797859026,C
411967733,1,-0.0006454691731369033,C
411967733,1,-0.0007639214954409113,C
411967733,1,-0.001772148940773599,C
411967733,1,-0.0004461606098232762,C
3545365497,1,0.00016711297016025473,C
3545365497,1,0.000572214182659736,C
3545365497,1,-0.0027530720402563214,C
3545365497,1,-0.0019106216670211618,C
3545365497,1,-0.0006033111331784635,C
3796359118,1,0.0007453172437172917,C
3796359118,1,-0.0006969195947577056,C
3796359118,1,0.0007128346813609632,C
3796359118,1,0.000694309308662544,C
3796359118,1,0.00016971109388363992,C
36538691,1,-0.00129025649676906,C
36538691,1,-0.005084338826926826,C
36538691,1,-0.003938809392696085,C
36538691,1,-0.0040042422026794755,C
36538691,1,-0.004922069865122558,C
2649902721,1,-0.00020377158989803856,C
2649902721,1,-0.0006068913569574619,C
2649902721,1,0.0002872473110256957,C
2649902721,1,0.0001941628295839548,C
2649902721,1,0.00024375618403871258,C
994237755,1,-0.0016916027956456192,C
994237755,1,-0.00031254702626548614,C
994237755,1,-0.0004152726669549578,C
994237755,1,-0.0012406055377102154,C
994237755,1,-0.0020103052180261427,C
1961848637,1,0.0001019448680519286,C
1961848637,1,8.775137700600677e-05,C
1961848637,1,-0.000899593670369514,C
1961848637,1,-0.0013140679478137463,C
1961848637,1,0.00016313403836187845,C
3004333805,1,-3.5831267437558267e-06,C
3004333805,1,-5.677439868012613e-06,C
3004333805,1,5.725141208878792e-05,C
3004333805,1,-5.677439868012613e-06,C
3004333805,1,-1.0777134682227185e-05,C
4033380444,1,-0.0009342432900929509,C
4033380444,1,0.0008055311390288145,C
4033380444,1,-0.0009117028887040135,C
4033380444,1,6.527228657693396e-05,C
4033380444,1,0.0004727037568867942,C
619920801,1,0.00010447406364999523,C
619920801,1,-0.00041311053809911513,C
619920801,1,-0.00037607719733190326,C
619920801,1,-9.621125816972054e-05,C
619920801,1,0.0002434576166480129,C
3334525955,1,0.0006239835751052913,C
3334525955,1,0.00044733678670405563,C
3334525955,1,0.0004418199288990232,C
3334525955,1,0.0005725746583304936,C
3334525955,1,0.00041879150310397684,C
3994088662,1,0.00022754798523783037,C
3994088662,1,0.00011412866729576532,C
3994088662,1,2.7276725117708622e-05,C
3994088662,1,-0.001089327151077235,C
3994088662,1,0.0002838191988230321,C
3596485316,1,0.0005634622892400909,C
3596485316,1,-0.00017270818727110893,C
3596485316,1,-0.0007638670825254046,C
3596485316,1,-5.5985433480620905e-05,C
3596485316,1,0.00044284460282517646,C
171200514,1,0.0004177887895486787,C
171200514,1,0.0008641051022184598,C
171200514,1,0.0008568704380054193,C
171200514,1,0.002599756989999147,C
171200514,1,0.0005721780173817415,C
970433791,1,-0.0004935203855519488,C
970433791,1,0.0002640128205694259,C
970433791,1,0.000768807397017568,C
970433791,1,0.00045872710006200634,C
970433791,1,0.0002886378955169189,C
685125387,1,0.0014074442310071378,C
685125387,1,0.0006349447739640857,C
685125387,1,0.000666004392376851,C
685125387,1,0.001611624552165014,C
685125387,1,0.0013538955064950065,C
2835079913,1,-0.001423618333043497,C
2835079913,1,0.0015123119644074867,C
2835079913,1,0.0004619879108959113,C
2835079913,1,-0.0016401835784316532,C
2835079913,1,-0.0006472528223830931,C
1352399629,1,0.003640119632650096,O
1352399629,1,0.004085502602281688,O
1352399629,1,0.002625806207739223,O
1352399629,1,0.004094154247125559,O
1352399629,1,0.0012771925568307863,O
416356657,1,-0.0004857737018949537,C
416356657,1,0.0007144885331619166,C
416356657,1,0.001188923589662938,C
416356657,1,8.422981986333511e-07,C
416356657,1,0.000654923408260899,C
1535166686,1,-0.00022444752804062773,O
1535166686,1,0.00013950926420547294,O
1535166686,1,-0.00039287984541780396,O
1535166686,1,-0.00125232762424754,O
1535166686,1,4.159075383880495e-05,O
589930590,1,-0.0011366608759383334,C
589930590,1,-0.0014284490047123954,C
589930590,1,-0.0012529388612579906,C
589930590,1,-0.0009558405800457193,C
589930590,1,-0.0007647592054482732,C
2463614838,1,0.0001810029159982074,C
2463614838,1,-0.00035214948369044485,C
2463614838,1,0.00019553066236988048,C
2463614838,1,0.0004229801500681418,C
2463614838,1,-0.0005806590195718275,C
1871221615,1,-0.0006130143944979016,C
1871221615,1,0.00011764481404263893,C
1871221615,1,-2.1359751721905518e-05,C
1871221615,1,-3.819175549313325e-05,C
1871221615,1,0.0001606799446163265,C
3482873808,1,0.0022581536347507924,C
3482873808,1,0.0017002168450509503,C
3482873808,1,0.0016372352061129192,C
3482873808,1,1.1608119335093647e-05,C
3482873808,1,0.0008585629993165256,C
553412256,1,0.0032563025979632787,C
553412256,1,-0.0005186447479096357,C
553412256,1,0.0014964188378163712,C
553412256,1,0.0025103946676532374,C
553412256,1,0.0015281648194500619,C
135980867,1,-0.0005170763148635293,C
135980867,1,-0.00031321962895969335,C
135980867,1,0.00034364798884400916,C
135980867,1,-0.00010451488107610096,C
135980867,1,-0.0005194940215506039,C
1445852595,1,-0.0010511872473886186,C
1445852595,1,0.00029734462055241995,C
1445852595,1,0.0008934484663168929,C
1445852595,1,0.0034172420211622256,C
1445852595,1,0.0018905563089519628,C
2434373675,1,-0.0038798231482918277,N
2434373675,1,-0.0005291194642126351,N
2434373675,1,0.00019020134402003563,N
2434373675,1,-0.002496358062414883,N
2434373675,1,0.001262981779586947,N
2939120473,1,0.0,
2939120473,1,0.0,
2939120473,1,0.0,
2939120473,1,0.0,
2939120473,1,0.0,
3203709451,1,-0.0011225786673443316,O
3203709451,1,-0.0010159205364462798,O
3203709451,1,-0.0009683801875998155,O
3203709451,1,-0.002023625134369822,O
3203709451,1,-0.001209448619377329,O
368531313,1,0.00035687529414718533,C
368531313,1,-0.0005923979676568658,C
368531313,1,-2.5106202143909684e-05,C
368531313,1,-0.0010065440248286928,C
368531313,1,-0.0014332889418087191,C
3176806076,1,0.003926797089441103,C
3176806076,1,0.004426331747253154,C
3176806076,1,0.005151085299526681,C
3176806076,1,0.005218761872840205,C
3176806076,1,0.0043596723039952545,C
2614860224,1,0.0029074500930127423,C
2614860224,1,0.005131405057050897,C
2614860224,1,0.0023500534625575664,C
2614860224,1,0.003042021305614928,C
2614860224,1,0.002632641203707986,C
2297887526,1,-0.0008324994500259475,N
2297887526,1,0.002936515792713479,N
2297887526,1,0.0021758652556236324,N
2297887526,1,0.0020832556835077565,N
2297887526,1,0.0011991892982260444,N
623728226,1,0.0017693757985033365,C
623728226,1,0.003382437154689777,C
623728226,1,0.002362517249069107,C
623728226,1,0.0005146455573171727,C
623728226,1,0.000988631521560368,C
603510687,1,-0.0026282891297696453,C
603510687,1,-0.002049113779632461,C
603510687,1,-0.0029291744711756884,C
603510687,1,-0.0007074561853732675,C
603510687,1,-0.0002948401342877105,C
725322217,1,0.0005035685528855804,C
725322217,1,-0.0003871918950787423,C
725322217,1,0.0009210668771419961,C
725322217,1,0.0016559709691005287,C
725322217,1,-0.00012943270375920246,C
434423882,1,-0.0010622026320638023,C
434423882,1,-0.000256367937026436,C
434423882,1,-0.00010984467821040234,C
434423882,1,-0.00034090263072106275,C
434423882,1,-0.0006553615117994571,C
548743766,1,-0.002702485756082007,C
548743766,1,-0.0010767382093187505,C
548743766,1,-0.0002120546772271803,C
548743766,1,-0.0005128530623518257,C
548743766,1,-0.0007897921319662826,C
1399127774,1,-0.0019661087594989857,C
1399127774,1,0.0014005839044622936,C
1399127774,1,0.0014511552896180335,C
1399127774,1,0.0021681643495586878,C
1399127774,1,0.0008631747606934193,C
2629723425,1,-0.00011845781500574581,C
2629723425,1,-0.00012942734345899876,C
2629723425,1,-0.00018148986500721165,C
2629723425,1,-5.8503597789805184e-05,C
2629723425,1,-0.00019086404981683014,C
1542633699,1,1.6771341209476098e-05,O
1542633699,1,0.00011983526932879407,O
1542633699,1,0.00017540659553005877,O
1542633699,1,0.00013053316578126584,O
1542633699,1,0.00015939635198258806,O
1824088295,1,7.907450735233912e-05,C
1824088295,1,-3.877212946279407e-05,C
1824088295,1,6.274620121371477e-06,C
1824088295,1,-1.1380931446702824e-05,C
1824088295,1,-6.332862294011754e-05,C
1078211001,1,-0.000480802743461739,O
1078211001,1,0.000457332867904614,O
1078211001,1,8.858792243948699e-05,O
1078211001,1,-0.0003165066699886143,O
1078211001,1,0.00020250554567313728,O
579286581,1,0.0003469988770412602,C
579286581,1,0.00025038474696592594,C
579286581,1,8.633831101700906e-05,C
579286581,1,-0.00040150107318215333,C
579286581,1,0.0002636990448335874,C
476060908,1,0.002454668749562683,C
476060908,1,0.0026722352938804983,C
476060908,1,0.002243349728197175,C
476060908,1,0.004040744209737768,C
476060908,1,0.0028234226188480482,C
2154935424,1,-4.430102677543957e-05,O
2154935424,1,0.00032453325016457146,O
2154935424,1,-0.0005675568833836131,O
2154935424,1,-6.50995495858897e-05,O
2154935424,1,-0.00021139229844291396,O
4256524850,1,0.003354230507431888,C
4256524850,1,0.0009698786428203876,C
4256524850,1,0.001767441370996603,C
4256524850,1,0.0017289053259879061,C
4256524850,1,0.0023852754824469358,C
3980805843,1,0.00018235265186106187,C
3980805843,1,0.002209267891950306,C
3980805843,1,0.00029192911849340586,C
3980805843,1,0.0032275008750909384,C
3980805843,1,0.0001703952350896598,C
3594646603,1,-0.0007635599339331778,C
3594646603,1,0.0017096822010305157,C
3594646603,1,-0.0020555570391639355,C
3594646603,1,-0.00015576520385052195,C
3594646603,1,0.00014930105318577969,C
4036277955,1,-0.0017902342677265093,C
4036277955,1,-0.0023326366406301036,C
4036277955,1,-0.002608289153970933,C
4036277955,1,-0.0030818564815220384,C
4036277955,1,-0.0016441512661939939,C
3554022385,1,0.00046180263094186547,C
3554022385,1,0.000399300135266456,C
3554022385,1,0.00026826080384556583,C
3554022385,1,0.0007419846577643163,C
3554022385,1,0.0006378393502706192,C
571978829,1,-0.0021476721442537094,C
571978829,1,-0.001060977281029829,C
571978829,1,-0.0018314002417763042,C
571978829,1,-0.0021843460938610892,C
571978829,1,-0.0015698010676059582,C
4011293459,1,-0.0007472736537462721,C
4011293459,1,-0.0013269693542309335,C
4011293459,1,-0.0011413702047752272,C
4011293459,1,-0.0008466420836908961,C
4011293459,1,-0.0008124161827178789,C
1378530689,1,-0.0003203828487463589,C
1378530689,1,-0.00033752855760849076,C
1378530689,1,-9.271438460756176e-05,C
1378530689,1,-0.0002527124729128083,C
1378530689,1,-0.00017069092673871467,C
1858577693,1,0.0003833155484598283,C
1858577693,1,0.0004052168105495024,C
1858577693,1,-0.0002584954439079912,C
1858577693,1,0.00022373330188230067,C
1858577693,1,-0.00013067052602444562,C
3120642300,1,0.0018178377823961922,C
3120642300,1,-0.0006542080388917126,C
3120642300,1,0.00040743306935875356,C
3120642300,1,0.0009996895872907974,C
3120642300,1,0.0011426667563376736,C
2594220197,1,-0.0003077904103828688,C
2594220197,1,0.00025064916625561207,C
2594220197,1,-0.00012713530924923777,C
2594220197,1,0.00021422252850045176,C
2594220197,1,0.0008046820051141879,C
1693331843,1,-0.0005624362740072053,N
1693331843,1,0.00027347002911481955,N
1693331843,1,-0.00018335677373970682,N
1693331843,1,-0.00040562042072855853,N
1693331843,1,0.0008972572283882929,N
1868602760,1,0.0010756812442302977,N
1868602760,1,-0.00010091100477849224,N
1868602760,1,0.0006848323199926121,N
1868602760,1,-0.00010488741422121084,N
1868602760,1,0.0009847753748254418,N
1842114921,1,0.0001649593829256002,C
1842114921,1,0.00028721949343435416,C
1842114921,1,0.0002438870010220695,C
1842114921,1,0.0003982850422529216,C
1842114921,1,8.481581437003172e-05,C
2021812431,1,0.00020486375067463314,N
2021812431,1,0.0009144644283113346,N
2021812431,1,-4.7965249012515976e-05,N
2021812431,1,0.00025891589676474425,N
2021812431,1,0.0001498116450514564,N
4197146180,1,-0.0011579882962579058,O
4197146180,1,9.351436788518352e-05,O
4197146180,1,-0.0021779325706449137,O
4197146180,1,-0.002435375692511732,O
4197146180,1,-0.002062313449443076,O
3121777292,1,-0.00032817327088385806,N
3121777292,1,-0.00024238768783457765,N
3121777292,1,-0.00035590787053885187,N
3121777292,1,-0.00034273628433612036,N
3121777292,1,-0.0002006435507260207,N
2752034647,1,0.0004374479777350393,C
2752034647,1,0.0006045279497035594,C
2752034647,1,-0.0006112085671011735,C
2752034647,1,-0.0001592844671254312,C
2752034647,1,0.00043229904520003526,C
3614376044,1,0.0006406641103775534,C
3614376044,1,0.0005479706351402269,C
3614376044,1,0.0006980381109092937,C
3614376044,1,0.00045375280915027627,C
3614376044,1,0.0005373701983096835,C
3266129148,1,0.00028406722774032556,S
3266129148,1,0.0002763986172520383,S
3266129148,1,0.0002974375423827613,S
3266129148,1,0.0003721301705843505,S
3266129148,1,0.00027096993696396066,S
3346539298,1,0.0011250230736015165,N
3346539298,1,0.002134083427689948,N
3346539298,1,0.0016222719530744056,N
3346539298,1,0.0014724406416783964,N
3346539298,1,0.0014662602334855057,N
2513428378,1,0.0002364943687485077,C
2513428378,1,-0.00013606101654461966,C
2513428378,1,-2.2448565941690646e-05,C
2513428378,1,0.00024395929513554293,C
2513428378,1,-0.00052370624603848,C
2827868305,1,0.000586083294452755,C
2827868305,1,-0.00015754633444420296,C
2827868305,1,-0.00018102972710909437,C
2827868305,1,0.00011613648264896526,C
2827868305,1,-0.00042543330465161233,C
1153219603,1,0.0029013394722202657,C
1153219603,1,0.0032100946484691084,C
1153219603,1,0.002285989400432009,C
1153219603,1,0.001647029329187255,C
1153219603,1,0.002140765050714144,C
516041383,1,0.0004443725772024232,C
516041383,1,-0.00018035935399929315,C
516041383,1,0.00014064299021721016,C
516041383,1,7.688890649359958e-05,C
516041383,1,0.00010409697102797821,C
312306367,1,-0.0006954428011045621,C
312306367,1,-0.000270014648753536,C
312306367,1,-0.0022450972958287796,C
312306367,1,0.0009941222042837428,C
312306367,1,-0.0007425347189194964,C
3925172229,1,0.0,C
3925172229,1,0.0,C
3925172229,1,0.0,C
3925172229,1,0.0,C
3925172229,1,0.0,C
118059098,1,0.0004103969005285757,C
118059098,1,-0.0006428187692535392,C
118059098,1,1.3028451847918454e-05,C
118059098,1,-0.0010918908082618861,C
118059098,1,-0.0004812987756640519,C
3981762496,1,-0.004020372785256354,C
3981762496,1,-0.003048849161054523,C
3981762496,1,-0.006560364120037576,C
3981762496,1,0.00045243474594458544,C
3981762496,1,-0.007620722201512331,C
2122981102,1,0.0,
2122981102,1,0.0,
2122981102,1,0.0,
2122981102,1,0.0,
2122981102,1,0.0,
1506563592,1,-6.416660896624293e-06,C
1506563592,1,3.114779631452347e-05,C
1506563592,1,3.0443097283727738e-05,C
1506563592,1,1.4893671035798306e-05,C
1506563592,1,7.491737855191971e-06,C
2604440622,1,-0.0008545254755881748,C
2604440622,1,-8.184841299485601e-05,C
2604440622,1,-0.001597060272537143,C
2604440622,1,-0.0003240754301476745,C
2604440622,1,0.0001717119752107088,C
1717044408,1,-0.0005231099996244604,C
1717044408,1,0.0007440220637930928,C
1717044408,1,8.89872006537562e-06,C
1717044408,1,-0.001208943870097512,C
1717044408,1,-0.001638828522904645,C
2646219661,1,-0.00023451673264451856,C
2646219661,1,-0.0003882460080102401,C
2646219661,1,-0.000860213617076,C
2646219661,1,0.0004409690724777038,C
2646219661,1,0.0003953351841180508,C
128522177,1,-0.0006633109662008696,C
128522177,1,-0.0016843894566845874,C
128522177,1,-0.0004970726395416847,C
128522177,1,-0.0007503670296049592,C
128522177,1,-0.0010720195983192626,C
2459741777,1,-0.0009014344369631111,O
2459741777,1,-0.0007739545817552207,O
2459741777,1,5.293583991283768e-05,O
2459741777,1,0.0035044653476485887,O
2459741777,1,0.0004349898283663167,O
3612926680,1,0.00014068802291911098,Br
3612926680,1,-6.289420602234586e-05,Br
3612926680,1,0.0001048382196824349,Br
3612926680,1,0.00023045291978962545,Br
3612926680,1,0.0010465587956434153,Br
1792562719,1,0.001978325684207749,S
1792562719,1,0.005078101512148936,S
1792562719,1,0.0017251879097579526,S
1792562719,1,0.0011855542254494145,S
1792562719,1,0.0028616668445317073,S
868576692,1,0.0,
868576692,1,0.0,
868576692,1,0.0,
868576692,1,0.0,
868576692,1,0.0,
1999904870,1,0.0008290798932569787,C
1999904870,1,0.0011687373375395271,C
1999904870,1,0.0019538246450311325,C
1999904870,1,0.0007091097499895005,C
1999904870,1,0.0006963849976489023,C
3532053313,1,0.0,S
3532053313,1,0.0,S
3532053313,1,0.0,S
3532053313,1,0.0,S
3532053313,1,0.0,S
592593828,1,-0.0005428728435615815,C
592593828,1,-0.00011485589358151138,C
592593828,1,-0.00037348667673420266,C
592593828,1,0.0009930019810665547,C
592593828,1,-7.189590757639142e-05,C
3632350815,1,0.0006488914719005034,Br
3632350815,1,0.0007001844121644618,Br
3632350815,1,0.0007958347181654668,Br
3632350815,1,0.0011660828695111425,Br
3632350815,1,0.0011019476989629906,Br
3025629386,1,0.0,C
3025629386,1,0.0,C
3025629386,1,0.0,C
3025629386,1,0.0,C
3025629386,1,0.0,C
3594696610,1,-0.00043647811756741817,C
3594696610,1,-0.0007013650481088041,C
3594696610,1,0.00011679737285719138,C
3594696610,1,-0.00053690255002381,C
3594696610,1,2.291237631202314e-05,C
2212573984,1,5.633984524877622e-05,S
2212573984,1,0.0007151964910142583,S
2212573984,1,5.2040148141863085e-06,S
2212573984,1,-0.00039081393268280973,S
2212573984,1,-0.00020941216913361593,S
3157481675,1,-0.00046921692525836445,C
3157481675,1,-0.001245687826945785,C
3157481675,1,-0.0004194454013851656,C
3157481675,1,-0.0010789761465078707,C
3157481675,1,0.00048552206344421034,C
669222828,1,0.0001094598731928853,C
669222828,1,-0.00043788449572923493,C
669222828,1,9.498244244698917e-05,C
669222828,1,-0.000504720720704066,C
669222828,1,0.00034591458657562413,C
1856075173,1,0.0,C
1856075173,1,0.0,C
1856075173,1,0.0,C
1856075173,1,0.0,C
1856075173,1,0.0,C
618671879,1,0.00041981548948155645,C
618671879,1,0.0020908990168723163,C
618671879,1,0.0009339061670814441,C
618671879,1,-0.0004758968518644435,C
618671879,1,-0.0010237076396651945,C
714893496,1,-0.0009209187758157933,C
714893496,1,0.001298959694960078,C
714893496,1,0.0003509931184420001,C
714893496,1,-0.0010636188940386093,C
714893496,1,-0.001032510643370066,C
1685248591,1,6.741824906275617e-05,C
1685248591,1,7.692780204038296e-05,C
1685248591,1,7.801500978921183e-05,C
1685248591,1,6.281014223830095e-05,C
1685248591,1,8.061770869205453e-05,C
2931695851,1,0.0009855865058293611,C
2931695851,1,0.0016212617979268762,C
2931695851,1,0.00066758385119281,C
2931695851,1,0.0006379584529411231,C
2931695851,1,0.0035089764149904834,C
2222715027,1,0.0015894370115375756,O
2222715027,1,2.315240747641223e-05,O
2222715027,1,0.0008318487889625859,O
2222715027,1,0.00033316534088756455,O
2222715027,1,-0.00041638433222102034,O
1026928756,1,0.00977538216219076,S
1026928756,1,0.002108960131730786,S
1026928756,1,0.004048071320632007,S
1026928756,1,0.004831868110393489,S
1026928756,1,0.0030637772755165438,S
458993620,1,-0.00012733653392460464,N
458993620,1,-0.0005590799897978727,N
458993620,1,0.0017498073788239088,N
458993620,1,-0.0005174105111388494,N
458993620,1,0.00024384384937503611,N
1549284008,1,0.00033302290394632283,C
1549284008,1,-0.0006215384592050954,C
1549284008,1,0.0008720855883684875,C
1549284008,1,-1.0794537673608495e-05,C
1549284008,1,0.0005635011838601711,C
3510196525,1,-2.719372705928258e-05,N
3510196525,1,0.0001675739678690391,N
3510196525,1,2.1866058727115778e-05,N
3510196525,1,0.0001639690019525908,N
3510196525,1,-9.378105206392373e-05,N
909362583,1,-2.8215538247500227e-05,C
909362583,1,-2.4342393376453053e-05,C
909362583,1,-3.6149250872696825e-05,C
909362583,1,-1.1673331994810354e-05,C
909362583,1,-3.5781617202301774e-05,C
2556855854,1,-0.0007854633225098384,C
2556855854,1,-0.001262559921557771,C
2556855854,1,-0.002970577165934851,C
2556855854,1,-0.0005337824477729125,C
2556855854,1,-0.0009785223708351776,C
3888780669,1,-0.0006385108300713815,O
3888780669,1,-5.883340031187512e-05,O
3888780669,1,-0.00015858630933163198,O
3888780669,1,0.0001390471866767884,O
3888780669,1,-0.00032448048690991715,O
2448572767,1,0.0,C
2448572767,1,0.0,C
2448572767,1,0.0,C
2448572767,1,0.0,C
2448572767,1,0.0,C
932692620,1,0.0005032065890994142,C
932692620,1,-4.788624649409989e-05,C
932692620,1,-0.00043671423593294456,C
932692620,1,0.0002593670568403761,C
932692620,1,0.0009320412633672115,C
92620239,1,-0.00012294191936423893,C
92620239,1,0.0027633305656161733,C
92620239,1,-1.49673462385147e-05,C
92620239,1,0.00069944879613415,C
92620239,1,-0.00045020022190345177,C
443932914,1,-0.00016577583944021868,N
443932914,1,-0.00034729991725868103,N
443932914,1,-0.0008681934189090912,N
443932914,1,-0.0003099482716661939,N
443932914,1,-0.0005406996669659048,N
586636525,1,0.0004398099941560485,C
586636525,1,0.0008891482823027985,C
586636525,1,0.00048278372706100914,C
586636525,1,0.0006291063773693484,C
586636525,1,0.00032200253542313817,C
3462479532,1,-2.3112099855615575e-05,C
3462479532,1,-0.00025659421736001775,C
3462479532,1,-0.001194573883196659,C
3462479532,1,-0.0006148210007774768,C
3462479532,1,-0.0010135670546916886,C
2222621677,1,4.492607399608772e-05,O
2222621677,1,7.2015173282480305e-06,O
2222621677,1,2.1459391143507922e-05,O
2222621677,1,4.14362881751007e-05,O
2222621677,1,1.2809663429869111e-05,O
328936174,1,-0.0005533586491314191,C
328936174,1,-0.0004486014551603468,C
328936174,1,-0.0003845785396850987,C
328936174,1,-0.0004943033107872585,C
328936174,1,-3.004531726413795e-05,C
2154777022,1,0.0006651392943171075,C
2154777022,1,0.00016299740537240037,C
2154777022,1,0.0006078795683776006,C
2154777022,1,-0.000541858749847246,C
2154777022,1,0.0004906043398218429,C
3992410619,1,-0.0018925796782344184,C
3992410619,1,-0.0016921980059523278,C
3992410619,1,-0.0005547510349925844,C
3992410619,1,-0.001813900961870063,C
3992410619,1,-0.0012603434574597339,C
3750444818,1,0.0023054362287964203,C
3750444818,1,0.002333051923342766,C
3750444818,1,0.0017747050168953615,C
3750444818,1,0.001079330555040059,C
3750444818,1,0.0009574984277036513,C
2975126068,1,-7.212342253315462e-05,N
2975126068,1,2.2135483144780643e-05,N
2975126068,1,-1.559861697808529e-05,N
2975126068,1,0.0001505049274792558,N
2975126068,1,-0.00017979541376833552,N
2477914203,1,4.7712598958638e-05,N
2477914203,1,0.00021398622792501154,N
2477914203,1,9.128377136680133e-05,N
2477914203,1,4.1011415212843794e-05,N
2477914203,1,7.884592914442212e-05,N
353395765,1,0.0014179983210994562,C
353395765,1,-0.0007643294811187085,C
353395765,1,-0.0008693342458586661,C
353395765,1,0.0013980672698170604,C
353395765,1,-0.00012180829146779537,C
69470421,1,-1.6559914682745536e-05,C
69470421,1,-1.872346261211355e-05,C
69470421,1,-1.6619841958442905e-05,C
69470421,1,6.647000700399364e-05,C
69470421,1,0.00010264776532231679,C
540046244,1,-0.0006111051614141605,C
540046244,1,-0.003022070995178372,C
540046244,1,0.0011298073155064925,C
540046244,1,-0.0038021948382254145,C
540046244,1,0.0007691736946229266,C
4261830945,1,-0.0032963017389844307,C
4261830945,1,-0.0003477443152906101,C
4261830945,1,-0.001146791617211096,C
4261830945,1,-0.0026451966675844485,C
4261830945,1,-0.003826430359780919,C
3904721945,1,-0.0003257723092060516,C
3904721945,1,0.00010484761325191272,C
3904721945,1,-0.0014310950314398996,C
3904721945,1,-0.001265815949815341,C
3904721945,1,8.441596397834594e-05,C
4055698890,1,-0.0002532963867741822,N
4055698890,1,6.820623366809997e-05,N
4055698890,1,-0.00021770270255705437,N
4055698890,1,-0.0002524222427584544,N
4055698890,1,0.0003329718660434189,N
1738265797,1,-0.0029430648619516164,C
1738265797,1,-0.0007740295291729371,C
1738265797,1,-0.0004542086068756168,C
1738265797,1,-0.0010858739032933995,C
1738265797,1,-0.00027891670570301397,C
2014543234,1,0.00035048071785948043,C
2014543234,1,-0.0014504687904225433,C
2014543234,1,-0.00349175893221898,C
2014543234,1,-0.002500144608500565,C
2014543234,1,-0.0052523888791286,C
2697110228,1,-0.0008132129328193294,C
2697110228,1,-0.0003818800425207103,C
2697110228,1,-0.0012569140013558577,C
2697110228,1,-0.0008115322777254574,C
2697110228,1,-0.0012315066260716323,C
694069322,1,0.0028051657212303516,N
694069322,1,0.00037358162493739133,N
694069322,1,0.0016969589310215083,N
694069322,1,0.0011314230640635525,N
694069322,1,0.0004013981948127743,N
3120784405,1,0.00020659354109342498,C
3120784405,1,0.00022801879840350647,C
3120784405,1,3.2879660672002764e-05,C
3120784405,1,6.562891671402227e-05,C
3120784405,1,9.44621513248034e-05,C
2574917850,1,0.0002028481158337092,C
2574917850,1,3.754638752739847e-05,C
2574917850,1,-0.0002273944067896494,C
2574917850,1,-0.0005051049547444286,C
2574917850,1,0.0003430840624463194,C
644322065,1,-0.00013752638767372538,C
644322065,1,-0.00021141585229123017,C
644322065,1,0.00018801863125950113,C
644322065,1,0.00016962510260143393,C
644322065,1,7.751298326330591e-05,C
4068239769,1,0.0010302069738766795,S
4068239769,1,-9.882126552784865e-05,S
4068239769,1,0.000101665080419866,S
4068239769,1,3.8468333632302176e-05,S
4068239769,1,-3.099045255794408e-05,S
606428793,1,-0.002485861090148145,C
606428793,1,-0.001959923524669005,C
606428793,1,-0.002081365406596203,C
606428793,1,-0.001422481734670189,C
606428793,1,-0.0009363008285001584,C
3304582332,1,0.0,C
3304582332,1,0.0,C
3304582332,1,0.0,C
3304582332,1,0.0,C
3304582332,1,0.0,C
3920757710,1,-0.00013668148557544058,C
3920757710,1,-7.070229248784532e-05,C
3920757710,1,-4.95919849160531e-05,C
3920757710,1,0.00012007975724681597,C
3920757710,1,0.0009289000327049601,C
2923200147,1,-0.002430697869563736,C
2923200147,1,-0.0023727936970834307,C
2923200147,1,-0.0011451337479604362,C
2923200147,1,-0.0020001646411494933,C
2923200147,1,-0.0008908535697277342,C
1349404210,1,0.0002192037789716661,N
1349404210,1,0.00026500685440644656,N
1349404210,1,-0.00035883386819768326,N
1349404210,1,0.00015552958773656922,N
1349404210,1,0.00023901151534289067,N
2238101436,1,6.629343702790891e-05,C
2238101436,1,0.0001774631152426931,C
2238101436,1,-8.360222800485317e-06,C
2238101436,1,0.0001815041188509836,C
2238101436,1,8.31217872742096e-05,C
310913359,1,0.0004526775569299035,C
310913359,1,0.00017857484054550898,C
310913359,1,0.0002453684497278896,C
310913359,1,0.0004141305089914171,C
310913359,1,0.0002746528724022479,C
4086265842,1,-0.0005545743669103098,C
4086265842,1,0.001855445039888215,C
4086265842,1,-0.0005214349936842888,C
4086265842,1,0.000277370986727532,C
4086265842,1,-0.0008608295319655346,C
3328145258,1,0.0,C
3328145258,1,0.0,C
3328145258,1,0.0,C
3328145258,1,0.0,C
3328145258,1,0.0,C
3045022511,1,0.0002335863333524646,S
3045022511,1,-0.001095517166702198,S
3045022511,1,-0.001531181102288115,S
3045022511,1,-0.0023023000123768567,S
3045022511,1,-0.0008883360479645663,S
910450790,1,-0.0005013897929220246,C
910450790,1,0.0005025763550556839,C
910450790,1,-0.0007275726222306655,C
910450790,1,-0.0003717399632322538,C
910450790,1,-0.00043179228439504946,C
1216095805,1,0.0007088130439726337,C
1216095805,1,-0.0006863387689428624,C
1216095805,1,-0.0012135464386023864,C
1216095805,1,0.000998985393641627,C
1216095805,1,0.0004202502911292427,C
2187394687,1,0.0006628144775608913,C
2187394687,1,0.0010273011087977846,C
2187394687,1,0.0006493768088901009,C
2187394687,1,0.0006848048596002076,C
2187394687,1,0.0008586795555268756,C
544755086,1,0.0002855256625995395,C
544755086,1,2.476765403647274e-05,C
544755086,1,-5.343571331906105e-05,C
544755086,1,-1.582187190496409e-05,C
544755086,1,-4.7173059106730975e-05,C
2425865203,1,-0.0004977894588091836,C
2425865203,1,-0.00042383614335683717,C
2425865203,1,0.0007592830382033844,C
2425865203,1,0.00045596176523210463,C
2425865203,1,0.00026554846639714746,C
1558658757,1,0.00010643698345247365,C
1558658757,1,-0.00017213498890678025,C
1558658757,1,0.0004179082723740901,C
1558658757,1,-0.0005606632349576257,C
1558658757,1,0.0002981332934084424,C
68675643,1,0.0,
68675643,1,0.0,
68675643,1,0.0,
68675643,1,0.0,
68675643,1,0.0,
2905822145,1,0.0002872739742385555,C
2905822145,1,8.139234231707704e-06,C
2905822145,1,-0.0004498751245219923,C
2905822145,1,-0.0008724393711631029,C
2905822145,1,9.323710521980111e-05,C
2284773903,1,-0.0005700742883767429,C
2284773903,1,0.0004221397564684315,C
2284773903,1,0.0017724814866434402,C
2284773903,1,0.00036400443112172276,C
2284773903,1,-4.896122199415931e-05,C
3835273908,1,-0.001062035961886365,C
3835273908,1,-6.695868457740062e-05,C
3835273908,1,0.00016538815685929187,C
3835273908,1,-0.0005858988100629903,C
3835273908,1,-0.0007598555555954345,C
3249398244,1,3.411087568905291e-05,C
3249398244,1,7.036196776222248e-06,C
3249398244,1,4.256151290926713e-05,C
3249398244,1,2.0667769557891624e-05,C
3249398244,1,0.00010593311677675743,C
3772302167,1,0.0009525680131893255,C
3772302167,1,0.002157803997757335,C
3772302167,1,0.002428703468514426,C
3772302167,1,0.002092565909423194,C
3772302167,1,0.000747429330463012,C
2510215966,1,-4.603033681216395e-06,C
2510215966,1,0.00013472596773012047,C
2510215966,1,2.56113024592608e-05,C
2510215966,1,-6.326009350399175e-05,C
2510215966,1,9.592990044759997e-05,C
3406201864,1,0.0009111832237937989,C
3406201864,1,0.0005520020968422523,C
3406201864,1,0.00028703923773920614,C
3406201864,1,0.00028932816384752424,C
3406201864,1,0.0004644676081696497,C
3684013815,1,-0.0007727183678973848,C
3684013815,1,-0.0013104774752576986,C
3684013815,1,0.00017060127056167662,C
3684013815,1,-0.0019861849873038517,C
3684013815,1,-0.0007979828078988893,C
787341104,1,0.00012721667310722218,C
787341104,1,-0.00013920373546694176,C
787341104,1,-0.0005002734927963548,C
787341104,1,-5.452564461949638e-05,C
787341104,1,0.00018549729031813733,C
1256946769,1,0.0003339246065686696,N
1256946769,1,-0.0003925896710081922,N
1256946769,1,-0.00048665123680102784,N
1256946769,1,-0.00032202014199878004,N
1256946769,1,-7.89156413069092e-05,N
2110118862,1,-0.0018360417904873527,C
2110118862,1,-2.637893843349115e-05,C
2110118862,1,-0.0011786452268813807,C
2110118862,1,-0.001908098753575782,C
2110118862,1,0.0008571490487710998,C
1899422126,1,-0.00022417137059993486,C
1899422126,1,0.0002041213021999333,C
1899422126,1,0.0007213250518025571,C
1899422126,1,-7.659269274751246e-05,C
1899422126,1,-0.00010359764799716675,C
3727960280,1,-0.00012561182375114832,C
3727960280,1,0.0007861874118660905,C
3727960280,1,0.0006384689116453179,C
3727960280,1,-1.0560505761425532e-05,C
3727960280,1,0.0011637630950411815,C
4023654873,1,-0.0007947720758574306,C
4023654873,1,-0.0010041769892186192,C
4023654873,1,1.5557407794131173e-05,C
4023654873,1,-0.0010800976295519682,C
4023654873,1,-0.00012853025948467156,C
467603055,1,-9.465308857503629e-05,C
467603055,1,-0.00043716122745163233,C
467603055,1,0.00012688077222489103,C
467603055,1,-0.0002617001427354104,C
467603055,1,0.00011467102601225854,C
409801989,1,-4.2981886556936466e-05,C
409801989,1,0.0005493164681538154,C
409801989,1,4.908720855922866e-05,C
409801989,1,-0.00010027208247520569,C
409801989,1,0.00022645660020503833,C
1289643292,1,-0.0006139891872849468,N
1289643292,1,-0.0008440876302058253,N
1289643292,1,-0.0002135291902797265,N
1289643292,1,-0.000611562026782142,N
1289643292,1,-0.0005295466681141114,N
3011598321,1,-0.0009551612855125402,C
3011598321,1,-0.0013159403435301087,C
3011598321,1,-0.0016132634481584862,C
3011598321,1,-0.0008140800495832767,C
3011598321,1,-0.00034357456527356334,C
3460898310,1,0.0002114705831511854,N
3460898310,1,-0.0006791712511251546,N
3460898310,1,0.00022491590250872662,N
3460898310,1,-0.0002917267953487235,N
3460898310,1,-3.313644872537935e-05,N
2971716993,1,-7.440174378192665e-05,N
2971716993,1,-6.166525759798702e-06,N
2971716993,1,2.010653421236075e-05,N
2971716993,1,1.4102115325154152e-05,N
2971716993,1,-2.778370077971548e-05,N
1556668346,1,3.855896465121411e-05,N
1556668346,1,0.00011830521566436047,N
1556668346,1,-0.00019699966936803648,N
1556668346,1,0.001724282998851412,N
1556668346,1,0.0013490151763339009,N
4022716898,1,0.0,C
4022716898,1,0.0,C
4022716898,1,0.0,C
4022716898,1,0.0,C
4022716898,1,0.0,C
2458968089,1,-7.4271520877911e-05,C
2458968089,1,-9.570369974132298e-05,C
2458968089,1,0.00040272858633971786,C
2458968089,1,-0.0007007433787625805,C
2458968089,1,1.999655582274329e-05,C
4164236649,1,-0.0006305636991401631,C
4164236649,1,-0.0008659752821009725,C
4164236649,1,-0.00016713250436684035,C
4164236649,1,-0.0006251680636304435,C
4164236649,1,-0.0004501993016144956,C
2154975788,1,0.0008353956416117247,C
2154975788,1,0.00030544673934151945,C
2154975788,1,0.0003729056155150623,C
2154975788,1,0.000557785442935721,C
2154975788,1,0.000577190147970974,C
3248686995,1,-0.000318698348797386,C
3248686995,1,-0.0008769105058362703,C
3248686995,1,-0.00037408964986473947,C
3248686995,1,-0.0008562450331496274,C
3248686995,1,-0.0007069256704055338,C
3909974435,1,-0.0002806927541757487,C
3909974435,1,-0.00016011746890720602,C
3909974435,1,5.9245152669196166e-05,C
3909974435,1,-0.0004241037239229861,C
3909974435,1,-0.0003106699176181893,C
3012080282,1,-0.00020660500039892948,C
3012080282,1,4.735697497915137e-05,C
3012080282,1,6.023892203765868e-05,C
3012080282,1,0.0006994611007913321,C
3012080282,1,0.0003102946433434228,C
3462333187,1,0.002083485321043854,C
3462333187,1,0.001814511064673896,C
3462333187,1,0.000645145803107039,C
3462333187,1,0.0010421034307718235,C
3462333187,1,0.001661076004885853,C
1229325558,1,0.0011572437735120067,N
1229325558,1,-8.724683420191504e-05,N
1229325558,1,0.0023166076829833626,N
1229325558,1,0.0009171100967197976,N
1229325558,1,0.0008320470780618372,N
3599139274,1,-0.0003089713942248107,C
3599139274,1,0.0005088722004470414,C
3599139274,1,-0.00027736005433021127,C
3599139274,1,0.0009185497564284661,C
3599139274,1,-0.0002363961759510591,C
806369437,1,-5.778302989245532e-05,C
806369437,1,-0.00019496242805772113,C
806369437,1,0.0001658684688663481,C
806369437,1,-0.000329975137411731,C
806369437,1,-0.0001177424378318026,C
2395259406,1,-0.0005357668798098292,C
2395259406,1,-0.00037471602815408733,C
2395259406,1,0.0004081611580136757,C
2395259406,1,0.00014549894322291035,C
2395259406,1,0.00019080122840220426,C
864942795,1,0.0,O
864942795,1,0.0,O
864942795,1,0.0,O
864942795,1,0.0,O
864942795,1,0.0,O
1785683843,1,-7.65674239998626e-05,C
1785683843,1,-7.31856459343927e-05,C
1785683843,1,-0.00029863237569671686,C
1785683843,1,-0.0009642494249573197,C
1785683843,1,0.000977288312216884,C
2516197204,1,0.00012368305424492743,C
2516197204,1,6.049914952876989e-05,C
2516197204,1,4.8784476682661726e-05,C
2516197204,1,8.672396188935672e-05,C
2516197204,1,9.467272464525056e-05,C
2295519362,1,-0.0002722096926227602,C
2295519362,1,-0.001385312009292039,C
2295519362,1,0.0012872975707546308,C
2295519362,1,-0.0007834384371727676,C
2295519362,1,-0.0018771261409833429,C
2598322190,1,1.2398590504947293e-05,C
2598322190,1,3.4436346374455695e-06,C
2598322190,1,0.00016196896840003916,C
2598322190,1,0.00024841982150636266,C
2598322190,1,-0.00024902328807285823,C
3153477100,1,1.7812174954667803e-05,C
3153477100,1,0.00018399431536730848,C
3153477100,1,-0.00023105311812532392,C
3153477100,1,-1.8396167867806845e-05,C
3153477100,1,-5.4981775416518275e-05,C
2192318254,1,-0.00019090213659689326,O
2192318254,1,-0.00012472429976939647,O
2192318254,1,-0.00019700049321469404,O
2192318254,1,-1.606039686119498e-05,O
2192318254,1,-0.00012339706387143323,O
1619222458,1,0.0,C
1619222458,1,0.0,C
1619222458,1,0.0,C
1619222458,1,0.0,C
1619222458,1,0.0,C
3824063894,1,0.0009145098447458366,C
3824063894,1,0.0018634347286099473,C
3824063894,1,-0.000821388374733778,C
3824063894,1,0.002861264855525514,C
3824063894,1,0.0009076924292302779,C
885026269,1,-0.00038322418494673993,C
885026269,1,-0.000441194098609321,C
885026269,1,0.0003763562760937811,C
885026269,1,-0.00032579706683943943,C
885026269,1,-0.00046513939375825153,C
472281497,1,-6.756235367810781e-05,C
472281497,1,0.00029650648831602844,C
472281497,1,-0.00037390316996044337,C
472281497,1,7.383053414966589e-06,C
472281497,1,-0.0006363368760687882,C
2599973650,1,-0.00015355136014016946,N
2599973650,1,-0.0004167482375354581,N
2599973650,1,-0.0009039748568018258,N
2599973650,1,0.00032271304105502274,N
2599973650,1,-3.666654557288318e-05,N
1582607016,1,-0.0003971332622652035,C
1582607016,1,-0.00010263915702546367,C
1582607016,1,-9.049885008238778e-05,C
1582607016,1,-0.00012969856299283045,C
1582607016,1,-0.00041710110358061936,C
1564511222,1,-0.00015019627315659978,C
1564511222,1,-6.647842204732246e-05,C
1564511222,1,3.4602888424939415e-05,C
1564511222,1,-0.00011385028514987461,C
1564511222,1,-0.00015745319339777186,C
3291149959,1,0.0,C
3291149959,1,0.0,C
3291149959,1,0.0,C
3291149959,1,0.0,C
3291149959,1,0.0,C
717151242,1,0.00011730616993810283,O
717151242,1,-0.00011038262998508408,O
717151242,1,-0.00011269779256961598,O
717151242,1,-0.0001588908648781917,O
717151242,1,-9.905920179831273e-05,O
2664995851,1,0.0,
2664995851,1,0.0,
2664995851,1,0.0,
2664995851,1,0.0,
2664995851,1,0.0,
4239037249,1,0.0,C
4239037249,1,0.0,C
4239037249,1,0.0,C
4239037249,1,0.0,C
4239037249,1,0.0,C
166544320,1,-0.0008734131924017507,C
166544320,1,-0.00022007951303582018,C
166544320,1,-0.0009673740461482172,C
166544320,1,-0.0006038578277263174,C
166544320,1,-0.00103835873923952,C
2369690741,1,8.174504329250265e-05,C
2369690741,1,3.256804340856512e-05,C
2369690741,1,0.00029220461010681653,C
2369690741,1,0.0008943321198481291,C
2369690741,1,-0.00031069867161981346,C
3234104871,1,0.0003217642919521868,C
3234104871,1,0.00016676222159772713,C
3234104871,1,0.0003929854998875326,C
3234104871,1,7.884890213527562e-05,C
3234104871,1,-1.67499866060572e-05,C
616374597,1,0.002457258199582535,C
616374597,1,0.0012331139531952529,C
616374597,1,0.0009999921295341663,C
616374597,1,0.0010570193880247158,C
616374597,1,0.0008375712130141988,C
2974534217,1,3.8826242108380704e-05,C
2974534217,1,4.3920201867386766e-05,C
2974534217,1,0.00010853633533325358,C
2974534217,1,6.556086703690678e-05,C
2974534217,1,7.641914696931984e-05,C
828793177,1,-0.0005417579234251457,N
828793177,1,-0.0008204645869998028,N
828793177,1,-0.00016102245404914228,N
828793177,1,-0.0006526011722661762,N
828793177,1,0.00023519239154567995,N
368713488,1,-7.560078669166526e-05,C
368713488,1,-0.00019181034790793916,C
368713488,1,-0.0006996291963686785,C
368713488,1,8.448805280725225e-06,C
368713488,1,-8.578020678806642e-05,C
3177362943,1,-0.00029861837525868573,C
3177362943,1,0.0004616798672925082,C
3177362943,1,0.0016744193308356747,C
3177362943,1,0.0003693252480370113,C
3177362943,1,0.00019719319186273232,C
912632640,1,-0.0006015967955943502,C
912632640,1,-7.817218168815199e-05,C
912632640,1,-0.00028281442259958656,C
912632640,1,-0.0005485199102202021,C
912632640,1,-0.00019680349820649923,C
214126897,1,-0.002531256225214773,C
214126897,1,-0.0017711819645431781,C
214126897,1,-0.0011248640719072611,C
214126897,1,-0.002118666771957045,C
214126897,1,-0.0021281812515779874,C
4212936508,1,0.0011879907510201626,N
4212936508,1,-0.0007105640361122489,N
4212936508,1,0.0015234372583943223,N
4212936508,1,0.0014859533597132435,N
4212936508,1,0.0029272202265008263,N
3376021752,1,0.0009602137001706312,O
3376021752,1,0.0008285601087252292,O
3376021752,1,0.0011919466775792698,O
3376021752,1,0.0016297383126410159,O
3376021752,1,0.0003167767940578381,O
2987120039,1,0.0008410947989958562,C
2987120039,1,0.0015245601814798393,C
2987120039,1,0.001436725511549386,C
2987120039,1,0.001246159002591174,C
2987120039,1,0.0025332772165008732,C
3816921572,1,0.00032435299336042167,C
3816921572,1,0.0007991989829863044,C
3816921572,1,0.0008174316672407977,C
3816921572,1,0.0006361864393314987,C
3816921572,1,-8.810287652816218e-05,C
203749390,1,0.0009116741265846606,C
203749390,1,-0.0017632776706169029,C
203749390,1,0.0024270985560772562,C
203749390,1,0.003030605646690887,C
203749390,1,0.0008734170236497363,C
992462230,1,-0.007687710219954069,C
992462230,1,-0.006043292749485452,C
992462230,1,-0.006549541837099437,C
992462230,1,-0.005537303654776338,C
992462230,1,-0.004983885475844718,C
1506993418,1,9.366168193247759e-07,C
1506993418,1,1.3372553782087238e-06,C
1506993418,1,8.657683597812493e-07,C
1506993418,1,-3.854699911487458e-07,C
1506993418,1,-1.7268388774471788e-07,C
1486598263,1,-0.001047758381327757,C
1486598263,1,-0.0007615904389028927,C
1486598263,1,-0.001286487156146654,C
1486598263,1,-0.0007639769187033352,C
1486598263,1,-0.0010480718356646879,C
1914416804,1,-6.254534150373914e-05,N
1914416804,1,0.00045583447386465803,N
1914416804,1,0.0008695061737400422,N
1914416804,1,0.0006467648661319103,N
1914416804,1,0.0005902363270219313,N
54936104,1,0.003965372170583681,C
54936104,1,0.0013347821377864832,C
54936104,1,0.00323636942070904,C
54936104,1,4.7893694776424134e-05,C
54936104,1,0.0008408019978979331,C
3090652201,1,0.00029736936182978013,C
3090652201,1,0.00028616873325515435,C
3090652201,1,0.0006649889104328732,C
3090652201,1,7.979359216880866e-05,C
3090652201,1,0.0006278041142339097,C
2987687375,1,-0.0009326435997085714,C
2987687375,1,-0.00017152549510790482,C
2987687375,1,-0.00018553666886833575,C
2987687375,1,-0.0008457953435853094,C
2987687375,1,-0.00015088838301546836,C
2296493092,1,0.0003423136208243749,N
2296493092,1,0.00018831629645299497,N
2296493092,1,-0.0003407366011808355,N
2296493092,1,0.0005644457533241498,N
2296493092,1,0.0006989134659781682,N
668520641,1,0.0009831770810322382,C
668520641,1,0.000806948382250261,C
668520641,1,0.0010644567631877822,C
668520641,1,-0.000294683370615223,C
668520641,1,-0.0001638183233988455,C
848127915,1,0.0,N
848127915,1,0.0,N
848127915,1,0.0,N
848127915,1,0.0,N
848127915,1,0.0,N
2378775366,1,0.0,O
2378775366,1,0.0,O
2378775366,1,0.0,O
2378775366,1,0.0,O
2378775366,1,0.0,O
2592785365,1,-0.0005773884366080395,N
2592785365,1,-0.0005020726320213997,N
2592785365,1,-0.00031385849442810976,N
2592785365,1,-0.0004447261221977028,N
2592785365,1,-4.136208101368499e-05,N
460073430,1,-0.0008841215839394678,C
460073430,1,-3.938831089755901e-05,C
460073430,1,-0.00034601435953995896,C
460073430,1,0.0002367437586670018,C
460073430,1,-5.432362855717354e-05,C
2378779377,1,0.0,O
2378779377,1,0.0,O
2378779377,1,0.0,O
2378779377,1,0.0,O
2378779377,1,0.0,O
4194366826,1,-3.986642648490246e-05,C
4194366826,1,-0.00011916557545221806,C
4194366826,1,-6.9556398510362e-05,C
4194366826,1,0.00013918813831692578,C
4194366826,1,-0.00010565435659271039,C
1136130381,1,0.006329288252779008,C
1136130381,1,0.004934304040539295,C
1136130381,1,0.007437701943653896,C
1136130381,1,0.00538533886621706,C
1136130381,1,0.006864667167895688,C
1646750527,1,-3.766916873448878e-05,C
1646750527,1,1.4350641757254756e-05,C
1646750527,1,0.0008251811915346297,C
1646750527,1,0.002485762211387743,C
1646750527,1,-0.00030591083971498456,C
1163692816,1,-0.0004758547938982227,N
1163692816,1,-0.00019433705047722238,N
1163692816,1,-0.0007969007614015977,N
1163692816,1,8.305542049713566e-05,N
1163692816,1,-0.0005492480552241608,N
1840994228,1,-0.0001944622395664286,C
1840994228,1,-3.862398268406064e-05,C
1840994228,1,0.000687749872856358,C
1840994228,1,3.585411692219598e-05,C
1840994228,1,-0.0003471954627478624,C
2609658248,1,-0.0018001705159254033,C
2609658248,1,-0.001797572080755705,C
2609658248,1,-0.0012671138415522032,C
2609658248,1,-0.0012922526785461574,C
2609658248,1,-0.0014636753463409535,C
2353583745,1,0.0015441433102573177,C
2353583745,1,0.0009547052379313969,C
2353583745,1,0.001001781666399859,C
2353583745,1,0.0013613232493637772,C
2353583745,1,0.0014037936163804332,C
3443041413,1,-0.0001358154789272703,C
3443041413,1,-0.000125095570360223,C
3443041413,1,0.0002012392495207571,C
3443041413,1,0.00014398282277217067,C
3443041413,1,-0.0002312132380105636,C
3286720230,1,0.0013121293646535248,C
3286720230,1,0.0011169816426083168,C
3286720230,1,0.001273280741695637,C
3286720230,1,0.001070450958269742,C
3286720230,1,0.000639195366580525,C
1449131080,1,-0.002239597819477246,C
1449131080,1,-0.0008279643381886581,C
1449131080,1,0.0013799983118035763,C
1449131080,1,0.0007368450551870076,C
1449131080,1,0.001077582091477014,C
636971230,1,0.0006519788161035711,C
636971230,1,0.0027585623097620138,C
636971230,1,0.001138877671251537,C
636971230,1,0.0005754632274578286,C
636971230,1,-0.0010897555466902187,C
2251845666,1,0.0006431564410782631,C
2251845666,1,0.00044648565893568026,C
2251845666,1,0.0005837126683440053,C
2251845666,1,0.0005270846326075329,C
2251845666,1,0.0006097834399998447,C
305828102,1,0.0,C
305828102,1,0.0,C
305828102,1,0.0,C
305828102,1,0.0,C
305828102,1,0.0,C
2810604122,1,-6.24220973950429e-05,C
2810604122,1,-0.00011873964621422761,C
2810604122,1,-1.8179132575291135e-05,C
2810604122,1,-7.665671868894997e-05,C
2810604122,1,-6.332096576622259e-05,C
979999009,1,0.0001293864440277126,C
979999009,1,7.572980801850981e-05,C
979999009,1,5.518882288813032e-05,C
979999009,1,3.219851203473123e-05,C
979999009,1,0.0004647231187030476,C
4083722611,1,0.00014902416746809255,C
4083722611,1,8.863420321703064e-05,C
4083722611,1,0.0001360282309106342,C
4083722611,1,0.0003352831391283395,C
4083722611,1,0.00022725596439976403,C
849275503,1,0.0,N
849275503,1,0.0,N
849275503,1,0.0,N
849275503,1,0.0,N
849275503,1,0.0,N
3533643770,1,0.000364408250403625,C
3533643770,1,0.0003438539299203125,C
3533643770,1,-0.00016431846754683122,C
3533643770,1,0.001194567580663608,C
3533643770,1,0.001958027429710185,C
594486406,1,0.0,
594486406,1,0.0,
594486406,1,0.0,
594486406,1,0.0,
594486406,1,0.0,
2697642734,1,-0.00010479539909447055,O
2697642734,1,-2.5886848643796867e-05,O
2697642734,1,-7.364343574101095e-05,O
2697642734,1,8.605946234452322e-05,O
2697642734,1,7.118259499605539e-05,O
3345225135,1,-0.0029314494732732843,N
3345225135,1,-0.0018032670606882295,N
3345225135,1,-0.0012229531973126928,N
3345225135,1,-0.0015420000533795664,N
3345225135,1,-0.0024205672425754443,N
1348783936,1,8.008382728919017e-05,C
1348783936,1,-0.0003930207070100833,C
1348783936,1,-0.00015010568955942105,C
1348783936,1,-0.0007464937550352158,C
1348783936,1,-0.0014416333495692601,C
3848368466,1,-3.319809762514225e-05,C
3848368466,1,6.776218143067503e-05,C
3848368466,1,2.490461387361087e-05,C
3848368466,1,-0.00010529968717865046,C
3848368466,1,-5.963206925940767e-05,C
4130182993,1,-4.098959047016404e-05,C
4130182993,1,8.81542619157738e-06,C
4130182993,1,-4.380171353646212e-05,C
4130182993,1,-4.098959047016404e-05,C
4130182993,1,-9.94175937676367e-05,C
994637429,1,-3.716710858414629e-05,N
994637429,1,-0.0011302090783879004,N
994637429,1,-0.0003864381989022725,N
994637429,1,7.058006934235195e-05,N
994637429,1,-0.00017098248419478157,N
1868697328,1,0.0,
1868697328,1,0.0,
1868697328,1,0.0,
1868697328,1,0.0,
1868697328,1,0.0,
485458970,1,-6.457471305365559e-05,F
485458970,1,-0.00013096264884893127,F
485458970,1,-1.2150486864870302e-05,F
485458970,1,-5.7283772807670275e-05,F
485458970,1,-6.442218103375197e-05,F
1971534293,1,-0.0013676486009787103,O
1971534293,1,-0.0012616131812606124,O
1971534293,1,-0.0016056859287372216,O
1971534293,1,-0.0020805550311916443,O
1971534293,1,-0.0008698332230496764,O
2667063169,1,-0.00028251416634361703,O
2667063169,1,-9.997375238945949e-05,O
2667063169,1,-1.6238998363782287e-06,O
2667063169,1,0.00012438326838937197,O
2667063169,1,-0.000318966514197605,O
831463242,1,-3.628110287545727e-05,N
831463242,1,0.00035016468920101573,N
831463242,1,7.275757511737702e-05,N
831463242,1,1.4733380165221632e-05,N
831463242,1,0.001260711603533582,N
473978627,1,-0.0004141731096453105,C
473978627,1,-0.0008095894974861073,C
473978627,1,0.0004281130226467811,C
473978627,1,0.0016753832198117546,C
473978627,1,8.871951775457632e-05,C
2251883808,1,-0.00011781198935867376,C
2251883808,1,-0.000588699984411134,C
2251883808,1,-0.00016803116153329967,C
2251883808,1,-0.0017199966039210812,C
2251883808,1,-0.0007642956759313924,C
2959332130,1,0.0008260515230222865,C
2959332130,1,0.001698834087126344,C
2959332130,1,0.0009197887868909183,C
2959332130,1,0.001962739606790387,C
2959332130,1,0.0008219327462480885,C
256204769,1,0.00036535124871917013,C
256204769,1,-7.19340582876482e-05,C
256204769,1,0.0003763088059600683,C
256204769,1,-0.0001376007521394218,C
256204769,1,8.421269773795093e-05,C
2194376677,1,-0.000552033352943071,C
2194376677,1,0.0004901732288697946,C
2194376677,1,0.00039602447547604225,C
2194376677,1,-0.0007067601197763285,C
2194376677,1,-0.00032501743123136695,C
800085213,1,-0.0007977652730396523,C
800085213,1,0.0009156972967857557,C
800085213,1,-0.00022996884203763113,C
800085213,1,0.0011319659132126292,C
800085213,1,-0.0002754497223552699,C
3705139132,1,0.0011582591501191342,C
3705139132,1,0.0004022600670040566,C
3705139132,1,0.0009358405422398297,C
3705139132,1,0.001151273979458467,C
3705139132,1,0.0006026913486445462,C
2834566420,1,-5.806793033313884e-05,C
2834566420,1,-0.00018735524059765307,C
2834566420,1,-0.00018421565539228357,C
2834566420,1,-0.000265490549687164,C
2834566420,1,-6.087140354327225e-06,C
3341916169,1,0.0,C
3341916169,1,0.0,C
3341916169,1,0.0,C
3341916169,1,0.0,C
3341916169,1,0.0,C
1186654798,1,0.0004984644819360229,C
1186654798,1,0.0006013632839069194,C
1186654798,1,0.0005708563552526691,C
1186654798,1,0.0007310904863097045,C
1186654798,1,0.0008062413023930404,C
215394313,1,0.0003933200590517938,C
215394313,1,-2.5188025087996557e-05,C
215394313,1,-0.00037061153325335106,C
215394313,1,0.00042973636880716537,C
215394313,1,-3.860773797326189e-06,C
816543468,1,-3.952935775675126e-05,C
816543468,1,-4.407037483056264e-05,C
816543468,1,7.0573505854820695e-06,C
816543468,1,1.5488242924854845e-06,C
816543468,1,0.0,C
3796970912,1,0.0010238599303477036,C
3796970912,1,0.0007055540327612908,C
3796970912,1,0.000288127089286605,C
3796970912,1,0.000704059140541502,C
3796970912,1,0.0008287404254421205,C
3028039221,1,-0.000977879479181154,N
3028039221,1,0.0006514845854290741,N
3028039221,1,0.0009555897988737794,N
3028039221,1,0.0015829755763520081,N
3028039221,1,0.00033916581883053354,N
2261212172,1,3.476390501722104e-05,C
2261212172,1,-9.270990721521599e-05,C
2261212172,1,-4.6416875126631396e-05,C
2261212172,1,-6.861231552357516e-05,C
2261212172,1,-9.038551615481172e-05,C
4182960975,1,-0.00013029084590487905,C
4182960975,1,-0.0007622611496257425,C
4182960975,1,-0.0005026917453031521,C
4182960975,1,-0.0007945931212312018,C
4182960975,1,-0.0006526982676192672,C
2438720939,1,0.0,C
2438720939,1,0.0,C
2438720939,1,0.0,C
2438720939,1,0.0,C
2438720939,1,0.0,C
1033192140,1,1.8150161407382015e-05,C
1033192140,1,6.9487937167656e-06,C
1033192140,1,-4.277133338059791e-06,C
1033192140,1,-1.2211057302868866e-05,C
1033192140,1,2.960003180851878e-05,C
1630528126,1,8.263591942569981e-05,C
1630528126,1,9.983913050193305e-05,C
1630528126,1,-1.6152327575458258e-06,C
1630528126,1,-0.00010535477668793813,C
1630528126,1,-2.8032750627349223e-05,C
3974650111,1,-8.167796692992724e-06,C
3974650111,1,-2.266626899638524e-05,C
3974650111,1,-3.1543424496849326e-06,C
3974650111,1,-1.661484782666811e-05,C
3974650111,1,-2.0811787561525463e-05,C
1910766508,1,0.0,C
1910766508,1,0.0,C
1910766508,1,0.0,C
1910766508,1,0.0,C
1910766508,1,0.0,C
4081537576,1,-0.0007252714678054328,C
4081537576,1,-0.001283385051131014,C
4081537576,1,0.0001411495030160248,C
4081537576,1,-0.0008452545618543583,C
4081537576,1,-0.0012166182197583808,C
1255595680,1,-1.9351898205011153e-06,C
1255595680,1,-0.0009579876818877064,C
1255595680,1,-7.905910813532646e-05,C
1255595680,1,-0.0011274812342113583,C
1255595680,1,-0.0007589962686088692,C
1630260676,1,0.0,C
1630260676,1,0.0,C
1630260676,1,0.0,C
1630260676,1,0.0,C
1630260676,1,0.0,C
3129492592,1,5.527844140640337e-05,C
3129492592,1,6.226131001985102e-06,C
3129492592,1,0.00018740765781299906,C
3129492592,1,-3.1075260645940794e-05,C
3129492592,1,1.3002474174239609e-05,C
781912670,1,0.0,C
781912670,1,0.0,C
781912670,1,0.0,C
781912670,1,0.0,C
781912670,1,0.0,C
2487927669,1,0.0011538426427653015,C
2487927669,1,0.0009028449433563512,C
2487927669,1,-0.0002998159392487709,C
2487927669,1,0.0012253868581902916,C
2487927669,1,-0.00032305510627061995,C
3787488754,1,3.2295399450488205e-05,C
3787488754,1,-2.1688710314382575e-05,C
3787488754,1,2.350028117981129e-05,C
3787488754,1,7.098338969624418e-05,C
3787488754,1,2.0466813533737138e-05,C
2308348490,1,-0.000487395884958719,C
2308348490,1,-0.0005634143883207487,C
2308348490,1,-0.0005981891226095604,C
2308348490,1,-0.000469212886571313,C
2308348490,1,-0.0004180881545087223,C
2333272823,1,0.00016948768600688613,C
2333272823,1,-0.0002576721480437305,C
2333272823,1,-0.0003476761713768761,C
2333272823,1,0.00027212707925250434,C
2333272823,1,-2.730381318261088e-05,C
2812398603,1,0.0011662200097449782,C
2812398603,1,0.000227589569100628,C
2812398603,1,-7.503964212784986e-06,C
2812398603,1,0.00018318416576856844,C
2812398603,1,-0.0006608281184583564,C
2999514534,1,5.6130523944819544e-05,C
2999514534,1,0.0004368331020897509,C
2999514534,1,4.344373080711339e-05,C
2999514534,1,-0.0001738332677536647,C
2999514534,1,-0.00033851020465558435,C
3222770065,1,-0.0010729020216426743,C
3222770065,1,-0.00046136798073603824,C
3222770065,1,-0.0006349497435812479,C
3222770065,1,-0.0008203324833989667,C
3222770065,1,-0.0008280865386139924,C
3491109101,1,-0.001794623678370466,C
3491109101,1,-0.0021541905203770195,C
3491109101,1,-0.0027536530031770923,C
3491109101,1,-0.001586608430706904,C
3491109101,1,-0.0032343089697725036,C
1255626466,1,-0.0010153918876808499,N
1255626466,1,-0.0014017413692682945,N
1255626466,1,-0.001556918723525036,N
1255626466,1,0.00023856126903032404,N
1255626466,1,-0.0013854865551505835,N
3289231689,1,-4.848866238194027e-06,C
3289231689,1,-6.268659473174232e-06,C
3289231689,1,-8.09204234508698e-06,C
3289231689,1,1.3378285651621802e-05,C
3289231689,1,1.7536893761715966e-05,C
3745584548,1,0.0,C
3745584548,1,0.0,C
3745584548,1,0.0,C
3745584548,1,0.0,C
3745584548,1,0.0,C
1914229733,1,0.0004035454915117809,C
1914229733,1,0.00021398687684959228,C
1914229733,1,0.00014379029786770747,C
1914229733,1,1.0973447552964366e-05,C
1914229733,1,-0.00015521343035052038,C
216545222,1,-0.0001933057620780998,N
216545222,1,-0.00015246002691260419,N
216545222,1,-0.0004088535294300977,N
216545222,1,-0.0003538087477595875,N
216545222,1,-0.0003539854259192454,N
2331740049,1,-0.000352576932211357,N
2331740049,1,-0.0015168343678164664,N
2331740049,1,-0.0012328425265034637,N
2331740049,1,-0.0008358290696907078,N
2331740049,1,-0.001874920439997818,N
2355446912,1,-0.0003149861259874598,C
2355446912,1,0.0005214142557085077,C
2355446912,1,0.0005413453688826175,C
2355446912,1,-0.0023732988931256527,C
2355446912,1,0.00018053266684248115,C
859799282,1,-3.405557494673417e-05,C
859799282,1,7.974356460715981e-07,C
859799282,1,-2.92773363219645e-07,C
859799282,1,0.00016596333541074593,C
859799282,1,9.280224940244608e-05,C
3811375594,1,0.003054131591814002,C
3811375594,1,0.0006066103916528842,C
3811375594,1,0.002485842755231449,C
3811375594,1,0.000721345634373316,C
3811375594,1,0.0015329678405109348,C
144568923,1,0.0,C
144568923,1,0.0,C
144568923,1,0.0,C
144568923,1,0.0,C
144568923,1,0.0,C
2557045420,1,-3.697397530644242e-05,N
2557045420,1,-3.528092573401587e-05,N
2557045420,1,-4.6720166373637184e-05,N
2557045420,1,-2.750865176215367e-05,N
2557045420,1,-2.9880612374855176e-05,N
4265716399,1,-0.00011723322121781621,N
4265716399,1,0.0004892796816376999,N
4265716399,1,0.00016634091094236414,N
4265716399,1,0.000995546518723689,N
4265716399,1,0.0007791066968220184,N
778974661,1,0.0,
778974661,1,0.0,
778974661,1,0.0,
778974661,1,0.0,
778974661,1,0.0,
3914061263,1,2.1820263795824246e-06,C
3914061263,1,7.2915359708991545e-06,C
3914061263,1,7.150554693469147e-06,C
3914061263,1,7.493946153624975e-07,C
3914061263,1,9.092848686220734e-06,C
3330819572,1,0.0023373089682910964,C
3330819572,1,0.0032692399903154756,C
3330819572,1,0.0006531039790834692,C
3330819572,1,0.0014689279293275126,C
3330819572,1,0.003332832966536192,C
1674219510,1,0.0,
1674219510,1,0.0,
1674219510,1,0.0,
1674219510,1,0.0,
1674219510,1,0.0,
2170404731,1,-0.0006616545804545293,C
2170404731,1,-0.0007867621963865146,C
2170404731,1,-0.0009805713259325444,C
2170404731,1,-0.0016209563045831432,C
2170404731,1,-0.0012394901174197503,C
3116051204,1,-7.701329209996999e-05,C
3116051204,1,0.0001959309249047747,C
3116051204,1,-3.461611620791949e-05,C
3116051204,1,3.960935640734409e-05,C
3116051204,1,0.00019604205897760796,C
493191496,1,0.00014257285218566285,C
493191496,1,-0.0005124125567402826,C
493191496,1,-0.0005196169542943663,C
493191496,1,-0.0007647510055478479,C
493191496,1,-0.0003173539538252612,C
851463431,1,-0.0001724708626295035,C
851463431,1,-3.4562095598822395e-06,C
851463431,1,0.0001556264704516419,C
851463431,1,-0.0003340416256832901,C
851463431,1,5.808989494182626e-05,C
2839110432,1,-0.0008721980240784521,C
2839110432,1,-0.0007344095685956065,C
2839110432,1,-0.0001842647640146744,C
2839110432,1,-0.0004584676356543804,C
2839110432,1,-0.00020155786497810801,C
1913726790,1,0.00167348050987981,C
1913726790,1,-0.0015828544681907308,C
1913726790,1,0.0004001261116692856,C
1913726790,1,-0.0010521595252197535,C
1913726790,1,0.0021533384732690397,C
512485612,1,0.0,
512485612,1,0.0,
512485612,1,0.0,
512485612,1,0.0,
512485612,1,0.0,
3631761933,1,0.0,C
3631761933,1,0.0,C
3631761933,1,0.0,C
3631761933,1,0.0,C
3631761933,1,0.0,C
3254486562,1,8.736839623779691e-05,C
3254486562,1,6.957473135804637e-05,C
3254486562,1,-0.0010803075897904968,C
3254486562,1,-0.0013867391547722763,C
3254486562,1,-0.0009956887834104977,C
1163048604,1,0.0007463383569251691,C
1163048604,1,0.0006140176993959523,C
1163048604,1,0.001047215179748484,C
1163048604,1,0.00045600496144104774,C
1163048604,1,0.0006147571367913773,C
265892994,1,0.0001530937218293671,O
265892994,1,5.7329622267232594e-05,O
265892994,1,0.00022946163964787658,O
265892994,1,0.00010992865692038833,O
265892994,1,0.000219388424555933,O
2328129879,1,7.155912322698299e-07,O
2328129879,1,-3.556420362382795e-05,O
2328129879,1,2.0320942199725245e-05,O
2328129879,1,4.984215486592003e-05,O
2328129879,1,-5.1818844828521726e-05,O
3048383039,1,-0.00040366819509640717,C
3048383039,1,5.1931891027146015e-05,C
3048383039,1,0.0001963307028558514,C
3048383039,1,0.00034524997675766667,C
3048383039,1,-6.743583315649282e-05,C
1222631225,1,0.00047910371161064,C
1222631225,1,-5.4766086219903976e-05,C
1222631225,1,-0.00014074909194494722,C
1222631225,1,4.7069237404051556e-05,C
1222631225,1,6.577358087056506e-05,C
1272192549,1,-0.0006734507152578173,C
1272192549,1,-0.00014634978505445595,C
1272192549,1,-0.0010861560858339558,C
1272192549,1,-0.0005727769092727097,C
1272192549,1,-0.0007699417619563276,C
222023415,1,0.00048512498258379555,N
222023415,1,-0.00030557996864177817,N
222023415,1,-0.0006054602914860041,N
222023415,1,-2.857822169266555e-05,N
222023415,1,-0.00024681256548808594,N
617798156,1,0.00010206725473971279,O
617798156,1,0.0002475584018187815,O
617798156,1,0.0004647473746525188,O
617798156,1,0.0007259768617323692,O
617798156,1,0.0007721466238946872,O
190140222,1,-6.547831675529636e-05,N
190140222,1,-5.659154153048185e-05,N
190140222,1,-9.96456627799791e-05,N
190140222,1,-1.3072354914211992e-05,N
190140222,1,-1.3072354914211992e-05,N
4180801603,1,-0.0005770343878525042,C
4180801603,1,0.00023912517498003716,C
4180801603,1,-0.0007097564616151963,C
4180801603,1,-0.0002934231648609176,C
4180801603,1,-1.1950736151566943e-05,C
3984860707,1,0.0,
3984860707,1,0.0,
3984860707,1,0.0,
3984860707,1,0.0,
3984860707,1,0.0,
3462308225,1,-0.00020200379329005091,C
3462308225,1,-0.0005231993285211844,C
3462308225,1,0.0010070641129701352,C
3462308225,1,-0.0004007786142128378,C
3462308225,1,0.0006733224841372065,C
2355616982,1,-0.0003494977404380206,C
2355616982,1,-0.00037852984956210367,C
2355616982,1,-0.00047636283279428593,C
2355616982,1,-8.853374481931908e-05,C
2355616982,1,-0.0002845461061394827,C
4042373501,1,-5.8366319317548765e-05,C
4042373501,1,0.00017068450350632425,C
4042373501,1,-0.000185296363037879,C
4042373501,1,0.0003718983579852342,C
4042373501,1,4.574573859328357e-05,C
736514702,1,-0.00039600952602525386,O
736514702,1,0.00016575223910253456,O
736514702,1,0.0002447419505462456,O
736514702,1,-0.0003880934524757018,O
736514702,1,-0.0001443390790085708,O
65941455,1,0.0003032957038403561,C
65941455,1,-0.0003016058101739105,C
65941455,1,0.0009743849199368437,C
65941455,1,0.0005554626321199185,C
65941455,1,-9.832614373939119e-05,C
2411289135,1,0.0,
2411289135,1,0.0,
2411289135,1,0.0,
2411289135,1,0.0,
2411289135,1,0.0,
661888323,1,-0.0002353573017397359,C
661888323,1,-0.0010591188082608172,C
661888323,1,-0.0012499723161850662,C
661888323,1,-4.756285431084528e-05,C
661888323,1,-0.00019522980568209558,C
1909986973,1,-0.0002706506876062331,C
1909986973,1,-0.0003250380537587194,C
1909986973,1,-0.0005994912153987064,C
1909986973,1,-0.000396646771970377,C
1909986973,1,-0.000378992660248878,C
984189120,1,-1.771759423618846e-05,P
984189120,1,0.00010552149330411709,P
984189120,1,-0.0001101564925446441,P
984189120,1,0.00010395322831291409,P
984189120,1,-6.016012968568241e-06,P
237615532,1,0.0005593389915389269,C
237615532,1,0.0003591801837867781,C
237615532,1,0.000634974572770397,C
237615532,1,0.0004631969399571112,C
237615532,1,0.00043766841740611184,C
3598064087,1,0.0015517465224921256,C
3598064087,1,-5.6355420986475835e-06,C
3598064087,1,0.0010292152322045611,C
3598064087,1,0.0017253970301945865,C
3598064087,1,-0.00034330300961971094,C
1795978025,1,-6.163528121649886e-05,C
1795978025,1,-9.491837919695101e-05,C
1795978025,1,-4.310625775894028e-05,C
1795978025,1,0.0001225146064812721,C
1795978025,1,-3.830333713294998e-05,C
2235918822,1,-8.748938633107439e-05,O
2235918822,1,-4.920250779383295e-05,O
2235918822,1,7.348857581801482e-06,O
2235918822,1,-9.379310225221538e-05,O
2235918822,1,0.00013216851157116238,O
1876820278,1,0.00014854291557386823,C
1876820278,1,-7.446958949386406e-06,C
1876820278,1,-7.883872116842827e-05,C
1876820278,1,-7.280905993722886e-05,C
1876820278,1,7.758626708731509e-05,C
698395004,1,-0.00030304001990666407,C
698395004,1,-0.00031648807341555507,C
698395004,1,-6.797157996607517e-05,C
698395004,1,-1.3320613430067851e-05,C
698395004,1,-8.531100356279353e-05,C
1207774339,1,-0.0004421959962037647,C
1207774339,1,-0.001366795512459551,C
1207774339,1,-0.0013178535493871824,C
1207774339,1,-0.0015776366236949224,C
1207774339,1,-0.001842590727328841,C
431202968,1,-0.000518943371072611,O
431202968,1,-0.00011987098761412351,O
431202968,1,3.953901947706395e-05,O
431202968,1,-0.00016520913831463702,O
431202968,1,-0.000517460817478721,O
833901780,1,0.00044785589770757195,N
833901780,1,-0.0002525593226442302,N
833901780,1,0.00028843547464230124,N
833901780,1,0.00011755160786475205,N
833901780,1,0.0002520925516664718,N
1821698485,1,2.6010345611116037e-05,C
1821698485,1,0.0003424750707028412,C
1821698485,1,-0.00030895064747937795,C
1821698485,1,-0.00048119466778084874,C
1821698485,1,-0.0007229544837292767,C
1906719888,1,0.0007116429027524962,C
1906719888,1,0.0004916262736853749,C
1906719888,1,0.0005406586694132187,C
1906719888,1,0.0004306988914064558,C
1906719888,1,0.0008962775214359509,C
2809361097,1,0.0004242371269562728,C
2809361097,1,0.0009411922000016615,C
2809361097,1,0.0003171375967031542,C
2809361097,1,0.00011930046922081772,C
2809361097,1,-0.00023249770184685659,C
2036328569,1,0.001314054969608236,C
2036328569,1,0.0010290766811573704,C
2036328569,1,0.001148384065517316,C
2036328569,1,0.0008076307969731022,C
2036328569,1,0.0016955764199527712,C
2512623809,1,-0.0005241396853836733,C
2512623809,1,-0.0001481102095352016,C
2512623809,1,0.00014594495813757824,C
2512623809,1,0.00015967932372629168,C
2512623809,1,-0.00048436651252548035,C
2817106133,1,0.0,
2817106133,1,0.0,
2817106133,1,0.0,
2817106133,1,0.0,
2817106133,1,0.0,
1754248939,1,0.0004488397120375742,C
1754248939,1,0.0002536184394883456,C
1754248939,1,0.00036133017855788374,C
1754248939,1,0.0002949874031805688,C
1754248939,1,8.337321894424932e-06,C
2635303940,1,1.125573458837792e-05,C
2635303940,1,-1.0246462484153618e-05,C
2635303940,1,2.315120562035311e-06,C
2635303940,1,1.755613021436897e-05,C
2635303940,1,2.143093809192642e-06,C
1396348621,1,8.548919786366405e-05,C
1396348621,1,-0.00012752115580305645,C
1396348621,1,-6.070308270911262e-05,C
1396348621,1,-0.00017077719691172,C
1396348621,1,-8.824509149096826e-05,C
2479916646,1,-8.872618592681292e-05,C
2479916646,1,-0.00017042664299482535,C
2479916646,1,-0.00016285284345662898,C
2479916646,1,-1.5322397935224608e-05,C
2479916646,1,-8.419038507223586e-05,C
4282315164,1,0.0018540490410074995,N
4282315164,1,0.0018697026382521464,N
4282315164,1,0.003143996536732363,N
4282315164,1,0.00344064311024761,N
4282315164,1,-0.0005749335154554558,N
2486266314,1,-0.0006966845764884155,C
2486266314,1,-0.0009762345603061551,C
2486266314,1,-0.0007782348184307564,C
2486266314,1,-0.00055127604466787,C
2486266314,1,-0.0005083827528431506,C
1019269664,1,-2.760473427387833e-05,N
1019269664,1,-0.00023929582684356632,N
1019269664,1,-0.0006295064858901078,N
1019269664,1,-0.00045624307695801836,N
1019269664,1,-0.000465695861011306,N
3118635600,1,0.000216598236163712,C
3118635600,1,4.2959280948662304e-05,C
3118635600,1,0.00014766005249888803,C
3118635600,1,9.57950774764793e-05,C
3118635600,1,0.0003212455770658096,C
3218370331,1,0.0,
3218370331,1,0.0,
3218370331,1,0.0,
3218370331,1,0.0,
3218370331,1,0.0,
3044392905,1,0.003995149156183375,N
3044392905,1,0.0016491255841353247,N
3044392905,1,0.002549589952009046,N
3044392905,1,0.0016409774035932578,N
3044392905,1,0.002376247519928709,N
4194776273,1,-0.000938938158031144,O
4194776273,1,-0.00019304482596183004,O
4194776273,1,-0.0019878167966239646,O
4194776273,1,-0.00018778396953356147,O
4194776273,1,-0.0010519583050355719,O
263215426,1,-0.00189991329397321,C
263215426,1,-0.00015362508061655955,C
263215426,1,-0.0003837010826384102,C
263215426,1,0.00011279803214048201,C
263215426,1,0.0006154364396200318,C
2753863138,1,0.0001258564444709398,C
2753863138,1,0.00031099312394755607,C
2753863138,1,0.0004916333768061332,C
2753863138,1,0.0003797542440806545,C
2753863138,1,0.0003605652290068484,C
2699298541,1,0.0,
2699298541,1,0.0,
2699298541,1,0.0,
2699298541,1,0.0,
2699298541,1,0.0,
3308404410,1,-0.00012247192443171073,C
3308404410,1,-7.825521196747065e-05,C
3308404410,1,3.0439823549222034e-05,C
3308404410,1,0.00026202306094624817,C
3308404410,1,0.00021306945594867788,C
1446633534,1,0.00028725362962767065,C
1446633534,1,0.0002492555706902211,C
1446633534,1,0.00030543110805003604,C
1446633534,1,0.00046232010534508206,C
1446633534,1,0.00027180741033683287,C
2756489526,1,-2.394852646581125e-05,C
2756489526,1,-1.9516944858910534e-05,C
2756489526,1,1.4380717722195513e-06,C
2756489526,1,-5.576778745552957e-05,C
2756489526,1,6.905683142099939e-05,C
913310822,1,-3.465708565464354e-06,C
913310822,1,-0.00010360395251896026,C
913310822,1,0.002604346814658376,C
913310822,1,0.0007432773341773391,C
913310822,1,0.0007511312548590388,C
3561946030,1,0.0014333403720321325,N
3561946030,1,0.0009109186500334543,N
3561946030,1,0.000903414431312477,N
3561946030,1,0.00156506579629212,N
3561946030,1,0.0015815330239196124,N
3292836938,1,0.0,
3292836938,1,0.0,
3292836938,1,0.0,
3292836938,1,0.0,
3292836938,1,0.0,
3194612514,1,-5.2249696727346695e-05,O
3194612514,1,-3.176558334716528e-05,O
3194612514,1,0.00012975043423602006,O
3194612514,1,0.00010563910607908067,O
3194612514,1,0.0001606046662696592,O
1822332700,1,0.0007347250317869536,C
1822332700,1,0.00023203480757960637,C
1822332700,1,0.0009322078167226522,C
1822332700,1,0.00038089632685800456,C
1822332700,1,0.0005191772047954402,C
2215059400,1,0.00045458472436654684,O
2215059400,1,-0.00017628125779056703,O
2215059400,1,-0.00016059507682197882,O
2215059400,1,-0.0007001712674199467,O
2215059400,1,4.040400521099219e-05,O
773709216,1,-0.0005046919071636236,C
773709216,1,-0.00020112050462428588,C
773709216,1,-0.0003026521755956635,C
773709216,1,-0.0010727111472287332,C
773709216,1,-0.0011014209216005932,C
2530377886,1,8.484577204637134e-05,N
2530377886,1,0.0016331665484500268,N
2530377886,1,-0.00010790818114869705,N
2530377886,1,-0.00028186757948911456,N
2530377886,1,0.0004197542133901333,N
2850656190,1,0.001421004600502096,C
2850656190,1,0.0012025478332530204,C
2850656190,1,0.0004563862013368114,C
2850656190,1,0.0002450580578656769,C
2850656190,1,0.0012103467547524005,C
1376881293,1,-1.9475732129903278e-05,C
1376881293,1,4.35321933477395e-05,C
1376881293,1,-5.588108644971612e-05,C
1376881293,1,-2.0317472325670494e-06,C
1376881293,1,6.999550794795084e-05,C
1214060489,1,0.002618887349669974,C
1214060489,1,0.0006464238707263315,C
1214060489,1,0.0027730988540102253,C
1214060489,1,0.002164799124839911,C
1214060489,1,0.0018730731228919772,C
4203454020,1,-0.00045061457935458016,C
4203454020,1,2.5666200714424825e-05,C
4203454020,1,-0.00034915131955182144,C
4203454020,1,-0.00010140547441306325,C
4203454020,1,-3.764806008543786e-05,C
3034212252,1,-5.718375356433825e-05,C
3034212252,1,1.638433674355788e-05,C
3034212252,1,4.999155720275539e-06,C
3034212252,1,2.2918836995011738e-05,C
3034212252,1,-0.00015050693542562055,C
3044751281,1,-0.0001364184635629373,N
3044751281,1,-0.0014498597958424453,N
3044751281,1,0.00018881355702726754,N
3044751281,1,-0.0005999543136908647,N
3044751281,1,-0.00012600982347532597,N
1292826808,1,0.0,C
1292826808,1,0.0,C
1292826808,1,0.0,C
1292826808,1,0.0,C
1292826808,1,0.0,C
950023157,1,-0.0006474591456356871,C
950023157,1,0.0004766092573625924,C
950023157,1,-0.0009366339846397231,C
950023157,1,0.0003004769099236304,C
950023157,1,0.0005260293744717703,C
1187730664,1,-0.000625830842833075,C
1187730664,1,-0.00025805183740035265,C
1187730664,1,-0.0005280863465561003,C
1187730664,1,-0.0003422076480310565,C
1187730664,1,-0.00016063022853374243,C
4039837947,1,0.0,F
4039837947,1,0.0,F
4039837947,1,0.0,F
4039837947,1,0.0,F
4039837947,1,0.0,F
773607102,1,-7.456388844628847e-05,C
773607102,1,2.8192167176643856e-05,C
773607102,1,-0.00018108489925516835,C
773607102,1,-5.989334067069141e-05,C
773607102,1,-1.0071640196618326e-05,C
2246997334,1,0.0001909590825931451,C
2246997334,1,-0.0022950828037696658,C
2246997334,1,-0.0003277720729011335,C
2246997334,1,0.000913207846018893,C
2246997334,1,0.0006316184818522252,C
714711401,1,0.0002927141615512996,C
714711401,1,-0.0007666538979431703,C
714711401,1,0.0011863147676595132,C
714711401,1,0.0008165802947498468,C
714711401,1,2.5157238241702018e-05,C
1710869618,1,-0.002020795447602697,C
1710869618,1,-0.0008351251762436229,C
1710869618,1,-0.001560089135913767,C
1710869618,1,-0.001117633805247431,C
1710869618,1,-0.0001563794348752312,C
2549196227,1,-2.5210317074364497e-05,C
2549196227,1,-0.0001487521275289616,C
2549196227,1,-9.325745196220314e-05,C
2549196227,1,-0.00017925271036733914,C
2549196227,1,-0.00010096754231059268,C
2856245513,1,0.00014503907228680113,C
2856245513,1,5.231894789792246e-05,C
2856245513,1,2.561837522074839e-05,C
2856245513,1,7.661898368149789e-05,C
2856245513,1,-2.711682633427248e-05,C
1999077141,1,0.0,
1999077141,1,0.0,
1999077141,1,0.0,
1999077141,1,0.0,
1999077141,1,0.0,
817588605,1,3.9393264950393636e-05,C
817588605,1,-0.000754312321395334,C
817588605,1,0.0001680426308656724,C
817588605,1,8.94587209165909e-05,C
817588605,1,-0.000395786620560834,C
3430642422,1,0.0005820199433564932,C
3430642422,1,0.00015542581818150936,C
3430642422,1,0.00014898605953750366,C
3430642422,1,-0.0002537068220045402,C
3430642422,1,0.00030036458396076604,C
1528304983,1,0.0002772741494294628,N
1528304983,1,0.0003188297590591693,N
1528304983,1,0.00018078667492182898,N
1528304983,1,0.0004662418154302017,N
1528304983,1,-1.1281442483745963e-05,N
3873941611,1,-0.0009127268851186754,C
3873941611,1,-0.0007813242813049515,C
3873941611,1,-0.00192402060739838,C
3873941611,1,-0.0010359250638518613,C
3873941611,1,-0.0009716054116591932,C
2687950697,1,3.885792217284134e-05,C
2687950697,1,3.229933891901737e-05,C
2687950697,1,0.0002778310128236372,C
2687950697,1,0.00017790117489702162,C
2687950697,1,1.320033184581959e-05,C
109461427,1,0.001536461373285225,C
109461427,1,0.00022745988925665372,C
109461427,1,0.001947425650719814,C
109461427,1,0.0005794837653129159,C
109461427,1,0.0007451915124224717,C
2950679810,1,-8.165442486918195e-05,O
2950679810,1,-0.0002672809334183235,O
2950679810,1,-0.0001289885385686862,O
2950679810,1,-0.00030260207455878874,O
2950679810,1,-0.00034658828452027723,O
2914536168,1,0.00022682493868408926,C
2914536168,1,-0.0005291924785041369,C
2914536168,1,0.00021137263182047228,C
2914536168,1,8.491750533656806e-05,C
2914536168,1,-0.0004035869947276449,C
1530636652,1,0.0006819080909867825,C
1530636652,1,0.0003377006140242722,C
1530636652,1,7.092834620614497e-05,C
1530636652,1,0.00028644150469092633,C
1530636652,1,-0.00033075695992690335,C
3043679972,1,0.0,C
3043679972,1,0.0,C
3043679972,1,0.0,C
3043679972,1,0.0,C
3043679972,1,0.0,C
2529809651,1,0.0,C
2529809651,1,0.0,C
2529809651,1,0.0,C
2529809651,1,0.0,C
2529809651,1,0.0,C
1924383628,1,-9.248256434080115e-05,C
1924383628,1,-6.784023030348418e-05,C
1924383628,1,8.405333160921291e-05,C
1924383628,1,7.106488311214854e-05,C
1924383628,1,1.5640134561123453e-05,C
4003049590,1,0.0,C
4003049590,1,0.0,C
4003049590,1,0.0,C
4003049590,1,0.0,C
4003049590,1,0.0,C
1026654305,1,0.0008279113745320865,S
1026654305,1,0.002745706734510467,S
1026654305,1,-9.111138707285082e-05,S
1026654305,1,0.0022304355494712214,S
1026654305,1,0.0009691750020240919,S
1542631284,1,0.00019621120396318137,O
1542631284,1,3.279065975503315e-05,O
1542631284,1,0.00021501519214894849,O
1542631284,1,0.000565227799536383,O
1542631284,1,1.8413107317427624e-05,O
1349670121,1,0.0,C
1349670121,1,0.0,C
1349670121,1,0.0,C
1349670121,1,0.0,C
1349670121,1,0.0,C
895118200,1,0.00016460102835824664,N
895118200,1,-0.0003843536183679719,N
895118200,1,-0.00021356031331831726,N
895118200,1,-7.19933865234168e-06,N
895118200,1,-0.000769612664399566,N
269171368,1,9.625377832134241e-05,C
269171368,1,0.0007407301608868266,C
269171368,1,-0.0003706071951344869,C
269171368,1,4.057610856755822e-05,C
269171368,1,7.23931128622235e-05,C
1583930800,1,3.284419482818546e-05,C
1583930800,1,1.174121572966591e-06,C
1583930800,1,2.75506331972597e-05,C
1583930800,1,-4.268449693323184e-05,C
1583930800,1,-5.012398425963127e-05,C
738150152,1,-0.0010537424021329622,O
738150152,1,2.9412345379897786e-05,O
738150152,1,-0.0011293394916934707,O
738150152,1,0.00015580947159121727,O
738150152,1,0.0001289848918698544,O
1168541985,1,-1.942404362909045e-05,C
1168541985,1,9.946530632243267e-06,C
1168541985,1,-2.3830018494042093e-06,C
1168541985,1,3.3941439051554667e-06,C
1168541985,1,3.636041855825667e-06,C
2747850234,1,0.0003232342840604474,C
2747850234,1,0.0004645639106112265,C
2747850234,1,0.00020545407347838385,C
2747850234,1,0.00038083197097138477,C
2747850234,1,0.0002497159414861505,C
3134313966,1,0.00043881307381754553,O
3134313966,1,8.974833119801406e-05,O
3134313966,1,-0.0009729290890985176,O
3134313966,1,-2.7281873387519084e-05,O
3134313966,1,-0.0003923255869554554,O
1503972698,1,-0.0008644156149305582,C
1503972698,1,-0.00015587484382195704,C
1503972698,1,-0.0007904636521929298,C
1503972698,1,-0.0014153385643166372,C
1503972698,1,-0.00018849901965767302,C
892756502,1,-0.00015192473890068836,C
892756502,1,0.0005943441152101991,C
892756502,1,0.0005521284577535424,C
892756502,1,0.0002638731027229113,C
892756502,1,0.0008372762442164783,C
3136829774,1,-0.00020226295705272346,N
3136829774,1,-0.00016060431840692058,N
3136829774,1,5.483624664903708e-05,N
3136829774,1,-0.00015852882796518752,N
3136829774,1,-0.0003847302551370779,N
3143719699,1,-0.001086418183361526,C
3143719699,1,-0.0005205923874522789,C
3143719699,1,-0.0017734546443995969,C
3143719699,1,-0.0010886506238440008,C
3143719699,1,-0.0003329197937707029,C
1360035982,1,-1.0458321281547889e-05,N
1360035982,1,-1.132053759755891e-05,N
1360035982,1,-5.6413297079283e-06,N
1360035982,1,8.659903703800431e-06,N
1360035982,1,-1.157388766515055e-05,N
908339072,1,-0.000373872729705349,C
908339072,1,0.00012108254431031362,C
908339072,1,0.0007257136794138752,C
908339072,1,-0.0005299741700027782,C
908339072,1,0.0011019311950293265,C
974827889,1,0.001700114408689335,C
974827889,1,0.0026088919253652865,C
974827889,1,0.001794225235485003,C
974827889,1,0.0016737288089210267,C
974827889,1,0.0013716681422775157,C
1343371647,1,-0.0003551463187955184,N
1343371647,1,-0.00035474955117531515,N
1343371647,1,-0.0015613390286760565,N
1343371647,1,-0.0002391820110385634,N
1343371647,1,-0.00019924505748347698,N
2669055056,1,0.0,N
2669055056,1,0.0,N
2669055056,1,0.0,N
2669055056,1,0.0,N
2669055056,1,0.0,N
2341585586,1,-2.7065394522796105e-05,N
2341585586,1,-2.3530969176510652e-06,N
2341585586,1,-2.651682658127985e-05,N
2341585586,1,-1.767676134145635e-05,N
2341585586,1,-1.8064938084094706e-05,N
934540015,1,-1.2554843599410503e-05,C
934540015,1,-7.162725916010082e-05,C
934540015,1,-2.871606924914616e-05,C
934540015,1,1.5738115967112165e-06,C
934540015,1,0.00017052593527788762,C
3794207567,1,0.0003884566688548974,C
3794207567,1,0.0012258140319976185,C
3794207567,1,-0.0012411173387545382,C
3794207567,1,-0.003509749313842514,C
3794207567,1,-0.0007786017283359925,C
3278587996,1,0.0004958622335293761,C
3278587996,1,0.00043272887592349374,C
3278587996,1,0.0004441505255833311,C
3278587996,1,0.0008302875669349286,C
3278587996,1,0.0006663887623957754,C
4223108416,1,0.0,C
4223108416,1,0.0,C
4223108416,1,0.0,C
4223108416,1,0.0,C
4223108416,1,0.0,C
1131570738,1,0.00019322105504593345,N
1131570738,1,0.00017239824585746355,N
1131570738,1,5.738040507052844e-05,N
1131570738,1,2.4011874622975604e-05,N
1131570738,1,-0.0002869214690190969,N
2258843522,1,-0.00010240951188233982,C
2258843522,1,-0.00010165893503588652,C
2258843522,1,0.00028675622995166794,C
2258843522,1,-0.00011281442683042098,C
2258843522,1,-3.920505285404108e-05,C
4257302536,1,0.0003158100616719173,N
4257302536,1,8.715533997971647e-05,N
4257302536,1,0.00020750871612462696,N
4257302536,1,0.0002481482132702384,N
4257302536,1,0.00043712917908844684,N
2840370843,1,-0.0007154604591061986,C
2840370843,1,-0.0014974984281089787,C
2840370843,1,-0.0001848168294239505,C
2840370843,1,-0.0005593780974153528,C
2840370843,1,-0.0005595232399706607,C
1420730566,1,0.0,C
1420730566,1,0.0,C
1420730566,1,0.0,C
1420730566,1,0.0,C
1420730566,1,0.0,C
434045476,1,0.0023219843996744594,O
434045476,1,0.0024665858673907914,O
434045476,1,0.001997572914579915,O
434045476,1,0.0010040665080360833,O
434045476,1,0.0022681369177651733,O
894436332,1,3.594230977288504e-07,N
894436332,1,2.695334854196929e-07,N
894436332,1,3.0927507166378376e-07,N
894436332,1,1.0029271679812268e-06,N
894436332,1,6.3322544985311424e-09,N
3117292559,1,0.0,C
3117292559,1,0.0,C
3117292559,1,0.0,C
3117292559,1,0.0,C
3117292559,1,0.0,C
1923187777,1,2.6057332663365074e-05,N
1923187777,1,-0.000131187308659797,N
1923187777,1,0.00019702246447295124,N
1923187777,1,4.863131500221218e-05,N
1923187777,1,7.2526709539166845e-06,N
2530048747,1,0.0003145915401415733,N
2530048747,1,0.0005038434639464962,N
2530048747,1,0.0002937837100813745,N
2530048747,1,0.0005484540464358867,N
2530048747,1,0.00010310615721220717,N
622481563,1,-0.0018606161691984147,C
622481563,1,-0.0009448599618339104,C
622481563,1,0.0008888367315627033,C
622481563,1,0.001459639607820029,C
622481563,1,-0.002201213399632529,C
1922070456,1,0.0,C
1922070456,1,0.0,C
1922070456,1,0.0,C
1922070456,1,0.0,C
1922070456,1,0.0,C
3995043796,1,0.002847762376431251,C
3995043796,1,0.0008156651757555977,C
3995043796,1,0.0035254177204264714,C
3995043796,1,0.002412269640427067,C
3995043796,1,0.0012606039572659045,C
2065735937,1,5.158991400655566e-05,C
2065735937,1,1.785242239460416e-05,C
2065735937,1,5.0890139540737955e-05,C
2065735937,1,1.3110087137557791e-05,C
2065735937,1,-5.419991243604816e-05,C
3308295291,1,-2.659537349236629e-06,C
3308295291,1,-0.00011278135806214173,C
3308295291,1,9.830106722896748e-05,C
3308295291,1,-0.00017809699160886705,C
3308295291,1,-0.00020316071351589304,C
584893129,1,3.758613301729774e-05,C
584893129,1,-1.4824135062818655e-06,C
584893129,1,-1.6715630912766954e-06,C
584893129,1,2.2097039585444733e-05,C
584893129,1,1.9842713910867005e-06,C
413654173,1,0.00013463609260155884,C
413654173,1,0.0004289055843770262,C
413654173,1,6.436582184099482e-05,C
413654173,1,0.00022578955658791866,C
413654173,1,7.252752783393213e-05,C
68671624,1,0.0,C
68671624,1,0.0,C
68671624,1,0.0,C
68671624,1,0.0,C
68671624,1,0.0,C
2488692798,1,0.0007675938000103466,C
2488692798,1,0.0011279026342868592,C
2488692798,1,0.00017551094909906695,C
2488692798,1,-1.5684393228743154e-05,C
2488692798,1,0.0009207140254651192,C
3084241488,1,-0.0002756630815531347,C
3084241488,1,-0.0008475278956204813,C
3084241488,1,-0.0007355687921207776,C
3084241488,1,-0.0009898623832338416,C
3084241488,1,-0.000295250961973359,C
4158944142,1,1.598650381173794e-05,C
4158944142,1,1.9358496151755666e-05,C
4158944142,1,5.4012459373087296e-05,C
4158944142,1,-3.349963168419734e-06,C
4158944142,1,4.322778681398187e-05,C
1469940320,1,-1.5834799265257438e-05,C
1469940320,1,1.0478310484840492e-05,C
1469940320,1,-2.2695508476444637e-05,C
1469940320,1,3.4658768496509396e-05,C
1469940320,1,-1.977323008117704e-05,C
662511025,1,-0.00011165502113186232,N
662511025,1,-0.00012753493090633672,N
662511025,1,8.943643472503204e-05,N
662511025,1,-0.00010537076388072997,N
662511025,1,-8.803565164716698e-05,N
2908279847,1,2.3801097222331258e-05,C
2908279847,1,6.477587443254329e-05,C
2908279847,1,8.476915501576254e-05,C
2908279847,1,5.5232822106732193e-05,C
2908279847,1,9.681361822777568e-06,C
68650007,1,0.0005863423128584788,C
68650007,1,0.0019449108235104484,C
68650007,1,-0.0002949846391872013,C
68650007,1,0.0012035464233517423,C
68650007,1,0.0003126867070207817,C
3337420400,1,0.0,C
3337420400,1,0.0,C
3337420400,1,0.0,C
3337420400,1,0.0,C
3337420400,1,0.0,C
1979311206,1,0.0002255993015090052,O
1979311206,1,0.00021304860853854635,O
1979311206,1,0.0002552231530574822,O
1979311206,1,8.546228473849116e-05,O
1979311206,1,0.00025113305225965554,O
2849741637,1,0.0,C
2849741637,1,0.0,C
2849741637,1,0.0,C
2849741637,1,0.0,C
2849741637,1,0.0,C
1664608228,1,-0.00014666387033634987,C
1664608228,1,-0.00013355690843508405,C
1664608228,1,-0.0001742742011622278,C
1664608228,1,1.6594203443576205e-05,C
1664608228,1,-0.00013386005886451002,C
1121298566,1,-0.0009144827750356965,C
1121298566,1,0.000671540733109488,C
1121298566,1,-0.0001312211875955649,C
1121298566,1,-0.0004586106136245105,C
1121298566,1,0.0003078480604867817,C
3531344838,1,-1.6704375526144233e-05,S
3531344838,1,1.9409641834666758e-05,S
3531344838,1,5.8378176928775005e-05,S
3531344838,1,-5.889739380138259e-05,S
3531344838,1,-0.0001665736006555285,S
3273018953,1,1.2336115117750346e-05,C
3273018953,1,1.8405774776408812e-05,C
3273018953,1,-8.275309556937671e-06,C
3273018953,1,-2.3105627397934647e-05,C
3273018953,1,3.665194182600473e-07,C
2034850751,1,-3.6289196961858394e-05,C
2034850751,1,0.00013496818972003055,C
2034850751,1,0.00028750360881890646,C
2034850751,1,-0.0005776511660658956,C
2034850751,1,8.122497391249706e-05,C
4104822550,1,0.0,C
4104822550,1,0.0,C
4104822550,1,0.0,C
4104822550,1,0.0,C
4104822550,1,0.0,C
1704599822,1,-0.00015415298701648705,C
1704599822,1,-0.00018195576142565617,C
1704599822,1,-0.0001301131295249336,C
1704599822,1,-0.00014602847858879997,C
1704599822,1,-0.00011650161277065862,C
3019519651,1,0.0,C
3019519651,1,0.0,C
3019519651,1,0.0,C
3019519651,1,0.0,C
3019519651,1,0.0,C
3781885420,1,-0.0001090981907104771,N
3781885420,1,-0.0002562129207320796,N
3781885420,1,-0.00011846861608411086,N
3781885420,1,-0.0003492376836400357,N
3781885420,1,-8.924983904357031e-05,N
579898624,1,-1.592701529651297e-05,C
579898624,1,-6.193568451784426e-05,C
579898624,1,0.00014648751808798988,C
579898624,1,-0.00020887871358410415,C
579898624,1,-0.00028242266632394486,C
899522708,1,0.0,
899522708,1,0.0,
899522708,1,0.0,
899522708,1,0.0,
899522708,1,0.0,
550081331,1,-0.0009957215182542223,C
550081331,1,-0.0012977163745196973,C
550081331,1,0.00034843580628918236,C
550081331,1,-2.8593945393118325e-05,C
550081331,1,-0.0014233846372310177,C
104363044,1,0.0003898321491370149,N
104363044,1,-0.0004622991097668061,N
104363044,1,-0.0006335311000714716,N
104363044,1,0.0008308650326931399,N
104363044,1,-0.0002308909709460849,N
2072239802,1,0.00042311405812067715,C
2072239802,1,0.00045880121734165336,C
2072239802,1,0.0004677682763311042,C
2072239802,1,-0.00045142336543224637,C
2072239802,1,0.0002946172289751692,C
3394178578,1,-7.396628708189468e-05,C
3394178578,1,-2.253673961294389e-05,C
3394178578,1,-6.394853219915397e-05,C
3394178578,1,-0.0003973826065848396,C
3394178578,1,0.00013754889222550304,C
2013664411,1,-0.0002754044439429171,C
2013664411,1,-3.647264118522564e-05,C
2013664411,1,3.1922543131335246e-05,C
2013664411,1,-0.00011061760978559043,C
2013664411,1,-0.00017831285091352012,C
3346582092,1,-0.0006046089461848592,N
3346582092,1,-0.0009423502109590087,N
3346582092,1,-0.00040614453428522435,N
3346582092,1,-0.00044076376539925466,N
3346582092,1,-0.00019297454839328765,N
4291484675,1,-0.0002396849973841375,N
4291484675,1,-0.0003674180752879508,N
4291484675,1,-0.00043312403487216766,N
4291484675,1,-0.0005691035209327566,N
4291484675,1,-0.0005861986902959693,N
3275683399,1,-0.00017016820306503533,N
3275683399,1,-0.00023667666473414783,N
3275683399,1,-0.00027124365660424754,N
3275683399,1,3.708533269364267e-06,N
3275683399,1,-0.0002362664394599534,N
2775257855,1,0.0,C
2775257855,1,0.0,C
2775257855,1,0.0,C
2775257855,1,0.0,C
2775257855,1,0.0,C
2810421479,1,0.00010212063449410724,O
2810421479,1,0.0002533623364638915,O
2810421479,1,0.0002615399618403069,O
2810421479,1,0.00023057880589527624,O
2810421479,1,0.0003431234879821554,O
2662374534,1,0.0004887136777699252,C
2662374534,1,-0.00029029564553328946,C
2662374534,1,-0.0003024556682432733,C
2662374534,1,-0.0004858829976553958,C
2662374534,1,-0.0002971497386390354,C
3461773897,1,3.391549740472399e-05,N
3461773897,1,0.0012379352143193634,N
3461773897,1,0.0011397174056112513,N
3461773897,1,0.00015443333888964794,N
3461773897,1,0.0006134573789761122,N
344019891,1,0.0007901687302779292,N
344019891,1,0.0017223876739972388,N
344019891,1,4.696280556726329e-05,N
344019891,1,0.0005952670393234438,N
344019891,1,0.001210711007179066,N
3402570011,1,0.0,C
3402570011,1,0.0,C
3402570011,1,0.0,C
3402570011,1,0.0,C
3402570011,1,0.0,C
1199016914,1,0.0,C
1199016914,1,0.0,C
1199016914,1,0.0,C
1199016914,1,0.0,C
1199016914,1,0.0,C
1714595447,1,0.00016384580146788785,C
1714595447,1,0.0004776454501228544,C
1714595447,1,1.2913443388717916e-05,C
1714595447,1,0.0004487034490970876,C
1714595447,1,0.0004685662035103233,C
871396902,1,0.0013674945158140828,C
871396902,1,0.0012366912318949597,C
871396902,1,0.0006157169929589257,C
871396902,1,0.00048426870679807443,C
871396902,1,0.0006527275412661071,C
2845936339,1,-0.0003396431560089841,C
2845936339,1,-0.0002851794106029093,C
2845936339,1,-9.121628477981591e-05,C
2845936339,1,-0.0003127686009168906,C
2845936339,1,-0.0003027808613315086,C
3880022399,1,0.0017663294978585986,C
3880022399,1,0.0006460696029179092,C
3880022399,1,0.0005914946476764937,C
3880022399,1,0.0009803518394796429,C
3880022399,1,0.0014405503807990439,C
410310586,1,0.0,C
410310586,1,0.0,C
410310586,1,0.0,C
410310586,1,0.0,C
410310586,1,0.0,C
2612409031,1,0.00017952784095731644,C
2612409031,1,0.00046720307413550266,C
2612409031,1,7.884589408468923e-05,C
2612409031,1,7.923929430464494e-05,C
2612409031,1,0.00025145537471849,C
2375987095,1,0.0005395323604687752,C
2375987095,1,0.0006624131499106678,C
2375987095,1,0.0008506647199906237,C
2375987095,1,0.0006415312816907548,C
2375987095,1,0.0008758451957979752,C
1294138518,1,0.0,S
1294138518,1,0.0,S
1294138518,1,0.0,S
1294138518,1,0.0,S
1294138518,1,0.0,S
293971392,1,-0.00018918452065197489,N
293971392,1,-0.0011543131483682245,N
293971392,1,-0.00011211571898761541,N
293971392,1,-0.00029636181691705676,N
293971392,1,-0.0007201832748007231,N
4036774035,1,0.0,
4036774035,1,0.0,
4036774035,1,0.0,
4036774035,1,0.0,
4036774035,1,0.0,
1010142783,1,0.0005883160044850566,O
1010142783,1,-0.00045600840720672053,O
1010142783,1,0.0015920114591538859,O
1010142783,1,-0.0004018311747191472,O
1010142783,1,-0.0002622330473912582,O
3120364749,1,0.0,
3120364749,1,0.0,
3120364749,1,0.0,
3120364749,1,0.0,
3120364749,1,0.0,
3662562115,1,0.0003547787936429847,C
3662562115,1,6.448063688624384e-05,C
3662562115,1,1.1075123764414663e-05,C
3662562115,1,3.429905748986162e-05,C
3662562115,1,2.6266999361146404e-05,C
3921298496,1,0.0,C
3921298496,1,0.0,C
3921298496,1,0.0,C
3921298496,1,0.0,C
3921298496,1,0.0,C
737501821,1,-0.0002325916909244885,C
737501821,1,-1.7878694176687304e-05,C
737501821,1,-9.74426518483007e-05,C
737501821,1,-7.913795936553836e-05,C
737501821,1,3.3867877995308326e-05,C
2024004397,1,-0.000285518129281348,N
2024004397,1,-0.00026826308630134577,N
2024004397,1,0.00014259907360336666,N
2024004397,1,4.519207861719554e-05,N
2024004397,1,0.00014556362521034316,N
751208592,1,0.0,C
751208592,1,0.0,C
751208592,1,0.0,C
751208592,1,0.0,C
751208592,1,0.0,C
3953445033,1,0.0,S
3953445033,1,0.0,S
3953445033,1,0.0,S
3953445033,1,0.0,S
3953445033,1,0.0,S
497870099,1,-0.00021429494105962288,C
497870099,1,-9.940690913634587e-05,C
497870099,1,-0.00039268452636265216,C
497870099,1,-0.0002461112935842058,C
497870099,1,-0.0001090451154698302,C
3417531975,1,0.0006841428083932399,C
3417531975,1,0.0005637612256572666,C
3417531975,1,0.00018639126751318624,C
3417531975,1,-0.00017863794626915563,C
3417531975,1,0.00019554174757152598,C
1044405971,1,2.351606847361687e-06,C
1044405971,1,-4.544294146979766e-06,C
1044405971,1,-0.00016935901308823276,C
1044405971,1,0.00018057053493225617,C
1044405971,1,-0.00015147384303493272,C
2394338241,1,0.00016929645356700274,C
2394338241,1,-1.888003291150575e-05,C
2394338241,1,0.00013563312839670605,C
2394338241,1,-0.0003341322052395901,C
2394338241,1,3.222014773007764e-05,C
1271691605,1,-4.890116107614251e-05,S
1271691605,1,-3.2155859833404854e-05,S
1271691605,1,-7.104843969163444e-05,S
1271691605,1,-6.155430369447767e-05,S
1271691605,1,-2.3672260200169326e-05,S
3643491447,1,0.0015886970543056433,C
3643491447,1,0.0012479663955249354,C
3643491447,1,0.0005247330285855778,C
3643491447,1,0.0018186453458993723,C
3643491447,1,0.00173729203985451,C
21411075,1,0.0,
21411075,1,0.0,
21411075,1,0.0,
21411075,1,0.0,
21411075,1,0.0,
413381818,1,0.0,C
413381818,1,0.0,C
413381818,1,0.0,C
413381818,1,0.0,C
413381818,1,0.0,C
3082607741,1,-0.0003605171608106472,C
3082607741,1,-0.0003721866333840085,C
3082607741,1,-0.0003488113617842181,C
3082607741,1,-0.0003790609027862768,C
3082607741,1,-0.0003442213842733688,C
4216649732,1,-0.0016979076545776683,S
4216649732,1,-0.0008979752792566131,S
4216649732,1,-0.0016740605566021305,S
4216649732,1,-0.0024016214935251856,S
4216649732,1,-0.0009125541596792797,S
371876130,1,6.274344717005498e-06,C
371876130,1,-1.6064745761434907e-06,C
371876130,1,-1.2558469485557389e-05,C
371876130,1,3.140519911459805e-06,C
371876130,1,1.7506778160480962e-07,C
1978844073,1,0.00032065373324552393,O
1978844073,1,0.00020229179480091286,O
1978844073,1,2.304083037729665e-05,O
1978844073,1,0.0001147428001727624,O
1978844073,1,0.0002786529975293828,O
1671692019,1,-0.00022973079754107228,C
1671692019,1,-0.000350074623662322,C
1671692019,1,-0.001004824604475485,C
1671692019,1,-0.0004626099964982755,C
1671692019,1,-0.00026166065663602023,C
2070976245,1,0.00015371111364603784,C
2070976245,1,0.00014117984531392125,C
2070976245,1,0.00018941686934825785,C
2070976245,1,0.000274662773622536,C
2070976245,1,0.00030166583700341754,C
845764036,1,2.1203596940577718e-05,C
845764036,1,2.6411175395812947e-05,C
845764036,1,6.897146887885341e-05,C
845764036,1,5.473500630437389e-05,C
845764036,1,1.8287221351553917e-05,C
2559453089,1,-0.0002803013102644636,C
2559453089,1,-0.00061543755841309,C
2559453089,1,-0.000990249628074702,C
2559453089,1,6.711202959930329e-05,C
2559453089,1,-0.0007117493595433233,C
3286377484,1,0.0002500562692681063,C
3286377484,1,-0.00028540335627791347,C
3286377484,1,-0.00032425544683190033,C
3286377484,1,-0.00029768367517957195,C
3286377484,1,-0.0004193768098036399,C
2200148275,1,-0.00039748779687176494,N
2200148275,1,-0.00012725874933705583,N
2200148275,1,-0.00013855303621868043,N
2200148275,1,-0.0003457309035970191,N
2200148275,1,-0.0004721447870896789,N
1962383056,1,0.0,N
1962383056,1,0.0,N
1962383056,1,0.0,N
1962383056,1,0.0,N
1962383056,1,0.0,N
3012778962,1,0.0002602948170504771,N
3012778962,1,6.713833115845613e-05,N
3012778962,1,0.0005302094871957319,N
3012778962,1,-0.00012118876239319842,N
3012778962,1,0.0002962656864916591,N
1620258790,1,-0.0003600506269054726,N
1620258790,1,-0.00011707188088916354,N
1620258790,1,-0.00034368849155896886,N
1620258790,1,-0.00018849519862440545,N
1620258790,1,-8.744732357801599e-05,N
3372254436,1,-0.00027297710247364826,O
3372254436,1,-0.000336068049490601,O
3372254436,1,0.0008868088988132072,O
3372254436,1,7.36913424348451e-06,O
3372254436,1,-0.001058373032659543,O
330223697,1,7.310550309447272e-06,C
330223697,1,1.0837318077383529e-06,C
330223697,1,2.0530273423524648e-06,C
330223697,1,1.2906175796190134e-05,C
330223697,1,3.7298786029760223e-06,C
1208423463,1,0.0004938020725576697,C
1208423463,1,0.0003841192565607887,C
1208423463,1,2.3447434936652023e-05,C
1208423463,1,0.0005897455437999799,C
1208423463,1,0.000951589276382947,C
141882433,1,-0.0002211902100213159,C
141882433,1,-0.00017120168978446149,C
141882433,1,-0.00025058162251645477,C
141882433,1,-0.00020244602494690067,C
141882433,1,-0.00019052001069375102,C
3727977332,1,0.00014099666218736484,N
3727977332,1,8.504293163258403e-05,N
3727977332,1,3.2605421541820334e-05,N
3727977332,1,7.740356387997416e-05,N
3727977332,1,0.00011683838293063964,N
535847852,1,0.0001934620159366185,C
535847852,1,0.0007372939758677477,C
535847852,1,0.00034543604699655006,C
535847852,1,0.00020188973007373434,C
535847852,1,0.000587371217128263,C
422165373,1,4.380572682938233e-05,C
422165373,1,4.2970902563443936e-05,C
422165373,1,3.611484240717555e-05,C
422165373,1,4.9106486166516916e-05,C
422165373,1,5.2711217800927024e-05,C
176403689,1,0.0,
176403689,1,0.0,
176403689,1,0.0,
176403689,1,0.0,
176403689,1,0.0,
1735672143,1,0.0007590909144312707,C
1735672143,1,0.0006631243750132576,C
1735672143,1,0.000979670917042319,C
1735672143,1,-0.00029889310320840856,C
1735672143,1,0.0008568954401474427,C
1266193593,1,0.0,C
1266193593,1,0.0,C
1266193593,1,0.0,C
1266193593,1,0.0,C
1266193593,1,0.0,C
29410177,1,0.0,
29410177,1,0.0,
29410177,1,0.0,
29410177,1,0.0,
29410177,1,0.0,
808416955,1,0.0010484703844864107,S
808416955,1,0.00036150915988808485,S
808416955,1,0.00020908369408023653,S
808416955,1,0.0002456629142387756,S
808416955,1,0.00031419467608151397,S
1949014205,1,-0.0003595996948847491,C
1949014205,1,-0.0006635431661725644,C
1949014205,1,-0.0002859078973759255,C
1949014205,1,-0.0004764347635849431,C
1949014205,1,-0.00035161525229965296,C
3431706413,1,0.0,C
3431706413,1,0.0,C
3431706413,1,0.0,C
3431706413,1,0.0,C
3431706413,1,0.0,C
150310,1,-0.00010751238064676816,C
150310,1,-2.5314295626466254e-05,C
150310,1,0.00013860562901413243,C
150310,1,-8.564068858696317e-05,C
150310,1,-0.0002711400559314292,C
465304290,1,-2.3138537421640848e-05,C
465304290,1,0.0009275453708457171,C
465304290,1,-0.000567012548355561,C
465304290,1,0.0006508579281960802,C
465304290,1,0.0004617657112543361,C
3093061208,1,0.0,C
3093061208,1,0.0,C
3093061208,1,0.0,C
3093061208,1,0.0,C
3093061208,1,0.0,C
3012865236,1,-0.0013781658268329222,N
3012865236,1,-0.0011827055898924188,N
3012865236,1,-0.0009242593768774565,N
3012865236,1,-0.0015029498051791768,N
3012865236,1,-0.0005138528284193145,N
792968423,1,0.0,C
792968423,1,0.0,C
792968423,1,0.0,C
792968423,1,0.0,C
792968423,1,0.0,C
170727310,1,-3.7384110845861684e-05,C
170727310,1,-0.0010884532224504362,C
170727310,1,0.0001288420340442853,C
170727310,1,-0.0007717246235096065,C
170727310,1,-0.0038108630466224813,C
2459558207,1,-0.001666560274371287,C
2459558207,1,0.0007575592995660019,C
2459558207,1,-0.0004655019432736607,C
2459558207,1,-0.00018646947803568903,C
2459558207,1,-4.782328002694847e-05,C
1323888424,1,3.04718646110258e-05,N
1323888424,1,3.974753533975139e-06,N
1323888424,1,2.856043689936083e-05,N
1323888424,1,1.1286732828352797e-06,N
1323888424,1,3.590747994985932e-05,N
2975116251,1,0.0008585893032335701,N
2975116251,1,-0.0004049479806743639,N
2975116251,1,0.00018692663477659632,N
2975116251,1,0.0009506217565301567,N
2975116251,1,-0.0007531166633680808,N
1819912581,1,0.0012609353153512082,C
1819912581,1,-0.0006129242951303793,C
1819912581,1,2.8871441557498656e-06,C
1819912581,1,0.00036751699352333134,C
1819912581,1,0.0007902392485350518,C
335878828,1,0.0,
335878828,1,0.0,
335878828,1,0.0,
335878828,1,0.0,
335878828,1,0.0,
3975295864,1,-7.672011878656626e-05,C
3975295864,1,-2.142225042756074e-05,C
3975295864,1,-6.572713947605724e-05,C
3975295864,1,-4.743417162367258e-05,C
3975295864,1,-5.9040692194867184e-05,C
239116674,1,-8.473785250695531e-05,C
239116674,1,-0.00013142757886197565,C
239116674,1,-4.296587701779764e-05,C
239116674,1,-6.167750079166812e-05,C
239116674,1,-0.00020416171358617063,C
3538861869,1,-0.0005826007635897357,C
3538861869,1,-0.000178797149568255,C
3538861869,1,-0.0002654529274758177,C
3538861869,1,0.0002623679192300665,C
3538861869,1,0.0003724148290323859,C
934550081,1,-0.0004583502728214839,N
934550081,1,-0.00020096869266339468,N
934550081,1,-0.0005892311714493781,N
934550081,1,-0.0009593531262961363,N
934550081,1,-0.0004529016754798443,N
3316027208,1,0.0,
3316027208,1,0.0,
3316027208,1,0.0,
3316027208,1,0.0,
3316027208,1,0.0,
2865977551,1,-0.001412945448899805,S
2865977551,1,-0.0013020677821798943,S
2865977551,1,-0.001055593835725177,S
2865977551,1,-0.0029111257728446915,S
2865977551,1,-0.00246782344157237,S
3183067622,1,0.0,O
3183067622,1,0.0,O
3183067622,1,0.0,O
3183067622,1,0.0,O
3183067622,1,0.0,O
564293713,1,0.0,S
564293713,1,0.0,S
564293713,1,0.0,S
564293713,1,0.0,S
564293713,1,0.0,S
1428903162,1,0.0,C
1428903162,1,0.0,C
1428903162,1,0.0,C
1428903162,1,0.0,C
1428903162,1,0.0,C
1467524174,1,-0.0001474350761172527,C
1467524174,1,-8.32325128616862e-05,C
1467524174,1,2.546054964536193e-05,C
1467524174,1,-4.0622274566803895e-05,C
1467524174,1,-0.00017110110249662913,C
651269745,1,3.441969393658262e-05,C
651269745,1,0.0001527720144745004,C
651269745,1,0.00016809976419418504,C
651269745,1,0.0001567460002100951,C
651269745,1,3.441969393658262e-05,C
3268335377,1,0.0,N
3268335377,1,0.0,N
3268335377,1,0.0,N
3268335377,1,0.0,N
3268335377,1,0.0,N
1280488931,1,0.0,N
1280488931,1,0.0,N
1280488931,1,0.0,N
1280488931,1,0.0,N
1280488931,1,0.0,N
2098262959,1,0.0,
2098262959,1,0.0,
2098262959,1,0.0,
2098262959,1,0.0,
2098262959,1,0.0,
2485994647,1,-6.774708536050333e-05,N
2485994647,1,-1.996661598169247e-05,N
2485994647,1,-4.7132331391641635e-05,N
2485994647,1,-0.00011977361589843305,N
2485994647,1,2.1725590489185542e-05,N
3088984962,1,0.00028959586980104035,C
3088984962,1,8.639003266475154e-05,C
3088984962,1,0.00019121082043271898,C
3088984962,1,-0.00012348231559455858,C
3088984962,1,0.00034740027542101704,C
3042542132,1,0.002097151938155739,N
3042542132,1,-0.001316553893057626,N
3042542132,1,0.0004909689731560363,N
3042542132,1,0.0007886877248842739,N
3042542132,1,0.00144303728323103,N
373109870,1,0.00029237499880307993,C
373109870,1,0.0001160065350906958,C
373109870,1,0.00016566926717753727,C
373109870,1,0.00010885157658457878,C
373109870,1,0.00019202092621850575,C
2677752761,1,-3.7878301788807356e-05,C
2677752761,1,-3.963676205687161e-05,C
2677752761,1,-3.9436571846018786e-05,C
2677752761,1,-3.7920050798945226e-05,C
2677752761,1,-3.9388218744274006e-05,C
3807907321,1,-2.4397897958605697e-05,O
3807907321,1,-3.6587584784530947e-05,O
3807907321,1,-3.6587584784530947e-05,O
3807907321,1,-4.0179843509569046e-05,O
3807907321,1,-4.144837775021948e-05,O
2587571567,1,-0.00034569780674731376,C
2587571567,1,7.711769683615977e-06,C
2587571567,1,2.8914428889303956e-05,C
2587571567,1,-0.00011910260823577712,C
2587571567,1,-0.00027087031591976896,C
3701504231,1,-0.00047849376033115565,N
3701504231,1,-0.0010954308781048194,N
3701504231,1,-0.0007511944563077799,N
3701504231,1,-0.0004407903626388876,N
3701504231,1,-0.0005538567324577803,N
369315086,1,-0.0002670633355205121,C
369315086,1,-6.233760134777278e-05,C
369315086,1,-0.0001494042182934585,C
369315086,1,-0.00010991370450230686,C
369315086,1,-0.00020721569299009257,C
1965692378,1,0.0006527276925633041,N
1965692378,1,0.00046212312665683264,N
1965692378,1,0.0006642450564965374,N
1965692378,1,0.0002242362934932185,N
1965692378,1,0.00043616301149940195,N
1633777018,1,0.00028596469174457795,C
1633777018,1,0.00030273246577117163,C
1633777018,1,7.397267803521679e-06,C
1633777018,1,0.00011017139955060706,C
1633777018,1,-0.000295606335111831,C
3757038672,1,0.0006550478624820499,C
3757038672,1,-8.087769801956579e-05,C
3757038672,1,0.0003134653665788356,C
3757038672,1,0.0004062651471632428,C
3757038672,1,0.0005322289407923009,C
2677858541,1,-0.0008717575621451923,C
2677858541,1,-0.0010596083876696083,C
2677858541,1,-0.0014515974880756621,C
2677858541,1,-0.0011064091061627757,C
2677858541,1,-8.078666611466279e-05,C
1446204275,1,0.000148422423712824,C
1446204275,1,0.00019767421901251137,C
1446204275,1,-0.0004924128559969931,C
1446204275,1,0.0009721051375403134,C
1446204275,1,7.068754470640481e-05,C
3589407776,1,0.0009012417595170019,C
3589407776,1,0.0008317340362626879,C
3589407776,1,0.0010950783046136392,C
3589407776,1,-0.000260468528274993,C
3589407776,1,-0.000591061664525272,C
3083149185,1,-0.00018372765735985563,C
3083149185,1,-0.00019388045595669645,C
3083149185,1,-0.00033748636373209795,C
3083149185,1,-0.000154691073019797,C
3083149185,1,-6.964544934773276e-05,C
337875000,1,0.001253892442894644,C
337875000,1,-0.0001066298211939154,C
337875000,1,0.0003833670120169108,C
337875000,1,0.00025525615086829934,C
337875000,1,-9.236869524442692e-05,C
3887884923,1,-0.0005515840473598876,C
3887884923,1,-0.0004531043395072931,C
3887884923,1,-0.00038035213359310927,C
3887884923,1,-0.00013588333697689414,C
3887884923,1,-0.00023790342669349762,C
4256629345,1,-0.00023660548038884066,C
4256629345,1,-0.00011314509623416846,C
4256629345,1,-0.0001927484714987493,C
4256629345,1,-5.814217592714499e-06,C
4256629345,1,-0.0002188305854918804,C
662595032,1,5.518241619684172e-05,N
662595032,1,-7.428440535883762e-05,N
662595032,1,-0.00025618316801367946,N
662595032,1,-0.000515598333632239,N
662595032,1,0.00012172922680564469,N
3777243454,1,-0.0018588016600182833,C
3777243454,1,0.0011666985935520069,C
3777243454,1,-0.0006951393668794825,C
3777243454,1,-0.0012587751251948998,C
3777243454,1,-0.0009021884483909615,C
982949046,1,-0.00013805927042065402,C
982949046,1,0.0001988091584154139,C
982949046,1,-0.00012632499694864574,C
982949046,1,8.944428282642303e-05,C
982949046,1,2.771017821756594e-05,C
267757375,1,0.0,
267757375,1,0.0,
267757375,1,0.0,
267757375,1,0.0,
267757375,1,0.0,
2157595070,1,0.0,
2157595070,1,0.0,
2157595070,1,0.0,
2157595070,1,0.0,
2157595070,1,0.0,
895910141,1,0.0,
895910141,1,0.0,
895910141,1,0.0,
895910141,1,0.0,
895910141,1,0.0,
3182041044,1,0.0,C
3182041044,1,0.0,C
3182041044,1,0.0,C
3182041044,1,0.0,C
3182041044,1,0.0,C
4105666400,1,-0.00018335415805148525,C
4105666400,1,0.0005557612626065911,C
4105666400,1,-0.00038068726848439205,C
4105666400,1,0.0003224848181820894,C
4105666400,1,0.00020884284860045454,C
1891839201,1,0.0,C
1891839201,1,0.0,C
1891839201,1,0.0,C
1891839201,1,0.0,C
1891839201,1,0.0,C
2584230118,1,6.664378387322145e-05,C
2584230118,1,6.389288049990505e-05,C
2584230118,1,1.5915132702271073e-05,C
2584230118,1,5.064643165630933e-06,C
2584230118,1,-0.00010104194457383198,C
3696402029,1,0.0006795701701292067,C
3696402029,1,0.0008849330447074921,C
3696402029,1,0.0006185707205565993,C
3696402029,1,0.0022582262086187077,C
3696402029,1,0.0004580727295393494,C
1263988625,1,9.32860332480967e-06,C
1263988625,1,1.630131335095264e-05,C
1263988625,1,1.1550752744837745e-05,C
1263988625,1,-6.3496973351506725e-06,C
1263988625,1,1.630131335095264e-05,C
829754261,1,1.5831343253003283e-05,C
829754261,1,-6.800735741441244e-06,C
829754261,1,-6.5887061962977e-06,C
829754261,1,1.8613783804966033e-05,C
829754261,1,1.962204422545355e-05,C
2841547777,1,-0.00011689198928199751,C
2841547777,1,-0.001266383317898856,C
2841547777,1,-0.0004174513319255002,C
2841547777,1,0.00010040069991945622,C
2841547777,1,-0.00011258360729948791,C
3059129780,1,6.293258110223743e-05,C
3059129780,1,0.00019286885150116007,C
3059129780,1,0.0003802866784513581,C
3059129780,1,0.0006374428721244163,C
3059129780,1,0.00011065636816387503,C
3650394863,1,0.0,C
3650394863,1,0.0,C
3650394863,1,0.0,C
3650394863,1,0.0,C
3650394863,1,0.0,C
3288032115,1,0.001253152253766543,C
3288032115,1,0.000138774325270985,C
3288032115,1,0.0001795564130910865,C
3288032115,1,-0.0002821096269529644,C
3288032115,1,-0.00013655050733718532,C
1308598964,1,-0.00011007874250201777,C
1308598964,1,0.0005034611753194085,C
1308598964,1,0.00011111343169023513,C
1308598964,1,0.00020613966907778725,C
1308598964,1,0.0003956017047176408,C
4081192417,1,0.0,
4081192417,1,0.0,
4081192417,1,0.0,
4081192417,1,0.0,
4081192417,1,0.0,
2085926208,1,0.0,
2085926208,1,0.0,
2085926208,1,0.0,
2085926208,1,0.0,
2085926208,1,0.0,
1852134816,1,-0.001113627259542449,C
1852134816,1,-0.001109988707957421,C
1852134816,1,-0.001885049419065643,C
1852134816,1,-0.00146049275478366,C
1852134816,1,-0.0016948173238946485,C
3628883864,1,0.0,C
3628883864,1,0.0,C
3628883864,1,0.0,C
3628883864,1,0.0,C
3628883864,1,0.0,C
1228815484,1,0.0005670029247406561,C
1228815484,1,0.00034483805611829066,C
1228815484,1,-0.00010611502511559401,C
1228815484,1,0.00033238546093472543,C
1228815484,1,0.00059335912010261,C
2863170677,1,0.0,
2863170677,1,0.0,
2863170677,1,0.0,
2863170677,1,0.0,
2863170677,1,0.0,
2126281302,1,-0.0009619649764064375,C
2126281302,1,-0.0008701319166142252,C
2126281302,1,-0.0010220258452656727,C
2126281302,1,-0.0011467703033594123,C
2126281302,1,-0.002338930067700473,C
3768390624,1,0.0,C
3768390624,1,0.0,C
3768390624,1,0.0,C
3768390624,1,0.0,C
3768390624,1,0.0,C
2150151661,1,7.128293181801748e-05,C
2150151661,1,-2.0077487980385555e-05,C
2150151661,1,1.8988630157146247e-05,C
2150151661,1,0.0002191015327356327,C
2150151661,1,6.89434027992819e-05,C
881868678,1,0.0,
881868678,1,0.0,
881868678,1,0.0,
881868678,1,0.0,
881868678,1,0.0,
1796784588,1,0.0,
1796784588,1,0.0,
1796784588,1,0.0,
1796784588,1,0.0,
1796784588,1,0.0,
3892941493,1,0.00012038424038740558,N
3892941493,1,0.0005071516886162586,N
3892941493,1,0.00017353386039942187,N
3892941493,1,5.4225355069492664e-06,N
3892941493,1,6.887609675376716e-06,N
847307936,1,0.0,C
847307936,1,0.0,C
847307936,1,0.0,C
847307936,1,0.0,C
847307936,1,0.0,C
1514288082,1,0.0,
1514288082,1,0.0,
1514288082,1,0.0,
1514288082,1,0.0,
1514288082,1,0.0,
287232915,1,5.0044700544038534e-05,C
287232915,1,0.00018211946353841046,C
287232915,1,9.978305198155013e-05,C
287232915,1,0.0002256920973237042,C
287232915,1,0.00035594172224329146,C
3292836937,1,0.0,
3292836937,1,0.0,
3292836937,1,0.0,
3292836937,1,0.0,
3292836937,1,0.0,
89961214,1,0.0,C
89961214,1,0.0,C
89961214,1,0.0,C
89961214,1,0.0,C
89961214,1,0.0,C
1147977085,1,-1.2988148323511695e-07,C
1147977085,1,-8.894507791556983e-05,C
1147977085,1,-0.00014338174289663108,C
1147977085,1,-3.282321560726942e-05,C
1147977085,1,2.4290047666575276e-06,C
636182019,1,-4.144284784080021e-05,C
636182019,1,-0.0006254597176147403,C
636182019,1,0.002145104789078034,C
636182019,1,0.001074719763491938,C
636182019,1,0.001375341924829132,C
799373156,1,-0.00010418691464042507,C
799373156,1,-6.479030719752643e-05,C
799373156,1,0.00019579402174874083,C
799373156,1,4.894091608198536e-06,C
799373156,1,-0.00011360779055591408,C
636990493,1,2.5659571208480614e-05,C
636990493,1,5.48518557141886e-06,C
636990493,1,-1.0410116234593758e-06,C
636990493,1,8.877646775484749e-06,C
636990493,1,1.7893888391018464e-06,C
1078276907,1,-0.0010668329922775,C
1078276907,1,-0.0014405324484108029,C
1078276907,1,-0.0003777244228112542,C
1078276907,1,-0.0006856904970119482,C
1078276907,1,-0.0003451454562709566,C
1421345390,1,0.0,C
1421345390,1,0.0,C
1421345390,1,0.0,C
1421345390,1,0.0,C
1421345390,1,0.0,C
145374537,1,-0.0005017365729894641,C
145374537,1,-0.00026308331444790944,C
145374537,1,-0.000292470961261615,C
145374537,1,-0.0005293256702985083,C
145374537,1,-0.00047413851520616834,C
1256751600,1,-0.0006269318981937388,C
1256751600,1,0.0002443236050786446,C
1256751600,1,-0.00022747880340856508,C
1256751600,1,-0.0007113835562845283,C
1256751600,1,-0.0007815611026343872,C
30707086,1,-1.0817291684839248e-05,C
30707086,1,-8.121646149861217e-05,C
30707086,1,-6.411019285690323e-05,C
30707086,1,-2.97042044159479e-05,C
30707086,1,-3.248512263898107e-05,C
454919045,1,-0.0018189806784755236,N
454919045,1,-0.0008999738820920644,N
454919045,1,-0.002217744868502791,N
454919045,1,-0.0012747607346148548,N
454919045,1,-0.0018027346575374414,N
96001975,1,-9.758179654706378e-05,C
96001975,1,-0.00022308618977340267,C
96001975,1,0.0004211990692899459,C
96001975,1,0.00021137786699310102,C
96001975,1,-0.00013090049244690594,C
3632480728,1,0.0,C
3632480728,1,0.0,C
3632480728,1,0.0,C
3632480728,1,0.0,C
3632480728,1,0.0,C
2543587995,1,-0.0001750550512904514,N
2543587995,1,-0.0003540601251204034,N
2543587995,1,0.00019815888438790008,N
2543587995,1,-4.167158786783087e-05,N
2543587995,1,1.305604706458574e-06,N
2664622273,1,-2.785088241608058e-05,C
2664622273,1,-2.6925252918252873e-05,C
2664622273,1,-2.270239370638638e-05,C
2664622273,1,2.166359245237004e-05,C
2664622273,1,-4.0255591001514546e-05,C
640282103,1,-0.000397562269159657,C
640282103,1,-2.3429190718737836e-05,C
640282103,1,0.0006095692028095234,C
640282103,1,9.968085291356399e-05,C
640282103,1,-0.00029243991179639384,C
552722929,1,6.496874338024483e-05,C
552722929,1,0.000114536933826348,C
552722929,1,0.0002535804496943683,C
552722929,1,0.00023666119778043004,C
552722929,1,3.466017771946994e-05,C
3304326854,1,-0.0006041770759300791,C
3304326854,1,-0.0003880845700533486,C
3304326854,1,-0.00035705032409283355,C
3304326854,1,-0.0002369176768777237,C
3304326854,1,-1.3547974855754319e-05,C
932711668,1,0.00167651665680002,N
932711668,1,0.0011428478942772102,N
932711668,1,0.0016147945206559378,N
932711668,1,0.0008132024299168927,N
932711668,1,0.002484055060788082,N
932734850,1,0.00012347043051474937,N
932734850,1,3.975033440184461e-05,N
932734850,1,4.6274076667240926e-05,N
932734850,1,8.56925772204642e-05,N
932734850,1,7.738473492979736e-05,N
3198482033,1,0.0,C
3198482033,1,0.0,C
3198482033,1,0.0,C
3198482033,1,0.0,C
3198482033,1,0.0,C
2843970853,1,0.00033050660662137243,C
2843970853,1,0.00046535471906961057,C
2843970853,1,0.0003153670610130943,C
2843970853,1,0.00041090617531058804,C
2843970853,1,0.0005709804700209098,C
1167268241,1,0.0,C
1167268241,1,0.0,C
1167268241,1,0.0,C
1167268241,1,0.0,C
1167268241,1,0.0,C
1968143303,1,0.0008639603990469036,C
1968143303,1,0.0010310524861333326,C
1968143303,1,-0.0003805426885504781,C
1968143303,1,0.00025102071113014546,C
1968143303,1,0.0005563162422124179,C
132611095,1,0.00019307602272877755,C
132611095,1,0.000425680537209816,C
132611095,1,0.0013580093096186019,C
132611095,1,0.0010215960056184636,C
132611095,1,0.00044970180958092687,C
1067305901,1,0.0,
1067305901,1,0.0,
1067305901,1,0.0,
1067305901,1,0.0,
1067305901,1,0.0,
4232044298,1,0.0,C
4232044298,1,0.0,C
4232044298,1,0.0,C
4232044298,1,0.0,C
4232044298,1,0.0,C
3924990413,1,-4.766029428115992e-06,C
3924990413,1,-5.854399327098747e-06,C
3924990413,1,-5.314697150482495e-06,C
3924990413,1,-6.250958987985555e-06,C
3924990413,1,-8.937516987606031e-07,C
3163510888,1,0.0003171621490748455,C
3163510888,1,3.0024425386354636e-05,C
3163510888,1,0.0003836177401878027,C
3163510888,1,8.450005501281499e-05,C
3163510888,1,0.0003500528587707663,C
3370172965,1,-0.00024992978754534434,C
3370172965,1,3.963395832751182e-05,C
3370172965,1,-0.00025503413045724344,C
3370172965,1,9.136811783694299e-05,C
3370172965,1,-0.0004744337790321129,C
1544255291,1,0.00042690772808340327,C
1544255291,1,-5.7492987603824375e-05,C
1544255291,1,0.00014178438562761908,C
1544255291,1,0.0001426662428282155,C
1544255291,1,0.0004066433709795092,C
3961613636,1,2.2533811537939208e-05,C
3961613636,1,4.11164583460355e-05,C
3961613636,1,-3.0751650227367477e-06,C
3961613636,1,-1.5193313317896084e-05,C
3961613636,1,-1.7790441736997842e-05,C
50651170,1,-0.00020937488425909478,C
50651170,1,-0.0004231700513634973,C
50651170,1,7.240780602391084e-05,C
50651170,1,0.000725241814355404,C
50651170,1,0.00104565049697114,C
3075896141,1,-0.0005972770686102358,C
3075896141,1,-0.0009680974096111239,C
3075896141,1,-0.0012446513884291077,C
3075896141,1,-0.0007009211832894602,C
3075896141,1,-0.0009449030024701877,C
172238518,1,0.0,
172238518,1,0.0,
172238518,1,0.0,
172238518,1,0.0,
172238518,1,0.0,
2136803473,1,-0.0001308789930061227,O
2136803473,1,-0.00016709101480483213,O
2136803473,1,-0.0004677958654045744,O
2136803473,1,-0.0003816135852332536,O
2136803473,1,5.182195428821146e-05,O
1023209243,1,9.110791426847342e-07,N
1023209243,1,3.6006739270177945e-06,N
1023209243,1,2.390172806565616e-06,N
1023209243,1,4.3028452976212606e-05,N
1023209243,1,-1.0180315992980304e-05,N
885408970,1,0.0,O
885408970,1,0.0,O
885408970,1,0.0,O
885408970,1,0.0,O
885408970,1,0.0,O
1213407188,1,-0.00011497814475858181,C
1213407188,1,0.0002179298347313452,C
1213407188,1,0.00028747118999217225,C
1213407188,1,0.00015491377832932418,C
1213407188,1,0.00016441239602593694,C
4210054575,1,-0.00027497443090584994,N
4210054575,1,0.002838210540055619,N
4210054575,1,-0.0014444875517917177,N
4210054575,1,-0.0007371694677181795,N
4210054575,1,-0.0014444540525814231,N
3871410344,1,-0.0004267413015244248,N
3871410344,1,-0.0004884945143809327,N
3871410344,1,0.00018598535762881507,N
3871410344,1,-0.0003416082336057391,N
3871410344,1,-0.00025758180412516207,N
1184436594,1,0.0,
1184436594,1,0.0,
1184436594,1,0.0,
1184436594,1,0.0,
1184436594,1,0.0,
3431706412,1,2.8240380833821632e-05,C
3431706412,1,0.00012597562198513046,C
3431706412,1,-8.812162988525163e-05,C
3431706412,1,0.0001716394161312973,C
3431706412,1,4.709876114006306e-05,C
2758632892,1,0.0,C
2758632892,1,0.0,C
2758632892,1,0.0,C
2758632892,1,0.0,C
2758632892,1,0.0,C
2131356872,1,-1.2669240483820232e-05,C
2131356872,1,-7.867552574092329e-06,C
2131356872,1,-2.510492345120241e-07,C
2131356872,1,1.1940090034467943e-06,C
2131356872,1,-4.425900725135712e-06,C
3131896227,1,0.003489680710316745,C
3131896227,1,0.0030185046608561805,C
3131896227,1,0.003946678473333853,C
3131896227,1,0.0008043501469928716,C
3131896227,1,-0.0001581001421986361,C
2739425568,1,-0.00045787165236022,C
2739425568,1,-0.000736389312134933,C
2739425568,1,-0.0010800283707007585,C
2739425568,1,-0.00042160951048586526,C
2739425568,1,0.00042831303870061177,C
2917424199,1,-6.050376874155994e-05,N
2917424199,1,7.631472837887898e-06,N
2917424199,1,-8.41327106214651e-05,N
2917424199,1,0.0004049802625839538,N
2917424199,1,-0.0002049306469105172,N
740717125,1,0.00018976479573518112,C
740717125,1,0.00017222935611449497,C
740717125,1,0.0002569848012440312,C
740717125,1,-9.860797047400727e-05,C
740717125,1,0.00011245280851823747,C
2604399148,1,0.0008596742884396935,C
2604399148,1,0.00018883429823401965,C
2604399148,1,0.00013426979321429222,C
2604399148,1,0.00033494949267587337,C
2604399148,1,0.0004531518565081827,C
35816944,1,-0.00035061247104417603,C
35816944,1,9.705205408128137e-05,C
35816944,1,-0.000991022407336728,C
35816944,1,-7.421597014645176e-05,C
35816944,1,0.0004091029323248785,C
1623026378,1,0.0002508196681259012,C
1623026378,1,-0.0001973569385844698,C
1623026378,1,0.0001555664445251903,C
1623026378,1,0.0001628855610044111,C
1623026378,1,9.057371730436525e-05,C
1514095308,1,0.0,C
1514095308,1,0.0,C
1514095308,1,0.0,C
1514095308,1,0.0,C
1514095308,1,0.0,C
1814116706,1,0.0,N
1814116706,1,0.0,N
1814116706,1,0.0,N
1814116706,1,0.0,N
1814116706,1,0.0,N
3229069614,1,2.2615158691507986e-05,N
3229069614,1,1.1523224426213119e-05,N
3229069614,1,-7.889739423783126e-06,N
3229069614,1,1.9511961103169106e-05,N
3229069614,1,-1.6623606798882307e-06,N
269963113,1,6.16182707180446e-06,C
269963113,1,1.412853524618285e-06,C
269963113,1,1.5048327459021849e-05,C
269963113,1,3.464919241635833e-06,C
269963113,1,3.321531846456338e-06,C
3375441982,1,0.0,
3375441982,1,0.0,
3375441982,1,0.0,
3375441982,1,0.0,
3375441982,1,0.0,
2537385504,1,0.0,C
2537385504,1,0.0,C
2537385504,1,0.0,C
2537385504,1,0.0,C
2537385504,1,0.0,C
1375082737,1,-0.0018520661773232527,C
1375082737,1,-0.0011571461860981902,C
1375082737,1,0.00016012904430162678,C
1375082737,1,-0.0006298221700081763,C
1375082737,1,-0.0009985355424764197,C
3972090239,1,-0.0010950095697547235,C
3972090239,1,-0.0009233980403775544,C
3972090239,1,-0.00028931923289088335,C
3972090239,1,-8.8319615294985e-05,C
3972090239,1,0.00057318682091545,C
542715770,1,-3.7300759447855825e-06,C
542715770,1,-4.6452739642877106e-05,C
542715770,1,-2.5777746125443812e-05,C
542715770,1,0.0007447824783887169,C
542715770,1,0.0002719201652676695,C
1835135892,1,0.00022136437018249744,C
1835135892,1,-0.0009892811473065644,C
1835135892,1,-0.001148330841761691,C
1835135892,1,-0.0009575369422991642,C
1835135892,1,-0.0001474137627567318,C
3850856377,1,0.0005747043896894288,C
3850856377,1,0.004275712937735987,C
3850856377,1,0.0007402019597763099,C
3850856377,1,0.0021250033358281017,C
3850856377,1,5.275077099498038e-05,C
3007422704,1,-0.0002822828095109253,O
3007422704,1,0.00036550986775973904,O
3007422704,1,-0.00025706345018128296,O
3007422704,1,-2.690130069193941e-05,O
3007422704,1,-0.0003283240351148464,O
2209842778,1,3.283389860908592e-05,N
2209842778,1,-0.00023323446963918748,N
2209842778,1,-0.00012900799998760704,N
2209842778,1,-5.527922006731689e-05,N
2209842778,1,-9.557991316855308e-06,N
2296764637,1,0.0,C
2296764637,1,0.0,C
2296764637,1,0.0,C
2296764637,1,0.0,C
2296764637,1,0.0,C
3929393147,1,0.0,C
3929393147,1,0.0,C
3929393147,1,0.0,C
3929393147,1,0.0,C
3929393147,1,0.0,C
2270589688,1,-3.214494797720846e-05,N
2270589688,1,-3.966584665837658e-06,N
2270589688,1,-4.1658411893075176e-05,N
2270589688,1,0.00010337687517669725,N
2270589688,1,0.00020731935855833328,N
2592252298,1,0.00033140978686119205,C
2592252298,1,0.0003580027128636809,C
2592252298,1,0.0003245186322641258,C
2592252298,1,0.000476953164789351,C
2592252298,1,6.6052501660252e-05,C
4116013187,1,0.0,C
4116013187,1,0.0,C
4116013187,1,0.0,C
4116013187,1,0.0,C
4116013187,1,0.0,C
372117123,1,0.0009439701225191222,S
372117123,1,0.0005769020095112154,S
372117123,1,0.00022568370950171168,S
372117123,1,0.0004551248083815018,S
372117123,1,0.0007494787145896353,S
2709179886,1,0.0,C
2709179886,1,0.0,C
2709179886,1,0.0,C
2709179886,1,0.0,C
2709179886,1,0.0,C
228862830,1,0.0,N
228862830,1,0.0,N
228862830,1,0.0,N
228862830,1,0.0,N
228862830,1,0.0,N
2300762321,1,0.0008527726959935977,N
2300762321,1,0.0004544985938466084,N
2300762321,1,0.0010809945831911083,N
2300762321,1,0.001724308769948002,N
2300762321,1,0.0003572803211322473,N
4081192418,1,0.0,
4081192418,1,0.0,
4081192418,1,0.0,
4081192418,1,0.0,
4081192418,1,0.0,
4120224926,1,9.049570371011395e-05,C
4120224926,1,0.00010882826842117943,C
4120224926,1,2.3545857369411394e-06,C
4120224926,1,-7.01786367320878e-05,C
4120224926,1,-3.328297118021517e-06,C
1090571167,1,0.0006086263430294947,N
1090571167,1,0.0011149091318050086,N
1090571167,1,0.002293670856064578,N
1090571167,1,0.0027556603667319157,N
1090571167,1,0.002525919023975698,N
369500293,1,-0.000146015384297149,C
369500293,1,-0.00014648623620672208,C
369500293,1,0.000501823647181876,C
369500293,1,0.0014622533903667634,C
369500293,1,-0.0003880785110348395,C
3873306213,1,-0.0009752358288045437,N
3873306213,1,-0.0003626303348610582,N
3873306213,1,6.71926662454414e-05,N
3873306213,1,-0.00019503817611632446,N
3873306213,1,-0.0007149944378926909,N
600377156,1,7.671367378114802e-06,C
600377156,1,-8.759902911825712e-06,C
600377156,1,-1.328339174633264e-05,C
600377156,1,-2.506548096414818e-06,C
600377156,1,-5.589370508207736e-06,C
1946997629,1,0.00015514010255646138,C
1946997629,1,0.00036711364623165377,C
1946997629,1,0.0006123734068722575,C
1946997629,1,0.00036711364623165377,C
1946997629,1,0.00015514010255646138,C
1044537682,1,0.0,C
1044537682,1,0.0,C
1044537682,1,0.0,C
1044537682,1,0.0,C
1044537682,1,0.0,C
2077658817,1,-0.0028625296355212493,O
2077658817,1,-0.0015833748264920677,O
2077658817,1,-0.002350044175459809,O
2077658817,1,-0.004740987360937199,O
2077658817,1,-0.0031203379317021884,O
264974063,1,0.0,N
264974063,1,0.0,N
264974063,1,0.0,N
264974063,1,0.0,N
264974063,1,0.0,N
3792822921,1,-0.00012043788060256411,N
3792822921,1,0.0004739262371225017,N
3792822921,1,0.0006326632366452367,N
3792822921,1,0.00016190599973520126,N
3792822921,1,8.124625754180048e-05,N
2575624905,1,-9.242022381017456e-05,C
2575624905,1,3.6946063834975007e-06,C
2575624905,1,-2.6165162497537864e-05,C
2575624905,1,-7.840204704057108e-05,C
2575624905,1,-7.344921998975185e-05,C
1640551393,1,5.593240137380384e-05,C
1640551393,1,6.633648583176388e-05,C
1640551393,1,3.435519628569583e-05,C
1640551393,1,-4.671173650983018e-05,C
1640551393,1,-5.044114826158186e-06,C
3528517994,1,7.306000138596058e-05,C
3528517994,1,0.0005818711212884908,C
3528517994,1,0.0003798918392928785,C
3528517994,1,0.00035552429968732646,C
3528517994,1,-0.00017278816321175672,C
692277943,1,5.247172727429472e-07,N
692277943,1,-4.917323071040869e-05,N
692277943,1,-0.00015221451747182702,N
692277943,1,-0.0001487300125923019,N
692277943,1,-0.0001499277130641019,N
990985258,1,0.0,C
990985258,1,0.0,C
990985258,1,0.0,C
990985258,1,0.0,C
990985258,1,0.0,C
389385568,1,0.0,
389385568,1,0.0,
389385568,1,0.0,
389385568,1,0.0,
389385568,1,0.0,
597336504,1,0.0,C
597336504,1,0.0,C
597336504,1,0.0,C
597336504,1,0.0,C
597336504,1,0.0,C
744747118,1,0.00032052209273558674,S
744747118,1,0.001033114502895005,S
744747118,1,0.0010007985907815042,S
744747118,1,0.0004635653201000567,S
744747118,1,0.0007324635873267038,S
1740651977,1,-4.092646776210351e-05,C
1740651977,1,-6.026426516847483e-05,C
1740651977,1,-2.7333871506884933e-05,C
1740651977,1,-3.8998205483808945e-06,C
1740651977,1,-2.1092929963106855e-05,C
1198890718,1,0.0004872642463005228,C
1198890718,1,0.00014150918734678886,C
1198890718,1,0.0002888781805797658,C
1198890718,1,0.000424572694948111,C
1198890718,1,0.0003242172455938386,C
544863012,1,-8.956750383937173e-05,C
544863012,1,0.00017645809185729,C
544863012,1,0.000509566564247943,C
544863012,1,0.00019286557552433692,C
544863012,1,-0.00010522066198481728,C
2127647960,1,0.00026532176544658004,C
2127647960,1,-0.0005263800534182073,C
2127647960,1,-0.0006309463207246901,C
2127647960,1,-0.0004750158142251548,C
2127647960,1,-0.00043783924812990094,C
3372972590,1,-0.00010947278109807446,N
3372972590,1,-8.827516637677224e-05,N
3372972590,1,-4.4814254659519825e-05,N
3372972590,1,-0.00010947278109807446,N
3372972590,1,-9.316155853422714e-05,N
1145656637,1,-0.0001473074452641443,N
1145656637,1,5.426989638601665e-05,N
1145656637,1,-5.2582955279656396e-05,N
1145656637,1,-5.2582955279656396e-05,N
1145656637,1,7.5856950318975436e-06,N
3781690415,1,0.0007883502601316872,C
3781690415,1,0.000654371578661439,C
3781690415,1,-0.00047675501397015374,C
3781690415,1,0.0009186760319981335,C
3781690415,1,-6.617518527229915e-05,C
2211843251,1,0.0,C
2211843251,1,0.0,C
2211843251,1,0.0,C
2211843251,1,0.0,C
2211843251,1,0.0,C
1378792052,1,9.819492535423358e-06,C
1378792052,1,3.7275274098469424e-05,C
1378792052,1,-6.573569932166734e-06,C
1378792052,1,-2.6415887268260718e-05,C
1378792052,1,-1.1020944798656451e-05,C
4240369074,1,0.0,C
4240369074,1,0.0,C
4240369074,1,0.0,C
4240369074,1,0.0,C
4240369074,1,0.0,C
3209892106,1,0.00031825608248392534,N
3209892106,1,0.00010208177260884188,N
3209892106,1,0.0001484122400775556,N
3209892106,1,0.0003563302539187907,N
3209892106,1,9.493635863078165e-05,N
2762211251,1,7.852890686266267e-05,S
2762211251,1,0.0001509228066478574,S
2762211251,1,6.81082917276532e-05,S
2762211251,1,0.00015169361665712255,S
2762211251,1,0.00014000334935437841,S
990985259,1,-2.3217105053041642e-05,C
990985259,1,-2.155494516931089e-05,C
990985259,1,-1.8733118624214562e-05,C
990985259,1,-1.540936159882822e-05,C
990985259,1,-1.6631556140178638e-05,C
4256676941,1,-0.0008035766030072278,N
4256676941,1,-0.00019603829046499488,N
4256676941,1,-0.0006024489070949324,N
4256676941,1,-0.0005452670295921225,N
4256676941,1,-0.0004964547108942119,N
3617179377,1,-0.0001259181984230029,C
3617179377,1,-0.0001959505654965943,C
3617179377,1,-0.00027281411785906595,C
3617179377,1,-0.0002779215588092354,C
3617179377,1,-0.00028205944212811307,C
592655526,1,-0.00038929180545621556,C
592655526,1,-0.0006763874391311209,C
592655526,1,-0.0018847334335680976,C
592655526,1,-0.0010456300307728483,C
592655526,1,-0.0015476415563656643,C
2409787606,1,2.41384560268898e-05,C
2409787606,1,0.0001081777986958743,C
2409787606,1,2.8476140763178392e-05,C
2409787606,1,4.0467354576079195e-05,C
2409787606,1,4.6491707461182585e-05,C
2113520109,1,3.0323865483072865e-06,C
2113520109,1,-4.6218220252747244e-05,C
2113520109,1,8.729555331343786e-05,C
2113520109,1,0.00010295116765246526,C
2113520109,1,-0.00010837005266695066,C
1250165012,1,0.0,
1250165012,1,0.0,
1250165012,1,0.0,
1250165012,1,0.0,
1250165012,1,0.0,
1238592536,1,-0.0013139225262460696,C
1238592536,1,-0.0005122377893201913,C
1238592536,1,-0.0004480288297910029,C
1238592536,1,-0.0013900359596991096,C
1238592536,1,-0.0005548502739470829,C
2213350725,1,-0.002001998006267436,C
2213350725,1,0.000509091958332597,C
2213350725,1,-0.002076363519210811,C
2213350725,1,-0.0014071355014854126,C
2213350725,1,7.3432435556686215e-06,C
1915080917,1,0.0009458729949075595,C
1915080917,1,0.0007049241688781294,C
1915080917,1,0.0009523289825498216,C
1915080917,1,0.0008228559228422583,C
1915080917,1,0.001641139611893383,C
3651174070,1,0.0,C
3651174070,1,0.0,C
3651174070,1,0.0,C
3651174070,1,0.0,C
3651174070,1,0.0,C
1365279474,1,-0.00020862624805062513,C
1365279474,1,-0.00015231089304190704,C
1365279474,1,3.090577718545262e-05,C
1365279474,1,-0.00010976715596777709,C
1365279474,1,7.837653331987937e-05,C
1583009052,1,0.0,C
1583009052,1,0.0,C
1583009052,1,0.0,C
1583009052,1,0.0,C
1583009052,1,0.0,C
1499666286,1,0.0,
1499666286,1,0.0,
1499666286,1,0.0,
1499666286,1,0.0,
1499666286,1,0.0,
1191280979,1,-9.845095541760607e-05,C
1191280979,1,-6.920641901475566e-05,C
1191280979,1,-1.808464337571536e-05,C
1191280979,1,-2.4804811800338555e-05,C
1191280979,1,-3.682121489057e-05,C
3457964313,1,-0.0007321995786040425,N
3457964313,1,-0.0030310617115357763,N
3457964313,1,-0.0002658197528753181,N
3457964313,1,-0.0006222812005771683,N
3457964313,1,-0.001581226760373422,N
2881111452,1,0.0,
2881111452,1,0.0,
2881111452,1,0.0,
2881111452,1,0.0,
2881111452,1,0.0,
423609967,1,-0.00047541162586905994,C
423609967,1,-0.0006618909947242457,C
423609967,1,-0.0013108523062290711,C
423609967,1,-0.0009606710837398724,C
423609967,1,-0.001578960089678727,C
3300110909,1,0.0009369522059833324,N
3300110909,1,0.00011516311646719846,N
3300110909,1,-4.595603120816083e-05,N
3300110909,1,0.0012142304324290754,N
3300110909,1,0.001005105490417768,N
3345491492,1,0.0015218852927898485,N
3345491492,1,-0.0006258899543661878,N
3345491492,1,0.0011176032954326454,N
3345491492,1,-1.7144727581075436e-05,N
3345491492,1,-0.0006307784630152913,N
1534595042,1,-3.8343287108277835e-05,C
1534595042,1,-4.410879072180851e-05,C
1534595042,1,-5.646986410412502e-05,C
1534595042,1,-3.425763112108182e-05,C
1534595042,1,-4.460158725627661e-05,C
2014255590,1,0.0002407939893678268,N
2014255590,1,0.00031058049538212895,N
2014255590,1,-0.00034866480569217817,N
2014255590,1,0.00016082401520578493,N
2014255590,1,0.0003725004255360487,N
362715007,1,0.0,C
362715007,1,0.0,C
362715007,1,0.0,C
362715007,1,0.0,C
362715007,1,0.0,C
2654043257,1,0.0,
2654043257,1,0.0,
2654043257,1,0.0,
2654043257,1,0.0,
2654043257,1,0.0,
720253145,1,-0.00017503454111622574,N
720253145,1,8.200944045133607e-05,N
720253145,1,7.850163907086039e-05,N
720253145,1,-0.00018749014261443264,N
720253145,1,-0.00019650285944117218,N
1342596238,1,0.0,C
1342596238,1,0.0,C
1342596238,1,0.0,C
1342596238,1,0.0,C
1342596238,1,0.0,C
1505769767,1,0.0,C
1505769767,1,0.0,C
1505769767,1,0.0,C
1505769767,1,0.0,C
1505769767,1,0.0,C
4129558839,1,0.0,N
4129558839,1,0.0,N
4129558839,1,0.0,N
4129558839,1,0.0,N
4129558839,1,0.0,N
1673980810,1,0.0009611090681131973,O
1673980810,1,0.0005146045998425386,O
1673980810,1,0.000314052263929554,O
1673980810,1,-2.910288809698791e-05,O
1673980810,1,0.00029110494530959485,O
458195553,1,0.0005265160329976926,N
458195553,1,0.0006100856250973452,N
458195553,1,0.0008417392591060224,N
458195553,1,0.0009123645301050143,N
458195553,1,0.0006955652780569199,N
3083149214,1,-4.758644707336668e-05,C
3083149214,1,-3.557762753025884e-05,C
3083149214,1,1.6148097409685036e-05,C
3083149214,1,-0.00015482213144013546,C
3083149214,1,5.219432526659684e-05,C
564807139,1,-0.0001428162561460944,C
564807139,1,-0.00011108119463199007,C
564807139,1,-0.00012983019225165648,C
564807139,1,-0.00012983019225165648,C
564807139,1,0.00027463102869629274,C
57405021,1,0.0,
57405021,1,0.0,
57405021,1,0.0,
57405021,1,0.0,
57405021,1,0.0,
264906369,1,0.0009866820189051717,C
264906369,1,0.0010044898168836136,C
264906369,1,0.0003690396986009148,C
264906369,1,0.0009314212097678576,C
264906369,1,0.0009184715528167686,C
906327634,1,0.0,N
906327634,1,0.0,N
906327634,1,0.0,N
906327634,1,0.0,N
906327634,1,0.0,N
3203925050,1,8.01431647867723e-05,C
3203925050,1,-3.641750159544266e-06,C
3203925050,1,-6.684591895989023e-05,C
3203925050,1,-4.904222941393144e-05,C
3203925050,1,1.6677315840984974e-05,C
1238701800,1,-0.00015239280281331702,C
1238701800,1,-0.0002769349299015511,C
1238701800,1,-0.0002748372260963361,C
1238701800,1,-0.0001219900489656256,C
1238701800,1,-5.676657455266909e-05,C
817554650,1,-0.0001744117641371279,N
817554650,1,-0.0003086979046545979,N
817554650,1,-0.00011152861291297,N
817554650,1,-9.611855667512881e-05,N
817554650,1,0.0004340497570266555,N
3210014657,1,0.0009796762725116093,N
3210014657,1,-0.00016918589853875954,N
3210014657,1,-0.0005164910019054281,N
3210014657,1,0.0010660898576114741,N
3210014657,1,0.001335091570621394,N
3869736299,1,0.00024858377854786173,C
3869736299,1,0.00031884680524041364,C
3869736299,1,0.0006191272506742562,C
3869736299,1,-0.0004916702820950691,C
3869736299,1,0.0006110353366822752,C
443741425,1,6.54256573838774e-05,N
443741425,1,0.0003074986226825338,N
443741425,1,-5.328086522715658e-05,N
443741425,1,0.00011728332421945264,N
443741425,1,0.0006726407248397459,N
252812893,1,0.0,
252812893,1,0.0,
252812893,1,0.0,
252812893,1,0.0,
252812893,1,0.0,
1352167592,1,6.525184347594415e-05,C
1352167592,1,0.0002052658658862061,C
1352167592,1,0.00024336220439957756,C
1352167592,1,-0.00011782862901155156,C
1352167592,1,9.286002603636767e-05,C
2030757576,1,3.926864994119317e-05,C
2030757576,1,8.007465619774834e-05,C
2030757576,1,-7.379671156393375e-05,C
2030757576,1,0.00017835497975537962,C
2030757576,1,5.814494848788154e-05,C
3541689698,1,0.0,
3541689698,1,0.0,
3541689698,1,0.0,
3541689698,1,0.0,
3541689698,1,0.0,
2250143559,1,-0.0010487146365615319,C
2250143559,1,-0.0012062659254307162,C
2250143559,1,-0.0012466239553907688,C
2250143559,1,-0.0006048674998008208,C
2250143559,1,-0.0015493578449743417,C
2144345290,1,0.0,N
2144345290,1,0.0,N
2144345290,1,0.0,N
2144345290,1,0.0,N
2144345290,1,0.0,N
1849554589,1,1.2599604042207169e-05,N
1849554589,1,-2.1472915629705547e-05,N
1849554589,1,6.386272371738944e-05,N
1849554589,1,-1.2720432544743865e-05,N
1849554589,1,3.099340580414722e-05,N
2271158283,1,3.8408180792592894e-05,C
2271158283,1,4.188836182184019e-05,C
2271158283,1,3.781605577402036e-05,C
2271158283,1,2.2908883272720892e-05,C
2271158283,1,-0.00012843542373830452,C
1445706287,1,0.0,C
1445706287,1,0.0,C
1445706287,1,0.0,C
1445706287,1,0.0,C
1445706287,1,0.0,C
3385400514,1,-0.00011348047211146017,C
3385400514,1,-7.975874647558889e-05,C
3385400514,1,-6.615398209119938e-05,C
3385400514,1,-0.00016410363968233366,C
3385400514,1,-0.0001618964923544297,C
621690156,1,-9.751694392168275e-05,C
621690156,1,-0.00010257257849954904,C
621690156,1,-0.00011185477092323648,C
621690156,1,-4.120579005462144e-05,C
621690156,1,-9.462240205404537e-05,C
1214058429,1,0.00025544392370757674,C
1214058429,1,0.0002542745858538087,C
1214058429,1,0.0002620709202542093,C
1214058429,1,0.00015152700955145537,C
1214058429,1,0.00018888261849192567,C
3599391724,1,-2.59169471884535e-05,C
3599391724,1,-1.1414396093201162e-05,C
3599391724,1,-3.235317676597571e-05,C
3599391724,1,-8.718246846228794e-06,C
3599391724,1,-3.458182820370581e-05,C
3992738647,1,0.0,C
3992738647,1,0.0,C
3992738647,1,0.0,C
3992738647,1,0.0,C
3992738647,1,0.0,C
1637770740,1,0.0,C
1637770740,1,0.0,C
1637770740,1,0.0,C
1637770740,1,0.0,C
1637770740,1,0.0,C
81315441,1,-0.00026509081530856626,C
81315441,1,-0.00018314094618621102,C
81315441,1,-0.00021305817552097484,C
81315441,1,-0.00024359552959996034,C
81315441,1,-4.84878345035078e-05,C
3145023872,1,0.0002644432034913935,C
3145023872,1,0.0003567991841942897,C
3145023872,1,0.0004463323055899915,C
3145023872,1,0.0004423223193376069,C
3145023872,1,0.0006362053497704911,C
3135357859,1,0.0,
3135357859,1,0.0,
3135357859,1,0.0,
3135357859,1,0.0,
3135357859,1,0.0,
4078658161,1,0.0,
4078658161,1,0.0,
4078658161,1,0.0,
4078658161,1,0.0,
4078658161,1,0.0,
2064788354,1,0.0001500020037916716,C
2064788354,1,0.0002540044973301514,C
2064788354,1,-2.405175954500738e-05,C
2064788354,1,0.00028746724779993293,C
2064788354,1,0.0001956153656783588,C
3134606292,1,0.0,
3134606292,1,0.0,
3134606292,1,0.0,
3134606292,1,0.0,
3134606292,1,0.0,
1797524254,1,0.0,
1797524254,1,0.0,
1797524254,1,0.0,
1797524254,1,0.0,
1797524254,1,0.0,
77081066,1,-0.0003255558607295761,C
77081066,1,0.00020321061682171404,C
77081066,1,9.566916554404337e-06,C
77081066,1,-0.0001799018250997486,C
77081066,1,-1.7048933033780855e-05,C
3594356142,1,0.0,C
3594356142,1,0.0,C
3594356142,1,0.0,C
3594356142,1,0.0,C
3594356142,1,0.0,C
3313841562,1,3.743013937684836e-06,C
3313841562,1,2.0400873290027377e-05,C
3313841562,1,6.980800461064973e-05,C
3313841562,1,2.990686804416054e-05,C
3313841562,1,4.2234972259080905e-05,C
2506328221,1,0.0029778816824207466,C
2506328221,1,0.0011772711247073353,C
2506328221,1,0.0036470753688393476,C
2506328221,1,-0.0007869307455251606,C
2506328221,1,0.003170161990718401,C
517432093,1,0.0004614577684779464,C
517432093,1,-7.915899421384598e-05,C
517432093,1,8.526339768966107e-05,C
517432093,1,0.00037848690424580056,C
517432093,1,0.0004571093359357903,C
1169352347,1,0.0,N
1169352347,1,0.0,N
1169352347,1,0.0,N
1169352347,1,0.0,N
1169352347,1,0.0,N
3010410747,1,-0.00010619654892596309,N
3010410747,1,-6.086592761023191e-06,N
3010410747,1,-0.00013495853596434682,N
3010410747,1,2.0996273036533175e-05,N
3010410747,1,7.772953355400514e-05,N
1693589848,1,0.0007501746549181121,N
1693589848,1,0.0007047894783259734,N
1693589848,1,0.0010375588770097366,N
1693589848,1,0.0005810626476220326,N
1693589848,1,0.0009620397515552881,N
4081436575,1,1.7429996599371833e-06,C
4081436575,1,0.0002617713677257605,C
4081436575,1,-5.390405206773252e-05,C
4081436575,1,0.00039795029516975777,C
4081436575,1,0.00024356060514063582,C
2975316496,1,0.0005668347924127071,C
2975316496,1,0.0006264160169210387,C
2975316496,1,0.0005240053050565852,C
2975316496,1,0.0004317311647455968,C
2975316496,1,0.0006967037428393663,C
3674630670,1,0.00047711310567633003,C
3674630670,1,0.0006480351395607986,C
3674630670,1,-2.215276890127349e-05,C
3674630670,1,0.0001276326042085607,C
3674630670,1,-5.4714196227489964e-05,C
3350945806,1,-3.1318418171388807e-05,C
3350945806,1,0.0005854254293514716,C
3350945806,1,0.00036856352565495243,C
3350945806,1,0.00033544292171261425,C
3350945806,1,9.285509007583848e-05,C
1397513080,1,-1.7331682477084165e-05,O
1397513080,1,-5.4892598509437285e-05,O
1397513080,1,5.8323379454883195e-06,O
1397513080,1,-2.5944230923835576e-05,O
1397513080,1,-3.178126944070048e-05,O
3126934625,1,0.0003348115329062651,C
3126934625,1,0.000576597647999777,C
3126934625,1,0.0004671138992202728,C
3126934625,1,6.849081461379747e-05,C
3126934625,1,0.00010395576911059745,C
3995362948,1,-0.00036751104071031104,N
3995362948,1,-0.00031495210712406685,N
3995362948,1,-4.44425559891215e-05,N
3995362948,1,-0.0001265548244270276,N
3995362948,1,-0.00037501728589384165,N
1059124080,1,0.0,
1059124080,1,0.0,
1059124080,1,0.0,
1059124080,1,0.0,
1059124080,1,0.0,
1153930374,1,0.0013015199482705464,C
1153930374,1,0.001367885441837191,C
1153930374,1,0.0003751361971405798,C
1153930374,1,0.0020280906867411463,C
1153930374,1,0.0018190626151022293,C
1103832125,1,-0.00046452963129550717,C
1103832125,1,-0.0004086121581877711,C
1103832125,1,-0.0003741484145911578,C
1103832125,1,-0.0007307059262925408,C
1103832125,1,-0.0001941862580565612,C
3577933307,1,0.0,
3577933307,1,0.0,
3577933307,1,0.0,
3577933307,1,0.0,
3577933307,1,0.0,
3988861584,1,0.0009700357019988282,C
3988861584,1,0.0011451013180584502,C
3988861584,1,0.0007301285540738389,C
3988861584,1,0.0004453978437313211,C
3988861584,1,0.0007138062034149906,C
2572035617,1,0.0,N
2572035617,1,0.0,N
2572035617,1,0.0,N
2572035617,1,0.0,N
2572035617,1,0.0,N
3346153511,1,-3.76349059429959e-05,C
3346153511,1,-0.0004797753733725152,C
3346153511,1,-0.00013738371361904367,C
3346153511,1,-0.00017607892141680015,C
3346153511,1,7.171879065615006e-05,C
2918201879,1,-0.0004687117276617192,C
2918201879,1,0.00017823785757364874,C
2918201879,1,-0.0010015713323576758,C
2918201879,1,-0.0005338877098135519,C
2918201879,1,-0.0003610613039561894,C
194638448,1,-0.00016134652334220956,C
194638448,1,-4.362707186755799e-05,C
194638448,1,-0.00014091810661676085,C
194638448,1,-0.00016553105653938083,C
194638448,1,-0.0004411953268661506,C
869152089,1,0.0,
869152089,1,0.0,
869152089,1,0.0,
869152089,1,0.0,
869152089,1,0.0,
3804745459,1,0.0,
3804745459,1,0.0,
3804745459,1,0.0,
3804745459,1,0.0,
3804745459,1,0.0,
3755128710,1,-0.00012040002107827075,C
3755128710,1,-1.505319870276356e-05,C
3755128710,1,6.276081551648272e-05,C
3755128710,1,-0.00015888185039336644,C
3755128710,1,6.515641555293605e-05,C
1713195601,1,0.0,C
1713195601,1,0.0,C
1713195601,1,0.0,C
1713195601,1,0.0,C
1713195601,1,0.0,C
1568606682,1,9.706115434826579e-06,C
1568606682,1,-6.536397405521033e-05,C
1568606682,1,6.215700993572604e-06,C
1568606682,1,-0.0001376759277619266,C
1568606682,1,-7.564744806065615e-05,C
2059730245,1,-0.00032229409558204303,C
2059730245,1,-0.0001353917863995413,C
2059730245,1,-0.0005659847477480495,C
2059730245,1,0.00023174301534367725,C
2059730245,1,-0.00040151376473607225,C
2617658656,1,-0.0005134220132239076,C
2617658656,1,-0.0014470843902550934,C
2617658656,1,-0.0014808252775709851,C
2617658656,1,-0.0010160296802171898,C
2617658656,1,-0.000684652691608223,C
836300471,1,0.00019562222314140065,C
836300471,1,0.00016518423017042316,C
836300471,1,0.0001031338262597048,C
836300471,1,9.664155341770897e-05,C
836300471,1,1.5771337262826535e-05,C
3490910321,1,-0.0005247945435421508,C
3490910321,1,0.0006655131256697588,C
3490910321,1,-0.0001731354336572677,C
3490910321,1,0.000281668599294127,C
3490910321,1,0.00016515689007257084,C
3255046070,1,0.0,
3255046070,1,0.0,
3255046070,1,0.0,
3255046070,1,0.0,
3255046070,1,0.0,
2198820481,1,-9.389921161062631e-06,N
2198820481,1,-1.5339147483639515e-05,N
2198820481,1,-4.6739310284316105e-06,N
2198820481,1,7.0260841923408535e-06,N
2198820481,1,-2.6502128523175905e-05,N
104625121,1,-0.00039928305572622946,N
104625121,1,0.0005079535552734438,N
104625121,1,0.0008403765877771363,N
104625121,1,5.373255121565723e-05,N
104625121,1,0.0002739589937272857,N
3103858517,1,0.0,
3103858517,1,0.0,
3103858517,1,0.0,
3103858517,1,0.0,
3103858517,1,0.0,
1390475220,1,-0.00038433318043751274,C
1390475220,1,-0.0007402487532965907,C
1390475220,1,-0.000684024733157429,C
1390475220,1,-0.0009698071004119457,C
1390475220,1,-0.0003686546924748235,C
4006278292,1,0.0,N
4006278292,1,0.0,N
4006278292,1,0.0,N
4006278292,1,0.0,N
4006278292,1,0.0,N
1789200865,1,9.403530477603006e-05,C
1789200865,1,-2.6844868065700744e-05,C
1789200865,1,-3.435531667994596e-05,C
1789200865,1,-0.0002845742373891458,C
1789200865,1,8.90629267411569e-05,C
2291264872,1,0.0002169655033579243,C
2291264872,1,0.00028964156657251827,C
2291264872,1,-4.04679072318892e-06,C
2291264872,1,0.00015090691073160745,C
2291264872,1,0.0003632630739026643,C
2918205364,1,0.0,C
2918205364,1,7.341572578289934e-05,C
2918205364,1,-6.342191911556938e-05,C
2918205364,1,-1.164789599394922e-05,C
2918205364,1,-5.982794101910827e-06,C
3798139026,1,1.983026318863601e-05,C
3798139026,1,-3.3922050875268006e-05,C
3798139026,1,0.00044777141769614115,C
3798139026,1,0.0001736249428214709,C
3798139026,1,0.0005573342553700789,C
4223976160,1,0.0,
4223976160,1,0.0,
4223976160,1,0.0,
4223976160,1,0.0,
4223976160,1,0.0,
1511206547,1,0.0004087979574826095,C
1511206547,1,0.0010723298627651756,C
1511206547,1,0.0006811831611850394,C
1511206547,1,0.0005029236174469709,C
1511206547,1,0.0005905711518509049,C
954800030,1,0.0,
954800030,1,0.0,
954800030,1,0.0,
954800030,1,0.0,
954800030,1,0.0,
2172997423,1,0.0006629724788158597,C
2172997423,1,0.0001626458502244077,C
2172997423,1,9.974160790982012e-05,C
2172997423,1,0.0001529319903046389,C
2172997423,1,0.0005619977719991676,C
1918025650,1,-0.00018596964157480134,C
1918025650,1,-0.00033540017082323015,C
1918025650,1,-0.0005207039527767021,C
1918025650,1,-0.0006974368370125106,C
1918025650,1,-0.0008031264533059357,C
1491315937,1,-0.0002057660419353402,C
1491315937,1,-0.0002721771267067963,C
1491315937,1,-0.0008151003722137729,C
1491315937,1,-0.00012396112672030668,C
1491315937,1,-0.00014768730457714874,C
1271427701,1,-0.0003676528742926344,C
1271427701,1,-0.00041896317143053086,C
1271427701,1,-0.0003809923762402301,C
1271427701,1,-0.00039274583344706127,C
1271427701,1,-0.0009495983593896806,C
876016289,1,0.0,C
876016289,1,0.0,C
876016289,1,0.0,C
876016289,1,0.0,C
876016289,1,0.0,C
759348397,1,0.0,S
759348397,1,0.0,S
759348397,1,0.0,S
759348397,1,0.0,S
759348397,1,0.0,S
3886074185,1,-4.28616788680225e-05,C
3886074185,1,-9.159320375029534e-05,C
3886074185,1,0.00016915239551928973,C
3886074185,1,0.000196895641723982,C
3886074185,1,-0.0001806818171581348,C
3977047921,1,-0.0002713457703776845,N
3977047921,1,-0.00029254797187450166,N
3977047921,1,-0.000336210333050202,N
3977047921,1,-0.0003520117263386968,N
3977047921,1,-0.00012019738378243883,N
3386795352,1,0.0,
3386795352,1,0.0,
3386795352,1,0.0,
3386795352,1,0.0,
3386795352,1,0.0,
2640652321,1,0.00040353623490418933,C
2640652321,1,0.0004863399818962888,C
2640652321,1,0.00023138171750947123,C
2640652321,1,0.00019000992628803726,C
2640652321,1,0.00016857159331840066,C
3644443517,1,0.0,C
3644443517,1,0.0,C
3644443517,1,0.0,C
3644443517,1,0.0,C
3644443517,1,0.0,C
805268291,1,-0.00014968390161052003,C
805268291,1,-0.0003374180729808218,C
805268291,1,-0.00039019338073609244,C
805268291,1,-0.0004384178100439451,C
805268291,1,-0.0005712482045816536,C
994494548,1,0.0,C
994494548,1,0.0,C
994494548,1,0.0,C
994494548,1,0.0,C
994494548,1,0.0,C
3889081300,1,0.0008131902694741289,C
3889081300,1,0.0019671174201989494,C
3889081300,1,0.0008886907145666534,C
3889081300,1,0.0010497766277188791,C
3889081300,1,0.0003178397042304937,C
3119383463,1,-1.838382322238985e-05,C
3119383463,1,-4.723935549955094e-06,C
3119383463,1,-1.6973297183198177e-05,C
3119383463,1,-1.7771320118598055e-05,C
3119383463,1,-1.7445544209904185e-05,C
4142616092,1,4.97850558112134e-06,C
4142616092,1,0.0001919805815348008,C
4142616092,1,2.2913588000217366e-05,C
4142616092,1,-7.535811481917953e-05,C
4142616092,1,0.00017408807876728716,C
3633569943,1,-0.00010865578172214452,C
3633569943,1,-0.00017901118016716566,C
3633569943,1,-0.0001243634798256954,C
3633569943,1,-5.886854868120128e-05,C
3633569943,1,-0.00010106161654632739,C
2810558781,1,0.0006990078889161921,C
2810558781,1,0.0003871803582375932,C
2810558781,1,-0.00028071610733471086,C
2810558781,1,7.82073185131571e-05,C
2810558781,1,0.00017527616999313267,C
643572069,1,-6.845576815583954e-05,C
643572069,1,-6.752825766898063e-06,C
643572069,1,-4.557209969091591e-05,C
643572069,1,-2.615985916898378e-05,C
643572069,1,-6.107276843636544e-05,C
307525970,1,1.0716746446037817e-05,C
307525970,1,5.2157489999205e-06,C
307525970,1,1.0637247120803828e-05,C
307525970,1,8.477647217230988e-06,C
307525970,1,2.0935942380839734e-06,C
230478851,1,0.0,C
230478851,1,0.0,C
230478851,1,0.0,C
230478851,1,0.0,C
230478851,1,0.0,C
3353919692,1,-0.0003912319058291258,C
3353919692,1,0.00028022347887346477,C
3353919692,1,3.767159768108819e-05,C
3353919692,1,-2.206673296833994e-05,C
3353919692,1,-0.00022511326572605128,C
4201996000,1,0.0,
4201996000,1,0.0,
4201996000,1,0.0,
4201996000,1,0.0,
4201996000,1,0.0,
1523193891,1,-9.598869864768655e-05,C
1523193891,1,-0.00015435202640001755,C
1523193891,1,-0.0002650084678395004,C
1523193891,1,-0.0002263308024735844,C
1523193891,1,-0.0002823395327217204,C
2806469715,1,1.8087316762782635e-05,C
2806469715,1,4.2349601859781316e-05,C
2806469715,1,-7.381248806059837e-06,C
2806469715,1,7.600558518672251e-06,C
2806469715,1,3.0080204889149087e-06,C
3705007549,1,0.0,
3705007549,1,0.0,
3705007549,1,0.0,
3705007549,1,0.0,
3705007549,1,0.0,
1445715347,1,0.0,C
1445715347,1,0.0,C
1445715347,1,0.0,C
1445715347,1,0.0,C
1445715347,1,0.0,C
4232889011,1,0.0,O
4232889011,1,0.0,O
4232889011,1,0.0,O
4232889011,1,0.0,O
4232889011,1,0.0,O
1932106328,1,-0.0004277937258766462,C
1932106328,1,0.0014612721076036062,C
1932106328,1,0.0011235010271352097,C
1932106328,1,-0.00026188176173702615,C
1932106328,1,-0.0007490259168617674,C
UNK,1,0.0025219468324867433,
UNK,1,0.0022295310983254657,
UNK,1,0.0005407881231382916,
UNK,1,-0.00442061632724966,
UNK,1,-0.0022309097147982238,
3218693969,2,-0.0067386499974229075,C
3218693969,2,0.006475206896543018,C
3218693969,2,0.003474956640438509,C
3218693969,2,-0.0073658994150526125,C
3218693969,2,-0.0032536899102136863,C
3217380708,2,-0.006440342840436486,C
3217380708,2,-0.00735600026643457,C
3217380708,2,-0.0024362925789430667,C
3217380708,2,5.954609859892823e-05,C
3217380708,2,0.0009168451576511139,C
951226070,2,-0.01335655460246632,C
951226070,2,-0.007327209322929185,C
951226070,2,-0.005772234464964887,C
951226070,2,-0.013153431972008467,C
951226070,2,0.003913081641785943,C
2968968094,2,0.015076701012826321,C
2968968094,2,0.006639753605391818,C
2968968094,2,0.01097815847776118,C
2968968094,2,-0.0010601740783967584,C
2968968094,2,0.006150324830222598,C
2245384272,2,0.003925156598778123,C
2245384272,2,0.012953248027111175,C
2245384272,2,0.02072790924965151,C
2245384272,2,0.021312162501763043,C
2245384272,2,0.02330392684910343,C
864942730,2,-0.0007674700029942638,O
864942730,2,-0.0015313572634786388,O
864942730,2,0.013493090427060705,O
864942730,2,0.006812942543230727,O
864942730,2,0.00726333316063843,O
2246728737,2,0.014657369403511589,C
2246728737,2,0.018210119346475873,C
2246728737,2,0.021150907285066523,C
2246728737,2,0.02289182733871309,C
2246728737,2,0.017213037753872618,C
98513984,2,-0.0004395630072183687,C
98513984,2,-0.0014553885602209826,C
98513984,2,-0.009767042581365515,C
98513984,2,0.006753606184451977,C
98513984,2,-0.0086531405192396,C
2041434490,2,-0.003979023186900799,N
2041434490,2,0.0049279115283416,N
2041434490,2,-0.005953363180197013,N
2041434490,2,0.010380260501477445,N
2041434490,2,0.0010017128524243413,N
2246699815,2,0.00618969024802174,C
2246699815,2,0.002776523957218391,C
2246699815,2,0.00834422031052906,C
2246699815,2,0.004586429813806081,C
2246699815,2,0.002181618199262658,C
994485099,2,0.0014640135793699827,C
994485099,2,0.0003627228570697305,C
994485099,2,0.0002411025779190945,C
994485099,2,0.001356505200712288,C
994485099,2,0.0063936059083988805,C
1510328189,2,-0.002205398569836259,O
1510328189,2,0.0010520058447514025,O
1510328189,2,0.008248808992293966,O
1510328189,2,0.0025981726792319026,O
1510328189,2,0.0010636570287417824,O
3999906991,2,-0.002300246153717933,C
3999906991,2,0.00036658991207849656,C
3999906991,2,-0.008099052185707722,C
3999906991,2,-0.0027140521923501026,C
3999906991,2,-0.003296150956989541,C
2976033787,2,-0.000786306401892034,C
2976033787,2,-0.0013523981337668634,C
2976033787,2,-0.0008968251433432162,C
2976033787,2,-4.4626783041512574e-05,C
2976033787,2,-0.004057949068681177,C
2092489639,2,0.005573614226334511,N
2092489639,2,-0.020199748891119973,N
2092489639,2,0.003128820842879909,N
2092489639,2,-0.010507826991018043,N
2092489639,2,-0.007977357948742103,N
847961216,2,0.01113173151816893,N
847961216,2,0.0012873006816168653,N
847961216,2,0.011877900293208565,N
847961216,2,0.010893994822903097,N
847961216,2,0.008076021390480359,N
882399112,2,-0.0009565822740470464,F
882399112,2,0.003209266916863962,F
882399112,2,-0.005785056669324717,F
882399112,2,0.00557048979790431,F
882399112,2,-0.0025364954664732764,F
2803848648,2,0.00075592622270515,C
2803848648,2,0.0019326389000726696,C
2803848648,2,0.004668348933775102,C
2803848648,2,0.0003582903272121296,C
2803848648,2,-4.8681055845101184e-05,C
2117068077,2,-0.005794759640881941,C
2117068077,2,-0.007448196142251562,C
2117068077,2,-0.0014359061368135473,C
2117068077,2,-0.002610694667093627,C
2117068077,2,-0.004216482893281803,C
864674487,2,-0.00017490240408035707,O
864674487,2,-0.00494427126704533,O
864674487,2,-0.004370220911320666,O
864674487,2,-0.0032706352128745175,O
864674487,2,-0.00897990764966694,O
864662311,2,-0.0011803635467424467,O
864662311,2,0.0126913132451979,O
864662311,2,0.005035754997446462,O
864662311,2,0.011509275490526827,O
864662311,2,0.014037605120995611,O
2245273601,2,-0.0028789823731858455,C
2245273601,2,-0.0025541353459547222,C
2245273601,2,-0.002312748346923188,C
2245273601,2,-0.0009134355280546735,C
2245273601,2,-0.004956784105190959,C
1100037548,2,-0.004916062646953323,N
1100037548,2,-0.004004209780897439,N
1100037548,2,-0.006949114228758768,N
1100037548,2,-0.006947376720696785,N
1100037548,2,-0.0052857739301637174,N
485463469,2,0.000489218263698854,F
485463469,2,-0.0002841175561592024,F
485463469,2,0.002563104572740116,F
485463469,2,0.0012556629061027946,F
485463469,2,0.0018926600691810957,F
1101907775,2,0.00286192519139683,N
1101907775,2,-0.004372102990736204,N
1101907775,2,-0.005295393004375981,N
1101907775,2,-0.0009092567917996508,N
1101907775,2,0.0008599311142178934,N
10565946,2,0.00019422011876146783,O
10565946,2,0.0024799284002766653,O
10565946,2,0.0012390180281389718,O
10565946,2,0.0010826142114753745,O
10565946,2,0.0029400448216870823,O
2076190208,2,0.003865393525293359,O
2076190208,2,0.0026015957889448105,O
2076190208,2,0.003202511867033242,O
2076190208,2,0.0002018902701458325,O
2076190208,2,0.0022094850931639876,O
2142032900,2,0.002040758495938766,C
2142032900,2,-0.003991404956575684,C
2142032900,2,0.0035746008662269624,C
2142032900,2,0.0018593853700176188,C
2142032900,2,7.207673484599386e-05,C
2132511834,2,-0.006513590893951315,N
2132511834,2,-0.006070235254341472,N
2132511834,2,-0.007239674009724917,N
2132511834,2,0.0023154365366506724,N
2132511834,2,0.00020505039574902906,N
1312131881,2,-0.0015288555400747583,C
1312131881,2,0.0015502487551195543,C
1312131881,2,0.000785981337676156,C
1312131881,2,0.0002994783349200558,C
1312131881,2,0.0006223540897992708,C
2353112200,2,-0.002001019290989281,C
2353112200,2,0.0033175904718674154,C
2353112200,2,0.0010885975096842637,C
2353112200,2,0.008864482794712747,C
2353112200,2,-0.0009131605399161913,C
4121755354,2,-0.0017938144249226573,C
4121755354,2,-0.0018480154991652453,C
4121755354,2,-0.007297235812313452,C
4121755354,2,0.00013697754491925895,C
4121755354,2,-0.0029251449489122727,C
1054767590,2,0.0001817154333060289,C
1054767590,2,0.0007404115025461122,C
1054767590,2,-0.0011649189233110535,C
1054767590,2,0.006370861652015947,C
1054767590,2,-0.0005984750018689367,C
3537119515,2,-0.001684053239412342,C
3537119515,2,0.0005835253009356389,C
3537119515,2,-0.0012473071957622706,C
3537119515,2,-0.0008592619200585849,C
3537119515,2,0.0009758936923423001,C
1510461303,2,-0.001006185137616633,C
1510461303,2,-0.0020411868434551117,C
1510461303,2,0.0013596671995739218,C
1510461303,2,-0.002395661630106516,C
1510461303,2,-0.0003834445997147329,C
4216335232,2,-0.0026297039246500065,C
4216335232,2,-0.0019565478432783667,C
4216335232,2,-0.002329282758888329,C
4216335232,2,0.001070493462642319,C
4216335232,2,-0.003357338578127811,C
3189457552,2,0.005807976401365211,O
3189457552,2,0.0033861954117238025,O
3189457552,2,0.008997623928327925,O
3189457552,2,-0.0027296623777728346,O
3189457552,2,0.0017723885541476303,O
2228063684,2,-8.764006658368295e-05,O
2228063684,2,-0.00017333393375185135,O
2228063684,2,0.0010391961993065912,O
2228063684,2,0.0009662074303314894,O
2228063684,2,0.00027232261064791263,O
3777168895,2,-0.001045663335735747,C
3777168895,2,-0.0018950435629321305,C
3777168895,2,-0.001206793866324829,C
3777168895,2,-0.00733073318318922,C
3777168895,2,-0.001076547456984489,C
1016841875,2,0.002304001976611625,Cl
1016841875,2,0.003064883942575425,Cl
1016841875,2,-0.004896032232388103,Cl
1016841875,2,-0.00450512641778944,Cl
1016841875,2,0.002347682153977626,Cl
422715066,2,-0.0021079072321111836,C
422715066,2,0.0018698327924777658,C
422715066,2,0.007645033159218606,C
422715066,2,0.0010266897978199463,C
422715066,2,0.005226068114049576,C
3452535345,2,-0.0024006155175227972,Cl
3452535345,2,0.001645089602281824,Cl
3452535345,2,-0.000816508738945898,Cl
3452535345,2,0.0017696066990233739,Cl
3452535345,2,-0.005082914774159675,Cl
1429883190,2,0.00018235451790205026,C
1429883190,2,-0.0008882583667445543,C
1429883190,2,0.0006897246892034747,C
1429883190,2,0.00036633323725177025,C
1429883190,2,0.0022219760795756383,C
2763854213,2,0.0032215218409735735,C
2763854213,2,-0.00027072932949401274,C
2763854213,2,0.003234621245816305,C
2763854213,2,-0.0011018628627410543,C
2763854213,2,-0.00026858782392769065,C
2424973678,2,0.0007117717078731767,C
2424973678,2,0.0003047375869186242,C
2424973678,2,-0.0034036507603487642,C
2424973678,2,-0.003581163370976581,C
2424973678,2,-0.0001871496663979899,C
847957139,2,0.0016188026951157175,N
847957139,2,0.0006540623127404555,N
847957139,2,0.0009093478440775904,N
847957139,2,-0.0024947193907948195,N
847957139,2,-0.001499078289977196,N
1182622762,2,-0.0013344138508658565,C
1182622762,2,-0.00010641154552615273,C
1182622762,2,-0.000784322165778395,C
1182622762,2,-0.0033896174939733736,C
1182622762,2,-0.0009732697976750915,C
1857396528,2,0.0003555307852348699,C
1857396528,2,-0.0035291767402914065,C
1857396528,2,-0.0008651708839380046,C
1857396528,2,0.0001331232035258756,C
1857396528,2,-0.00015898759392629636,C
3337745083,2,0.0006437825297479494,F
3337745083,2,-0.00015321978913518386,F
3337745083,2,-0.0019408235813727082,F
3337745083,2,-0.007017621484276537,F
3337745083,2,-0.004908485925693595,F
4222851645,2,6.393019835959635e-06,C
4222851645,2,7.92250438719222e-06,C
4222851645,2,4.3925811044065455e-07,C
4222851645,2,-1.9630333433218183e-06,C
4222851645,2,2.682637738504745e-06,C
3975275337,2,0.0011339277307206297,C
3975275337,2,-0.0006942733674191182,C
3975275337,2,0.005392602387184642,C
3975275337,2,0.00012648411058524545,C
3975275337,2,0.0015474821629869462,C
3692055567,2,0.00017278939056353249,C
3692055567,2,0.0036996143311898155,C
3692055567,2,-0.001291142679646362,C
3692055567,2,-0.002420225051809499,C
3692055567,2,0.00451585305769131,C
2944555726,2,0.00014183273877577118,C
2944555726,2,-0.0002614082987091315,C
2944555726,2,-0.0013679086104082527,C
2944555726,2,0.0010927977937189581,C
2944555726,2,-0.0006052909862224176,C
2245277810,2,0.005036752146517776,C
2245277810,2,0.004317225963528681,C
2245277810,2,0.006342126817792781,C
2245277810,2,0.004624106725500066,C
2245277810,2,0.009480744762598747,C
3983062349,2,-0.0017703255542323992,C
3983062349,2,-0.002697844176126285,C
3983062349,2,0.0036389002808352444,C
3983062349,2,-0.004916068931371198,C
3983062349,2,-0.0022130902162111887,C
2246340824,2,-7.00046452337677e-05,C
2246340824,2,0.0012830811188461189,C
2246340824,2,-0.00045501216254184573,C
2246340824,2,0.0006089863425917663,C
2246340824,2,-0.00028754085714044475,C
2976816164,2,0.0036809768359234996,C
2976816164,2,-0.0006240277493897439,C
2976816164,2,0.006636395070927059,C
2976816164,2,0.002360548488109737,C
2976816164,2,0.0016803557020168558,C
3776905034,2,0.0008216243777779964,C
3776905034,2,0.00042761610664698857,C
3776905034,2,0.0004480553522125952,C
3776905034,2,0.004297354582931345,C
3776905034,2,0.0004063385910419992,C
3542456614,2,0.00127419619209157,C
3542456614,2,-0.00038511108384498005,C
3542456614,2,0.00039963440216084223,C
3542456614,2,0.002682011207772672,C
3542456614,2,-0.0016663546178198319,C
3537123720,2,-0.003586189412534413,C
3537123720,2,-0.006968654663352836,C
3537123720,2,0.0009044995096821884,C
3537123720,2,-0.0030725678671778,C
3537123720,2,-0.0021277918296935816,C
1637836422,2,0.0013982339052586168,C
1637836422,2,0.0006013081005586951,C
1637836422,2,0.001490814625930037,C
1637836422,2,-0.002032045068670718,C
1637836422,2,-0.0006065827834075277,C
3162837314,2,-0.004236818628381989,C
3162837314,2,-0.0010039582093326338,C
3162837314,2,-0.0009246279273330549,C
3162837314,2,-0.004548240275264237,C
3162837314,2,-0.0033403339242737973,C
3982076256,2,0.0006438479090398186,C
3982076256,2,0.0009581757636111243,C
3982076256,2,-0.0007000818043245705,C
3982076256,2,0.00014812718960488525,C
3982076256,2,0.0007746081492482348,C
1362518133,2,-0.0008632007575356537,N
1362518133,2,-0.0009981285522119299,N
1362518133,2,0.0002800139695857684,N
1362518133,2,-0.0007786351135551373,N
1362518133,2,-0.0001297212665000158,N
1135286194,2,-0.0009399170986923444,C
1135286194,2,0.003170579984165034,C
1135286194,2,0.0018008908899596054,C
1135286194,2,-0.0013238288874783954,C
1135286194,2,0.00022316972633928955,C
1790668568,2,0.00760357422361857,N
1790668568,2,0.006632806898746346,N
1790668568,2,0.005786584129210182,N
1790668568,2,0.009213739061240567,N
1790668568,2,0.0013645362743479605,N
3124581743,2,0.00047228419543021705,C
3124581743,2,-0.00018913576912105157,C
3124581743,2,0.0016233386790903692,C
3124581743,2,-0.0007553284731136589,C
3124581743,2,6.68266546943741e-05,C
2119439498,2,0.0037532663225147145,C
2119439498,2,0.0021476269691657057,C
2119439498,2,0.0022865981488241482,C
2119439498,2,0.0006953660578060683,C
2119439498,2,0.0034577391858767736,C
1533864325,2,4.8239948097328345e-05,O
1533864325,2,0.0003602555053255907,O
1533864325,2,-0.0005429417774834855,O
1533864325,2,-0.0015387782264512095,O
1533864325,2,-0.0001349514087516379,O
4278941385,2,-9.912817670709728e-06,C
4278941385,2,2.667177113957475e-05,C
4278941385,2,-0.00010432651952696492,C
4278941385,2,-0.00012763940704596521,C
4278941385,2,-8.414393984035318e-05,C
3918336191,2,0.0002697621579373921,C
3918336191,2,-0.0014065813011726602,C
3918336191,2,0.005178415582730689,C
3918336191,2,0.009236653071913903,C
3918336191,2,-0.0036326571886334813,C
2560252747,2,-0.00020344951630701935,C
2560252747,2,-0.0004440238576630673,C
2560252747,2,-0.0017262605978174417,C
2560252747,2,4.966971516473517e-05,C
2560252747,2,-0.000335027485458661,C
999334238,2,0.0038189699152019196,S
999334238,2,0.003025293104386706,S
999334238,2,0.003911480369493847,S
999334238,2,0.0069653623041452395,S
999334238,2,0.0019038368409886042,S
1173125914,2,0.0006956655228317343,C
1173125914,2,0.0015459309211279804,C
1173125914,2,-1.1372391112152158e-05,C
1173125914,2,0.0013460496690802515,C
1173125914,2,0.0009147021425518487,C
2994748777,2,-0.002848145394042878,C
2994748777,2,-0.0024931370334971836,C
2994748777,2,-0.0024175717480112713,C
2994748777,2,-0.002890104271175087,C
2994748777,2,-0.004138016856777171,C
3351556771,2,0.0045858490613781555,S
3351556771,2,-0.0012181655764094135,S
3351556771,2,0.007184836806072292,S
3351556771,2,0.0012930753019156915,S
3351556771,2,0.007409081645205484,S
2509211297,2,-0.0013794794760060292,C
2509211297,2,0.001283377034751676,C
2509211297,2,-0.002187456039680069,C
2509211297,2,-0.0009617173721502281,C
2509211297,2,-0.0014631136269762646,C
848128881,2,-0.0044107362236669445,N
848128881,2,-0.006974479665136868,N
848128881,2,-0.00559510870680624,N
848128881,2,-0.010605912159891151,N
848128881,2,-0.009566775852426268,N
2246703798,2,0.00941519584600492,C
2246703798,2,0.00633147213509766,C
2246703798,2,0.0040563145004348655,C
2246703798,2,0.004238712428756397,C
2246703798,2,0.00627884740359308,C
1276993226,2,-0.0027223976768870894,C
1276993226,2,0.0010185306971960406,C
1276993226,2,-0.0033754168971921183,C
1276993226,2,0.0010372242801908182,C
1276993226,2,0.0012334563507109264,C
2984966880,2,0.0027145748525311264,C
2984966880,2,0.0011476312969177505,C
2984966880,2,0.0007363174211614254,C
2984966880,2,0.0024604916531533183,C
2984966880,2,0.003680714009706265,C
3315826729,2,0.0006843315738965794,C
3315826729,2,0.0006750913106683409,C
3315826729,2,-0.0009303957765557369,C
3315826729,2,0.00012608015627457725,C
3315826729,2,-0.0003483202677420083,C
2115476908,2,0.005278544982808664,O
2115476908,2,0.0022438181127708567,O
2115476908,2,0.007927740937420658,O
2115476908,2,0.006596581307489191,O
2115476908,2,0.005705482202559398,O
717512901,2,-0.004875974420671669,N
717512901,2,0.00027767032814585146,N
717512901,2,0.0023786700644612413,N
717512901,2,-0.002806820615565475,N
717512901,2,-0.002434266313641964,N
2245900962,2,0.009955916868682024,C
2245900962,2,0.014598004388172048,C
2245900962,2,0.00064259068132555,C
2245900962,2,0.011379101507860923,C
2245900962,2,0.009666726075045706,C
3848534832,2,0.003270440322523327,C
3848534832,2,0.0019269238168933,C
3848534832,2,0.00283974101189044,C
3848534832,2,0.002024484064220178,C
3848534832,2,0.0024807482581968854,C
3182824521,2,-0.001144518305786213,C
3182824521,2,-0.0009112378212356997,C
3182824521,2,-0.0016968846481153488,C
3182824521,2,0.002874351166350375,C
3182824521,2,1.2157706619220221e-05,C
26234434,2,-7.593482698298182e-06,O
26234434,2,0.0034986369546663454,O
26234434,2,0.0009063308823682448,O
26234434,2,0.0023897646512408555,O
26234434,2,0.002859563474642113,O
288315894,2,-0.0011553514649010888,S
288315894,2,-0.0003717566628417268,S
288315894,2,-0.0012057645594650834,S
288315894,2,-0.0019618625767139353,S
288315894,2,-0.003398651003061137,S
2811394787,2,0.0008359793705021712,C
2811394787,2,0.00018806996187714642,C
2811394787,2,0.0004063578498503251,C
2811394787,2,0.0006794629707186362,C
2811394787,2,0.00018531571143320935,C
19852674,2,-0.003260951151556113,C
19852674,2,-0.0012007780540428392,C
19852674,2,-0.0022385779747104984,C
19852674,2,-0.00347719648249889,C
19852674,2,-0.0037169260895180134,C
1861965050,2,-0.0017613435330546823,C
1861965050,2,0.0005887794269144875,C
1861965050,2,9.709038252259106e-05,C
1861965050,2,-0.0010020498525940003,C
1861965050,2,-0.0007545986313022279,C
2423543607,2,-0.0002371817532762499,C
2423543607,2,5.090393703344187e-05,C
2423543607,2,-6.101416124926207e-05,C
2423543607,2,7.280643069085269e-05,C
2423543607,2,-0.00035915887531656754,C
1257718710,2,-0.0008322409667319564,C
1257718710,2,-0.0017392596738169397,C
1257718710,2,-0.001765540101420382,C
1257718710,2,-0.0017092123235638024,C
1257718710,2,-0.00016487752466065597,C
2784506312,2,-0.0018238350569796946,C
2784506312,2,-0.0020965731978631608,C
2784506312,2,-0.002548140061627624,C
2784506312,2,-0.00147284229897926,C
2784506312,2,-0.0016986345141557502,C
3818546315,2,-0.0034211498622017666,C
3818546315,2,-0.006327477554076255,C
3818546315,2,-0.0043862801113276895,C
3818546315,2,-0.0022500665593638836,C
3818546315,2,-0.0018695830151929105,C
3657471097,2,0.0013651774845890863,C
3657471097,2,-0.0006639902260601183,C
3657471097,2,-0.0007215419110844223,C
3657471097,2,-0.0026499842333194135,C
3657471097,2,-0.0028247129935181636,C
2360741695,2,0.00027027683946145853,C
2360741695,2,0.0009060603132207135,C
2360741695,2,-0.0017212309720183727,C
2360741695,2,-0.0005064874453395429,C
2360741695,2,3.821123050218311e-05,C
551287920,2,0.005288181748664411,C
551287920,2,0.0031400920239318397,C
551287920,2,0.002372867027994885,C
551287920,2,0.0009231783998820964,C
551287920,2,0.0015744452253997343,C
1842898132,2,0.00041100664670312703,C
1842898132,2,0.0007493663342307277,C
1842898132,2,0.0017428930865509562,C
1842898132,2,0.004359313863064651,C
1842898132,2,0.0025554197808955736,C
2832976762,2,-0.0008220072054428984,C
2832976762,2,-3.173221381569391e-05,C
2832976762,2,-0.0005521893486646334,C
2832976762,2,-9.55696898594649e-05,C
2832976762,2,0.0013032278757935112,C
2309124039,2,0.0018589693676107633,C
2309124039,2,0.006119093978248724,C
2309124039,2,0.0022513372624843875,C
2309124039,2,0.003012335301686875,C
2309124039,2,-0.00010397486929625277,C
2591432844,2,0.004984243553183609,N
2591432844,2,0.0030733656534247533,N
2591432844,2,-0.0008946991445792918,N
2591432844,2,0.0002942407884870546,N
2591432844,2,0.0011224081720310197,N
963029399,2,0.0071753448960403254,N
963029399,2,0.005619854711536032,N
963029399,2,0.006211569018139573,N
963029399,2,0.0040325693689473585,N
963029399,2,0.0065334534850521875,N
3884454603,2,-0.0006608341225829983,C
3884454603,2,8.226902228070099e-05,C
3884454603,2,-6.884736101231415e-05,C
3884454603,2,-0.000276545045133858,C
3884454603,2,-0.0004620918706562671,C
4089138501,2,-0.00037146212222249897,C
4089138501,2,-0.001161920050335663,C
4089138501,2,-0.00157423494818687,C
4089138501,2,-0.0036867937646167803,C
4089138501,2,-0.0040564760072350214,C
932712697,2,0.0006325812902741035,O
932712697,2,0.002430419200264211,O
932712697,2,0.0019091764046859083,O
932712697,2,0.0020911410628300375,O
932712697,2,0.0019234916372861122,O
1634606847,2,0.0008481470563709292,N
1634606847,2,-0.0003540024968585742,N
1634606847,2,0.0012972622449858306,N
1634606847,2,0.0025897788614343,N
1634606847,2,0.0010064543165506645,N
3624155,2,0.001082630734476342,C
3624155,2,0.0007437471682539831,C
3624155,2,0.0012529912344254601,C
3624155,2,-0.00014770377534556456,C
3624155,2,0.0010133820772210145,C
161963127,2,-0.0006253161666999185,C
161963127,2,-0.00031078901531622627,C
161963127,2,-0.000694695620379937,C
161963127,2,-0.00029541171552827095,C
161963127,2,3.7680838511966463e-05,C
2257970297,2,0.0030009402771085103,C
2257970297,2,0.0023162143772288424,C
2257970297,2,0.0034608546140799668,C
2257970297,2,0.0031840314782822787,C
2257970297,2,0.0023269549510466225,C
787069595,2,0.0004172324819113893,C
787069595,2,0.0031686268804228535,C
787069595,2,0.0018815916914106667,C
787069595,2,0.002744717634446503,C
787069595,2,0.0017964262961752686,C
517457164,2,9.154553253198916e-05,C
517457164,2,5.968234890740831e-05,C
517457164,2,0.00032375526073713523,C
517457164,2,-0.00030936716576146495,C
517457164,2,-0.0006738912604687952,C
3207567135,2,0.0007702427902825937,C
3207567135,2,8.975850811721031e-06,C
3207567135,2,-0.0002816698398566686,C
3207567135,2,-0.0007352321300693188,C
3207567135,2,0.00045402181151932286,C
435232729,2,-0.0012438497390859782,N
435232729,2,0.0023902148316212735,N
435232729,2,0.0037455065680127575,N
435232729,2,0.00208007304728286,N
435232729,2,0.0030059701432573194,N
2806018737,2,0.00026281095246050157,C
2806018737,2,0.00043265841446216147,C
2806018737,2,-2.187253865548744e-05,C
2806018737,2,0.0003113050838173814,C
2806018737,2,0.00069690797116706,C
4008337421,2,0.0006905043212218631,C
4008337421,2,0.002590021284541888,C
4008337421,2,0.003414584242899532,C
4008337421,2,-0.0010136777751686976,C
4008337421,2,0.00010650654739707832,C
3026394695,2,-0.0008307114556033168,C
3026394695,2,-0.0010583062012095024,C
3026394695,2,-0.0012504576799456935,C
3026394695,2,-0.0004782352417528335,C
3026394695,2,-0.0011500344632464632,C
2296565457,2,-0.0025943735819820013,N
2296565457,2,-0.00693737938515282,N
2296565457,2,-0.0007962238978143077,N
2296565457,2,-0.0012986274495870864,N
2296565457,2,-0.0020753571152863914,N
2089117413,2,0.004484401738201749,C
2089117413,2,0.002841987007085156,C
2089117413,2,0.0011490452933030637,C
2089117413,2,0.001004740440817109,C
2089117413,2,0.0014690454665789998,C
572760528,2,0.0005043933356650987,C
572760528,2,0.0006164896357859773,C
572760528,2,0.003127571870078949,C
572760528,2,0.004588520295325305,C
572760528,2,0.0016449447322938182,C
3002759401,2,0.0008893184644191976,C
3002759401,2,0.00011292471369361845,C
3002759401,2,3.309272500739979e-05,C
3002759401,2,-0.0003419961106113645,C
3002759401,2,0.0008493467754625561,C
3118255683,2,0.0023770112836222212,N
3118255683,2,0.001046385855887566,N
3118255683,2,0.0017373426701136063,N
3118255683,2,4.214968665006147e-05,N
3118255683,2,-0.001586571848776086,N
74537039,2,0.0,C
74537039,2,0.0,C
74537039,2,0.0,C
74537039,2,0.0,C
74537039,2,0.0,C
2473389857,2,0.003179781898458578,C
2473389857,2,0.0009571024455969912,C
2473389857,2,0.0020270139528705267,C
2473389857,2,0.0036233631633080243,C
2473389857,2,0.0039021605532402193,C
899522707,2,0.0,C
899522707,2,0.0,C
899522707,2,0.0,C
899522707,2,0.0,C
899522707,2,0.0,C
675765711,2,1.019310384087202e-05,C
675765711,2,-1.3673901305577552e-05,C
675765711,2,2.1746589649818127e-05,C
675765711,2,-5.865456558562521e-06,C
675765711,2,1.8341662704757233e-05,C
1313967653,2,-0.0008143827780623392,C
1313967653,2,-0.00036321786849369264,C
1313967653,2,-0.0036039528960173373,C
1313967653,2,-2.8044282842643042e-06,C
1313967653,2,-0.0012442925555591344,C
3855312692,2,0.0,C
3855312692,2,0.0,C
3855312692,2,0.0,C
3855312692,2,0.0,C
3855312692,2,0.0,C
1083852209,2,-0.004402419418601644,N
1083852209,2,-0.0048200259639550325,N
1083852209,2,-0.004263345092726856,N
1083852209,2,-0.003556549369484907,N
1083852209,2,-0.006054134553282187,N
2905660137,2,0.000880670490152391,C
2905660137,2,0.00146333623022743,C
2905660137,2,0.0016139650578133047,C
2905660137,2,0.0009625933531529629,C
2905660137,2,0.0017045393940350317,C
3579962709,2,0.0005569955792525949,C
3579962709,2,0.000650692061317959,C
3579962709,2,0.00043760054275854277,C
3579962709,2,0.0009251815365325378,C
3579962709,2,0.0005934487195630167,C
4041573576,2,0.0013056903153961796,C
4041573576,2,0.0020006942343835377,C
4041573576,2,0.0017586253334274105,C
4041573576,2,-0.00016459683828962124,C
4041573576,2,-3.8260232234632596e-05,C
64070612,2,0.004622933959780751,C
64070612,2,0.0035067453110887437,C
64070612,2,0.0008165437196286929,C
64070612,2,0.007133920496846802,C
64070612,2,0.005937890976188909,C
729796064,2,-0.00020052394096370385,C
729796064,2,-0.0003891151887189803,C
729796064,2,-0.002494641038375156,C
729796064,2,-0.002011473342884651,C
729796064,2,0.0009122473033297274,C
1070821685,2,0.0023053934522873076,C
1070821685,2,-0.0019725029040906783,C
1070821685,2,0.001751628877121103,C
1070821685,2,-0.00010121729452394757,C
1070821685,2,-0.0012072891363710259,C
3820826669,2,-0.0036527065763901634,C
3820826669,2,-0.002171689006254529,C
3820826669,2,0.0018480348335897512,C
3820826669,2,-0.004220699074460099,C
3820826669,2,-0.002540983477189007,C
2223687999,2,-0.00010797227951930832,C
2223687999,2,-0.0015552331846179213,C
2223687999,2,0.0005501980716187127,C
2223687999,2,-0.0003251662534108357,C
2223687999,2,0.0005743274195320058,C
2435680164,2,0.0001583400095117593,N
2435680164,2,-0.0016504682508116097,N
2435680164,2,0.00026270570698483375,N
2435680164,2,-0.0032398004743893205,N
2435680164,2,0.00017188662687706024,N
600629739,2,0.00022148786675491028,N
600629739,2,0.0004324614431148177,N
600629739,2,-0.001389332835179391,N
600629739,2,0.0004133879183672029,N
600629739,2,-0.0012098178898155565,N
2370996728,2,-0.004930997311072716,C
2370996728,2,0.000481371305699696,C
2370996728,2,-0.003599553239431952,C
2370996728,2,-0.0002808370054226961,C
2370996728,2,-0.004100872144925605,C
266675433,2,-0.0005837837750899411,O
266675433,2,-0.0005794639211277319,O
266675433,2,-0.0006937150530991198,O
266675433,2,-0.0005761484436482833,O
266675433,2,-0.00029644783064508573,O
2720313463,2,0.0008810765352320615,C
2720313463,2,-0.0013871454089688928,C
2720313463,2,-0.0013119634715423878,C
2720313463,2,0.00021989902523700255,C
2720313463,2,-0.001205689663241527,C
847433064,2,0.00646369516849743,N
847433064,2,0.007632790847731941,N
847433064,2,0.0033819877487532013,N
847433064,2,0.003500681175877096,N
847433064,2,0.004521482260664955,N
2551483158,2,0.0029298625295095526,N
2551483158,2,0.003420083671890617,N
2551483158,2,0.0017023331971798283,N
2551483158,2,0.0025713608507262897,N
2551483158,2,0.0026585703930577242,N
3933537673,2,-0.00010457191531076937,C
3933537673,2,-0.00011749051401421795,C
3933537673,2,-7.171610214751212e-05,C
3933537673,2,-4.7713076661182185e-05,C
3933537673,2,1.2948543125723688e-05,C
3458774156,2,-0.00018579779084348935,N
3458774156,2,0.0005076384576464532,N
3458774156,2,0.0032876994895716383,N
3458774156,2,0.005195463980238069,N
3458774156,2,-0.0001063976366952879,N
642367021,2,7.828257875441835e-05,C
642367021,2,6.889980009527896e-05,C
642367021,2,5.5772420436084325e-05,C
642367021,2,9.534589807203009e-05,C
642367021,2,5.632746177086645e-05,C
847336149,2,-0.002620212795950594,N
847336149,2,-0.004091517854404425,N
847336149,2,-0.0014787452535712786,N
847336149,2,0.0007256336345813352,N
847336149,2,-0.0029988296418382854,N
3182177290,2,2.931987228604882e-05,C
3182177290,2,2.946835670258885e-06,C
3182177290,2,3.675068709163565e-05,C
3182177290,2,3.1575034314168526e-05,C
3182177290,2,2.28254523042537e-05,C
1167322652,2,-0.0008246578935924287,C
1167322652,2,1.4262617469729122e-05,C
1167322652,2,0.0006932605004958958,C
1167322652,2,0.0004763689997943077,C
1167322652,2,-0.0003576909407368989,C
3796841743,2,-0.005681131894656022,C
3796841743,2,-0.0028711192618310344,C
3796841743,2,-0.005928510243227381,C
3796841743,2,-0.004350301825277847,C
3796841743,2,-0.006302489775585118,C
1730555933,2,0.00028964248994012287,C
1730555933,2,0.0005194407921174093,C
1730555933,2,-0.0002810970781260691,C
1730555933,2,0.00024741823236840155,C
1730555933,2,0.0007071508466243159,C
1583799011,2,4.586628547409433e-06,C
1583799011,2,-0.0005100026635926902,C
1583799011,2,-0.00019843420803422607,C
1583799011,2,-0.00023645625540480442,C
1583799011,2,-0.00011954336010955302,C
3908647167,2,-0.001521338084162549,C
3908647167,2,-0.0015126276444415998,C
3908647167,2,-0.0015919899657277359,C
3908647167,2,-0.001475584061016888,C
3908647167,2,-0.0016895869206106084,C
271903915,2,0.0,N
271903915,2,0.0,N
271903915,2,0.0,N
271903915,2,0.0,N
271903915,2,0.0,N
2447826885,2,7.276636615338727e-05,C
2447826885,2,1.8564509867036172e-05,C
2447826885,2,2.277508734571665e-05,C
2447826885,2,1.1235156175626315e-05,C
2447826885,2,6.037200205089022e-06,C
1791271074,2,0.0005185771081471779,S
1791271074,2,0.0020419401977053164,S
1791271074,2,-0.0029974023886145673,S
1791271074,2,-0.0003192489393615272,S
1791271074,2,-0.000747615266547319,S
3976623167,2,0.0011658200691516685,C
3976623167,2,0.00251984943792527,C
3976623167,2,0.00200460814381076,C
3976623167,2,0.0010185029642881815,C
3976623167,2,0.0013371856360374634,C
966311396,2,0.0006561086197764965,C
966311396,2,0.0012227134922577765,C
966311396,2,0.0012975490260689337,C
966311396,2,0.0015491484624542418,C
966311396,2,0.0010581637759912166,C
1323467736,2,-0.0004724914389422352,C
1323467736,2,-0.00029183623953310533,C
1323467736,2,-0.0014195974592956517,C
1323467736,2,-0.0026248192785670588,C
1323467736,2,-0.0006439857629779722,C
411967733,2,-8.260026133311005e-05,C
411967733,2,-0.0002480819029412329,C
411967733,2,-0.0003555196886981804,C
411967733,2,-0.00028360884519607055,C
411967733,2,0.00017662278503560724,C
3545365497,2,0.0002926594913552627,C
3545365497,2,-0.0002654534462395164,C
3545365497,2,-1.4183697098268944e-05,C
3545365497,2,-0.00022101794992790413,C
3545365497,2,0.000539678484626549,C
3796359118,2,0.0005996231958480536,C
3796359118,2,0.0005690306220955677,C
3796359118,2,4.5229763996568195e-05,C
3796359118,2,0.0002090959375217194,C
3796359118,2,0.0005698813827075266,C
36538691,2,-0.003911586842878401,C
36538691,2,-0.0007252519330241958,C
36538691,2,-0.0007600075430309605,C
36538691,2,-0.0031930048896887664,C
36538691,2,-0.002281288367955603,C
2649902721,2,-1.6565195942730426e-06,C
2649902721,2,-1.104470965129778e-05,C
2649902721,2,-6.841744160324126e-06,C
2649902721,2,-3.579344476367652e-07,C
2649902721,2,-2.1641763273683168e-06,C
994237755,2,0.00063986566189278,C
994237755,2,0.00039457972141410114,C
994237755,2,0.0002775260753095088,C
994237755,2,0.0003236608617132042,C
994237755,2,0.0006059225286924041,C
1961848637,2,0.0004450952753378701,C
1961848637,2,0.00019089633083635427,C
1961848637,2,0.00023442759064429275,C
1961848637,2,0.00028823266602040487,C
1961848637,2,0.0001838988071871661,C
3004333805,2,0.0,C
3004333805,2,0.0,C
3004333805,2,0.0,C
3004333805,2,0.0,C
3004333805,2,0.0,C
4033380444,2,0.001592776086988601,C
4033380444,2,0.0005083496998076198,C
4033380444,2,0.0008769226104730077,C
4033380444,2,0.0018861277717869829,C
4033380444,2,0.0019797788011570727,C
619920801,2,0.0011173673383674254,C
619920801,2,0.001594534924585722,C
619920801,2,0.0008149943380989511,C
619920801,2,0.0005337110083305507,C
619920801,2,0.000843579249139359,C
3334525955,2,-0.00015153091129038732,C
3334525955,2,-0.0004702141943365712,C
3334525955,2,0.00015507061698927238,C
3334525955,2,-0.0006663585679380635,C
3334525955,2,-0.0006340994556360835,C
3994088662,2,0.000785057218481322,C
3994088662,2,-0.000608795798260231,C
3994088662,2,-0.0009200455220967907,C
3994088662,2,-0.00023688233230168,C
3994088662,2,8.517038579625158e-05,C
3596485316,2,0.0006040855483704366,C
3596485316,2,-0.0007136799289658713,C
3596485316,2,-0.001261236675686228,C
3596485316,2,0.00042540549004232986,C
3596485316,2,-0.0016373731464489616,C
171200514,2,0.0003132867724749966,C
171200514,2,0.0005532830112598974,C
171200514,2,0.0007414011840762846,C
171200514,2,0.0004118470405189978,C
171200514,2,0.0009860815904121356,C
970433791,2,-0.0008203162596154279,C
970433791,2,-0.000669742174367105,C
970433791,2,-0.0015339448464294358,C
970433791,2,-0.0009431568034248272,C
970433791,2,-0.0014927829716282481,C
685125387,2,-0.0001834716903654776,C
685125387,2,0.0001551300838348313,C
685125387,2,-3.9433266305954895e-05,C
685125387,2,-6.19175584416487e-05,C
685125387,2,-0.00010200385235303866,C
2835079913,2,0.00023514257716927833,C
2835079913,2,-0.0019329229164288808,C
2835079913,2,-0.0020866919171864673,C
2835079913,2,-0.00020855768669258978,C
2835079913,2,-0.002545050933358328,C
1352399629,2,-0.001419559081944466,O
1352399629,2,-0.001046735628827733,O
1352399629,2,-0.0017336206873214133,O
1352399629,2,-0.00105237607963371,O
1352399629,2,-0.0003668145335814499,O
416356657,2,0.00010111415322833217,C
416356657,2,0.0005465730720682904,C
416356657,2,7.810389851770072e-05,C
416356657,2,0.00046938430380027985,C
416356657,2,0.0009073578084303202,C
1535166686,2,-0.0012983810628452996,O
1535166686,2,-0.0001726475403235339,O
1535166686,2,-0.0009456225701429677,O
1535166686,2,7.891525222847307e-05,O
1535166686,2,7.194807836063966e-05,O
589930590,2,-5.462335984118827e-05,C
589930590,2,-0.0004646862337878144,C
589930590,2,0.0010147382973356711,C
589930590,2,-0.0009347655318140413,C
589930590,2,-0.0005038522808148427,C
2463614838,2,0.001106454531001666,C
2463614838,2,-0.00011128747354682833,C
2463614838,2,0.0015326444523260374,C
2463614838,2,-0.004635563784053054,C
2463614838,2,-0.0009124478735789143,C
1871221615,2,0.0021621974204831806,C
1871221615,2,0.0020578347072101044,C
1871221615,2,0.0025187893843807707,C
1871221615,2,0.0007307441694880401,C
1871221615,2,0.0030079608506060618,C
3482873808,2,0.00013821707257422045,C
3482873808,2,-0.0018045264166494102,C
3482873808,2,-0.0023636611655550865,C
3482873808,2,-0.0006645376932649105,C
3482873808,2,0.00014593063016765662,C
553412256,2,-0.0019097843809156023,C
553412256,2,-0.002561531854749388,C
553412256,2,-0.0005377123362029224,C
553412256,2,-0.0006318442905182131,C
553412256,2,-0.00018558028742621246,C
135980867,2,-0.0008525260207271623,C
135980867,2,-0.0006572146300644066,C
135980867,2,-0.0013690999202431442,C
135980867,2,-0.0005042424634928988,C
135980867,2,1.2067977975371846e-05,C
1445852595,2,-0.003920045944611039,C
1445852595,2,-0.001644539710101034,C
1445852595,2,-0.0027532406999618564,C
1445852595,2,-0.005722418079478264,C
1445852595,2,-0.003095776646090065,C
2434373675,2,-0.001161456149984863,N
2434373675,2,-0.002290376032853758,N
2434373675,2,-0.0024935011622321257,N
2434373675,2,-0.002716820266045028,N
2434373675,2,-0.0008658115636734909,N
2939120473,2,0.0,
2939120473,2,0.0,
2939120473,2,0.0,
2939120473,2,0.0,
2939120473,2,0.0,
3203709451,2,0.00019684215866200283,O
3203709451,2,0.00013959039898059356,O
3203709451,2,0.0009235838558749876,O
3203709451,2,0.0009441766700403198,O
3203709451,2,0.0007587088640785833,O
368531313,2,-0.004304668249104027,C
368531313,2,-0.004255044899720617,C
368531313,2,-0.0029053385202670867,C
368531313,2,-0.0027495303640310276,C
368531313,2,-0.004085937008216467,C
3176806076,2,0.002858347472731837,C
3176806076,2,0.003944554810228262,C
3176806076,2,0.0022795867311844464,C
3176806076,2,0.0042786588044261276,C
3176806076,2,0.004052114420280417,C
2614860224,2,0.002288924480068122,C
2614860224,2,0.0010199234352198383,C
2614860224,2,0.0025238697091192197,C
2614860224,2,0.0011470601246199585,C
2614860224,2,0.0018771209573869019,C
2297887526,2,-0.001551604553211794,N
2297887526,2,-0.0007805358044559174,N
2297887526,2,-0.001658717169689572,N
2297887526,2,-0.002170096166143498,N
2297887526,2,-0.0011440872713496253,N
623728226,2,-0.0016355960398758418,C
623728226,2,0.0008756178824091965,C
623728226,2,0.0009450695473954829,C
623728226,2,-0.001186810543055139,C
623728226,2,0.0001667981455165668,C
603510687,2,-0.0009031602202472788,C
603510687,2,-0.0007558728979308871,C
603510687,2,-0.001257656639634841,C
603510687,2,-0.0016266969750352578,C
603510687,2,-0.001538215381895247,C
725322217,2,-0.001081479177649558,C
725322217,2,0.00011523271861590967,C
725322217,2,-0.0012826888114348955,C
725322217,2,-0.0002690534824989488,C
725322217,2,-0.0006259756167357189,C
434423882,2,-0.0001984676590668366,C
434423882,2,0.00036030743038284463,C
434423882,2,0.0005812744103455003,C
434423882,2,-0.0002329587725058424,C
434423882,2,-0.00024213679074869265,C
548743766,2,-0.00047699281147428607,C
548743766,2,-0.0007915201303011488,C
548743766,2,-0.0005811934300137267,C
548743766,2,-0.0006909150115319562,C
548743766,2,-0.0011030133560339106,C
1399127774,2,-0.00032683169191194406,C
1399127774,2,-0.00035896849975536327,C
1399127774,2,-0.0003200903525892862,C
1399127774,2,-0.0005468675647698484,C
1399127774,2,-0.00039788419092612326,C
2629723425,2,-0.00017558412373552823,C
2629723425,2,0.00018122762727501573,C
2629723425,2,0.0006213337888980597,C
2629723425,2,-9.596894812002876e-05,C
2629723425,2,-0.0002448919937130256,C
1542633699,2,0.0,O
1542633699,2,0.0,O
1542633699,2,0.0,O
1542633699,2,0.0,O
1542633699,2,0.0,O
1824088295,2,-0.00030451983662871385,C
1824088295,2,0.0002820873285568348,C
1824088295,2,0.00045898938983446325,C
1824088295,2,-0.00012445817458439645,C
1824088295,2,-0.00030738757212955825,C
1078211001,2,-0.000808064773454964,O
1078211001,2,-0.002135182082989684,O
1078211001,2,-0.0016362995154922677,O
1078211001,2,-0.000528537303397747,O
1078211001,2,-0.0010028848295259296,O
579286581,2,0.00012234269439681533,C
579286581,2,0.0001007233127936491,C
579286581,2,8.405353484952638e-05,C
579286581,2,5.022557758760371e-05,C
579286581,2,2.0351061255752256e-05,C
476060908,2,1.4938047744883498e-05,C
476060908,2,1.92035896272591e-05,C
476060908,2,-9.637975733056692e-06,C
476060908,2,-6.609016522829414e-06,C
476060908,2,-6.76244304642637e-06,C
2154935424,2,3.4276592042026266e-05,O
2154935424,2,2.1861642370279988e-05,O
2154935424,2,1.608086985449564e-05,O
2154935424,2,2.240971604594577e-05,O
2154935424,2,9.540030927568388e-06,O
4256524850,2,0.0020284024903931552,C
4256524850,2,0.00276107353685362,C
4256524850,2,0.001984376231438101,C
4256524850,2,0.0018470384920215022,C
4256524850,2,0.0011287989297223966,C
3980805843,2,0.0005617518425803381,C
3980805843,2,0.000764665994594127,C
3980805843,2,0.0007425695697222956,C
3980805843,2,0.0007575419456981036,C
3980805843,2,0.00020742591575495517,C
3594646603,2,0.002526984634571239,C
3594646603,2,0.0024211532435850502,C
3594646603,2,-0.0013000472883737402,C
3594646603,2,0.0003383621411381377,C
3594646603,2,-0.0009472830182962744,C
4036277955,2,0.001427779160073528,C
4036277955,2,0.0005699618103869319,C
4036277955,2,-0.001265153242612671,C
4036277955,2,0.0016143298971741382,C
4036277955,2,0.00025109940905954087,C
3554022385,2,0.0017496016135473136,C
3554022385,2,0.0022691249215034404,C
3554022385,2,0.001736865101253815,C
3554022385,2,-0.0005407845311552473,C
3554022385,2,0.0024630726384479162,C
571978829,2,-0.0018719946506227103,C
571978829,2,-7.968539279312736e-05,C
571978829,2,-0.0021996768100354114,C
571978829,2,-0.0019295461313201256,C
571978829,2,0.004689843558860041,C
4011293459,2,-0.0007163859528710459,C
4011293459,2,-0.0016555575510810439,C
4011293459,2,-0.0008798536643978006,C
4011293459,2,-0.00022624817585625845,C
4011293459,2,-0.0010070588003837644,C
1378530689,2,0.0,C
1378530689,2,0.0,C
1378530689,2,0.0,C
1378530689,2,0.0,C
1378530689,2,0.0,C
1858577693,2,-0.0012852166216748007,C
1858577693,2,-0.0008046399581497221,C
1858577693,2,-0.0004087244921316957,C
1858577693,2,-0.0004088071683443495,C
1858577693,2,-0.00016381649345886817,C
3120642300,2,-0.0005119133508743046,C
3120642300,2,-0.00043742668465884815,C
3120642300,2,0.0008541438940419255,C
3120642300,2,0.0007860841755361614,C
3120642300,2,0.0010291705223345327,C
2594220197,2,-1.4421321029134404e-05,C
2594220197,2,0.00018224605916616898,C
2594220197,2,0.0005628816592607722,C
2594220197,2,0.0013372220466759677,C
2594220197,2,0.0011796103100195632,C
1693331843,2,0.0013160103241068866,N
1693331843,2,0.00012523572397493687,N
1693331843,2,0.0007308988795439175,N
1693331843,2,-0.0008876986671200182,N
1693331843,2,7.607323802893973e-05,N
1868602760,2,0.0002522947046741386,N
1868602760,2,0.001539266081243884,N
1868602760,2,-0.0001651957839198248,N
1868602760,2,-0.0010866931133324265,N
1868602760,2,0.0008503059924322987,N
1842114921,2,0.0002622437583178483,C
1842114921,2,-0.0010703241585544587,C
1842114921,2,-0.0011943559785164704,C
1842114921,2,-0.0009974794361002903,C
1842114921,2,-0.001327990531461709,C
2021812431,2,-0.0016757002929608245,N
2021812431,2,-0.0010828213967527534,N
2021812431,2,-0.0017154664041666434,N
2021812431,2,-0.002056106482204556,N
2021812431,2,-0.002465044396388949,N
4197146180,2,0.0031673129168523495,O
4197146180,2,-0.0016386166911422917,O
4197146180,2,-0.0019356488820909679,O
4197146180,2,0.001504464739826794,O
4197146180,2,0.0011328996352552023,O
3121777292,2,-0.0001175911827804299,N
3121777292,2,-9.87406378325506e-05,N
3121777292,2,4.2114657405223355e-05,N
3121777292,2,-0.0001379656484651326,N
3121777292,2,-0.00022323883038033454,N
2752034647,2,-0.0017782644611310516,C
2752034647,2,0.0006786207257138965,C
2752034647,2,-0.0015513312904293919,C
2752034647,2,-0.0004980763410021849,C
2752034647,2,0.0002460429581611079,C
3614376044,2,-0.00045263343882495644,C
3614376044,2,0.00027347805861022145,C
3614376044,2,3.484391508035145e-05,C
3614376044,2,0.00028116356374208173,C
3614376044,2,0.00016441606251549334,C
3266129148,2,0.0005454003550402486,S
3266129148,2,0.0005454003550402486,S
3266129148,2,0.0008485447936004142,S
3266129148,2,0.0008360338752362306,S
3266129148,2,8.915089867944648e-05,S
3346539298,2,-0.0027076032289714558,N
3346539298,2,-0.00034408748216407936,N
3346539298,2,-0.0023499763923766626,N
3346539298,2,-0.002564447734133335,N
3346539298,2,-0.0019949203271387717,N
2513428378,2,0.0012186886934369978,C
2513428378,2,-2.9573869480103987e-05,C
2513428378,2,0.0012790954331379778,C
2513428378,2,-0.0011510674012623623,C
2513428378,2,-3.11536714699967e-05,C
2827868305,2,-0.00028599639775739316,C
2827868305,2,-0.0009903065583253268,C
2827868305,2,-0.000144141688147581,C
2827868305,2,-0.00030351690717556057,C
2827868305,2,-0.001198762114187013,C
1153219603,2,-0.0007451368771146383,C
1153219603,2,-0.0007921658858209835,C
1153219603,2,0.0005870488681405384,C
1153219603,2,-0.0006326332075667906,C
1153219603,2,-0.0010026433848786542,C
516041383,2,-5.949029220198021e-05,C
516041383,2,6.972414753891876e-05,C
516041383,2,2.526663885271674e-05,C
516041383,2,6.024376423130473e-05,C
516041383,2,0.00016890327292351515,C
312306367,2,0.005149151640107874,C
312306367,2,0.004297049330248104,C
312306367,2,0.0028846492983976013,C
312306367,2,0.0037227686449513575,C
312306367,2,0.003629526053513188,C
3925172229,2,4.007174043696438e-06,C
3925172229,2,-8.613390472489435e-05,C
3925172229,2,-3.76918129785242e-05,C
3925172229,2,-3.488436700249675e-05,C
3925172229,2,-0.0003002397424045622,C
118059098,2,-0.00020892868014510402,C
118059098,2,-0.0005469303993653751,C
118059098,2,-0.0009994886376800682,C
118059098,2,-6.13026625063684e-05,C
118059098,2,0.00029018276488290695,C
3981762496,2,-0.005504812689199778,C
3981762496,2,-0.002302141850325623,C
3981762496,2,-0.002955738018896925,C
3981762496,2,-0.004469478873784238,C
3981762496,2,-0.005043672968299218,C
2122981102,2,0.0,
2122981102,2,0.0,
2122981102,2,0.0,
2122981102,2,0.0,
2122981102,2,0.0,
1506563592,2,0.0,C
1506563592,2,0.0,C
1506563592,2,0.0,C
1506563592,2,0.0,C
1506563592,2,0.0,C
2604440622,2,-5.39435002931965e-05,C
2604440622,2,-9.025476113844189e-05,C
2604440622,2,0.00013731893432722408,C
2604440622,2,1.4642813794596421e-05,C
2604440622,2,-0.00022586407648683693,C
1717044408,2,-0.0015970666862112903,C
1717044408,2,-0.000650894243508171,C
1717044408,2,-0.0012747942023511039,C
1717044408,2,-0.0007617454332496942,C
1717044408,2,-0.0015138690761528073,C
2646219661,2,0.0001574505557768724,C
2646219661,2,0.001349363888626276,C
2646219661,2,0.0010282983443334892,C
2646219661,2,0.0006661375151808535,C
2646219661,2,-3.530063264778338e-05,C
128522177,2,0.0006156361753756334,C
128522177,2,-0.0010594522877606094,C
128522177,2,0.000702879480665719,C
128522177,2,-0.0005976897659971669,C
128522177,2,-0.00040498577036574,C
2459741777,2,5.397353300529151e-05,O
2459741777,2,-8.420589693969305e-05,O
2459741777,2,-0.0009321398094519484,O
2459741777,2,-0.0001994388181050244,O
2459741777,2,0.0002374575874573015,O
3612926680,2,0.0008780088984243761,Br
3612926680,2,0.00042845600111085513,Br
3612926680,2,-0.00022790830804886308,Br
3612926680,2,0.0007876858274502574,Br
3612926680,2,0.0025435450532212966,Br
1792562719,2,0.0024334775902477013,S
1792562719,2,0.0012315225219392545,S
1792562719,2,0.00496130958262575,S
1792562719,2,0.001691618963491126,S
1792562719,2,0.0024914265176418926,S
868576692,2,0.0,
868576692,2,0.0,
868576692,2,0.0,
868576692,2,0.0,
868576692,2,0.0,
1999904870,2,0.0024214144675136495,C
1999904870,2,0.004642506869908969,C
1999904870,2,0.004777800922703523,C
1999904870,2,0.002520546401328261,C
1999904870,2,0.006062889016317352,C
3532053313,2,0.0,S
3532053313,2,0.0,S
3532053313,2,0.0,S
3532053313,2,0.0,S
3532053313,2,0.0,S
592593828,2,0.0006345750631578939,C
592593828,2,-0.0006755689604400761,C
592593828,2,-0.0008024167574429697,C
592593828,2,0.0003527553414006679,C
592593828,2,0.0006287346093010182,C
3632350815,2,0.00011437299886740693,Br
3632350815,2,0.0007852476565828326,Br
3632350815,2,0.00047770771341359985,Br
3632350815,2,0.001362569078020015,Br
3632350815,2,0.0005939532552367011,Br
3025629386,2,0.0017386227786484465,C
3025629386,2,0.0010927963395178653,C
3025629386,2,0.0015467653694068995,C
3025629386,2,0.00216090079116249,C
3025629386,2,0.0017943306815192406,C
3594696610,2,-0.00035029217891158204,C
3594696610,2,2.7814899481115596e-05,C
3594696610,2,-0.0004137233041362487,C
3594696610,2,-0.00013881303963325653,C
3594696610,2,-0.0005691524603723686,C
2212573984,2,0.0005428414217735211,S
2212573984,2,0.00016571690180322562,S
2212573984,2,0.0005729424600476873,S
2212573984,2,0.00040925272340197605,S
2212573984,2,0.0003530623076561934,S
3157481675,2,0.0005683741743228721,C
3157481675,2,-0.0010130102318206546,C
3157481675,2,-0.00017401926608651141,C
3157481675,2,-0.0010148278112387388,C
3157481675,2,-0.0002445627471546752,C
669222828,2,-0.00039917612933604296,C
669222828,2,5.259652417965999e-05,C
669222828,2,5.041829844631973e-05,C
669222828,2,-0.0005599415264648799,C
669222828,2,-0.00010811885157013812,C
1856075173,2,0.00016480159333054356,C
1856075173,2,0.0010966248731979489,C
1856075173,2,0.001066964088718092,C
1856075173,2,8.308090118247513e-05,C
1856075173,2,0.0004374945996002966,C
618671879,2,7.617780538216046e-05,C
618671879,2,0.0002808567176859622,C
618671879,2,0.0001800915825984628,C
618671879,2,-1.6210132343097428e-06,C
618671879,2,1.9709113804111666e-05,C
714893496,2,0.0012068830060987246,C
714893496,2,0.0014880422947320948,C
714893496,2,0.0026004124415591745,C
714893496,2,0.001495237831745766,C
714893496,2,0.0012846543140020428,C
1685248591,2,0.001379669857020871,C
1685248591,2,0.0015656802217192123,C
1685248591,2,0.0018402539189160683,C
1685248591,2,0.001369876050672847,C
1685248591,2,0.0014092674284980067,C
2931695851,2,-0.00149662556592145,C
2931695851,2,-0.0005969705990498397,C
2931695851,2,-0.0005970947676309235,C
2931695851,2,-0.0012216535269569118,C
2931695851,2,0.0003200310839812648,C
2222715027,2,-0.0006771946556201058,O
2222715027,2,-0.0012395404373475305,O
2222715027,2,-0.0007853233725808595,O
2222715027,2,8.934492369272462e-07,O
2222715027,2,-0.00038720122392699174,O
1026928756,2,0.0013427533332999175,S
1026928756,2,0.0011834052826448227,S
1026928756,2,0.0005616596774451477,S
1026928756,2,0.001647732722168338,S
1026928756,2,0.0012340592508760517,S
458993620,2,0.0008822017315553987,N
458993620,2,0.0002319274542762484,N
458993620,2,0.0006284413947332812,N
458993620,2,-0.0012317429719556072,N
458993620,2,-0.002637335421355136,N
1549284008,2,0.001372205409188365,C
1549284008,2,0.0012791990285597743,C
1549284008,2,0.0008101667229182263,C
1549284008,2,0.0011319147790606054,C
1549284008,2,6.276725332476918e-05,C
3510196525,2,-0.001633681357618877,N
3510196525,2,-0.00275917952449789,N
3510196525,2,-0.0021491555740762447,N
3510196525,2,-0.0031488973644254736,N
3510196525,2,-0.0032365765807417235,N
909362583,2,0.0008862230380156655,C
909362583,2,-5.2763352493823135e-06,C
909362583,2,0.00024394137486605239,C
909362583,2,-5.761489020872368e-06,C
909362583,2,0.00022758724784799345,C
2556855854,2,0.001639451534369396,C
2556855854,2,0.0010067138110251284,C
2556855854,2,0.001164993666251335,C
2556855854,2,0.0012312758605033114,C
2556855854,2,0.004067471392434019,C
3888780669,2,-0.0012127006721087685,O
3888780669,2,-0.0015807250803946404,O
3888780669,2,-0.0014790143168244008,O
3888780669,2,-0.0010256070827928676,O
3888780669,2,-0.0002845661259235355,O
2448572767,2,-0.00042167706610851674,C
2448572767,2,0.0005801255804532834,C
2448572767,2,-0.00027022514692631727,C
2448572767,2,0.000332687321873415,C
2448572767,2,0.00016550752235455768,C
932692620,2,-0.0009795570764421502,C
932692620,2,0.00020000996757241207,C
932692620,2,-0.0010829788873155666,C
932692620,2,-0.0008182172420182487,C
932692620,2,-0.0004601511712672979,C
92620239,2,-0.00242965460641964,C
92620239,2,-0.0017254905696939549,C
92620239,2,-0.0007690757024468864,C
92620239,2,-0.0014792284405472644,C
92620239,2,-0.0003905631515848107,C
443932914,2,-0.00037979537199883673,N
443932914,2,-0.00037608543923617344,N
443932914,2,-0.00033201326670273534,N
443932914,2,-0.00032169586916008797,N
443932914,2,-0.00019082358575994718,N
586636525,2,0.0009627232305758904,C
586636525,2,0.0005869427141180772,C
586636525,2,0.001148028948597446,C
586636525,2,0.0006489504567831483,C
586636525,2,0.0004045873841052039,C
3462479532,2,-0.00012792244021198051,C
3462479532,2,0.0005690197110017614,C
3462479532,2,0.0010899584823578223,C
3462479532,2,-0.0005549294649574987,C
3462479532,2,0.000799509800797904,C
2222621677,2,-0.0009131605211202265,O
2222621677,2,-6.440627347825689e-05,O
2222621677,2,0.0008912234021108967,O
2222621677,2,0.0002884177676291122,O
2222621677,2,0.0001646632871907805,O
328936174,2,1.7032619069601296e-06,C
328936174,2,-0.0001655208434464539,C
328936174,2,-2.6837537814849988e-05,C
328936174,2,3.1797881630768465e-05,C
328936174,2,-7.559010576729808e-05,C
2154777022,2,-0.0004002860412327669,C
2154777022,2,-0.0005947785580634468,C
2154777022,2,0.00024524144560567063,C
2154777022,2,0.00016099417362713808,C
2154777022,2,0.00018728854744309853,C
3992410619,2,0.0015715754914678026,C
3992410619,2,0.0015919908555938056,C
3992410619,2,0.0030117525920146937,C
3992410619,2,0.001804534753298892,C
3992410619,2,0.0006889898018946905,C
3750444818,2,-0.0005216519654914764,C
3750444818,2,-0.0005122759421761769,C
3750444818,2,-0.000511596124482594,C
3750444818,2,3.7715178898500845e-05,C
3750444818,2,-0.0003742058519372593,C
2975126068,2,0.0012844520275914206,N
2975126068,2,-0.0015547108757399952,N
2975126068,2,6.130917857527507e-05,N
2975126068,2,0.0007722578571857097,N
2975126068,2,0.0004767564050841555,N
2477914203,2,-3.564358243113297e-06,N
2477914203,2,-7.772980712417166e-07,N
2477914203,2,-1.975389406383421e-06,N
2477914203,2,2.8587326649232025e-06,N
2477914203,2,-2.2706585411924607e-07,N
353395765,2,-0.00023552702446216767,C
353395765,2,-0.0018147532353959273,C
353395765,2,0.0015817812145775267,C
353395765,2,0.0006262038670934444,C
353395765,2,0.00038736110146353475,C
69470421,2,0.0,C
69470421,2,0.0,C
69470421,2,0.0,C
69470421,2,0.0,C
69470421,2,0.0,C
540046244,2,0.002169098296439631,C
540046244,2,-0.0008604937029450532,C
540046244,2,0.0005481510920223309,C
540046244,2,0.003701063253402692,C
540046244,2,-0.0001530906533484533,C
4261830945,2,-0.0021377051413188353,C
4261830945,2,-0.0017469223855526295,C
4261830945,2,-0.0024864725337019333,C
4261830945,2,0.0013080675874782566,C
4261830945,2,-0.0015972276502893568,C
3904721945,2,0.0013887258551062986,C
3904721945,2,0.0022210581886720204,C
3904721945,2,0.001266432292956643,C
3904721945,2,0.0033491935037939236,C
3904721945,2,0.002579379712240204,C
4055698890,2,0.000294214321952202,N
4055698890,2,0.00013088423401241833,N
4055698890,2,0.0001921031534362072,N
4055698890,2,0.0004249529847154543,N
4055698890,2,0.00014347617884635788,N
1738265797,2,-0.00015539521805907341,C
1738265797,2,-0.0005573954479891619,C
1738265797,2,0.00024307095483711016,C
1738265797,2,-0.00012303943930735972,C
1738265797,2,-0.00047091822686817775,C
2014543234,2,0.002225447346988707,C
2014543234,2,0.004832000158159877,C
2014543234,2,0.0032800897777734983,C
2014543234,2,0.003406089605655027,C
2014543234,2,0.0018082402338140957,C
2697110228,2,0.0014802280488940278,C
2697110228,2,-0.0006978711678878868,C
2697110228,2,0.00032246295265092595,C
2697110228,2,0.00041586069987553653,C
2697110228,2,-0.0015824574430735039,C
694069322,2,0.005814949445672513,N
694069322,2,0.0039881600965845365,N
694069322,2,0.0006311964442710094,N
694069322,2,0.007137828191455253,N
694069322,2,0.00398446882431025,N
3120784405,2,0.0008471031214529745,C
3120784405,2,0.0007103098742730074,C
3120784405,2,0.0003118529509993362,C
3120784405,2,-0.0006619079066312317,C
3120784405,2,0.00038981169276819383,C
2574917850,2,0.0004532265329916241,C
2574917850,2,0.0003088415876425499,C
2574917850,2,0.00026399829903289707,C
2574917850,2,0.0003214986529812558,C
2574917850,2,0.0004009700051408327,C
644322065,2,0.00018433119448479918,C
644322065,2,8.379192977037153e-05,C
644322065,2,-0.0001836075187039432,C
644322065,2,0.00011618721083173078,C
644322065,2,4.880265351148161e-05,C
4068239769,2,3.834947559633317e-05,S
4068239769,2,0.00012918897803471108,S
4068239769,2,0.00013016923050979123,S
4068239769,2,3.589220962918471e-05,S
4068239769,2,6.138353224272031e-06,S
606428793,2,0.0004694046746911429,C
606428793,2,-0.0017469932626884566,C
606428793,2,0.0003912092544113843,C
606428793,2,0.0002902909604148851,C
606428793,2,-0.0009696319766223649,C
3304582332,2,0.0,C
3304582332,2,0.0,C
3304582332,2,0.0,C
3304582332,2,0.0,C
3304582332,2,0.0,C
3920757710,2,-0.0022671852130417003,C
3920757710,2,-0.0017897574180204545,C
3920757710,2,-0.0019187422178449376,C
3920757710,2,-0.0013446147733200409,C
3920757710,2,-0.0012772102142923902,C
2923200147,2,0.0008728374214486134,C
2923200147,2,0.002402196633678688,C
2923200147,2,0.0018529406437520768,C
2923200147,2,0.0019393383501088435,C
2923200147,2,0.002882089401648691,C
1349404210,2,-0.001115914964798348,N
1349404210,2,-5.595673807978763e-06,N
1349404210,2,0.000849688549153016,N
1349404210,2,0.0005071387647916925,N
1349404210,2,-0.000656774592598941,N
2238101436,2,-3.1380541415160224e-05,C
2238101436,2,0.00010180184224228839,C
2238101436,2,7.718999827488471e-05,C
2238101436,2,-0.00010363308053162879,C
2238101436,2,-6.559772785652562e-05,C
310913359,2,0.00017458319090313257,C
310913359,2,0.0003368722743620767,C
310913359,2,0.00013658560719398416,C
310913359,2,-0.0002240369153692079,C
310913359,2,0.0002853746755766551,C
4086265842,2,-0.0014901326836075368,C
4086265842,2,-0.0016263654966237606,C
4086265842,2,-0.0008063305007255384,C
4086265842,2,-0.0019339371022860652,C
4086265842,2,-0.0019411740302814895,C
3328145258,2,-0.00012977457503582368,C
3328145258,2,-0.00010995351316334112,C
3328145258,2,-0.0001021343078055903,C
3328145258,2,-0.00013203527717131625,C
3328145258,2,-0.00012407703041339424,C
3045022511,2,0.0,S
3045022511,2,0.0,S
3045022511,2,0.0,S
3045022511,2,0.0,S
3045022511,2,0.0,S
910450790,2,0.0003510172074357998,C
910450790,2,7.000819065805519e-05,C
910450790,2,0.0006941276510901151,C
910450790,2,-2.1958589994319766e-05,C
910450790,2,-0.0001102867289443088,C
1216095805,2,-0.0008622881723486797,C
1216095805,2,4.006865016970007e-05,C
1216095805,2,-0.0011533967260826117,C
1216095805,2,-0.0001713246597115914,C
1216095805,2,-0.00044933127560053965,C
2187394687,2,-0.0003195703734205635,C
2187394687,2,-0.0001230461770279634,C
2187394687,2,-0.0003313238773292593,C
2187394687,2,-0.00033657433105471757,C
2187394687,2,-0.0003180480542066544,C
544755086,2,-0.00035475510570825985,C
544755086,2,-0.0003540317740365895,C
544755086,2,-0.00018106532535100417,C
544755086,2,-0.00039535740587137713,C
544755086,2,0.00018658314604913517,C
2425865203,2,-0.00023941210313538352,C
2425865203,2,-0.00033902919011619126,C
2425865203,2,-0.00027590296487889354,C
2425865203,2,-5.035482208237685e-05,C
2425865203,2,-0.00036369173725170345,C
1558658757,2,-0.00022418062552631568,C
1558658757,2,-0.0024029432223173774,C
1558658757,2,-0.00339870789289487,C
1558658757,2,-0.0025639929857133037,C
1558658757,2,-0.001872792505001053,C
68675643,2,0.0,
68675643,2,0.0,
68675643,2,0.0,
68675643,2,0.0,
68675643,2,0.0,
2905822145,2,-0.0038066098868395626,C
2905822145,2,-0.0020988196899066613,C
2905822145,2,-0.00115849885456909,C
2905822145,2,-0.0027860750181843974,C
2905822145,2,-0.0023128054337901993,C
2284773903,2,0.0005559560537506947,C
2284773903,2,0.001233830687061288,C
2284773903,2,0.0009147391512728253,C
2284773903,2,0.0010761138670031256,C
2284773903,2,0.00026595395711914716,C
3835273908,2,0.001680659159303266,C
3835273908,2,0.0007086844043321383,C
3835273908,2,0.0007766893616886206,C
3835273908,2,0.0020291537853261987,C
3835273908,2,0.0009646355514665306,C
3249398244,2,-3.7052738318665845e-06,C
3249398244,2,4.007036374398254e-05,C
3249398244,2,-2.4007635700318275e-05,C
3249398244,2,-0.00016145862920347032,C
3249398244,2,-0.00024599401931635345,C
3772302167,2,0.0003126078502687646,C
3772302167,2,-0.00039201103939234816,C
3772302167,2,0.0006035991575531474,C
3772302167,2,0.0011664774264670275,C
3772302167,2,-0.0006528463945965068,C
2510215966,2,-0.0006153090895729685,C
2510215966,2,-0.002134896266277053,C
2510215966,2,-0.0010601055325135667,C
2510215966,2,-0.002967008496495227,C
2510215966,2,-0.001946873866400578,C
3406201864,2,-0.0001085943311878168,C
3406201864,2,0.0003066631150137056,C
3406201864,2,0.0001635604037677485,C
3406201864,2,-0.00020023609099217854,C
3406201864,2,0.00014601280893022928,C
3684013815,2,-0.0002918805909726263,C
3684013815,2,1.2084276299062502e-05,C
3684013815,2,-0.0001636295562256196,C
3684013815,2,-0.00024507991934208384,C
3684013815,2,-0.000894200778398857,C
787341104,2,0.0,C
787341104,2,0.0,C
787341104,2,0.0,C
787341104,2,0.0,C
787341104,2,0.0,C
1256946769,2,-0.000687345613602508,N
1256946769,2,-0.0001981824157450962,N
1256946769,2,-0.00025558084257304436,N
1256946769,2,-0.00029453493009945486,N
1256946769,2,-0.0007300145070371356,N
2110118862,2,0.0015234692092963575,C
2110118862,2,-0.0004632913950642914,C
2110118862,2,9.063163949918351e-05,C
2110118862,2,0.0003576866863581607,C
2110118862,2,-0.001045207720104524,C
1899422126,2,-0.0001607281496740498,C
1899422126,2,-4.2668115997401834e-05,C
1899422126,2,-5.7445706295400356e-05,C
1899422126,2,-3.014811945600826e-05,C
1899422126,2,-8.0854492555682e-06,C
3727960280,2,-0.0004030965669856723,C
3727960280,2,-0.0016130983811887267,C
3727960280,2,-0.0006169985912553022,C
3727960280,2,-0.0014387942700816447,C
3727960280,2,-0.0012867854498201936,C
4023654873,2,0.0022296726642853093,C
4023654873,2,-0.000847946425164281,C
4023654873,2,0.001536006000088408,C
4023654873,2,0.0016311846775804995,C
4023654873,2,-0.001322436134750915,C
467603055,2,-0.003575655144278933,C
467603055,2,-0.0033303220284017776,C
467603055,2,-0.0019864151980064637,C
467603055,2,-0.0024482314135515493,C
467603055,2,-0.002228996712104747,C
409801989,2,-0.0006011708954551942,C
409801989,2,0.00034117948176104473,C
409801989,2,-0.0005366119407147485,C
409801989,2,-0.0003803038408892734,C
409801989,2,0.0009002422954393907,C
1289643292,2,0.0005272904004438583,N
1289643292,2,0.000787132603418339,N
1289643292,2,0.0005220999930344306,N
1289643292,2,0.00040293734691898564,N
1289643292,2,0.00042734980376823994,N
3011598321,2,0.0029429479270931536,C
3011598321,2,0.004955343264574474,C
3011598321,2,0.0051209416967651356,C
3011598321,2,0.0013973002799684275,C
3011598321,2,0.004061704515755937,C
3460898310,2,-0.0001488828762743477,N
3460898310,2,-0.0008728720521480327,N
3460898310,2,0.0009345696406310999,N
3460898310,2,-0.0012076582603274266,N
3460898310,2,-0.00013604917238529968,N
2971716993,2,4.454179228363664e-05,N
2971716993,2,-0.000356237327457265,N
2971716993,2,-0.0003958456483880157,N
2971716993,2,-0.0007814831920732734,N
2971716993,2,-0.0003716225364176484,N
1556668346,2,0.002510684241064154,N
1556668346,2,0.0015487414157487889,N
1556668346,2,0.0007895781107001287,N
1556668346,2,0.002283721651744286,N
1556668346,2,0.0032331268653610357,N
4022716898,2,1.2947069796376276e-05,C
4022716898,2,4.9145240315517924e-05,C
4022716898,2,-2.0272497515683163e-05,C
4022716898,2,3.587346792599533e-05,C
4022716898,2,9.955546019346784e-06,C
2458968089,2,0.00013748088436082995,C
2458968089,2,-0.00013676172174037493,C
2458968089,2,-0.0002610406916679908,C
2458968089,2,-0.0003991430034940846,C
2458968089,2,0.0005369190636413945,C
4164236649,2,-0.002040631537878146,C
4164236649,2,-0.0007609394802685632,C
4164236649,2,-0.0016758656795370364,C
4164236649,2,-0.0016690789054051303,C
4164236649,2,-0.0003385560596509407,C
2154975788,2,0.0014400729531813816,C
2154975788,2,0.000500849861714836,C
2154975788,2,0.0014308633229819234,C
2154975788,2,0.0019383355641737765,C
2154975788,2,0.001787650780274208,C
3248686995,2,0.0002661295803090269,C
3248686995,2,0.0004217068607664798,C
3248686995,2,0.0002714160594396997,C
3248686995,2,0.0002285789733335042,C
3248686995,2,0.00020860257030064222,C
3909974435,2,-0.0021260671828222666,C
3909974435,2,0.0008575588035494297,C
3909974435,2,-0.0017056260330025053,C
3909974435,2,0.00042813731721624837,C
3909974435,2,-0.0001747461051941901,C
3012080282,2,0.00012191152880103306,C
3012080282,2,-0.00037645292610521963,C
3012080282,2,0.00016089259406704137,C
3012080282,2,-0.00023550647166281635,C
3012080282,2,1.6581524669545544e-05,C
3462333187,2,-0.0015913759487269363,C
3462333187,2,-0.0011087847346882285,C
3462333187,2,-0.0029676155504970714,C
3462333187,2,-0.0008851395630194991,C
3462333187,2,-0.0012022213584544916,C
1229325558,2,0.0006991515561100003,N
1229325558,2,0.001881404124704722,N
1229325558,2,0.0016416215456124261,N
1229325558,2,0.0012615024269934105,N
1229325558,2,-0.000748822811544203,N
3599139274,2,6.930013423855907e-05,C
3599139274,2,0.00022858733057851133,C
3599139274,2,0.00015744124505945312,C
3599139274,2,-0.00011617520747286836,C
3599139274,2,9.063446105117556e-05,C
806369437,2,0.00018241820576747614,C
806369437,2,0.0005575936880635179,C
806369437,2,0.0003124260293021486,C
806369437,2,0.00034487961304929815,C
806369437,2,2.7356219193030995e-05,C
2395259406,2,-0.0006108546374256063,C
2395259406,2,0.0003095480147105034,C
2395259406,2,-0.0002889031570507683,C
2395259406,2,-0.0006468722112160652,C
2395259406,2,0.0003045689930174511,C
864942795,2,9.661166348495787e-05,O
864942795,2,-8.533048926362419e-05,O
864942795,2,-9.206087177959787e-05,O
864942795,2,0.00012481403236741517,O
864942795,2,0.00010214912430850376,O
1785683843,2,-0.0011277006761049035,C
1785683843,2,-0.0003290737360929219,C
1785683843,2,-0.00034272796905110425,C
1785683843,2,-0.0005341988849926205,C
1785683843,2,-0.0004857751245531672,C
2516197204,2,-0.00022430998803035784,C
2516197204,2,-0.00022198591638544762,C
2516197204,2,-0.00034322483690329975,C
2516197204,2,-0.00029386561168265324,C
2516197204,2,-0.0003187244612943285,C
2295519362,2,0.0006794075332169358,C
2295519362,2,0.001188522721023988,C
2295519362,2,0.0004373975143552311,C
2295519362,2,0.0005381303398592774,C
2295519362,2,0.001326798711460242,C
2598322190,2,-0.0001573181599834328,C
2598322190,2,-0.0006235867570358877,C
2598322190,2,-0.0012488224874190879,C
2598322190,2,-0.0008302117307781298,C
2598322190,2,-0.000889541072304878,C
3153477100,2,0.00024150878383333296,C
3153477100,2,-0.0005260871122260147,C
3153477100,2,-0.0001675129136311515,C
3153477100,2,-0.0001315922634747002,C
3153477100,2,-0.000360241156975194,C
2192318254,2,0.0,O
2192318254,2,0.0,O
2192318254,2,0.0,O
2192318254,2,0.0,O
2192318254,2,0.0,O
1619222458,2,0.0,C
1619222458,2,0.0,C
1619222458,2,0.0,C
1619222458,2,0.0,C
1619222458,2,0.0,C
3824063894,2,-0.0009542684527483747,C
3824063894,2,-0.0009258681389182621,C
3824063894,2,-0.0007951025762364949,C
3824063894,2,-0.00036167245936447046,C
3824063894,2,-0.0009086720753390676,C
885026269,2,-0.0008135762554464243,C
885026269,2,0.000349866342640226,C
885026269,2,0.00019473039900097522,C
885026269,2,-0.0013225950940357611,C
885026269,2,-0.0007136153832986158,C
472281497,2,-0.0011520092779506719,C
472281497,2,-0.0013111198477143704,C
472281497,2,-0.00029035394788845537,C
472281497,2,-0.0003918498329696929,C
472281497,2,-0.0015147775152311027,C
2599973650,2,0.0,N
2599973650,2,0.0,N
2599973650,2,0.0,N
2599973650,2,0.0,N
2599973650,2,0.0,N
1582607016,2,0.0,C
1582607016,2,0.0,C
1582607016,2,0.0,C
1582607016,2,0.0,C
1582607016,2,0.0,C
1564511222,2,6.22439210420378e-05,C
1564511222,2,9.722805901191123e-05,C
1564511222,2,4.131796591977377e-06,C
1564511222,2,2.4655295997821902e-05,C
1564511222,2,-1.506489825187085e-05,C
3291149959,2,-0.0003815071547411675,C
3291149959,2,-0.0003647635095729296,C
3291149959,2,0.0004072428951021889,C
3291149959,2,-0.00037076171185768114,C
3291149959,2,0.0006874422646679923,C
717151242,2,0.00018232894611458494,O
717151242,2,0.0002801439928744598,O
717151242,2,8.406919370573807e-05,O
717151242,2,0.0003302619519197636,O
717151242,2,5.466582935420572e-05,O
2664995851,2,0.0,
2664995851,2,0.0,
2664995851,2,0.0,
2664995851,2,0.0,
2664995851,2,0.0,
4239037249,2,-0.0006080792993362616,C
4239037249,2,-0.0008225856422736655,C
4239037249,2,-0.0006128996650289764,C
4239037249,2,-0.0009258911206531106,C
4239037249,2,-0.0006565357552686946,C
166544320,2,-3.2113646407871954e-05,C
166544320,2,-0.00023959119093175385,C
166544320,2,-8.605044832221687e-05,C
166544320,2,-5.659702854743376e-05,C
166544320,2,-0.00034717553115271027,C
2369690741,2,-1.0356603948769028e-05,C
2369690741,2,-0.0005411019802885608,C
2369690741,2,-0.00035503978445716733,C
2369690741,2,-0.0006881228330715139,C
2369690741,2,-0.0010880349946648105,C
3234104871,2,0.0,C
3234104871,2,0.0,C
3234104871,2,0.0,C
3234104871,2,0.0,C
3234104871,2,0.0,C
616374597,2,0.0005639127663586985,C
616374597,2,-0.001123882227359263,C
616374597,2,-0.0003375671641825395,C
616374597,2,0.0007999853378158894,C
616374597,2,-0.00018085163515757507,C
2974534217,2,-1.3295046016437162e-05,C
2974534217,2,-7.877372174558417e-07,C
2974534217,2,8.523369184221252e-06,C
2974534217,2,-2.8427634087613285e-05,C
2974534217,2,-3.219403562504386e-05,C
828793177,2,-0.0003538010498000954,N
828793177,2,-0.0004447335346814407,N
828793177,2,-0.00016532974631944253,N
828793177,2,-0.00031337287675481384,N
828793177,2,-0.0004119865747213014,N
368713488,2,0.007635114061736004,C
368713488,2,0.003871856917060712,C
368713488,2,0.005875941449245858,C
368713488,2,0.006098810453883496,C
368713488,2,0.0029086189788865013,C
3177362943,2,-0.0008135736060618237,C
3177362943,2,-0.0005086055777355769,C
3177362943,2,-0.0007485269801924543,C
3177362943,2,-0.0005278538866652083,C
3177362943,2,-0.0005117421362814678,C
912632640,2,0.0007316576955579412,C
912632640,2,-4.354165210274097e-05,C
912632640,2,-0.0003715168472009367,C
912632640,2,0.000287196439529791,C
912632640,2,0.0007655494425629072,C
214126897,2,0.000638170763537893,C
214126897,2,-2.156017581245173e-06,C
214126897,2,6.250677190422493e-05,C
214126897,2,0.0004846983030537544,C
214126897,2,0.00022198106841808674,C
4212936508,2,-0.0023785026805364096,N
4212936508,2,-0.0010887653868608682,N
4212936508,2,-0.002626649989741603,N
4212936508,2,-0.0021276705630388637,N
4212936508,2,-0.0021870449411043325,N
3376021752,2,-0.0008499210088088738,O
3376021752,2,-0.00021884109496539406,O
3376021752,2,-0.0011606018044384436,O
3376021752,2,-5.555562959225213e-06,O
3376021752,2,-0.0014591004066361046,O
2987120039,2,-0.0010151969030157693,C
2987120039,2,-0.00014233115603390356,C
2987120039,2,0.00011155592817357896,C
2987120039,2,6.0704354700846785e-05,C
2987120039,2,-0.0004635098398781956,C
3816921572,2,0.0,C
3816921572,2,0.0,C
3816921572,2,0.0,C
3816921572,2,0.0,C
3816921572,2,0.0,C
203749390,2,0.003720730051115839,C
203749390,2,0.0033544654130701623,C
203749390,2,0.001096532789102489,C
203749390,2,-3.257735042327958e-05,C
203749390,2,0.003545144871390571,C
992462230,2,-0.00029702485332216977,C
992462230,2,0.0006270044041450928,C
992462230,2,0.00037701739730267025,C
992462230,2,-0.00033694147386775786,C
992462230,2,0.0002026327688416929,C
1506993418,2,-0.00028674965754726944,C
1506993418,2,-0.0001873008051864744,C
1506993418,2,9.381720256984583e-05,C
1506993418,2,0.00013197587364133234,C
1506993418,2,0.00011379678603706811,C
1486598263,2,0.00015184062190987113,C
1486598263,2,2.4502839813367316e-05,C
1486598263,2,-0.0008121406878607296,C
1486598263,2,0.0002568900270206731,C
1486598263,2,-0.0005861043953867551,C
1914416804,2,0.00026810192857906756,N
1914416804,2,0.0002878505598727932,N
1914416804,2,0.0007890855376774253,N
1914416804,2,0.001119956827911217,N
1914416804,2,0.0004987206145121714,N
54936104,2,-0.000746041993887725,C
54936104,2,0.0005831314938380405,C
54936104,2,0.0006958383237997134,C
54936104,2,-0.0007341698421411413,C
54936104,2,0.000847415328382839,C
3090652201,2,5.101166917553801e-05,C
3090652201,2,-9.274754741139812e-05,C
3090652201,2,-0.00027385429183068855,C
3090652201,2,-3.2247248902050885e-05,C
3090652201,2,3.5100121154041375e-05,C
2987687375,2,-0.0034328014140435625,C
2987687375,2,-0.0037489710117627473,C
2987687375,2,-0.0020426840474850883,C
2987687375,2,-0.0021047120196011626,C
2987687375,2,-0.002096265820554999,C
2296493092,2,0.0,N
2296493092,2,0.0,N
2296493092,2,0.0,N
2296493092,2,0.0,N
2296493092,2,0.0,N
668520641,2,-0.00029952240549302456,C
668520641,2,0.00014201392265467128,C
668520641,2,0.0007442657468859082,C
668520641,2,-6.562463417336684e-05,C
668520641,2,-0.00010217973404069713,C
848127915,2,0.00021844738863607827,N
848127915,2,0.00012717096894721003,N
848127915,2,4.984475220803919e-05,N
848127915,2,1.316312184174162e-05,N
848127915,2,0.00013779398519253583,N
2378775366,2,-0.00010317733038722743,O
2378775366,2,-2.620878473513777e-05,O
2378775366,2,-0.00014945924164744273,O
2378775366,2,-0.00016767716951238132,O
2378775366,2,-7.048648876295527e-05,O
2592785365,2,0.00018882435906264483,N
2592785365,2,0.0002742280794876262,N
2592785365,2,0.0007565645400147147,N
2592785365,2,0.00020381206681741038,N
2592785365,2,-8.21237398883623e-05,N
460073430,2,0.0008457374094765768,C
460073430,2,-0.0009097837266189845,C
460073430,2,-0.0003765212709304633,C
460073430,2,0.0011864831709095247,C
460073430,2,-0.00022320588622826154,C
2378779377,2,-0.0001488422871667172,O
2378779377,2,1.4174269783784332e-05,O
2378779377,2,1.7096294772533938e-05,O
2378779377,2,-0.00016458603696800633,O
2378779377,2,0.0001800991235904048,O
4194366826,2,0.00013256696468721962,C
4194366826,2,-0.0005836547805968539,C
4194366826,2,-0.0008798193678413169,C
4194366826,2,-0.0001214205172052063,C
4194366826,2,-0.0008699781674041951,C
1136130381,2,0.0011206610334502098,C
1136130381,2,0.000816930413141681,C
1136130381,2,0.0012808005118934984,C
1136130381,2,0.0007648423905479707,C
1136130381,2,0.0014523167081499366,C
1646750527,2,-0.00021070712224924293,C
1646750527,2,-0.003451714770501435,C
1646750527,2,-0.0010999664103150675,C
1646750527,2,-0.0015177519906437453,C
1646750527,2,-0.0014428510433903696,C
1163692816,2,-0.0011126691701049962,N
1163692816,2,0.0001307596785784515,N
1163692816,2,-0.001481033535021603,N
1163692816,2,0.0001339434697967823,N
1163692816,2,-0.0013664561193594826,N
1840994228,2,0.00110094108303338,C
1840994228,2,-0.0005653616488653368,C
1840994228,2,0.0004930975417092309,C
1840994228,2,0.0008172337899895465,C
1840994228,2,7.585524136488608e-06,C
2609658248,2,-0.0024123866296619223,C
2609658248,2,-0.0008489577838530771,C
2609658248,2,0.00032479946676844396,C
2609658248,2,0.0004384191913638924,C
2609658248,2,-0.0014758377818921975,C
2353583745,2,0.00022980787759385723,C
2353583745,2,-0.00040477100081381945,C
2353583745,2,0.0005702068697889251,C
2353583745,2,0.0007464348142119936,C
2353583745,2,0.0005856904563292797,C
3443041413,2,-8.801006916903109e-05,C
3443041413,2,-0.00020232302033906802,C
3443041413,2,-0.00043847860293455554,C
3443041413,2,-0.00025538089477883386,C
3443041413,2,0.00012578769323257077,C
3286720230,2,0.0008645782116271095,C
3286720230,2,0.0005103147458676016,C
3286720230,2,0.0007651539372950378,C
3286720230,2,0.0012070517711240125,C
3286720230,2,0.0006382902282925373,C
1449131080,2,-0.0012352974200926514,C
1449131080,2,-0.0017894120114521073,C
1449131080,2,-0.0010520262420096183,C
1449131080,2,-0.00046879417394851686,C
1449131080,2,-0.0006033697574410191,C
636971230,2,0.00033152840025341135,C
636971230,2,0.00020021522625113253,C
636971230,2,-0.0003436086591764864,C
636971230,2,-0.0006298896624474803,C
636971230,2,0.0001779391488693216,C
2251845666,2,0.00039609442792765126,C
2251845666,2,0.0007491581989017559,C
2251845666,2,-0.00017528855963888645,C
2251845666,2,0.0005221970197423209,C
2251845666,2,-0.0004277497482176873,C
305828102,2,-0.001996545088036372,C
305828102,2,-0.0011321303971214558,C
305828102,2,-0.001274516204791687,C
305828102,2,-0.000185658468835892,C
305828102,2,-0.00046653226023474215,C
2810604122,2,0.0008043749031216851,C
2810604122,2,0.0006276053881639765,C
2810604122,2,0.0014616479992861642,C
2810604122,2,0.001317018759982691,C
2810604122,2,0.0013043932167591255,C
979999009,2,-0.0017273008651226274,C
979999009,2,-0.001784510258195371,C
979999009,2,-0.0023103691511044966,C
979999009,2,-0.0021896988213577773,C
979999009,2,-0.001522193653490933,C
4083722611,2,-0.0002794138753419162,C
4083722611,2,-9.629181684944754e-05,C
4083722611,2,-9.894524347309197e-05,C
4083722611,2,-2.9888580387327224e-06,C
4083722611,2,0.00014069716661080367,C
849275503,2,-0.0005124244567138447,N
849275503,2,-0.0010779128620623801,N
849275503,2,-0.0013153365131680639,N
849275503,2,-0.00038866488316113834,N
849275503,2,-0.0012383398557159753,N
3533643770,2,0.0019811056147812645,C
3533643770,2,0.001904392796890697,C
3533643770,2,0.0010200250969145674,C
3533643770,2,0.0019474601842607298,C
3533643770,2,0.0012436332348508827,C
594486406,2,0.0,
594486406,2,0.0,
594486406,2,0.0,
594486406,2,0.0,
594486406,2,0.0,
2697642734,2,5.58485143529186e-05,O
2697642734,2,3.817796398264406e-05,O
2697642734,2,0.00011502882821168292,O
2697642734,2,0.0003848721892184548,O
2697642734,2,0.00012668350465006029,O
3345225135,2,0.0013605755252494856,N
3345225135,2,0.00043807778914284334,N
3345225135,2,0.0010578490212050928,N
3345225135,2,0.0012905096607856992,N
3345225135,2,-6.197158392062807e-05,N
1348783936,2,0.00010835220099825182,C
1348783936,2,0.00016391594666420595,C
1348783936,2,3.653919845325593e-05,C
1348783936,2,5.217608736662882e-05,C
1348783936,2,8.168698840016475e-05,C
3848368466,2,9.165420316359363e-05,C
3848368466,2,0.000342418578407222,C
3848368466,2,8.187314917063038e-05,C
3848368466,2,-0.00028499933031977953,C
3848368466,2,-8.317750371966692e-05,C
4130182993,2,0.00021831211463374522,C
4130182993,2,0.0008822287118274152,C
4130182993,2,0.00016913924664607727,C
4130182993,2,0.00022964724325602592,C
4130182993,2,0.00126081241828091,C
994637429,2,-0.0005448070852939191,N
994637429,2,-0.00045221310142962157,N
994637429,2,-0.0010653375589327885,N
994637429,2,-0.00026595929720008016,N
994637429,2,-0.0005712123874895836,N
1868697328,2,0.0,
1868697328,2,0.0,
1868697328,2,0.0,
1868697328,2,0.0,
1868697328,2,0.0,
485458970,2,-0.00017754182581652955,F
485458970,2,-0.00021665882252508428,F
485458970,2,-0.00017554574953715374,F
485458970,2,-0.00013769261489482432,F
485458970,2,8.470504716595606e-05,F
1971534293,2,9.158011267107469e-06,O
1971534293,2,1.151706652668949e-05,O
1971534293,2,-8.844553941123046e-06,O
1971534293,2,5.4003667449231685e-05,O
1971534293,2,-1.4360842583993616e-06,O
2667063169,2,0.00038828392019396585,O
2667063169,2,-0.0003464365947578596,O
2667063169,2,0.00041604842451359314,O
2667063169,2,-0.0005343851139281153,O
2667063169,2,0.00030971382208111464,O
831463242,2,0.0003044706180698187,N
831463242,2,0.00018586167447898205,N
831463242,2,5.985527525065315e-06,N
831463242,2,0.0021596692847062338,N
831463242,2,0.0008224874070897892,N
473978627,2,0.00014564313290799102,C
473978627,2,0.00039816310761064955,C
473978627,2,0.0016002413329331278,C
473978627,2,0.0005393865027777389,C
473978627,2,0.001713608048702575,C
2251883808,2,0.0006920126649008207,C
2251883808,2,0.0022807696239719455,C
2251883808,2,0.002825949465130484,C
2251883808,2,0.0018399508420741117,C
2251883808,2,0.0009299579631002475,C
2959332130,2,-0.0010758261148867687,C
2959332130,2,-0.0030094248690898384,C
2959332130,2,-0.002351783617734138,C
2959332130,2,-0.0028116150448990185,C
2959332130,2,-0.0006125117379414124,C
256204769,2,7.075065570949501e-05,C
256204769,2,-0.00020849683886814407,C
256204769,2,-5.9792117076185036e-05,C
256204769,2,-4.557675111727111e-05,C
256204769,2,8.92771867188058e-05,C
2194376677,2,0.00032665998042935573,C
2194376677,2,0.0002933785602388106,C
2194376677,2,0.000567619883479642,C
2194376677,2,0.00035071183890900137,C
2194376677,2,0.00020201749190640328,C
800085213,2,0.0005775546135181608,C
800085213,2,0.0004806900251707047,C
800085213,2,0.000513622615787912,C
800085213,2,0.00023306603866657394,C
800085213,2,0.0011376102515711084,C
3705139132,2,0.0012062919449851162,C
3705139132,2,0.0005025730365197933,C
3705139132,2,0.0012128507816606682,C
3705139132,2,0.0008078719784366806,C
3705139132,2,0.000793793922390762,C
2834566420,2,0.0006354376098703929,C
2834566420,2,0.0004860654102160078,C
2834566420,2,0.0007672361717586673,C
2834566420,2,0.0004963193833006363,C
2834566420,2,0.0005132241237594259,C
3341916169,2,-0.00041724625509720337,C
3341916169,2,-0.00012542668652981703,C
3341916169,2,-0.00014685516039181223,C
3341916169,2,-0.0002745656945565278,C
3341916169,2,-0.0005640565249649399,C
1186654798,2,-0.0002573879790971345,C
1186654798,2,4.8135994127673776e-05,C
1186654798,2,-0.0002202292676113382,C
1186654798,2,-0.00028165988832418165,C
1186654798,2,-0.0002603655809592098,C
215394313,2,0.0004412867834791001,C
215394313,2,0.0006421015999182877,C
215394313,2,0.00014633115481432757,C
215394313,2,0.0004668495256623384,C
215394313,2,0.0006894502382660539,C
816543468,2,-0.00010987893034675178,C
816543468,2,-4.8737359422124094e-05,C
816543468,2,6.482496655024761e-06,C
816543468,2,-0.00010243921651709176,C
816543468,2,-6.719241872521486e-05,C
3796970912,2,-0.00011419366006881759,C
3796970912,2,-0.0002762090549822682,C
3796970912,2,-0.00021120780704120268,C
3796970912,2,-0.00026896297526612933,C
3796970912,2,-0.0001231278259672397,C
3028039221,2,-0.0004749877546295078,N
3028039221,2,0.000327888432974599,N
3028039221,2,-0.001004557437912057,N
3028039221,2,-0.0005715606984885158,N
3028039221,2,-0.0003265284319625694,N
2261212172,2,0.0,C
2261212172,2,0.0,C
2261212172,2,0.0,C
2261212172,2,0.0,C
2261212172,2,0.0,C
4182960975,2,0.0011384594576064888,C
4182960975,2,-0.0003955179270554998,C
4182960975,2,0.0004313926078173269,C
4182960975,2,0.0008760463473220792,C
4182960975,2,0.00014604469704904144,C
2438720939,2,0.0,C
2438720939,2,0.0,C
2438720939,2,0.0,C
2438720939,2,0.0,C
2438720939,2,0.0,C
1033192140,2,-0.00022741828687877774,C
1033192140,2,0.00030916828568983146,C
1033192140,2,-2.0396576871029026e-05,C
1033192140,2,0.0003758918094755037,C
1033192140,2,-0.001550311755513789,C
1630528126,2,-0.0003622141433849979,C
1630528126,2,0.0004958094337587093,C
1630528126,2,-0.0001305598487312265,C
1630528126,2,7.90216599455551e-05,C
1630528126,2,-0.0002664307157083101,C
3974650111,2,-0.000578569146123753,C
3974650111,2,-0.00032968078686557156,C
3974650111,2,4.553186264721898e-05,C
3974650111,2,-6.995912437168794e-05,C
3974650111,2,1.9794720858556936e-05,C
1910766508,2,0.002119331799244617,C
1910766508,2,0.001346101448538084,C
1910766508,2,0.001991312602825701,C
1910766508,2,0.000525945497087954,C
1910766508,2,0.0010378459074793511,C
4081537576,2,0.0002945402442618983,C
4081537576,2,-0.00030044397028494707,C
4081537576,2,-0.0002531767572999666,C
4081537576,2,6.0377418627521884e-05,C
4081537576,2,8.039437221252221e-05,C
1255595680,2,0.0002915054969028219,C
1255595680,2,0.0009377540777893989,C
1255595680,2,0.0002455759978737815,C
1255595680,2,0.0008561791180077272,C
1255595680,2,0.00010990207362704396,C
1630260676,2,0.0,C
1630260676,2,0.0,C
1630260676,2,0.0,C
1630260676,2,0.0,C
1630260676,2,0.0,C
3129492592,2,0.00046308386105997634,C
3129492592,2,7.511137648408273e-05,C
3129492592,2,0.000361022060141436,C
3129492592,2,0.0004359779921888629,C
3129492592,2,0.0002291100310597427,C
781912670,2,0.0,C
781912670,2,0.0,C
781912670,2,0.0,C
781912670,2,0.0,C
781912670,2,0.0,C
2487927669,2,-0.002359313957517095,C
2487927669,2,-0.0010767819818241486,C
2487927669,2,-0.0022461905773357715,C
2487927669,2,-0.0014862172580170085,C
2487927669,2,-0.0020804364023639943,C
3787488754,2,0.0001306718693733222,C
3787488754,2,8.464498010551935e-05,C
3787488754,2,2.2779975959119625e-05,C
3787488754,2,-1.0950673421050716e-05,C
3787488754,2,-1.006752499288499e-05,C
2308348490,2,0.00367290001605991,C
2308348490,2,0.00011009170699838311,C
2308348490,2,0.0007784299446269571,C
2308348490,2,-0.00040544529175678967,C
2308348490,2,-0.0020519050280087825,C
2333272823,2,0.0,C
2333272823,2,0.0,C
2333272823,2,0.0,C
2333272823,2,0.0,C
2333272823,2,0.0,C
2812398603,2,-0.00040095920364036086,C
2812398603,2,0.0002594616593419863,C
2812398603,2,-0.000433693102083077,C
2812398603,2,-0.00040973204861971535,C
2812398603,2,6.238336523034516e-05,C
2999514534,2,5.022433423151895e-06,C
2999514534,2,6.138323636162291e-06,C
2999514534,2,6.862736020019078e-06,C
2999514534,2,-6.266063787507825e-06,C
2999514534,2,-7.749941779766623e-06,C
3222770065,2,-0.00023692067709679687,C
3222770065,2,0.0002397506987965592,C
3222770065,2,0.0009182348433056653,C
3222770065,2,0.0005136930449566313,C
3222770065,2,-0.0008536481967406084,C
3491109101,2,0.0,C
3491109101,2,0.0,C
3491109101,2,0.0,C
3491109101,2,0.0,C
3491109101,2,0.0,C
1255626466,2,0.00034073086241048767,N
1255626466,2,0.0001637022683754763,N
1255626466,2,-0.00041709812976986615,N
1255626466,2,-0.0007421248804860836,N
1255626466,2,-7.524725061169857e-05,N
3289231689,2,-0.00024285563019799117,C
3289231689,2,-0.0002883100899150337,C
3289231689,2,-4.296450377272443e-05,C
3289231689,2,-0.0001056557924589141,C
3289231689,2,-9.786416524271146e-05,C
3745584548,2,-1.6253919007502837e-05,C
3745584548,2,0.00027582697098760267,C
3745584548,2,0.00011113028509279754,C
3745584548,2,0.0001840053337699432,C
3745584548,2,-6.309385863723094e-05,C
1914229733,2,0.0,C
1914229733,2,0.0,C
1914229733,2,0.0,C
1914229733,2,0.0,C
1914229733,2,0.0,C
216545222,2,2.240070061820809e-05,N
216545222,2,-3.5168723018230708e-06,N
216545222,2,2.2828056232770955e-05,N
216545222,2,6.97439176633452e-07,N
216545222,2,1.5657740042196444e-05,N
2331740049,2,-0.0003914181314994547,N
2331740049,2,0.0002999110102255287,N
2331740049,2,4.4143887336312027e-05,N
2331740049,2,-0.00024593977116460497,N
2331740049,2,-0.00044234414010069223,N
2355446912,2,-0.0014684589076828791,C
2355446912,2,-0.0007735847657563966,C
2355446912,2,0.0002851492742790285,C
2355446912,2,-0.0008357565381157395,C
2355446912,2,-0.0020322454931211986,C
859799282,2,0.00018063425822978374,C
859799282,2,-0.0003049186255784653,C
859799282,2,-0.0006755942267969717,C
859799282,2,0.0001550878405626177,C
859799282,2,0.0001480930425015181,C
3811375594,2,0.005307615034114366,C
3811375594,2,0.002408592360543027,C
3811375594,2,0.006431783374223787,C
3811375594,2,0.003815679413110895,C
3811375594,2,0.004164490681974553,C
144568923,2,-0.0002246670073111634,C
144568923,2,0.0003215443310621291,C
144568923,2,0.0001742401699410534,C
144568923,2,0.000662046302013386,C
144568923,2,0.00028114513740640223,C
2557045420,2,0.00044676389309405984,N
2557045420,2,0.0002589272708356516,N
2557045420,2,0.00024866734740824903,N
2557045420,2,0.00021924964136843528,N
2557045420,2,0.0005339796762966476,N
4265716399,2,0.0014480539842279816,N
4265716399,2,0.0012479191533212308,N
4265716399,2,0.0013644025077331756,N
4265716399,2,0.0013968540951037056,N
4265716399,2,0.0014652462579057834,N
778974661,2,0.0,
778974661,2,0.0,
778974661,2,0.0,
778974661,2,0.0,
778974661,2,0.0,
3914061263,2,0.0,C
3914061263,2,0.0,C
3914061263,2,0.0,C
3914061263,2,0.0,C
3914061263,2,0.0,C
3330819572,2,-0.00020801221753286026,C
3330819572,2,-0.0004744379129451026,C
3330819572,2,-0.0003757046642641759,C
3330819572,2,0.00027533745947760924,C
3330819572,2,9.94862069207958e-05,C
1674219510,2,0.0,
1674219510,2,0.0,
1674219510,2,0.0,
1674219510,2,0.0,
1674219510,2,0.0,
2170404731,2,0.00010535079537210557,C
2170404731,2,0.0001449659817733817,C
2170404731,2,0.00011951643123431221,C
2170404731,2,0.0007182513347590014,C
2170404731,2,0.00034099583125535293,C
3116051204,2,0.0005169068671169175,C
3116051204,2,0.00036833722147999737,C
3116051204,2,0.0008942910332012666,C
3116051204,2,0.0008724708815927018,C
3116051204,2,0.0006650787847481965,C
493191496,2,-0.00018149952487378496,C
493191496,2,-0.0003459660898933459,C
493191496,2,0.00040660295134864466,C
493191496,2,-0.00048812711167744993,C
493191496,2,-0.000332579631293517,C
851463431,2,-0.00017486993679016738,C
851463431,2,-0.0001740638439940989,C
851463431,2,-0.00026804471248553785,C
851463431,2,-0.0001756849799897653,C
851463431,2,-0.00012544735735831036,C
2839110432,2,0.00011047319299284375,C
2839110432,2,8.59435824013266e-05,C
2839110432,2,0.0002369022014399036,C
2839110432,2,0.0002685208271914208,C
2839110432,2,-0.00011066333964382391,C
1913726790,2,-0.0011846676414734025,C
1913726790,2,-0.0002502720228938493,C
1913726790,2,-0.0005884724539956254,C
1913726790,2,-0.0005560850528452121,C
1913726790,2,-2.354037318896829e-05,C
512485612,2,0.0,
512485612,2,0.0,
512485612,2,0.0,
512485612,2,0.0,
512485612,2,0.0,
3631761933,2,0.0013700774976942443,C
3631761933,2,0.0006492293645244951,C
3631761933,2,0.0006033951085169242,C
3631761933,2,0.0006475897432537403,C
3631761933,2,-0.0004592997011114708,C
3254486562,2,-0.0009232505873942864,C
3254486562,2,-0.0009495894463239507,C
3254486562,2,-0.0005972710311856755,C
3254486562,2,-0.0012164395772170655,C
3254486562,2,-0.0003955612736669112,C
1163048604,2,-0.0018400304134744694,C
1163048604,2,-0.004516714728130089,C
1163048604,2,-0.0032871796038488332,C
1163048604,2,-0.0032316287565773427,C
1163048604,2,-0.0037004454964976174,C
265892994,2,0.0007237915679779716,O
265892994,2,-7.757916567441292e-05,O
265892994,2,-0.0007441486490460392,O
265892994,2,-0.0013349686934085447,O
265892994,2,-4.122323862920663e-05,O
2328129879,2,0.0,O
2328129879,2,-5.236256338969625e-06,O
2328129879,2,-5.236256338969625e-06,O
2328129879,2,-5.592104109997109e-06,O
2328129879,2,-5.236256338969625e-06,O
3048383039,2,0.0,C
3048383039,2,0.0,C
3048383039,2,0.0,C
3048383039,2,0.0,C
3048383039,2,0.0,C
1222631225,2,-0.00041752948935402934,C
1222631225,2,-0.0002544425166910447,C
1222631225,2,-5.5818635128157545e-05,C
1222631225,2,9.062603574805372e-06,C
1222631225,2,0.0003914947976880745,C
1272192549,2,0.0003798463604769431,C
1272192549,2,0.0006899893610000651,C
1272192549,2,0.0004240683224274733,C
1272192549,2,0.0008956961167589927,C
1272192549,2,-0.0009902432617777679,C
222023415,2,0.0006981076009044962,N
222023415,2,0.00039129696224760036,N
222023415,2,-5.413074627358405e-05,N
222023415,2,0.001009083781193687,N
222023415,2,1.5360924255358732e-05,N
617798156,2,0.0007378345514584828,O
617798156,2,0.00044328337851395894,O
617798156,2,-0.0003151054240139173,O
617798156,2,0.0005905217357409231,O
617798156,2,0.0012389467979501134,O
190140222,2,4.569356881867215e-06,N
190140222,2,-0.00040694967577759034,N
190140222,2,-0.0006307147334525531,N
190140222,2,-0.0005376124208923416,N
190140222,2,-3.816137224266214e-05,N
4180801603,2,0.0010052178328385786,C
4180801603,2,-1.94330066385362e-05,C
4180801603,2,0.0010206066424303106,C
4180801603,2,0.000841308306678834,C
4180801603,2,0.0003031575075223003,C
3984860707,2,0.0,
3984860707,2,0.0,
3984860707,2,0.0,
3984860707,2,0.0,
3984860707,2,0.0,
3462308225,2,0.00223853018607878,C
3462308225,2,0.003438064466189883,C
3462308225,2,0.0038029508371786314,C
3462308225,2,0.004708100344866795,C
3462308225,2,0.004124367563372089,C
2355616982,2,5.376347389474123e-05,C
2355616982,2,0.0005757544161218986,C
2355616982,2,0.0009192006280902554,C
2355616982,2,0.00026958065154303323,C
2355616982,2,0.00020304722119035556,C
4042373501,2,0.0025502626769765557,C
4042373501,2,-0.0007462582552241193,C
4042373501,2,5.420157883007093e-05,C
4042373501,2,-0.0009056103394478043,C
4042373501,2,-0.0006736294538642884,C
736514702,2,-0.00024247383592923555,O
736514702,2,-4.0235097931162755e-05,O
736514702,2,6.694694255615641e-05,O
736514702,2,-4.536073911765026e-05,O
736514702,2,-0.00013693626506039447,O
65941455,2,-0.000837294898313079,C
65941455,2,-0.0010472626977090504,C
65941455,2,-0.0009077734415947614,C
65941455,2,-0.0008610329280662743,C
65941455,2,-0.0011208683656666052,C
2411289135,2,0.0,
2411289135,2,0.0,
2411289135,2,0.0,
2411289135,2,0.0,
2411289135,2,0.0,
661888323,2,-0.0005427884542063,C
661888323,2,-0.0011005988836033653,C
661888323,2,-0.0002556532453339422,C
661888323,2,-0.0002457213859743401,C
661888323,2,-0.00025331699316655243,C
1909986973,2,-0.0002581256591763781,C
1909986973,2,-0.0006526527003839488,C
1909986973,2,-0.00020814500346133524,C
1909986973,2,-0.0005341185444387442,C
1909986973,2,-0.00038599161604413457,C
984189120,2,0.0,P
984189120,2,0.0,P
984189120,2,0.0,P
984189120,2,0.0,P
984189120,2,0.0,P
237615532,2,-0.0007796913803636008,C
237615532,2,3.103503645540684e-05,C
237615532,2,-0.000737075602242343,C
237615532,2,-0.00022050497283965242,C
237615532,2,0.0005308212455690242,C
3598064087,2,0.0002644554584064762,C
3598064087,2,-0.00035206646722141244,C
3598064087,2,-0.0001947171447526097,C
3598064087,2,-0.0013812825163707076,C
3598064087,2,-0.0014550016167926838,C
1795978025,2,-0.00017743358222588324,C
1795978025,2,-0.00034274066215400634,C
1795978025,2,-0.00037543649484539365,C
1795978025,2,4.478495050785902e-05,C
1795978025,2,-0.00038419818031165676,C
2235918822,2,0.0,O
2235918822,2,0.0,O
2235918822,2,0.0,O
2235918822,2,0.0,O
2235918822,2,0.0,O
1876820278,2,0.00019862936178205448,C
1876820278,2,-0.0005617026282445092,C
1876820278,2,-0.00044391986754444,C
1876820278,2,0.0003547710180883401,C
1876820278,2,1.464825268127079e-05,C
698395004,2,-6.44738668180711e-05,C
698395004,2,-8.502181795910779e-05,C
698395004,2,-0.0004928023341778109,C
698395004,2,-0.00041522637510538196,C
698395004,2,-0.00046090822926025954,C
1207774339,2,0.0002815926595914897,C
1207774339,2,-0.0008110753751781052,C
1207774339,2,-0.0005403641173197249,C
1207774339,2,0.0007397861457980603,C
1207774339,2,7.505718914280202e-06,C
431202968,2,0.0005685592038144893,O
431202968,2,0.00027336834862767834,O
431202968,2,-0.001241004692864367,O
431202968,2,0.0001302913569460884,O
431202968,2,-0.0002970064421637941,O
833901780,2,-0.0005194807442054916,N
833901780,2,-0.0003637208390936397,N
833901780,2,-0.0009045694038696261,N
833901780,2,-0.00018408020753302168,N
833901780,2,-0.0001685616449016436,N
1821698485,2,0.00017271445831912313,C
1821698485,2,-0.00025665276730735265,C
1821698485,2,-0.00029049143560200275,C
1821698485,2,0.0006827182359270267,C
1821698485,2,0.0009222304651137492,C
1906719888,2,-0.0002285637840249155,C
1906719888,2,-0.00034107443147601835,C
1906719888,2,-0.00039484269217293644,C
1906719888,2,-0.0003303456894446777,C
1906719888,2,-0.0003248303614717951,C
2809361097,2,0.0001242203517131113,C
2809361097,2,0.0001355721899689577,C
2809361097,2,-0.00024243009247115754,C
2809361097,2,5.5295827521062435e-05,C
2809361097,2,2.7276336048931427e-05,C
2036328569,2,0.005142123241250296,C
2036328569,2,-0.001110521475320203,C
2036328569,2,-0.001107195877067868,C
2036328569,2,0.002492581756839418,C
2036328569,2,0.006629818853723934,C
2512623809,2,-0.0001146751541156732,C
2512623809,2,-0.00022817690084309117,C
2512623809,2,-0.00029208546404513314,C
2512623809,2,-6.926260901485293e-05,C
2512623809,2,0.00014818878157185633,C
2817106133,2,0.0,
2817106133,2,0.0,
2817106133,2,0.0,
2817106133,2,0.0,
2817106133,2,0.0,
1754248939,2,0.0008195782345725711,C
1754248939,2,0.0007073121684640915,C
1754248939,2,0.0003289963773146498,C
1754248939,2,-0.00023771904381197917,C
1754248939,2,0.00013054058970640714,C
2635303940,2,0.0007652345601292243,C
2635303940,2,0.0005366980238524777,C
2635303940,2,-0.0013973640502067397,C
2635303940,2,0.0004171025220438551,C
2635303940,2,0.0011485879096830853,C
1396348621,2,-0.0006986041041092683,C
1396348621,2,-0.0009491359622457729,C
1396348621,2,-0.0012170065761379911,C
1396348621,2,-0.0006566102229866866,C
1396348621,2,0.000274404814993634,C
2479916646,2,-0.0003671491088268475,C
2479916646,2,-0.0010046573586018903,C
2479916646,2,0.00017540059288090326,C
2479916646,2,0.0007298346109657627,C
2479916646,2,3.454231761523818e-05,C
4282315164,2,-0.0008621904274940251,N
4282315164,2,-0.0005354202587829482,N
4282315164,2,-0.000308756003344568,N
4282315164,2,0.00012160490301382776,N
4282315164,2,-0.0008571243578511245,N
2486266314,2,4.984891068193775e-05,C
2486266314,2,3.7194714277655194e-05,C
2486266314,2,3.570776519423724e-05,C
2486266314,2,1.9612682910952195e-05,C
2486266314,2,4.254355827892908e-05,C
1019269664,2,4.378437137741997e-05,N
1019269664,2,0.00012160273851846704,N
1019269664,2,6.25888440175526e-06,N
1019269664,2,0.00017344008787589793,N
1019269664,2,7.17847168308916e-05,N
3118635600,2,0.0,C
3118635600,2,0.0,C
3118635600,2,0.0,C
3118635600,2,0.0,C
3118635600,2,0.0,C
3218370331,2,0.0,
3218370331,2,0.0,
3218370331,2,0.0,
3218370331,2,0.0,
3218370331,2,0.0,
3044392905,2,-0.0005771984688273113,N
3044392905,2,-0.0023408055277516215,N
3044392905,2,-0.002092372189215763,N
3044392905,2,-0.003124270855967448,N
3044392905,2,-0.003551321311897948,N
4194776273,2,0.006159595135689089,O
4194776273,2,0.0030469191024151687,O
4194776273,2,0.010093625427452069,O
4194776273,2,0.009969724554231396,O
4194776273,2,0.009393693285978055,O
263215426,2,-2.270980282526036e-05,C
263215426,2,-0.00018636118192649764,C
263215426,2,0.0003087705066968649,C
263215426,2,0.00011948190582367069,C
263215426,2,0.0006395590302121779,C
2753863138,2,0.0017613974029295765,C
2753863138,2,0.0002727155250101809,C
2753863138,2,0.0006141001961587067,C
2753863138,2,0.0005090112801569013,C
2753863138,2,0.0004704298928042139,C
2699298541,2,0.0,
2699298541,2,0.0,
2699298541,2,0.0,
2699298541,2,0.0,
2699298541,2,0.0,
3308404410,2,7.33494433435844e-06,C
3308404410,2,-0.00046487320557708767,C
3308404410,2,-0.0010735113174737965,C
3308404410,2,-0.0022661007005865264,C
3308404410,2,-0.001419065164169453,C
1446633534,2,-0.0003268349892862066,C
1446633534,2,-0.0008477670157729378,C
1446633534,2,-0.001000116843268395,C
1446633534,2,-0.0012414715595250314,C
1446633534,2,-0.0009271040740173042,C
2756489526,2,0.00030713097600298944,C
2756489526,2,-0.0015603224404646676,C
2756489526,2,0.00031358686470717156,C
2756489526,2,-0.0001631190557233042,C
2756489526,2,0.0005348378567632261,C
913310822,2,0.0006655633522707483,C
913310822,2,0.000147294633658146,C
913310822,2,0.00037404062386070525,C
913310822,2,8.113709780466216e-05,C
913310822,2,-0.0006542186176696774,C
3561946030,2,0.00046181343280504716,N
3561946030,2,0.00044576279098063054,N
3561946030,2,-4.488038801309102e-05,N
3561946030,2,-0.00023417019950466855,N
3561946030,2,4.4838841500083326e-05,N
3292836938,2,0.0,
3292836938,2,0.0,
3292836938,2,0.0,
3292836938,2,0.0,
3292836938,2,0.0,
3194612514,2,0.0,O
3194612514,2,0.0,O
3194612514,2,0.0,O
3194612514,2,0.0,O
3194612514,2,0.0,O
1822332700,2,0.0,C
1822332700,2,0.0,C
1822332700,2,0.0,C
1822332700,2,0.0,C
1822332700,2,0.0,C
2215059400,2,-0.002492096804772026,O
2215059400,2,-0.0030351035424673878,O
2215059400,2,-0.0027031337594194405,O
2215059400,2,-0.001532154337090752,O
2215059400,2,-0.001785166866028809,O
773709216,2,-0.00010679354140163966,C
773709216,2,-0.0002618187411485007,C
773709216,2,-0.00034528966774616254,C
773709216,2,-0.00011832474101969304,C
773709216,2,-0.0003595175606392331,C
2530377886,2,0.0025187431370881086,N
2530377886,2,0.0018097365459301962,N
2530377886,2,-0.0004999012006523529,N
2530377886,2,-0.00016305782201775365,N
2530377886,2,0.000410243563785162,N
2850656190,2,0.0,C
2850656190,2,0.0,C
2850656190,2,0.0,C
2850656190,2,0.0,C
2850656190,2,0.0,C
1376881293,2,3.179572636291539e-07,C
1376881293,2,0.000171391159853318,C
1376881293,2,0.00010976258210160239,C
1376881293,2,7.165770540651373e-05,C
1376881293,2,0.00014810404755027928,C
1214060489,2,-2.078862549848015e-05,C
1214060489,2,-0.00012771327607252747,C
1214060489,2,3.8617332803858595e-05,C
1214060489,2,6.238765347843511e-05,C
1214060489,2,-3.1082391181880276e-05,C
4203454020,2,-7.61200109534732e-05,C
4203454020,2,0.0008843496235334536,C
4203454020,2,-0.0003514468227669987,C
4203454020,2,-0.00022171870111042935,C
4203454020,2,0.00014206559642027106,C
3034212252,2,2.4686004538532202e-05,C
3034212252,2,0.0017104984406975943,C
3034212252,2,0.0009668248610595898,C
3034212252,2,-0.003272004121870009,C
3034212252,2,0.0010948343985975884,C
3044751281,2,-0.0017306073728028393,N
3044751281,2,-0.0005679080541961534,N
3044751281,2,-0.001003661724932381,N
3044751281,2,0.0011914976705236224,N
3044751281,2,-0.0005733545939274887,N
1292826808,2,0.0,C
1292826808,2,0.0,C
1292826808,2,0.0,C
1292826808,2,0.0,C
1292826808,2,0.0,C
950023157,2,1.9312786235237134e-05,C
950023157,2,-0.0005682426046126343,C
950023157,2,0.0012556395943462695,C
950023157,2,0.0005594420233859809,C
950023157,2,-0.0004439620927064736,C
1187730664,2,0.0009448605557849099,C
1187730664,2,0.0004807229210294084,C
1187730664,2,0.0015865906420539089,C
1187730664,2,0.0015784981090906092,C
1187730664,2,0.0020610131415729205,C
4039837947,2,-0.0001901110964118713,F
4039837947,2,2.9566760271326764e-05,F
4039837947,2,-2.5442861406932415e-05,F
4039837947,2,-0.00013956170515605493,F
4039837947,2,-1.0679535919932981e-05,F
773607102,2,6.383513508823047e-05,C
773607102,2,3.319372444998692e-05,C
773607102,2,0.00017251900679171595,C
773607102,2,3.554618966750134e-05,C
773607102,2,0.00010323810106604991,C
2246997334,2,0.0008294544426417083,C
2246997334,2,0.0006410476068111626,C
2246997334,2,0.0012987821710914726,C
2246997334,2,0.00154108055985136,C
2246997334,2,0.0009281129306386582,C
714711401,2,-0.0008455197424371841,C
714711401,2,0.0007566599820633124,C
714711401,2,-0.00016460209387714198,C
714711401,2,0.000531567588614168,C
714711401,2,0.000381305938162102,C
1710869618,2,0.0006799916933253325,C
1710869618,2,1.7964383681401408e-05,C
1710869618,2,-4.350807156205949e-05,C
1710869618,2,0.00043940263983699435,C
1710869618,2,-0.0003335382482130278,C
2549196227,2,-6.715229787357391e-05,C
2549196227,2,0.00021648721309219798,C
2549196227,2,-4.9514328528066365e-05,C
2549196227,2,5.838857241036166e-07,C
2549196227,2,8.640085553690557e-05,C
2856245513,2,0.0002151453753256316,C
2856245513,2,-0.000511709259318982,C
2856245513,2,-0.0008068708595047047,C
2856245513,2,-7.388603613378564e-05,C
2856245513,2,-0.0007005810581043326,C
1999077141,2,0.0,
1999077141,2,0.0,
1999077141,2,0.0,
1999077141,2,0.0,
1999077141,2,0.0,
817588605,2,0.0006652029399154546,C
817588605,2,-0.00018315057577089622,C
817588605,2,0.0006732182075976922,C
817588605,2,0.000999890032211903,C
817588605,2,0.0007303781592086223,C
3430642422,2,0.001070354238614124,C
3430642422,2,0.0007468619036081758,C
3430642422,2,0.0004105140004869723,C
3430642422,2,0.002187960666005462,C
3430642422,2,-0.000643637621620119,C
1528304983,2,-6.5463753186056906e-06,N
1528304983,2,3.0104230507976837e-05,N
1528304983,2,-2.6700412918745364e-05,N
1528304983,2,7.019262571072993e-06,N
1528304983,2,-3.195035433967153e-05,N
3873941611,2,5.988456096861494e-05,C
3873941611,2,-0.00032766773604442356,C
3873941611,2,-0.0001427671761918825,C
3873941611,2,-0.0002295167680635979,C
3873941611,2,-0.00013019403279024289,C
2687950697,2,-7.865166563403303e-05,C
2687950697,2,3.615308405147122e-05,C
2687950697,2,-0.00033198520611466,C
2687950697,2,-0.0001658030496090035,C
2687950697,2,-0.0003307243552801431,C
109461427,2,0.0017896760899268616,C
109461427,2,0.0007650728050451194,C
109461427,2,0.0003068339204497228,C
109461427,2,0.0009568142471421126,C
109461427,2,0.00015526550085664947,C
2950679810,2,0.0003612726523707366,O
2950679810,2,0.0006441295292187732,O
2950679810,2,0.0008979910193129825,O
2950679810,2,0.000716897390510951,O
2950679810,2,5.291062139889391e-05,O
2914536168,2,-3.6554693938484206e-06,C
2914536168,2,0.0012688110072577308,C
2914536168,2,-0.00016316565447327402,C
2914536168,2,0.00016998178685467824,C
2914536168,2,0.0001390933145321016,C
1530636652,2,-0.00022984167610529127,C
1530636652,2,-0.0005578316679174522,C
1530636652,2,-0.0007190346596737118,C
1530636652,2,-0.0002419876560362244,C
1530636652,2,2.9596021297262354e-05,C
3043679972,2,-4.679541088836725e-05,C
3043679972,2,-2.1702338070750393e-05,C
3043679972,2,-1.1470098456811684e-05,C
3043679972,2,-6.644906839614606e-05,C
3043679972,2,-4.919268456626824e-05,C
2529809651,2,0.0,C
2529809651,2,7.888856472793027e-05,C
2529809651,2,0.0,C
2529809651,2,5.898802553505611e-05,C
2529809651,2,5.898802553505611e-05,C
1924383628,2,-0.00027910563090371987,C
1924383628,2,-0.000608729338279379,C
1924383628,2,-0.0003927455116301548,C
1924383628,2,-0.00023795095674761235,C
1924383628,2,-6.644914011966208e-05,C
4003049590,2,0.001060579075417678,C
4003049590,2,0.001002748877642179,C
4003049590,2,0.0011469544767959139,C
4003049590,2,0.0007624507887199483,C
4003049590,2,0.0012399529634334883,C
1026654305,2,0.004428348941628024,S
1026654305,2,0.002078470757668316,S
1026654305,2,0.0022553584408102623,S
1026654305,2,0.003810778884739907,S
1026654305,2,0.0004575524159287081,S
1542631284,2,-0.0008016174369755991,O
1542631284,2,-0.0009345608690324303,O
1542631284,2,-0.0018491310490525992,O
1542631284,2,-0.001242577574763759,O
1542631284,2,5.627985480172182e-05,O
1349670121,2,0.0,C
1349670121,2,0.0,C
1349670121,2,0.0,C
1349670121,2,0.0,C
1349670121,2,0.0,C
895118200,2,0.0007746214202883905,N
895118200,2,0.00030257840977521155,N
895118200,2,0.0005094527812401495,N
895118200,2,-0.00022505665341221448,N
895118200,2,1.8302203259379368e-05,N
269171368,2,0.0018758816578200443,C
269171368,2,0.0003566501522834775,C
269171368,2,0.0002872180144884995,C
269171368,2,0.0007887085359959967,C
269171368,2,0.0002533698436804066,C
1583930800,2,-6.407974647171244e-05,C
1583930800,2,-5.054128424808457e-05,C
1583930800,2,-6.327132417471848e-05,C
1583930800,2,-6.43645322272457e-05,C
1583930800,2,-1.930021918106206e-05,C
738150152,2,-0.0003630541073851301,O
738150152,2,-0.0008563972187429769,O
738150152,2,-0.0007080361661379042,O
738150152,2,-0.0002116738318116429,O
738150152,2,-0.0007228786116101338,O
1168541985,2,-2.312576561025459e-06,C
1168541985,2,7.568948499514505e-06,C
1168541985,2,4.737848334324113e-06,C
1168541985,2,-2.980963765608635e-06,C
1168541985,2,-3.0733695126627936e-06,C
2747850234,2,-8.371142677976451e-05,C
2747850234,2,3.3166582266486166e-05,C
2747850234,2,1.649287666471988e-05,C
2747850234,2,5.416413178283008e-05,C
2747850234,2,6.251038021565236e-05,C
3134313966,2,0.00044881567422394575,O
3134313966,2,0.000882063513623077,O
3134313966,2,0.0010933112595419292,O
3134313966,2,0.0008489821949834164,O
3134313966,2,0.0011545736480764734,O
1503972698,2,-0.00028116101160580165,C
1503972698,2,-0.00037203303959731926,C
1503972698,2,-2.2340457143443793e-05,C
1503972698,2,9.81376455655436e-06,C
1503972698,2,-0.0010444268984269867,C
892756502,2,0.0001745702647628633,C
892756502,2,-0.0002979160090675892,C
892756502,2,-0.00022707078730344055,C
892756502,2,-0.00012510507471086285,C
892756502,2,0.0006500617150647647,C
3136829774,2,-5.0905928814848345e-05,N
3136829774,2,0.0007872292271441372,N
3136829774,2,0.0003255202587014727,N
3136829774,2,0.00012318874478711717,N
3136829774,2,-0.00025564403529987345,N
3143719699,2,0.0017494169193577047,C
3143719699,2,0.0013848959726171506,C
3143719699,2,-0.001165582856838765,C
3143719699,2,-0.001004488134824122,C
3143719699,2,-0.0015708765216692067,C
1360035982,2,-0.00039459380112127906,N
1360035982,2,-0.0005773669258399838,N
1360035982,2,0.00010893678295953446,N
1360035982,2,-0.0007425014426736265,N
1360035982,2,-0.0003192736408120789,N
908339072,2,0.0002718416729249329,C
908339072,2,0.0008043911204629328,C
908339072,2,0.0008999240278266818,C
908339072,2,0.00043127677181586943,C
908339072,2,7.474806980067861e-05,C
974827889,2,-0.0002937833568749104,C
974827889,2,-0.0005896833923459965,C
974827889,2,-0.00041596488699535694,C
974827889,2,-0.0005390534357361254,C
974827889,2,6.502859152979212e-05,C
1343371647,2,0.00038273555036649753,N
1343371647,2,0.0005912701338821602,N
1343371647,2,0.001141135485793754,N
1343371647,2,-0.0008014271457646993,N
1343371647,2,0.0012258932668164357,N
2669055056,2,-0.00012846413525513523,N
2669055056,2,-0.00019066685079072165,N
2669055056,2,-0.00013256594182342596,N
2669055056,2,-0.00019689407231615608,N
2669055056,2,-0.0002174397267008521,N
2341585586,2,1.8899970677721534e-05,N
2341585586,2,1.5409090719953333e-05,N
2341585586,2,2.9880605631360524e-05,N
2341585586,2,7.749670739054526e-05,N
2341585586,2,-5.709946273613209e-05,N
934540015,2,0.0004968601129540229,C
934540015,2,2.6480731130651414e-05,C
934540015,2,8.062441879708171e-05,C
934540015,2,0.0003268715354509677,C
934540015,2,0.00022582698027162618,C
3794207567,2,0.0019503436695493814,C
3794207567,2,0.0021372229726142056,C
3794207567,2,0.0020662653253868957,C
3794207567,2,0.0017263245428342788,C
3794207567,2,0.001442106702086332,C
3278587996,2,-0.0006797000081737448,C
3278587996,2,-0.0008408242127134757,C
3278587996,2,-0.0008100854653730893,C
3278587996,2,-0.0006228361453364251,C
3278587996,2,-0.00046598282224308285,C
4223108416,2,4.340639336120056e-05,C
4223108416,2,-2.3231084982477945e-05,C
4223108416,2,-1.6076669925313425e-05,C
4223108416,2,7.412155962593925e-05,C
4223108416,2,-7.712385669367272e-05,C
1131570738,2,0.0002759729415253709,N
1131570738,2,0.0025035474255105106,N
1131570738,2,0.0008794184229785618,N
1131570738,2,0.00019274066773700138,N
1131570738,2,0.00042287136269569814,N
2258843522,2,2.621722146722849e-05,C
2258843522,2,-0.00010287690263510729,C
2258843522,2,-0.00015483182585795952,C
2258843522,2,1.575874525860943e-05,C
2258843522,2,-2.442660800805463e-05,C
4257302536,2,0.00012262595225764894,N
4257302536,2,0.00025207204943522576,N
4257302536,2,0.000318502025209666,N
4257302536,2,0.00040117094458946845,N
4257302536,2,0.0005001944853029183,N
2840370843,2,-0.00036325604167430914,C
2840370843,2,0.0008111553726858345,C
2840370843,2,-0.0005049152083557162,C
2840370843,2,-0.00029330469357935485,C
2840370843,2,-0.0010224070127078377,C
1420730566,2,0.0,C
1420730566,2,0.0,C
1420730566,2,0.0,C
1420730566,2,0.0,C
1420730566,2,0.0,C
434045476,2,0.0,O
434045476,2,0.0,O
434045476,2,0.0,O
434045476,2,0.0,O
434045476,2,0.0,O
894436332,2,5.720478479009916e-05,N
894436332,2,-0.0014251855350382314,N
894436332,2,-0.0005709467409560354,N
894436332,2,-0.00031364983377624167,N
894436332,2,0.00012304837715937378,N
3117292559,2,0.0,C
3117292559,2,0.0,C
3117292559,2,0.0,C
3117292559,2,0.0,C
3117292559,2,0.0,C
1923187777,2,0.000345093525575324,N
1923187777,2,9.752273682084311e-05,N
1923187777,2,0.0002129803179051759,N
1923187777,2,0.0002665364629911293,N
1923187777,2,-0.00011331398105374202,N
2530048747,2,0.0018518353777078334,N
2530048747,2,-0.00013872288897553986,N
2530048747,2,-0.0014696748558944428,N
2530048747,2,-0.0016048427328089199,N
2530048747,2,-0.000600149245562287,N
622481563,2,0.0001511355932249936,C
622481563,2,9.325568498586012e-05,C
622481563,2,3.212895585458231e-05,C
622481563,2,0.0004230214850293734,C
622481563,2,0.00015285442804668925,C
1922070456,2,-3.6532100063935147e-06,C
1922070456,2,-2.4100366498025494e-06,C
1922070456,2,-3.874046424101607e-06,C
1922070456,2,-4.118623846971481e-06,C
1922070456,2,3.0605160394880926e-07,C
3995043796,2,0.0014064143594997303,C
3995043796,2,0.0022914836848176856,C
3995043796,2,0.002572548118579099,C
3995043796,2,0.0022101398189634525,C
3995043796,2,0.002496434425934946,C
2065735937,2,0.0008902024634596106,C
2065735937,2,0.0007888301898302252,C
2065735937,2,0.0007337866272293381,C
2065735937,2,0.0004456126233793878,C
2065735937,2,0.000688062446131954,C
3308295291,2,0.0005937194125551493,C
3308295291,2,0.0003594904206645211,C
3308295291,2,0.0008921161154417101,C
3308295291,2,0.0005068010983280136,C
3308295291,2,0.00046553262594384304,C
584893129,2,0.0,C
584893129,2,0.0,C
584893129,2,0.0,C
584893129,2,0.0,C
584893129,2,0.0,C
413654173,2,0.0,C
413654173,2,0.0,C
413654173,2,0.0,C
413654173,2,0.0,C
413654173,2,0.0,C
68671624,2,-0.0008023683965696637,C
68671624,2,6.862388220707505e-05,C
68671624,2,-8.283313198576003e-06,C
68671624,2,-0.00030960796875045826,C
68671624,2,-0.0003922592642989775,C
2488692798,2,-0.0006796831772317713,C
2488692798,2,-0.0003265508801816308,C
2488692798,2,0.00039446052889446914,C
2488692798,2,1.0417850989652422e-05,C
2488692798,2,1.802672577289055e-05,C
3084241488,2,0.00019435435417614055,C
3084241488,2,0.00023987259844071573,C
3084241488,2,0.0006298924002660078,C
3084241488,2,0.001076600537188721,C
3084241488,2,0.0014544184875213695,C
4158944142,2,0.0,C
4158944142,2,0.0,C
4158944142,2,0.0,C
4158944142,2,0.0,C
4158944142,2,0.0,C
1469940320,2,8.65981867677057e-05,C
1469940320,2,-0.00029263477266294746,C
1469940320,2,-0.00011795977448236794,C
1469940320,2,-0.00018177173520061984,C
1469940320,2,-0.00019949170647770575,C
662511025,2,-0.0020278391207444457,N
662511025,2,-5.253755971967866e-05,N
662511025,2,-0.0019173737444527772,N
662511025,2,-0.0019929117174412037,N
662511025,2,-0.0015852052362584912,N
2908279847,2,-2.1529246080120856e-05,C
2908279847,2,-2.3142071105652917e-05,C
2908279847,2,-4.199446269836926e-06,C
2908279847,2,-1.0645511354545611e-05,C
2908279847,2,-2.112643285956395e-05,C
68650007,2,4.159098190958943e-05,C
68650007,2,-0.00011559051668208475,C
68650007,2,-4.090295851122416e-05,C
68650007,2,0.0003768367177944265,C
68650007,2,-0.0003099235652938015,C
3337420400,2,5.351936238129351e-05,C
3337420400,2,-0.00030524930193553956,C
3337420400,2,-0.00018772835217839567,C
3337420400,2,-0.00018661886388449123,C
3337420400,2,-0.0002709127931934674,C
1979311206,2,0.0,O
1979311206,2,0.0,O
1979311206,2,0.0,O
1979311206,2,0.0,O
1979311206,2,0.0,O
2849741637,2,-0.0003359468793221465,C
2849741637,2,-0.0008757668298020604,C
2849741637,2,-0.0008800724683494243,C
2849741637,2,0.0001138951408155009,C
2849741637,2,-4.430869996852049e-05,C
1664608228,2,-0.0002936246437200696,C
1664608228,2,-0.0005203427376451186,C
1664608228,2,-0.0005601956946724718,C
1664608228,2,-0.00037004164186071886,C
1664608228,2,-0.0006734898278124568,C
1121298566,2,-0.00029677659502402864,C
1121298566,2,0.0002566939815241698,C
1121298566,2,-0.0013998224309056395,C
1121298566,2,0.0004961143548278812,C
1121298566,2,0.0005401230985687677,C
3531344838,2,0.0,S
3531344838,2,0.0,S
3531344838,2,0.0,S
3531344838,2,0.0,S
3531344838,2,0.0,S
3273018953,2,0.0017431062691625199,C
3273018953,2,0.0005838366835752007,C
3273018953,2,0.004334923526838286,C
3273018953,2,0.0007157255348975156,C
3273018953,2,0.0006221464668366705,C
2034850751,2,0.0007902106023883748,C
2034850751,2,0.0002459018894114262,C
2034850751,2,0.0006276433781154944,C
2034850751,2,0.0006972964540855608,C
2034850751,2,0.0006918710006754702,C
4104822550,2,0.0,C
4104822550,2,0.0,C
4104822550,2,0.0,C
4104822550,2,0.0,C
4104822550,2,0.0,C
1704599822,2,1.7944639987277355e-06,C
1704599822,2,2.212950367064259e-06,C
1704599822,2,4.227641659526604e-06,C
1704599822,2,5.731839679889994e-06,C
1704599822,2,6.338107144343574e-06,C
3019519651,2,0.0,C
3019519651,2,0.0,C
3019519651,2,0.0,C
3019519651,2,0.0,C
3019519651,2,0.0,C
3781885420,2,-4.602318667046301e-05,N
3781885420,2,0.000194218297839166,N
3781885420,2,-8.455298822140911e-05,N
3781885420,2,6.567928506262533e-05,N
3781885420,2,6.75702702961356e-05,N
579898624,2,0.00039952118155406335,C
579898624,2,0.00024505262716778553,C
579898624,2,0.000659264826630257,C
579898624,2,0.00037450532193417096,C
579898624,2,0.0004347237441575391,C
899522708,2,0.0,
899522708,2,0.0,
899522708,2,0.0,
899522708,2,0.0,
899522708,2,0.0,
550081331,2,4.015748141783515e-05,C
550081331,2,-0.0002943667051529264,C
550081331,2,-0.00028863651396393575,C
550081331,2,-0.00019111137938199185,C
550081331,2,-5.541136905529154e-05,C
104363044,2,0.0007357459594594662,N
104363044,2,2.9081758945226355e-05,N
104363044,2,5.4582065873054475e-05,N
104363044,2,0.0002861242210149273,N
104363044,2,0.0002770532311962004,N
2072239802,2,0.00027006011490904314,C
2072239802,2,4.885132318666052e-05,C
2072239802,2,0.0001803705229993513,C
2072239802,2,0.00031231642530726855,C
2072239802,2,2.7727668023058705e-05,C
3394178578,2,-7.061172474265298e-05,C
3394178578,2,-0.00014893988180497697,C
3394178578,2,-0.00020383797901424305,C
3394178578,2,0.00045202823658341273,C
3394178578,2,-0.00025897632283578,C
2013664411,2,0.0001603001618406541,C
2013664411,2,3.506182671597635e-05,C
2013664411,2,-1.567000883162528e-05,C
2013664411,2,0.00027268359140009135,C
2013664411,2,6.57285271571384e-05,C
3346582092,2,-0.0002646703953560481,N
3346582092,2,-0.00044079621595827234,N
3346582092,2,-0.0005144072254956722,N
3346582092,2,-0.00018170764657798877,N
3346582092,2,0.0003589096261202851,N
4291484675,2,0.0006590264040239324,N
4291484675,2,0.0009494154059873638,N
4291484675,2,0.0006029381852827864,N
4291484675,2,0.0007400702013640181,N
4291484675,2,0.0007190057820333218,N
3275683399,2,0.0,N
3275683399,2,0.0,N
3275683399,2,0.0,N
3275683399,2,0.0,N
3275683399,2,0.0,N
2775257855,2,9.782583023953961e-05,C
2775257855,2,-0.00027671576090215755,C
2775257855,2,-0.0001218750278261238,C
2775257855,2,-0.0005516831287495361,C
2775257855,2,-0.00014231166061362543,C
2810421479,2,-0.0015961264490512717,O
2810421479,2,-0.0022180748946560858,O
2810421479,2,-0.0025962802090087056,O
2810421479,2,-0.00048086074637376797,O
2810421479,2,-0.0008955576327049908,O
2662374534,2,0.0,C
2662374534,2,0.0,C
2662374534,2,0.0,C
2662374534,2,0.0,C
2662374534,2,0.0,C
3461773897,2,-0.000258548680107773,N
3461773897,2,0.0007236109495444287,N
3461773897,2,0.0006931778734140526,N
3461773897,2,0.0002695986824059471,N
3461773897,2,0.0003006698775495087,N
344019891,2,-0.00037718496606298224,N
344019891,2,0.000707739151466269,N
344019891,2,0.0011525736663789976,N
344019891,2,0.0009023248071952095,N
344019891,2,0.000501449867966075,N
3402570011,2,0.00016606391571805101,C
3402570011,2,0.000270110523021283,C
3402570011,2,0.0001471390100624692,C
3402570011,2,0.00016464470839661072,C
3402570011,2,0.00019279260750304505,C
1199016914,2,-0.0008164599937878769,C
1199016914,2,-0.0011524127825627284,C
1199016914,2,-0.0008119597765190445,C
1199016914,2,-0.0002765611256683176,C
1199016914,2,-0.0005358410605323938,C
1714595447,2,-0.0005055170961085764,C
1714595447,2,-0.00014797682363232312,C
1714595447,2,-0.0003979849498841892,C
1714595447,2,-0.0005327783265077768,C
1714595447,2,-0.0001473824031202886,C
871396902,2,0.0005218463341075674,C
871396902,2,-0.0004534469666226393,C
871396902,2,-0.0002632638404959087,C
871396902,2,-0.0009200336692466449,C
871396902,2,-0.0008674644164063938,C
2845936339,2,-2.0609080927491696e-05,C
2845936339,2,-2.0635045773764737e-05,C
2845936339,2,1.694356664860841e-06,C
2845936339,2,-3.719281637670768e-05,C
2845936339,2,-5.865996679554897e-05,C
3880022399,2,0.0,C
3880022399,2,0.0,C
3880022399,2,0.0,C
3880022399,2,0.0,C
3880022399,2,0.0,C
410310586,2,0.0,C
410310586,2,0.0,C
410310586,2,0.0,C
410310586,2,0.0,C
410310586,2,0.0,C
2612409031,2,-2.0813466742208853e-05,C
2612409031,2,8.49557686242175e-05,C
2612409031,2,0.00010202385310598139,C
2612409031,2,0.00010946246374154978,C
2612409031,2,0.000326707561844386,C
2375987095,2,-0.0006061104750210156,C
2375987095,2,0.000254392578724838,C
2375987095,2,-0.0015315573401915028,C
2375987095,2,-0.00089559451943233,C
2375987095,2,-0.00025315894448718623,C
1294138518,2,0.0,S
1294138518,2,0.0,S
1294138518,2,0.0,S
1294138518,2,0.0,S
1294138518,2,0.0,S
293971392,2,0.000600657186494824,N
293971392,2,0.00045930560963380884,N
293971392,2,-0.00022356653319910436,N
293971392,2,4.4849966504445504e-05,N
293971392,2,3.142295852032184e-05,N
4036774035,2,0.0,
4036774035,2,0.0,
4036774035,2,0.0,
4036774035,2,0.0,
4036774035,2,0.0,
1010142783,2,-0.00013705831642130129,O
1010142783,2,-7.590948541358333e-05,O
1010142783,2,-0.00013451699271593842,O
1010142783,2,3.2920837332084396e-05,O
1010142783,2,-6.952333966692148e-05,O
3120364749,2,0.0,
3120364749,2,0.0,
3120364749,2,0.0,
3120364749,2,0.0,
3120364749,2,0.0,
3662562115,2,0.0012565011787616376,C
3662562115,2,0.0011202885588892375,C
3662562115,2,0.0008133224586958088,C
3662562115,2,0.0006079120085251688,C
3662562115,2,0.0012837774192231421,C
3921298496,2,0.0,C
3921298496,2,0.0,C
3921298496,2,0.0,C
3921298496,2,0.0,C
3921298496,2,0.0,C
737501821,2,0.00023289685448946162,C
737501821,2,-0.00023456716900105423,C
737501821,2,-0.0003107102974977405,C
737501821,2,-0.0008465579475684937,C
737501821,2,-0.00014763084134139515,C
2024004397,2,-0.0005026871542880285,N
2024004397,2,-0.0020144444198922917,N
2024004397,2,-0.001546999178341557,N
2024004397,2,-0.00027409245565279683,N
2024004397,2,-0.0013566351540167387,N
751208592,2,0.0,C
751208592,2,0.0,C
751208592,2,0.0,C
751208592,2,0.0,C
751208592,2,0.0,C
3953445033,2,0.0,S
3953445033,2,0.0,S
3953445033,2,0.0,S
3953445033,2,0.0,S
3953445033,2,0.0,S
497870099,2,0.00019713272913379765,C
497870099,2,1.679607978688491e-05,C
497870099,2,-0.0009235441228127028,C
497870099,2,-0.0001391414231828314,C
497870099,2,0.00025136727530639114,C
3417531975,2,-3.055274666263763e-06,C
3417531975,2,-7.767127118496475e-05,C
3417531975,2,-0.00018846300234509616,C
3417531975,2,0.00034753454877811674,C
3417531975,2,-1.1131091187110975e-05,C
1044405971,2,0.00027173890875153983,C
1044405971,2,-4.531450447775587e-05,C
1044405971,2,-0.00021298299488825556,C
1044405971,2,0.0001544049763503308,C
1044405971,2,2.384848285263974e-05,C
2394338241,2,0.0,C
2394338241,2,0.0,C
2394338241,2,0.0,C
2394338241,2,0.0,C
2394338241,2,0.0,C
1271691605,2,0.0006767304472081737,S
1271691605,2,0.000985307101457722,S
1271691605,2,0.0012573487833262842,S
1271691605,2,0.0009841316211129936,S
1271691605,2,0.0011515716533377907,S
3643491447,2,-1.3367457551427542e-05,C
3643491447,2,-0.0004406655617323896,C
3643491447,2,0.00014363198102940178,C
3643491447,2,-0.0006330936938498954,C
3643491447,2,-0.0017021780354485871,C
21411075,2,0.0,
21411075,2,0.0,
21411075,2,0.0,
21411075,2,0.0,
21411075,2,0.0,
413381818,2,-0.00022040099593600981,C
413381818,2,-0.00021366448582238462,C
413381818,2,0.00011311919016565586,C
413381818,2,-0.00025473768045947143,C
413381818,2,-0.00022789861344263418,C
3082607741,2,0.0,C
3082607741,2,0.0,C
3082607741,2,0.0,C
3082607741,2,0.0,C
3082607741,2,0.0,C
4216649732,2,-2.6714970425056883e-05,S
4216649732,2,-0.00033967301573634145,S
4216649732,2,-1.4307836479043878e-05,S
4216649732,2,0.0002603247246284468,S
4216649732,2,0.0003743896127380575,S
371876130,2,0.0,C
371876130,2,0.0,C
371876130,2,0.0,C
371876130,2,0.0,C
371876130,2,0.0,C
1978844073,2,7.467202531985517e-05,O
1978844073,2,0.00015092540383399022,O
1978844073,2,-6.97014178990818e-05,O
1978844073,2,0.0002960924922416064,O
1978844073,2,0.00012637958216632494,O
1671692019,2,0.0003578525825577161,C
1671692019,2,-8.225039193809902e-05,C
1671692019,2,-0.00012506137174117526,C
1671692019,2,-0.0007726187197258927,C
1671692019,2,0.00019738623724052662,C
2070976245,2,1.8746884070663938e-06,C
2070976245,2,-9.806911955179132e-06,C
2070976245,2,-8.188646872464567e-06,C
2070976245,2,-1.1279231676430967e-05,C
2070976245,2,-5.275440749019644e-06,C
845764036,2,-1.2734683074722142e-07,C
845764036,2,3.0820594612013252e-06,C
845764036,2,7.4130549363449205e-06,C
845764036,2,1.9893425090566907e-06,C
845764036,2,2.0046495938230713e-05,C
2559453089,2,0.0007074115236548328,C
2559453089,2,9.785501903469829e-05,C
2559453089,2,0.0001458738184493269,C
2559453089,2,0.0001464085303797269,C
2559453089,2,0.0006124180696984727,C
3286377484,2,0.0,C
3286377484,2,0.0,C
3286377484,2,0.0,C
3286377484,2,0.0,C
3286377484,2,0.0,C
2200148275,2,0.0,N
2200148275,2,0.0,N
2200148275,2,0.0,N
2200148275,2,0.0,N
2200148275,2,0.0,N
1962383056,2,0.0,N
1962383056,2,0.0,N
1962383056,2,0.0,N
1962383056,2,0.0,N
1962383056,2,0.0,N
3012778962,2,5.622692286855191e-05,N
3012778962,2,3.271885767419658e-05,N
3012778962,2,3.868768775106002e-05,N
3012778962,2,1.7776711290773406e-05,N
3012778962,2,6.185604767616759e-06,N
1620258790,2,-0.0003256678269544233,N
1620258790,2,-0.0007426897140544453,N
1620258790,2,-0.0011418358335284484,N
1620258790,2,-0.00031398911924096495,N
1620258790,2,-0.00019646664194861163,N
3372254436,2,9.59639019655345e-05,O
3372254436,2,3.2603152629540055e-05,O
3372254436,2,7.914581871082405e-05,O
3372254436,2,0.0001135642468911291,O
3372254436,2,7.914581871082405e-05,O
330223697,2,-6.809438953037095e-06,C
330223697,2,-6.963037266993766e-06,C
330223697,2,-6.104245282578802e-06,C
330223697,2,-3.3041703992875426e-06,C
330223697,2,-6.230118250960537e-06,C
1208423463,2,-0.0004048672954956034,C
1208423463,2,-0.0005070595610811024,C
1208423463,2,-0.00033468547944282,C
1208423463,2,-0.0003918353209144687,C
1208423463,2,-0.0004031563044697428,C
141882433,2,-0.0007713943017626512,C
141882433,2,-0.00036063774810402016,C
141882433,2,-0.0003363154860176465,C
141882433,2,-0.0006359344998355665,C
141882433,2,-0.00021059105135656786,C
3727977332,2,-3.092573402407872e-05,N
3727977332,2,-3.679079185303635e-05,N
3727977332,2,-3.560612005160113e-05,N
3727977332,2,-2.5111819089818077e-05,N
3727977332,2,-3.438473844241674e-05,N
535847852,2,1.5645824426924193e-05,C
535847852,2,-0.0002179591837335737,C
535847852,2,0.0001148604293026434,C
535847852,2,-0.0001844286892587199,C
535847852,2,-0.00010034672193670602,C
422165373,2,0.0,C
422165373,2,0.0,C
422165373,2,0.0,C
422165373,2,0.0,C
422165373,2,0.0,C
176403689,2,0.0,
176403689,2,0.0,
176403689,2,0.0,
176403689,2,0.0,
176403689,2,0.0,
1735672143,2,-2.6552059471107725e-06,C
1735672143,2,-2.810692409149773e-06,C
1735672143,2,-1.5850026305885834e-06,C
1735672143,2,7.022698267800109e-06,C
1735672143,2,1.3918697771009292e-06,C
1266193593,2,0.00032765193372708,C
1266193593,2,-0.0002731153320020274,C
1266193593,2,0.0002612742948814306,C
1266193593,2,-0.0002957784667709795,C
1266193593,2,1.0960908246593348e-05,C
29410177,2,0.0,
29410177,2,0.0,
29410177,2,0.0,
29410177,2,0.0,
29410177,2,0.0,
808416955,2,2.9646732947474774e-06,S
808416955,2,-7.075374749754282e-06,S
808416955,2,6.35371137280849e-06,S
808416955,2,-3.227901739233374e-07,S
808416955,2,-5.689582656454029e-06,S
1949014205,2,-4.3243595832520576e-05,C
1949014205,2,-5.1528674898659865e-05,C
1949014205,2,-1.7472785391103862e-05,C
1949014205,2,4.5110574886653154e-07,C
1949014205,2,-1.892834249361819e-05,C
3431706413,2,0.0,C
3431706413,2,0.0,C
3431706413,2,0.0,C
3431706413,2,0.0,C
3431706413,2,0.0,C
150310,2,-9.924889543511117e-05,C
150310,2,3.391624336845922e-05,C
150310,2,0.00020456640842558826,C
150310,2,0.00043482447168885496,C
150310,2,0.0001803631173042941,C
465304290,2,0.00034610198412032833,C
465304290,2,-0.001187959004424255,C
465304290,2,-0.0004314994346783507,C
465304290,2,-0.0003277158328286456,C
465304290,2,-0.0008353645276016897,C
3093061208,2,2.5465911679400932e-06,C
3093061208,2,5.022790707687186e-06,C
3093061208,2,1.9469338133903946e-06,C
3093061208,2,5.229126658345962e-07,C
3093061208,2,-1.3456779471843205e-06,C
3012865236,2,-0.0006343722087436277,N
3012865236,2,-0.0009541666252770309,N
3012865236,2,0.0005034571918456354,N
3012865236,2,7.670941060700098e-05,N
3012865236,2,6.167034022785955e-05,N
792968423,2,5.569143046391112e-06,C
792968423,2,5.769180424053388e-06,C
792968423,2,5.569143046391112e-06,C
792968423,2,5.769180424053388e-06,C
792968423,2,-6.707736436517564e-06,C
170727310,2,0.0028523073421717893,C
170727310,2,0.001963875182205088,C
170727310,2,0.0018231574652247673,C
170727310,2,0.002146811363609391,C
170727310,2,0.0021350922495424474,C
2459558207,2,0.001271241813054158,C
2459558207,2,0.0027970230214924285,C
2459558207,2,0.002735420302879321,C
2459558207,2,0.0019989910941401456,C
2459558207,2,0.0009735015382699164,C
1323888424,2,0.00012004387460151644,N
1323888424,2,-2.144706640883065e-05,N
1323888424,2,-1.0296697092515572e-05,N
1323888424,2,2.0272607758609063e-05,N
1323888424,2,6.021869966676974e-06,N
2975116251,2,0.0,N
2975116251,2,0.0,N
2975116251,2,0.0,N
2975116251,2,0.0,N
2975116251,2,0.0,N
1819912581,2,-0.004144042319339625,C
1819912581,2,-0.003998657226770508,C
1819912581,2,-0.0016286200019798303,C
1819912581,2,-0.0032377318669737365,C
1819912581,2,-0.003012477036450356,C
335878828,2,0.0,
335878828,2,0.0,
335878828,2,0.0,
335878828,2,0.0,
335878828,2,0.0,
3975295864,2,-0.00010887940180615008,C
3975295864,2,4.299643211336246e-05,C
3975295864,2,4.23884143641029e-06,C
3975295864,2,2.261075199938567e-05,C
3975295864,2,7.257819969130885e-06,C
239116674,2,-0.0011462255989759251,C
239116674,2,-0.001162650559849654,C
239116674,2,-0.0007981349120054215,C
239116674,2,-0.0008688744238859458,C
239116674,2,-0.0002702231629460039,C
3538861869,2,-0.0001186996368661708,C
3538861869,2,0.0002280299797727814,C
3538861869,2,-0.0004036537993443723,C
3538861869,2,0.0001333047035441126,C
3538861869,2,0.00041326625595006217,C
934550081,2,-0.0005867135399429957,N
934550081,2,-0.0003824555874375468,N
934550081,2,9.131897855130244e-05,N
934550081,2,0.00025863863872910287,N
934550081,2,-0.0008581125585964688,N
3316027208,2,0.0,
3316027208,2,0.0,
3316027208,2,0.0,
3316027208,2,0.0,
3316027208,2,0.0,
2865977551,2,6.274260541494492e-05,S
2865977551,2,1.0109525215185045e-05,S
2865977551,2,5.088701164857046e-05,S
2865977551,2,2.093407432590677e-05,S
2865977551,2,7.926576976013955e-06,S
3183067622,2,-0.0006505560069880456,O
3183067622,2,5.605898869820436e-05,O
3183067622,2,-0.00028087398196530167,O
3183067622,2,-0.00022447346027065773,O
3183067622,2,-3.490144554041397e-05,O
564293713,2,0.00010471869675776624,S
564293713,2,6.339568638868975e-05,S
564293713,2,7.779251002382193e-05,S
564293713,2,8.630086499428202e-05,S
564293713,2,8.218581989360985e-05,S
1428903162,2,0.0,C
1428903162,2,0.0,C
1428903162,2,0.0,C
1428903162,2,0.0,C
1428903162,2,0.0,C
1467524174,2,0.00023576954815429652,C
1467524174,2,0.00032191982972495925,C
1467524174,2,0.00012582631303681424,C
1467524174,2,7.384172914093323e-05,C
1467524174,2,0.00021241294350626827,C
651269745,2,0.0,C
651269745,2,0.0,C
651269745,2,0.0,C
651269745,2,0.0,C
651269745,2,0.0,C
3268335377,2,0.0,N
3268335377,2,0.0,N
3268335377,2,0.0,N
3268335377,2,0.0,N
3268335377,2,0.0,N
1280488931,2,0.0,N
1280488931,2,0.0,N
1280488931,2,0.0,N
1280488931,2,0.0,N
1280488931,2,0.0,N
2098262959,2,0.0,
2098262959,2,0.0,
2098262959,2,0.0,
2098262959,2,0.0,
2098262959,2,0.0,
2485994647,2,-5.258370202343432e-05,N
2485994647,2,-8.392330077233723e-05,N
2485994647,2,-7.863548808451082e-05,N
2485994647,2,-8.318202444246303e-05,N
2485994647,2,-8.331416662898938e-05,N
3088984962,2,0.00011907505354669112,C
3088984962,2,4.854104530915837e-05,C
3088984962,2,3.641604810078469e-05,C
3088984962,2,-5.76926249075127e-05,C
3088984962,2,0.00013398496288341555,C
3042542132,2,0.0005808027560104678,N
3042542132,2,0.0004290901945684933,N
3042542132,2,0.0015710468448854042,N
3042542132,2,0.000637932888666648,N
3042542132,2,-0.0004963174052121655,N
373109870,2,-0.00051107250558724,C
373109870,2,-8.067165721947767e-05,C
373109870,2,-0.00011471575573929194,C
373109870,2,-0.000589416198843451,C
373109870,2,-0.0007109512140912599,C
2677752761,2,0.0,C
2677752761,2,0.0,C
2677752761,2,0.0,C
2677752761,2,0.0,C
2677752761,2,0.0,C
3807907321,2,-0.00017356702333892748,O
3807907321,2,-3.975038245307427e-05,O
3807907321,2,-0.0002541649910591248,O
3807907321,2,-0.00025797212540912273,O
3807907321,2,-0.0002139047524604143,O
2587571567,2,-0.0008956975661892352,C
2587571567,2,-0.0007129625126846006,C
2587571567,2,-0.00029341960491113817,C
2587571567,2,-0.00030422752219771976,C
2587571567,2,-0.00021974841888117158,C
3701504231,2,3.0364440979813168e-05,N
3701504231,2,2.4278754772399935e-05,N
3701504231,2,7.145804448238646e-05,N
3701504231,2,3.4750582693643395e-05,N
3701504231,2,1.4946133048310273e-05,N
369315086,2,0.0,C
369315086,2,0.0,C
369315086,2,0.0,C
369315086,2,0.0,C
369315086,2,0.0,C
1965692378,2,7.622703558596289e-05,N
1965692378,2,-8.143133074645093e-05,N
1965692378,2,1.3891984553482395e-05,N
1965692378,2,-2.6164932722227974e-05,N
1965692378,2,-0.00021860854355171266,N
1633777018,2,1.7565804137475993e-05,C
1633777018,2,1.8467987841330746e-05,C
1633777018,2,1.9258226089169383e-05,C
1633777018,2,2.0306518531687523e-05,C
1633777018,2,1.2313873257507879e-05,C
3757038672,2,0.00042188127606257453,C
3757038672,2,-0.0004449104945131177,C
3757038672,2,-0.0005377354993896244,C
3757038672,2,0.0006737522696207421,C
3757038672,2,0.00018300552267558334,C
2677858541,2,-3.148106420358676e-05,C
2677858541,2,0.0004077923109396808,C
2677858541,2,-0.0005926199846764124,C
2677858541,2,-0.0008902795473997305,C
2677858541,2,1.533355352845156e-05,C
1446204275,2,-6.597253520979063e-05,C
1446204275,2,0.0005804608848836157,C
1446204275,2,3.798291888834626e-05,C
1446204275,2,-0.0004644500105865923,C
1446204275,2,-0.0005873294434387555,C
3589407776,2,0.0,C
3589407776,2,0.0,C
3589407776,2,0.0,C
3589407776,2,0.0,C
3589407776,2,0.0,C
3083149185,2,-1.9742427234126225e-05,C
3083149185,2,-0.0003068956146342616,C
3083149185,2,-0.00021355602514394612,C
3083149185,2,-0.00025197062658499636,C
3083149185,2,-0.00019404894352914592,C
337875000,2,0.0,C
337875000,2,0.0,C
337875000,2,0.0,C
337875000,2,0.0,C
337875000,2,0.0,C
3887884923,2,0.0013625750995739372,C
3887884923,2,0.001627660316847468,C
3887884923,2,0.0004675283716006895,C
3887884923,2,0.0017927880605249635,C
3887884923,2,0.00034930616049211327,C
4256629345,2,-0.0008510336777411975,C
4256629345,2,-0.0006916324597686652,C
4256629345,2,-0.000535076556587688,C
4256629345,2,-0.0008174692808066153,C
4256629345,2,-0.0006361692369459826,C
662595032,2,-7.692605019982146e-05,N
662595032,2,6.334956451015117e-05,N
662595032,2,1.6672199772305163e-05,N
662595032,2,-0.0002460985321934839,N
662595032,2,-0.00010385629943798769,N
3777243454,2,0.0004914079108646607,C
3777243454,2,0.002486001894023704,C
3777243454,2,0.0013467349988079969,C
3777243454,2,7.756399239877698e-05,C
3777243454,2,0.0010192600115084272,C
982949046,2,-2.501317134162573e-05,C
982949046,2,-3.5494468499597254e-05,C
982949046,2,-2.4627696963763768e-05,C
982949046,2,-4.9310308651517865e-05,C
982949046,2,-4.947450551562316e-05,C
267757375,2,0.0,
267757375,2,0.0,
267757375,2,0.0,
267757375,2,0.0,
267757375,2,0.0,
2157595070,2,0.0,
2157595070,2,0.0,
2157595070,2,0.0,
2157595070,2,0.0,
2157595070,2,0.0,
895910141,2,0.0,
895910141,2,0.0,
895910141,2,0.0,
895910141,2,0.0,
895910141,2,0.0,
3182041044,2,0.0,C
3182041044,2,0.0,C
3182041044,2,0.0,C
3182041044,2,0.0,C
3182041044,2,0.0,C
4105666400,2,0.0005595255407718769,C
4105666400,2,0.00018198368845645518,C
4105666400,2,-0.0005090542381955832,C
4105666400,2,0.0002146366749929962,C
4105666400,2,0.00021349238340906407,C
1891839201,2,0.0,C
1891839201,2,0.0,C
1891839201,2,0.0,C
1891839201,2,0.0,C
1891839201,2,0.0,C
2584230118,2,0.0009093754505625773,C
2584230118,2,0.0009525781501438235,C
2584230118,2,0.0008352169669666454,C
2584230118,2,0.0010913463831916381,C
2584230118,2,0.0009410107148426494,C
3696402029,2,-0.00014328465231827625,C
3696402029,2,-0.00021809956638785266,C
3696402029,2,0.00026705477564492597,C
3696402029,2,-5.7789332387425674e-05,C
3696402029,2,-0.0001594176294397176,C
1263988625,2,0.0002617351456293271,C
1263988625,2,0.00013562342500461622,C
1263988625,2,0.00021066307794692651,C
1263988625,2,0.00020994093858794916,C
1263988625,2,0.00023356220435954977,C
829754261,2,0.0004732880492182012,C
829754261,2,-9.620522763642558e-05,C
829754261,2,0.00011857610750265479,C
829754261,2,8.287840744758412e-05,C
829754261,2,0.00026116432176592763,C
2841547777,2,-0.0015253637931120778,C
2841547777,2,-0.002134205702132741,C
2841547777,2,-0.0007607102976494584,C
2841547777,2,-0.0015934014546966635,C
2841547777,2,-0.0006777372732150733,C
3059129780,2,-0.00017834944817218812,C
3059129780,2,-6.323077215231176e-05,C
3059129780,2,-0.0001472190509056448,C
3059129780,2,-0.00019786417640577092,C
3059129780,2,-0.00017993669617888397,C
3650394863,2,4.605976926896904e-05,C
3650394863,2,-1.737582162020246e-05,C
3650394863,2,-1.2767639490540716e-05,C
3650394863,2,-1.9787300933216123e-05,C
3650394863,2,-8.269740488286992e-06,C
3288032115,2,-0.0005857184617357181,C
3288032115,2,-0.00048141832686798836,C
3288032115,2,-0.0004758063440164495,C
3288032115,2,-9.184734275979878e-05,C
3288032115,2,-0.0007716138941206152,C
1308598964,2,0.0,C
1308598964,2,0.0,C
1308598964,2,0.0,C
1308598964,2,0.0,C
1308598964,2,0.0,C
4081192417,2,0.0,
4081192417,2,0.0,
4081192417,2,0.0,
4081192417,2,0.0,
4081192417,2,0.0,
2085926208,2,0.0,
2085926208,2,0.0,
2085926208,2,0.0,
2085926208,2,0.0,
2085926208,2,0.0,
1852134816,2,0.0009614620052286194,C
1852134816,2,0.0014809620360670683,C
1852134816,2,0.0014732156693126885,C
1852134816,2,0.0019137539662692493,C
1852134816,2,0.0007099357433880682,C
3628883864,2,-7.039410160447623e-06,C
3628883864,2,0.00017020666219158542,C
3628883864,2,4.2810397328896244e-05,C
3628883864,2,0.00024949455945333376,C
3628883864,2,0.0008412921514775462,C
1228815484,2,-2.6269512413912288e-05,C
1228815484,2,-3.139352503522819e-05,C
1228815484,2,-2.7299028068195064e-05,C
1228815484,2,-3.7749977348511266e-05,C
1228815484,2,-2.099533498456374e-05,C
2863170677,2,0.0,
2863170677,2,0.0,
2863170677,2,0.0,
2863170677,2,0.0,
2863170677,2,0.0,
2126281302,2,0.001004097595391995,C
2126281302,2,0.000568812258396334,C
2126281302,2,0.0009939739936063452,C
2126281302,2,0.0010511304166975766,C
2126281302,2,0.0006157741608773248,C
3768390624,2,-6.777029394722245e-05,C
3768390624,2,0.0005383244503607276,C
3768390624,2,0.001361364007611443,C
3768390624,2,-6.654322416810299e-05,C
3768390624,2,-0.0003477377260816539,C
2150151661,2,0.0,C
2150151661,2,0.0,C
2150151661,2,0.0,C
2150151661,2,0.0,C
2150151661,2,0.0,C
881868678,2,0.0,
881868678,2,0.0,
881868678,2,0.0,
881868678,2,0.0,
881868678,2,0.0,
1796784588,2,0.0,
1796784588,2,0.0,
1796784588,2,0.0,
1796784588,2,0.0,
1796784588,2,0.0,
3892941493,2,0.00019882364238876793,N
3892941493,2,-4.5473989382371904e-05,N
3892941493,2,0.00016181077471055794,N
3892941493,2,5.154378073979338e-05,N
3892941493,2,0.00027394097802690975,N
847307936,2,0.0005066922742059665,C
847307936,2,0.00017275127285543146,C
847307936,2,-0.0003187736658072371,C
847307936,2,-0.0003876304729686364,C
847307936,2,-0.00034047095680866946,C
1514288082,2,0.0,
1514288082,2,0.0,
1514288082,2,0.0,
1514288082,2,0.0,
1514288082,2,0.0,
287232915,2,-6.336621192093439e-06,C
287232915,2,6.366459524209667e-05,C
287232915,2,9.798366041302575e-05,C
287232915,2,5.586462267204162e-05,C
287232915,2,9.17115149918768e-05,C
3292836937,2,0.0,
3292836937,2,0.0,
3292836937,2,0.0,
3292836937,2,0.0,
3292836937,2,0.0,
89961214,2,-0.00027336706034730707,C
89961214,2,-0.00022557209382079169,C
89961214,2,-8.910137461026757e-05,C
89961214,2,-0.0002653863133001977,C
89961214,2,-0.00010964236665311766,C
1147977085,2,1.3770681931646322e-05,C
1147977085,2,0.00020216022842978187,C
1147977085,2,0.00016920212215054686,C
1147977085,2,0.0005839984678468468,C
1147977085,2,-0.0002746159119287883,C
636182019,2,-0.0002641392661311137,C
636182019,2,-0.00016378706961728273,C
636182019,2,6.403523411169232e-05,C
636182019,2,-7.910974182789854e-05,C
636182019,2,0.00011438298012733661,C
799373156,2,-6.525346702301871e-05,C
799373156,2,-7.828318677371993e-05,C
799373156,2,-0.0001638231903923204,C
799373156,2,-1.1308976955781702e-05,C
799373156,2,-7.577972331518357e-05,C
636990493,2,3.054364687204991e-05,C
636990493,2,2.7270138246993092e-05,C
636990493,2,-4.938684816990779e-06,C
636990493,2,2.494320928025928e-06,C
636990493,2,5.364691739861982e-05,C
1078276907,2,-6.647428329120686e-06,C
1078276907,2,9.188658839143216e-06,C
1078276907,2,-2.941213774199092e-06,C
1078276907,2,7.356884750731041e-06,C
1078276907,2,-1.168103864601644e-05,C
1421345390,2,-0.0004186225379595454,C
1421345390,2,-0.0005879138266587924,C
1421345390,2,-0.00014297965904630505,C
1421345390,2,0.00045680906298584123,C
1421345390,2,-5.320253216645199e-05,C
145374537,2,9.61543756572425e-05,C
145374537,2,-0.0003125959992353877,C
145374537,2,-0.00024533442587881815,C
145374537,2,-0.00039478976722262527,C
145374537,2,0.0010675034658551574,C
1256751600,2,0.0,C
1256751600,2,0.0,C
1256751600,2,0.0,C
1256751600,2,0.0,C
1256751600,2,0.0,C
30707086,2,-2.7185472742052852e-05,C
30707086,2,4.8860468926159584e-05,C
30707086,2,-4.692906772285621e-05,C
30707086,2,2.1656787494883645e-05,C
30707086,2,-1.4267671623269251e-05,C
454919045,2,0.0014231718123236536,N
454919045,2,-0.0006625414242680261,N
454919045,2,0.0005094265480869442,N
454919045,2,-0.0013783954564334788,N
454919045,2,-0.0008832655197570372,N
96001975,2,0.0006041599994822677,C
96001975,2,0.0005623333250459606,C
96001975,2,0.0005492586799535903,C
96001975,2,0.0007122613980726777,C
96001975,2,0.0004601975289801885,C
3632480728,2,-0.0002496391144454213,C
3632480728,2,-0.00017363875751030822,C
3632480728,2,-2.7085220636102747e-05,C
3632480728,2,-0.00022163110417239285,C
3632480728,2,-7.338994275518651e-05,C
2543587995,2,-0.00018348029587356152,N
2543587995,2,-0.00023305250909844144,N
2543587995,2,0.0002954582638147185,N
2543587995,2,-0.0002562838588447969,N
2543587995,2,0.0006188013592210995,N
2664622273,2,-2.5325409772625207e-06,C
2664622273,2,2.1487214901250162e-05,C
2664622273,2,3.405058677463657e-06,C
2664622273,2,-1.9218700605949657e-05,C
2664622273,2,7.451405490910279e-05,C
640282103,2,-0.0005015175326608112,C
640282103,2,-0.001085970265693792,C
640282103,2,-0.0015213948344340311,C
640282103,2,-0.0015707983811008575,C
640282103,2,-0.00084257035793045,C
552722929,2,-0.0008436184793951806,C
552722929,2,-0.0007705181418876661,C
552722929,2,-0.0007751601741347036,C
552722929,2,-0.0009747466947195305,C
552722929,2,-0.0009442455018667806,C
3304326854,2,0.0010781081901911627,C
3304326854,2,0.0013264773397897445,C
3304326854,2,0.0007538912071145543,C
3304326854,2,0.000969197985464243,C
3304326854,2,0.00047023906138909943,C
932711668,2,0.0011238682186940352,N
932711668,2,0.00035722119645431594,N
932711668,2,0.0021729011220351646,N
932711668,2,0.001241074399411568,N
932711668,2,0.002856262509076668,N
932734850,2,0.0,N
932734850,2,0.0,N
932734850,2,0.0,N
932734850,2,0.0,N
932734850,2,0.0,N
3198482033,2,0.0008608642139467104,C
3198482033,2,-0.0011374496210437846,C
3198482033,2,-0.00022242471445566014,C
3198482033,2,0.0003108166682495028,C
3198482033,2,-0.0007906066362272091,C
2843970853,2,0.00012937757045095033,C
2843970853,2,0.00013556557830241012,C
2843970853,2,0.00048139127185009567,C
2843970853,2,0.0008179863531955212,C
2843970853,2,0.000783227517334173,C
1167268241,2,-4.8336151035388575e-05,C
1167268241,2,-5.444166736501277e-05,C
1167268241,2,6.196395272606292e-05,C
1167268241,2,0.00017655131283333958,C
1167268241,2,6.273534852740958e-05,C
1968143303,2,-0.00024177042129169823,C
1968143303,2,0.00014912961200153063,C
1968143303,2,0.0008124859994123046,C
1968143303,2,0.0001225209087295509,C
1968143303,2,0.0008818285508760404,C
132611095,2,-0.00038535354880153694,C
132611095,2,-0.0007914381466979092,C
132611095,2,0.0005057132993673275,C
132611095,2,-0.0010196016652198603,C
132611095,2,-0.0003283525279149657,C
1067305901,2,0.0,
1067305901,2,0.0,
1067305901,2,0.0,
1067305901,2,0.0,
1067305901,2,0.0,
4232044298,2,-9.404194301398938e-06,C
4232044298,2,-8.480127060339626e-06,C
4232044298,2,-3.7449517175103253e-06,C
4232044298,2,-5.202916081192832e-06,C
4232044298,2,1.7710949336002813e-06,C
3924990413,2,0.0,C
3924990413,2,0.0,C
3924990413,2,0.0,C
3924990413,2,0.0,C
3924990413,2,0.0,C
3163510888,2,-0.00013246164342639588,C
3163510888,2,-0.0004411994388617835,C
3163510888,2,-0.0015465430918902845,C
3163510888,2,-8.708708705984503e-05,C
3163510888,2,-0.0002211248053665127,C
3370172965,2,0.0,C
3370172965,2,0.0,C
3370172965,2,0.0,C
3370172965,2,0.0,C
3370172965,2,0.0,C
1544255291,2,0.0015569384621100246,C
1544255291,2,0.0018268997557033817,C
1544255291,2,0.0011635836225936114,C
1544255291,2,0.00044949501504054634,C
1544255291,2,0.0013808660207583756,C
3961613636,2,-5.127830302509295e-05,C
3961613636,2,-5.2296142853403005e-05,C
3961613636,2,3.2086741242220995e-05,C
3961613636,2,9.696928176317066e-06,C
3961613636,2,1.7809853706918233e-05,C
50651170,2,-3.6847507770554344e-05,C
50651170,2,3.447849253435109e-05,C
50651170,2,-0.00020462529548281871,C
50651170,2,0.0005332212876498765,C
50651170,2,0.0004724206483511795,C
3075896141,2,0.00027282701987807467,C
3075896141,2,0.00013234498188996469,C
3075896141,2,0.00019367777071455095,C
3075896141,2,2.068000652954982e-05,C
3075896141,2,-0.0001509586769639082,C
172238518,2,0.0,
172238518,2,0.0,
172238518,2,0.0,
172238518,2,0.0,
172238518,2,0.0,
2136803473,2,0.0,O
2136803473,2,0.0,O
2136803473,2,0.0,O
2136803473,2,0.0,O
2136803473,2,0.0,O
1023209243,2,9.152919951072036e-06,N
1023209243,2,1.0976478302837656e-05,N
1023209243,2,1.6498544374687896e-05,N
1023209243,2,1.9160312895172282e-05,N
1023209243,2,-9.553830275232933e-06,N
885408970,2,-0.0005093646831377807,O
885408970,2,-0.00011119328933972827,O
885408970,2,-0.00011502290724663133,O
885408970,2,-0.0008002154457538158,O
885408970,2,-0.0004187748761009802,O
1213407188,2,-7.052637728111044e-05,C
1213407188,2,-0.00015263314772751002,C
1213407188,2,-3.9444503408425646e-05,C
1213407188,2,0.00016273255004040088,C
1213407188,2,-8.027578548497338e-05,C
4210054575,2,-0.0014669029500329334,N
4210054575,2,0.0003425544289860083,N
4210054575,2,-0.0018783379326886562,N
4210054575,2,-0.00141517118322676,N
4210054575,2,0.0004116051933382714,N
3871410344,2,-0.0003890540280561128,N
3871410344,2,-0.0003478339010173359,N
3871410344,2,-0.00011125127026057058,N
3871410344,2,-0.00043153213799307366,N
3871410344,2,-9.877498120969275e-05,N
1184436594,2,0.0,
1184436594,2,0.0,
1184436594,2,0.0,
1184436594,2,0.0,
1184436594,2,0.0,
3431706412,2,0.00010120244216316188,C
3431706412,2,4.5407826502752435e-05,C
3431706412,2,8.631049890073239e-05,C
3431706412,2,9.789747564514784e-05,C
3431706412,2,0.00013649597378717626,C
2758632892,2,0.0013605094471972334,C
2758632892,2,0.0022629985325846036,C
2758632892,2,0.0007284062990777773,C
2758632892,2,0.001275611270455168,C
2758632892,2,0.0014790327441502882,C
2131356872,2,-9.576177969594646e-06,C
2131356872,2,-1.401062608208381e-05,C
2131356872,2,-5.96370270666835e-06,C
2131356872,2,-1.1139326810627459e-05,C
2131356872,2,-1.2855619759499781e-05,C
3131896227,2,2.6163423116898343e-07,C
3131896227,2,1.053867753841864e-06,C
3131896227,2,1.5457479111136152e-06,C
3131896227,2,8.283868963232521e-06,C
3131896227,2,1.129319762382952e-05,C
2739425568,2,0.0002022790806077701,C
2739425568,2,0.0008480703103387333,C
2739425568,2,0.0003914196961427585,C
2739425568,2,0.00047775869164967677,C
2739425568,2,8.2299100561678e-05,C
2917424199,2,0.0,N
2917424199,2,0.0,N
2917424199,2,0.0,N
2917424199,2,0.0,N
2917424199,2,0.0,N
740717125,2,0.0,C
740717125,2,0.0,C
740717125,2,0.0,C
740717125,2,0.0,C
740717125,2,0.0,C
2604399148,2,0.0005953631669400883,C
2604399148,2,0.0001077717397721667,C
2604399148,2,8.908818422048714e-05,C
2604399148,2,0.00013071028931865847,C
2604399148,2,-5.7739008235246914e-05,C
35816944,2,0.0011212560707203334,C
35816944,2,0.0006566774945042653,C
35816944,2,0.0004441577690965648,C
35816944,2,0.00011941378782354128,C
35816944,2,-0.0004403122562954831,C
1623026378,2,-5.001241727753403e-06,C
1623026378,2,2.4840516752888675e-05,C
1623026378,2,-0.00019121535274735368,C
1623026378,2,-0.00011793886984268198,C
1623026378,2,-2.0423046011686097e-05,C
1514095308,2,0.0,C
1514095308,2,0.0,C
1514095308,2,0.0,C
1514095308,2,0.0,C
1514095308,2,0.0,C
1814116706,2,0.0,N
1814116706,2,0.0,N
1814116706,2,0.0,N
1814116706,2,0.0,N
1814116706,2,0.0,N
3229069614,2,0.00016832804941291357,N
3229069614,2,2.520842365849596e-05,N
3229069614,2,-2.8838385959240043e-05,N
3229069614,2,-2.8980248201193604e-06,N
3229069614,2,-0.00011675671518562858,N
269963113,2,-0.00027972482967275614,C
269963113,2,-0.0003950148453303326,C
269963113,2,-0.0003837521832931179,C
269963113,2,-0.00036120206945966515,C
269963113,2,-0.00036410568682465616,C
3375441982,2,0.0,
3375441982,2,0.0,
3375441982,2,0.0,
3375441982,2,0.0,
3375441982,2,0.0,
2537385504,2,-6.4367844950785624e-06,C
2537385504,2,-6.4367844950785624e-06,C
2537385504,2,-3.309803476181372e-06,C
2537385504,2,-8.797076777922186e-06,C
2537385504,2,-6.4367844950785624e-06,C
1375082737,2,0.002997003723065328,C
1375082737,2,0.0007793195930099195,C
1375082737,2,0.0021094729110056054,C
1375082737,2,0.0030569119343537565,C
1375082737,2,0.002458181622820077,C
3972090239,2,0.0002364402278481892,C
3972090239,2,0.0004709345578561841,C
3972090239,2,0.001337496692415896,C
3972090239,2,-1.6289401060243236e-05,C
3972090239,2,0.0013390613759961534,C
542715770,2,-0.0007514316469480198,C
542715770,2,-0.00016722695310056324,C
542715770,2,-0.00013213999694028367,C
542715770,2,0.0001157264812704506,C
542715770,2,-0.00033694796315242304,C
1835135892,2,0.000972200648165833,C
1835135892,2,-0.00011221433522135005,C
1835135892,2,0.000419857807593238,C
1835135892,2,0.00042140225400244535,C
1835135892,2,0.00044686600136423227,C
3850856377,2,0.0,C
3850856377,2,0.0,C
3850856377,2,0.0,C
3850856377,2,0.0,C
3850856377,2,0.0,C
3007422704,2,0.0,O
3007422704,2,0.0,O
3007422704,2,0.0,O
3007422704,2,0.0,O
3007422704,2,0.0,O
2209842778,2,8.595079700191022e-07,N
2209842778,2,6.552190278119596e-07,N
2209842778,2,1.9126131389768375e-07,N
2209842778,2,2.323289005623508e-09,N
2209842778,2,-2.3647663494053006e-08,N
2296764637,2,0.0,C
2296764637,2,0.0,C
2296764637,2,0.0,C
2296764637,2,0.0,C
2296764637,2,0.0,C
3929393147,2,-3.8226734206503465e-05,C
3929393147,2,0.00023032328507821553,C
3929393147,2,-2.0918722328677752e-05,C
3929393147,2,-4.121833793124807e-05,C
3929393147,2,-5.540427691885785e-05,C
2270589688,2,-0.00015913359039398944,N
2270589688,2,-0.00014234061550899568,N
2270589688,2,-0.000885280745398842,N
2270589688,2,0.00034397025680898974,N
2270589688,2,-0.0002325205220775617,N
2592252298,2,3.764446575349467e-06,C
2592252298,2,3.114706895401831e-06,C
2592252298,2,4.143425051839067e-06,C
2592252298,2,-7.625059411653368e-07,C
2592252298,2,3.0613114871957947e-06,C
4116013187,2,-1.9458019128171244e-06,C
4116013187,2,1.656768806701514e-06,C
4116013187,2,-6.450074233055325e-06,C
4116013187,2,-2.764941301247603e-06,C
4116013187,2,-8.637362974739382e-06,C
372117123,2,0.0,S
372117123,2,0.0,S
372117123,2,0.0,S
372117123,2,0.0,S
372117123,2,0.0,S
2709179886,2,-5.8968256775204786e-05,C
2709179886,2,1.0777264382033636e-06,C
2709179886,2,-4.769406395266351e-06,C
2709179886,2,-3.238814390460476e-06,C
2709179886,2,-3.981425645027681e-05,C
228862830,2,-2.3865531531885864e-05,N
228862830,2,-1.0000621870842608e-05,N
228862830,2,-4.331141800650862e-06,N
228862830,2,-3.192696723264277e-05,N
228862830,2,-1.683889441250752e-05,N
2300762321,2,-0.0008429995666662249,N
2300762321,2,-0.0005191920381051318,N
2300762321,2,-0.0008564870075842279,N
2300762321,2,-0.0005679406217512506,N
2300762321,2,-0.0005840670936378967,N
4081192418,2,0.0,
4081192418,2,0.0,
4081192418,2,0.0,
4081192418,2,0.0,
4081192418,2,0.0,
4120224926,2,-1.1447193406954881e-05,C
4120224926,2,-2.896608627411812e-05,C
4120224926,2,-7.726297918675407e-06,C
4120224926,2,-2.2809386077571325e-05,C
4120224926,2,-7.726297918675407e-06,C
1090571167,2,-0.0002984648977224502,N
1090571167,2,-0.0012547164163080327,N
1090571167,2,-0.0004082307245752981,N
1090571167,2,-0.000753361367139993,N
1090571167,2,-0.00078032302400588,N
369500293,2,0.0015788551692605957,C
369500293,2,0.000492427252286709,C
369500293,2,0.0002022979929697799,C
369500293,2,0.0008708833289364781,C
369500293,2,0.0018423086216676765,C
3873306213,2,-7.408723636337378e-05,N
3873306213,2,-0.000117351620831041,N
3873306213,2,-5.7377522380552826e-05,N
3873306213,2,-0.0006403341824184894,N
3873306213,2,6.725796815798546e-05,N
600377156,2,0.0,C
600377156,2,0.0,C
600377156,2,0.0,C
600377156,2,0.0,C
600377156,2,0.0,C
1946997629,2,0.0,C
1946997629,2,0.0,C
1946997629,2,0.0,C
1946997629,2,0.0,C
1946997629,2,0.0,C
1044537682,2,0.0,C
1044537682,2,0.0,C
1044537682,2,0.0,C
1044537682,2,0.0,C
1044537682,2,0.0,C
2077658817,2,-3.71784959223298e-05,O
2077658817,2,-0.00021248589907973958,O
2077658817,2,0.0007852172466187302,O
2077658817,2,-0.00017079857130020137,O
2077658817,2,0.0003754799807175191,O
264974063,2,0.0,N
264974063,2,0.0,N
264974063,2,0.0,N
264974063,2,0.0,N
264974063,2,0.0,N
3792822921,2,0.0,N
3792822921,2,0.0,N
3792822921,2,0.0,N
3792822921,2,0.0,N
3792822921,2,0.0,N
2575624905,2,-0.0002611804455454614,C
2575624905,2,7.557039845351721e-05,C
2575624905,2,3.940656420298172e-05,C
2575624905,2,-0.00012388985817179954,C
2575624905,2,-0.0005809881589249333,C
1640551393,2,-1.5512649346072216e-05,C
1640551393,2,7.885633226212274e-05,C
1640551393,2,-0.0003903489288219486,C
1640551393,2,-0.000662780062987256,C
1640551393,2,-0.0005218536973913279,C
3528517994,2,0.0005374570355921593,C
3528517994,2,-9.669132808720615e-05,C
3528517994,2,0.00017295990509780257,C
3528517994,2,-0.0005302138150516944,C
3528517994,2,-0.0004474094448972954,C
692277943,2,3.820469930782e-05,N
692277943,2,-0.0007066634787419313,N
692277943,2,-0.0006350327043685988,N
692277943,2,-0.0005027243597158781,N
692277943,2,0.0010261265962641097,N
990985258,2,-5.562565068040204e-05,C
990985258,2,-0.00011373307223616624,C
990985258,2,-0.0001452537506292373,C
990985258,2,-6.729443180608641e-05,C
990985258,2,-8.938178168826916e-05,C
389385568,2,0.0,
389385568,2,0.0,
389385568,2,0.0,
389385568,2,0.0,
389385568,2,0.0,
597336504,2,-0.00011165083491326833,C
597336504,2,4.448445041527194e-05,C
597336504,2,-0.0001087479484960241,C
597336504,2,-0.00012014140373650672,C
597336504,2,-6.465054998150421e-05,C
744747118,2,-0.0004459628845366881,S
744747118,2,0.0017648702268123762,S
744747118,2,0.005164924023554951,S
744747118,2,0.004185136063089789,S
744747118,2,-3.8717655960640585e-05,S
1740651977,2,1.325417889253e-05,C
1740651977,2,6.837319414976228e-05,C
1740651977,2,5.0236479025689285e-05,C
1740651977,2,0.0001778530337027684,C
1740651977,2,-0.00015757277372518974,C
1198890718,2,-5.6662733055712344e-05,C
1198890718,2,-3.859267543915301e-05,C
1198890718,2,-4.214346794795265e-05,C
1198890718,2,-4.126914093238732e-06,C
1198890718,2,-3.102042510827463e-05,C
544863012,2,-8.058984427172788e-05,C
544863012,2,8.72665203714984e-05,C
544863012,2,0.00011359210092898309,C
544863012,2,-7.442540571722667e-05,C
544863012,2,-6.306458250682212e-05,C
2127647960,2,3.275772521471598e-05,C
2127647960,2,-3.956555566642095e-05,C
2127647960,2,4.0033678272433093e-07,C
2127647960,2,-1.7429532445989437e-05,C
2127647960,2,-5.3543212537809914e-05,C
3372972590,2,-0.00022106203117311374,N
3372972590,2,-8.80011357065058e-05,N
3372972590,2,-0.00010308010767567932,N
3372972590,2,5.0668241134754766e-05,N
3372972590,2,-6.312365065719305e-05,N
1145656637,2,2.7918125994230714e-05,N
1145656637,2,2.5365794310561185e-05,N
1145656637,2,-3.087037866333908e-06,N
1145656637,2,3.4605918997066e-07,N
1145656637,2,2.4610000339597704e-05,N
3781690415,2,-0.00017595406278303471,C
3781690415,2,-0.0002758466469601206,C
3781690415,2,-0.00022950082802630778,C
3781690415,2,-0.00022396492810450308,C
3781690415,2,-7.014771045843471e-05,C
2211843251,2,-0.00023690371252593767,C
2211843251,2,-0.00014187670865350999,C
2211843251,2,-0.0001404717131018307,C
2211843251,2,-0.00027726356337842706,C
2211843251,2,-0.00032211621659428147,C
1378792052,2,5.463219599777247e-05,C
1378792052,2,0.00015378187175829616,C
1378792052,2,-8.218122177261478e-05,C
1378792052,2,0.0005175503713987784,C
1378792052,2,0.0009474085967818846,C
4240369074,2,0.0,C
4240369074,2,0.0,C
4240369074,2,0.0,C
4240369074,2,0.0,C
4240369074,2,0.0,C
3209892106,2,0.0008432083844976956,N
3209892106,2,-0.00039418265358071025,N
3209892106,2,-0.00013584380595887957,N
3209892106,2,-0.00020597278098866134,N
3209892106,2,-0.0005431822716406298,N
2762211251,2,0.0001492221416552475,S
2762211251,2,2.8017412678327247e-05,S
2762211251,2,0.00013574383380388078,S
2762211251,2,0.0002105161512214737,S
2762211251,2,3.0467038298898075e-06,S
990985259,2,0.0001884568984948931,C
990985259,2,0.0005144972692084915,C
990985259,2,0.0001007716208040188,C
990985259,2,-0.00011985228164845818,C
990985259,2,0.00034916866250067624,C
4256676941,2,-2.6912817825852642e-05,N
4256676941,2,-0.00024007946518944667,N
4256676941,2,-0.0006227941561299799,N
4256676941,2,-0.00014016061008026437,N
4256676941,2,-0.00019284670480879118,N
3617179377,2,-0.00011543873329589172,C
3617179377,2,4.059754522034442e-05,C
3617179377,2,-0.00028905940247225814,C
3617179377,2,0.00012115640792831339,C
3617179377,2,-2.9267134849852994e-05,C
592655526,2,-0.0003330353687155396,C
592655526,2,-0.0003348329876906586,C
592655526,2,0.0008065830863017709,C
592655526,2,-0.0003820565012253585,C
592655526,2,0.0008658097594056446,C
2409787606,2,7.996604983129263e-05,C
2409787606,2,-0.000328041954384628,C
2409787606,2,-0.0005477555630412079,C
2409787606,2,0.00014420366615308655,C
2409787606,2,-6.769841967124712e-05,C
2113520109,2,0.00039284062334254966,C
2113520109,2,-6.0285336168641734e-06,C
2113520109,2,0.00029221415419355967,C
2113520109,2,-0.00021938394712983644,C
2113520109,2,0.0002918748426329332,C
1250165012,2,0.0,
1250165012,2,0.0,
1250165012,2,0.0,
1250165012,2,0.0,
1250165012,2,0.0,
1238592536,2,-0.0005745205699526634,C
1238592536,2,-0.0002751515534253901,C
1238592536,2,-0.0003628852418781081,C
1238592536,2,-0.0011632665267842235,C
1238592536,2,-0.0013555444945858586,C
2213350725,2,0.0005277823945211146,C
2213350725,2,0.00027455125683895076,C
2213350725,2,0.00033531909220685385,C
2213350725,2,-0.00015842830776946482,C
2213350725,2,0.0006744207822267922,C
1915080917,2,-0.0016201544307803406,C
1915080917,2,-0.00069723608099026,C
1915080917,2,-0.0008319077508587291,C
1915080917,2,-0.0006854886914661185,C
1915080917,2,-0.001056358548350178,C
3651174070,2,-0.0007574601493434141,C
3651174070,2,1.3443774494636962e-05,C
3651174070,2,9.380317983409547e-05,C
3651174070,2,-0.0008525495009998885,C
3651174070,2,7.074329732792428e-06,C
1365279474,2,8.015649695436444e-06,C
1365279474,2,0.0004845705121838684,C
1365279474,2,0.0003975670770499651,C
1365279474,2,0.0007063060256234932,C
1365279474,2,0.0011590808153318921,C
1583009052,2,0.0,C
1583009052,2,0.0,C
1583009052,2,0.0,C
1583009052,2,0.0,C
1583009052,2,0.0,C
1499666286,2,0.0,
1499666286,2,0.0,
1499666286,2,0.0,
1499666286,2,0.0,
1499666286,2,0.0,
1191280979,2,0.0,C
1191280979,2,0.0,C
1191280979,2,0.0,C
1191280979,2,0.0,C
1191280979,2,0.0,C
3457964313,2,0.0003681717059196288,N
3457964313,2,-0.0005597117282644115,N
3457964313,2,-0.001030385065764472,N
3457964313,2,-0.00089198579172034,N
3457964313,2,-0.0005001920072408295,N
2881111452,2,0.0,
2881111452,2,0.0,
2881111452,2,0.0,
2881111452,2,0.0,
2881111452,2,0.0,
423609967,2,-0.0008849374938569854,C
423609967,2,-0.0006296502995539743,C
423609967,2,-7.542637255664175e-06,C
423609967,2,-0.0005873354734361458,C
423609967,2,-0.0006842053195300624,C
3300110909,2,0.0,N
3300110909,2,0.0,N
3300110909,2,0.0,N
3300110909,2,0.0,N
3300110909,2,0.0,N
3345491492,2,0.0,N
3345491492,2,0.0,N
3345491492,2,0.0,N
3345491492,2,0.0,N
3345491492,2,0.0,N
1534595042,2,-0.0006482141772806704,C
1534595042,2,-0.0008986953942553555,C
1534595042,2,-0.0008639714900480211,C
1534595042,2,-0.0012773604231223201,C
1534595042,2,-0.0009850425397404106,C
2014255590,2,0.00011607239358368826,N
2014255590,2,-0.0003352037091325366,N
2014255590,2,6.72238999980257e-05,N
2014255590,2,5.5532831779725456e-06,N
2014255590,2,9.150405284308327e-05,N
362715007,2,0.0,C
362715007,2,0.0,C
362715007,2,0.0,C
362715007,2,0.0,C
362715007,2,0.0,C
2654043257,2,0.0,
2654043257,2,0.0,
2654043257,2,0.0,
2654043257,2,0.0,
2654043257,2,0.0,
720253145,2,-5.443017927908578e-05,N
720253145,2,0.00047904306716728406,N
720253145,2,-4.7551621958685786e-05,N
720253145,2,0.0008835099647064304,N
720253145,2,0.000776327536205268,N
1342596238,2,0.00025448011509932034,C
1342596238,2,0.000319184423857366,C
1342596238,2,0.00010815911536077305,C
1342596238,2,4.667742666841779e-05,C
1342596238,2,0.00036406922233656047,C
1505769767,2,0.0,C
1505769767,2,0.0,C
1505769767,2,0.0,C
1505769767,2,0.0,C
1505769767,2,0.0,C
4129558839,2,-4.109755128522963e-05,N
4129558839,2,3.688860379036374e-05,N
4129558839,2,-9.075463168628506e-05,N
4129558839,2,-7.641530474800096e-05,N
4129558839,2,-7.055730412941497e-05,N
1673980810,2,0.0,O
1673980810,2,0.0,O
1673980810,2,0.0,O
1673980810,2,0.0,O
1673980810,2,0.0,O
458195553,2,0.0002684947094517831,N
458195553,2,-0.0001607897704628547,N
458195553,2,0.0011098328556539139,N
458195553,2,-0.0002602616302210814,N
458195553,2,-7.877662711708311e-06,N
3083149214,2,7.587034831491035e-05,C
3083149214,2,1.3634392336925316e-05,C
3083149214,2,7.533551830429808e-05,C
3083149214,2,6.174855780638477e-05,C
3083149214,2,6.759817345292074e-05,C
564807139,2,-0.0002436290963440113,C
564807139,2,-0.0003123737912917868,C
564807139,2,-0.00039962457675846164,C
564807139,2,-0.00026218390568877314,C
564807139,2,-0.00019700228605745718,C
57405021,2,0.0,
57405021,2,0.0,
57405021,2,0.0,
57405021,2,0.0,
57405021,2,0.0,
264906369,2,0.00046758918320222165,C
264906369,2,-0.00029082863613694165,C
264906369,2,-0.0006232031790126547,C
264906369,2,0.000554810198231448,C
264906369,2,-0.0002093597383021617,C
906327634,2,0.0,N
906327634,2,0.0,N
906327634,2,0.0,N
906327634,2,0.0,N
906327634,2,0.0,N
3203925050,2,0.0,C
3203925050,2,0.0,C
3203925050,2,0.0,C
3203925050,2,0.0,C
3203925050,2,0.0,C
1238701800,2,-0.00024207865364178627,C
1238701800,2,3.3991638753949616e-05,C
1238701800,2,-9.730489701098577e-06,C
1238701800,2,-0.0001649995867523124,C
1238701800,2,0.00036967896870077066,C
817554650,2,0.0,N
817554650,2,0.0,N
817554650,2,0.0,N
817554650,2,0.0,N
817554650,2,0.0,N
3210014657,2,-5.68039752731897e-05,N
3210014657,2,2.5719659917045057e-05,N
3210014657,2,-7.738963861880777e-05,N
3210014657,2,-8.089451148596272e-05,N
3210014657,2,5.426287028043042e-05,N
3869736299,2,0.00014850239890995542,C
3869736299,2,-8.050208480259169e-05,C
3869736299,2,0.00043805513261074847,C
3869736299,2,0.00013703978404211448,C
3869736299,2,0.0003207431837438657,C
443741425,2,-0.0007664844774586399,N
443741425,2,-0.0008248407635310651,N
443741425,2,-0.000988531251847169,N
443741425,2,0.00018770471325191274,N
443741425,2,-0.0007905621849358946,N
252812893,2,0.0,
252812893,2,0.0,
252812893,2,0.0,
252812893,2,0.0,
252812893,2,0.0,
1352167592,2,-0.0004023331983548095,C
1352167592,2,0.0010579856422386902,C
1352167592,2,0.0010431232901254583,C
1352167592,2,0.0009823092111733711,C
1352167592,2,1.7185822312582033e-05,C
2030757576,2,-1.1276568315565783e-05,C
2030757576,2,-1.6458820560005805e-05,C
2030757576,2,-1.4035387430055835e-05,C
2030757576,2,-1.8344191076047345e-05,C
2030757576,2,-1.877028224928079e-05,C
3541689698,2,0.0,
3541689698,2,0.0,
3541689698,2,0.0,
3541689698,2,0.0,
3541689698,2,0.0,
2250143559,2,0.0003342997529122149,C
2250143559,2,-0.00025003694238423524,C
2250143559,2,0.0007025637806110652,C
2250143559,2,0.0002688928543808089,C
2250143559,2,0.0003031089773981588,C
2144345290,2,5.746334966705291e-05,N
2144345290,2,0.00017950185854187506,N
2144345290,2,0.00017713246323136644,N
2144345290,2,4.971525904295948e-05,N
2144345290,2,0.00019167259773200662,N
1849554589,2,0.0,N
1849554589,2,0.0,N
1849554589,2,0.0,N
1849554589,2,0.0,N
1849554589,2,0.0,N
2271158283,2,-8.670655323461673e-05,C
2271158283,2,-0.00029349902123165794,C
2271158283,2,-6.133284250697812e-05,C
2271158283,2,-0.00021974937666080496,C
2271158283,2,-9.660403334388334e-05,C
1445706287,2,3.604702443993357e-05,C
1445706287,2,-5.672086549890487e-05,C
1445706287,2,-0.00013143734651532846,C
1445706287,2,-1.0516564854845534e-05,C
1445706287,2,7.632928763734448e-05,C
3385400514,2,-0.0002992494708062843,C
3385400514,2,-5.797494072745657e-05,C
3385400514,2,-0.0003036230032780196,C
3385400514,2,-0.00040479475586219227,C
3385400514,2,-0.000401224998827332,C
621690156,2,0.002453009177711074,C
621690156,2,0.0028022448107004605,C
621690156,2,0.002691069064853391,C
621690156,2,0.0021669331184215324,C
621690156,2,0.003231126439374621,C
1214058429,2,0.00019137975521055228,C
1214058429,2,0.0001873474817862819,C
1214058429,2,-0.00014608121801806817,C
1214058429,2,-0.0009846177617045537,C
1214058429,2,-0.00020818154004298428,C
3599391724,2,-4.4213474148291354e-05,C
3599391724,2,-3.944491486906898e-05,C
3599391724,2,-1.5871807580447594e-05,C
3599391724,2,-6.962857090320185e-05,C
3599391724,2,-6.33198388092504e-05,C
3992738647,2,0.00015849528470956997,C
3992738647,2,0.000310288531365277,C
3992738647,2,-0.00036827635732117336,C
3992738647,2,0.0002813679738012942,C
3992738647,2,-0.00018393584845732835,C
1637770740,2,-5.5268261266450125e-06,C
1637770740,2,2.7165526095274117e-07,C
1637770740,2,2.476686038588305e-06,C
1637770740,2,2.358277659042507e-06,C
1637770740,2,-1.0697986023489037e-05,C
81315441,2,-0.00042577863404591465,C
81315441,2,-8.797409678273915e-05,C
81315441,2,-0.00016207623279185235,C
81315441,2,-6.0475822245331656e-05,C
81315441,2,-0.00016076186099500678,C
3145023872,2,2.281835767603546e-05,C
3145023872,2,-0.00018236768044999074,C
3145023872,2,-0.00011662622005503831,C
3145023872,2,-6.443343327811046e-05,C
3145023872,2,-7.697987623178637e-05,C
3135357859,2,0.0,
3135357859,2,0.0,
3135357859,2,0.0,
3135357859,2,0.0,
3135357859,2,0.0,
4078658161,2,0.0,
4078658161,2,0.0,
4078658161,2,0.0,
4078658161,2,0.0,
4078658161,2,0.0,
2064788354,2,-0.0004948051308255597,C
2064788354,2,-0.0004661652227037072,C
2064788354,2,-0.0005956018108301819,C
2064788354,2,-0.00079931664655708,C
2064788354,2,-0.0001527918136619011,C
3134606292,2,0.0,
3134606292,2,0.0,
3134606292,2,0.0,
3134606292,2,0.0,
3134606292,2,0.0,
1797524254,2,0.0,
1797524254,2,0.0,
1797524254,2,0.0,
1797524254,2,0.0,
1797524254,2,0.0,
77081066,2,0.0,C
77081066,2,0.0,C
77081066,2,0.0,C
77081066,2,0.0,C
77081066,2,0.0,C
3594356142,2,0.0,C
3594356142,2,0.0,C
3594356142,2,0.0,C
3594356142,2,0.0,C
3594356142,2,0.0,C
3313841562,2,7.336550018777199e-05,C
3313841562,2,-0.0003910799806110532,C
3313841562,2,0.0009579875683602967,C
3313841562,2,0.0003564157846398519,C
3313841562,2,0.0011284217613902747,C
2506328221,2,1.5344215009260864e-05,C
2506328221,2,-4.433102963030677e-05,C
2506328221,2,-2.8155512142524763e-05,C
2506328221,2,-3.64825811089986e-05,C
2506328221,2,3.5711443030495005e-06,C
517432093,2,-2.8167670387269084e-06,C
517432093,2,-3.315272577875117e-05,C
517432093,2,0.00015872602438604666,C
517432093,2,-5.2117879639768105e-06,C
517432093,2,1.8438269278719943e-05,C
1169352347,2,0.0,N
1169352347,2,0.0,N
1169352347,2,0.0,N
1169352347,2,0.0,N
1169352347,2,0.0,N
3010410747,2,-0.0012472275904777952,N
3010410747,2,-0.0004800507862601222,N
3010410747,2,0.002082104775605109,N
3010410747,2,0.0016560991745634412,N
3010410747,2,-0.0005491927958616305,N
1693589848,2,0.00015384211812008441,N
1693589848,2,3.325611214999302e-05,N
1693589848,2,1.6888639487677715e-05,N
1693589848,2,0.00010890448219880167,N
1693589848,2,1.304509259936193e-05,N
4081436575,2,-7.211024327447024e-05,C
4081436575,2,-0.00035358890322245706,C
4081436575,2,-0.0002356969564030198,C
4081436575,2,-0.0004566551027779253,C
4081436575,2,-0.00014901358033914125,C
2975316496,2,0.00020245565460430548,C
2975316496,2,0.000590523080002181,C
2975316496,2,-0.000416144799186946,C
2975316496,2,-0.00011199144762663593,C
2975316496,2,0.00042162228327013995,C
3674630670,2,0.0006241123114660851,C
3674630670,2,0.00016468001267233578,C
3674630670,2,0.000385893329515663,C
3674630670,2,0.0002282191269941114,C
3674630670,2,0.0006908322370300368,C
3350945806,2,-7.695914383165636e-05,C
3350945806,2,-7.297839980713317e-05,C
3350945806,2,-3.9520084395450183e-05,C
3350945806,2,4.888199965247253e-06,C
3350945806,2,-4.361724902668396e-05,C
1397513080,2,0.00028840789765716135,O
1397513080,2,-0.00020520365330845003,O
1397513080,2,0.00015123210766077033,O
1397513080,2,0.0003046644005338939,O
1397513080,2,0.00028008543182977963,O
3126934625,2,9.487069370572865e-05,C
3126934625,2,1.6193331727532012e-05,C
3126934625,2,-0.001066340316181802,C
3126934625,2,-9.449740271783025e-05,C
3126934625,2,-0.00021957119240023637,C
3995362948,2,-0.00015574573469134823,N
3995362948,2,0.00011641262365214011,N
3995362948,2,4.7394908313513895e-05,N
3995362948,2,-0.0001536367438497166,N
3995362948,2,8.75009163540108e-05,N
1059124080,2,0.0,
1059124080,2,0.0,
1059124080,2,0.0,
1059124080,2,0.0,
1059124080,2,0.0,
1153930374,2,-5.4666874207298655e-05,C
1153930374,2,-0.00011842658957050833,C
1153930374,2,-0.00010564708311311399,C
1153930374,2,-8.969839491912435e-05,C
1153930374,2,-0.00012176478542991198,C
1103832125,2,-0.0008184630498149215,C
1103832125,2,-0.0007434221375745009,C
1103832125,2,-0.0004622323068479428,C
1103832125,2,-0.00021226311817224008,C
1103832125,2,-0.0006135178272684838,C
3577933307,2,0.0,
3577933307,2,0.0,
3577933307,2,0.0,
3577933307,2,0.0,
3577933307,2,0.0,
3988861584,2,0.0012061265225219442,C
3988861584,2,0.0023001235397467346,C
3988861584,2,0.0008734684338150833,C
3988861584,2,0.000764925760317281,C
3988861584,2,0.0024532769669981525,C
2572035617,2,5.168904631025484e-05,N
2572035617,2,4.1266759095548444e-05,N
2572035617,2,-6.457336570009353e-05,N
2572035617,2,4.538391702713085e-05,N
2572035617,2,4.538391702713085e-05,N
3346153511,2,0.00021296654108304836,C
3346153511,2,0.00031856427297027867,C
3346153511,2,0.0008474281019631436,C
3346153511,2,0.0004688971106319162,C
3346153511,2,0.0009069984391735231,C
2918201879,2,3.748167766037813e-05,C
2918201879,2,0.00035255194118388733,C
2918201879,2,0.00017089693260563532,C
2918201879,2,0.0005104896147593019,C
2918201879,2,0.00015140282921655146,C
194638448,2,0.0,C
194638448,2,0.0,C
194638448,2,0.0,C
194638448,2,0.0,C
194638448,2,0.0,C
869152089,2,0.0,
869152089,2,0.0,
869152089,2,0.0,
869152089,2,0.0,
869152089,2,0.0,
3804745459,2,0.0,
3804745459,2,0.0,
3804745459,2,0.0,
3804745459,2,0.0,
3804745459,2,0.0,
3755128710,2,0.0010336412822833374,C
3755128710,2,0.000599240963413572,C
3755128710,2,-0.0005995599526604778,C
3755128710,2,-0.00032283355734652464,C
3755128710,2,0.00081838990709171,C
1713195601,2,-8.103026020089832e-05,C
1713195601,2,1.0523338673795735e-06,C
1713195601,2,-0.00017062559754243978,C
1713195601,2,-0.00028748126701394483,C
1713195601,2,-0.00015433402288755893,C
1568606682,2,0.0002975392392319254,C
1568606682,2,0.00044738552873180293,C
1568606682,2,0.00038790432514179685,C
1568606682,2,4.1469840095897936e-05,C
1568606682,2,0.0011235765685774224,C
2059730245,2,-2.81719411637793e-05,C
2059730245,2,-3.186431247248489e-05,C
2059730245,2,-2.701082427170043e-06,C
2059730245,2,-4.870673928791813e-05,C
2059730245,2,-3.9819753479442e-05,C
2617658656,2,-0.001175852174918668,C
2617658656,2,-0.0011407729840522407,C
2617658656,2,-0.0010112569549305395,C
2617658656,2,-0.0011580082948868808,C
2617658656,2,-0.0011980822934638535,C
836300471,2,-2.0556558226414445e-05,C
836300471,2,-0.0007624154394908489,C
836300471,2,-0.0008198687380970293,C
836300471,2,0.0008407079742127621,C
836300471,2,-0.0009773669748457392,C
3490910321,2,0.00047299487316565525,C
3490910321,2,4.052788778774463e-05,C
3490910321,2,1.8704234044264467e-05,C
3490910321,2,0.0002058168988408049,C
3490910321,2,7.897907918963387e-05,C
3255046070,2,0.0,
3255046070,2,0.0,
3255046070,2,0.0,
3255046070,2,0.0,
3255046070,2,0.0,
2198820481,2,2.4716412456826653e-05,N
2198820481,2,2.1647297914761943e-05,N
2198820481,2,-2.178883424952538e-05,N
2198820481,2,4.3684515639186294e-05,N
2198820481,2,4.424575957173715e-06,N
104625121,2,0.00040113870179647737,N
104625121,2,0.0006032510090383525,N
104625121,2,0.00012492372787065165,N
104625121,2,0.0002556596621789975,N
104625121,2,0.0005016756721480942,N
3103858517,2,0.0,
3103858517,2,0.0,
3103858517,2,0.0,
3103858517,2,0.0,
3103858517,2,0.0,
1390475220,2,0.0,C
1390475220,2,0.0,C
1390475220,2,0.0,C
1390475220,2,0.0,C
1390475220,2,0.0,C
4006278292,2,5.608174462801152e-05,N
4006278292,2,0.00010148442812341063,N
4006278292,2,7.073842629623517e-05,N
4006278292,2,8.59159242334595e-05,N
4006278292,2,0.00010047599195484036,N
1789200865,2,-0.00016394887185333662,C
1789200865,2,-0.00023351080203581898,C
1789200865,2,-7.13543994567134e-05,C
1789200865,2,-0.0001471126403577161,C
1789200865,2,-0.00016311323480866502,C
2291264872,2,2.0708031892358036e-05,C
2291264872,2,0.0003917294680858552,C
2291264872,2,0.00016249330915985016,C
2291264872,2,-5.2513404356413496e-05,C
2291264872,2,0.00014113700699980303,C
2918205364,2,0.0,C
2918205364,2,0.0,C
2918205364,2,0.0,C
2918205364,2,0.0,C
2918205364,2,0.0,C
3798139026,2,0.0009535030000804579,C
3798139026,2,0.0005025456470491019,C
3798139026,2,0.0004035032581752862,C
3798139026,2,2.136523066031959e-05,C
3798139026,2,0.0004806976500628668,C
4223976160,2,0.0,
4223976160,2,0.0,
4223976160,2,0.0,
4223976160,2,0.0,
4223976160,2,0.0,
1511206547,2,-0.0002163174773520682,C
1511206547,2,-0.00042898744735475614,C
1511206547,2,-0.0005506449181693629,C
1511206547,2,-0.00035837322450715803,C
1511206547,2,-0.00015635564335980678,C
954800030,2,0.0,
954800030,2,0.0,
954800030,2,0.0,
954800030,2,0.0,
954800030,2,0.0,
2172997423,2,0.0003041324803478851,C
2172997423,2,0.0001351473364723521,C
2172997423,2,7.658252042963554e-05,C
2172997423,2,8.970885360704006e-05,C
2172997423,2,0.0002532839375857243,C
1918025650,2,0.0,C
1918025650,2,0.0,C
1918025650,2,0.0,C
1918025650,2,0.0,C
1918025650,2,0.0,C
1491315937,2,-4.004396607881766e-05,C
1491315937,2,-4.005929213102277e-05,C
1491315937,2,2.3550179040210395e-07,C
1491315937,2,-2.5259869336768936e-05,C
1491315937,2,1.6050803143929926e-05,C
1271427701,2,-0.0003089906158301181,C
1271427701,2,-0.0005054581644986511,C
1271427701,2,-0.0003418752856486629,C
1271427701,2,4.817527481415507e-05,C
1271427701,2,-0.00047798227841933105,C
876016289,2,2.6379050002578452e-05,C
876016289,2,-1.1112706297389252e-05,C
876016289,2,-7.730313124398869e-06,C
876016289,2,2.6420071800314915e-06,C
876016289,2,-3.450828727213917e-06,C
759348397,2,0.0,S
759348397,2,0.0,S
759348397,2,0.0,S
759348397,2,0.0,S
759348397,2,0.0,S
3886074185,2,0.00012193963405870978,C
3886074185,2,0.00010053492895334415,C
3886074185,2,0.0004893136101121742,C
3886074185,2,0.00016375672831381305,C
3886074185,2,6.8525620362525075e-06,C
3977047921,2,0.0,N
3977047921,2,0.0,N
3977047921,2,0.0,N
3977047921,2,0.0,N
3977047921,2,0.0,N
3386795352,2,0.0,
3386795352,2,0.0,
3386795352,2,0.0,
3386795352,2,0.0,
3386795352,2,0.0,
2640652321,2,0.0002560706662078083,C
2640652321,2,3.1776566581376287e-05,C
2640652321,2,0.00017382606686788815,C
2640652321,2,0.00025856997676931837,C
2640652321,2,0.00045761130496513314,C
3644443517,2,-1.683678464581284e-05,C
3644443517,2,-5.852661047356378e-06,C
3644443517,2,-2.5366329140186217e-05,C
3644443517,2,-1.6643197472521187e-05,C
3644443517,2,-2.7764576446709377e-05,C
805268291,2,-1.3513712902146757e-05,C
805268291,2,3.1036935835948576e-05,C
805268291,2,-5.720871242842485e-06,C
805268291,2,-1.9485920741746376e-05,C
805268291,2,-1.9820794378233586e-05,C
994494548,2,0.0004225692005295212,C
994494548,2,-0.0002461993389918371,C
994494548,2,0.0005753792388641932,C
994494548,2,-0.00020298796648943185,C
994494548,2,-0.00014742274498202868,C
3889081300,2,-0.0025454231327023402,C
3889081300,2,-0.0037322364883101145,C
3889081300,2,-0.005259527496643601,C
3889081300,2,-0.0052447586442440075,C
3889081300,2,-0.005034061369024068,C
3119383463,2,-2.659893940437641e-05,C
3119383463,2,4.109139690622321e-05,C
3119383463,2,4.7786138809069456e-05,C
3119383463,2,8.535196854064786e-06,C
3119383463,2,-6.0332696180109835e-06,C
4142616092,2,-0.00010676573586998472,C
4142616092,2,0.0001344468805999366,C
4142616092,2,0.0002794607349245748,C
4142616092,2,-0.0001558363982269162,C
4142616092,2,9.25007506754616e-05,C
3633569943,2,-0.0001577459632330358,C
3633569943,2,-0.0002609998728482221,C
3633569943,2,-0.000150809011534081,C
3633569943,2,-0.0001610990200998641,C
3633569943,2,-0.00017370630102053752,C
2810558781,2,0.0,C
2810558781,2,0.0,C
2810558781,2,0.0,C
2810558781,2,0.0,C
2810558781,2,0.0,C
643572069,2,-0.0003664560451402954,C
643572069,2,-0.00031902242061254693,C
643572069,2,-0.00015212239753625845,C
643572069,2,3.585647775694589e-05,C
643572069,2,0.00020492569959640328,C
307525970,2,4.107707669731564e-05,C
307525970,2,0.0002792330065860549,C
307525970,2,0.00030549170362792477,C
307525970,2,-6.286626260210149e-05,C
307525970,2,0.00032346508893987824,C
230478851,2,-4.559612300092386e-05,C
230478851,2,8.631298444861102e-05,C
230478851,2,0.00012956478743308963,C
230478851,2,5.332506428556982e-05,C
230478851,2,6.865742722306223e-05,C
3353919692,2,-0.000305114127680417,C
3353919692,2,-0.0012829569777916827,C
3353919692,2,-0.0016785527080122042,C
3353919692,2,-0.0001374864929289954,C
3353919692,2,-0.000936091835553654,C
4201996000,2,0.0,
4201996000,2,0.0,
4201996000,2,0.0,
4201996000,2,0.0,
4201996000,2,0.0,
1523193891,2,0.0,C
1523193891,2,0.0,C
1523193891,2,0.0,C
1523193891,2,0.0,C
1523193891,2,0.0,C
2806469715,2,0.0,C
2806469715,2,0.0,C
2806469715,2,0.0,C
2806469715,2,0.0,C
2806469715,2,0.0,C
3705007549,2,0.0,
3705007549,2,0.0,
3705007549,2,0.0,
3705007549,2,0.0,
3705007549,2,0.0,
1445715347,2,0.0,C
1445715347,2,0.0,C
1445715347,2,0.0,C
1445715347,2,0.0,C
1445715347,2,0.0,C
4232889011,2,0.0001459297956896144,O
4232889011,2,0.000547221947163834,O
4232889011,2,0.0005554839347083895,O
4232889011,2,-6.535765170956331e-06,O
4232889011,2,0.00023195545827803254,O
1932106328,2,-0.0014292281681954622,C
1932106328,2,-0.0012110970614727101,C
1932106328,2,-0.0012187484025755202,C
1932106328,2,-0.0017729297980095815,C
1932106328,2,-0.001431331636059352,C
UNK,2,-5.9650132731792205e-05,
UNK,2,-0.000513514151005201,
UNK,2,-0.003640479489080861,
UNK,2,-0.0005463962840123182,
UNK,2,0.0005103524042878727,
3218693969,3,0.005374306835558507,C
3218693969,3,-0.0011412983630332274,C
3218693969,3,0.0003039806732935135,C
3218693969,3,-0.001825441435697961,C
3218693969,3,0.016070932239202862,C
3217380708,3,0.03890117169303442,C
3217380708,3,0.030292300515355586,C
3217380708,3,0.025057028542756266,C
3217380708,3,0.031304523110235905,C
3217380708,3,0.011662398259342677,C
951226070,3,0.006764703144935824,C
951226070,3,0.00832669332518332,C
951226070,3,0.0084222765468146,C
951226070,3,-0.003986133985335649,C
951226070,3,0.00384044744271006,C
2968968094,3,-0.006073493070759883,C
2968968094,3,-0.01783126829099646,C
2968968094,3,-0.010846105100169479,C
2968968094,3,-0.03196751560159994,C
2968968094,3,-0.012742295355542166,C
2245384272,3,0.00031603100503407866,C
2245384272,3,0.0013378227630091999,C
2245384272,3,0.0012179731005306227,C
2245384272,3,-0.007527113051725709,C
2245384272,3,-0.0015488071951609284,C
864942730,3,-0.030604496159863825,O
864942730,3,-0.02280637137623731,O
864942730,3,-0.022268972499397077,O
864942730,3,-0.0353061423786134,O
864942730,3,-0.03198923248810748,O
2246728737,3,-0.00823538689998049,C
2246728737,3,0.011720215314992122,C
2246728737,3,0.005782555547951818,C
2246728737,3,-0.0010378625905501648,C
2246728737,3,0.008528840428736473,C
98513984,3,0.006035532321379988,C
98513984,3,0.005559759950854337,C
98513984,3,0.0032205128557392104,C
98513984,3,0.0016080497062448407,C
98513984,3,-4.096655325003251e-05,C
2041434490,3,-0.007735460479910583,N
2041434490,3,-0.006972402434051284,N
2041434490,3,0.004934227785246326,N
2041434490,3,-0.008244023373776499,N
2041434490,3,0.01071176301205734,N
2246699815,3,-0.007571977131015428,C
2246699815,3,-0.009041037333372137,C
2246699815,3,-0.014186033036628354,C
2246699815,3,-0.02139350448377464,C
2246699815,3,-0.003533506799447861,C
994485099,3,-0.003668270214672198,C
994485099,3,-0.007318411000975078,C
994485099,3,-0.010157829682374997,C
994485099,3,-0.010055179242050238,C
994485099,3,-0.002098557772542642,C
1510328189,3,0.004803318238746357,O
1510328189,3,-0.0026416192475388067,O
1510328189,3,0.001330657151506598,O
1510328189,3,-9.40979872959824e-05,O
1510328189,3,0.0004450047659084744,O
3999906991,3,-0.003860577596726422,C
3999906991,3,-0.004488144530527816,C
3999906991,3,-0.0010587904556205174,C
3999906991,3,-0.003890140104806372,C
3999906991,3,-0.005267185099964267,C
2976033787,3,-0.0018505360398207715,C
2976033787,3,0.001869905963385765,C
2976033787,3,-0.001085640160616852,C
2976033787,3,-0.002052337877952115,C
2976033787,3,0.003978529571350142,C
2092489639,3,-0.01708809361916952,N
2092489639,3,-0.01690350567639598,N
2092489639,3,-0.023054238726159637,N
2092489639,3,-0.0025790508655505473,N
2092489639,3,0.0011021407732431099,N
847961216,3,0.02028407035997326,N
847961216,3,0.02006232377925521,N
847961216,3,0.01802049244102666,N
847961216,3,0.012414174918385812,N
847961216,3,0.008343213091130619,N
882399112,3,-0.012805097975483903,F
882399112,3,0.0011932684806879035,F
882399112,3,-0.004625380386172218,F
882399112,3,-0.004866923863111605,F
882399112,3,-0.007452318040417127,F
2803848648,3,-0.0015738889080133545,C
2803848648,3,-0.0034413262573305126,C
2803848648,3,-0.00522010697789399,C
2803848648,3,-0.007612458470766081,C
2803848648,3,-0.003095201779816481,C
2117068077,3,-0.0005120294996567853,C
2117068077,3,-0.001132263999418348,C
2117068077,3,0.001113148523973595,C
2117068077,3,-0.001278486010388824,C
2117068077,3,0.0007862380464426222,C
864674487,3,-0.0020394577514359913,O
864674487,3,-0.00659322364668169,O
864674487,3,-0.005603617624193924,O
864674487,3,-0.0012489771928322346,O
864674487,3,-0.010643122531575067,O
864662311,3,-0.000182873555232832,O
864662311,3,0.004726028151300965,O
864662311,3,-0.00019274590956408488,O
864662311,3,0.006280709898576764,O
864662311,3,0.003071818026189943,O
2245273601,3,-0.0008249882662328956,C
2245273601,3,-0.0022961206017239055,C
2245273601,3,0.0006788340562978723,C
2245273601,3,0.002952167902738778,C
2245273601,3,-0.002234435469915752,C
1100037548,3,0.002477281891446692,N
1100037548,3,-0.0012276850087792335,N
1100037548,3,0.000132462906975106,N
1100037548,3,0.0028024041942928957,N
1100037548,3,0.0006228830287989817,N
485463469,3,0.001847872732780087,F
485463469,3,0.0009642115288815978,F
485463469,3,0.000715892975824528,F
485463469,3,0.0012223073474046942,F
485463469,3,0.00027409494069940976,F
1101907775,3,-0.0021404654272548784,N
1101907775,3,-0.004985249908611933,N
1101907775,3,-0.008931744576165634,N
1101907775,3,-0.001033336815814856,N
1101907775,3,-0.0004286242383689798,N
10565946,3,-0.0036898207913751424,O
10565946,3,-0.0060262096454754,O
10565946,3,-0.0030939668609399895,O
10565946,3,-0.0034914433109730636,O
10565946,3,-0.0025193766798901063,O
2076190208,3,-0.0022672483824963674,O
2076190208,3,-0.002718897810730536,O
2076190208,3,-0.00016071945749707162,O
2076190208,3,-0.0012974796257008148,O
2076190208,3,-0.00269335497471912,O
2142032900,3,-0.005342550094001641,C
2142032900,3,-0.0013783932547525302,C
2142032900,3,-0.002739011505863753,C
2142032900,3,-0.004683674384222236,C
2142032900,3,-0.004386908525149225,C
2132511834,3,0.00908481537628969,N
2132511834,3,0.01658129730011959,N
2132511834,3,0.008786751779372493,N
2132511834,3,0.018288831723177967,N
2132511834,3,0.005436185152805084,N
1312131881,3,-8.565796947701543e-05,C
1312131881,3,0.0010965323836195084,C
1312131881,3,0.0005271712262573391,C
1312131881,3,0.0002334006827067192,C
1312131881,3,-0.00029784288081913246,C
2353112200,3,0.00762080768787432,C
2353112200,3,0.006385185515144998,C
2353112200,3,0.003067461384155701,C
2353112200,3,0.008385087149434978,C
2353112200,3,0.007196949077359571,C
4121755354,3,-0.0012779363213295536,C
4121755354,3,0.0012863615351262903,C
4121755354,3,0.002045864139266995,C
4121755354,3,0.002677820566793998,C
4121755354,3,0.0034432270467648074,C
1054767590,3,0.0012464229851986142,C
1054767590,3,0.00024448875063098896,C
1054767590,3,-0.0026900646291929675,C
1054767590,3,0.0028788821407788046,C
1054767590,3,-0.001492615929626906,C
3537119515,3,-0.0010004555942623172,C
3537119515,3,0.0007113641352093358,C
3537119515,3,-0.0007067663916777711,C
3537119515,3,-0.000569733779842263,C
3537119515,3,-0.000567182094548091,C
1510461303,3,-0.0014861154591618853,C
1510461303,3,-0.0002807157402481275,C
1510461303,3,-0.0012503341121873346,C
1510461303,3,0.0006956071867767477,C
1510461303,3,-0.0009163682533516182,C
4216335232,3,0.0011485842308650573,C
4216335232,3,0.0012694252125339256,C
4216335232,3,-0.002191319384712731,C
4216335232,3,9.67486946712448e-05,C
4216335232,3,6.273125546107927e-05,C
3189457552,3,-0.00012445522778503637,O
3189457552,3,-0.007848215104973133,O
3189457552,3,-0.01253034062953351,O
3189457552,3,-0.004726611383024326,O
3189457552,3,-0.004459545641149032,O
2228063684,3,0.00030233179972538604,O
2228063684,3,-0.0008158711967494181,O
2228063684,3,-0.0008792719444081776,O
2228063684,3,-9.125306283452872e-05,O
2228063684,3,-0.0010156578150027906,O
3777168895,3,0.0049394267724679475,C
3777168895,3,0.0027190652564709206,C
3777168895,3,0.004050059905409853,C
3777168895,3,-0.00030558907791722323,C
3777168895,3,0.003013450593090994,C
1016841875,3,0.016175635383367193,Cl
1016841875,3,0.004733817798638795,Cl
1016841875,3,0.012148473062498777,Cl
1016841875,3,-0.0030765542524836542,Cl
1016841875,3,0.011704151254985362,Cl
422715066,3,0.002775442439599596,C
422715066,3,0.0034022898275870572,C
422715066,3,0.002794815152607155,C
422715066,3,0.004854948784081992,C
422715066,3,0.002545829941616673,C
3452535345,3,0.004864934885490668,Cl
3452535345,3,0.007297963081087433,Cl
3452535345,3,0.003691044915427155,Cl
3452535345,3,0.0050434733774713525,Cl
3452535345,3,0.008323507631338156,Cl
1429883190,3,0.00029769572645432785,C
1429883190,3,-9.99141773470047e-05,C
1429883190,3,-0.001886747746231765,C
1429883190,3,0.0006496321948332717,C
1429883190,3,-0.00016086809422699577,C
2763854213,3,-0.0005614739202355334,C
2763854213,3,0.002392795680023596,C
2763854213,3,-0.000611132522938207,C
2763854213,3,-0.0004031874748010589,C
2763854213,3,-0.00355239494343329,C
2424973678,3,-0.0008340294878358412,C
2424973678,3,0.0012548535189564891,C
2424973678,3,-0.0011198461548026506,C
2424973678,3,-0.0003671579227311206,C
2424973678,3,-0.0017264932478591177,C
847957139,3,0.0032870369438867675,N
847957139,3,-0.0010898518177399064,N
847957139,3,-0.004743479924100957,N
847957139,3,0.004641564560853517,N
847957139,3,-0.007935022244744183,N
1182622762,3,-0.002623252202767823,C
1182622762,3,-0.0016454677955188846,C
1182622762,3,-0.0011689655828387435,C
1182622762,3,0.0004733392887940058,C
1182622762,3,-0.0002378279146542095,C
1857396528,3,-0.000874254040669542,C
1857396528,3,0.0004000029426715068,C
1857396528,3,0.0019565319669043735,C
1857396528,3,-0.00010417008860674759,C
1857396528,3,-0.0007168828250632142,C
3337745083,3,0.00020589874663912155,F
3337745083,3,0.002328868872041867,F
3337745083,3,0.0038756344258292774,F
3337745083,3,5.48659299085541e-05,F
3337745083,3,0.0008327866830869501,F
4222851645,3,-5.059567264431575e-05,C
4222851645,3,3.999885966776695e-05,C
4222851645,3,-4.654053896824273e-05,C
4222851645,3,0.0005339345734092227,C
4222851645,3,-0.00022096913132030327,C
3975275337,3,0.0009476597306622425,C
3975275337,3,0.0033563329385412066,C
3975275337,3,0.004063380474260692,C
3975275337,3,0.002637819703736888,C
3975275337,3,0.00369340308320254,C
3692055567,3,-0.004875636868219346,C
3692055567,3,-0.0015407554047442984,C
3692055567,3,-9.147564097722327e-05,C
3692055567,3,0.0017382817884544766,C
3692055567,3,0.00010973931673863291,C
2944555726,3,0.0017369677367859993,C
2944555726,3,-0.0008482582104697434,C
2944555726,3,-0.0020615053421810803,C
2944555726,3,-0.002797453841439923,C
2944555726,3,-0.004376740918885513,C
2245277810,3,0.0021808339928668374,C
2245277810,3,0.002666095356785969,C
2245277810,3,0.0024621818999704947,C
2245277810,3,0.0064947486191541115,C
2245277810,3,0.00544433364221486,C
3983062349,3,0.007197972600879066,C
3983062349,3,0.009857245956312877,C
3983062349,3,0.006714481954459783,C
3983062349,3,0.006700158344081775,C
3983062349,3,0.013095416384709235,C
2246340824,3,0.0023552707888078173,C
2246340824,3,0.0009344326241408352,C
2246340824,3,0.001801320340207524,C
2246340824,3,0.002507799958235024,C
2246340824,3,0.0032660101000834274,C
2976816164,3,-0.0013674101569738362,C
2976816164,3,-0.004509448943417649,C
2976816164,3,-0.002756537793700442,C
2976816164,3,-0.0016451826474487286,C
2976816164,3,-0.002188967213543336,C
3776905034,3,-0.005311057291451982,C
3776905034,3,-0.0040728677263264235,C
3776905034,3,-0.0052616472818241,C
3776905034,3,-0.003932877435938065,C
3776905034,3,-0.0006532174220161835,C
3542456614,3,-0.001288053796702715,C
3542456614,3,-0.000382786390280776,C
3542456614,3,-0.003123950672176967,C
3542456614,3,-5.81480660648559e-05,C
3542456614,3,0.001622347199213392,C
3537123720,3,-7.648652096081676e-05,C
3537123720,3,0.00043133165103492743,C
3537123720,3,0.0002483472014422894,C
3537123720,3,0.0011367963589296037,C
3537123720,3,-0.00040812921062760577,C
1637836422,3,0.0013222961214449658,C
1637836422,3,-0.00044418227372133856,C
1637836422,3,0.0008431960051209497,C
1637836422,3,0.0012921639324620093,C
1637836422,3,-0.0009036163087403626,C
3162837314,3,0.0011038679344949065,C
3162837314,3,0.004975790696145843,C
3162837314,3,0.005349519411406711,C
3162837314,3,0.010178000350635874,C
3162837314,3,0.0072223685036242324,C
3982076256,3,0.00551532001055377,C
3982076256,3,0.003511033458994728,C
3982076256,3,0.0029114947187226514,C
3982076256,3,0.00546560240471583,C
3982076256,3,0.0062849071188246786,C
1362518133,3,0.00034680029104383614,N
1362518133,3,0.000356807961929384,N
1362518133,3,0.00024242817862252242,N
1362518133,3,2.675626941628373e-05,N
1362518133,3,5.268619611076275e-05,N
1135286194,3,-0.000446358904410471,C
1135286194,3,0.0011225528370824023,C
1135286194,3,0.0007279961305299842,C
1135286194,3,7.9143164584905e-05,C
1135286194,3,-0.0015828269511706239,C
1790668568,3,0.007834347388117058,N
1790668568,3,0.0037085009569867156,N
1790668568,3,-0.004416152014671937,N
1790668568,3,0.0005002241052530776,N
1790668568,3,0.005275997573784719,N
3124581743,3,-0.0038037070771600456,C
3124581743,3,-0.0018760037506891925,C
3124581743,3,-0.0017468376570065614,C
3124581743,3,-0.0022114636458254733,C
3124581743,3,-0.000313884744825188,C
2119439498,3,0.0008913795185880868,C
2119439498,3,-0.00020620621801459293,C
2119439498,3,0.0016437327174857463,C
2119439498,3,0.0007486374934092543,C
2119439498,3,0.0007004650053523687,C
1533864325,3,0.002140005793656252,O
1533864325,3,0.0014424976328579753,O
1533864325,3,0.002301312892807217,O
1533864325,3,0.003011308084861497,O
1533864325,3,0.0016916405706487447,O
4278941385,3,-0.0006243480318153249,C
4278941385,3,-0.0007611929353867897,C
4278941385,3,-0.00015516271329796272,C
4278941385,3,-0.0012660114020079938,C
4278941385,3,-0.0007951061381913371,C
3918336191,3,-0.001016311993291108,C
3918336191,3,0.004961891669476248,C
3918336191,3,-0.004102596208201081,C
3918336191,3,-0.004731046579933396,C
3918336191,3,-0.0024430449519809994,C
2560252747,3,-0.004237868937856493,C
2560252747,3,-0.00048525322914638735,C
2560252747,3,-0.00379285157408793,C
2560252747,3,-0.00011904184196642742,C
2560252747,3,-0.003600676523325963,C
999334238,3,0.007244565184878038,S
999334238,3,-0.0024530693551572114,S
999334238,3,-0.0035602940596428656,S
999334238,3,0.0009889775911692267,S
999334238,3,0.004294689168408028,S
1173125914,3,-0.0005437226633013825,C
1173125914,3,-0.00041009813042858223,C
1173125914,3,0.001067797600604381,C
1173125914,3,-0.001907630202406918,C
1173125914,3,0.0004940042504523179,C
2994748777,3,0.0039978455104053845,C
2994748777,3,0.004797232757395742,C
2994748777,3,0.00415610276695999,C
2994748777,3,0.00762586420392064,C
2994748777,3,0.0023412330890244526,C
3351556771,3,-0.011503105792319834,S
3351556771,3,-0.004823750506441571,S
3351556771,3,-0.00414647719360528,S
3351556771,3,-0.0022793268680361134,S
3351556771,3,-0.0005898303804594551,S
2509211297,3,0.00026976645873788563,C
2509211297,3,0.0005608678042400284,C
2509211297,3,-0.0006909013787613771,C
2509211297,3,-0.00017669682475962567,C
2509211297,3,0.0005589678886555038,C
848128881,3,0.012002269564945434,N
848128881,3,0.009615343735583814,N
848128881,3,0.01101871967192014,N
848128881,3,0.005484454266327932,N
848128881,3,0.00867615061808813,N
2246703798,3,0.00490539400782275,C
2246703798,3,0.0038919065878901815,C
2246703798,3,0.005861869761924043,C
2246703798,3,0.0040154983426266,C
2246703798,3,0.0061520612106653605,C
1276993226,3,-0.0025699672661855244,C
1276993226,3,0.0003450865367431444,C
1276993226,3,-0.002197352453685242,C
1276993226,3,-0.0006434484664668005,C
1276993226,3,-0.0018664556190668424,C
2984966880,3,7.143927276487272e-05,C
2984966880,3,0.0006938401481961787,C
2984966880,3,0.0008484666923558315,C
2984966880,3,0.001620538071931077,C
2984966880,3,-0.0016106358405044707,C
3315826729,3,-0.0019218107334271206,C
3315826729,3,-0.0022101556070609485,C
3315826729,3,0.00014993464546286805,C
3315826729,3,0.000915144404264101,C
3315826729,3,-0.001030743109964538,C
2115476908,3,0.004252637761277711,O
2115476908,3,0.006958499509975735,O
2115476908,3,0.005123368228044711,O
2115476908,3,0.006973171325142524,O
2115476908,3,0.005445115920168275,O
717512901,3,3.5357159345217326e-05,N
717512901,3,0.0003525623823659174,N
717512901,3,0.0007739071416820176,N
717512901,3,-0.0006017947538704549,N
717512901,3,-0.0019167332311017526,N
2245900962,3,0.00022384858089707915,C
2245900962,3,-0.007411185813165577,C
2245900962,3,0.00013892799464010341,C
2245900962,3,-0.005603895212168308,C
2245900962,3,-0.004517101336033114,C
3848534832,3,-8.703028499046361e-05,C
3848534832,3,0.0019031294665358134,C
3848534832,3,0.00031023662200613256,C
3848534832,3,0.001416629726647578,C
3848534832,3,-0.000533662370047483,C
3182824521,3,0.005641524636643469,C
3182824521,3,0.00394729992790388,C
3182824521,3,0.0017284715093414116,C
3182824521,3,0.006307425658687138,C
3182824521,3,0.008820041627309205,C
26234434,3,-0.0012581149600041641,O
26234434,3,-0.0026819168153914275,O
26234434,3,-4.774515791861056e-05,O
26234434,3,-0.002537297433809038,O
26234434,3,-0.0018224677402440825,O
288315894,3,0.0005686282594109526,S
288315894,3,0.0017468803913229802,S
288315894,3,0.0025054324759314905,S
288315894,3,0.0006978439679742321,S
288315894,3,0.00014974058660532918,S
2811394787,3,-0.00010309210416226122,C
2811394787,3,-0.0012422036119401625,C
2811394787,3,0.00022468158997368537,C
2811394787,3,-0.00028684154158020725,C
2811394787,3,0.0007735775809463163,C
19852674,3,-0.00022451652735888672,C
19852674,3,0.0030346465418261692,C
19852674,3,0.0009391414976649415,C
19852674,3,0.0011272274580591546,C
19852674,3,0.001531804387285396,C
1861965050,3,-0.00033283158874120033,C
1861965050,3,-0.00020562956412462086,C
1861965050,3,-0.00011959638840863818,C
1861965050,3,-0.000418066955178209,C
1861965050,3,-0.00036403423844855176,C
2423543607,3,-2.112874353632499e-05,C
2423543607,3,6.911103115581074e-05,C
2423543607,3,8.144687554367813e-05,C
2423543607,3,-0.00020154535912342286,C
2423543607,3,-9.032757978233441e-05,C
1257718710,3,-0.000515661011038504,C
1257718710,3,-0.002149873187460738,C
1257718710,3,1.9576376348862112e-05,C
1257718710,3,-0.0014450662250734547,C
1257718710,3,0.0006413978472444848,C
2784506312,3,0.0011541791425235814,C
2784506312,3,3.780505120620781e-05,C
2784506312,3,0.0003835630498969511,C
2784506312,3,0.0015227956311599788,C
2784506312,3,0.0005535202265581907,C
3818546315,3,-0.00030073225219584554,C
3818546315,3,-0.0005607382171390896,C
3818546315,3,-0.00021057690002246332,C
3818546315,3,0.00014696169679517812,C
3818546315,3,0.000210935092933906,C
3657471097,3,-0.0011105789434593394,C
3657471097,3,-0.003728352084824582,C
3657471097,3,-0.0036302066444268144,C
3657471097,3,-0.002380433846801977,C
3657471097,3,-0.005115046613758167,C
2360741695,3,0.005966488166728734,C
2360741695,3,0.011254942607342278,C
2360741695,3,0.007963045054169782,C
2360741695,3,0.006287503335534406,C
2360741695,3,0.004993288270762175,C
551287920,3,-0.0017298444781811417,C
551287920,3,-0.001331636333112507,C
551287920,3,0.002484234572239008,C
551287920,3,-0.0007896676209441233,C
551287920,3,-0.0021196146995327014,C
1842898132,3,0.0007302934467412481,C
1842898132,3,0.001627926359053844,C
1842898132,3,0.002319726226976404,C
1842898132,3,0.004924923536124726,C
1842898132,3,0.0012147162685186563,C
2832976762,3,0.000867937262395313,C
2832976762,3,0.0009374740611028942,C
2832976762,3,0.0001765654290662999,C
2832976762,3,0.00035550901437042537,C
2832976762,3,0.0004670484549658127,C
2309124039,3,0.005034360076271227,C
2309124039,3,0.006182004693288556,C
2309124039,3,0.00393598929804706,C
2309124039,3,0.003555150305822097,C
2309124039,3,0.0032023367112614665,C
2591432844,3,0.0011714953331046773,N
2591432844,3,0.0002986310736025066,N
2591432844,3,0.0007789610571413697,N
2591432844,3,-3.865067981334569e-05,N
2591432844,3,-0.00048266223141846254,N
963029399,3,0.0016779401184254805,N
963029399,3,0.0026395097692609726,N
963029399,3,0.0011996356114317708,N
963029399,3,0.005301585781806062,N
963029399,3,0.006308525512993213,N
3884454603,3,-0.0005701391540839928,C
3884454603,3,0.0010730521063422316,C
3884454603,3,0.0011657004879511712,C
3884454603,3,-0.00014195011868900487,C
3884454603,3,0.000979632501593941,C
4089138501,3,0.002829712514086702,C
4089138501,3,0.005167581828158796,C
4089138501,3,0.003843004599644817,C
4089138501,3,-0.000621286947977362,C
4089138501,3,0.000988311941902631,C
932712697,3,-0.001536559889134148,O
932712697,3,-0.0022083133902333074,O
932712697,3,-0.0021943978318287316,O
932712697,3,-0.0017133139606523295,O
932712697,3,-0.0020859539649912273,O
1634606847,3,-0.00027330810472425693,N
1634606847,3,-0.001143647082966548,N
1634606847,3,-0.00099411335160704,N
1634606847,3,-0.001014245695830307,N
1634606847,3,-0.001114849224943426,N
3624155,3,0.0010843916334684067,C
3624155,3,0.0011863873737868458,C
3624155,3,0.00017116492122404292,C
3624155,3,0.00044785243876599434,C
3624155,3,0.001315997799512858,C
161963127,3,0.00016193697153743525,C
161963127,3,0.0003924267172882301,C
161963127,3,0.00024461324696356535,C
161963127,3,0.00010486907497175846,C
161963127,3,7.530592888715937e-05,C
2257970297,3,-0.0007539708428326852,C
2257970297,3,0.0005440819729350954,C
2257970297,3,-0.00036648596593058524,C
2257970297,3,0.00035840167749967566,C
2257970297,3,0.0007443627414542853,C
787069595,3,-0.0005999548618841333,C
787069595,3,-0.0001001076020760161,C
787069595,3,0.000731281112451021,C
787069595,3,-0.0011554912256884764,C
787069595,3,0.0007220362687253568,C
517457164,3,-0.0002774817846038502,C
517457164,3,-0.0008840646684590281,C
517457164,3,-0.0008386655071705995,C
517457164,3,0.00020647713308630244,C
517457164,3,-0.0012311398384242667,C
3207567135,3,8.213471547335871e-05,C
3207567135,3,-0.0006892398042595005,C
3207567135,3,-0.0005244256914517242,C
3207567135,3,0.0009600564435321424,C
3207567135,3,0.0008431222701600349,C
435232729,3,0.0002686102942446311,N
435232729,3,0.001583692700419581,N
435232729,3,-0.0007643541478800087,N
435232729,3,-0.00443706491159479,N
435232729,3,0.0004113968316683536,N
2806018737,3,0.0007789886351107222,C
2806018737,3,0.0023580715656779105,C
2806018737,3,0.0024162277338671823,C
2806018737,3,0.004333234164302091,C
2806018737,3,0.002227667465292682,C
4008337421,3,-3.9802996400384316e-05,C
4008337421,3,-0.0011847757934875247,C
4008337421,3,-0.0007448883278858842,C
4008337421,3,-0.0010354414731185146,C
4008337421,3,0.0006286110528883615,C
3026394695,3,-0.00030821443042783336,C
3026394695,3,-0.0007820594210329324,C
3026394695,3,-0.0010542349137948603,C
3026394695,3,-0.000838285867094335,C
3026394695,3,-0.0011376800464054648,C
2296565457,3,-0.004361210942035565,N
2296565457,3,0.0015584956968137664,N
2296565457,3,0.006281875653418978,N
2296565457,3,-0.003630014383187108,N
2296565457,3,-0.002850497923817641,N
2089117413,3,-0.002535371259204222,C
2089117413,3,-0.0009138673059509994,C
2089117413,3,-0.0011579080905503858,C
2089117413,3,0.0003263019222254915,C
2089117413,3,-0.001721381149229928,C
572760528,3,-0.00014858921495930488,C
572760528,3,0.0018134674168838183,C
572760528,3,-0.00012033757477236673,C
572760528,3,0.0004266498138536523,C
572760528,3,-0.0008160768201677104,C
3002759401,3,-0.0008742163013286675,C
3002759401,3,-0.003091913925203138,C
3002759401,3,-0.004533320173448097,C
3002759401,3,-0.0017462171791501335,C
3002759401,3,-0.003295244096212957,C
3118255683,3,-0.0046762403678229925,N
3118255683,3,-0.0026117205705287194,N
3118255683,3,-0.004288122669937833,N
3118255683,3,-0.007751111780043396,N
3118255683,3,-0.0067781735453107395,N
74537039,3,0.0,C
74537039,3,0.0,C
74537039,3,0.0,C
74537039,3,0.0,C
74537039,3,0.0,C
2473389857,3,0.005173427512585205,C
2473389857,3,0.003150162084385788,C
2473389857,3,0.004200913571332787,C
2473389857,3,0.0029676031192246155,C
2473389857,3,0.004925521987831583,C
899522707,3,0.0,C
899522707,3,0.0,C
899522707,3,0.0,C
899522707,3,0.0,C
899522707,3,0.0,C
675765711,3,3.305934097075358e-05,C
675765711,3,5.804082943705602e-06,C
675765711,3,4.785140623519979e-06,C
675765711,3,-1.9277905665915362e-05,C
675765711,3,2.6577055703524977e-05,C
1313967653,3,0.003036740170536345,C
1313967653,3,-0.00013199635840843715,C
1313967653,3,-0.0002191768802215499,C
1313967653,3,0.0022870816048405906,C
1313967653,3,0.00038722331663321174,C
3855312692,3,0.0,C
3855312692,3,0.0,C
3855312692,3,0.0,C
3855312692,3,0.0,C
3855312692,3,0.0,C
1083852209,3,8.821833701855297e-05,N
1083852209,3,-6.362343231502976e-05,N
1083852209,3,-5.2543534025395466e-05,N
1083852209,3,0.0003342172504435803,N
1083852209,3,0.00025256369549386815,N
2905660137,3,0.0,C
2905660137,3,0.0,C
2905660137,3,0.0,C
2905660137,3,0.0,C
2905660137,3,0.0,C
3579962709,3,0.0011945281484281312,C
3579962709,3,0.0013307920137040075,C
3579962709,3,0.0007785550627935622,C
3579962709,3,0.0012641471577881092,C
3579962709,3,0.0009573696741768112,C
4041573576,3,0.0014019572225971721,C
4041573576,3,0.0012816540736665383,C
4041573576,3,0.002373073875613474,C
4041573576,3,0.00024431456184736966,C
4041573576,3,0.0018394827937598945,C
64070612,3,0.005375599372705264,C
64070612,3,-0.0026210572035914037,C
64070612,3,0.002063402466177089,C
64070612,3,0.003411762926289086,C
64070612,3,0.0013425391877956994,C
729796064,3,0.0017925813475716534,C
729796064,3,0.0035941732720051744,C
729796064,3,0.0018110281473812107,C
729796064,3,0.0022687518976306498,C
729796064,3,0.0025778678537135002,C
1070821685,3,6.925762235732158e-05,C
1070821685,3,-0.00037839921792770514,C
1070821685,3,-0.0001393723681557546,C
1070821685,3,-0.0002764101663431662,C
1070821685,3,-5.4640601633071384e-05,C
3820826669,3,-9.150774719357546e-05,C
3820826669,3,-0.0005873506448617061,C
3820826669,3,0.004446098366229334,C
3820826669,3,0.001133199924789774,C
3820826669,3,0.002107893158339591,C
2223687999,3,0.0018688898278681476,C
2223687999,3,0.0033569655205406557,C
2223687999,3,-0.0024243767364187097,C
2223687999,3,-0.0004306571104422119,C
2223687999,3,-0.0039427273098336935,C
2435680164,3,-0.00022148828331258752,N
2435680164,3,0.0002966140425132435,N
2435680164,3,-0.0009088320160463015,N
2435680164,3,-0.0024796111686580247,N
2435680164,3,0.0005841448629830825,N
600629739,3,0.0005005858310508371,N
600629739,3,0.002091123543644602,N
600629739,3,0.0020099807964477634,N
600629739,3,0.0006434340594926313,N
600629739,3,-0.00197204253723271,N
2370996728,3,-0.0013626355490006237,C
2370996728,3,-0.0019019502007319167,C
2370996728,3,-0.0019002343267937594,C
2370996728,3,-0.0017910169202460802,C
2370996728,3,0.0005211054101049717,C
266675433,3,0.0003430598488076697,O
266675433,3,0.0005907615623401696,O
266675433,3,-0.0004544289247513378,O
266675433,3,0.00025870190326149345,O
266675433,3,-8.197314447466741e-05,O
2720313463,3,0.004854895944855331,C
2720313463,3,-0.0002627048506773644,C
2720313463,3,0.005881539632124344,C
2720313463,3,0.0010810230954831912,C
2720313463,3,-0.002749459349032035,C
847433064,3,0.00339571831861718,N
847433064,3,0.00010550314982149533,N
847433064,3,-0.000220464597961878,N
847433064,3,-0.002053396986281042,N
847433064,3,-0.003514156179971417,N
2551483158,3,-0.0034865714474547893,N
2551483158,3,-0.0014039370431754294,N
2551483158,3,-0.0026217871920545255,N
2551483158,3,0.0008469953674020703,N
2551483158,3,-0.003635589298386699,N
3933537673,3,0.0018764610264988546,C
3933537673,3,0.0004238945851005038,C
3933537673,3,-0.0004309800221744542,C
3933537673,3,0.001443657982326263,C
3933537673,3,1.259758949012646e-05,C
3458774156,3,0.0006431527067061182,N
3458774156,3,-0.0034556121135170814,N
3458774156,3,0.0010330671186116192,N
3458774156,3,0.0004861908677423754,N
3458774156,3,-0.0001734830037509738,N
642367021,3,0.00038708200759851596,C
642367021,3,0.00022086739309445935,C
642367021,3,0.00028179661595595373,C
642367021,3,0.00019445535827999905,C
642367021,3,-0.00010744160450193441,C
847336149,3,5.899503994810651e-05,N
847336149,3,-0.002632607480778315,N
847336149,3,-0.0017204013905892657,N
847336149,3,-0.00050009136091822,N
847336149,3,-0.000577698512702951,N
3182177290,3,0.0009480959985084247,C
3182177290,3,0.0005078468269096303,C
3182177290,3,0.000518131263216981,C
3182177290,3,0.00020877504249339207,C
3182177290,3,0.0005097310901810426,C
1167322652,3,0.004808406690661404,C
1167322652,3,0.0036289718749437094,C
1167322652,3,0.002884114574901231,C
1167322652,3,0.0011145479748922993,C
1167322652,3,3.864452455681899e-05,C
3796841743,3,0.00619120850122612,C
3796841743,3,0.0029024074216786877,C
3796841743,3,0.002696756923279975,C
3796841743,3,0.007227503362541299,C
3796841743,3,0.005004118952871117,C
1730555933,3,0.003440537268334487,C
1730555933,3,0.0009955950244509015,C
1730555933,3,0.002214286004579624,C
1730555933,3,0.0015676418830291583,C
1730555933,3,0.004220952315449167,C
1583799011,3,8.886955416675946e-05,C
1583799011,3,4.5738263034222904e-05,C
1583799011,3,0.00017328253154946793,C
1583799011,3,4.051919178482688e-05,C
1583799011,3,-1.2535806553137796e-05,C
3908647167,3,0.0006983520735210913,C
3908647167,3,0.0019248986812984148,C
3908647167,3,0.0014331363364430416,C
3908647167,3,-0.0004409370713839289,C
3908647167,3,0.0012754819378031357,C
271903915,3,0.00041737157703347627,N
271903915,3,-0.00026621784900338064,N
271903915,3,-1.5138312981610724e-05,N
271903915,3,0.00015770585946561777,N
271903915,3,0.00041655576338084366,N
2447826885,3,8.861646485802677e-05,C
2447826885,3,4.947154791934416e-05,C
2447826885,3,0.00018902891256045162,C
2447826885,3,-8.177231332839874e-05,C
2447826885,3,8.040894557803657e-05,C
1791271074,3,0.0005495064005446304,S
1791271074,3,-0.0016670286452942218,S
1791271074,3,0.0027670383167359702,S
1791271074,3,0.0006890762971012432,S
1791271074,3,0.0024855584272808207,S
3976623167,3,2.5821882655652217e-05,C
3976623167,3,0.0010500718676929033,C
3976623167,3,0.0014286046570032296,C
3976623167,3,0.00046989244124573393,C
3976623167,3,0.0007176751250553837,C
966311396,3,-4.8850702196734375e-05,C
966311396,3,-0.0007827971620026908,C
966311396,3,0.0016798933590329579,C
966311396,3,0.0008492415543089882,C
966311396,3,-0.0007128519557360047,C
1323467736,3,-0.0003182951767320974,C
1323467736,3,0.0012824629428044299,C
1323467736,3,-0.00036311544915546,C
1323467736,3,0.00040588907703420496,C
1323467736,3,-0.0003969188183871042,C
411967733,3,0.000783740356229301,C
411967733,3,0.0008020575634064553,C
411967733,3,0.0002460313805883185,C
411967733,3,0.0002481840488576248,C
411967733,3,0.00022375341635760826,C
3545365497,3,0.005271952049867745,C
3545365497,3,0.003525098864628373,C
3545365497,3,0.0031889749926583555,C
3545365497,3,0.002355514964657468,C
3545365497,3,0.004103775141814592,C
3796359118,3,-0.001715877267426058,C
3796359118,3,0.00033320865907315866,C
3796359118,3,-0.0014762868236991578,C
3796359118,3,-0.00010541504309369287,C
3796359118,3,0.00033092989662930616,C
36538691,3,0.00040133354256555176,C
36538691,3,0.0008682828321093794,C
36538691,3,0.00023837572665008633,C
36538691,3,0.0004790411447557208,C
36538691,3,0.0007095517578521449,C
2649902721,3,-0.00019265723970340876,C
2649902721,3,-0.00011636822784755196,C
2649902721,3,-6.245251884662295e-05,C
2649902721,3,-0.0003867462671359734,C
2649902721,3,2.6086376858303062e-05,C
994237755,3,0.0008017649717222408,C
994237755,3,-0.00017952105972307564,C
994237755,3,0.00046732445130837075,C
994237755,3,0.0013701807684708411,C
994237755,3,0.0002841506921504866,C
1961848637,3,-0.0004541555074077941,C
1961848637,3,5.0838325695190534e-05,C
1961848637,3,-0.00018277356778206855,C
1961848637,3,-0.0001731277658570951,C
1961848637,3,-9.850538644906592e-05,C
3004333805,3,-3.518176238515025e-05,C
3004333805,3,-0.00010326592261433731,C
3004333805,3,0.00010083852230136081,C
3004333805,3,3.1564763205871316e-05,C
3004333805,3,4.469616166002943e-05,C
4033380444,3,-0.00533569491134811,C
4033380444,3,-0.0023508493590336244,C
4033380444,3,-0.0007892953526412727,C
4033380444,3,-0.0028392143914508505,C
4033380444,3,-0.00689205437448881,C
619920801,3,0.0002828510186552169,C
619920801,3,0.0012093483359455481,C
619920801,3,0.0007939300428678742,C
619920801,3,0.00060440761084124,C
619920801,3,-0.0004348733630701318,C
3334525955,3,0.0003097144661173834,C
3334525955,3,0.00049501908810623,C
3334525955,3,0.0002486457412121945,C
3334525955,3,0.0006317068536972892,C
3334525955,3,0.000690762801373368,C
3994088662,3,0.0013732527925306437,C
3994088662,3,0.001256308406043738,C
3994088662,3,0.0018252446420585766,C
3994088662,3,0.000980780371453549,C
3994088662,3,0.00035059731640962877,C
3596485316,3,6.190437010999972e-06,C
3596485316,3,-0.0003044939207458297,C
3596485316,3,-0.0006578567197627061,C
3596485316,3,-0.0006212515972715549,C
3596485316,3,0.001590194669232492,C
171200514,3,-0.00019998520544228793,C
171200514,3,-0.0007211676903534636,C
171200514,3,-0.0007646829399003963,C
171200514,3,-0.0006035181991584926,C
171200514,3,-0.0005188378629569224,C
970433791,3,-5.5285786460967934e-05,C
970433791,3,-0.0008316397323627767,C
970433791,3,-0.00044247852682310906,C
970433791,3,0.00012305865275674677,C
970433791,3,-0.00021650816952001328,C
685125387,3,-0.00034590405940870816,C
685125387,3,-3.594039930654436e-05,C
685125387,3,7.968618451648091e-05,C
685125387,3,-3.8789375198078346e-05,C
685125387,3,0.00018414361494234477,C
2835079913,3,0.0007253143162619935,C
2835079913,3,0.0019171924470302582,C
2835079913,3,0.002463152036175864,C
2835079913,3,0.0015797561545359828,C
2835079913,3,0.00519512438342673,C
1352399629,3,-0.00036647296424663356,O
1352399629,3,0.0001664094473357025,O
1352399629,3,-0.0015021055751880397,O
1352399629,3,0.00034557795284628767,O
1352399629,3,-0.0010664072862797136,O
416356657,3,0.0006107904361754013,C
416356657,3,0.0004393560314643885,C
416356657,3,0.0007868387938720911,C
416356657,3,0.0006726404358899929,C
416356657,3,0.001380733337026152,C
1535166686,3,0.0001835881351938129,O
1535166686,3,-0.0007535289288659319,O
1535166686,3,-0.0003685394095953587,O
1535166686,3,-0.00015941382106032798,O
1535166686,3,-0.0008276619314235845,O
589930590,3,0.00024861062724257366,C
589930590,3,0.0010516396567541442,C
589930590,3,0.0013120454453057206,C
589930590,3,0.0002553558931344124,C
589930590,3,0.0003644249298676572,C
2463614838,3,-0.0007168977544438349,C
2463614838,3,-0.0006511554320317581,C
2463614838,3,-0.0005253622416377945,C
2463614838,3,-0.0005050797422377906,C
2463614838,3,-0.0006084700461925774,C
1871221615,3,-0.001159372648242618,C
1871221615,3,-0.0010177364900318953,C
1871221615,3,-0.0015753405936484999,C
1871221615,3,-0.0007909067803991698,C
1871221615,3,-0.0018561363926368202,C
3482873808,3,0.004536815934396254,C
3482873808,3,0.004215499223850561,C
3482873808,3,0.008076993979107328,C
3482873808,3,0.007004791276007616,C
3482873808,3,0.003713820575539928,C
553412256,3,-0.0012483909235549984,C
553412256,3,-0.00031640027582147123,C
553412256,3,-0.0013347650099985175,C
553412256,3,0.0001511675047890515,C
553412256,3,-0.0016897850268058345,C
135980867,3,0.0,C
135980867,3,0.0,C
135980867,3,0.0,C
135980867,3,0.0,C
135980867,3,0.0,C
1445852595,3,-0.00022157127315214353,C
1445852595,3,-0.00037722382670390964,C
1445852595,3,8.647703747688418e-05,C
1445852595,3,-0.0010803203626494895,C
1445852595,3,0.00038039319436056207,C
2434373675,3,-0.0023934194913852735,N
2434373675,3,-1.5077768967808325e-06,N
2434373675,3,0.0010383631617610911,N
2434373675,3,-0.0014305793867156469,N
2434373675,3,0.0006562264960968678,N
2939120473,3,0.0,
2939120473,3,0.0,
2939120473,3,0.0,
2939120473,3,0.0,
2939120473,3,0.0,
3203709451,3,-0.0023533572384301094,O
3203709451,3,-0.0017094629383108684,O
3203709451,3,-6.50709799409066e-05,O
3203709451,3,-0.00020631367161227931,O
3203709451,3,-0.0015235462970818459,O
368531313,3,-0.002750626735178785,C
368531313,3,-0.0036821764359549203,C
368531313,3,-0.0018918019913428674,C
368531313,3,-0.0003675295816734092,C
368531313,3,-0.001986335617009116,C
3176806076,3,0.005954165973883652,C
3176806076,3,0.008300274667423002,C
3176806076,3,0.002861319262678519,C
3176806076,3,0.004494240357718726,C
3176806076,3,0.0052521316156541875,C
2614860224,3,-0.0008805632516588613,C
2614860224,3,-0.0009340514428024527,C
2614860224,3,-0.001303734224970321,C
2614860224,3,-0.002352816077241471,C
2614860224,3,-0.0006229251384082257,C
2297887526,3,-0.0009933568969117124,N
2297887526,3,0.00014940976767940928,N
2297887526,3,-0.0004951765268295105,N
2297887526,3,-0.0013968233144078246,N
2297887526,3,-0.000840372962864322,N
623728226,3,0.0017556550212991517,C
623728226,3,0.0006654173060550717,C
623728226,3,0.0009415312501203088,C
623728226,3,0.0017166346204419147,C
623728226,3,0.0027086041239762215,C
603510687,3,-4.327572984819117e-05,C
603510687,3,0.00042820426969036873,C
603510687,3,0.00033264949922540143,C
603510687,3,0.0010118377916785715,C
603510687,3,0.0004782044014114417,C
725322217,3,-0.001824802292687333,C
725322217,3,-0.0032737632704652464,C
725322217,3,-0.0014452106228346473,C
725322217,3,-0.0008376287008553529,C
725322217,3,-0.0014232469482479138,C
434423882,3,0.00023126175203336263,C
434423882,3,0.0002789340128465101,C
434423882,3,0.00017383516049118697,C
434423882,3,0.00011901721226836859,C
434423882,3,0.00012141939275234215,C
548743766,3,-0.0005537295315649615,C
548743766,3,-0.00013754364171325584,C
548743766,3,-0.00026193441520971916,C
548743766,3,-0.0005675559834267263,C
548743766,3,-2.5528039542255243e-05,C
1399127774,3,0.0025956011240894084,C
1399127774,3,0.0012213320324833132,C
1399127774,3,-0.0005027029012518724,C
1399127774,3,-0.00016308733056569213,C
1399127774,3,0.00115244873025655,C
2629723425,3,0.0,C
2629723425,3,0.0,C
2629723425,3,0.0,C
2629723425,3,0.0,C
2629723425,3,0.0,C
1542633699,3,0.0003618760486199246,O
1542633699,3,-3.645557593268123e-05,O
1542633699,3,0.0001568105555788124,O
1542633699,3,0.00029523742640757966,O
1542633699,3,0.00038551743558579155,O
1824088295,3,-0.00023276530399762851,C
1824088295,3,0.00063117487577391,C
1824088295,3,0.0004516213463461316,C
1824088295,3,-0.0005128786473032054,C
1824088295,3,0.0001008586657293975,C
1078211001,3,0.0002443382173602515,O
1078211001,3,-0.0007536346613093992,O
1078211001,3,0.0004660600436593443,O
1078211001,3,0.001449919877682504,O
1078211001,3,0.0017665847073002894,O
579286581,3,0.0014040609297412132,C
579286581,3,0.001602070521707577,C
579286581,3,0.0007161422087642588,C
579286581,3,0.0010838493589891973,C
579286581,3,0.0014616791985261335,C
476060908,3,-0.0003946025674239628,C
476060908,3,-0.0003911937424112555,C
476060908,3,4.8223021559268275e-05,C
476060908,3,-0.0007532204039065737,C
476060908,3,-0.000563378229408551,C
2154935424,3,0.0014581266274211746,O
2154935424,3,0.0018441150813922613,O
2154935424,3,0.000696087642987564,O
2154935424,3,0.0022849684986310237,O
2154935424,3,0.0016965672347059035,O
4256524850,3,0.001355545077435627,C
4256524850,3,0.002485420910597669,C
4256524850,3,0.0013641379904725248,C
4256524850,3,0.001281535556838409,C
4256524850,3,0.0004901675756198154,C
3980805843,3,-0.0017463007044823398,C
3980805843,3,-0.00193262297423491,C
3980805843,3,-0.002243904898538096,C
3980805843,3,-0.002274920040640449,C
3980805843,3,-0.0020567408605913773,C
3594646603,3,0.003882100795184029,C
3594646603,3,0.0016271706492775317,C
3594646603,3,0.0030695515399918882,C
3594646603,3,0.001981654890669482,C
3594646603,3,0.0030246817712596963,C
4036277955,3,-0.00041401389291251256,C
4036277955,3,-0.0015448306634083808,C
4036277955,3,0.00013721774270381015,C
4036277955,3,0.0008230022887411037,C
4036277955,3,-0.002758637721250734,C
3554022385,3,0.00012634328059424327,C
3554022385,3,-0.001974562644485367,C
3554022385,3,-0.0010965978107748686,C
3554022385,3,-0.0005419863441462613,C
3554022385,3,-0.0003020756204064057,C
571978829,3,0.0009061288492187014,C
571978829,3,0.00046275612990387405,C
571978829,3,-3.091631505880432e-05,C
571978829,3,-0.0013503959515674957,C
571978829,3,0.00162209463545393,C
4011293459,3,-0.0007203969509945729,C
4011293459,3,3.173612796836256e-05,C
4011293459,3,1.5570533358544303e-05,C
4011293459,3,-4.3209017117629145e-05,C
4011293459,3,0.00010122581587723722,C
1378530689,3,0.0,C
1378530689,3,0.0,C
1378530689,3,0.0,C
1378530689,3,0.0,C
1378530689,3,0.0,C
1858577693,3,-0.0007810227967381955,C
1858577693,3,-0.0002895350582931,C
1858577693,3,6.741422285694298e-05,C
1858577693,3,8.350996212314055e-05,C
1858577693,3,-3.063329315766694e-07,C
3120642300,3,0.0017879308387266368,C
3120642300,3,0.0016860245114483918,C
3120642300,3,0.0006963601377557582,C
3120642300,3,0.00040370190494443126,C
3120642300,3,0.0012302178978913503,C
2594220197,3,-0.0025605742687768718,C
2594220197,3,-0.0013129373950246936,C
2594220197,3,-0.0008483538237785693,C
2594220197,3,-0.0011627943472496405,C
2594220197,3,-0.0009152708796321685,C
1693331843,3,-0.0006432274162879725,N
1693331843,3,0.000458234622792264,N
1693331843,3,-0.000759730281709392,N
1693331843,3,-0.0001768195611531187,N
1693331843,3,0.0005334963747881671,N
1868602760,3,-0.0025024694100401756,N
1868602760,3,-0.002005862516006429,N
1868602760,3,-0.00030481981137797654,N
1868602760,3,0.0001978682510715979,N
1868602760,3,-0.0006958781732263608,N
1842114921,3,-0.002122369920828704,C
1842114921,3,-0.0028007466057663466,C
1842114921,3,-0.0021006318207286157,C
1842114921,3,-0.0025365224269742193,C
1842114921,3,-0.0025016706367649855,C
2021812431,3,0.0023295045276460202,N
2021812431,3,0.0009335090581794603,N
2021812431,3,0.0006650667870412574,N
2021812431,3,0.0014563164237132442,N
2021812431,3,0.0009874449179374523,N
4197146180,3,-0.0025223464352381875,O
4197146180,3,0.0043435853385274115,O
4197146180,3,0.00015698224379878667,O
4197146180,3,0.0003712701537735841,O
4197146180,3,-0.0003030005079459608,O
3121777292,3,0.004602949915118004,N
3121777292,3,0.004451997322661216,N
3121777292,3,0.00036184476627454387,N
3121777292,3,0.0024881318769088834,N
3121777292,3,0.0013236495759848532,N
2752034647,3,0.0010948622973727673,C
2752034647,3,0.0002684804945290997,C
2752034647,3,0.001090191783036376,C
2752034647,3,0.00026507425633692794,C
2752034647,3,0.0003448587620380472,C
3614376044,3,-4.617963800690461e-06,C
3614376044,3,0.00023430381488520613,C
3614376044,3,1.7113045511329972e-05,C
3614376044,3,6.6881141791430565e-06,C
3614376044,3,2.0061942258009502e-05,C
3266129148,3,-0.0008032029287825537,S
3266129148,3,-0.0003812099720224005,S
3266129148,3,-0.0011252883244156076,S
3266129148,3,-0.001008268010309843,S
3266129148,3,-0.0002865151829231083,S
3346539298,3,0.0025080714728047404,N
3346539298,3,0.00328083088786435,N
3346539298,3,0.0023021302368498864,N
3346539298,3,0.003776133427230044,N
3346539298,3,0.0030158876672491397,N
2513428378,3,0.0003693802890352149,C
2513428378,3,-0.0006344649946516956,C
2513428378,3,0.0007545538547035768,C
2513428378,3,-0.00028166904217097333,C
2513428378,3,-0.0005230698370244369,C
2827868305,3,0.002095270799368887,C
2827868305,3,0.0035811106003692528,C
2827868305,3,0.003953980716797978,C
2827868305,3,0.001275429385445337,C
2827868305,3,0.002225636586666302,C
1153219603,3,-0.0021280827142056147,C
1153219603,3,-0.0004697141346164946,C
1153219603,3,6.0527039308033714e-05,C
1153219603,3,-0.0009105137272095165,C
1153219603,3,-0.0023348116702484045,C
516041383,3,-0.0002252639753079766,C
516041383,3,-0.00021442701432738964,C
516041383,3,-0.00027891792147638483,C
516041383,3,-0.00018120069478344547,C
516041383,3,1.658829156214736e-05,C
312306367,3,-0.001329086443085603,C
312306367,3,-0.0009397333474242542,C
312306367,3,-0.0007434884154039478,C
312306367,3,-0.001013834934101121,C
312306367,3,0.0004763114849249961,C
3925172229,3,-0.0002579082020471857,C
3925172229,3,0.00043602339440640403,C
3925172229,3,-3.2195589963368576e-05,C
3925172229,3,4.1912872091876e-05,C
3925172229,3,0.0006466108423982542,C
118059098,3,0.000859715228134661,C
118059098,3,0.0013472275308464843,C
118059098,3,0.0009145142780228044,C
118059098,3,-0.00016836515250850947,C
118059098,3,-0.0005340645490572449,C
3981762496,3,0.0011494941739322861,C
3981762496,3,0.0031246991097987342,C
3981762496,3,0.0037390311073522975,C
3981762496,3,0.002993357382861217,C
3981762496,3,0.0016812263945247263,C
2122981102,3,0.0,
2122981102,3,0.0,
2122981102,3,0.0,
2122981102,3,0.0,
2122981102,3,0.0,
1506563592,3,-8.740147432595435e-05,C
1506563592,3,-4.767943722405743e-05,C
1506563592,3,0.00010986975419213785,C
1506563592,3,-2.311926332132508e-05,C
1506563592,3,-6.813752267154083e-05,C
2604440622,3,0.0018695406373190337,C
2604440622,3,0.0011319174332852233,C
2604440622,3,0.002182139540464312,C
2604440622,3,0.001724270420095042,C
2604440622,3,0.0002913752512523349,C
1717044408,3,-0.0020648938911476122,C
1717044408,3,-0.001436360563361716,C
1717044408,3,-0.0011117118443573215,C
1717044408,3,-0.0005498275803018648,C
1717044408,3,-0.0014038973719876502,C
2646219661,3,9.822410985715901e-05,C
2646219661,3,-4.2880724475446996e-05,C
2646219661,3,2.3001120972643285e-05,C
2646219661,3,6.714026764842451e-05,C
2646219661,3,5.130563238808783e-05,C
128522177,3,-0.0012801896881281527,C
128522177,3,-9.086001395408605e-05,C
128522177,3,-0.00199885327756677,C
128522177,3,-0.0009355883808288556,C
128522177,3,-0.0016082674602870828,C
2459741777,3,0.007763246434175253,O
2459741777,3,0.003749628974295427,O
2459741777,3,0.0003137626466086507,O
2459741777,3,-0.000597104989224384,O
2459741777,3,0.000215062539592914,O
3612926680,3,-0.00012230328465978602,Br
3612926680,3,-0.00013626256207255327,Br
3612926680,3,0.0005626737910662261,Br
3612926680,3,-0.000836099084424391,Br
3612926680,3,-0.0007895165614956179,Br
1792562719,3,-0.005181275177188582,S
1792562719,3,-0.005134765705234301,S
1792562719,3,-0.004744088298535565,S
1792562719,3,-0.003265777959776117,S
1792562719,3,-0.0011111325907253722,S
868576692,3,0.0,
868576692,3,0.0,
868576692,3,0.0,
868576692,3,0.0,
868576692,3,0.0,
1999904870,3,0.0003352910441694057,C
1999904870,3,0.0004586391338829987,C
1999904870,3,0.0006335346552842624,C
1999904870,3,-0.000650060498833982,C
1999904870,3,-0.0027837352720953,C
3532053313,3,0.0,S
3532053313,3,0.0,S
3532053313,3,0.0,S
3532053313,3,0.0,S
3532053313,3,0.0,S
592593828,3,0.00025498288566583316,C
592593828,3,0.0002215807485004273,C
592593828,3,-5.0597506164540285e-05,C
592593828,3,0.00010510199475222137,C
592593828,3,0.00036432380370132744,C
3632350815,3,0.0005775359772479671,Br
3632350815,3,-0.0003729757003891887,Br
3632350815,3,-0.0006353727931297515,Br
3632350815,3,-0.00043169950185761863,Br
3632350815,3,-0.0003363572161703132,Br
3025629386,3,0.001233909888729845,C
3025629386,3,0.000661010590489175,C
3025629386,3,0.000566501168510869,C
3025629386,3,0.000800581915347709,C
3025629386,3,0.0005212646633926399,C
3594696610,3,-0.00017668899189815512,C
3594696610,3,-0.0005599649831052878,C
3594696610,3,8.153166263769052e-05,C
3594696610,3,-0.0007218281974844531,C
3594696610,3,-0.001481449648644384,C
2212573984,3,0.0023719808177167234,S
2212573984,3,7.253049889999197e-05,S
2212573984,3,-0.00010418853340032896,S
2212573984,3,0.00021420515220926806,S
2212573984,3,0.0005384345287798853,S
3157481675,3,0.0008558358414541001,C
3157481675,3,0.0003876181366966325,C
3157481675,3,0.0003325501970457001,C
3157481675,3,-0.00011889820856303412,C
3157481675,3,0.0014543114944114421,C
669222828,3,0.000912246175276743,C
669222828,3,-0.0005632941700389749,C
669222828,3,0.001800005645489322,C
669222828,3,0.0008707429413099543,C
669222828,3,0.0008913767711828946,C
1856075173,3,0.0,C
1856075173,3,0.0,C
1856075173,3,0.0,C
1856075173,3,0.0,C
1856075173,3,0.0,C
618671879,3,-0.0005500235032311895,C
618671879,3,0.0007424291337237987,C
618671879,3,0.0005194208549195167,C
618671879,3,-0.00022476889576261705,C
618671879,3,-0.00020542688274294285,C
714893496,3,0.0009853342091455941,C
714893496,3,0.0018710118080244031,C
714893496,3,0.00045833981222798137,C
714893496,3,0.0008953044182290482,C
714893496,3,0.0013522159708941883,C
1685248591,3,-0.0008025330803816955,C
1685248591,3,-0.001174813300051536,C
1685248591,3,-0.0006544905181001814,C
1685248591,3,-0.0008910939551498576,C
1685248591,3,0.0006281264636122108,C
2931695851,3,0.0023988415449477385,C
2931695851,3,0.0012267092914989286,C
2931695851,3,0.0025160036363929272,C
2931695851,3,0.0018056831469558388,C
2931695851,3,0.0037925827416206426,C
2222715027,3,-0.0002360212515200022,O
2222715027,3,-0.0002483365898313661,O
2222715027,3,-0.0006333672108425059,O
2222715027,3,0.00018626991230497048,O
2222715027,3,0.00014147134531505845,O
1026928756,3,0.0026638728426133795,S
1026928756,3,0.00402275482431691,S
1026928756,3,0.003649738773164768,S
1026928756,3,0.0041934255109283836,S
1026928756,3,0.005739191575110714,S
458993620,3,0.0031286823300344935,N
458993620,3,0.0011740149588280735,N
458993620,3,0.004077326699216788,N
458993620,3,0.003178932024014536,N
458993620,3,0.0018212425972176094,N
1549284008,3,-0.0015192315226427722,C
1549284008,3,-0.001802065092992633,C
1549284008,3,-0.0015241070346719843,C
1549284008,3,-0.0017863176790718915,C
1549284008,3,-0.002663125264913191,C
3510196525,3,-0.001940478513306032,N
3510196525,3,-0.0014605936051728108,N
3510196525,3,-0.00011563840537753833,N
3510196525,3,-0.0006251296032093734,N
3510196525,3,-0.0009153502068357522,N
909362583,3,0.0,C
909362583,3,0.0,C
909362583,3,0.0,C
909362583,3,0.0,C
909362583,3,0.0,C
2556855854,3,-0.0003093374052277609,C
2556855854,3,-0.0008906303754420142,C
2556855854,3,0.0003421334534927656,C
2556855854,3,0.001257233191523044,C
2556855854,3,-0.0011874439686682114,C
3888780669,3,-0.0017899046562934728,O
3888780669,3,-0.0022606049302384967,O
3888780669,3,-0.0012826228971404285,O
3888780669,3,-0.0004777804950558684,O
3888780669,3,0.00017529723238474126,O
2448572767,3,0.0,C
2448572767,3,0.0,C
2448572767,3,0.0,C
2448572767,3,0.0,C
2448572767,3,0.0,C
932692620,3,-0.000811062624399228,C
932692620,3,-0.0009630424285212991,C
932692620,3,-0.0007692858035315275,C
932692620,3,-0.0009418784861893181,C
932692620,3,-0.0010628987789493838,C
92620239,3,-0.0008727824659027217,C
92620239,3,-0.0011268851383159362,C
92620239,3,-0.0004146316515680759,C
92620239,3,-0.0008119870929566009,C
92620239,3,0.00021080155973762782,C
443932914,3,-0.0010702457776962104,N
443932914,3,0.00019948923631241122,N
443932914,3,0.00010475662757414295,N
443932914,3,0.00032987093113667765,N
443932914,3,-0.0014413361859335616,N
586636525,3,-6.0950497628553535e-05,C
586636525,3,-0.0008277439599221337,C
586636525,3,3.216647673887074e-06,C
586636525,3,0.00021302652659838106,C
586636525,3,-2.1755859064609417e-05,C
3462479532,3,0.0002207366286137713,C
3462479532,3,9.425789534545093e-05,C
3462479532,3,0.0004577695621132971,C
3462479532,3,6.0712144221874986e-05,C
3462479532,3,-0.000714342441974769,C
2222621677,3,-0.0004661965978607352,O
2222621677,3,-0.0003195155180149012,O
2222621677,3,-0.00031942084352787337,O
2222621677,3,-0.0001404149776329522,O
2222621677,3,0.00015460934878896992,O
328936174,3,0.003138288717758342,C
328936174,3,-0.0017750562176980234,C
328936174,3,0.0012994629457838691,C
328936174,3,0.0018822945121661494,C
328936174,3,0.001384640516923219,C
2154777022,3,-0.00041778536023751034,C
2154777022,3,-0.00027485468198251706,C
2154777022,3,-9.796003380346807e-05,C
2154777022,3,3.186895155948832e-05,C
2154777022,3,-0.0002539928025137028,C
3992410619,3,1.724416200798995e-05,C
3992410619,3,0.00014596801494104472,C
3992410619,3,0.000511204322636627,C
3992410619,3,-0.00023240840362559467,C
3992410619,3,0.00013812878202190682,C
3750444818,3,-0.0019158838611824658,C
3750444818,3,-0.004257457728587211,C
3750444818,3,-0.003968582678159915,C
3750444818,3,-0.003393041394882501,C
3750444818,3,-0.00202832992558033,C
2975126068,3,-0.0007189563615451755,N
2975126068,3,0.0001842154406203056,N
2975126068,3,0.0003887045983114179,N
2975126068,3,-0.0004548029364469519,N
2975126068,3,0.0024210442861676285,N
2477914203,3,3.4032221462032552e-06,N
2477914203,3,0.00012430886643843841,N
2477914203,3,2.6459465884087763e-05,N
2477914203,3,0.00010066841850320252,N
2477914203,3,3.4032221462032552e-06,N
353395765,3,-0.0010043333345097771,C
353395765,3,-0.0014547801884210454,C
353395765,3,-0.0005713520190370192,C
353395765,3,-0.001438476331487526,C
353395765,3,-0.0001929993665790164,C
69470421,3,4.9906251398113e-07,C
69470421,3,-1.130842313123992e-07,C
69470421,3,3.769679095544376e-07,C
69470421,3,-1.0924627136255083e-07,C
69470421,3,8.759206983732781e-06,C
540046244,3,1.311619078014914e-05,C
540046244,3,0.0018671662164851943,C
540046244,3,0.0002970451483169656,C
540046244,3,0.0017960369573863932,C
540046244,3,0.001700471287910843,C
4261830945,3,0.001095322684762312,C
4261830945,3,-0.0004374159830454749,C
4261830945,3,-0.002173269665286637,C
4261830945,3,-0.0023458141250225495,C
4261830945,3,0.00031036482178126157,C
3904721945,3,0.001779575755683882,C
3904721945,3,0.00011736205339152317,C
3904721945,3,0.0023084678724043517,C
3904721945,3,8.800171802603174e-06,C
3904721945,3,0.0018159696127959535,C
4055698890,3,0.00015457255803363878,N
4055698890,3,0.0004752540648765846,N
4055698890,3,7.878859482080003e-05,N
4055698890,3,7.03734172685655e-05,N
4055698890,3,7.606131757098566e-05,N
1738265797,3,0.00048519652631251464,C
1738265797,3,0.00026074688911448263,C
1738265797,3,-0.0002062844636824268,C
1738265797,3,-0.0003942937511292044,C
1738265797,3,-8.312933689857971e-06,C
2014543234,3,-0.00042863027789474817,C
2014543234,3,-0.0017223164026733961,C
2014543234,3,-0.0002665727647305216,C
2014543234,3,-0.0007071305026664643,C
2014543234,3,-0.0030025114574444567,C
2697110228,3,-4.389303884200224e-05,C
2697110228,3,0.00015092392643334396,C
2697110228,3,0.0002795320573808491,C
2697110228,3,-5.4543636462067724e-05,C
2697110228,3,4.129634682115135e-05,C
694069322,3,0.004111906113154928,N
694069322,3,0.003964528245504306,N
694069322,3,0.002724825662044017,N
694069322,3,0.00399194007993775,N
694069322,3,0.0030691998737293336,N
3120784405,3,0.0004942690370529634,C
3120784405,3,-0.000598690756596465,C
3120784405,3,0.00035209242853162515,C
3120784405,3,0.00040999036532185507,C
3120784405,3,0.0003454017031124801,C
2574917850,3,9.632350013699664e-05,C
2574917850,3,0.0005776385095673797,C
2574917850,3,0.00024104239045275033,C
2574917850,3,0.0009160186328976971,C
2574917850,3,0.0004584703159291603,C
644322065,3,0.00043247213217212366,C
644322065,3,0.0002554796911575785,C
644322065,3,0.0005029059262557922,C
644322065,3,0.00011640503241894251,C
644322065,3,-6.217226882376803e-05,C
4068239769,3,0.0,S
4068239769,3,0.0,S
4068239769,3,0.0,S
4068239769,3,0.0,S
4068239769,3,0.0,S
606428793,3,0.0,C
606428793,3,0.0,C
606428793,3,0.0,C
606428793,3,0.0,C
606428793,3,0.0,C
3304582332,3,-1.5654024082545348e-06,C
3304582332,3,1.3852714318973725e-06,C
3304582332,3,2.406412386801726e-06,C
3304582332,3,-2.037858232606382e-06,C
3304582332,3,1.2866601999506067e-05,C
3920757710,3,0.0006064231911225848,C
3920757710,3,0.001306563879802436,C
3920757710,3,0.0012829055620506846,C
3920757710,3,0.0018600139882408717,C
3920757710,3,0.0012973131079135891,C
2923200147,3,-9.406800347699917e-05,C
2923200147,3,1.0846807369402356e-05,C
2923200147,3,-0.0004968986447670964,C
2923200147,3,-0.0003982829578775826,C
2923200147,3,7.6852306120756e-05,C
1349404210,3,0.0007778047266254751,N
1349404210,3,0.0010476371465368839,N
1349404210,3,0.0012936228426152496,N
1349404210,3,0.00040358665937934024,N
1349404210,3,0.000305244200005772,N
2238101436,3,-1.91313840421925e-05,C
2238101436,3,8.658443283737771e-05,C
2238101436,3,-5.800536081568275e-06,C
2238101436,3,4.766488335739005e-05,C
2238101436,3,-8.198384104318723e-05,C
310913359,3,0.0008170600413793805,C
310913359,3,0.0004124290662200769,C
310913359,3,0.0008507032511189117,C
310913359,3,-0.00020329414312991734,C
310913359,3,-6.264885779849738e-05,C
4086265842,3,-0.001005430924097328,C
4086265842,3,-2.5560029785043348e-05,C
4086265842,3,-0.00021498002163589103,C
4086265842,3,-0.000561905331095236,C
4086265842,3,-0.0010264851016027476,C
3328145258,3,0.00032301824563796266,C
3328145258,3,0.004273656916296997,C
3328145258,3,0.0028077331818685547,C
3328145258,3,0.0014816383599272065,C
3328145258,3,0.002415487096537494,C
3045022511,3,0.0012399813252497172,S
3045022511,3,0.001100728255697736,S
3045022511,3,0.0003391618970330912,S
3045022511,3,-0.0007060523911555094,S
3045022511,3,0.0003173681232412351,S
910450790,3,0.00051662592284063,C
910450790,3,0.004405215755278524,C
910450790,3,-0.0001825407451058192,C
910450790,3,0.0010549572511584504,C
910450790,3,-0.0016277958363972722,C
1216095805,3,0.0007374696433938288,C
1216095805,3,-0.0001524760064580688,C
1216095805,3,0.00213207848289354,C
1216095805,3,0.0005474506210971786,C
1216095805,3,0.0009595429147781775,C
2187394687,3,-0.0006244626843666667,C
2187394687,3,-0.00032849400015966257,C
2187394687,3,-0.0004018007391032308,C
2187394687,3,-0.0005633877641288976,C
2187394687,3,-3.3467948634124944e-05,C
544755086,3,7.958008132524785e-05,C
544755086,3,-4.5616098432454955e-05,C
544755086,3,-0.00029300358911110713,C
544755086,3,0.0003033889923973465,C
544755086,3,7.237437116747181e-05,C
2425865203,3,0.00012330987694486595,C
2425865203,3,1.2061586150413639e-05,C
2425865203,3,4.48209195536009e-06,C
2425865203,3,-3.813654236728414e-05,C
2425865203,3,-9.85288540812368e-05,C
1558658757,3,-8.27123945988939e-05,C
1558658757,3,-0.00024106627048292584,C
1558658757,3,0.0004807980078821439,C
1558658757,3,0.00013734419134170395,C
1558658757,3,-0.00011671783958078219,C
68675643,3,0.0,
68675643,3,0.0,
68675643,3,0.0,
68675643,3,0.0,
68675643,3,0.0,
2905822145,3,-0.0003574706015397888,C
2905822145,3,0.0007666032634128239,C
2905822145,3,-0.0004803160459549982,C
2905822145,3,0.0009233007577312824,C
2905822145,3,-1.611516324151463e-05,C
2284773903,3,-0.001475882419192276,C
2284773903,3,-0.0015366013415877289,C
2284773903,3,-0.00264283204911675,C
2284773903,3,-0.000549717080581269,C
2284773903,3,-0.0037044921451186985,C
3835273908,3,-0.000694055768969748,C
3835273908,3,0.0002715203377224862,C
3835273908,3,-0.0005897254417843723,C
3835273908,3,-0.0010025693537445424,C
3835273908,3,-0.0004828806848082845,C
3249398244,3,-0.00040356463004798115,C
3249398244,3,-0.00031591468166203285,C
3249398244,3,-0.00023469160055222815,C
3249398244,3,-0.0004206138099709378,C
3249398244,3,-0.00026464182791019475,C
3772302167,3,-0.0015993673603849068,C
3772302167,3,-0.0012968698370607878,C
3772302167,3,-0.0018963046364187663,C
3772302167,3,-0.0014799901288613526,C
3772302167,3,-0.0019140206966570261,C
2510215966,3,-0.0007519336929325826,C
2510215966,3,-0.00034822889095054155,C
2510215966,3,-0.0009258993374201552,C
2510215966,3,-0.001228137414689967,C
2510215966,3,-0.0016786334192054886,C
3406201864,3,-0.0011178576774442117,C
3406201864,3,-0.0006385465779775723,C
3406201864,3,-0.00040385367152750984,C
3406201864,3,-0.000455187107686883,C
3406201864,3,-0.0008005275922349231,C
3684013815,3,-7.357186128276183e-05,C
3684013815,3,0.002205488504624209,C
3684013815,3,0.0017396099605728743,C
3684013815,3,0.0013370538625350203,C
3684013815,3,0.0013869157132496701,C
787341104,3,2.1122262123030033e-05,C
787341104,3,6.45002157803054e-05,C
787341104,3,1.6928164988883054e-05,C
787341104,3,9.286357819160429e-06,C
787341104,3,9.360957186510532e-05,C
1256946769,3,-0.0017752788642165784,N
1256946769,3,-0.0016455461857129983,N
1256946769,3,-0.001327543447822488,N
1256946769,3,-0.0016330599711592564,N
1256946769,3,-0.0018726906018171618,N
2110118862,3,0.0008993002995189014,C
2110118862,3,0.0008121020077805907,C
2110118862,3,0.002781069892812793,C
2110118862,3,0.004832949953161747,C
2110118862,3,0.0014005443397835382,C
1899422126,3,-0.0006127807229561189,C
1899422126,3,-0.0004527601365419409,C
1899422126,3,-0.0005934659690638444,C
1899422126,3,-0.000345919803947381,C
1899422126,3,-0.00040244339340445023,C
3727960280,3,-0.0003336788138861291,C
3727960280,3,-0.00013032612601704407,C
3727960280,3,-0.0010658577064962538,C
3727960280,3,-0.0005667399962022701,C
3727960280,3,-0.0009434008654009007,C
4023654873,3,3.609079459365727e-05,C
4023654873,3,0.00015947864721665983,C
4023654873,3,-4.7728275692549005e-05,C
4023654873,3,-0.00016519274810955498,C
4023654873,3,0.0001231034149880017,C
467603055,3,-0.00035688044371462446,C
467603055,3,-0.0003091536370596337,C
467603055,3,-0.00024231463935864284,C
467603055,3,0.00022248101489341643,C
467603055,3,0.0001449078858400954,C
409801989,3,-0.001061980872156476,C
409801989,3,-0.0002947157359635133,C
409801989,3,-0.00031547193463365986,C
409801989,3,-0.00022919881263594455,C
409801989,3,-0.0003056518287393173,C
1289643292,3,4.767948013073564e-05,N
1289643292,3,0.0004958103248803303,N
1289643292,3,0.0003759639234210965,N
1289643292,3,0.0007008613883034975,N
1289643292,3,0.0001299567061426865,N
3011598321,3,0.0002579293625738499,C
3011598321,3,0.0002079429408031741,C
3011598321,3,0.0013409285945894522,C
3011598321,3,0.001727986753252586,C
3011598321,3,-0.00013690430069868142,C
3460898310,3,-0.00021278544269465183,N
3460898310,3,-0.00028220829928871094,N
3460898310,3,0.0005242065642506732,N
3460898310,3,-0.001110909940831739,N
3460898310,3,-0.0006199460649286559,N
2971716993,3,-0.0008240123127311039,N
2971716993,3,-0.00042797517100012783,N
2971716993,3,-0.0006220434881915038,N
2971716993,3,-9.957086312017971e-05,N
2971716993,3,0.0002280818094398951,N
1556668346,3,0.0007734159077579239,N
1556668346,3,0.00017435628199102826,N
1556668346,3,0.0011158437922861308,N
1556668346,3,0.002180419675375189,N
1556668346,3,0.0019255508916857789,N
4022716898,3,0.00012115056111516864,C
4022716898,3,0.000255771883678646,C
4022716898,3,0.00018420716605638265,C
4022716898,3,0.00013887999492390168,C
4022716898,3,0.0010924776713873152,C
2458968089,3,0.00010616084052650354,C
2458968089,3,4.590660510872535e-05,C
2458968089,3,2.1704507807807083e-05,C
2458968089,3,3.305714055146236e-05,C
2458968089,3,1.4816875940515395e-05,C
4164236649,3,0.0005520950994042373,C
4164236649,3,0.00129309419564827,C
4164236649,3,0.0008277129092369995,C
4164236649,3,0.0009859774564303647,C
4164236649,3,-0.00037975736241635527,C
2154975788,3,-7.748247274885767e-05,C
2154975788,3,0.0004926386927625037,C
2154975788,3,5.010147490980277e-05,C
2154975788,3,0.00045870769387956756,C
2154975788,3,1.2352968596029967e-05,C
3248686995,3,-0.0013744080731802333,C
3248686995,3,-0.0012159973943205449,C
3248686995,3,0.0007722515123799178,C
3248686995,3,-0.0010044599237765128,C
3248686995,3,-0.00035030411006009565,C
3909974435,3,-0.001310976017833143,C
3909974435,3,-0.00013171892123431395,C
3909974435,3,7.342284404032728e-05,C
3909974435,3,-0.00016405103890093642,C
3909974435,3,-0.0011304300174257431,C
3012080282,3,0.0002874409504523001,C
3012080282,3,0.00013891350958461501,C
3012080282,3,0.00026466984145367967,C
3012080282,3,0.0007923925125228326,C
3012080282,3,-0.00019991267701313653,C
3462333187,3,-0.0002577532686378614,C
3462333187,3,5.192340039927856e-06,C
3462333187,3,0.0001711129815836765,C
3462333187,3,0.0012877018470733859,C
3462333187,3,0.0009997117957469825,C
1229325558,3,0.001331773605723563,N
1229325558,3,0.0003172845922716494,N
1229325558,3,-0.00020506871550052264,N
1229325558,3,-0.00023634470103028882,N
1229325558,3,0.0010422125697028273,N
3599139274,3,-0.0002972861818359984,C
3599139274,3,-0.00017395028051980788,C
3599139274,3,-0.0001351645351623798,C
3599139274,3,-3.2884244843822685e-06,C
3599139274,3,0.0001434939323378126,C
806369437,3,5.21877873895793e-05,C
806369437,3,-3.1282900811668846e-05,C
806369437,3,-1.0320022126975026e-05,C
806369437,3,7.395731867254618e-06,C
806369437,3,-5.906804378730257e-06,C
2395259406,3,-0.00020447435709947115,C
2395259406,3,-0.0003245022716754642,C
2395259406,3,-0.00037792341032549803,C
2395259406,3,0.0003618294902406616,C
2395259406,3,-0.0004587204260853017,C
864942795,3,0.003982637496254604,O
864942795,3,0.0011240312904751137,O
864942795,3,0.0006757748530314966,O
864942795,3,0.0010301294870356248,O
864942795,3,0.0013740888996284228,O
1785683843,3,-0.0003271117622998254,C
1785683843,3,-0.0006611760664301247,C
1785683843,3,-0.00036642693428479145,C
1785683843,3,-0.0004545491369322141,C
1785683843,3,-0.0006775801534110171,C
2516197204,3,-0.00013530601322242486,C
2516197204,3,-0.0002472700987040666,C
2516197204,3,-0.0002964590225452701,C
2516197204,3,-0.00015466033816202707,C
2516197204,3,-0.00017123762194481973,C
2295519362,3,-0.0005685291359713851,C
2295519362,3,-0.0007021602733102705,C
2295519362,3,-0.0028135196631942083,C
2295519362,3,-0.0034337567565813076,C
2295519362,3,-0.001819460794936778,C
2598322190,3,-0.0002584444905194827,C
2598322190,3,-0.0009114212546214029,C
2598322190,3,-0.0012771490576497513,C
2598322190,3,-0.0004935156120553508,C
2598322190,3,0.00012538697961061995,C
3153477100,3,7.566606909192863e-05,C
3153477100,3,-1.60793301196005e-06,C
3153477100,3,0.00018581194833389159,C
3153477100,3,0.00017241768499565158,C
3153477100,3,0.00017176690680542617,C
2192318254,3,0.0,O
2192318254,3,0.0,O
2192318254,3,0.0,O
2192318254,3,0.0,O
2192318254,3,0.0,O
1619222458,3,-0.0012954723702139903,C
1619222458,3,-0.0011355508197992137,C
1619222458,3,-0.0015403317287548957,C
1619222458,3,-0.0012352396960605416,C
1619222458,3,-0.0014262032330478736,C
3824063894,3,-0.0007058981570220446,C
3824063894,3,-0.00044437282347087326,C
3824063894,3,-0.00037607542850581765,C
3824063894,3,-0.0007163303115829134,C
3824063894,3,-0.0005773000342755852,C
885026269,3,0.0006915870279231573,C
885026269,3,-0.0005603394910234094,C
885026269,3,2.0287631468440814e-05,C
885026269,3,0.0005284639168775529,C
885026269,3,-0.00017846736393256624,C
472281497,3,-6.544593235058294e-05,C
472281497,3,-5.4792478384801946e-05,C
472281497,3,-5.572463980529907e-05,C
472281497,3,-6.106978450426404e-05,C
472281497,3,-9.140333379809018e-05,C
2599973650,3,0.0,N
2599973650,3,0.0,N
2599973650,3,0.0,N
2599973650,3,0.0,N
2599973650,3,0.0,N
1582607016,3,-2.0951352193154804e-06,C
1582607016,3,9.802305980022297e-06,C
1582607016,3,-8.14874567933721e-07,C
1582607016,3,3.7377067372279527e-06,C
1582607016,3,6.418586335987797e-06,C
1564511222,3,-5.1409490628095966e-05,C
1564511222,3,0.0022224944874020824,C
1564511222,3,0.00018959814079111403,C
1564511222,3,0.0013677943880998633,C
1564511222,3,0.001671838087231925,C
3291149959,3,-0.0006060339630282741,C
3291149959,3,-0.0010293669346789214,C
3291149959,3,-0.0009810647395532834,C
3291149959,3,-0.0009967442439159369,C
3291149959,3,0.0007875245247229712,C
717151242,3,0.0001080325235619517,O
717151242,3,-0.0005559558789961505,O
717151242,3,-3.1994835345661166e-05,O
717151242,3,0.00038717045732916677,O
717151242,3,-0.0007705876091236297,O
2664995851,3,0.0,
2664995851,3,0.0,
2664995851,3,0.0,
2664995851,3,0.0,
2664995851,3,0.0,
4239037249,3,0.00010513245094578849,C
4239037249,3,0.000166783394099701,C
4239037249,3,0.0006811702012755605,C
4239037249,3,0.0005634587445636496,C
4239037249,3,0.00028076101750174054,C
166544320,3,-0.0002567488198976786,C
166544320,3,-4.350896394278436e-07,C
166544320,3,4.025103842653088e-05,C
166544320,3,0.00018194092691903307,C
166544320,3,-3.735943388105678e-05,C
2369690741,3,0.0010144305630688244,C
2369690741,3,0.001002178893849348,C
2369690741,3,0.00040965277947557777,C
2369690741,3,0.0015811215420126201,C
2369690741,3,0.000654145784898752,C
3234104871,3,0.00038354665136608457,C
3234104871,3,0.0010290176299667664,C
3234104871,3,0.0010142616204069643,C
3234104871,3,0.00032158241685520395,C
3234104871,3,8.677922691058271e-05,C
616374597,3,0.0021925668979826396,C
616374597,3,0.0007600310665473176,C
616374597,3,0.00015043264382352817,C
616374597,3,0.0035617189234212754,C
616374597,3,0.0014196955116755339,C
2974534217,3,1.0038670088641233e-05,C
2974534217,3,-1.385386070529293e-06,C
2974534217,3,-1.1689671388426248e-05,C
2974534217,3,-3.117300554356106e-06,C
2974534217,3,5.021140483507658e-06,C
828793177,3,-0.0006716991579222009,N
828793177,3,-0.0007608616657970302,N
828793177,3,-0.0002665805734040072,N
828793177,3,-0.0004156773015251414,N
828793177,3,4.080940539041844e-05,N
368713488,3,-0.002295831140209148,C
368713488,3,-0.0011127210296286716,C
368713488,3,-0.0012783951433256169,C
368713488,3,0.0013549005844404327,C
368713488,3,0.00038500482306014217,C
3177362943,3,0.00018449982783774743,C
3177362943,3,0.0001644051314170225,C
3177362943,3,-0.00025595229787245266,C
3177362943,3,0.0002858608011852004,C
3177362943,3,-0.0003078114752939065,C
912632640,3,1.0004468211755047e-05,C
912632640,3,1.0952399163266513e-05,C
912632640,3,-2.2843090740076732e-06,C
912632640,3,1.798008370190729e-06,C
912632640,3,3.7202050708895484e-06,C
214126897,3,6.672511737404463e-05,C
214126897,3,-0.00014891879986589363,C
214126897,3,-0.00047452387618884817,C
214126897,3,-0.0009625311408218984,C
214126897,3,-0.0005663449540214138,C
4212936508,3,-0.00019438307673536048,N
4212936508,3,-0.000236896969224909,N
4212936508,3,-0.0003806907351855404,N
4212936508,3,-0.0008813398328288979,N
4212936508,3,-0.0002047151956472426,N
3376021752,3,-5.6938108774384766e-05,O
3376021752,3,0.00033578374344089834,O
3376021752,3,-0.0011782304767659069,O
3376021752,3,0.0008420507988553538,O
3376021752,3,-0.0015958226360499594,O
2987120039,3,-0.000252649122505999,C
2987120039,3,-0.00024036509961133934,C
2987120039,3,-0.00025642828247041116,C
2987120039,3,-0.0005833340281584665,C
2987120039,3,-0.0003549404861922234,C
3816921572,3,0.0,C
3816921572,3,0.0,C
3816921572,3,0.0,C
3816921572,3,0.0,C
3816921572,3,0.0,C
203749390,3,0.0008645805541178664,C
203749390,3,0.0025638633212461404,C
203749390,3,0.0015472967745284727,C
203749390,3,-0.00014424552308889282,C
203749390,3,7.187848285628018e-05,C
992462230,3,0.0010743739713879874,C
992462230,3,0.0002327880234506141,C
992462230,3,0.0007971633123265986,C
992462230,3,8.07653840332323e-05,C
992462230,3,0.0009622746617341527,C
1506993418,3,-5.649589902012586e-05,C
1506993418,3,-2.8248254616003443e-05,C
1506993418,3,2.068820889711276e-06,C
1506993418,3,1.9945716948965853e-05,C
1506993418,3,-5.278993336410576e-05,C
1486598263,3,6.6475238247321045e-06,C
1486598263,3,-0.0012027593655823399,C
1486598263,3,0.00010825010259918333,C
1486598263,3,0.00019753473384032105,C
1486598263,3,-0.0005553758441740886,C
1914416804,3,0.0007471160481244965,N
1914416804,3,-7.329296054181533e-06,N
1914416804,3,0.0004973884229630965,N
1914416804,3,0.0010472341756548875,N
1914416804,3,0.0002827045533556616,N
54936104,3,-0.007758407675552359,C
54936104,3,-0.00454434860034203,C
54936104,3,-0.005138009371406627,C
54936104,3,-0.0027811092456028197,C
54936104,3,-0.004592929686558556,C
3090652201,3,0.0005237259915962245,C
3090652201,3,0.0012300059214404024,C
3090652201,3,0.00017173232122080773,C
3090652201,3,0.00013752981403380993,C
3090652201,3,0.00078460812288772,C
2987687375,3,-4.5851353414061435e-06,C
2987687375,3,-8.608154561862147e-05,C
2987687375,3,6.360970450558501e-05,C
2987687375,3,6.941513427571877e-05,C
2987687375,3,-3.062244121065927e-05,C
2296493092,3,0.0007873813735779223,N
2296493092,3,0.0005083977872918366,N
2296493092,3,7.724127050701135e-05,N
2296493092,3,0.0002268650084674695,N
2296493092,3,0.00039544473775643407,N
668520641,3,-0.0011036529507864046,C
668520641,3,-7.002129655542255e-06,C
668520641,3,-0.0003973557917826831,C
668520641,3,-0.0014739272496745448,C
668520641,3,-0.0015254141466245486,C
848127915,3,-0.0013940128172302835,N
848127915,3,-0.0006039147441906367,N
848127915,3,0.00040480534696107906,N
848127915,3,-0.0011841071989419083,N
848127915,3,-0.0015801155660303268,N
2378775366,3,6.341308366419884e-05,O
2378775366,3,-4.34856336539724e-05,O
2378775366,3,-0.0004990714693892118,O
2378775366,3,-2.5701294203206437e-05,O
2378775366,3,0.001823141067954448,O
2592785365,3,6.067588595326523e-05,N
2592785365,3,9.614577812389058e-05,N
2592785365,3,5.616772878169751e-05,N
2592785365,3,6.457460975095586e-05,N
2592785365,3,1.9718988454653363e-05,N
460073430,3,-2.70270929134675e-05,C
460073430,3,-0.00016450527394418213,C
460073430,3,-0.00017464327963245818,C
460073430,3,-0.00016462665815109023,C
460073430,3,-0.0002460736023931487,C
2378779377,3,0.00010580096342527323,O
2378779377,3,0.0006662840700946138,O
2378779377,3,-8.890515374626595e-05,O
2378779377,3,0.00014923171992453632,O
2378779377,3,9.954722395244531e-05,O
4194366826,3,0.0,C
4194366826,3,0.0,C
4194366826,3,0.0,C
4194366826,3,0.0,C
4194366826,3,0.0,C
1136130381,3,-0.0004552290323256436,C
1136130381,3,0.00018510295598350712,C
1136130381,3,-0.00045366761757437146,C
1136130381,3,-2.3456652657571908e-05,C
1136130381,3,0.0006641528853947865,C
1646750527,3,-0.0016830907900878822,C
1646750527,3,-0.0026769375513537863,C
1646750527,3,-0.00047563716391019195,C
1646750527,3,-0.002183451456044705,C
1646750527,3,-0.0022725492621149535,C
1163692816,3,-0.00030581794307282806,N
1163692816,3,-0.0002511276537980889,N
1163692816,3,-0.0005110337135848519,N
1163692816,3,-0.00022529716524388732,N
1163692816,3,-0.00034225004783272617,N
1840994228,3,-0.0017818040184922612,C
1840994228,3,-0.0005264905515345308,C
1840994228,3,-0.0011045378018645913,C
1840994228,3,-0.0011361433573888746,C
1840994228,3,-0.000824290362735125,C
2609658248,3,-0.0028333993381640665,C
2609658248,3,-0.0005314310683023349,C
2609658248,3,-0.0020609370487827405,C
2609658248,3,-0.002298728396495364,C
2609658248,3,-0.0008812253754295618,C
2353583745,3,0.004436817688502681,C
2353583745,3,-3.9036881234078e-05,C
2353583745,3,0.0017731858537782808,C
2353583745,3,-0.0005255481348848123,C
2353583745,3,0.0017196561191238358,C
3443041413,3,0.00015008855379627928,C
3443041413,3,-4.5635458231885195e-05,C
3443041413,3,-0.00019756168976103883,C
3443041413,3,-0.00018624845756043396,C
3443041413,3,-7.296133123768644e-05,C
3286720230,3,-0.00011836304649781582,C
3286720230,3,-0.00028440322816447594,C
3286720230,3,0.00035607756285105374,C
3286720230,3,0.0004527225004267166,C
3286720230,3,0.00066888657910813,C
1449131080,3,0.0003051566252548765,C
1449131080,3,4.995975849786394e-05,C
1449131080,3,9.292688483120148e-05,C
1449131080,3,0.0003264547498008641,C
1449131080,3,0.00016081590361594067,C
636971230,3,-0.00010699655542079078,C
636971230,3,-0.0016561852864248605,C
636971230,3,-0.001095103598136249,C
636971230,3,0.0011448095722584872,C
636971230,3,0.00014404854345995144,C
2251845666,3,5.414522685798229e-05,C
2251845666,3,7.682269983644296e-05,C
2251845666,3,4.917083409605727e-05,C
2251845666,3,6.282325478856876e-05,C
2251845666,3,9.488304009486193e-05,C
305828102,3,0.0008779200576224389,C
305828102,3,0.0007950563367739027,C
305828102,3,0.0001748808098900323,C
305828102,3,0.0004183497197206565,C
305828102,3,0.0006826610746157868,C
2810604122,3,2.0961843915090483e-06,C
2810604122,3,-7.359546547736073e-06,C
2810604122,3,-1.9057982274639507e-05,C
2810604122,3,-1.2331641358054313e-05,C
2810604122,3,-2.2776483797892766e-05,C
979999009,3,0.001581142678498515,C
979999009,3,0.0016890104458764377,C
979999009,3,0.0013161389858707961,C
979999009,3,0.0033630693098745112,C
979999009,3,0.0010101303449370214,C
4083722611,3,-1.7185087610949168e-05,C
4083722611,3,-4.977962896335342e-07,C
4083722611,3,-0.0001748762099031964,C
4083722611,3,-0.00011761102461449457,C
4083722611,3,0.00015750380689449894,C
849275503,3,-0.0013999483041376992,N
849275503,3,-0.001912979557143757,N
849275503,3,-0.002192445429729739,N
849275503,3,-0.0009853730363587054,N
849275503,3,-0.0005855423061633669,N
3533643770,3,-0.0010376705316321733,C
3533643770,3,-0.0006324773109243065,C
3533643770,3,-0.0009644911674755452,C
3533643770,3,-0.0005311581464916282,C
3533643770,3,-0.00045970120192573294,C
594486406,3,0.0,
594486406,3,0.0,
594486406,3,0.0,
594486406,3,0.0,
594486406,3,0.0,
2697642734,3,0.0,O
2697642734,3,0.0,O
2697642734,3,0.0,O
2697642734,3,0.0,O
2697642734,3,0.0,O
3345225135,3,-7.721523974779654e-05,N
3345225135,3,-0.0007274072225564865,N
3345225135,3,0.0002051792589576884,N
3345225135,3,-0.0006002696565188259,N
3345225135,3,0.00012378140522484316,N
1348783936,3,0.00013041290187720822,C
1348783936,3,5.091692139824744e-05,C
1348783936,3,0.00021677922361729163,C
1348783936,3,0.0001275555548381213,C
1348783936,3,0.0002881124915696809,C
3848368466,3,-0.00011972411180494191,C
3848368466,3,-5.94305887103852e-05,C
3848368466,3,-0.00011449815952546682,C
3848368466,3,-9.995911122595569e-05,C
3848368466,3,-9.503428408619286e-05,C
4130182993,3,0.0017115626038765042,C
4130182993,3,0.0016850304320291665,C
4130182993,3,0.0020201333815726974,C
4130182993,3,0.00010454854876928987,C
4130182993,3,0.0018016329613450566,C
994637429,3,0.0003366198785420549,N
994637429,3,-0.0003116544442506308,N
994637429,3,-0.00017779445583931963,N
994637429,3,-0.0008484643231883027,N
994637429,3,-0.001017274241583599,N
1868697328,3,0.0,
1868697328,3,0.0,
1868697328,3,0.0,
1868697328,3,0.0,
1868697328,3,0.0,
485458970,3,-1.270408293008174e-07,F
485458970,3,1.2036592619280029e-06,F
485458970,3,5.344433451348607e-07,F
485458970,3,3.076281889669019e-06,F
485458970,3,-1.9967905884321624e-08,F
1971534293,3,-0.00025535779155161364,O
1971534293,3,-0.0003272661744503358,O
1971534293,3,-0.00012591980488896315,O
1971534293,3,-0.00010504257159249519,O
1971534293,3,-7.44110952324295e-05,O
2667063169,3,-2.2209450274424114e-06,O
2667063169,3,-2.3473403583995633e-05,O
2667063169,3,-3.9403930553238986e-05,O
2667063169,3,-2.4766675197018806e-05,O
2667063169,3,1.4680088637586408e-05,O
831463242,3,-9.970899147282442e-05,N
831463242,3,-0.00022116997263887939,N
831463242,3,-0.00040926037524968706,N
831463242,3,8.223387260419823e-05,N
831463242,3,-9.600497327455493e-05,N
473978627,3,0.0029314713973035422,C
473978627,3,0.003587889324077609,C
473978627,3,0.003400717858632052,C
473978627,3,0.001776305793141364,C
473978627,3,0.0035254441427882144,C
2251883808,3,-0.0014097785796546303,C
2251883808,3,0.0011940717079724772,C
2251883808,3,-0.0002219512559538117,C
2251883808,3,-0.0019967470408297494,C
2251883808,3,0.00024501121219488997,C
2959332130,3,0.000501875402603047,C
2959332130,3,-0.0005492788692621486,C
2959332130,3,-4.790316838987341e-05,C
2959332130,3,0.0012213390711092176,C
2959332130,3,0.0005662733887470406,C
256204769,3,-0.00021858826177534318,C
256204769,3,-0.0005117821882807405,C
256204769,3,-0.0005982270379546462,C
256204769,3,-0.00021822615601552187,C
256204769,3,-0.0002407390570078327,C
2194376677,3,0.0010717617972905158,C
2194376677,3,0.0005758744363656421,C
2194376677,3,0.0007083174705371231,C
2194376677,3,0.0009977899024806725,C
2194376677,3,0.0010790723018206938,C
800085213,3,0.0002220877775783725,C
800085213,3,0.0003986456309803543,C
800085213,3,0.00019725181150509474,C
800085213,3,0.0003174945310633337,C
800085213,3,-6.673944738300186e-06,C
3705139132,3,-0.00037042183651836424,C
3705139132,3,-0.000350269057729502,C
3705139132,3,-0.0006473982049012283,C
3705139132,3,-0.0006207829316874358,C
3705139132,3,-0.0007576827436301947,C
2834566420,3,0.0016078080781383175,C
2834566420,3,0.0014301649490241486,C
2834566420,3,0.0025827864929472977,C
2834566420,3,0.0022435058437912936,C
2834566420,3,0.0020020475688915518,C
3341916169,3,0.0,C
3341916169,3,0.0,C
3341916169,3,0.0,C
3341916169,3,0.0,C
3341916169,3,0.0,C
1186654798,3,-0.0001757948912479712,C
1186654798,3,-6.4353585184862e-05,C
1186654798,3,-0.00011842631935521375,C
1186654798,3,-0.00017335061061851675,C
1186654798,3,-0.00017658566868672398,C
215394313,3,-5.802687835154696e-05,C
215394313,3,-5.357565950692145e-05,C
215394313,3,-2.0761938866020735e-05,C
215394313,3,0.0001330299315275285,C
215394313,3,1.3428692182126944e-05,C
816543468,3,-0.00015435384249196105,C
816543468,3,-0.0001279019213429322,C
816543468,3,-8.583032141373792e-05,C
816543468,3,-0.00016948833227503624,C
816543468,3,-5.9779552346150844e-05,C
3796970912,3,-9.272441083285621e-05,C
3796970912,3,-0.0001368605517855226,C
3796970912,3,-0.0001086890114317951,C
3796970912,3,4.353707300308596e-05,C
3796970912,3,-3.4129716838915414e-05,C
3028039221,3,-0.0005208674134756786,N
3028039221,3,0.0007476221139024464,N
3028039221,3,-1.8316926196249028e-05,N
3028039221,3,8.604287649371933e-06,N
3028039221,3,-0.00017246009805949036,N
2261212172,3,0.0,C
2261212172,3,0.0,C
2261212172,3,0.0,C
2261212172,3,0.0,C
2261212172,3,0.0,C
4182960975,3,-4.779178386371541e-08,C
4182960975,3,5.213507164980591e-06,C
4182960975,3,1.144869368085999e-06,C
4182960975,3,7.576278382437351e-07,C
4182960975,3,4.115420867978337e-06,C
2438720939,3,-0.0004710356224520984,C
2438720939,3,-0.0001868838322559574,C
2438720939,3,-0.0006061087272842824,C
2438720939,3,-0.00021080933073613917,C
2438720939,3,-0.0007073979626566196,C
1033192140,3,-0.0002586710038937623,C
1033192140,3,-5.007482781760331e-06,C
1033192140,3,-0.00017477396946130597,C
1033192140,3,-0.00017477396946130597,C
1033192140,3,-0.00021417640021903495,C
1630528126,3,-8.214885424351337e-06,C
1630528126,3,0.0011481544178879588,C
1630528126,3,0.0008051467453822347,C
1630528126,3,0.0009309926297621507,C
1630528126,3,0.0014197739286927469,C
3974650111,3,0.00036950125383050647,C
3974650111,3,-0.00047661937024934264,C
3974650111,3,-0.00043631355936146754,C
3974650111,3,-0.0001302556485304196,C
3974650111,3,-0.0003333114058035047,C
1910766508,3,0.00026572082839237954,C
1910766508,3,3.119692245467931e-05,C
1910766508,3,8.957785684404751e-05,C
1910766508,3,0.00024254951917268563,C
1910766508,3,0.0008604022466959238,C
4081537576,3,-5.6103100980142706e-05,C
4081537576,3,0.0002473659430444197,C
4081537576,3,5.313154250452534e-05,C
4081537576,3,0.00013072867981889225,C
4081537576,3,-0.0001343878252985098,C
1255595680,3,3.120065493322777e-05,C
1255595680,3,0.000644660517318818,C
1255595680,3,-0.0003739939481506305,C
1255595680,3,0.0003243181759126079,C
1255595680,3,0.00035788456106189415,C
1630260676,3,-6.02805294569464e-09,C
1630260676,3,9.1317594657081e-06,C
1630260676,3,1.347526755068884e-06,C
1630260676,3,9.406556235047603e-07,C
1630260676,3,1.8695430648030253e-08,C
3129492592,3,0.0016997670227778539,C
3129492592,3,0.001219133599671629,C
3129492592,3,0.0006503553031964593,C
3129492592,3,0.0005090366788943479,C
3129492592,3,0.0008704447509870761,C
781912670,3,-0.00015371142318243436,C
781912670,3,-0.0001009547695507429,C
781912670,3,2.697923396521862e-05,C
781912670,3,-9.151671743645728e-05,C
781912670,3,-5.0875417952012114e-05,C
2487927669,3,0.0014797188596114008,C
2487927669,3,0.0004044897752127907,C
2487927669,3,0.0017873358358319047,C
2487927669,3,0.0006429621591396151,C
2487927669,3,0.0007280456781854072,C
3787488754,3,-0.0005204394908420173,C
3787488754,3,-0.0004194836460257312,C
3787488754,3,-0.0005063129077684803,C
3787488754,3,-0.00045543579620488384,C
3787488754,3,-0.0005565095709725298,C
2308348490,3,-0.0002927558572165534,C
2308348490,3,-0.0008879890098684173,C
2308348490,3,-0.00074102064600301,C
2308348490,3,-0.00013684538109015598,C
2308348490,3,-0.0002433584158704205,C
2333272823,3,-2.286683938090839e-06,C
2333272823,3,-2.2460789766975964e-06,C
2333272823,3,-2.2716050833704315e-06,C
2333272823,3,-1.674022368058914e-06,C
2333272823,3,-8.686584309636203e-07,C
2812398603,3,-0.0005965580604949672,C
2812398603,3,-3.078813147205928e-05,C
2812398603,3,-0.0016875552872998023,C
2812398603,3,-0.0007591658196054452,C
2812398603,3,-0.0005544730176874069,C
2999514534,3,0.0002374289747548719,C
2999514534,3,0.00027477033419687213,C
2999514534,3,-0.00012834440795794766,C
2999514534,3,0.0004982001390544388,C
2999514534,3,0.0001150747748784875,C
3222770065,3,0.0016331193315870518,C
3222770065,3,-8.921174468756732e-05,C
3222770065,3,0.0017920037257552757,C
3222770065,3,0.000228429476673786,C
3222770065,3,-0.0002070869076437054,C
3491109101,3,0.0006128309745808691,C
3491109101,3,0.00042124639182417045,C
3491109101,3,0.00045661259513374297,C
3491109101,3,0.0003228595424933367,C
3491109101,3,0.00015458472663132383,C
1255626466,3,-0.00018346855632300763,N
1255626466,3,6.759475817552651e-05,N
1255626466,3,0.0002572594561089936,N
1255626466,3,0.0005400065153576827,N
1255626466,3,0.0003323381332230868,N
3289231689,3,0.0005085749142493823,C
3289231689,3,-0.00029444980904480555,C
3289231689,3,-0.00035794926892007695,C
3289231689,3,0.0005053535052513825,C
3289231689,3,0.00041774835578300973,C
3745584548,3,0.0,C
3745584548,3,0.0,C
3745584548,3,0.0,C
3745584548,3,0.0,C
3745584548,3,0.0,C
1914229733,3,-4.786221617703035e-06,C
1914229733,3,-4.485432987033633e-06,C
1914229733,3,-4.112978833181735e-06,C
1914229733,3,-4.9304211466871806e-06,C
1914229733,3,-4.829282114204858e-06,C
216545222,3,0.0001655816012372524,N
216545222,3,-0.00026431916706026737,N
216545222,3,0.0008608100830688192,N
216545222,3,0.0006822799746070141,N
216545222,3,0.00042214482171665235,N
2331740049,3,0.0008434104641437123,N
2331740049,3,-0.00015097590466017774,N
2331740049,3,6.173006030374406e-05,N
2331740049,3,0.00011170497630952347,N
2331740049,3,0.0005005547772837238,N
2355446912,3,5.215105058242742e-06,C
2355446912,3,1.8854080055752398e-05,C
2355446912,3,-7.766916302442972e-06,C
2355446912,3,2.0914985363384986e-05,C
2355446912,3,4.405806831964121e-05,C
859799282,3,0.0,C
859799282,3,0.0,C
859799282,3,0.0,C
859799282,3,0.0,C
859799282,3,0.0,C
3811375594,3,0.0009372106052315532,C
3811375594,3,0.0009339941908145244,C
3811375594,3,0.0006649793739095244,C
3811375594,3,0.0006104052527236004,C
3811375594,3,0.0007341816545776148,C
144568923,3,-9.189070278858846e-05,C
144568923,3,-0.0014058643171726004,C
144568923,3,-0.00011310327399960407,C
144568923,3,-0.0005816441876362877,C
144568923,3,-0.0005604858124008683,C
2557045420,3,-0.00027528594060488576,N
2557045420,3,1.631421019221424e-05,N
2557045420,3,-0.00021036043082056644,N
2557045420,3,-0.00011233245375708023,N
2557045420,3,-0.0002299814490659413,N
4265716399,3,0.00014578479772198172,N
4265716399,3,-0.00040776944612896937,N
4265716399,3,-0.0006988330739761128,N
4265716399,3,-0.00048273334630710707,N
4265716399,3,0.0004886070023144562,N
778974661,3,0.0,
778974661,3,0.0,
778974661,3,0.0,
778974661,3,0.0,
778974661,3,0.0,
3914061263,3,0.00028699583963542885,C
3914061263,3,0.00028632373080550444,C
3914061263,3,0.00016734983614041798,C
3914061263,3,0.00019635048376320796,C
3914061263,3,0.000268975555071882,C
3330819572,3,-0.005054359017612642,C
3330819572,3,-0.0011588121168648602,C
3330819572,3,-0.0011728840885881775,C
3330819572,3,-0.001650268703289104,C
3330819572,3,-0.0037267867683461464,C
1674219510,3,0.0,
1674219510,3,0.0,
1674219510,3,0.0,
1674219510,3,0.0,
1674219510,3,0.0,
2170404731,3,-0.0023136029654151624,C
2170404731,3,0.0002525061311062782,C
2170404731,3,-0.0029149426474891493,C
2170404731,3,-0.0028985110942325587,C
2170404731,3,-0.002354041515007288,C
3116051204,3,0.00016730121219576954,C
3116051204,3,0.00011910984272323066,C
3116051204,3,0.00011125529488409391,C
3116051204,3,0.00010061952606010838,C
3116051204,3,0.000494709830890061,C
493191496,3,0.0006456061658806078,C
493191496,3,0.000398417908344717,C
493191496,3,0.00046264413860785947,C
493191496,3,0.0007212167756774912,C
493191496,3,0.0003397603484980305,C
851463431,3,-0.0001196782398527052,C
851463431,3,-0.00031788637356677807,C
851463431,3,-3.303864131398715e-05,C
851463431,3,0.0001501015948028872,C
851463431,3,-6.419155982417823e-05,C
2839110432,3,1.2578347847624904e-05,C
2839110432,3,0.00017885041738074925,C
2839110432,3,5.959322013582291e-05,C
2839110432,3,-0.00014052887660098712,C
2839110432,3,-0.00010638687503072841,C
1913726790,3,0.00059651236180569,C
1913726790,3,-0.0005914799185190445,C
1913726790,3,-1.1317318366899087e-05,C
1913726790,3,0.0002733889781735277,C
1913726790,3,0.00029498140266925876,C
512485612,3,0.0,
512485612,3,0.0,
512485612,3,0.0,
512485612,3,0.0,
512485612,3,0.0,
3631761933,3,1.7883757868153438e-05,C
3631761933,3,0.00012346381893701963,C
3631761933,3,-0.00016620072958661858,C
3631761933,3,-9.895755494726544e-05,C
3631761933,3,-0.00012981339942319536,C
3254486562,3,4.762915248612831e-05,C
3254486562,3,-5.1739716788068435e-05,C
3254486562,3,-0.00017300761054839242,C
3254486562,3,-5.0611383058618564e-05,C
3254486562,3,7.517316200900126e-05,C
1163048604,3,-0.0007949474240560583,C
1163048604,3,-0.000491462221574368,C
1163048604,3,-0.0005959698370464617,C
1163048604,3,-0.0003276622790423511,C
1163048604,3,-0.00039798953146008564,C
265892994,3,0.0,O
265892994,3,0.0,O
265892994,3,0.0,O
265892994,3,0.0,O
265892994,3,0.0,O
2328129879,3,0.00030696465931445704,O
2328129879,3,0.000339872241168937,O
2328129879,3,0.000339872241168937,O
2328129879,3,0.00031187517134956266,O
2328129879,3,0.00025426236036574235,O
3048383039,3,0.0,C
3048383039,3,0.0,C
3048383039,3,0.0,C
3048383039,3,0.0,C
3048383039,3,0.0,C
1222631225,3,-0.0002768112962603375,C
1222631225,3,-0.0003595738967707707,C
1222631225,3,-6.251611730967443e-05,C
1222631225,3,-0.0004699430611276867,C
1222631225,3,-0.0002641590454580678,C
1272192549,3,0.00010032581210972502,C
1272192549,3,-0.000161464025001834,C
1272192549,3,7.89358973419807e-05,C
1272192549,3,4.590196837350735e-05,C
1272192549,3,5.2334883739457716e-05,C
222023415,3,0.0015679402726938019,N
222023415,3,-0.0015255789047913249,N
222023415,3,0.0008133526028654137,N
222023415,3,0.0021478411636161043,N
222023415,3,-0.00025379184484786155,N
617798156,3,6.947852555860834e-05,O
617798156,3,0.0003260927511105072,O
617798156,3,-0.0007410629383618472,O
617798156,3,-2.623448586813737e-06,O
617798156,3,-0.0007020226467980839,O
190140222,3,-0.0007848227238874683,N
190140222,3,-0.0007441819511470049,N
190140222,3,-0.0004946014359226147,N
190140222,3,-0.00040696357215741497,N
190140222,3,-0.0009965401951442798,N
4180801603,3,0.0007320190056008258,C
4180801603,3,0.0003822296586550866,C
4180801603,3,0.0010508740976499231,C
4180801603,3,0.0013526242898914687,C
4180801603,3,0.0006607182769312603,C
3984860707,3,0.0,
3984860707,3,0.0,
3984860707,3,0.0,
3984860707,3,0.0,
3984860707,3,0.0,
3462308225,3,-0.00010940136944870282,C
3462308225,3,0.003111229159329487,C
3462308225,3,0.006854409437469844,C
3462308225,3,0.0017125989009619813,C
3462308225,3,0.0005918696560032188,C
2355616982,3,9.277505905480599e-05,C
2355616982,3,-0.0003198936518459261,C
2355616982,3,-8.309169056619492e-05,C
2355616982,3,-0.00027986910685240396,C
2355616982,3,-0.0005156706513339548,C
4042373501,3,0.0006471784764675581,C
4042373501,3,0.0002326295728490857,C
4042373501,3,-0.0001164613541542181,C
4042373501,3,-0.0008734270902358565,C
4042373501,3,-0.00045066672824323195,C
736514702,3,-5.8247854841875224e-05,O
736514702,3,0.00021625430314986538,O
736514702,3,8.95767321320573e-05,O
736514702,3,-0.00035280985820207444,O
736514702,3,-1.1161908867629577e-05,O
65941455,3,-0.000209707095536249,C
65941455,3,-0.001313527363510647,C
65941455,3,-0.0009537876099239284,C
65941455,3,-0.0006608070237361652,C
65941455,3,-0.001329991088256377,C
2411289135,3,0.0,
2411289135,3,0.0,
2411289135,3,0.0,
2411289135,3,0.0,
2411289135,3,0.0,
661888323,3,0.0,C
661888323,3,0.0,C
661888323,3,0.0,C
661888323,3,0.0,C
661888323,3,0.0,C
1909986973,3,0.0009174707378906133,C
1909986973,3,0.0013287593859168112,C
1909986973,3,0.0015594391827915555,C
1909986973,3,0.0021362892720067084,C
1909986973,3,0.0017582764457239053,C
984189120,3,0.0,P
984189120,3,0.0,P
984189120,3,0.0,P
984189120,3,0.0,P
984189120,3,0.0,P
237615532,3,-0.0001107409493784628,C
237615532,3,-9.621677961690889e-05,C
237615532,3,-0.00022672613214758108,C
237615532,3,5.607184853861913e-05,C
237615532,3,-3.946194734782971e-05,C
3598064087,3,0.0013125778525435727,C
3598064087,3,-0.0006649947257368893,C
3598064087,3,0.0025815168489955465,C
3598064087,3,-0.0012438314078014878,C
3598064087,3,-0.0011671277543380265,C
1795978025,3,0.00010657527835233882,C
1795978025,3,-0.00014383944856122266,C
1795978025,3,-0.0005802303656203822,C
1795978025,3,-0.000275232937765324,C
1795978025,3,8.381723788475348e-06,C
2235918822,3,0.0,O
2235918822,3,0.0,O
2235918822,3,0.0,O
2235918822,3,0.0,O
2235918822,3,0.0,O
1876820278,3,-0.0009334703998067351,C
1876820278,3,-0.0019661900769335494,C
1876820278,3,-0.0016533409570197444,C
1876820278,3,-0.0011152343697027334,C
1876820278,3,-0.001239262734101354,C
698395004,3,-0.0002674861506761772,C
698395004,3,-0.00014523634990226686,C
698395004,3,-0.00041300678684508263,C
698395004,3,0.00025018426772582814,C
698395004,3,2.158012766040329e-06,C
1207774339,3,0.0005145933350793053,C
1207774339,3,-0.00016088633435895616,C
1207774339,3,3.250521651065874e-05,C
1207774339,3,-4.9870188293832385e-05,C
1207774339,3,-0.00036207037407853804,C
431202968,3,-0.00018831144400310862,O
431202968,3,-0.0006864455333729369,O
431202968,3,-0.0002777555309245727,O
431202968,3,-0.0005085862515908923,O
431202968,3,-0.000962518616497321,O
833901780,3,0.0007877213290524709,N
833901780,3,0.0001262114155862193,N
833901780,3,0.0007951213240616761,N
833901780,3,0.00028600378595122766,N
833901780,3,-0.0005773188369403437,N
1821698485,3,0.0015183548446179307,C
1821698485,3,0.00047393431458897517,C
1821698485,3,-0.0005752970946449887,C
1821698485,3,-0.0002913938168688235,C
1821698485,3,0.0007394379114341598,C
1906719888,3,0.000203517476365489,C
1906719888,3,-0.0003049009517666068,C
1906719888,3,0.00018391255218253022,C
1906719888,3,0.00037272525432585635,C
1906719888,3,-8.714517880825667e-05,C
2809361097,3,0.0,C
2809361097,3,0.0,C
2809361097,3,0.0,C
2809361097,3,0.0,C
2809361097,3,0.0,C
2036328569,3,0.004406491293175718,C
2036328569,3,0.00014417480148587458,C
2036328569,3,0.0008261137215458403,C
2036328569,3,-9.82941108678137e-05,C
2036328569,3,0.0038260867946440236,C
2512623809,3,3.772373716015576e-05,C
2512623809,3,3.9941867928550145e-05,C
2512623809,3,1.0337676423999298e-05,C
2512623809,3,3.4717425529073864e-05,C
2512623809,3,5.4872414462669994e-05,C
2817106133,3,0.0,
2817106133,3,0.0,
2817106133,3,0.0,
2817106133,3,0.0,
2817106133,3,0.0,
1754248939,3,1.4019738533210813e-05,C
1754248939,3,-0.00019010608156566633,C
1754248939,3,-6.82884837751585e-05,C
1754248939,3,-0.00013573934237365304,C
1754248939,3,-5.333719488298527e-06,C
2635303940,3,-1.2744591937341454e-08,C
2635303940,3,3.928312936052336e-07,C
2635303940,3,7.174185761793517e-06,C
2635303940,3,-1.2025845508301103e-07,C
2635303940,3,3.4762748174488323e-06,C
1396348621,3,5.389449710269112e-05,C
1396348621,3,1.0083571539531988e-05,C
1396348621,3,4.8401447318435764e-05,C
1396348621,3,-3.1772928149265134e-05,C
1396348621,3,1.9755611175287235e-05,C
2479916646,3,0.00039264683157547164,C
2479916646,3,-0.0008795000526262697,C
2479916646,3,-0.0007000487015346168,C
2479916646,3,-0.0013512171169498544,C
2479916646,3,-0.0016968296787913673,C
4282315164,3,-0.0010225724751994347,N
4282315164,3,-0.0006589214276717659,N
4282315164,3,-0.0013455564737472336,N
4282315164,3,-0.0015983512117460075,N
4282315164,3,-0.0003656129627788163,N
2486266314,3,0.0009101616167539461,C
2486266314,3,-0.00044128469782256374,C
2486266314,3,-0.00046020457613049626,C
2486266314,3,-0.00045663708319010343,C
2486266314,3,-0.0001278262422823584,C
1019269664,3,9.682809035427287e-05,N
1019269664,3,-0.0003188814165504539,N
1019269664,3,0.0001744905205031122,N
1019269664,3,1.0299130934865453e-05,N
1019269664,3,-0.0006439528604842426,N
3118635600,3,0.0,C
3118635600,3,0.0,C
3118635600,3,0.0,C
3118635600,3,0.0,C
3118635600,3,0.0,C
3218370331,3,0.0,
3218370331,3,0.0,
3218370331,3,0.0,
3218370331,3,0.0,
3218370331,3,0.0,
3044392905,3,0.003038967916126789,N
3044392905,3,0.0006123742008978805,N
3044392905,3,0.0014936293777063625,N
3044392905,3,0.0024908619576947677,N
3044392905,3,0.001434924034974916,N
4194776273,3,0.0002640355859612198,O
4194776273,3,-0.00048497444349893115,O
4194776273,3,-6.554980064243932e-05,O
4194776273,3,0.0016387097852804677,O
4194776273,3,-0.0010134972843945933,O
263215426,3,-5.6665581910753104e-05,C
263215426,3,8.163195745469753e-05,C
263215426,3,-0.0007081524895841129,C
263215426,3,-0.0003930819915644035,C
263215426,3,6.427711325440733e-05,C
2753863138,3,-6.044679890138127e-05,C
2753863138,3,-0.0005193096805590214,C
2753863138,3,0.0004974356056960394,C
2753863138,3,0.002268605659476397,C
2753863138,3,-0.0004089968202480865,C
2699298541,3,0.0,
2699298541,3,0.0,
2699298541,3,0.0,
2699298541,3,0.0,
2699298541,3,0.0,
3308404410,3,-0.00017978758670655903,C
3308404410,3,0.0020606107264050655,C
3308404410,3,0.0009592793279947776,C
3308404410,3,0.0008555624012454022,C
3308404410,3,0.0004137025180178666,C
1446633534,3,0.0,C
1446633534,3,0.0,C
1446633534,3,0.0,C
1446633534,3,0.0,C
1446633534,3,0.0,C
2756489526,3,-0.0005170630477908666,C
2756489526,3,-4.911837783494466e-05,C
2756489526,3,-0.0005108469099094348,C
2756489526,3,-0.0005635169236941628,C
2756489526,3,-0.00144338581150949,C
913310822,3,0.0002750736825114508,C
913310822,3,0.00012868985028335889,C
913310822,3,0.000505695939450046,C
913310822,3,6.393929173409418e-05,C
913310822,3,-2.5787424265399927e-05,C
3561946030,3,-0.0011750098002540899,N
3561946030,3,0.0007466154016367854,N
3561946030,3,-9.987653981746725e-05,N
3561946030,3,-0.0014963269723121675,N
3561946030,3,-0.0010459729608858215,N
3292836938,3,0.0,
3292836938,3,0.0,
3292836938,3,0.0,
3292836938,3,0.0,
3292836938,3,0.0,
3194612514,3,-2.082133382275142e-05,O
3194612514,3,-1.3905243899103858e-05,O
3194612514,3,-1.3653838290661469e-05,O
3194612514,3,1.558963161774063e-05,O
3194612514,3,1.8648766414774975e-05,O
1822332700,3,0.001629392782296235,C
1822332700,3,0.0013368667271593804,C
1822332700,3,0.0018829616133255733,C
1822332700,3,0.0028390262336175365,C
1822332700,3,0.00438490968152716,C
2215059400,3,-9.702651388221462e-06,O
2215059400,3,-1.652335931179305e-05,O
2215059400,3,-1.5248492632013999e-05,O
2215059400,3,-1.2972355031726224e-05,O
2215059400,3,-1.2068731207182104e-05,O
773709216,3,0.0005333167971413033,C
773709216,3,-0.00039270061180052274,C
773709216,3,0.00021753312912087264,C
773709216,3,-9.803568099708837e-05,C
773709216,3,3.385824530599546e-05,C
2530377886,3,-0.00046649128618203584,N
2530377886,3,-0.00018848662578418995,N
2530377886,3,-0.00011391548340777824,N
2530377886,3,-0.0002792420991445388,N
2530377886,3,-0.0002305214130258193,N
2850656190,3,0.0005926482002381883,C
2850656190,3,0.0008531248453036433,C
2850656190,3,0.0008721141865063453,C
2850656190,3,0.000241771527229373,C
2850656190,3,0.000513757467489051,C
1376881293,3,-0.00026392019135978995,C
1376881293,3,-0.00031475307919137663,C
1376881293,3,-0.0001711616071579103,C
1376881293,3,-0.0002847389912061793,C
1376881293,3,-0.00026721244857697,C
1214060489,3,5.767466650918873e-05,C
1214060489,3,-3.967231686463624e-05,C
1214060489,3,-9.665531563340934e-05,C
1214060489,3,-0.0002839443976996314,C
1214060489,3,-0.00014935158043993813,C
4203454020,3,6.340543836136359e-05,C
4203454020,3,5.8489404065942274e-05,C
4203454020,3,3.352985882421056e-05,C
4203454020,3,3.7245301810817644e-05,C
4203454020,3,5.409039237913582e-05,C
3034212252,3,-0.000503406749919777,C
3034212252,3,-0.0004115832686749643,C
3034212252,3,-4.6732494225709686e-05,C
3034212252,3,-0.0007913932458142314,C
3034212252,3,-0.0006408738647240009,C
3044751281,3,-0.006587435214825632,N
3044751281,3,-0.004821706752818233,N
3044751281,3,-0.0043405886211652644,N
3044751281,3,-0.001672314953939824,N
3044751281,3,-0.00524713589429715,N
1292826808,3,0.0001334091012190619,C
1292826808,3,9.807701273345515e-07,C
1292826808,3,0.0003124129704719092,C
1292826808,3,0.0002518689117870787,C
1292826808,3,6.951017991529973e-05,C
950023157,3,-0.003246051841465758,C
950023157,3,-0.002044516672430996,C
950023157,3,-0.001974124319584769,C
950023157,3,0.00010548302344226546,C
950023157,3,-0.0013368147707459865,C
1187730664,3,0.00047612324960866204,C
1187730664,3,0.0023112809596229633,C
1187730664,3,-0.0005971745274395701,C
1187730664,3,-0.0008186162781704809,C
1187730664,3,0.0007634313001292359,C
4039837947,3,0.0,F
4039837947,3,0.0,F
4039837947,3,0.0,F
4039837947,3,0.0,F
4039837947,3,0.0,F
773607102,3,-3.969514933666041e-05,C
773607102,3,-5.45416645696406e-05,C
773607102,3,-8.511733279537026e-05,C
773607102,3,-6.414162058143713e-05,C
773607102,3,-5.207849984190105e-05,C
2246997334,3,0.0007370602070403409,C
2246997334,3,-9.864167192252804e-05,C
2246997334,3,0.0002876497526239641,C
2246997334,3,0.00025717200677533025,C
2246997334,3,9.809577087227517e-05,C
714711401,3,-0.0008069168539706073,C
714711401,3,-0.0002842774617687338,C
714711401,3,-0.0006041139449846078,C
714711401,3,-0.0009890136499532964,C
714711401,3,-0.0006751364483070788,C
1710869618,3,-7.909646675441362e-05,C
1710869618,3,-0.0005195042265034866,C
1710869618,3,0.00011289788425639102,C
1710869618,3,-0.00010531007959457828,C
1710869618,3,-2.8966795005191948e-05,C
2549196227,3,-0.0007337104472157074,C
2549196227,3,-0.00048346758708905924,C
2549196227,3,-0.000814640811953038,C
2549196227,3,-0.0005853720758324243,C
2549196227,3,-0.0005992532994243405,C
2856245513,3,-0.0002426774106413232,C
2856245513,3,-0.00025645183243327985,C
2856245513,3,-0.00034380969103664505,C
2856245513,3,0.00033824766542722706,C
2856245513,3,-0.0004215316111907397,C
1999077141,3,0.0,
1999077141,3,0.0,
1999077141,3,0.0,
1999077141,3,0.0,
1999077141,3,0.0,
817588605,3,0.0,C
817588605,3,0.0,C
817588605,3,0.0,C
817588605,3,0.0,C
817588605,3,0.0,C
3430642422,3,1.7384532746578252e-05,C
3430642422,3,8.990144059084493e-06,C
3430642422,3,1.0958029021179705e-05,C
3430642422,3,2.294975123540155e-05,C
3430642422,3,-7.045087890067414e-06,C
1528304983,3,-0.0007149928343170853,N
1528304983,3,-0.00033921553436810914,N
1528304983,3,-0.0004455931190412432,N
1528304983,3,-0.0007589223905403175,N
1528304983,3,-0.0007617671265692794,N
3873941611,3,2.0527017949745208e-05,C
3873941611,3,3.528990914924979e-05,C
3873941611,3,7.613471989409426e-06,C
3873941611,3,1.4837089487684807e-05,C
3873941611,3,6.241875107848571e-05,C
2687950697,3,-0.000965901171743111,C
2687950697,3,-0.0004207542081409166,C
2687950697,3,-0.00012506065838757685,C
2687950697,3,5.39691599666936e-05,C
2687950697,3,-0.0007067253403354457,C
109461427,3,0.0001685570641847267,C
109461427,3,0.0013226797312296812,C
109461427,3,7.193952468409481e-05,C
109461427,3,0.0013462258334786537,C
109461427,3,-0.00038834929595732426,C
2950679810,3,-0.0013414238046424165,O
2950679810,3,-0.0002726147825961034,O
2950679810,3,-0.0008232022239222925,O
2950679810,3,-0.0007591152229723397,O
2950679810,3,-0.0007591439855407778,O
2914536168,3,-1.715753891495808e-05,C
2914536168,3,-1.8661933463448577e-05,C
2914536168,3,-2.1922622191916652e-05,C
2914536168,3,4.5357212613561515e-06,C
2914536168,3,-7.864838138749164e-06,C
1530636652,3,0.00023947044682637308,C
1530636652,3,0.0001311413172164766,C
1530636652,3,0.0001668639529561755,C
1530636652,3,0.0003713552239513751,C
1530636652,3,6.900843264401324e-05,C
3043679972,3,0.0,C
3043679972,3,0.0,C
3043679972,3,0.0,C
3043679972,3,0.0,C
3043679972,3,0.0,C
2529809651,3,0.0,C
2529809651,3,0.0,C
2529809651,3,0.0,C
2529809651,3,0.0,C
2529809651,3,0.0,C
1924383628,3,-0.0002014870698019422,C
1924383628,3,2.5946435272539148e-05,C
1924383628,3,-0.00018977880079273923,C
1924383628,3,0.00010880907688093355,C
1924383628,3,-3.994009383134767e-05,C
4003049590,3,0.0,C
4003049590,3,0.0,C
4003049590,3,0.0,C
4003049590,3,0.0,C
4003049590,3,0.0,C
1026654305,3,0.003460690199550087,S
1026654305,3,0.00477517389396287,S
1026654305,3,0.003619961706877395,S
1026654305,3,0.004790576723463058,S
1026654305,3,0.00039807347409293037,S
1542631284,3,5.3946876200750005e-05,O
1542631284,3,3.226879188888976e-05,O
1542631284,3,3.1584087995861765e-05,O
1542631284,3,8.297019467140565e-06,O
1542631284,3,1.4714435342844112e-05,O
1349670121,3,-8.300279208273142e-05,C
1349670121,3,8.303086735816922e-05,C
1349670121,3,-0.00011556924065547758,C
1349670121,3,-0.00011477624360767269,C
1349670121,3,-1.9241512901779778e-05,C
895118200,3,-0.0002925012924688275,N
895118200,3,5.08933281043733e-05,N
895118200,3,1.3387362512551348e-05,N
895118200,3,-0.00033900432278299863,N
895118200,3,-0.0003638957274256782,N
269171368,3,0.00024449318810215726,C
269171368,3,0.00014610266790149318,C
269171368,3,-0.0002530748527524995,C
269171368,3,-0.0012251264667395567,C
269171368,3,-0.0005613780797560919,C
1583930800,3,4.22472831385079e-06,C
1583930800,3,7.453732158047011e-06,C
1583930800,3,1.8328123827515697e-06,C
1583930800,3,6.960408002598673e-05,C
1583930800,3,2.3482918812267606e-05,C
738150152,3,0.00011190158462781596,O
738150152,3,7.676555498725701e-05,O
738150152,3,0.00013291632362466554,O
738150152,3,-2.0042917259766035e-05,O
738150152,3,3.7723771844411225e-05,O
1168541985,3,-0.003216085472936503,C
1168541985,3,-0.0022127983103173987,C
1168541985,3,-0.00017944618620835406,C
1168541985,3,-0.0016758100028498868,C
1168541985,3,-0.0019088491835208554,C
2747850234,3,0.0003550697878315079,C
2747850234,3,0.00018836043897829668,C
2747850234,3,0.0002108807261222978,C
2747850234,3,0.00044904518551958095,C
2747850234,3,0.00035819068767384277,C
3134313966,3,-0.00016500122178841892,O
3134313966,3,-0.0001013558519693536,O
3134313966,3,-5.578596246780254e-05,O
3134313966,3,-7.770354883174235e-05,O
3134313966,3,-0.0001964564648597733,O
1503972698,3,0.00012561694506774135,C
1503972698,3,0.00012223600625183018,C
1503972698,3,-0.00040924779710171943,C
1503972698,3,0.0008137055651767922,C
1503972698,3,-0.0004037252465930452,C
892756502,3,-0.00014813108607303338,C
892756502,3,-0.00013396794065789752,C
892756502,3,-3.797090434087824e-05,C
892756502,3,-3.8848963742954545e-05,C
892756502,3,-0.00010313403171913205,C
3136829774,3,0.0006739950887885149,N
3136829774,3,0.0007450992153995584,N
3136829774,3,0.0013801214170116038,N
3136829774,3,0.0006675799455183595,N
3136829774,3,0.0005844066748182941,N
3143719699,3,0.0014807992953970173,C
3143719699,3,0.0008006242748255232,C
3143719699,3,0.00022772360194456276,C
3143719699,3,0.0001545335116570623,C
3143719699,3,0.0008351906068204684,C
1360035982,3,-0.0004582418601537519,N
1360035982,3,0.0002859220070194901,N
1360035982,3,-0.00011102246924699077,N
1360035982,3,-0.00014173696279196069,N
1360035982,3,0.00034773972679269516,N
908339072,3,2.9921121441733867e-05,C
908339072,3,7.559132217627162e-05,C
908339072,3,0.0008500631033762085,C
908339072,3,0.0004574045866796439,C
908339072,3,0.0003444430084285077,C
974827889,3,0.0001823647491708824,C
974827889,3,0.0008006593908775894,C
974827889,3,-0.0006265109894328935,C
974827889,3,-0.0008199598346080306,C
974827889,3,-0.001124590680626869,C
1343371647,3,-0.0010505916284327954,N
1343371647,3,-0.00043456644688333324,N
1343371647,3,-0.0003414434548492107,N
1343371647,3,-0.0006157513530860026,N
1343371647,3,0.000377965564687055,N
2669055056,3,0.0010423483796145883,N
2669055056,3,-0.0009183790229284616,N
2669055056,3,-0.0002719872878745866,N
2669055056,3,-0.0003887993579335669,N
2669055056,3,0.00016631513306131218,N
2341585586,3,-0.0009341522997928786,N
2341585586,3,-0.0008459315915386734,N
2341585586,3,-0.0009080263294682922,N
2341585586,3,-0.0011164725186669777,N
2341585586,3,-0.000791493937323251,N
934540015,3,0.00022873518821042715,C
934540015,3,0.00018451958814635905,C
934540015,3,-4.7791473680725005e-06,C
934540015,3,-0.00010203873156489074,C
934540015,3,-0.000254035755899773,C
3794207567,3,0.0013282610850648968,C
3794207567,3,0.0007422003494028662,C
3794207567,3,0.0003468992137805049,C
3794207567,3,0.0001394909171870129,C
3794207567,3,-0.0009005346271743209,C
3278587996,3,0.0,C
3278587996,3,0.0,C
3278587996,3,0.0,C
3278587996,3,0.0,C
3278587996,3,0.0,C
4223108416,3,-0.0007745128327710793,C
4223108416,3,-0.0004620164000328497,C
4223108416,3,-0.0005838353292403342,C
4223108416,3,-0.0008244041498662869,C
4223108416,3,-0.0007615855684944828,C
1131570738,3,-2.0041130593173584e-05,N
1131570738,3,0.0011081978942071302,N
1131570738,3,0.0006684986715556063,N
1131570738,3,-0.001194285688398078,N
1131570738,3,1.302160785532358e-06,N
2258843522,3,7.436253834092188e-05,C
2258843522,3,9.149138357777975e-05,C
2258843522,3,0.0001532619838813254,C
2258843522,3,4.280711180337793e-05,C
2258843522,3,0.00012866635615593758,C
4257302536,3,1.7454075018408233e-05,N
4257302536,3,0.00018051006398545066,N
4257302536,3,0.00036615114434634943,N
4257302536,3,3.4445415061923335e-05,N
4257302536,3,-3.689378310967051e-05,N
2840370843,3,0.0007745566445777063,C
2840370843,3,0.0017310611752319183,C
2840370843,3,0.0005225954106435893,C
2840370843,3,0.0010796010729349215,C
2840370843,3,0.000894975595327252,C
1420730566,3,0.00017433811857792136,C
1420730566,3,0.00015555327520566653,C
1420730566,3,-7.195253168024163e-05,C
1420730566,3,0.00010299315401707254,C
1420730566,3,0.00012578820024433668,C
434045476,3,0.0,O
434045476,3,0.0,O
434045476,3,0.0,O
434045476,3,0.0,O
434045476,3,0.0,O
894436332,3,0.00041611685833631284,N
894436332,3,-0.0002736762660006109,N
894436332,3,0.00023236186370545475,N
894436332,3,0.0003006646167497129,N
894436332,3,0.00023776773016981334,N
3117292559,3,-4.524822187046418e-06,C
3117292559,3,-8.976710634589491e-05,C
3117292559,3,-0.00010705999987947745,C
3117292559,3,-0.00013488301971986694,C
3117292559,3,-8.976710634589491e-05,C
1923187777,3,6.768093867792757e-06,N
1923187777,3,-2.6474253286279392e-06,N
1923187777,3,7.466688053181514e-06,N
1923187777,3,-2.4794931687832644e-06,N
1923187777,3,-2.437459108661777e-06,N
2530048747,3,0.0022632386194412213,N
2530048747,3,0.0010818581619896905,N
2530048747,3,0.0005713482897777844,N
2530048747,3,0.0005155485914584146,N
2530048747,3,0.001959658567853295,N
622481563,3,0.0001467967711799023,C
622481563,3,-1.503070656827532e-07,C
622481563,3,7.778832817761927e-05,C
622481563,3,1.4028393998555266e-05,C
622481563,3,7.444592080341206e-05,C
1922070456,3,-2.8003293167766508e-05,C
1922070456,3,4.221523507308422e-05,C
1922070456,3,-1.8904264014185657e-05,C
1922070456,3,-6.465855703297052e-06,C
1922070456,3,-2.4756890533383924e-05,C
3995043796,3,0.0012826870229221132,C
3995043796,3,-0.00027247605125724217,C
3995043796,3,0.0017327588167195263,C
3995043796,3,0.0004958227166533824,C
3995043796,3,0.0007528252571683547,C
2065735937,3,0.0019346064633439797,C
2065735937,3,0.0007844218682572235,C
2065735937,3,0.0005440752676746374,C
2065735937,3,0.0006853842638906427,C
2065735937,3,0.0026343217469430025,C
3308295291,3,0.00012066146834277536,C
3308295291,3,8.36282584371073e-05,C
3308295291,3,-3.223472101687719e-05,C
3308295291,3,0.0001380255815428555,C
3308295291,3,6.405417279309322e-05,C
584893129,3,2.9895701642024264e-06,C
584893129,3,6.898842678682016e-06,C
584893129,3,-5.1476603012412525e-06,C
584893129,3,5.693745102919312e-05,C
584893129,3,6.538891493224064e-05,C
413654173,3,-0.0013689583765962299,C
413654173,3,-0.0007277577225521803,C
413654173,3,-0.00023530665215587554,C
413654173,3,-0.001431146946986872,C
413654173,3,-0.0009711667435386984,C
68671624,3,0.0,C
68671624,3,0.0,C
68671624,3,0.0,C
68671624,3,0.0,C
68671624,3,0.0,C
2488692798,3,-0.0009510074406455793,C
2488692798,3,0.00022131238657840946,C
2488692798,3,-0.0003269528503767605,C
2488692798,3,-0.00205476965459217,C
2488692798,3,-0.0009258794935353976,C
3084241488,3,-0.0004756595343288206,C
3084241488,3,-0.00048136124514042145,C
3084241488,3,-0.0008413084693411621,C
3084241488,3,-0.001411908153640562,C
3084241488,3,-0.0010191480704506706,C
4158944142,3,6.94255329550808e-05,C
4158944142,3,0.0001485882179567133,C
4158944142,3,0.00011732625520177731,C
4158944142,3,-0.0002770608109635697,C
4158944142,3,-5.052483631529103e-05,C
1469940320,3,0.0,C
1469940320,3,0.0,C
1469940320,3,0.0,C
1469940320,3,0.0,C
1469940320,3,0.0,C
662511025,3,0.0005133024554296872,N
662511025,3,-0.0006888131413109733,N
662511025,3,-0.0007022424643146064,N
662511025,3,-0.0004138689073317492,N
662511025,3,-0.0005151328861264792,N
2908279847,3,-0.00032688732373176155,C
2908279847,3,-0.0003412740414877602,C
2908279847,3,-0.00016414152555854766,C
2908279847,3,-0.0002886352175545115,C
2908279847,3,-0.0007088443335317995,C
68650007,3,-0.00025185618043910285,C
68650007,3,-7.074810335816473e-05,C
68650007,3,-0.0003500815101405985,C
68650007,3,-0.0003379102861313932,C
68650007,3,-0.00018987140389392643,C
3337420400,3,0.0,C
3337420400,3,0.0,C
3337420400,3,0.0,C
3337420400,3,0.0,C
3337420400,3,0.0,C
1979311206,3,0.0,O
1979311206,3,0.0,O
1979311206,3,0.0,O
1979311206,3,0.0,O
1979311206,3,0.0,O
2849741637,3,-0.00020933900393049765,C
2849741637,3,-0.0006631340270982777,C
2849741637,3,-0.0002699006159901929,C
2849741637,3,-0.0004106045062456376,C
2849741637,3,0.0002691756477537499,C
1664608228,3,0.0,C
1664608228,3,0.0,C
1664608228,3,0.0,C
1664608228,3,0.0,C
1664608228,3,0.0,C
1121298566,3,-0.0006180922615487416,C
1121298566,3,-0.0009006395384361099,C
1121298566,3,-0.0006754062554051865,C
1121298566,3,-0.0006618564937955762,C
1121298566,3,-0.0004741485871262441,C
3531344838,3,9.464341799936271e-05,S
3531344838,3,-7.146421694181893e-05,S
3531344838,3,0.00016538848804137363,S
3531344838,3,0.00010585897571180336,S
3531344838,3,0.0006054424794743607,S
3273018953,3,-0.001978680292954671,C
3273018953,3,-0.002165726114480404,C
3273018953,3,-0.003108344409354369,C
3273018953,3,-0.0038606618075995858,C
3273018953,3,-0.0032439583078723855,C
2034850751,3,0.000238093715532961,C
2034850751,3,6.77232498960123e-05,C
2034850751,3,-0.00043738482035238224,C
2034850751,3,9.613399952901336e-05,C
2034850751,3,0.0002163941918147394,C
4104822550,3,0.00016557550161533374,C
4104822550,3,0.0001357299293708314,C
4104822550,3,-6.102772467708739e-05,C
4104822550,3,5.8589964635480385e-06,C
4104822550,3,7.548796790424195e-05,C
1704599822,3,0.00014454104766570275,C
1704599822,3,4.6165666170883135e-05,C
1704599822,3,1.1576350898434562e-05,C
1704599822,3,7.039289522070558e-05,C
1704599822,3,3.68713899460138e-05,C
3019519651,3,4.660939155187727e-06,C
3019519651,3,8.731670003747638e-05,C
3019519651,3,8.731670003747638e-05,C
3019519651,3,-2.2219428898795357e-05,C
3019519651,3,8.731670003747638e-05,C
3781885420,3,9.914227827967359e-05,N
3781885420,3,1.931121797238422e-05,N
3781885420,3,1.82125148584511e-05,N
3781885420,3,5.3472345484473216e-05,N
3781885420,3,8.854364473243059e-05,N
579898624,3,0.0,C
579898624,3,0.0,C
579898624,3,0.0,C
579898624,3,0.0,C
579898624,3,0.0,C
899522708,3,0.0,
899522708,3,0.0,
899522708,3,0.0,
899522708,3,0.0,
899522708,3,0.0,
550081331,3,-0.007552140946152974,C
550081331,3,-0.004647711440403546,C
550081331,3,-0.006741797388947091,C
550081331,3,-0.006281531050897016,C
550081331,3,-0.002812790497755735,C
104363044,3,-0.0008558064564067047,N
104363044,3,-4.652895285539582e-05,N
104363044,3,-6.076458726689271e-05,N
104363044,3,-0.00028638312419182466,N
104363044,3,8.771935983342694e-05,N
2072239802,3,-0.0007444032107660759,C
2072239802,3,-0.0007902415645847372,C
2072239802,3,-0.000755890120327285,C
2072239802,3,-0.0002990814786860696,C
2072239802,3,-0.000755342559481953,C
3394178578,3,7.388911518801944e-05,C
3394178578,3,-0.0009583093411411614,C
3394178578,3,-0.00115829261783984,C
3394178578,3,-0.0009405973766514197,C
3394178578,3,-0.0013903020143836153,C
2013664411,3,5.374801663460271e-05,C
2013664411,3,2.7215097797683718e-05,C
2013664411,3,-2.400016688330897e-05,C
2013664411,3,-3.91140265331158e-05,C
2013664411,3,-3.629583544650927e-05,C
3346582092,3,0.0013431425177324874,N
3346582092,3,0.0007474118153321108,N
3346582092,3,0.0015309194024398787,N
3346582092,3,0.0010338715670303866,N
3346582092,3,0.0005324696576161081,N
4291484675,3,-0.0020506725360471822,N
4291484675,3,-0.0018979009343803588,N
4291484675,3,-0.0002990002554037474,N
4291484675,3,-0.0002663691130597723,N
4291484675,3,-0.0009189711050588967,N
3275683399,3,0.0,N
3275683399,3,0.0,N
3275683399,3,0.0,N
3275683399,3,0.0,N
3275683399,3,0.0,N
2775257855,3,6.962081726002989e-05,C
2775257855,3,1.0858720752460194e-05,C
2775257855,3,-2.5978291190442704e-05,C
2775257855,3,-0.00019294891853316454,C
2775257855,3,-9.534679394263001e-05,C
2810421479,3,0.0,O
2810421479,3,0.0,O
2810421479,3,0.0,O
2810421479,3,0.0,O
2810421479,3,0.0,O
2662374534,3,0.0,C
2662374534,3,0.0,C
2662374534,3,0.0,C
2662374534,3,0.0,C
2662374534,3,0.0,C
3461773897,3,-6.617459306323958e-05,N
3461773897,3,3.76007493650965e-05,N
3461773897,3,-4.694512657221761e-05,N
3461773897,3,-4.6860246270430395e-05,N
3461773897,3,-4.233366064643196e-05,N
344019891,3,-0.0014690894517603859,N
344019891,3,-2.0521859473321413e-05,N
344019891,3,2.0558580101859292e-05,N
344019891,3,0.0004430141973980062,N
344019891,3,0.0005515350836144961,N
3402570011,3,0.0,C
3402570011,3,0.0,C
3402570011,3,0.0,C
3402570011,3,0.0,C
3402570011,3,0.0,C
1199016914,3,-3.6008589057168194e-06,C
1199016914,3,-3.63209332365777e-06,C
1199016914,3,-4.805852255818088e-06,C
1199016914,3,3.5153353313832625e-06,C
1199016914,3,9.906758049460507e-07,C
1714595447,3,3.140522595468376e-05,C
1714595447,3,0.0006070184857144278,C
1714595447,3,-0.00021580147799071803,C
1714595447,3,4.2539227435578475e-05,C
1714595447,3,0.0008777976058312875,C
871396902,3,0.0,C
871396902,3,0.0,C
871396902,3,0.0,C
871396902,3,0.0,C
871396902,3,0.0,C
2845936339,3,0.0,C
2845936339,3,0.0,C
2845936339,3,0.0,C
2845936339,3,0.0,C
2845936339,3,0.0,C
3880022399,3,0.0002560888185358934,C
3880022399,3,-7.561102363751182e-05,C
3880022399,3,-0.00019396149254025108,C
3880022399,3,-0.0001478378907261435,C
3880022399,3,6.172509445467877e-05,C
410310586,3,-0.0001286679675186475,C
410310586,3,-0.00013057867794441513,C
410310586,3,-0.00012304100927662542,C
410310586,3,-0.00013110142344863185,C
410310586,3,-0.00012616855763913915,C
2612409031,3,0.0003718801035196284,C
2612409031,3,0.0003104209582998063,C
2612409031,3,0.00034744827413413226,C
2612409031,3,0.00026283080176714435,C
2612409031,3,0.000306579985433042,C
2375987095,3,-0.0007704679379300083,C
2375987095,3,-0.0005092072168091377,C
2375987095,3,-0.0008023379785654372,C
2375987095,3,-0.00020595137683709908,C
2375987095,3,-0.0012213674936432106,C
1294138518,3,-0.00022048606418978434,S
1294138518,3,-0.0005678912461999364,S
1294138518,3,-0.00040259729352909446,S
1294138518,3,-0.00017465909559299941,S
1294138518,3,-0.00023288483978556318,S
293971392,3,-0.0026692419568943304,N
293971392,3,-0.0024337112855704612,N
293971392,3,-0.001318900974306536,N
293971392,3,-0.001443090111148515,N
293971392,3,-0.003462171938354408,N
4036774035,3,0.0,
4036774035,3,0.0,
4036774035,3,0.0,
4036774035,3,0.0,
4036774035,3,0.0,
1010142783,3,0.0006496082148995663,O
1010142783,3,0.0003008210058662586,O
1010142783,3,0.0002251072002119603,O
1010142783,3,0.00028994854870134645,O
1010142783,3,0.0001450214512447312,O
3120364749,3,0.0,
3120364749,3,0.0,
3120364749,3,0.0,
3120364749,3,0.0,
3120364749,3,0.0,
3662562115,3,0.0003523071325168825,C
3662562115,3,0.0005940839265144993,C
3662562115,3,0.0001597293889521456,C
3662562115,3,6.915924418393615e-05,C
3662562115,3,-0.000438318084324707,C
3921298496,3,0.00011474165488645216,C
3921298496,3,-0.0005510439720788352,C
3921298496,3,-0.00018367250017126135,C
3921298496,3,0.00019278004848610752,C
3921298496,3,-0.00019143260562071163,C
737501821,3,0.00013126106218164235,C
737501821,3,0.00013312635718953914,C
737501821,3,4.1359156575104805e-06,C
737501821,3,0.00015405370396293083,C
737501821,3,9.116063761038795e-05,C
2024004397,3,-3.733409147732569e-05,N
2024004397,3,-0.00022601691860923978,N
2024004397,3,-3.067250220645246e-05,N
2024004397,3,-3.067250220645246e-05,N
2024004397,3,-8.847656012167526e-05,N
751208592,3,0.0,C
751208592,3,0.0,C
751208592,3,0.0,C
751208592,3,0.0,C
751208592,3,0.0,C
3953445033,3,0.0,S
3953445033,3,0.0,S
3953445033,3,0.0,S
3953445033,3,0.0,S
3953445033,3,0.0,S
497870099,3,-0.0002387751762676915,C
497870099,3,-9.168763518463408e-05,C
497870099,3,-0.00021620429420299292,C
497870099,3,-0.00026161109920319614,C
497870099,3,-0.00034343472663600494,C
3417531975,3,0.00022568752906704237,C
3417531975,3,5.5224985921475955e-05,C
3417531975,3,0.0004234031885573808,C
3417531975,3,0.00037273573354601464,C
3417531975,3,0.000365463054545323,C
1044405971,3,-7.269961144529269e-06,C
1044405971,3,-7.834972233133897e-05,C
1044405971,3,-3.110367872416475e-05,C
1044405971,3,-0.0001271344677116204,C
1044405971,3,-4.590385514047224e-05,C
2394338241,3,0.0,C
2394338241,3,0.0,C
2394338241,3,0.0,C
2394338241,3,0.0,C
2394338241,3,0.0,C
1271691605,3,-0.0016037390185316136,S
1271691605,3,0.00029211238895943126,S
1271691605,3,0.0022855083232848905,S
1271691605,3,-0.0008226745527265544,S
1271691605,3,0.0018354809019195395,S
3643491447,3,0.0013820834149286254,C
3643491447,3,0.0017463139008386808,C
3643491447,3,0.0007591922479569524,C
3643491447,3,1.5117801255404295e-05,C
3643491447,3,0.0008703973177862645,C
21411075,3,0.0,
21411075,3,0.0,
21411075,3,0.0,
21411075,3,0.0,
21411075,3,0.0,
413381818,3,0.0,C
413381818,3,0.0,C
413381818,3,0.0,C
413381818,3,0.0,C
413381818,3,0.0,C
3082607741,3,0.0,C
3082607741,3,0.0,C
3082607741,3,0.0,C
3082607741,3,0.0,C
3082607741,3,0.0,C
4216649732,3,0.000695695367691207,S
4216649732,3,0.000566482734302598,S
4216649732,3,0.0014183600818929998,S
4216649732,3,0.0019660430427762554,S
4216649732,3,0.00016447760185833715,S
371876130,3,0.0,C
371876130,3,0.0,C
371876130,3,0.0,C
371876130,3,0.0,C
371876130,3,0.0,C
1978844073,3,-1.2969222515923917e-06,O
1978844073,3,-2.063485705416923e-06,O
1978844073,3,2.0670035750125493e-05,O
1978844073,3,2.080814610028181e-05,O
1978844073,3,2.2985373018258315e-05,O
1671692019,3,7.262802436125426e-06,C
1671692019,3,1.841065983143597e-05,C
1671692019,3,3.3716270249839475e-05,C
1671692019,3,7.847610399813743e-05,C
1671692019,3,5.1308092144042305e-05,C
2070976245,3,0.0,C
2070976245,3,0.0,C
2070976245,3,0.0,C
2070976245,3,0.0,C
2070976245,3,0.0,C
845764036,3,0.0,C
845764036,3,0.0,C
845764036,3,0.0,C
845764036,3,0.0,C
845764036,3,0.0,C
2559453089,3,0.0011743199934757254,C
2559453089,3,0.0008886192827113337,C
2559453089,3,0.000906570700299425,C
2559453089,3,0.0006940900135168349,C
2559453089,3,0.0008766111773405028,C
3286377484,3,0.0,C
3286377484,3,0.0,C
3286377484,3,0.0,C
3286377484,3,0.0,C
3286377484,3,0.0,C
2200148275,3,0.0,N
2200148275,3,0.0,N
2200148275,3,0.0,N
2200148275,3,0.0,N
2200148275,3,0.0,N
1962383056,3,0.0,N
1962383056,3,0.0,N
1962383056,3,0.0,N
1962383056,3,0.0,N
1962383056,3,0.0,N
3012778962,3,-0.0009912380363484852,N
3012778962,3,-0.0004659306337518876,N
3012778962,3,-0.00039685868144689884,N
3012778962,3,-0.0005553346486719679,N
3012778962,3,-0.0007773847893260966,N
1620258790,3,-0.0001743113676156982,N
1620258790,3,-0.00018272011282782774,N
1620258790,3,-0.0001760752902789653,N
1620258790,3,-0.00019124670129966326,N
1620258790,3,-0.00018541264258720158,N
3372254436,3,-0.0002926533683439425,O
3372254436,3,-0.00041955405508331545,O
3372254436,3,-0.0006292654987996027,O
3372254436,3,-0.0007535153317105303,O
3372254436,3,-0.0008117561907010629,O
330223697,3,0.0002998857194369542,C
330223697,3,-7.3550850336889795e-06,C
330223697,3,0.0007936697080369592,C
330223697,3,0.0005489145483293933,C
330223697,3,0.0009853562401799243,C
1208423463,3,0.00024399780929695858,C
1208423463,3,-0.0007107932195539179,C
1208423463,3,-0.0006287776707577519,C
1208423463,3,-0.0008073344177039754,C
1208423463,3,-0.0006351793936055783,C
141882433,3,-0.00017853521137944917,C
141882433,3,0.00024248067008969532,C
141882433,3,-0.00011011730668319952,C
141882433,3,0.00010067960333870474,C
141882433,3,-0.00014293579588309235,C
3727977332,3,0.0,N
3727977332,3,0.0,N
3727977332,3,0.0,N
3727977332,3,0.0,N
3727977332,3,0.0,N
535847852,3,0.0,C
535847852,3,0.0,C
535847852,3,0.0,C
535847852,3,0.0,C
535847852,3,0.0,C
422165373,3,-8.384953362461367e-05,C
422165373,3,-8.68411850842854e-05,C
422165373,3,-0.00012704071514435533,C
422165373,3,-7.165746687054497e-05,C
422165373,3,-6.89322566580497e-05,C
176403689,3,0.0,
176403689,3,0.0,
176403689,3,0.0,
176403689,3,0.0,
176403689,3,0.0,
1735672143,3,5.37606383291811e-05,C
1735672143,3,7.018667862535022e-05,C
1735672143,3,-1.5273362292234083e-05,C
1735672143,3,2.9754921169966586e-05,C
1735672143,3,7.592430934233452e-05,C
1266193593,3,0.0001586648521720857,C
1266193593,3,-0.00021878685955878385,C
1266193593,3,-0.0006733673807901575,C
1266193593,3,-0.00026494679822708367,C
1266193593,3,9.807381625059897e-05,C
29410177,3,0.0,
29410177,3,0.0,
29410177,3,0.0,
29410177,3,0.0,
29410177,3,0.0,
808416955,3,-0.00037272606486993265,S
808416955,3,-0.0004347969737908963,S
808416955,3,-0.0003301284695216289,S
808416955,3,-0.00041040484693855017,S
808416955,3,-0.00022570933246224278,S
1949014205,3,-0.0003468046516804657,C
1949014205,3,0.00033347023479168847,C
1949014205,3,-0.00014241816608751012,C
1949014205,3,-0.00038787827469943803,C
1949014205,3,-3.6227704514835146e-05,C
3431706413,3,0.0,C
3431706413,3,0.0,C
3431706413,3,0.0,C
3431706413,3,0.0,C
3431706413,3,0.0,C
150310,3,0.0006235417596015536,C
150310,3,0.0002967824628667959,C
150310,3,0.0006092683156164735,C
150310,3,0.0008268052280753224,C
150310,3,0.0002725255476463406,C
465304290,3,0.0006434511818634858,C
465304290,3,0.0001457714337105287,C
465304290,3,0.0012076482743179628,C
465304290,3,8.090891589873639e-05,C
465304290,3,-0.0004781149668952045,C
3093061208,3,0.0,C
3093061208,3,0.0,C
3093061208,3,0.0,C
3093061208,3,0.0,C
3093061208,3,0.0,C
3012865236,3,0.00011220827757885132,N
3012865236,3,0.0006937734045528998,N
3012865236,3,7.302630694372425e-05,N
3012865236,3,0.0003324970901203983,N
3012865236,3,0.00036467361228220696,N
792968423,3,-0.000146740319509564,C
792968423,3,-0.00011886459131105198,C
792968423,3,-0.00040575827856015323,C
792968423,3,-0.00019797340574412292,C
792968423,3,-0.0002483706678594322,C
170727310,3,-0.0004961857199753394,C
170727310,3,0.00036320362752984003,C
170727310,3,-0.00010061853217013805,C
170727310,3,-0.0006900243245661075,C
170727310,3,0.0005356237973718203,C
2459558207,3,0.0002474804767467198,C
2459558207,3,0.00020435711715938165,C
2459558207,3,0.00018636577641384378,C
2459558207,3,0.0005195019063453099,C
2459558207,3,4.5685090254710126e-05,C
1323888424,3,0.0,N
1323888424,3,0.0,N
1323888424,3,0.0,N
1323888424,3,0.0,N
1323888424,3,0.0,N
2975116251,3,7.89735921290502e-05,N
2975116251,3,-0.0006984406736108006,N
2975116251,3,-0.00019635836713682853,N
2975116251,3,-0.0009969530076523458,N
2975116251,3,0.00037406441525100753,N
1819912581,3,5.963865592228945e-05,C
1819912581,3,-2.100814241046134e-05,C
1819912581,3,0.0002013306949036897,C
1819912581,3,-9.011464726993434e-05,C
1819912581,3,-9.159013077686406e-05,C
335878828,3,0.0,
335878828,3,0.0,
335878828,3,0.0,
335878828,3,0.0,
335878828,3,0.0,
3975295864,3,-0.0005108831679048187,C
3975295864,3,-0.000144995513473134,C
3975295864,3,-0.00025355725256570594,C
3975295864,3,-0.00043393020458826204,C
3975295864,3,-0.000504803419975608,C
239116674,3,0.0,C
239116674,3,0.0,C
239116674,3,0.0,C
239116674,3,0.0,C
239116674,3,0.0,C
3538861869,3,-0.0010595040615849483,C
3538861869,3,-0.00043622889620476,C
3538861869,3,-0.0005667213709238395,C
3538861869,3,-0.000510388583742527,C
3538861869,3,-0.0005820785950340079,C
934550081,3,-7.591859044753235e-07,N
934550081,3,5.3739060929980376e-05,N
934550081,3,1.305792004635542e-05,N
934550081,3,4.961842190120969e-06,N
934550081,3,-1.64236274444729e-05,N
3316027208,3,0.0,
3316027208,3,0.0,
3316027208,3,0.0,
3316027208,3,0.0,
3316027208,3,0.0,
2865977551,3,-0.0006200991748857021,S
2865977551,3,-0.0006486426111018684,S
2865977551,3,-0.0005190036201403458,S
2865977551,3,-0.0005908247401570366,S
2865977551,3,-0.0005987561006821629,S
3183067622,3,5.204409241432728e-05,O
3183067622,3,-0.00015768448403141733,O
3183067622,3,4.036014093711238e-06,O
3183067622,3,2.8229664691958867e-05,O
3183067622,3,-9.467763800041773e-05,O
564293713,3,0.0,S
564293713,3,0.0,S
564293713,3,0.0,S
564293713,3,0.0,S
564293713,3,0.0,S
1428903162,3,0.0004698411206545128,C
1428903162,3,0.0003181303057053775,C
1428903162,3,0.00046863951562792217,C
1428903162,3,0.00036740007888891313,C
1428903162,3,0.0001392362300798311,C
1467524174,3,0.0,C
1467524174,3,0.0,C
1467524174,3,0.0,C
1467524174,3,0.0,C
1467524174,3,0.0,C
651269745,3,-8.783755534924609e-06,C
651269745,3,5.536012417284297e-05,C
651269745,3,6.719463206561471e-05,C
651269745,3,7.689265329557937e-05,C
651269745,3,-2.1013806594805118e-07,C
3268335377,3,0.00016497107405466505,N
3268335377,3,9.270187795129559e-05,N
3268335377,3,-1.6175184757161176e-05,N
3268335377,3,8.42263206992655e-05,N
3268335377,3,-2.7342480125480684e-05,N
1280488931,3,5.936681254004039e-05,N
1280488931,3,1.1964245024698172e-06,N
1280488931,3,1.7321461128760873e-06,N
1280488931,3,8.0168733260777e-06,N
1280488931,3,7.570899944020493e-05,N
2098262959,3,0.0,
2098262959,3,0.0,
2098262959,3,0.0,
2098262959,3,0.0,
2098262959,3,0.0,
2485994647,3,-0.00051339669007755,N
2485994647,3,-0.0003786906864171602,N
2485994647,3,0.00020688336368479554,N
2485994647,3,-0.0003075671211061337,N
2485994647,3,-0.0003794734432279734,N
3088984962,3,0.0003037350706835973,C
3088984962,3,0.000318180298444104,C
3088984962,3,0.0004922442437723662,C
3088984962,3,0.00014848198030814608,C
3088984962,3,0.00034043921478632555,C
3042542132,3,0.00020900283434444056,N
3042542132,3,0.00011415526339941806,N
3042542132,3,7.660356442173999e-05,N
3042542132,3,-2.9618781803630867e-05,N
3042542132,3,9.310881160362605e-05,N
373109870,3,-0.0006584486567187131,C
373109870,3,-0.001018631812722104,C
373109870,3,-0.000997678472891006,C
373109870,3,-0.0006214067520387001,C
373109870,3,-0.0007687094784056825,C
2677752761,3,0.0,C
2677752761,3,0.0,C
2677752761,3,0.0,C
2677752761,3,0.0,C
2677752761,3,0.0,C
3807907321,3,-0.00012873032482041413,O
3807907321,3,0.0003167503869916377,O
3807907321,3,-0.00035458050365655414,O
3807907321,3,-0.0004946822181232102,O
3807907321,3,-0.00024956252903085563,O
2587571567,3,-0.001080232392165481,C
2587571567,3,0.00044655449941788383,C
2587571567,3,-0.0006235333474888805,C
2587571567,3,-0.00040708433337544037,C
2587571567,3,-0.0007785502187004356,C
3701504231,3,0.0010801674516450754,N
3701504231,3,-0.00014198054705405472,N
3701504231,3,0.0007166580810171741,N
3701504231,3,0.000582073846323472,N
3701504231,3,-0.00011071081589908438,N
369315086,3,-0.0023814032581521705,C
369315086,3,0.0004946096170560521,C
369315086,3,0.0008729247850421951,C
369315086,3,-0.000284779278621361,C
369315086,3,-0.0029768077674268145,C
1965692378,3,3.451021802025611e-05,N
1965692378,3,-5.08843433610906e-07,N
1965692378,3,-8.86238211816881e-07,N
1965692378,3,3.6660295266721654e-05,N
1965692378,3,3.4388760266845786e-05,N
1633777018,3,-0.002058526890932777,C
1633777018,3,-0.0010162816112729844,C
1633777018,3,0.0013478206222387046,C
1633777018,3,-0.0026592234942802717,C
1633777018,3,-0.0014084912782741377,C
3757038672,3,-0.0020076439087752807,C
3757038672,3,-0.0002610827382678593,C
3757038672,3,0.00010804554685128753,C
3757038672,3,-0.0005056758271753115,C
3757038672,3,-0.0019952004619945285,C
2677858541,3,-0.0008398128436399865,C
2677858541,3,-0.002161605165755809,C
2677858541,3,-0.003850578554629225,C
2677858541,3,-0.0027637115037478788,C
2677858541,3,-0.001225415282284037,C
1446204275,3,0.0007919865507240997,C
1446204275,3,-5.275308343122287e-05,C
1446204275,3,-0.0002584860199186245,C
1446204275,3,0.00023912381474100464,C
1446204275,3,-0.0006325570573301187,C
3589407776,3,-1.736045212763493e-05,C
3589407776,3,-3.363468942929604e-05,C
3589407776,3,1.4505643164075543e-05,C
3589407776,3,-2.4334685336024897e-05,C
3589407776,3,0.00014084181819906672,C
3083149185,3,0.0,C
3083149185,3,0.0,C
3083149185,3,0.0,C
3083149185,3,0.0,C
3083149185,3,0.0,C
337875000,3,9.039302655655668e-05,C
337875000,3,9.317968031385959e-05,C
337875000,3,-0.00016119028596306428,C
337875000,3,-1.4605197062311781e-05,C
337875000,3,0.0003540501547970587,C
3887884923,3,-0.0005438163768957116,C
3887884923,3,0.00012316233303988344,C
3887884923,3,-3.577314611202809e-05,C
3887884923,3,0.0001868574323391492,C
3887884923,3,0.0003914339694541802,C
4256629345,3,0.0011435887206870943,C
4256629345,3,0.0003412652063213839,C
4256629345,3,-0.0005469329151371882,C
4256629345,3,-0.0006272149675384808,C
4256629345,3,0.000326746226229635,C
662595032,3,0.00032974120242934557,N
662595032,3,1.5875056930347853e-05,N
662595032,3,9.820104899627147e-05,N
662595032,3,-2.658314817116647e-05,N
662595032,3,-5.850730257050962e-05,N
3777243454,3,0.0003716966392643961,C
3777243454,3,0.0005927951790043462,C
3777243454,3,0.002789389050801505,C
3777243454,3,0.001175478048131673,C
3777243454,3,0.0005438288620808196,C
982949046,3,-1.8187301190741856e-05,C
982949046,3,-1.69259446120007e-05,C
982949046,3,1.999763964710688e-05,C
982949046,3,-2.4774005450756142e-05,C
982949046,3,-0.00012400124245726118,C
267757375,3,0.0,
267757375,3,0.0,
267757375,3,0.0,
267757375,3,0.0,
267757375,3,0.0,
2157595070,3,0.0,
2157595070,3,0.0,
2157595070,3,0.0,
2157595070,3,0.0,
2157595070,3,0.0,
895910141,3,0.0,
895910141,3,0.0,
895910141,3,0.0,
895910141,3,0.0,
895910141,3,0.0,
3182041044,3,0.0,C
3182041044,3,0.0,C
3182041044,3,0.0,C
3182041044,3,0.0,C
3182041044,3,0.0,C
4105666400,3,-0.00041971501707338543,C
4105666400,3,-2.2278219566795876e-05,C
4105666400,3,-1.38255897742523e-05,C
4105666400,3,0.0006904815584833912,C
4105666400,3,-0.0003465991323943207,C
1891839201,3,-5.5002680835469775e-06,C
1891839201,3,5.411768257079785e-06,C
1891839201,3,-3.2843754503852907e-06,C
1891839201,3,1.574761161138305e-06,C
1891839201,3,-6.3199719096962426e-06,C
2584230118,3,0.00021376643870008039,C
2584230118,3,4.6361878460743355e-06,C
2584230118,3,-0.000287919845471718,C
2584230118,3,-0.00044905976593168084,C
2584230118,3,-0.00025447086968022337,C
3696402029,3,0.00118522878526639,C
3696402029,3,0.0008703614169647267,C
3696402029,3,1.126268498607974e-05,C
3696402029,3,0.0013090353248126352,C
3696402029,3,-7.24128893324627e-05,C
1263988625,3,0.0,C
1263988625,3,0.0,C
1263988625,3,0.0,C
1263988625,3,0.0,C
1263988625,3,0.0,C
829754261,3,6.422479525902691e-05,C
829754261,3,-4.370333302339269e-05,C
829754261,3,7.579672088664502e-05,C
829754261,3,-6.795342513687963e-06,C
829754261,3,3.0161026079555953e-05,C
2841547777,3,-0.0003992393128138261,C
2841547777,3,-0.0006804895630245777,C
2841547777,3,-0.0003960772872448892,C
2841547777,3,0.0001634085539669039,C
2841547777,3,0.00014776414562545082,C
3059129780,3,0.0,C
3059129780,3,0.0,C
3059129780,3,0.0,C
3059129780,3,0.0,C
3059129780,3,0.0,C
3650394863,3,0.0002899539486411751,C
3650394863,3,0.00046376580914964105,C
3650394863,3,0.0003295520032879917,C
3650394863,3,0.00045604770501073144,C
3650394863,3,0.0001873100819831386,C
3288032115,3,0.0,C
3288032115,3,0.0,C
3288032115,3,0.0,C
3288032115,3,0.0,C
3288032115,3,0.0,C
1308598964,3,7.845275798212814e-05,C
1308598964,3,-0.00022750769392665404,C
1308598964,3,0.00011515672593842563,C
1308598964,3,-8.43992171138952e-05,C
1308598964,3,-0.00019167595257907344,C
4081192417,3,0.0,
4081192417,3,0.0,
4081192417,3,0.0,
4081192417,3,0.0,
4081192417,3,0.0,
2085926208,3,0.0,
2085926208,3,0.0,
2085926208,3,0.0,
2085926208,3,0.0,
2085926208,3,0.0,
1852134816,3,-0.00018542931247456096,C
1852134816,3,-0.00023103613725461436,C
1852134816,3,0.00014591479883585556,C
1852134816,3,0.00046599347551856685,C
1852134816,3,0.0006204833010713395,C
3628883864,3,-0.00010210944798449972,C
3628883864,3,-0.00023799580402816822,C
3628883864,3,-0.00010210944798449972,C
3628883864,3,-0.00020797951290907335,C
3628883864,3,-0.00023799580402816822,C
1228815484,3,0.0003500410034158463,C
1228815484,3,0.00029180023997787963,C
1228815484,3,0.00012982795385385604,C
1228815484,3,0.00030548538134256287,C
1228815484,3,0.00013070890199662344,C
2863170677,3,0.0,
2863170677,3,0.0,
2863170677,3,0.0,
2863170677,3,0.0,
2863170677,3,0.0,
2126281302,3,-0.00023393530377746607,C
2126281302,3,-0.0005227996117186384,C
2126281302,3,-0.00042418269772892536,C
2126281302,3,0.00022572570552048532,C
2126281302,3,0.0004714214206246181,C
3768390624,3,0.0007028127472591406,C
3768390624,3,0.0011271904832175217,C
3768390624,3,0.0007028616998229209,C
3768390624,3,0.0005774848359807461,C
3768390624,3,0.000856638451334768,C
2150151661,3,7.229992332602464e-07,C
2150151661,3,8.410525854207762e-06,C
2150151661,3,-4.47657931390566e-07,C
2150151661,3,-1.2017673008957175e-06,C
2150151661,3,7.229992332602464e-07,C
881868678,3,0.0,
881868678,3,0.0,
881868678,3,0.0,
881868678,3,0.0,
881868678,3,0.0,
1796784588,3,0.0,
1796784588,3,0.0,
1796784588,3,0.0,
1796784588,3,0.0,
1796784588,3,0.0,
3892941493,3,0.0,N
3892941493,3,0.0,N
3892941493,3,0.0,N
3892941493,3,0.0,N
3892941493,3,0.0,N
847307936,3,0.0,C
847307936,3,0.0,C
847307936,3,0.0,C
847307936,3,0.0,C
847307936,3,0.0,C
1514288082,3,0.0,
1514288082,3,0.0,
1514288082,3,0.0,
1514288082,3,0.0,
1514288082,3,0.0,
287232915,3,-0.0005215389603581144,C
287232915,3,-0.00034566825969606363,C
287232915,3,-0.0005311315302319874,C
287232915,3,-0.0006171967967095737,C
287232915,3,-0.00036830294838985367,C
3292836937,3,0.0,
3292836937,3,0.0,
3292836937,3,0.0,
3292836937,3,0.0,
3292836937,3,0.0,
89961214,3,8.892813837091396e-06,C
89961214,3,1.3038006421939308e-05,C
89961214,3,4.792173642687025e-06,C
89961214,3,1.9155674646498255e-06,C
89961214,3,1.1983635148316019e-05,C
1147977085,3,-0.0002537532013408006,C
1147977085,3,0.0005368915968253507,C
1147977085,3,-0.0003855954633308345,C
1147977085,3,-0.00044268489383259,C
1147977085,3,0.0004350890906572591,C
636182019,3,-0.00015631066817489714,C
636182019,3,-0.00015138859299368423,C
636182019,3,-1.0947011670481288e-05,C
636182019,3,-7.473158337301111e-05,C
636182019,3,-0.00012160982904285689,C
799373156,3,0.0,C
799373156,3,0.0,C
799373156,3,0.0,C
799373156,3,0.0,C
799373156,3,0.0,C
636990493,3,0.0,C
636990493,3,0.0,C
636990493,3,0.0,C
636990493,3,0.0,C
636990493,3,0.0,C
1078276907,3,-6.90348350098624e-05,C
1078276907,3,4.1056124771454705e-05,C
1078276907,3,-0.00014557188629793494,C
1078276907,3,-9.150871922414261e-05,C
1078276907,3,6.569905516484731e-05,C
1421345390,3,0.0,C
1421345390,3,0.0,C
1421345390,3,0.0,C
1421345390,3,0.0,C
1421345390,3,0.0,C
145374537,3,-0.00020111942589140508,C
145374537,3,-0.00014426015871438214,C
145374537,3,-0.0005587738714313284,C
145374537,3,-0.0004239838042356947,C
145374537,3,-0.000434190697192971,C
1256751600,3,-0.0032760520462021825,C
1256751600,3,-0.0030992569228494027,C
1256751600,3,-0.002965526069652613,C
1256751600,3,-0.0023448462024519,C
1256751600,3,-0.003464571289402807,C
30707086,3,0.0006703990879487476,C
30707086,3,-8.981488797721315e-05,C
30707086,3,-0.00016738797209081557,C
30707086,3,-0.0003984859448633582,C
30707086,3,-7.29266343826307e-05,C
454919045,3,-0.0004083975640173376,N
454919045,3,-0.0002343353797602532,N
454919045,3,-0.0013307707074756703,N
454919045,3,-0.00038359747997929183,N
454919045,3,-0.0015132909989825638,N
96001975,3,-0.00013191980824434069,C
96001975,3,0.0001278405437720176,C
96001975,3,-0.00012387144130754368,C
96001975,3,0.00018191638807651955,C
96001975,3,0.00015113160973556639,C
3632480728,3,0.0,C
3632480728,3,0.0,C
3632480728,3,0.0,C
3632480728,3,0.0,C
3632480728,3,0.0,C
2543587995,3,0.0002682313745978604,N
2543587995,3,0.00014837529081834777,N
2543587995,3,0.00015960651584090435,N
2543587995,3,-0.00030609593993513595,N
2543587995,3,0.0002013176380222248,N
2664622273,3,-3.40630953074017e-05,C
2664622273,3,-0.00011071835585563239,C
2664622273,3,-8.172644401527318e-05,C
2664622273,3,-9.044158480686626e-06,C
2664622273,3,-3.102810007982182e-05,C
640282103,3,0.0,C
640282103,3,0.0,C
640282103,3,0.0,C
640282103,3,0.0,C
640282103,3,0.0,C
552722929,3,8.240579884777333e-05,C
552722929,3,0.0004665175054007209,C
552722929,3,-3.321493776720086e-05,C
552722929,3,0.0009151794020935133,C
552722929,3,4.3377296246260855e-05,C
3304326854,3,-0.0010619117476596829,C
3304326854,3,0.0002640425904948396,C
3304326854,3,-0.0009521220303276845,C
3304326854,3,-0.0003050185895701052,C
3304326854,3,-0.0003032546671043468,C
932711668,3,0.0,N
932711668,3,0.0,N
932711668,3,0.0,N
932711668,3,0.0,N
932711668,3,0.0,N
932734850,3,0.0,N
932734850,3,0.0,N
932734850,3,0.0,N
932734850,3,0.0,N
932734850,3,0.0,N
3198482033,3,0.0,C
3198482033,3,0.0,C
3198482033,3,0.0,C
3198482033,3,0.0,C
3198482033,3,0.0,C
2843970853,3,0.0004110269721582238,C
2843970853,3,2.944484199574049e-05,C
2843970853,3,0.0001562207898100354,C
2843970853,3,0.00014692595693133192,C
2843970853,3,-7.449788594959816e-05,C
1167268241,3,0.0,C
1167268241,3,0.0,C
1167268241,3,0.0,C
1167268241,3,0.0,C
1167268241,3,0.0,C
1968143303,3,-0.0004565418105521024,C
1968143303,3,0.00043385718156918607,C
1968143303,3,-0.0004797154309441609,C
1968143303,3,-0.0004779119751299188,C
1968143303,3,-0.00042836730467721296,C
132611095,3,0.0002761663314670981,C
132611095,3,0.00023037933221170537,C
132611095,3,-0.00017864612073459352,C
132611095,3,-2.580480560943066e-05,C
132611095,3,-1.9017122305120537e-05,C
1067305901,3,0.0,
1067305901,3,0.0,
1067305901,3,0.0,
1067305901,3,0.0,
1067305901,3,0.0,
4232044298,3,0.0,C
4232044298,3,0.0,C
4232044298,3,0.0,C
4232044298,3,0.0,C
4232044298,3,0.0,C
3924990413,3,1.6521167756966548e-05,C
3924990413,3,0.0005151960950785517,C
3924990413,3,-0.00024263027899074086,C
3924990413,3,0.0005934102875353453,C
3924990413,3,7.330555520368431e-05,C
3163510888,3,-2.070105416529522e-06,C
3163510888,3,-9.538444499279652e-05,C
3163510888,3,0.00013334237182682784,C
3163510888,3,-5.131424110016436e-05,C
3163510888,3,0.00010266053401453146,C
3370172965,3,0.0,C
3370172965,3,0.0,C
3370172965,3,0.0,C
3370172965,3,0.0,C
3370172965,3,0.0,C
1544255291,3,0.00019480381640812894,C
1544255291,3,0.0006018088748972472,C
1544255291,3,0.00046327660570411044,C
1544255291,3,0.000526221385496739,C
1544255291,3,0.0003522708317132972,C
3961613636,3,2.779722514023586e-05,C
3961613636,3,2.421236069416466e-05,C
3961613636,3,2.095897457266016e-05,C
3961613636,3,2.7569380625869222e-05,C
3961613636,3,1.3374366921725667e-05,C
50651170,3,-0.0013694030257144219,C
50651170,3,-0.0006820347984299868,C
50651170,3,-0.0008437511547793042,C
50651170,3,-0.000696524091201578,C
50651170,3,-0.0020194075956867508,C
3075896141,3,0.0,C
3075896141,3,0.0,C
3075896141,3,0.0,C
3075896141,3,0.0,C
3075896141,3,0.0,C
172238518,3,0.0,
172238518,3,0.0,
172238518,3,0.0,
172238518,3,0.0,
172238518,3,0.0,
2136803473,3,0.0,O
2136803473,3,0.0,O
2136803473,3,0.0,O
2136803473,3,0.0,O
2136803473,3,0.0,O
1023209243,3,-0.00016549469334292688,N
1023209243,3,-0.0006194701559576465,N
1023209243,3,-9.635309454603114e-05,N
1023209243,3,-0.00018719341131223644,N
1023209243,3,-0.0003007993583998836,N
885408970,3,9.838194800437794e-05,O
885408970,3,-0.0006867688681054807,O
885408970,3,-0.00012423797189298202,O
885408970,3,0.0006181043049499069,O
885408970,3,-0.0005489304386443461,O
1213407188,3,2.2614103098894667e-05,C
1213407188,3,-5.189685455142534e-05,C
1213407188,3,0.000493060055907879,C
1213407188,3,6.62584750114048e-05,C
1213407188,3,0.000893742155360866,C
4210054575,3,0.0003374528546581379,N
4210054575,3,-0.000670578256459331,N
4210054575,3,0.0003825634228250552,N
4210054575,3,-0.0010289487693466715,N
4210054575,3,-0.0013297586106949533,N
3871410344,3,0.0008269841807784228,N
3871410344,3,0.0008656880241416642,N
3871410344,3,0.000885434813550634,N
3871410344,3,0.00024997156863604264,N
3871410344,3,0.0013631872278362378,N
1184436594,3,0.0,
1184436594,3,0.0,
1184436594,3,0.0,
1184436594,3,0.0,
1184436594,3,0.0,
3431706412,3,-0.0002822511960405283,C
3431706412,3,0.00014465939011387707,C
3431706412,3,-0.0002564529340857158,C
3431706412,3,-3.4075907534569794e-05,C
3431706412,3,-0.00012579983118576887,C
2758632892,3,0.0,C
2758632892,3,0.0,C
2758632892,3,0.0,C
2758632892,3,0.0,C
2758632892,3,0.0,C
2131356872,3,0.0,C
2131356872,3,0.0,C
2131356872,3,0.0,C
2131356872,3,0.0,C
2131356872,3,0.0,C
3131896227,3,-3.319286043512726e-05,C
3131896227,3,-0.0002539077827702352,C
3131896227,3,0.0004908216408957555,C
3131896227,3,0.0006010291104120435,C
3131896227,3,9.579864070863309e-05,C
2739425568,3,0.0,C
2739425568,3,0.0,C
2739425568,3,0.0,C
2739425568,3,0.0,C
2739425568,3,0.0,C
2917424199,3,-5.3068165856706706e-05,N
2917424199,3,-4.402078368537232e-05,N
2917424199,3,-4.0613601023919976e-05,N
2917424199,3,-4.631985729053323e-05,N
2917424199,3,-5.592254787079032e-05,N
740717125,3,0.0006106142852533303,C
740717125,3,0.0004213979509087862,C
740717125,3,0.00046299439394026365,C
740717125,3,0.0005912172583144581,C
740717125,3,0.00019726991917323744,C
2604399148,3,-0.0010738350262353702,C
2604399148,3,-0.00016237521377093778,C
2604399148,3,-0.002051864477734755,C
2604399148,3,-0.0002943962187397231,C
2604399148,3,-0.0012260160292005828,C
35816944,3,0.0001938152144351779,C
35816944,3,0.00017562655493008617,C
35816944,3,-5.661476799667664e-05,C
35816944,3,0.0005599451342421791,C
35816944,3,0.00020557909769769456,C
1623026378,3,-0.0002776958550454456,C
1623026378,3,-0.00030846164727293957,C
1623026378,3,-0.00046645640307430014,C
1623026378,3,0.00024961707602633165,C
1623026378,3,-0.0006593536629743157,C
1514095308,3,-0.000354263989623016,C
1514095308,3,-0.0001364726605934674,C
1514095308,3,3.271690747619349e-05,C
1514095308,3,-0.0003688112303068536,C
1514095308,3,-0.00027042643522035004,C
1814116706,3,-0.0005661847184382784,N
1814116706,3,-0.0005282256033185551,N
1814116706,3,-0.0006224444777509497,N
1814116706,3,-0.0007643082587566186,N
1814116706,3,-0.0005821627528169726,N
3229069614,3,-0.0005192231625863464,N
3229069614,3,-0.0006214312033848701,N
3229069614,3,-0.00047629106277990996,N
3229069614,3,5.223733138015607e-05,N
3229069614,3,-0.0006064379231447425,N
269963113,3,-8.66539381603193e-05,C
269963113,3,0.0002419705532478167,C
269963113,3,-0.00020797528184945957,C
269963113,3,-0.0007318228389994186,C
269963113,3,-0.0018278252695912434,C
3375441982,3,0.0,
3375441982,3,0.0,
3375441982,3,0.0,
3375441982,3,0.0,
3375441982,3,0.0,
2537385504,3,7.302994163405074e-06,C
2537385504,3,5.228480423502546e-06,C
2537385504,3,7.404785313469553e-06,C
2537385504,3,3.3300177616490956e-06,C
2537385504,3,8.721073948447788e-06,C
1375082737,3,-0.0009670372207774003,C
1375082737,3,-0.0009643664195480017,C
1375082737,3,-0.0009382393904479036,C
1375082737,3,-0.000853369819907579,C
1375082737,3,-0.0007277641755029096,C
3972090239,3,-0.0006535379815519882,C
3972090239,3,-1.9683661019787024e-05,C
3972090239,3,-0.0006286072036739698,C
3972090239,3,-0.00020432340672038585,C
3972090239,3,-0.00029880047007413424,C
542715770,3,0.0,C
542715770,3,0.0,C
542715770,3,0.0,C
542715770,3,0.0,C
542715770,3,0.0,C
1835135892,3,-9.348176104662098e-05,C
1835135892,3,-1.3595496458296275e-05,C
1835135892,3,-0.00015836593428941725,C
1835135892,3,-0.00015919784105078438,C
1835135892,3,-0.00011822305294295621,C
3850856377,3,0.0,C
3850856377,3,0.0,C
3850856377,3,0.0,C
3850856377,3,0.0,C
3850856377,3,0.0,C
3007422704,3,0.0,O
3007422704,3,0.0,O
3007422704,3,0.0,O
3007422704,3,0.0,O
3007422704,3,0.0,O
2209842778,3,0.0,N
2209842778,3,0.0,N
2209842778,3,0.0,N
2209842778,3,0.0,N
2209842778,3,0.0,N
2296764637,3,-1.9488658986821505e-05,C
2296764637,3,-2.062232113886342e-05,C
2296764637,3,2.948395216995081e-05,C
2296764637,3,8.209547767257241e-06,C
2296764637,3,-2.0424279994712968e-05,C
3929393147,3,2.2813157199985667e-06,C
3929393147,3,-1.2011587697813297e-06,C
3929393147,3,6.865484748708184e-06,C
3929393147,3,-3.3521953616277855e-06,C
3929393147,3,2.18310797406307e-06,C
2270589688,3,-0.00020181064580693242,N
2270589688,3,-0.00017779589496014214,N
2270589688,3,-0.0001888921914875441,N
2270589688,3,-0.00023217946174414195,N
2270589688,3,-0.00030800387424689823,N
2592252298,3,-0.0002735332245011879,C
2592252298,3,-0.00012371475076122795,C
2592252298,3,-6.407682808884374e-05,C
2592252298,3,-6.256719302366598e-05,C
2592252298,3,0.00027438777793398206,C
4116013187,3,-0.0009134023771597555,C
4116013187,3,-0.0008793786325469455,C
4116013187,3,-0.000956580027480336,C
4116013187,3,-0.0008251529175973271,C
4116013187,3,-0.0008889328322815304,C
372117123,3,-0.0015848900867057036,S
372117123,3,-0.0011847680642445013,S
372117123,3,-0.0003483729429213378,S
372117123,3,-0.0010019069953224324,S
372117123,3,-0.0011843579952319772,S
2709179886,3,2.291670322651651e-05,C
2709179886,3,2.5160013413128013e-05,C
2709179886,3,-1.2393694623025198e-05,C
2709179886,3,-1.076176762593306e-05,C
2709179886,3,3.849444462655782e-05,C
228862830,3,0.0,N
228862830,3,0.0,N
228862830,3,0.0,N
228862830,3,0.0,N
228862830,3,0.0,N
2300762321,3,-0.0016366303416610606,N
2300762321,3,-0.004093607053146431,N
2300762321,3,-0.004885312446765044,N
2300762321,3,-0.002252814719197249,N
2300762321,3,-0.0034730802229064883,N
4081192418,3,0.0,
4081192418,3,0.0,
4081192418,3,0.0,
4081192418,3,0.0,
4081192418,3,0.0,
4120224926,3,2.150160259972722e-05,C
4120224926,3,-0.0002950358448752244,C
4120224926,3,-7.259611656496023e-05,C
4120224926,3,0.00030833439596622547,C
4120224926,3,-4.009240209357223e-05,C
1090571167,3,0.00014744470369021379,N
1090571167,3,-0.0003060646031772807,N
1090571167,3,-0.0007767034753768387,N
1090571167,3,-0.000276396502305265,N
1090571167,3,-0.0004939453862311538,N
369500293,3,0.00026618700692371267,C
369500293,3,0.00035742197100152584,C
369500293,3,0.0005498247764683661,C
369500293,3,7.797417833421694e-05,C
369500293,3,-0.0004972626909675038,C
3873306213,3,0.0,N
3873306213,3,0.0,N
3873306213,3,0.0,N
3873306213,3,0.0,N
3873306213,3,0.0,N
600377156,3,1.997556783517318e-05,C
600377156,3,1.8954889910660633e-05,C
600377156,3,3.790484976529118e-05,C
600377156,3,2.421437248334435e-05,C
600377156,3,4.013107303302288e-05,C
1946997629,3,0.0,C
1946997629,3,0.0,C
1946997629,3,0.0,C
1946997629,3,0.0,C
1946997629,3,0.0,C
1044537682,3,0.00036119917654042766,C
1044537682,3,0.0003685883574412463,C
1044537682,3,0.00016487300588829967,C
1044537682,3,0.00014924690118034434,C
1044537682,3,-0.00010023141161508153,C
2077658817,3,0.0,O
2077658817,3,0.0,O
2077658817,3,0.0,O
2077658817,3,0.0,O
2077658817,3,0.0,O
264974063,3,-0.0011070460428157514,N
264974063,3,-0.00043809907594860586,N
264974063,3,-0.0008681650645749883,N
264974063,3,-0.001003749873040416,N
264974063,3,-0.0006913737305166423,N
3792822921,3,0.0,N
3792822921,3,0.0,N
3792822921,3,0.0,N
3792822921,3,0.0,N
3792822921,3,0.0,N
2575624905,3,0.0,C
2575624905,3,0.0,C
2575624905,3,0.0,C
2575624905,3,0.0,C
2575624905,3,0.0,C
1640551393,3,-4.8727712755991526e-05,C
1640551393,3,-4.435149227688395e-05,C
1640551393,3,-7.202183629817505e-06,C
1640551393,3,-3.67944439154666e-05,C
1640551393,3,-4.1804071212125926e-05,C
3528517994,3,0.00023666657821674875,C
3528517994,3,-0.00021273414440725613,C
3528517994,3,-0.00025440753480565625,C
3528517994,3,-0.0002680734648358163,C
3528517994,3,-0.00014125992594316017,C
692277943,3,4.005393966810544e-05,N
692277943,3,-1.8366930016777694e-05,N
692277943,3,4.529959421084584e-05,N
692277943,3,1.5242354679978476e-05,N
692277943,3,0.00024700786568609967,N
990985258,3,0.0,C
990985258,3,0.0,C
990985258,3,0.0,C
990985258,3,0.0,C
990985258,3,0.0,C
389385568,3,0.0,
389385568,3,0.0,
389385568,3,0.0,
389385568,3,0.0,
389385568,3,0.0,
597336504,3,-5.209452265020342e-05,C
597336504,3,5.352595316210351e-05,C
597336504,3,7.394604196431231e-05,C
597336504,3,3.5888216211032997e-06,C
597336504,3,-3.4595681509208553e-05,C
744747118,3,0.0,S
744747118,3,0.0,S
744747118,3,0.0,S
744747118,3,0.0,S
744747118,3,0.0,S
1740651977,3,0.0004832011376820766,C
1740651977,3,0.0002526997268917919,C
1740651977,3,9.995749058844261e-05,C
1740651977,3,0.000535063586129314,C
1740651977,3,0.000128316175133536,C
1198890718,3,-9.495050233376823e-05,C
1198890718,3,7.533815861304749e-05,C
1198890718,3,-4.995417990516504e-05,C
1198890718,3,-1.9383098304737167e-05,C
1198890718,3,0.00015875372601892312,C
544863012,3,0.00043613232808581426,C
544863012,3,0.0002444536897640015,C
544863012,3,0.0003312815480347453,C
544863012,3,0.00012775902869932576,C
544863012,3,-1.978990576412265e-06,C
2127647960,3,-5.7866990839539056e-05,C
2127647960,3,-6.85072201696002e-05,C
2127647960,3,-4.208091921220625e-05,C
2127647960,3,2.15384922637174e-05,C
2127647960,3,-7.08342596937861e-05,C
3372972590,3,-7.82757845710913e-05,N
3372972590,3,-6.852349590136253e-05,N
3372972590,3,1.6295238429719916e-05,N
3372972590,3,5.321347696918277e-05,N
3372972590,3,-3.601619139259604e-06,N
1145656637,3,-1.1455088150924553e-05,N
1145656637,3,6.929894934670777e-06,N
1145656637,3,-0.0001457805189367667,N
1145656637,3,-8.957216757388142e-05,N
1145656637,3,-4.405725610945321e-05,N
3781690415,3,0.00014921237235088203,C
3781690415,3,0.00029187406977237984,C
3781690415,3,0.00029261611111985886,C
3781690415,3,0.0002191600662414528,C
3781690415,3,0.0003529328872255988,C
2211843251,3,5.299415679060893e-06,C
2211843251,3,-1.6368042617953549e-06,C
2211843251,3,-1.65070401769718e-05,C
2211843251,3,-1.5747239046404182e-05,C
2211843251,3,-1.0005638381826998e-05,C
1378792052,3,0.0,C
1378792052,3,0.0,C
1378792052,3,0.0,C
1378792052,3,0.0,C
1378792052,3,0.0,C
4240369074,3,0.0,C
4240369074,3,0.0,C
4240369074,3,0.0,C
4240369074,3,0.0,C
4240369074,3,0.0,C
3209892106,3,-0.00016533709164867627,N
3209892106,3,-7.427382779590097e-05,N
3209892106,3,-8.371903281179094e-05,N
3209892106,3,-4.5696703887210255e-05,N
3209892106,3,-0.00018801970806503476,N
2762211251,3,0.0,S
2762211251,3,0.0,S
2762211251,3,0.0,S
2762211251,3,0.0,S
2762211251,3,0.0,S
990985259,3,0.0,C
990985259,3,0.0,C
990985259,3,0.0,C
990985259,3,0.0,C
990985259,3,0.0,C
4256676941,3,0.000230093895319472,N
4256676941,3,-4.4072082624468933e-05,N
4256676941,3,0.00030265917064242753,N
4256676941,3,3.715716123275925e-05,N
4256676941,3,-0.0005521242557263717,N
3617179377,3,0.0003827855689527704,C
3617179377,3,-0.00011697583915670773,C
3617179377,3,0.0005705100287358711,C
3617179377,3,0.000276641838330427,C
3617179377,3,0.00042683963862177876,C
592655526,3,0.00036154029965895784,C
592655526,3,-0.0004829673741795215,C
592655526,3,7.806709622548702e-05,C
592655526,3,9.084966006600581e-06,C
592655526,3,6.334443371414089e-05,C
2409787606,3,1.887470770334243e-05,C
2409787606,3,5.000806611588082e-06,C
2409787606,3,2.4004736055793785e-05,C
2409787606,3,1.6183763860366795e-05,C
2409787606,3,3.628621288132017e-05,C
2113520109,3,-0.00020434867913643462,C
2113520109,3,-7.017676030474096e-05,C
2113520109,3,-0.0001637174838741151,C
2113520109,3,-7.257062645549262e-05,C
2113520109,3,6.083724164973603e-05,C
1250165012,3,0.0,
1250165012,3,0.0,
1250165012,3,0.0,
1250165012,3,0.0,
1250165012,3,0.0,
1238592536,3,0.0,C
1238592536,3,0.0,C
1238592536,3,0.0,C
1238592536,3,0.0,C
1238592536,3,0.0,C
2213350725,3,0.0003419542892983962,C
2213350725,3,0.0002880744648084965,C
2213350725,3,0.0002556796522550364,C
2213350725,3,-0.0004634862019030628,C
2213350725,3,-0.0002090934218683671,C
1915080917,3,-6.498160564660793e-05,C
1915080917,3,-0.0007501828501438323,C
1915080917,3,-0.0007253409173851866,C
1915080917,3,-0.0009330573822918797,C
1915080917,3,-0.0006711262220799874,C
3651174070,3,0.0003436214320835518,C
3651174070,3,0.0003298258590376246,C
3651174070,3,0.0002992112327865337,C
3651174070,3,0.0001424621362334788,C
3651174070,3,0.00036714287763783826,C
1365279474,3,7.468870854743237e-05,C
1365279474,3,0.00010510201119540152,C
1365279474,3,0.0001317939245246702,C
1365279474,3,1.805231804441476e-05,C
1365279474,3,1.4734788080228434e-05,C
1583009052,3,0.0,C
1583009052,3,0.0,C
1583009052,3,0.0,C
1583009052,3,0.0,C
1583009052,3,0.0,C
1499666286,3,0.0,
1499666286,3,0.0,
1499666286,3,0.0,
1499666286,3,0.0,
1499666286,3,0.0,
1191280979,3,0.0,C
1191280979,3,0.0,C
1191280979,3,0.0,C
1191280979,3,0.0,C
1191280979,3,0.0,C
3457964313,3,0.0018244580169552993,N
3457964313,3,-0.0006828957590270246,N
3457964313,3,0.00249570218322126,N
3457964313,3,0.0012149949029078844,N
3457964313,3,0.0024841131695019225,N
2881111452,3,0.0,
2881111452,3,0.0,
2881111452,3,0.0,
2881111452,3,0.0,
2881111452,3,0.0,
423609967,3,0.0003165858241312991,C
423609967,3,-0.00010491367921394712,C
423609967,3,0.0006866726133274437,C
423609967,3,7.694063873464607e-05,C
423609967,3,-0.0007073904209772275,C
3300110909,3,0.0,N
3300110909,3,0.0,N
3300110909,3,0.0,N
3300110909,3,0.0,N
3300110909,3,0.0,N
3345491492,3,0.00014391628106391607,N
3345491492,3,0.0005243898882558717,N
3345491492,3,0.00021553994893097617,N
3345491492,3,0.00031417602097438824,N
3345491492,3,1.4940593061174567e-05,N
1534595042,3,4.316396024661717e-05,C
1534595042,3,0.0002530923654247008,C
1534595042,3,0.00020946824614354043,C
1534595042,3,0.0003721663783312623,C
1534595042,3,0.00035006655867309,C
2014255590,3,-0.00023692758746562959,N
2014255590,3,-3.771707740429786e-05,N
2014255590,3,-5.474804334903993e-05,N
2014255590,3,-9.604931512940951e-05,N
2014255590,3,-8.382606711587748e-05,N
362715007,3,-4.2394938285172934e-05,C
362715007,3,7.040418208048571e-05,C
362715007,3,0.00025654502382399524,C
362715007,3,0.00019942460184130262,C
362715007,3,0.00014181592355100303,C
2654043257,3,0.0,
2654043257,3,0.0,
2654043257,3,0.0,
2654043257,3,0.0,
2654043257,3,0.0,
720253145,3,0.0002539850681072542,N
720253145,3,0.0002817645844103156,N
720253145,3,0.0002227264840719556,N
720253145,3,0.00032687251871588163,N
720253145,3,0.00022526670106381985,N
1342596238,3,0.0,C
1342596238,3,0.0,C
1342596238,3,0.0,C
1342596238,3,0.0,C
1342596238,3,0.0,C
1505769767,3,0.0,C
1505769767,3,0.0,C
1505769767,3,0.0,C
1505769767,3,0.0,C
1505769767,3,0.0,C
4129558839,3,3.8303433543718235e-05,N
4129558839,3,-1.2358222736263968e-06,N
4129558839,3,8.199219563487237e-05,N
4129558839,3,9.7359120042384e-05,N
4129558839,3,9.794835281573544e-05,N
1673980810,3,0.002697666380134356,O
1673980810,3,0.0017735569295215248,O
1673980810,3,0.002526233422407098,O
1673980810,3,0.00219854570223732,O
1673980810,3,0.0017349199499219203,O
458195553,3,-4.310123861173132e-05,N
458195553,3,-0.000535288315579252,N
458195553,3,0.0003732357394015118,N
458195553,3,-0.00027454594418929723,N
458195553,3,-2.5721503708053817e-05,N
3083149214,3,-0.0006989921782958319,C
3083149214,3,0.0006553906717966518,C
3083149214,3,0.0003080732417031218,C
3083149214,3,-0.0005041301625592354,C
3083149214,3,-0.0007499115913011112,C
564807139,3,-8.62854090841747e-05,C
564807139,3,-0.00023331061857312374,C
564807139,3,0.0001239834665355266,C
564807139,3,-0.00015775269037532347,C
564807139,3,-0.0001001946073250215,C
57405021,3,0.0,
57405021,3,0.0,
57405021,3,0.0,
57405021,3,0.0,
57405021,3,0.0,
264906369,3,-6.11989108028066e-05,C
264906369,3,6.524286217357567e-05,C
264906369,3,0.0004050377857511833,C
264906369,3,7.777349188287097e-05,C
264906369,3,0.00016059853081162867,C
906327634,3,0.0,N
906327634,3,0.0,N
906327634,3,0.0,N
906327634,3,0.0,N
906327634,3,0.0,N
3203925050,3,0.0,C
3203925050,3,0.0,C
3203925050,3,0.0,C
3203925050,3,0.0,C
3203925050,3,0.0,C
1238701800,3,0.0005849975203964242,C
1238701800,3,0.00018694756028536652,C
1238701800,3,0.0002712279138619156,C
1238701800,3,0.00022504539747913999,C
1238701800,3,0.0004359308040882137,C
817554650,3,0.0,N
817554650,3,0.0,N
817554650,3,0.0,N
817554650,3,0.0,N
817554650,3,0.0,N
3210014657,3,-0.00033270251338424206,N
3210014657,3,-0.0003753961615843293,N
3210014657,3,-0.0009711058384007654,N
3210014657,3,0.0004202895774632065,N
3210014657,3,-5.1419463876323235e-05,N
3869736299,3,0.0,C
3869736299,3,0.0,C
3869736299,3,0.0,C
3869736299,3,0.0,C
3869736299,3,0.0,C
443741425,3,0.0,N
443741425,3,0.0,N
443741425,3,0.0,N
443741425,3,0.0,N
443741425,3,0.0,N
252812893,3,0.0,
252812893,3,0.0,
252812893,3,0.0,
252812893,3,0.0,
252812893,3,0.0,
1352167592,3,-6.5411255126823775e-06,C
1352167592,3,-2.8624242972563607e-06,C
1352167592,3,-5.106512192432078e-06,C
1352167592,3,-8.294267788366838e-06,C
1352167592,3,-5.652747386064583e-06,C
2030757576,3,-0.0004304317100983779,C
2030757576,3,1.6572154062144406e-05,C
2030757576,3,-0.00024302761141281604,C
2030757576,3,-0.0003411211279817916,C
2030757576,3,-0.000372082700815457,C
3541689698,3,0.0,
3541689698,3,0.0,
3541689698,3,0.0,
3541689698,3,0.0,
3541689698,3,0.0,
2250143559,3,0.0005372354300993143,C
2250143559,3,0.0004271218095187601,C
2250143559,3,0.00013704420182070187,C
2250143559,3,0.0003037979724362927,C
2250143559,3,0.0002105560935621309,C
2144345290,3,-0.0003592743043949742,N
2144345290,3,0.0004263808779649825,N
2144345290,3,3.3713569671522947e-06,N
2144345290,3,0.0002152975410536495,N
2144345290,3,-0.0002772534455647291,N
1849554589,3,0.0,N
1849554589,3,0.0,N
1849554589,3,0.0,N
1849554589,3,0.0,N
1849554589,3,0.0,N
2271158283,3,0.0,C
2271158283,3,0.0,C
2271158283,3,0.0,C
2271158283,3,0.0,C
2271158283,3,0.0,C
1445706287,3,3.1786117905552302e-06,C
1445706287,3,-1.793953573536733e-05,C
1445706287,3,4.411785763491771e-06,C
1445706287,3,-2.3758821112940254e-05,C
1445706287,3,-5.19952790012379e-06,C
3385400514,3,0.0003638489605128914,C
3385400514,3,9.853446121099729e-05,C
3385400514,3,-0.0007472105146513197,C
3385400514,3,0.0013767221124204587,C
3385400514,3,-0.00032075025389388667,C
621690156,3,-1.76786669072726e-05,C
621690156,3,-4.353678181856502e-06,C
621690156,3,-1.9663781669065905e-05,C
621690156,3,-1.9181402857837426e-05,C
621690156,3,-1.499535377647021e-05,C
1214058429,3,-0.0001339657469758837,C
1214058429,3,7.73594757299545e-05,C
1214058429,3,-0.00022230248555499266,C
1214058429,3,0.0002082316185132438,C
1214058429,3,0.00011677628656037164,C
3599391724,3,-1.2074041601417562e-05,C
3599391724,3,-2.081815165144718e-05,C
3599391724,3,-1.6223008247995274e-05,C
3599391724,3,-2.1830446565895834e-05,C
3599391724,3,-2.8674197843803206e-05,C
3992738647,3,0.0,C
3992738647,3,0.0,C
3992738647,3,0.0,C
3992738647,3,0.0,C
3992738647,3,0.0,C
1637770740,3,0.0,C
1637770740,3,0.0,C
1637770740,3,0.0,C
1637770740,3,0.0,C
1637770740,3,0.0,C
81315441,3,-3.155775040941666e-05,C
81315441,3,-0.00017310881835075342,C
81315441,3,-6.893047382250383e-05,C
81315441,3,-0.00013291262936465653,C
81315441,3,8.391014616770942e-05,C
3145023872,3,-0.0003645264504311685,C
3145023872,3,-0.0008122760185307332,C
3145023872,3,-0.00014354076025901996,C
3145023872,3,-0.00023828599702391262,C
3145023872,3,-0.0003750489359911624,C
3135357859,3,0.0,
3135357859,3,0.0,
3135357859,3,0.0,
3135357859,3,0.0,
3135357859,3,0.0,
4078658161,3,0.0,
4078658161,3,0.0,
4078658161,3,0.0,
4078658161,3,0.0,
4078658161,3,0.0,
2064788354,3,5.598606943568729e-05,C
2064788354,3,5.365926496436746e-05,C
2064788354,3,7.293782565920282e-05,C
2064788354,3,3.2614812870424004e-06,C
2064788354,3,4.393218556641987e-05,C
3134606292,3,0.0,
3134606292,3,0.0,
3134606292,3,0.0,
3134606292,3,0.0,
3134606292,3,0.0,
1797524254,3,0.0,
1797524254,3,0.0,
1797524254,3,0.0,
1797524254,3,0.0,
1797524254,3,0.0,
77081066,3,0.0,C
77081066,3,0.0,C
77081066,3,0.0,C
77081066,3,0.0,C
77081066,3,0.0,C
3594356142,3,0.0,C
3594356142,3,0.0,C
3594356142,3,0.0,C
3594356142,3,0.0,C
3594356142,3,0.0,C
3313841562,3,0.001262465210690844,C
3313841562,3,0.0025472153135768227,C
3313841562,3,0.003310148775654387,C
3313841562,3,0.0019967749099376597,C
3313841562,3,0.0027995183006268576,C
2506328221,3,0.0004206895516446485,C
2506328221,3,-5.971407288740682e-05,C
2506328221,3,-0.0005188506317247432,C
2506328221,3,-0.00047991743713304835,C
2506328221,3,0.0004303151228580715,C
517432093,3,-3.652664758646562e-05,C
517432093,3,0.0002669081321893252,C
517432093,3,0.00028659622385718286,C
517432093,3,0.0003827090989905191,C
517432093,3,-0.00011801662536892188,C
1169352347,3,0.0,N
1169352347,3,0.0,N
1169352347,3,0.0,N
1169352347,3,0.0,N
1169352347,3,0.0,N
3010410747,3,0.0005868151287388157,N
3010410747,3,0.0005183530982988405,N
3010410747,3,0.0005160123843066522,N
3010410747,3,0.0005347706346734427,N
3010410747,3,0.0004473809718389399,N
1693589848,3,0.0,N
1693589848,3,0.0,N
1693589848,3,0.0,N
1693589848,3,0.0,N
1693589848,3,0.0,N
4081436575,3,-0.0007720762419404226,C
4081436575,3,4.54318513316565e-05,C
4081436575,3,-0.00083984365805434,C
4081436575,3,-0.0006281132820571411,C
4081436575,3,-0.0010315304676367099,C
2975316496,3,0.0,C
2975316496,3,0.0,C
2975316496,3,0.0,C
2975316496,3,0.0,C
2975316496,3,0.0,C
3674630670,3,0.0,C
3674630670,3,0.0,C
3674630670,3,0.0,C
3674630670,3,0.0,C
3674630670,3,0.0,C
3350945806,3,0.00010378979551139977,C
3350945806,3,0.0001104820336736978,C
3350945806,3,0.00011444944895455667,C
3350945806,3,2.2459417143516625e-05,C
3350945806,3,1.8640051956730908e-05,C
1397513080,3,-4.811611251431813e-06,O
1397513080,3,-2.52630259310882e-05,O
1397513080,3,-4.1003252221227804e-05,O
1397513080,3,6.516628833774796e-06,O
1397513080,3,-3.974486948277178e-05,O
3126934625,3,9.321488498004182e-05,C
3126934625,3,-0.00016899660121860727,C
3126934625,3,-0.0006398706984404035,C
3126934625,3,-0.00017157090389052776,C
3126934625,3,-4.2730526903511645e-06,C
3995362948,3,0.001123124235949513,N
3995362948,3,0.0006173714969323063,N
3995362948,3,0.0003688108398777201,N
3995362948,3,-0.0012257055504242276,N
3995362948,3,0.0014638790803715995,N
1059124080,3,0.0,
1059124080,3,0.0,
1059124080,3,0.0,
1059124080,3,0.0,
1059124080,3,0.0,
1153930374,3,0.0,C
1153930374,3,0.0,C
1153930374,3,0.0,C
1153930374,3,0.0,C
1153930374,3,0.0,C
1103832125,3,0.0,C
1103832125,3,0.0,C
1103832125,3,0.0,C
1103832125,3,0.0,C
1103832125,3,0.0,C
3577933307,3,0.0,
3577933307,3,0.0,
3577933307,3,0.0,
3577933307,3,0.0,
3577933307,3,0.0,
3988861584,3,-0.0004031701251568931,C
3988861584,3,-0.00022422836325408646,C
3988861584,3,-0.0003377538925253276,C
3988861584,3,-0.00023667383856496027,C
3988861584,3,-0.00011898773473473234,C
2572035617,3,0.0,N
2572035617,3,0.0,N
2572035617,3,0.0,N
2572035617,3,0.0,N
2572035617,3,0.0,N
3346153511,3,-0.0004920378606949605,C
3346153511,3,-0.0006872667795748688,C
3346153511,3,-0.0004170753135447347,C
3346153511,3,-9.146220379363523e-05,C
3346153511,3,-0.00024548085988784774,C
2918201879,3,-0.0012596107551851032,C
2918201879,3,0.0015494807679948819,C
2918201879,3,0.002066070637909201,C
2918201879,3,-0.001362798971771384,C
2918201879,3,-8.446042942322762e-05,C
194638448,3,0.0006404838907244637,C
194638448,3,0.0004754034348126712,C
194638448,3,0.0004676923753098583,C
194638448,3,-0.00021957271487416108,C
194638448,3,-0.0007513492248928388,C
869152089,3,0.0,
869152089,3,0.0,
869152089,3,0.0,
869152089,3,0.0,
869152089,3,0.0,
3804745459,3,0.0,
3804745459,3,0.0,
3804745459,3,0.0,
3804745459,3,0.0,
3804745459,3,0.0,
3755128710,3,-0.0004609646051837446,C
3755128710,3,-0.002075113845957377,C
3755128710,3,-0.000649556604048529,C
3755128710,3,-0.00195950290802005,C
3755128710,3,-0.0015981143381869067,C
1713195601,3,7.841341798342505e-05,C
1713195601,3,3.112433470020548e-05,C
1713195601,3,-3.71376881452834e-05,C
1713195601,3,0.00017496301884822874,C
1713195601,3,5.0107806923938014e-05,C
1568606682,3,0.00042206489847729234,C
1568606682,3,-0.0013482664075924466,C
1568606682,3,-0.00048796844769338765,C
1568606682,3,-0.0002865501810817017,C
1568606682,3,0.0007837506176969766,C
2059730245,3,8.746902562695169e-06,C
2059730245,3,8.751101286841312e-06,C
2059730245,3,-8.511223380414101e-06,C
2059730245,3,8.278847737241968e-06,C
2059730245,3,2.2280778445127325e-05,C
2617658656,3,0.0,C
2617658656,3,0.0,C
2617658656,3,0.0,C
2617658656,3,0.0,C
2617658656,3,0.0,C
836300471,3,4.06579353751102e-06,C
836300471,3,-1.7734837982619212e-06,C
836300471,3,4.821540860278084e-05,C
836300471,3,4.991222584771471e-05,C
836300471,3,2.122679828220342e-05,C
3490910321,3,0.0,C
3490910321,3,0.0,C
3490910321,3,0.0,C
3490910321,3,0.0,C
3490910321,3,0.0,C
3255046070,3,0.0,
3255046070,3,0.0,
3255046070,3,0.0,
3255046070,3,0.0,
3255046070,3,0.0,
2198820481,3,-1.9010706716282577e-05,N
2198820481,3,-1.6638340655239503e-06,N
2198820481,3,-1.2963822811240533e-05,N
2198820481,3,-1.1548368745062376e-05,N
2198820481,3,-1.286189888816125e-06,N
104625121,3,-0.00024990491674559134,N
104625121,3,-0.0004385792066284866,N
104625121,3,-8.967945731708227e-05,N
104625121,3,0.00014343557679274976,N
104625121,3,0.0002626452653554656,N
3103858517,3,0.0,
3103858517,3,0.0,
3103858517,3,0.0,
3103858517,3,0.0,
3103858517,3,0.0,
1390475220,3,0.0,C
1390475220,3,0.0,C
1390475220,3,0.0,C
1390475220,3,0.0,C
1390475220,3,0.0,C
4006278292,3,0.0,N
4006278292,3,0.0,N
4006278292,3,0.0,N
4006278292,3,0.0,N
4006278292,3,0.0,N
1789200865,3,0.001043037992530027,C
1789200865,3,-0.00015519557995824496,C
1789200865,3,0.000706296030751119,C
1789200865,3,0.0002137788717250233,C
1789200865,3,0.0002840922798704737,C
2291264872,3,-0.00043623170952944434,C
2291264872,3,-0.0006577055750445204,C
2291264872,3,-0.00032090021580100103,C
2291264872,3,-0.0005335019946397512,C
2291264872,3,-0.0005528630788659283,C
2918205364,3,0.00014256453645278278,C
2918205364,3,8.952228288194863e-05,C
2918205364,3,0.00011513053079847957,C
2918205364,3,-0.0003822236777987209,C
2918205364,3,-0.00027420337856143284,C
3798139026,3,0.0004871134965744872,C
3798139026,3,0.0002775456899459794,C
3798139026,3,0.00040188920096462244,C
3798139026,3,0.000497020942220816,C
3798139026,3,0.0013770444575761376,C
4223976160,3,0.0,
4223976160,3,0.0,
4223976160,3,0.0,
4223976160,3,0.0,
4223976160,3,0.0,
1511206547,3,-0.0009560761907705384,C
1511206547,3,-9.742481635433009e-05,C
1511206547,3,-0.0005684200463315081,C
1511206547,3,-0.00048171811116892727,C
1511206547,3,-0.0012081881003387362,C
954800030,3,0.0,
954800030,3,0.0,
954800030,3,0.0,
954800030,3,0.0,
954800030,3,0.0,
2172997423,3,-0.0005246852460842888,C
2172997423,3,-0.00020128264485352876,C
2172997423,3,-0.00021930703038353094,C
2172997423,3,4.5856132988686404e-05,C
2172997423,3,-0.0001997983386743396,C
1918025650,3,0.0,C
1918025650,3,0.0,C
1918025650,3,0.0,C
1918025650,3,0.0,C
1918025650,3,0.0,C
1491315937,3,-0.0002531585436968964,C
1491315937,3,0.0003020346508399996,C
1491315937,3,0.00034621907768406235,C
1491315937,3,0.0004781869886371082,C
1491315937,3,-0.00013667614029988506,C
1271427701,3,-0.00010367215248419104,C
1271427701,3,-3.900846307880457e-05,C
1271427701,3,-6.059343510145254e-05,C
1271427701,3,-3.6201619758702286e-05,C
1271427701,3,-4.960770861672792e-05,C
876016289,3,0.0,C
876016289,3,0.0,C
876016289,3,0.0,C
876016289,3,0.0,C
876016289,3,0.0,C
759348397,3,0.0,S
759348397,3,0.0,S
759348397,3,0.0,S
759348397,3,0.0,S
759348397,3,0.0,S
3886074185,3,-0.00031843305327194926,C
3886074185,3,-2.3929192638272312e-05,C
3886074185,3,-0.00034251059254053473,C
3886074185,3,-4.726150967304665e-05,C
3886074185,3,-0.00017339546729555622,C
3977047921,3,0.0,N
3977047921,3,0.0,N
3977047921,3,0.0,N
3977047921,3,0.0,N
3977047921,3,0.0,N
3386795352,3,0.0,
3386795352,3,0.0,
3386795352,3,0.0,
3386795352,3,0.0,
3386795352,3,0.0,
2640652321,3,-0.00018351972952002082,C
2640652321,3,-0.0012469815868257905,C
2640652321,3,-0.0006606309076921946,C
2640652321,3,-0.000992426171894878,C
2640652321,3,-0.0005587882979183334,C
3644443517,3,-7.4883156189198274e-06,C
3644443517,3,8.387198463744028e-06,C
3644443517,3,2.7623374953322788e-05,C
3644443517,3,-3.858957886793135e-06,C
3644443517,3,3.128533576146619e-05,C
805268291,3,0.000538066781982649,C
805268291,3,0.000854633841468333,C
805268291,3,8.153052775350389e-06,C
805268291,3,0.0002797791337072475,C
805268291,3,-0.00019893185105057665,C
994494548,3,-0.000167435902083235,C
994494548,3,1.4536555699939946e-05,C
994494548,3,-1.3118210166473965e-05,C
994494548,3,-0.00036215757436519613,C
994494548,3,-8.49657774082413e-05,C
3889081300,3,0.0017645630981029115,C
3889081300,3,0.0016267593344485576,C
3889081300,3,0.0022733936317937964,C
3889081300,3,0.0023672751544063786,C
3889081300,3,0.0033568418275197187,C
3119383463,3,-0.0008232561805320282,C
3119383463,3,-0.0006631310448191874,C
3119383463,3,-0.0004077392887392728,C
3119383463,3,-0.0010802651827284127,C
3119383463,3,-0.00027693365889691623,C
4142616092,3,0.0013845680535797822,C
4142616092,3,-0.0017465239894367546,C
4142616092,3,-0.0021891437280053827,C
4142616092,3,-0.00205874053606947,C
4142616092,3,0.00038660599851747524,C
3633569943,3,-9.534265382826757e-05,C
3633569943,3,-7.485807418750046e-05,C
3633569943,3,1.162603972404419e-05,C
3633569943,3,4.433638691225816e-05,C
3633569943,3,-0.00013583679378048608,C
2810558781,3,0.0,C
2810558781,3,0.0,C
2810558781,3,0.0,C
2810558781,3,0.0,C
2810558781,3,0.0,C
643572069,3,0.00026598362663710073,C
643572069,3,0.0010839638079618297,C
643572069,3,-0.00013366624901645086,C
643572069,3,-0.0003550459833379094,C
643572069,3,-0.00022682476648838712,C
307525970,3,0.0,C
307525970,3,0.0,C
307525970,3,0.0,C
307525970,3,0.0,C
307525970,3,0.0,C
230478851,3,0.0,C
230478851,3,0.0,C
230478851,3,0.0,C
230478851,3,0.0,C
230478851,3,0.0,C
3353919692,3,-2.2605745058523752e-05,C
3353919692,3,7.717955493846684e-05,C
3353919692,3,-4.2361568360460566e-05,C
3353919692,3,0.000504752680356102,C
3353919692,3,-3.15876261086645e-05,C
4201996000,3,0.0,
4201996000,3,0.0,
4201996000,3,0.0,
4201996000,3,0.0,
4201996000,3,0.0,
1523193891,3,1.046154534223298e-05,C
1523193891,3,-0.00011067017379462474,C
1523193891,3,-0.00014283509659596128,C
1523193891,3,2.761319898936243e-05,C
1523193891,3,-4.909606093006502e-05,C
2806469715,3,0.0,C
2806469715,3,0.0,C
2806469715,3,0.0,C
2806469715,3,0.0,C
2806469715,3,0.0,C
3705007549,3,0.0,
3705007549,3,0.0,
3705007549,3,0.0,
3705007549,3,0.0,
3705007549,3,0.0,
1445715347,3,-5.911958021986852e-05,C
1445715347,3,0.00025184057196903087,C
1445715347,3,-0.00014063282093534912,C
1445715347,3,-0.00028405129795638917,C
1445715347,3,0.00031415125843881064,C
4232889011,3,0.0,O
4232889011,3,0.0,O
4232889011,3,0.0,O
4232889011,3,0.0,O
4232889011,3,0.0,O
1932106328,3,0.0,C
1932106328,3,0.0,C
1932106328,3,0.0,C
1932106328,3,0.0,C
1932106328,3,0.0,C
UNK,3,-0.008996845955005495,
UNK,3,-0.0019250767093276222,
UNK,3,0.0003790901772389166,
UNK,3,-0.00832707634091201,
UNK,3,-0.0036471779942407467,
3218693969,4,0.016629901544905623,C
3218693969,4,0.014103828534400398,C
3218693969,4,0.017763019591724327,C
3218693969,4,0.016380524377036854,C
3218693969,4,0.015374213404632298,C
3217380708,4,0.02372716109749262,C
3217380708,4,0.041869341681062267,C
3217380708,4,0.024528920846667357,C
3217380708,4,0.032565650653156974,C
3217380708,4,0.03669506546614043,C
951226070,4,0.002940015395621942,C
951226070,4,-0.0041020198528446405,C
951226070,4,-0.0014275440351820823,C
951226070,4,0.006045562203293997,C
951226070,4,-0.0067512152755807575,C
2968968094,4,0.016762056933649627,C
2968968094,4,0.00929843899011884,C
2968968094,4,0.00772514091029608,C
2968968094,4,-0.002216111224155437,C
2968968094,4,0.009893631905154465,C
2245384272,4,0.002957232334074744,C
2245384272,4,-0.004964402370730259,C
2245384272,4,0.0013642106172210289,C
2245384272,4,-0.001022024034494362,C
2245384272,4,0.005056484193338595,C
864942730,4,0.0002685008827162383,O
864942730,4,0.0018792020728531922,O
864942730,4,0.0028248240433759175,O
864942730,4,-0.004048084106310301,O
864942730,4,-0.016657378610010154,O
2246728737,4,0.01910344585315782,C
2246728737,4,0.011250277174359447,C
2246728737,4,0.014125930624019123,C
2246728737,4,0.009560029888916688,C
2246728737,4,0.02305838661399895,C
98513984,4,0.005728706880366086,C
98513984,4,0.009256934628211089,C
98513984,4,0.005918681846202478,C
98513984,4,0.005619139611321988,C
98513984,4,0.0033188157746291136,C
2041434490,4,0.017102955673960585,N
2041434490,4,0.019344532036377426,N
2041434490,4,0.015133325707157641,N
2041434490,4,0.012724914353398065,N
2041434490,4,0.014831364149193171,N
2246699815,4,0.01682558499526965,C
2246699815,4,0.012753828718429894,C
2246699815,4,0.014487272616141467,C
2246699815,4,0.005419975426009249,C
2246699815,4,-0.0036841054769705117,C
994485099,4,0.0025539684833528753,C
994485099,4,0.0031789184145691873,C
994485099,4,0.0030452184885810807,C
994485099,4,0.00635185144045447,C
994485099,4,-0.0025986400861590653,C
1510328189,4,-0.00029915281221870593,O
1510328189,4,-0.001260574402477621,O
1510328189,4,0.007281482642834125,O
1510328189,4,0.01064664456602149,O
1510328189,4,0.0019192215410803737,O
3999906991,4,0.0028878744828876313,C
3999906991,4,0.0019924686094900945,C
3999906991,4,0.009448896406988871,C
3999906991,4,0.006477116803819127,C
3999906991,4,-0.0004803407845654917,C
2976033787,4,0.0037897648290857733,C
2976033787,4,-0.003410944377074121,C
2976033787,4,0.0008605255526173972,C
2976033787,4,0.0024113316638303406,C
2976033787,4,0.001038339193024873,C
2092489639,4,0.007004412869588528,N
2092489639,4,0.016611719614568976,N
2092489639,4,-0.0018945750620423807,N
2092489639,4,0.011249559327119907,N
2092489639,4,0.007686299814379516,N
847961216,4,0.026035411945362186,N
847961216,4,0.026214097521076285,N
847961216,4,0.02895147930743258,N
847961216,4,0.02424730449122614,N
847961216,4,0.03570881835390871,N
882399112,4,0.0010539462213134954,F
882399112,4,-0.007184004623664864,F
882399112,4,0.00241706875286829,F
882399112,4,0.0035917192471899284,F
882399112,4,0.0019697093865095328,F
2803848648,4,-0.0009878281026063362,C
2803848648,4,0.0019852591963359645,C
2803848648,4,0.00459780476311511,C
2803848648,4,-0.0026687535250823347,C
2803848648,4,0.0015620328770298286,C
2117068077,4,-0.0021634665363292616,C
2117068077,4,-0.0002392258997823138,C
2117068077,4,0.0016349984535541928,C
2117068077,4,0.001979657526912759,C
2117068077,4,-0.0005226864505146755,C
864674487,4,0.011643994020094084,O
864674487,4,0.025061551597913678,O
864674487,4,0.012395609500282512,O
864674487,4,0.01194209349495845,O
864674487,4,0.009806268439859989,O
864662311,4,0.0015970482730606195,O
864662311,4,0.0005067873973322312,O
864662311,4,-0.0009182004638581542,O
864662311,4,0.0035197577166962146,O
864662311,4,0.0027643155144791987,O
2245273601,4,-0.001962107218432374,C
2245273601,4,0.0036423337041102677,C
2245273601,4,0.004379170868927029,C
2245273601,4,-0.0028666072055266723,C
2245273601,4,0.003454576526452202,C
1100037548,4,0.0021186161370614354,N
1100037548,4,-0.00018585650141589305,N
1100037548,4,0.0033701806617840724,N
1100037548,4,0.004500230738336608,N
1100037548,4,-0.0015930618928937657,N
485463469,4,0.0005184522538951297,F
485463469,4,-0.0018789488390771325,F
485463469,4,0.001031473703069108,F
485463469,4,-0.0026181188563140223,F
485463469,4,0.0007620203848626161,F
1101907775,4,-0.0019227130328244302,N
1101907775,4,-0.0004968213715799141,N
1101907775,4,-0.0022231154873501024,N
1101907775,4,-0.001402369636752332,N
1101907775,4,-0.0046824468185161505,N
10565946,4,0.005083204201818403,O
10565946,4,0.005074781545324369,O
10565946,4,0.0055445837676526555,O
10565946,4,-0.000241232461295815,O
10565946,4,0.00041767873901887853,O
2076190208,4,0.0034240443124355924,O
2076190208,4,-1.2461425944465532e-05,O
2076190208,4,-0.0022630275752365536,O
2076190208,4,-8.303136921317122e-05,O
2076190208,4,-0.0017575713326487552,O
2142032900,4,-0.0005861582036057467,C
2142032900,4,0.0021590056495968124,C
2142032900,4,0.00017090063366065333,C
2142032900,4,0.0009761523323748023,C
2142032900,4,0.0010708913782121465,C
2132511834,4,0.004543760773675465,N
2132511834,4,-0.005347041518345419,N
2132511834,4,-0.0025221685454460685,N
2132511834,4,0.0009330218237941779,N
2132511834,4,6.354957342691314e-06,N
1312131881,4,0.001227875221879282,C
1312131881,4,-0.0006656132198418208,C
1312131881,4,-0.002107503984515202,C
1312131881,4,-0.001250643146101349,C
1312131881,4,-0.0003233842677711207,C
2353112200,4,-0.0009705862324311809,C
2353112200,4,-0.004125728183575594,C
2353112200,4,-0.005305863564092017,C
2353112200,4,-0.008141696986399882,C
2353112200,4,-0.009458309812296783,C
4121755354,4,-0.00014243348106479647,C
4121755354,4,0.002229158310619428,C
4121755354,4,0.008556688557993741,C
4121755354,4,0.0038000076041813102,C
4121755354,4,0.0066982312131821375,C
1054767590,4,-0.0008751953707238913,C
1054767590,4,0.0010953089864470522,C
1054767590,4,0.0005502044820092644,C
1054767590,4,-0.0012040294560915488,C
1054767590,4,-0.0010815268041266535,C
3537119515,4,0.0007042896906940266,C
3537119515,4,0.0014564459212467185,C
3537119515,4,0.0014513496948533877,C
3537119515,4,0.001023309385539073,C
3537119515,4,0.0006372678046621116,C
1510461303,4,-0.0006815206036068222,C
1510461303,4,-0.00016823584628178345,C
1510461303,4,-9.586841115216682e-05,C
1510461303,4,-0.0007899025383271141,C
1510461303,4,0.0001882872655529777,C
4216335232,4,-0.0003033023401827206,C
4216335232,4,-0.0018504207393180705,C
4216335232,4,-0.0017212446476680965,C
4216335232,4,-0.0006221603346471261,C
4216335232,4,7.646705529329445e-05,C
3189457552,4,0.006224849444771641,O
3189457552,4,0.003489338311893575,O
3189457552,4,0.009646123018199448,O
3189457552,4,0.005294230838335912,O
3189457552,4,0.006884190932492373,O
2228063684,4,-0.005193095186903918,O
2228063684,4,-0.005257673419519326,O
2228063684,4,-0.0053565293115861445,O
2228063684,4,-4.798294862484731e-05,O
2228063684,4,-0.007261642954856762,O
3777168895,4,-0.005989710763580902,C
3777168895,4,0.0010481769494241622,C
3777168895,4,-0.001953277232105255,C
3777168895,4,-0.0009675521428579303,C
3777168895,4,-3.141166996778466e-05,C
1016841875,4,0.009044488947511309,Cl
1016841875,4,0.011429161725692305,Cl
1016841875,4,0.006085034651611365,Cl
1016841875,4,0.009548708297737574,Cl
1016841875,4,0.01007632089479571,Cl
422715066,4,0.001180922515707783,C
422715066,4,6.749228157487686e-05,C
422715066,4,0.0012691410384346735,C
422715066,4,0.0025730832695253225,C
422715066,4,-0.00027963467155633914,C
3452535345,4,0.002004616555475347,Cl
3452535345,4,0.006075053649024054,Cl
3452535345,4,-0.000272813395114313,Cl
3452535345,4,0.0028556093465895716,Cl
3452535345,4,-0.003108309652308905,Cl
1429883190,4,-0.0006498336104239222,C
1429883190,4,-0.00042942034443227417,C
1429883190,4,0.00027002525794905807,C
1429883190,4,0.0008041371213188819,C
1429883190,4,0.000345728402321166,C
2763854213,4,-0.00035551720632232,C
2763854213,4,0.0019068306304240723,C
2763854213,4,0.003532121896222873,C
2763854213,4,0.00210326795728466,C
2763854213,4,0.0009019929225909662,C
2424973678,4,0.001267937333272684,C
2424973678,4,0.0003758864868534939,C
2424973678,4,0.00043438818695817893,C
2424973678,4,0.004683372245324113,C
2424973678,4,0.0021184476285135423,C
847957139,4,0.0047633432121263475,N
847957139,4,0.002144325204272768,N
847957139,4,0.0034103758859386213,N
847957139,4,-0.0005850568820513491,N
847957139,4,0.00237333590545874,N
1182622762,4,-0.007899474485162705,C
1182622762,4,-0.0070469429619896,C
1182622762,4,-0.006621274469295169,C
1182622762,4,-0.0074714312347543554,C
1182622762,4,-0.007621383065628762,C
1857396528,4,0.0028174911294370775,C
1857396528,4,0.0017086087433521024,C
1857396528,4,0.0018194856255553393,C
1857396528,4,-0.0007748414829542583,C
1857396528,4,0.002713113089189423,C
3337745083,4,0.0016085225333799524,F
3337745083,4,0.002257092139160699,F
3337745083,4,0.0015735271028479714,F
3337745083,4,0.0050238501417624315,F
3337745083,4,0.00457002848572341,F
4222851645,4,0.0002468163213344976,C
4222851645,4,0.0007129183079730428,C
4222851645,4,0.0007240898748799296,C
4222851645,4,0.001164614806906994,C
4222851645,4,0.001173398186791741,C
3975275337,4,-0.001965573603041837,C
3975275337,4,-0.00012313875895197945,C
3975275337,4,0.001300056674760297,C
3975275337,4,0.002234837784044763,C
3975275337,4,0.0020657476219667625,C
3692055567,4,0.0002211602502348864,C
3692055567,4,-0.0043641683616156834,C
3692055567,4,-0.004534835280692873,C
3692055567,4,-0.006177886011190736,C
3692055567,4,-0.004549058970307662,C
2944555726,4,0.0026557391329705693,C
2944555726,4,0.0014381420315346949,C
2944555726,4,-0.00046769577615901614,C
2944555726,4,0.00039619957045611276,C
2944555726,4,0.000942924756296537,C
2245277810,4,0.0062615094382559855,C
2245277810,4,0.0027892660590964624,C
2245277810,4,0.005108864777287558,C
2245277810,4,0.000981605244702588,C
2245277810,4,-0.0019145224269092598,C
3983062349,4,0.008496676091996669,C
3983062349,4,0.005589327272310096,C
3983062349,4,0.0056339851549285225,C
3983062349,4,0.0016215494988718326,C
3983062349,4,0.005414908402659235,C
2246340824,4,0.0013743326182674709,C
2246340824,4,-0.0006116760038423763,C
2246340824,4,0.0036353787155679607,C
2246340824,4,0.0017709595535374545,C
2246340824,4,0.0011577463219439865,C
2976816164,4,-0.006310591511573205,C
2976816164,4,-0.00604943970910099,C
2976816164,4,-0.006114088292768272,C
2976816164,4,-0.006874473501028211,C
2976816164,4,-0.0065719360177696196,C
3776905034,4,0.0001767375568488827,C
3776905034,4,0.0015329197544149409,C
3776905034,4,-0.004751239859084433,C
3776905034,4,0.005853477803715146,C
3776905034,4,0.0018372244843134489,C
3542456614,4,-0.005683287388497993,C
3542456614,4,-0.005051482608683711,C
3542456614,4,-0.0012325823666441416,C
3542456614,4,-0.006658363064805273,C
3542456614,4,-0.003455449758588247,C
3537123720,4,-0.0018744094658595944,C
3537123720,4,-0.0026357373650033322,C
3537123720,4,-0.00017525482247127133,C
3537123720,4,-0.002044131449353781,C
3537123720,4,-0.0020189089764495183,C
1637836422,4,3.6860760686985294e-05,C
1637836422,4,0.0021061155090872363,C
1637836422,4,0.0037770298841645067,C
1637836422,4,-0.0010075469552746075,C
1637836422,4,0.0013233278772407653,C
3162837314,4,-0.0018196827030703133,C
3162837314,4,0.0019839123736226094,C
3162837314,4,0.0008725054125635623,C
3162837314,4,0.00011027704776611635,C
3162837314,4,-0.00111340631828305,C
3982076256,4,0.0012526020288482487,C
3982076256,4,0.005383545125429712,C
3982076256,4,0.002745437857805233,C
3982076256,4,0.0019526325459163774,C
3982076256,4,0.0017324124425759369,C
1362518133,4,2.656651746102412e-05,N
1362518133,4,-7.375117541230658e-06,N
1362518133,4,9.110972115422555e-05,N
1362518133,4,7.537588295680742e-05,N
1362518133,4,1.1263024480845374e-05,N
1135286194,4,0.0001069340073263092,C
1135286194,4,-0.0012788063105447778,C
1135286194,4,-0.0016724247451820329,C
1135286194,4,0.003391052450185672,C
1135286194,4,-0.0004998917707802475,C
1790668568,4,0.005709350136601676,N
1790668568,4,0.0017753418869205229,N
1790668568,4,0.005898735216335438,N
1790668568,4,0.002526834545079848,N
1790668568,4,0.007153450438751707,N
3124581743,4,0.001595421108318562,C
3124581743,4,0.00028361964874046297,C
3124581743,4,0.0020357233386453233,C
3124581743,4,-5.784722916390983e-05,C
3124581743,4,-0.00016982637049023364,C
2119439498,4,0.00062652891810977,C
2119439498,4,-9.785859554667375e-05,C
2119439498,4,0.00025517137262864864,C
2119439498,4,0.0008813175891116964,C
2119439498,4,-0.0017439601179434217,C
1533864325,4,-0.0007212030881077469,O
1533864325,4,-0.0002864427681056325,O
1533864325,4,0.00013514762674127212,O
1533864325,4,0.0005901612676426637,O
1533864325,4,-3.6048688002665585e-05,O
4278941385,4,3.502711042324691e-06,C
4278941385,4,-2.774924429216341e-05,C
4278941385,4,-2.2309658481156625e-05,C
4278941385,4,-2.2289049856127896e-05,C
4278941385,4,6.760269137151553e-06,C
3918336191,4,0.003146691083857789,C
3918336191,4,-0.0003044879880010898,C
3918336191,4,0.00434003210397238,C
3918336191,4,0.005053224556363589,C
3918336191,4,0.007204780603054739,C
2560252747,4,-0.00266520320626229,C
2560252747,4,-0.0030140882218802068,C
2560252747,4,-0.00254603185252833,C
2560252747,4,-0.004439259123510952,C
2560252747,4,-0.00026581666100822243,C
999334238,4,-0.0003060779673301761,S
999334238,4,-0.003613691665341312,S
999334238,4,0.004819792157880198,S
999334238,4,-0.003008586354167453,S
999334238,4,-0.0016033494245485391,S
1173125914,4,-0.0010925413431029929,C
1173125914,4,-0.0006965143468012913,C
1173125914,4,-0.0010114558281546504,C
1173125914,4,-0.003861949805299858,C
1173125914,4,-0.0012859311746744595,C
2994748777,4,0.0027604365317644985,C
2994748777,4,0.0022024252285951507,C
2994748777,4,0.0009616984830804753,C
2994748777,4,0.0044515370850849445,C
2994748777,4,0.002212095007643522,C
3351556771,4,0.006230643398261737,S
3351556771,4,0.0030995252374892424,S
3351556771,4,0.008890761603249753,S
3351556771,4,0.0035062727303046826,S
3351556771,4,0.00986929437015327,S
2509211297,4,0.0013613106503665984,C
2509211297,4,0.0013336075985024287,C
2509211297,4,0.0029228475421593236,C
2509211297,4,0.0021521771435935033,C
2509211297,4,0.0020627020501639004,C
848128881,4,0.008811185418723277,N
848128881,4,0.00868472323015168,N
848128881,4,0.011526436221860115,N
848128881,4,0.0035206141666624946,N
848128881,4,0.006305488077977706,N
2246703798,4,9.408452012604762e-05,C
2246703798,4,0.00620435844860967,C
2246703798,4,0.0008029163397095251,C
2246703798,4,0.0031021154469292878,C
2246703798,4,0.005854381842283263,C
1276993226,4,0.006754953562722599,C
1276993226,4,0.007913882453410181,C
1276993226,4,0.0023378507819491468,C
1276993226,4,0.0027241335178630477,C
1276993226,4,0.00532212146596156,C
2984966880,4,0.0004569633344573276,C
2984966880,4,-0.0015163114683013346,C
2984966880,4,-0.0033777959281589,C
2984966880,4,-0.0010490001767632373,C
2984966880,4,0.0007767587738276571,C
3315826729,4,0.0045184080580248365,C
3315826729,4,0.0037282893704281284,C
3315826729,4,0.0016346181773861934,C
3315826729,4,2.440521827240527e-05,C
3315826729,4,0.0004172833172353396,C
2115476908,4,0.0018087065760198362,O
2115476908,4,0.0019356164162251943,O
2115476908,4,0.0008839589685500915,O
2115476908,4,0.0006038410970432562,O
2115476908,4,0.0015544019015639732,O
717512901,4,-0.0009101910631649224,N
717512901,4,-0.0004488207092588903,N
717512901,4,-0.002232653181043598,N
717512901,4,0.0002357098715429773,N
717512901,4,-0.0030297292651016994,N
2245900962,4,0.007275724033056763,C
2245900962,4,0.003934325492584656,C
2245900962,4,0.003676561194000838,C
2245900962,4,0.002635044568721434,C
2245900962,4,0.002676512862726077,C
3848534832,4,4.1289682798373306e-05,C
3848534832,4,0.0011559953145100499,C
3848534832,4,0.0003825418496737898,C
3848534832,4,0.004487695631324229,C
3848534832,4,-7.276077534768e-05,C
3182824521,4,0.005099723970136694,C
3182824521,4,0.0018937990326195475,C
3182824521,4,-0.00016054644024798836,C
3182824521,4,0.0031360152591415336,C
3182824521,4,0.0027101317798007285,C
26234434,4,-0.0013220240895743807,O
26234434,4,-0.0016808647301261859,O
26234434,4,-0.001877284021300052,O
26234434,4,-0.0027495450363579366,O
26234434,4,-0.004442773669521727,O
288315894,4,6.307811611483416e-05,S
288315894,4,-2.7315622976864518e-06,S
288315894,4,3.161620607428084e-06,S
288315894,4,2.9614160589663818e-05,S
288315894,4,-4.286509266149263e-05,S
2811394787,4,0.001838795719132591,C
2811394787,4,0.002973458518502059,C
2811394787,4,0.002691423775013746,C
2811394787,4,0.0018021038219048213,C
2811394787,4,0.0034230316751165946,C
19852674,4,0.0007484434870165257,C
19852674,4,0.0011596658286964212,C
19852674,4,0.001351691550752654,C
19852674,4,0.001564847483422671,C
19852674,4,0.000689665444985943,C
1861965050,4,0.0004003803041412457,C
1861965050,4,-0.00041175516205438356,C
1861965050,4,0.0011614918057719636,C
1861965050,4,0.0016284559545254318,C
1861965050,4,7.81331597178303e-05,C
2423543607,4,-0.00034594498069129287,C
2423543607,4,-0.0003911476727990193,C
2423543607,4,-4.803302261535691e-05,C
2423543607,4,-0.00023030980176397264,C
2423543607,4,-0.00031348802200670267,C
1257718710,4,-0.0005198230127159142,C
1257718710,4,-0.0012011270983226519,C
1257718710,4,-6.982346949713225e-05,C
1257718710,4,-0.0003973503297526326,C
1257718710,4,-0.0010420973038105519,C
2784506312,4,0.000814602718995916,C
2784506312,4,0.000673124174692119,C
2784506312,4,0.0007921631625025238,C
2784506312,4,0.0005028927536154804,C
2784506312,4,0.0014282408800390112,C
3818546315,4,0.0023378266613014453,C
3818546315,4,0.0016765995854516325,C
3818546315,4,0.004211795971490684,C
3818546315,4,0.0007748748295726138,C
3818546315,4,0.003814258388709413,C
3657471097,4,-0.0029023666108956014,C
3657471097,4,0.000698695099772606,C
3657471097,4,0.0028652514632020454,C
3657471097,4,0.0039619991653911946,C
3657471097,4,0.003777370520556045,C
2360741695,4,-0.009837870694605733,C
2360741695,4,-0.006436903844546316,C
2360741695,4,-0.007225252132299298,C
2360741695,4,-0.012084539149479268,C
2360741695,4,-0.008580792042556684,C
551287920,4,-0.0004110493622040412,C
551287920,4,-0.00029350391066107484,C
551287920,4,-0.0010502407496596478,C
551287920,4,0.0014866188262810942,C
551287920,4,0.0013620169303701912,C
1842898132,4,0.003946396530792762,C
1842898132,4,0.0055777395264194896,C
1842898132,4,0.002919078784127782,C
1842898132,4,0.0036935148387839956,C
1842898132,4,0.0024199347305478014,C
2832976762,4,-8.117372343940943e-05,C
2832976762,4,-0.00036260497519602364,C
2832976762,4,-0.0004102278382924762,C
2832976762,4,-0.0005380149056838368,C
2832976762,4,-0.0003898812803779794,C
2309124039,4,-0.0029403780331955787,C
2309124039,4,-0.0030516606623849363,C
2309124039,4,-0.0010920201113344685,C
2309124039,4,-0.005730624129869799,C
2309124039,4,-0.0022956813388468333,C
2591432844,4,-0.00040730276153921885,N
2591432844,4,-0.0001866654841309323,N
2591432844,4,-4.964147069075331e-06,N
2591432844,4,-0.0004118883285862962,N
2591432844,4,-0.0009576461634440703,N
963029399,4,-0.002497580754308504,N
963029399,4,-0.0010516942373974825,N
963029399,4,-0.0008397627727305679,N
963029399,4,-0.0017360616013888386,N
963029399,4,-0.0028501232502168294,N
3884454603,4,-0.0001201690885666018,C
3884454603,4,-0.0003130374051233398,C
3884454603,4,-0.0001154486309289382,C
3884454603,4,0.00022566475078822368,C
3884454603,4,-0.00027576068902224193,C
4089138501,4,0.00024276641209997063,C
4089138501,4,0.0016376662731731884,C
4089138501,4,0.002997532691779159,C
4089138501,4,0.001526168140649209,C
4089138501,4,0.0004911459043351885,C
932712697,4,-0.0037885744329466675,O
932712697,4,-0.0027157640039253694,O
932712697,4,-0.001532433003592737,O
932712697,4,-0.0031520725733539257,O
932712697,4,-0.002051392319317058,O
1634606847,4,0.0034667708140068143,N
1634606847,4,-0.0005405463850209902,N
1634606847,4,6.971752837892087e-05,N
1634606847,4,0.003744737943411347,N
1634606847,4,0.0006471975644959382,N
3624155,4,0.0007257845113118888,C
3624155,4,-0.00026190559988348294,C
3624155,4,-0.0022865650570049745,C
3624155,4,7.3373591709891e-05,C
3624155,4,-0.00029366873846603525,C
161963127,4,0.00014216213821005574,C
161963127,4,4.750065968461836e-05,C
161963127,4,0.00017601157266589063,C
161963127,4,0.00014305849930562609,C
161963127,4,7.638970013212898e-07,C
2257970297,4,-0.0003551417517921873,C
2257970297,4,7.843643613769657e-05,C
2257970297,4,-4.120235723892307e-05,C
2257970297,4,4.446207338049124e-05,C
2257970297,4,0.0004518083393244554,C
787069595,4,-0.004268207189820461,C
787069595,4,-0.003084894319497211,C
787069595,4,-0.004028542909878086,C
787069595,4,-0.00507801631167204,C
787069595,4,-0.004418813824102141,C
517457164,4,0.00033398444811749695,C
517457164,4,0.0004968119073643917,C
517457164,4,0.00015097114488016317,C
517457164,4,0.000969735625312107,C
517457164,4,-0.0005235847598460408,C
3207567135,4,0.0012276896432846796,C
3207567135,4,0.0017706228650711253,C
3207567135,4,0.0003736363480750793,C
3207567135,4,-0.0006392507225956301,C
3207567135,4,0.000769793939565333,C
435232729,4,-0.0007226264633251045,N
435232729,4,-2.459688341438504e-05,N
435232729,4,-0.0004769358619031161,N
435232729,4,0.000698360485512084,N
435232729,4,0.00036977952206096454,N
2806018737,4,0.005302437125342618,C
2806018737,4,0.0034341424716507474,C
2806018737,4,0.0027064382336341453,C
2806018737,4,0.005315419442148195,C
2806018737,4,0.0005377636436399991,C
4008337421,4,-0.0014059795648500018,C
4008337421,4,-0.002274789373370445,C
4008337421,4,-0.002358729654342584,C
4008337421,4,-0.0024325611684794524,C
4008337421,4,-0.0003689615713897698,C
3026394695,4,0.0007372045371483171,C
3026394695,4,0.00041546818366255955,C
3026394695,4,-0.00026333143668288983,C
3026394695,4,-0.0005461393980891183,C
3026394695,4,0.0009153204860887776,C
2296565457,4,0.0015343526967853682,N
2296565457,4,-0.00012126292352654389,N
2296565457,4,0.0013039582628484592,N
2296565457,4,0.002893664739356927,N
2296565457,4,0.0026765403078409244,N
2089117413,4,0.0002619805123209584,C
2089117413,4,-0.003977094277870963,C
2089117413,4,-0.0002267195442042791,C
2089117413,4,0.0005018020141308588,C
2089117413,4,-0.0012802710804779016,C
572760528,4,-0.0003310650281186378,C
572760528,4,-0.001612537171346351,C
572760528,4,-0.002898573200131205,C
572760528,4,0.001988846836641023,C
572760528,4,-0.0017989376770407572,C
3002759401,4,-0.0016195391943347737,C
3002759401,4,-0.003338715254410096,C
3002759401,4,-0.0033670914669177154,C
3002759401,4,-0.0009313287365425582,C
3002759401,4,-0.00391091985122638,C
3118255683,4,0.0028783995590049294,N
3118255683,4,0.0055463333992560315,N
3118255683,4,0.001320748350387535,N
3118255683,4,0.005247258815138767,N
3118255683,4,0.00362756281203902,N
74537039,4,0.0,C
74537039,4,0.0,C
74537039,4,0.0,C
74537039,4,0.0,C
74537039,4,0.0,C
2473389857,4,0.0006213148386200462,C
2473389857,4,0.002729173837824339,C
2473389857,4,0.0026218564855897686,C
2473389857,4,0.006286805939505258,C
2473389857,4,0.0063756856315386745,C
899522707,4,0.0,C
899522707,4,0.0,C
899522707,4,0.0,C
899522707,4,0.0,C
899522707,4,0.0,C
675765711,4,0.0,C
675765711,4,0.0,C
675765711,4,0.0,C
675765711,4,0.0,C
675765711,4,0.0,C
1313967653,4,0.0016704724144027683,C
1313967653,4,0.0017817761948967226,C
1313967653,4,0.0003723564887369024,C
1313967653,4,0.00067688723385817,C
1313967653,4,0.00047620870180575814,C
3855312692,4,0.0,C
3855312692,4,0.0,C
3855312692,4,0.0,C
3855312692,4,0.0,C
3855312692,4,0.0,C
1083852209,4,-8.54663316820492e-05,N
1083852209,4,0.00030290506971830666,N
1083852209,4,0.0003672883730100329,N
1083852209,4,0.0016825277679688444,N
1083852209,4,-0.0011472231439265679,N
2905660137,4,-0.00017468941227893886,C
2905660137,4,-0.00029239095675326343,C
2905660137,4,-0.0009083260920239589,C
2905660137,4,-0.00036495081339971147,C
2905660137,4,-0.00014959740836117952,C
3579962709,4,7.642528731532927e-05,C
3579962709,4,-0.00010732611845920559,C
3579962709,4,-4.350855963553002e-05,C
3579962709,4,0.00014294308020079693,C
3579962709,4,6.806788482760506e-05,C
4041573576,4,-0.0038584904844207735,C
4041573576,4,-0.0022366613155893056,C
4041573576,4,-0.0018099094881200983,C
4041573576,4,-0.005375643164600374,C
4041573576,4,-0.0031865497634196993,C
64070612,4,-0.0027631911237155915,C
64070612,4,-0.0037282070108229926,C
64070612,4,-0.001387706957244994,C
64070612,4,-3.295046243156907e-05,C
64070612,4,-0.0035774857277832695,C
729796064,4,-0.0005337836210166369,C
729796064,4,-0.0001621098447194269,C
729796064,4,0.00033565200102014803,C
729796064,4,0.00014882140338179362,C
729796064,4,0.00013507553704728004,C
1070821685,4,0.000795891917530045,C
1070821685,4,0.0006596777949332555,C
1070821685,4,0.0019738712429708816,C
1070821685,4,0.0002595356035962615,C
1070821685,4,0.0010207191885440725,C
3820826669,4,0.002118915914510966,C
3820826669,4,0.0028023224440265615,C
3820826669,4,0.0020378508120508787,C
3820826669,4,0.00189951476733774,C
3820826669,4,0.0009264163586077956,C
2223687999,4,-0.0004654942603468104,C
2223687999,4,-0.0005123012909673541,C
2223687999,4,-0.00041536111529294484,C
2223687999,4,-0.00041217608262700267,C
2223687999,4,-0.00026236125232936836,C
2435680164,4,-0.0006574534728728265,N
2435680164,4,-0.00029259011589988226,N
2435680164,4,0.003607451467554368,N
2435680164,4,0.0031682359349579636,N
2435680164,4,-0.0028931156700165994,N
600629739,4,-0.001088479447252877,N
600629739,4,-0.0008861486830510357,N
600629739,4,0.0004873044770065116,N
600629739,4,-0.000713670546579781,N
600629739,4,0.0008868541351154668,N
2370996728,4,0.007263966401390931,C
2370996728,4,0.0033930273110249765,C
2370996728,4,0.009521689274390233,C
2370996728,4,0.004950916209376821,C
2370996728,4,0.004852279585147445,C
266675433,4,6.75913909824466e-05,O
266675433,4,-5.110782751283072e-05,O
266675433,4,9.597175000597424e-06,O
266675433,4,-2.497823268599042e-05,O
266675433,4,-4.6848647798358733e-05,O
2720313463,4,0.001750659829393486,C
2720313463,4,-0.0019723639825228734,C
2720313463,4,0.0019757954679759937,C
2720313463,4,0.0025768172164462033,C
2720313463,4,-0.0005901101330989533,C
847433064,4,0.003030731960165678,N
847433064,4,0.0017850339134992677,N
847433064,4,0.006352564807518113,N
847433064,4,0.005299406400635087,N
847433064,4,0.004818592665354227,N
2551483158,4,0.0021637996774007684,N
2551483158,4,0.0019138305377567333,N
2551483158,4,0.00017657081889488335,N
2551483158,4,0.0002870028488769494,N
2551483158,4,0.0004982202226097021,N
3933537673,4,-0.0007974281407261419,C
3933537673,4,0.0003845259778909593,C
3933537673,4,-0.0030012462171419285,C
3933537673,4,0.001121526305047138,C
3933537673,4,-0.0022921491009482153,C
3458774156,4,0.00547423848182671,N
3458774156,4,0.0005039142005170971,N
3458774156,4,0.006134458594610037,N
3458774156,4,6.613076971162535e-05,N
3458774156,4,0.00026589643146934794,N
642367021,4,7.357645092742615e-05,C
642367021,4,9.663372048618335e-05,C
642367021,4,-2.0299367908482857e-05,C
642367021,4,-2.651288618538139e-06,C
642367021,4,-1.961510489068008e-05,C
847336149,4,0.0001510622664520067,N
847336149,4,0.0003760191979008676,N
847336149,4,-7.614010453138587e-05,N
847336149,4,0.00024047696273854502,N
847336149,4,-0.000165984371018002,N
3182177290,4,-9.742407405732845e-05,C
3182177290,4,-0.00012118357278123604,C
3182177290,4,-0.00022662573074994086,C
3182177290,4,-8.788802540504737e-05,C
3182177290,4,-4.8207389607646256e-05,C
1167322652,4,0.00012052868890122248,C
1167322652,4,0.0009509181856682813,C
1167322652,4,0.0007262556164577827,C
1167322652,4,0.0002502233878816096,C
1167322652,4,0.0001872399673574776,C
3796841743,4,0.0053379134604651934,C
3796841743,4,0.006320643809325177,C
3796841743,4,0.006364046298775405,C
3796841743,4,0.004187750335213791,C
3796841743,4,0.010991090402258874,C
1730555933,4,0.00010627308690402959,C
1730555933,4,-0.00019089688626217072,C
1730555933,4,-0.000485190770354027,C
1730555933,4,-0.00042874633989431477,C
1730555933,4,2.4327734482243457e-05,C
1583799011,4,0.0,C
1583799011,4,0.0,C
1583799011,4,0.0,C
1583799011,4,0.0,C
1583799011,4,0.0,C
3908647167,4,-0.002071942064606591,C
3908647167,4,-0.00013575904453200227,C
3908647167,4,0.0007504609172042098,C
3908647167,4,0.00015950588427382506,C
3908647167,4,-0.0013021885781444587,C
271903915,4,0.0,N
271903915,4,0.0,N
271903915,4,0.0,N
271903915,4,0.0,N
271903915,4,0.0,N
2447826885,4,-0.0003385785102818506,C
2447826885,4,-0.00012784881449834362,C
2447826885,4,-0.001253080903988013,C
2447826885,4,-0.0006660686306674268,C
2447826885,4,-0.00038855086817635165,C
1791271074,4,-0.002462963018776021,S
1791271074,4,4.560059120661819e-05,S
1791271074,4,-0.0010965639562069418,S
1791271074,4,0.0017489498089290345,S
1791271074,4,0.0007251965607435462,S
3976623167,4,-0.006237414948437436,C
3976623167,4,-0.000474394722752125,C
3976623167,4,0.0005913550866413209,C
3976623167,4,-0.0004264403917649817,C
3976623167,4,0.0016548664917547251,C
966311396,4,-0.0014590058960393115,C
966311396,4,-0.0018333942507516854,C
966311396,4,0.00012568135536172864,C
966311396,4,-0.0013759877415707722,C
966311396,4,0.00011058923250117925,C
1323467736,4,0.0010125914160975524,C
1323467736,4,-0.0005404314482452266,C
1323467736,4,-5.361487478505733e-05,C
1323467736,4,-0.0004753297274711077,C
1323467736,4,-0.0005643448176420041,C
411967733,4,-0.0005743499603890756,C
411967733,4,-0.0008365657291860007,C
411967733,4,-0.0004265026136222039,C
411967733,4,-9.872626556761688e-05,C
411967733,4,-0.0004215886595382301,C
3545365497,4,-0.0006948464905722762,C
3545365497,4,-0.0007634652294854494,C
3545365497,4,-0.0006951339335666828,C
3545365497,4,-0.0005772071096569187,C
3545365497,4,-0.0007754965569171102,C
3796359118,4,0.0013229862979412532,C
3796359118,4,0.0010691706028569392,C
3796359118,4,0.0002119450112076926,C
3796359118,4,0.001105838857046404,C
3796359118,4,0.0016530521539984688,C
36538691,4,0.001644806349935024,C
36538691,4,0.0016744792728049518,C
36538691,4,0.0015771580091370474,C
36538691,4,0.0016762051040678516,C
36538691,4,0.002759964892964817,C
2649902721,4,-0.0012685820152790184,C
2649902721,4,3.2656470915992664e-05,C
2649902721,4,-0.0011300068409160202,C
2649902721,4,-0.0016348656276656826,C
2649902721,4,5.9581760747273727e-05,C
994237755,4,0.0009940272386288473,C
994237755,4,0.0003661351449986139,C
994237755,4,0.0016799455805001084,C
994237755,4,0.0012847231428673167,C
994237755,4,0.0011607061825563703,C
1961848637,4,0.0,C
1961848637,4,0.0,C
1961848637,4,0.0,C
1961848637,4,0.0,C
1961848637,4,0.0,C
3004333805,4,0.0,C
3004333805,4,0.0,C
3004333805,4,0.0,C
3004333805,4,0.0,C
3004333805,4,0.0,C
4033380444,4,0.00015011480848592385,C
4033380444,4,0.0005263769348639036,C
4033380444,4,0.001451305729072816,C
4033380444,4,0.0010166164380703835,C
4033380444,4,0.0011153254306603966,C
619920801,4,-7.775901277440322e-05,C
619920801,4,-0.00041876676025409676,C
619920801,4,-0.00045564957540467077,C
619920801,4,-0.0001985228038536846,C
619920801,4,-6.591795394572664e-05,C
3334525955,4,-0.0014274400085036998,C
3334525955,4,-0.0008535773433724358,C
3334525955,4,-0.00048422295091421486,C
3334525955,4,-0.0004011852807955796,C
3334525955,4,-0.0014236544911568894,C
3994088662,4,-0.0004405834607738024,C
3994088662,4,0.0001966111184467101,C
3994088662,4,0.00038917743896438317,C
3994088662,4,-0.0004820623150643133,C
3994088662,4,-0.0007317745901801453,C
3596485316,4,0.0034427646094623565,C
3596485316,4,0.002002410536720012,C
3596485316,4,0.000495742337180749,C
3596485316,4,0.0026264450533264316,C
3596485316,4,0.00046197122209223895,C
171200514,4,-0.0007534421588850648,C
171200514,4,-0.0009361137938603825,C
171200514,4,-0.0006682279698539961,C
171200514,4,-0.00035185032649731607,C
171200514,4,-0.000697376790432136,C
970433791,4,0.004818491124842894,C
970433791,4,0.0012368301293421702,C
970433791,4,0.00012621601121065584,C
970433791,4,0.0022106189138376697,C
970433791,4,0.0029862359525422155,C
685125387,4,0.003040001356265476,C
685125387,4,0.004098403720197097,C
685125387,4,0.0038232351373576057,C
685125387,4,0.0027311875157147725,C
685125387,4,0.003517574472470586,C
2835079913,4,-0.0005831551160369042,C
2835079913,4,-0.0015049014671080219,C
2835079913,4,-0.000997660209513418,C
2835079913,4,-0.0005985592386490435,C
2835079913,4,-0.0021375009242863285,C
1352399629,4,0.0032878278754975288,O
1352399629,4,-0.0008431799676893448,O
1352399629,4,0.0035569421718678607,O
1352399629,4,-0.0003250948351626315,O
1352399629,4,-9.426439236948081e-05,O
416356657,4,0.0006044638320541473,C
416356657,4,0.0006946000701849586,C
416356657,4,0.0011350866233129642,C
416356657,4,0.001044786245920637,C
416356657,4,-9.048047612703058e-06,C
1535166686,4,0.00028938346104134816,O
1535166686,4,0.00014916787087304595,O
1535166686,4,0.00010710294904181517,O
1535166686,4,0.00019028134311671607,O
1535166686,4,0.000291704524929548,O
589930590,4,0.0017931356121132502,C
589930590,4,0.0011334267655388475,C
589930590,4,0.0009986003116234654,C
589930590,4,0.0014424842132491067,C
589930590,4,0.0022193228622364725,C
2463614838,4,0.00026213555667053967,C
2463614838,4,0.0013209140764934846,C
2463614838,4,0.00026112448725679194,C
2463614838,4,0.00034396429033578535,C
2463614838,4,0.000734926081074172,C
1871221615,4,0.001532301715195361,C
1871221615,4,0.0028444565692216095,C
1871221615,4,0.0016155725779872787,C
1871221615,4,0.000287118636632111,C
1871221615,4,0.0020746623192066105,C
3482873808,4,-0.0025022245564347845,C
3482873808,4,-0.0030115038650334602,C
3482873808,4,-0.0035585884225393105,C
3482873808,4,-0.0018040876299167952,C
3482873808,4,-0.0022590488361385885,C
553412256,4,0.0001191031647718166,C
553412256,4,0.00021584753025116754,C
553412256,4,0.0016811046140089436,C
553412256,4,0.0007346134284225148,C
553412256,4,0.00031772194593260306,C
135980867,4,0.0,C
135980867,4,0.0,C
135980867,4,0.0,C
135980867,4,0.0,C
135980867,4,0.0,C
1445852595,4,-6.614799868764898e-05,C
1445852595,4,0.00022828090997073502,C
1445852595,4,-1.8324351174991982e-05,C
1445852595,4,0.00019905410358211917,C
1445852595,4,9.185396995015083e-06,C
2434373675,4,-0.0033887639258768365,N
2434373675,4,-0.0022610364327454446,N
2434373675,4,-0.0021132748960895897,N
2434373675,4,-0.0019804897473101324,N
2434373675,4,-0.001148487737199333,N
2939120473,4,0.0,
2939120473,4,0.0,
2939120473,4,0.0,
2939120473,4,0.0,
2939120473,4,0.0,
3203709451,4,0.0008353764434020361,O
3203709451,4,0.0004998155007823746,O
3203709451,4,0.002108666313501595,O
3203709451,4,0.0009149123989452557,O
3203709451,4,0.0005351589476682017,O
368531313,4,0.0003369809004636348,C
368531313,4,0.0031428650900896526,C
368531313,4,0.00011853331092914754,C
368531313,4,0.0007058999939026922,C
368531313,4,0.0019154777437269122,C
3176806076,4,0.0034296754655532835,C
3176806076,4,0.005102521841606089,C
3176806076,4,0.0021654579724341705,C
3176806076,4,0.005082500650214317,C
3176806076,4,0.006197364833861352,C
2614860224,4,-0.0029240000401506983,C
2614860224,4,2.8710260200903726e-05,C
2614860224,4,0.0010926638246233633,C
2614860224,4,-0.005344994665953506,C
2614860224,4,-0.0008073219209958626,C
2297887526,4,-0.0014538662829933768,N
2297887526,4,-0.0017176122735884647,N
2297887526,4,-0.0016341791264687933,N
2297887526,4,-0.00018529139378598014,N
2297887526,4,-0.0015116037760297685,N
623728226,4,5.018009856228023e-05,C
623728226,4,-0.0001318972491725079,C
623728226,4,0.00016232742138033718,C
623728226,4,0.00040199808023899664,C
623728226,4,-0.00016388721660609562,C
603510687,4,-0.0008649486170758669,C
603510687,4,0.00018052920866673539,C
603510687,4,-0.00042982165179439313,C
603510687,4,-0.000719318278897596,C
603510687,4,-0.0003207845651627128,C
725322217,4,-0.0024327258873799718,C
725322217,4,-0.002908276413651101,C
725322217,4,-0.0033803897482207468,C
725322217,4,-0.0010350723692769126,C
725322217,4,-0.0040851292295109864,C
434423882,4,-0.0006991143777999032,C
434423882,4,-0.0009346578299288533,C
434423882,4,-0.0005487307241316408,C
434423882,4,-0.0002913028601193579,C
434423882,4,-0.0008035289427396064,C
548743766,4,0.00014474384097551418,C
548743766,4,0.0002159760812319167,C
548743766,4,0.00021201583887453523,C
548743766,4,3.43098125993313e-05,C
548743766,4,-0.00011010325467264437,C
1399127774,4,0.0,C
1399127774,4,0.0,C
1399127774,4,0.0,C
1399127774,4,0.0,C
1399127774,4,0.0,C
2629723425,4,-5.5967952092284e-05,C
2629723425,4,0.0001722424207383222,C
2629723425,4,0.00013899904123326756,C
2629723425,4,-0.0003635806990378576,C
2629723425,4,-0.0003450899218366832,C
1542633699,4,-7.932148251499349e-05,O
1542633699,4,-0.0001281480505553878,O
1542633699,4,-7.813104948239946e-06,O
1542633699,4,-8.474067391683882e-05,O
1542633699,4,-3.349241051320284e-05,O
1824088295,4,-2.717509846350552e-05,C
1824088295,4,2.7662085664292846e-06,C
1824088295,4,4.6741729244903496e-05,C
1824088295,4,-8.575237567809424e-06,C
1824088295,4,4.981190918562639e-05,C
1078211001,4,0.0005641932711675235,O
1078211001,4,0.0008303034241720075,O
1078211001,4,8.128728121548079e-05,O
1078211001,4,-0.0011931631130638332,O
1078211001,4,-0.0007619258303499521,O
579286581,4,0.0002550467528331657,C
579286581,4,0.0003579451274268175,C
579286581,4,3.951787627920478e-05,C
579286581,4,0.0002752894611383061,C
579286581,4,-5.168779697828363e-05,C
476060908,4,-0.0007423128949557434,C
476060908,4,-0.0007738600919402483,C
476060908,4,-0.0010708461282332715,C
476060908,4,-0.0004783308086260263,C
476060908,4,-0.0011588182358994725,C
2154935424,4,0.0004566075444570883,O
2154935424,4,0.0004627062333590892,O
2154935424,4,0.00025035425592978555,O
2154935424,4,-0.00021688927176999329,O
2154935424,4,0.0002929676820311311,O
4256524850,4,-0.006428442082366259,C
4256524850,4,-0.008112010603289588,C
4256524850,4,-0.005309853699539957,C
4256524850,4,-0.005153661548313759,C
4256524850,4,-0.00294272289546349,C
3980805843,4,-0.0005879119851377457,C
3980805843,4,-0.0027777241322803903,C
3980805843,4,-0.0012520484273851329,C
3980805843,4,-0.0033320500112429263,C
3980805843,4,0.0003833662400384297,C
3594646603,4,-0.001794201528304451,C
3594646603,4,-0.0028338120249715715,C
3594646603,4,-0.0022830895195360412,C
3594646603,4,-0.0008066725883918435,C
3594646603,4,-0.0018344442368832814,C
4036277955,4,-0.0011620456154300962,C
4036277955,4,-0.0006415561151200677,C
4036277955,4,-0.0013385672060330922,C
4036277955,4,-0.0014000865278889219,C
4036277955,4,-0.001452356412716016,C
3554022385,4,0.0006895201184899946,C
3554022385,4,0.0008264824879280486,C
3554022385,4,0.0008986316165552344,C
3554022385,4,0.0010060176300731305,C
3554022385,4,0.0011705637332959373,C
571978829,4,-0.00041101275233379475,C
571978829,4,-0.0006639217981000423,C
571978829,4,0.0012379191999908334,C
571978829,4,0.00288561460517478,C
571978829,4,0.0008723083074830829,C
4011293459,4,-0.0011813212107782967,C
4011293459,4,0.00045974664393011455,C
4011293459,4,-0.0006271014486850524,C
4011293459,4,-0.0010733666069622227,C
4011293459,4,-0.0006949445264703424,C
1378530689,4,5.338523333231482e-05,C
1378530689,4,5.3011990766682615e-05,C
1378530689,4,4.558553911659935e-05,C
1378530689,4,3.226379767207188e-05,C
1378530689,4,3.1734881497436085e-05,C
1858577693,4,-2.088023642632386e-05,C
1858577693,4,-0.0002336589252684984,C
1858577693,4,-7.228397896652528e-05,C
1858577693,4,-0.00011165738883023302,C
1858577693,4,-7.285800162970535e-05,C
3120642300,4,0.0006487593071087261,C
3120642300,4,0.00067383529201126,C
3120642300,4,-0.00030779842232941945,C
3120642300,4,0.000440486822904429,C
3120642300,4,0.0003964654942989476,C
2594220197,4,-0.0003425838534437675,C
2594220197,4,-0.00012412138256712169,C
2594220197,4,0.0001559172061103009,C
2594220197,4,0.0006915362496719979,C
2594220197,4,-3.1702590683968523e-05,C
1693331843,4,-0.0003560344679248706,N
1693331843,4,-0.00015059398720884687,N
1693331843,4,-3.391131099905742e-05,N
1693331843,4,3.6750638405358416e-05,N
1693331843,4,-0.0003000993727130252,N
1868602760,4,0.000779051383681284,N
1868602760,4,-0.0010710983740654934,N
1868602760,4,0.0016958678079422862,N
1868602760,4,0.00047685130439389933,N
1868602760,4,-0.001670212914878566,N
1842114921,4,0.0029432489149966434,C
1842114921,4,0.00390597820020655,C
1842114921,4,0.004469952883547124,C
1842114921,4,0.004229179843125208,C
1842114921,4,0.0006920553431134513,C
2021812431,4,0.0007840938810684817,N
2021812431,4,-0.000593373838326805,N
2021812431,4,-3.348148368076398e-05,N
2021812431,4,-0.0002674442331590532,N
2021812431,4,0.00048775034860271127,N
4197146180,4,0.0014325323065155215,O
4197146180,4,0.0037589265247791603,O
4197146180,4,0.0029785763726576375,O
4197146180,4,-0.0025732937083338125,O
4197146180,4,-0.001655142259818887,O
3121777292,4,0.00011651329806694477,N
3121777292,4,0.00024717035401389253,N
3121777292,4,-0.00015886772633699753,N
3121777292,4,-0.00022950215665829,N
3121777292,4,-4.027678370444043e-05,N
2752034647,4,0.0003327834473582092,C
2752034647,4,-0.0007508412162486877,C
2752034647,4,0.00033989335529960307,C
2752034647,4,-0.00015637718077565754,C
2752034647,4,-0.000411141095561951,C
3614376044,4,0.0,C
3614376044,4,0.0,C
3614376044,4,0.0,C
3614376044,4,0.0,C
3614376044,4,0.0,C
3266129148,4,0.00014868664078238059,S
3266129148,4,-0.0004756029183278221,S
3266129148,4,-0.0001972800356885296,S
3266129148,4,-7.638472534321483e-05,S
3266129148,4,-0.0001650097433399944,S
3346539298,4,0.0008188494274331548,N
3346539298,4,0.0010518661788132544,N
3346539298,4,0.0001273348545141051,N
3346539298,4,0.0012398315915587155,N
3346539298,4,-0.0006953739671188286,N
2513428378,4,0.007470502999492368,C
2513428378,4,0.005936942362299913,C
2513428378,4,0.005840508407720324,C
2513428378,4,0.00751831915103518,C
2513428378,4,0.005855081649198235,C
2827868305,4,-0.00032266029162342225,C
2827868305,4,0.00012552850517622005,C
2827868305,4,-0.0003762918362005818,C
2827868305,4,-0.00013310580915537606,C
2827868305,4,-0.0005529481258437219,C
1153219603,4,-0.0007102531506009147,C
1153219603,4,-0.00037417721250254665,C
1153219603,4,0.0013780994371186406,C
1153219603,4,0.00022829119814671284,C
1153219603,4,-0.0005894274640751984,C
516041383,4,-0.00012447916747260201,C
516041383,4,-0.0002431318976873209,C
516041383,4,-6.691221719035134e-05,C
516041383,4,0.00018938713805349838,C
516041383,4,-3.1906511822610284e-05,C
312306367,4,-0.001608502918306387,C
312306367,4,-0.003486701243891388,C
312306367,4,-0.0019590626556381663,C
312306367,4,0.0012557821224485899,C
312306367,4,-0.0015531556367690547,C
3925172229,4,-0.0029722643752370104,C
3925172229,4,-0.005005906903722379,C
3925172229,4,0.0010843234099909838,C
3925172229,4,-0.0003236617360354854,C
3925172229,4,-0.006084707081146501,C
118059098,4,-1.3033247315274998e-05,C
118059098,4,-0.0008345880451255949,C
118059098,4,0.0006640569032091426,C
118059098,4,-0.00023945829648286399,C
118059098,4,-7.795136498978117e-05,C
3981762496,4,0.0047194497380116385,C
3981762496,4,0.00038051336735012153,C
3981762496,4,5.168484927597916e-06,C
3981762496,4,0.0007107440071534299,C
3981762496,4,0.002215936797233531,C
2122981102,4,0.0,
2122981102,4,0.0,
2122981102,4,0.0,
2122981102,4,0.0,
2122981102,4,0.0,
1506563592,4,9.441828230216665e-05,C
1506563592,4,5.991869739796485e-05,C
1506563592,4,1.2155178021666657e-05,C
1506563592,4,5.0704688283276234e-05,C
1506563592,4,7.100400256421224e-06,C
2604440622,4,0.00492884698326479,C
2604440622,4,0.005443004197201229,C
2604440622,4,0.004343647924175964,C
2604440622,4,0.004505831445793307,C
2604440622,4,1.5210791721509409e-05,C
1717044408,4,0.00042890690515284824,C
1717044408,4,0.0006931637542435531,C
1717044408,4,0.00032986338576701524,C
1717044408,4,0.00012647019364542267,C
1717044408,4,0.0002668870881716856,C
2646219661,4,0.0003026253354724284,C
2646219661,4,-0.0005537561708212069,C
2646219661,4,-3.086675301955388e-05,C
2646219661,4,-0.0005127424625512855,C
2646219661,4,-0.0005304923585384147,C
128522177,4,0.0008494790687108011,C
128522177,4,0.0001733947667653668,C
128522177,4,0.00039401101460923016,C
128522177,4,0.00029040458091400545,C
128522177,4,0.0008582133154821925,C
2459741777,4,-0.000762958326997687,O
2459741777,4,-0.0018232200872351223,O
2459741777,4,-0.002103239101750254,O
2459741777,4,-0.0017506152755103477,O
2459741777,4,-0.000986711800527007,O
3612926680,4,-0.00015757990718523462,Br
3612926680,4,0.00015795479755065234,Br
3612926680,4,-0.00029083527135320697,Br
3612926680,4,0.0007596066816587532,Br
3612926680,4,0.00022612980164349317,Br
1792562719,4,-0.0021514027069828856,S
1792562719,4,-0.002286751480052529,S
1792562719,4,-0.0009379397260601552,S
1792562719,4,-0.0020963587310206533,S
1792562719,4,-0.002875745099272131,S
868576692,4,0.0,
868576692,4,0.0,
868576692,4,0.0,
868576692,4,0.0,
868576692,4,0.0,
1999904870,4,-0.0003168131845630029,C
1999904870,4,0.002248706401047351,C
1999904870,4,0.0012287170395650637,C
1999904870,4,0.0002743822841133614,C
1999904870,4,0.0010707722673561904,C
3532053313,4,-5.916095653368814e-07,S
3532053313,4,-3.1836514146066364e-06,S
3532053313,4,-1.9954498942098553e-06,S
3532053313,4,0.0,S
3532053313,4,0.0,S
592593828,4,-0.00017971490420054526,C
592593828,4,-0.0009545753129303058,C
592593828,4,-0.0012782064420496786,C
592593828,4,-0.001612166822022587,C
592593828,4,-5.213486422739333e-05,C
3632350815,4,-0.0004024344792997736,Br
3632350815,4,0.0005357909463689081,Br
3632350815,4,0.0004347730967638741,Br
3632350815,4,8.759567089233755e-05,Br
3632350815,4,-0.0011297855276267699,Br
3025629386,4,-0.0005859548544943083,C
3025629386,4,-0.0002884476677518233,C
3025629386,4,-0.0006336695126889502,C
3025629386,4,7.983963397140137e-05,C
3025629386,4,-0.0005706073706560622,C
3594696610,4,0.0009148358791530864,C
3594696610,4,0.0014649354836068218,C
3594696610,4,0.0010031456870089883,C
3594696610,4,0.0016192535851896617,C
3594696610,4,0.0008386248275789043,C
2212573984,4,-0.0013068298042805404,S
2212573984,4,-0.0009424752017545002,S
2212573984,4,-0.0014312426399307743,S
2212573984,4,-0.001188271469930502,S
2212573984,4,-0.0016335437271987052,S
3157481675,4,-0.001273075426921011,C
3157481675,4,-0.0002889891188535554,C
3157481675,4,-0.002746937055174148,C
3157481675,4,-0.0012911448358899902,C
3157481675,4,-0.0005883759172584657,C
669222828,4,-0.0004625467550997131,C
669222828,4,-0.0013880128788621438,C
669222828,4,-0.0009169817184283557,C
669222828,4,-0.001388894272701724,C
669222828,4,-0.0001486290924852529,C
1856075173,4,0.0018617975603393289,C
1856075173,4,0.0020890690321186955,C
1856075173,4,0.0033171755301322214,C
1856075173,4,-0.0016788459474271766,C
1856075173,4,0.0025865780731959553,C
618671879,4,-0.000741827455543409,C
618671879,4,-0.0003402471492296444,C
618671879,4,-0.0004988081490612251,C
618671879,4,-0.0004420231094286464,C
618671879,4,-0.00046335478041270584,C
714893496,4,0.0014031215930105922,C
714893496,4,0.0016646767318578837,C
714893496,4,0.0027510821813953035,C
714893496,4,0.0023354472857131103,C
714893496,4,0.004830805186101128,C
1685248591,4,0.000128764983444829,C
1685248591,4,-0.0001542250206576501,C
1685248591,4,8.923919326753182e-05,C
1685248591,4,0.0001815771832500701,C
1685248591,4,0.00012640568505650762,C
2931695851,4,0.0010801772613600047,C
2931695851,4,-0.0009771990473592673,C
2931695851,4,0.0004745013628372208,C
2931695851,4,0.0015571514408208031,C
2931695851,4,-0.0013230990026265044,C
2222715027,4,0.0003165874408248559,O
2222715027,4,0.0004514305876364144,O
2222715027,4,-0.00019199456459706443,O
2222715027,4,0.0007768289020286812,O
2222715027,4,0.0007450264913213545,O
1026928756,4,8.829961123391072e-05,S
1026928756,4,-0.0008065835961098555,S
1026928756,4,0.0002551361912915828,S
1026928756,4,0.003873816038644451,S
1026928756,4,0.006798295531348586,S
458993620,4,-0.0017004077084592506,N
458993620,4,5.469457519446941e-05,N
458993620,4,-4.48414947336051e-05,N
458993620,4,-0.001103463964556517,N
458993620,4,-0.0006964910158896442,N
1549284008,4,0.0001193947764326353,C
1549284008,4,0.00011021849308356924,C
1549284008,4,5.027768916954223e-05,C
1549284008,4,0.0006443785025503912,C
1549284008,4,0.0015307219432294517,C
3510196525,4,-0.00019735007043331088,N
3510196525,4,-0.00030912831757978765,N
3510196525,4,-0.0002658540846758317,N
3510196525,4,-0.00033153113895134645,N
3510196525,4,-0.000231886824359262,N
909362583,4,-3.961402475938236e-06,C
909362583,4,-2.2498616986998954e-05,C
909362583,4,9.623023500160421e-06,C
909362583,4,2.458126239446301e-06,C
909362583,4,5.890649354967081e-07,C
2556855854,4,0.00010766945592233235,C
2556855854,4,0.002807136920738307,C
2556855854,4,0.002537943849028279,C
2556855854,4,0.0021076559979018583,C
2556855854,4,0.0011045826108665446,C
3888780669,4,0.0008377906188752338,O
3888780669,4,0.0002461168657542645,O
3888780669,4,0.0007298382496928602,O
3888780669,4,0.0001744585978953328,O
3888780669,4,0.0004886736724871721,O
2448572767,4,0.0,C
2448572767,4,0.0,C
2448572767,4,0.0,C
2448572767,4,0.0,C
2448572767,4,0.0,C
932692620,4,5.671590765154999e-05,C
932692620,4,0.0001046812545099085,C
932692620,4,3.769814828880058e-05,C
932692620,4,0.00013736043776013673,C
932692620,4,1.7730846625374497e-06,C
92620239,4,-0.00014152369835818135,C
92620239,4,0.0011769519046896937,C
92620239,4,0.0016678460749182111,C
92620239,4,0.001315847608418741,C
92620239,4,0.0012594593302033275,C
443932914,4,0.0015649159274451208,N
443932914,4,0.0018370533865158523,N
443932914,4,0.001650171435706893,N
443932914,4,0.0023456572773231654,N
443932914,4,0.0020607697272051473,N
586636525,4,0.00022569041774533893,C
586636525,4,8.380666114060631e-05,C
586636525,4,0.00031648480800616774,C
586636525,4,-0.0006713693777784524,C
586636525,4,0.0006078423115486453,C
3462479532,4,0.0017186227620300532,C
3462479532,4,0.002111158166314242,C
3462479532,4,-0.00012546578984085066,C
3462479532,4,-0.00048795307439930546,C
3462479532,4,0.002319465611712701,C
2222621677,4,-0.0008931642127087969,O
2222621677,4,7.490805642973442e-05,O
2222621677,4,-0.0008802220218022683,O
2222621677,4,-0.0002939854303829481,O
2222621677,4,-0.0002739061474635873,O
328936174,4,0.0,C
328936174,4,0.0,C
328936174,4,0.0,C
328936174,4,0.0,C
328936174,4,0.0,C
2154777022,4,0.001680593127402208,C
2154777022,4,0.0010059957808837838,C
2154777022,4,0.0003058313998538509,C
2154777022,4,0.0007309417665622986,C
2154777022,4,0.0012081116275319825,C
3992410619,4,0.000894134435157401,C
3992410619,4,0.0007006388045064371,C
3992410619,4,0.0008994603939643797,C
3992410619,4,7.151949411854375e-05,C
3992410619,4,0.0008498165337349484,C
3750444818,4,-0.0007669219627032264,C
3750444818,4,-0.0016589653678793503,C
3750444818,4,-0.0009993014399947153,C
3750444818,4,-0.0019957110070432105,C
3750444818,4,-0.0005614555752128103,C
2975126068,4,0.002432058115746316,N
2975126068,4,0.0020037491303313004,N
2975126068,4,0.003818110044584766,N
2975126068,4,0.004547051337538077,N
2975126068,4,0.005460452495095414,N
2477914203,4,0.0,N
2477914203,4,0.0,N
2477914203,4,0.0,N
2477914203,4,0.0,N
2477914203,4,0.0,N
353395765,4,9.176663551457853e-05,C
353395765,4,-0.0012201113663008467,C
353395765,4,-0.001976425786128999,C
353395765,4,0.0001869964828512538,C
353395765,4,-0.000752361837517368,C
69470421,4,3.769802878428319e-05,C
69470421,4,5.264800394799707e-05,C
69470421,4,-0.00024519451135507353,C
69470421,4,0.00011759676137479413,C
69470421,4,-0.00020648829536329405,C
540046244,4,0.004010341190572864,C
540046244,4,0.0038040438743348615,C
540046244,4,0.002101872941327909,C
540046244,4,0.004936198085786048,C
540046244,4,0.0025278403321211673,C
4261830945,4,0.003449110909820141,C
4261830945,4,0.002405997950988059,C
4261830945,4,0.001981161033326795,C
4261830945,4,0.000955270335402103,C
4261830945,4,0.0015746313993865169,C
3904721945,4,0.0007141594007022967,C
3904721945,4,-0.003090323562746633,C
3904721945,4,-0.0007321051187232364,C
3904721945,4,-0.0022489696820179317,C
3904721945,4,-0.0018621159532524745,C
4055698890,4,-3.8709251840574055e-06,N
4055698890,4,5.45379569496518e-05,N
4055698890,4,0.0002584655335485797,N
4055698890,4,-0.00010521338836511074,N
4055698890,4,0.00016023614309323975,N
1738265797,4,-0.0009457602327260783,C
1738265797,4,-0.0004455109173092664,C
1738265797,4,-0.0005621528124128972,C
1738265797,4,-0.0005833864864058791,C
1738265797,4,-0.0006408092624179407,C
2014543234,4,0.00468822993068907,C
2014543234,4,0.0016749755405278677,C
2014543234,4,0.0015956374554484398,C
2014543234,4,0.0014436337268742827,C
2014543234,4,0.0009967038873430756,C
2697110228,4,0.00022566329766859905,C
2697110228,4,-0.00017303010858515933,C
2697110228,4,-0.0008637946414163933,C
2697110228,4,-0.0008650058661927584,C
2697110228,4,-0.00031744570067426814,C
694069322,4,-0.0015557443711675667,N
694069322,4,3.033155994303094e-05,N
694069322,4,-0.0006745199783125821,N
694069322,4,-0.0005016766189561706,N
694069322,4,-0.0015981590975417959,N
3120784405,4,-0.0002513355064982514,C
3120784405,4,-0.0006075125457417618,C
3120784405,4,0.00015976905857972845,C
3120784405,4,-0.0008571316448059418,C
3120784405,4,-0.0005848460150698065,C
2574917850,4,0.0009499804646223575,C
2574917850,4,0.0006560316876241812,C
2574917850,4,0.001415748704104991,C
2574917850,4,0.0012305543928766705,C
2574917850,4,0.0008888408756220212,C
644322065,4,-0.0005050919866342873,C
644322065,4,-0.001004486422930273,C
644322065,4,-0.0004418802086829654,C
644322065,4,-8.182506481102525e-05,C
644322065,4,-0.0010461711267734097,C
4068239769,4,-0.0002618483999102805,S
4068239769,4,0.0009570713157676103,S
4068239769,4,-0.0010461410261051185,S
4068239769,4,-0.0010316555971402463,S
4068239769,4,-0.00019702887605077546,S
606428793,4,-0.0006401776653128799,C
606428793,4,-0.00017897227579033448,C
606428793,4,-0.0005820938285030497,C
606428793,4,-0.0004463997571013678,C
606428793,4,-6.605165058681806e-05,C
3304582332,4,0.0,C
3304582332,4,0.0,C
3304582332,4,0.0,C
3304582332,4,0.0,C
3304582332,4,0.0,C
3920757710,4,0.0024174524819725596,C
3920757710,4,0.0026983107006668394,C
3920757710,4,0.002256042685822468,C
3920757710,4,0.0007309271759795566,C
3920757710,4,0.0037173324472116187,C
2923200147,4,-0.0017818336741596275,C
2923200147,4,-0.0009564340910163116,C
2923200147,4,0.0006068108952712592,C
2923200147,4,-0.0005267801732262711,C
2923200147,4,-0.0025988315474817503,C
1349404210,4,0.0004342954262823717,N
1349404210,4,0.0013779220929174274,N
1349404210,4,0.001898636711202828,N
1349404210,4,0.0009406379094595296,N
1349404210,4,0.001246581463838048,N
2238101436,4,0.0010316127107861117,C
2238101436,4,0.0024345587955757475,C
2238101436,4,0.001898162628239053,C
2238101436,4,0.0014688542528432658,C
2238101436,4,0.001154975223892074,C
310913359,4,-0.0005939610047414057,C
310913359,4,-0.001867777402940085,C
310913359,4,-0.002586866307598523,C
310913359,4,-0.0005442706901302996,C
310913359,4,-0.0018186652975969997,C
4086265842,4,0.001008724391990845,C
4086265842,4,0.002479983091653648,C
4086265842,4,0.0021353501436217615,C
4086265842,4,0.001982382595995036,C
4086265842,4,0.0018772886905059627,C
3328145258,4,0.00016678198166775182,C
3328145258,4,0.00031596887699203435,C
3328145258,4,-3.9108002094723204e-05,C
3328145258,4,-0.00023698424001206142,C
3328145258,4,0.0003595381831866806,C
3045022511,4,0.0,S
3045022511,4,0.0,S
3045022511,4,0.0,S
3045022511,4,0.0,S
3045022511,4,0.0,S
910450790,4,-0.00037782277857867363,C
910450790,4,-0.0007087120285238502,C
910450790,4,-0.00096487375112142,C
910450790,4,-0.0008868673568943608,C
910450790,4,-0.0004661709154735183,C
1216095805,4,0.003960385015446932,C
1216095805,4,0.002860101740757015,C
1216095805,4,0.002914870070983455,C
1216095805,4,0.0018698453735129794,C
1216095805,4,0.0035329792925907766,C
2187394687,4,-4.554806908840803e-05,C
2187394687,4,-4.787777822201633e-06,C
2187394687,4,-6.979632016046455e-05,C
2187394687,4,-3.840120512021983e-05,C
2187394687,4,-3.6233614916225676e-06,C
544755086,4,0.00168914960996569,C
544755086,4,0.0005444198493560481,C
544755086,4,0.0003667474175446106,C
544755086,4,0.000970607256145728,C
544755086,4,0.0005932991252508568,C
2425865203,4,-0.0006519782901274196,C
2425865203,4,3.1242797555841584e-05,C
2425865203,4,-0.0003626304782390344,C
2425865203,4,0.0001524838772707371,C
2425865203,4,0.00021367927445825607,C
1558658757,4,-0.0002667034050484185,C
1558658757,4,-0.00033166047197907833,C
1558658757,4,-0.00011651494333186907,C
1558658757,4,7.822167339588404e-05,C
1558658757,4,-0.0002718085832402739,C
68675643,4,0.0,
68675643,4,0.0,
68675643,4,0.0,
68675643,4,0.0,
68675643,4,0.0,
2905822145,4,-0.0010493777379629865,C
2905822145,4,-0.002715723865768571,C
2905822145,4,-0.0005102505010283753,C
2905822145,4,-0.0015713608431272563,C
2905822145,4,-0.000716629134629776,C
2284773903,4,-0.0007659542969461475,C
2284773903,4,-0.0013544111227379307,C
2284773903,4,-0.0013639563169998148,C
2284773903,4,-0.0005549079988907968,C
2284773903,4,0.0002610027947026472,C
3835273908,4,0.0009850612231548928,C
3835273908,4,2.6066967746096736e-05,C
3835273908,4,0.0005118279520449631,C
3835273908,4,0.002860095783165595,C
3835273908,4,0.00015215435454385418,C
3249398244,4,4.030239985408635e-06,C
3249398244,4,-7.64767613681272e-08,C
3249398244,4,-1.757201503194139e-07,C
3249398244,4,8.172890759716722e-07,C
3249398244,4,-1.6170600647402722e-07,C
3772302167,4,-0.00048650234798908176,C
3772302167,4,-0.00045135837116361266,C
3772302167,4,-0.0004185145292935344,C
3772302167,4,-0.001031577715806531,C
3772302167,4,-0.00025630233175022443,C
2510215966,4,0.00010091255378286146,C
2510215966,4,0.0003185023270431131,C
2510215966,4,0.0008795012695792526,C
2510215966,4,-0.00018443694178327252,C
2510215966,4,0.0010874796576297863,C
3406201864,4,0.00039334276733393736,C
3406201864,4,0.0007532880943563747,C
3406201864,4,5.226100346966689e-05,C
3406201864,4,0.0018248745234287211,C
3406201864,4,0.0022343283855682516,C
3684013815,4,-0.00010039388640170621,C
3684013815,4,-0.00019380455383632977,C
3684013815,4,0.0001344201159798608,C
3684013815,4,-0.0005729772306503067,C
3684013815,4,-0.0004918905285817843,C
787341104,4,0.00043231676281374476,C
787341104,4,0.00011387231156734234,C
787341104,4,0.0007208803072427106,C
787341104,4,-3.607863812915557e-05,C
787341104,4,0.00048500158163600204,C
1256946769,4,-0.00038650062070810787,N
1256946769,4,-0.000634003911613612,N
1256946769,4,6.160348229267143e-05,N
1256946769,4,-0.0008548563197566805,N
1256946769,4,-0.0012526764978235683,N
2110118862,4,-0.0006642269690029234,C
2110118862,4,-0.0008567092326307035,C
2110118862,4,-0.0005917558466604911,C
2110118862,4,-0.0008194764501054941,C
2110118862,4,-0.0008111971771053161,C
1899422126,4,0.0,C
1899422126,4,0.0,C
1899422126,4,0.0,C
1899422126,4,0.0,C
1899422126,4,0.0,C
3727960280,4,-0.0003665227193592191,C
3727960280,4,0.000656099634516405,C
3727960280,4,0.0004652948555441405,C
3727960280,4,0.000401393534549932,C
3727960280,4,1.8144130791375446e-05,C
4023654873,4,7.951464050104384e-05,C
4023654873,4,0.00012920853047493353,C
4023654873,4,0.00012248012439786127,C
4023654873,4,-5.8330737130352084e-05,C
4023654873,4,-2.815644522513594e-05,C
467603055,4,0.004292337730322671,C
467603055,4,0.005132268560264608,C
467603055,4,0.00300251311644939,C
467603055,4,0.0031730909454421585,C
467603055,4,0.00252786269700378,C
409801989,4,-0.0011048072781307816,C
409801989,4,-0.0005180604273540279,C
409801989,4,-0.000435036962127322,C
409801989,4,0.00022615163879846634,C
409801989,4,-0.0006811325780837763,C
1289643292,4,-0.0012729394771230362,N
1289643292,4,-0.0016393862514143542,N
1289643292,4,-0.001805987389755348,N
1289643292,4,-0.0017666655570807155,N
1289643292,4,-0.0011329566697084736,N
3011598321,4,-0.00022024184225966081,C
3011598321,4,-0.0001636903479441676,C
3011598321,4,-0.0001537700535202413,C
3011598321,4,-0.0002451864757305744,C
3011598321,4,-0.00032702444006960096,C
3460898310,4,0.002319165000788992,N
3460898310,4,0.0022074769710678233,N
3460898310,4,0.0003340889898260091,N
3460898310,4,0.0024319369918066602,N
3460898310,4,0.0049995938675839735,N
2971716993,4,-0.0006541215022514146,N
2971716993,4,-0.0011839707031420232,N
2971716993,4,-0.0006962797103889917,N
2971716993,4,-0.0007036836013243342,N
2971716993,4,-0.0008542819312314931,N
1556668346,4,-0.0004631956024300221,N
1556668346,4,0.00046856852572674246,N
1556668346,4,-0.00011495143203510416,N
1556668346,4,-0.0001533029990400392,N
1556668346,4,-0.00040711852095942636,N
4022716898,4,-6.421400364198249e-05,C
4022716898,4,6.853352544278213e-05,C
4022716898,4,5.0717346036233124e-05,C
4022716898,4,9.570232065059248e-05,C
4022716898,4,-4.503558117696649e-05,C
2458968089,4,1.8247101917778785e-05,C
2458968089,4,-5.7107156039792883e-05,C
2458968089,4,-8.631001416403716e-05,C
2458968089,4,0.0001330447745460095,C
2458968089,4,0.0002149104210606989,C
4164236649,4,-0.0035498726826314053,C
4164236649,4,-0.005659044253034762,C
4164236649,4,-0.005934170710401476,C
4164236649,4,-0.005256881173958727,C
4164236649,4,-0.0022691428453193163,C
2154975788,4,0.0005889380088139884,C
2154975788,4,0.00025610192001324084,C
2154975788,4,-0.0003653349896920455,C
2154975788,4,-0.0005653870591086907,C
2154975788,4,-0.0002972686633180288,C
3248686995,4,0.0015312441922213926,C
3248686995,4,-0.001471476996379284,C
3248686995,4,1.268916733399017e-05,C
3248686995,4,0.0001403671334017087,C
3248686995,4,-0.00038185684291625055,C
3909974435,4,0.0030543391918037566,C
3909974435,4,0.001986022099346174,C
3909974435,4,0.0007582856397789772,C
3909974435,4,0.0009754981601644008,C
3909974435,4,0.0018265423116973212,C
3012080282,4,0.0006706237189426645,C
3012080282,4,0.0007185723804820077,C
3012080282,4,0.0008028825920802785,C
3012080282,4,0.00012421814983110124,C
3012080282,4,-0.00012546579539141067,C
3462333187,4,0.002405123748906557,C
3462333187,4,0.000685548306759487,C
3462333187,4,0.0011597001500830428,C
3462333187,4,-0.0006068606081047756,C
3462333187,4,0.0007669655409910936,C
1229325558,4,-0.0020649972047825926,N
1229325558,4,-0.002335621044417091,N
1229325558,4,-0.004379275800796112,N
1229325558,4,-0.003805958051742886,N
1229325558,4,-0.0045557645887494,N
3599139274,4,0.0,C
3599139274,4,0.0,C
3599139274,4,0.0,C
3599139274,4,0.0,C
3599139274,4,0.0,C
806369437,4,-0.0001744910475145467,C
806369437,4,-0.0001496098759399267,C
806369437,4,1.0093660549270744e-05,C
806369437,4,-0.00029807566671735675,C
806369437,4,-0.0001298110569183386,C
2395259406,4,-0.00018018932251884223,C
2395259406,4,-0.0005137016797511773,C
2395259406,4,-0.0007284679625750856,C
2395259406,4,-0.00027303254566346524,C
2395259406,4,-0.00012905519466399618,C
864942795,4,3.978560630280015e-05,O
864942795,4,0.0005835664552591435,O
864942795,4,0.000981677448014806,O
864942795,4,0.0012290705819892889,O
864942795,4,0.0008618636631223531,O
1785683843,4,-0.00019836510404269703,C
1785683843,4,-0.0006163869199823369,C
1785683843,4,5.0827605029279965e-05,C
1785683843,4,-0.00030006374780644496,C
1785683843,4,-0.0005751348497672337,C
2516197204,4,0.00015418466365535455,C
2516197204,4,-0.0001378902292095141,C
2516197204,4,-0.0002044116448526312,C
2516197204,4,-0.00012839939945830103,C
2516197204,4,-0.00010034146714565928,C
2295519362,4,-0.0011189987400338497,C
2295519362,4,-0.0018524240278509074,C
2295519362,4,-0.0011672914231107834,C
2295519362,4,-0.0010855651744610118,C
2295519362,4,-0.000644689838580903,C
2598322190,4,0.0002862761724020668,C
2598322190,4,0.00027582589479002717,C
2598322190,4,0.0003174954795277518,C
2598322190,4,0.00031544797471516617,C
2598322190,4,6.80902932430616e-05,C
3153477100,4,0.0,C
3153477100,4,0.0,C
3153477100,4,0.0,C
3153477100,4,0.0,C
3153477100,4,0.0,C
2192318254,4,0.0,O
2192318254,4,0.0,O
2192318254,4,0.0,O
2192318254,4,0.0,O
2192318254,4,0.0,O
1619222458,4,-0.0001440095265181629,C
1619222458,4,-8.896293201599015e-05,C
1619222458,4,0.0003139537835369355,C
1619222458,4,0.0003323125189884646,C
1619222458,4,0.0001524837683744007,C
3824063894,4,0.00042419799202408903,C
3824063894,4,0.00035753294204032837,C
3824063894,4,-0.0001122048242464535,C
3824063894,4,-3.35607508323843e-05,C
3824063894,4,-4.7955236386676425e-05,C
885026269,4,0.0002403048624769477,C
885026269,4,0.0005209149801472801,C
885026269,4,0.0020310161776503355,C
885026269,4,8.311352913759062e-05,C
885026269,4,0.0008368378324152825,C
472281497,4,0.0,C
472281497,4,0.0,C
472281497,4,0.0,C
472281497,4,0.0,C
472281497,4,0.0,C
2599973650,4,0.0,N
2599973650,4,0.0,N
2599973650,4,0.0,N
2599973650,4,0.0,N
2599973650,4,0.0,N
1582607016,4,-1.2437645929286312e-05,C
1582607016,4,5.8417358958728904e-05,C
1582607016,4,3.880029661362805e-05,C
1582607016,4,-7.486553906677074e-05,C
1582607016,4,1.9521581646864128e-05,C
1564511222,4,0.0006115952955110249,C
1564511222,4,0.0006706556754093596,C
1564511222,4,0.0001256840003162063,C
1564511222,4,0.00011605227956668074,C
1564511222,4,0.000591517341421266,C
3291149959,4,0.0001614056962950805,C
3291149959,4,9.366408527156089e-05,C
3291149959,4,0.00010684014869133396,C
3291149959,4,0.00022166491635222663,C
3291149959,4,0.0002428702911139169,C
717151242,4,-0.001744469098927004,O
717151242,4,-0.001933937073004044,O
717151242,4,-0.0020433311224591355,O
717151242,4,-0.002130398937093436,O
717151242,4,-0.00140123018162841,O
2664995851,4,0.0,
2664995851,4,0.0,
2664995851,4,0.0,
2664995851,4,0.0,
2664995851,4,0.0,
4239037249,4,0.00030871880832938903,C
4239037249,4,0.0005387708690938187,C
4239037249,4,0.0003384431435828894,C
4239037249,4,0.00019750905733750823,C
4239037249,4,0.0003643093793213037,C
166544320,4,-0.0002847722645518136,C
166544320,4,1.5160335025243832e-05,C
166544320,4,0.0001981662271050011,C
166544320,4,-5.012239922186357e-05,C
166544320,4,-8.475719176392893e-06,C
2369690741,4,-0.001094508672123573,C
2369690741,4,-0.0033584056537050433,C
2369690741,4,-0.0038235297912407873,C
2369690741,4,-0.0042326451225248585,C
2369690741,4,-0.0031548626948642022,C
3234104871,4,3.874472583276223e-05,C
3234104871,4,0.0001987311017617177,C
3234104871,4,-7.574437629775943e-06,C
3234104871,4,-1.9285443779826217e-05,C
3234104871,4,2.629791857167163e-05,C
616374597,4,0.0028495383544885344,C
616374597,4,0.0044917166870706016,C
616374597,4,0.00213334862118042,C
616374597,4,0.0019367675539515572,C
616374597,4,0.001388256859988668,C
2974534217,4,-0.000608809113063824,C
2974534217,4,-0.0005458936927382751,C
2974534217,4,-0.0001461300078734462,C
2974534217,4,-0.0005388539595975184,C
2974534217,4,-0.0005544712086053005,C
828793177,4,0.0005244769073305955,N
828793177,4,0.0005647965037826053,N
828793177,4,0.0002337513593670959,N
828793177,4,0.0007925486795948844,N
828793177,4,7.505560561216207e-05,N
368713488,4,0.0020820944871945413,C
368713488,4,0.0015334975774182746,C
368713488,4,0.002049530092058771,C
368713488,4,0.0006249919152232497,C
368713488,4,0.0015876979500631938,C
3177362943,4,2.572416804680344e-06,C
3177362943,4,1.3095095438009352e-06,C
3177362943,4,1.0001296804618143e-05,C
3177362943,4,-1.6190484548594952e-06,C
3177362943,4,4.207108714293639e-06,C
912632640,4,0.0,C
912632640,4,0.0,C
912632640,4,0.0,C
912632640,4,0.0,C
912632640,4,0.0,C
214126897,4,0.0003265859029937257,C
214126897,4,0.002001702615126888,C
214126897,4,0.0022474902270466224,C
214126897,4,0.002337349112886522,C
214126897,4,0.002071574986403424,C
4212936508,4,-0.00014778190524433743,N
4212936508,4,0.00010650279139190477,N
4212936508,4,-0.0002967040596920656,N
4212936508,4,0.00028717475607309417,N
4212936508,4,-0.0004627630793000437,N
3376021752,4,0.0006399779612867862,O
3376021752,4,-0.0003689017293675434,O
3376021752,4,-0.002131139313379382,O
3376021752,4,1.8666449009829833e-05,O
3376021752,4,0.00032095871744963755,O
2987120039,4,-0.000569338163506572,C
2987120039,4,0.0006188419545370971,C
2987120039,4,0.0008027213747058282,C
2987120039,4,0.0001661331428025603,C
2987120039,4,0.0004482926786821828,C
3816921572,4,-0.0004993863455399206,C
3816921572,4,-0.00039721602031850267,C
3816921572,4,-0.00040238646796164623,C
3816921572,4,-0.00029121035636248127,C
3816921572,4,-0.00017533521284185394,C
203749390,4,-0.0006247545037910696,C
203749390,4,-0.0002939255049883016,C
203749390,4,-0.00038977193513822783,C
203749390,4,0.00029026877726157085,C
203749390,4,-0.0008684276270812807,C
992462230,4,-0.0002245078072197204,C
992462230,4,-0.00047896435412209115,C
992462230,4,-0.0003347278840922785,C
992462230,4,-0.0004324502601221747,C
992462230,4,-0.00016933313486833246,C
1506993418,4,1.3463067984442745e-05,C
1506993418,4,-0.00012672370307587055,C
1506993418,4,-1.6474382941500387e-05,C
1506993418,4,-1.432210145224655e-05,C
1506993418,4,-0.00011370568728708008,C
1486598263,4,-6.63378287059091e-05,C
1486598263,4,-0.00018522152392352886,C
1486598263,4,-0.00015129697641946827,C
1486598263,4,-0.0001508974013392228,C
1486598263,4,-0.00011571028571655262,C
1914416804,4,-0.0004520562504627401,N
1914416804,4,-0.0004113544812169856,N
1914416804,4,-0.0003397746313356098,N
1914416804,4,-0.0001764814538081083,N
1914416804,4,3.326210699650112e-05,N
54936104,4,-0.0019309122849315852,C
54936104,4,-0.0009064914185384909,C
54936104,4,-0.0016502560835064406,C
54936104,4,-0.0006092980735863396,C
54936104,4,-0.0014630535024914293,C
3090652201,4,0.0019696076224553494,C
3090652201,4,0.0010768160272914828,C
3090652201,4,0.0014533766299491546,C
3090652201,4,0.0031423568514711286,C
3090652201,4,0.0010145797651869293,C
2987687375,4,0.0002606402694025345,C
2987687375,4,-7.805811291761167e-05,C
2987687375,4,0.0005891621046145712,C
2987687375,4,0.00012205071236193188,C
2987687375,4,9.717566804368083e-05,C
2296493092,4,-0.00028034845942837006,N
2296493092,4,0.0006884928238309884,N
2296493092,4,-0.00019786092422280355,N
2296493092,4,-0.0003617554008507051,N
2296493092,4,0.0001283126543574209,N
668520641,4,-0.002284044509089811,C
668520641,4,-0.0015332138036318055,C
668520641,4,-0.0010944760518308838,C
668520641,4,-0.0011480689306677672,C
668520641,4,-0.0021570780483337604,C
848127915,4,0.0,N
848127915,4,0.0,N
848127915,4,0.0,N
848127915,4,0.0,N
848127915,4,0.0,N
2378775366,4,0.0,O
2378775366,4,0.0,O
2378775366,4,0.0,O
2378775366,4,0.0,O
2378775366,4,0.0,O
2592785365,4,-0.0008694932385637788,N
2592785365,4,-0.0006034458043142621,N
2592785365,4,-0.0008721185639103401,N
2592785365,4,-0.0003696769957457491,N
2592785365,4,-0.0003309480283434363,N
460073430,4,0.0,C
460073430,4,0.0,C
460073430,4,0.0,C
460073430,4,0.0,C
460073430,4,0.0,C
2378779377,4,0.0,O
2378779377,4,0.0,O
2378779377,4,0.0,O
2378779377,4,0.0,O
2378779377,4,0.0,O
4194366826,4,8.8985916550266e-05,C
4194366826,4,-8.853764182914503e-07,C
4194366826,4,-8.18063911178779e-06,C
4194366826,4,-1.3588301183142804e-05,C
4194366826,4,-1.2995630568668481e-05,C
1136130381,4,-0.0014132197116278888,C
1136130381,4,-0.000771545844763355,C
1136130381,4,-0.001392087548161558,C
1136130381,4,-0.0010256655534942594,C
1136130381,4,-0.0003287957126241192,C
1646750527,4,0.0004506898035339102,C
1646750527,4,0.0021967004031874238,C
1646750527,4,-0.0010461010866824605,C
1646750527,4,-0.000283368478017354,C
1646750527,4,-0.0008856993024093374,C
1163692816,4,-0.000868398387977809,N
1163692816,4,-0.00045630544737074175,N
1163692816,4,-2.0161280784303237e-05,N
1163692816,4,-0.0008147710710021405,N
1163692816,4,-0.00017336192454153743,N
1840994228,4,-0.003154393803151856,C
1840994228,4,-0.0011349750092612965,C
1840994228,4,0.002728833664005559,C
1840994228,4,-0.0005958773111445215,C
1840994228,4,0.0009165025821128436,C
2609658248,4,-0.0011178817078582037,C
2609658248,4,-0.001324784376924626,C
2609658248,4,-1.838491705941081e-05,C
2609658248,4,-0.0005925469437599862,C
2609658248,4,-0.0008909520742063082,C
2353583745,4,0.0005403444688618642,C
2353583745,4,0.0009000356519600627,C
2353583745,4,0.000924964189082278,C
2353583745,4,0.001743606180794055,C
2353583745,4,0.0006711227477697035,C
3443041413,4,-0.00032889709889005747,C
3443041413,4,-1.3633103336907482e-05,C
3443041413,4,-0.00012044969728286503,C
3443041413,4,-0.0010581680620819212,C
3443041413,4,-0.0010260067861246336,C
3286720230,4,2.5045304441251304e-05,C
3286720230,4,0.00021014015312592615,C
3286720230,4,0.0003853929055955829,C
3286720230,4,0.0002724673361101937,C
3286720230,4,0.0001761901363368512,C
1449131080,4,0.000666628699204197,C
1449131080,4,-0.0003560205141874828,C
1449131080,4,-0.0004448504888381333,C
1449131080,4,-3.3147239965725106e-05,C
1449131080,4,-0.0001171037776448447,C
636971230,4,-0.0002568278433581206,C
636971230,4,-0.00018558860882278427,C
636971230,4,-8.217681837729973e-05,C
636971230,4,-0.00018599205294367316,C
636971230,4,-0.00010339064052178326,C
2251845666,4,0.0010308401688703395,C
2251845666,4,0.0003410090114758235,C
2251845666,4,0.0004945555199139529,C
2251845666,4,0.0009985827414179527,C
2251845666,4,0.0006357025864441868,C
305828102,4,0.00037974406191765286,C
305828102,4,2.3268409414356483e-05,C
305828102,4,0.00011199069990808219,C
305828102,4,-7.969865065859949e-05,C
305828102,4,-0.00033571676571664266,C
2810604122,4,-5.973835065731237e-05,C
2810604122,4,-0.0008743515449363137,C
2810604122,4,5.1033911497078144e-05,C
2810604122,4,-8.340998871170235e-05,C
2810604122,4,-0.0007221792145658545,C
979999009,4,0.0010137585648068992,C
979999009,4,0.001075334073854406,C
979999009,4,0.0009604718323659167,C
979999009,4,0.0011287351466172657,C
979999009,4,0.0010951506785505938,C
4083722611,4,0.0,C
4083722611,4,0.0,C
4083722611,4,0.0,C
4083722611,4,0.0,C
4083722611,4,0.0,C
849275503,4,-0.0022848118226238556,N
849275503,4,0.0009008893625440662,N
849275503,4,0.0015527423676304775,N
849275503,4,-8.988161174783293e-06,N
849275503,4,-7.213291372309971e-05,N
3533643770,4,0.0002431136463660888,C
3533643770,4,-0.0002789229226757284,C
3533643770,4,2.778975057915467e-05,C
3533643770,4,0.00028275231365770814,C
3533643770,4,0.0002694565638232671,C
594486406,4,0.0,
594486406,4,0.0,
594486406,4,0.0,
594486406,4,0.0,
594486406,4,0.0,
2697642734,4,-3.391298307520163e-05,O
2697642734,4,2.7678439874057048e-05,O
2697642734,4,-3.2582404927428144e-05,O
2697642734,4,-4.084059793463268e-06,O
2697642734,4,1.972427654228781e-05,O
3345225135,4,-0.000979064676969843,N
3345225135,4,-0.0006370779463421572,N
3345225135,4,-0.00041012735955137103,N
3345225135,4,-0.00048256145753811097,N
3345225135,4,-0.000676098626510413,N
1348783936,4,-0.0007093475521152692,C
1348783936,4,-0.0009057256040341244,C
1348783936,4,-0.0006451063225372256,C
1348783936,4,-0.0011013512364648204,C
1348783936,4,-0.00012852824971187893,C
3848368466,4,-3.6463828448907165e-06,C
3848368466,4,-1.4959757553167918e-05,C
3848368466,4,-2.7911550412706987e-05,C
3848368466,4,-9.259198814337566e-06,C
3848368466,4,-1.810933317725194e-05,C
4130182993,4,0.0006320737905526341,C
4130182993,4,0.0007271408602278484,C
4130182993,4,-0.00022888219992567294,C
4130182993,4,0.00051775347326799,C
4130182993,4,0.0003651838101939031,C
994637429,4,-0.00020383611360141884,N
994637429,4,-0.00030901430318386325,N
994637429,4,-0.00026036500869575097,N
994637429,4,-0.00022787099463372762,N
994637429,4,-3.550331496660064e-05,N
1868697328,4,0.0,
1868697328,4,0.0,
1868697328,4,0.0,
1868697328,4,0.0,
1868697328,4,0.0,
485458970,4,-8.025285986723585e-05,F
485458970,4,-0.0010200526812845778,F
485458970,4,0.0004169693606056457,F
485458970,4,-0.00016896489874662635,F
485458970,4,-0.0009546050139992435,F
1971534293,4,0.0,O
1971534293,4,0.0,O
1971534293,4,0.0,O
1971534293,4,0.0,O
1971534293,4,0.0,O
2667063169,4,-9.80316128713632e-05,O
2667063169,4,-0.00020704601644161436,O
2667063169,4,-0.00019897912206545687,O
2667063169,4,-8.855787832107165e-05,O
2667063169,4,-0.00019810473664716444,O
831463242,4,-4.697455333468881e-05,N
831463242,4,-6.429754468284532e-05,N
831463242,4,-5.3663363452027824e-05,N
831463242,4,-4.806535986678906e-05,N
831463242,4,-8.012402046986278e-05,N
473978627,4,0.0020349428266136504,C
473978627,4,0.001270434134673315,C
473978627,4,0.0012711589678529034,C
473978627,4,0.0016848652010217346,C
473978627,4,0.000704646647972984,C
2251883808,4,-0.0005508196153451994,C
2251883808,4,-0.0022614824310973614,C
2251883808,4,5.3227677142553276e-06,C
2251883808,4,0.001561911280825612,C
2251883808,4,-0.00035756179197310445,C
2959332130,4,-0.00017437288634380987,C
2959332130,4,-0.00012025579062469038,C
2959332130,4,-0.0003459408073978043,C
2959332130,4,-0.00034564115371904514,C
2959332130,4,-0.0005205814001638664,C
256204769,4,-2.5019365942346994e-06,C
256204769,4,-2.1023165138744915e-06,C
256204769,4,-2.8957313069621904e-06,C
256204769,4,-2.5578866457154348e-06,C
256204769,4,-2.905829584398667e-06,C
2194376677,4,-0.0007064471980418041,C
2194376677,4,2.6041912795538025e-05,C
2194376677,4,-0.0009314837409343246,C
2194376677,4,-0.0007728912828539602,C
2194376677,4,-0.0013989184663860676,C
800085213,4,0.0001551379964809252,C
800085213,4,-0.0011647004681245576,C
800085213,4,-4.176136598355029e-05,C
800085213,4,-6.366055279583005e-05,C
800085213,4,-0.0003671149813934127,C
3705139132,4,0.00012655840430564336,C
3705139132,4,7.434788767879397e-05,C
3705139132,4,5.6294741887286115e-05,C
3705139132,4,0.00019933985584286162,C
3705139132,4,0.00010357193312027224,C
2834566420,4,-8.019842102102714e-05,C
2834566420,4,-9.440936675553235e-05,C
2834566420,4,7.440980903883343e-06,C
2834566420,4,-0.00010496013191207965,C
2834566420,4,-9.04838894609794e-05,C
3341916169,4,-0.0013291129058200513,C
3341916169,4,-0.00038422413387406706,C
3341916169,4,0.00014842474601695077,C
3341916169,4,0.0005286374548302275,C
3341916169,4,-0.0005828091560670101,C
1186654798,4,8.179247051320893e-06,C
1186654798,4,1.265515967174835e-05,C
1186654798,4,1.2457154934808479e-05,C
1186654798,4,3.23810479068154e-05,C
1186654798,4,3.0993225211828346e-06,C
215394313,4,0.00015677743036157654,C
215394313,4,0.0005823399405311402,C
215394313,4,-2.432612205449658e-06,C
215394313,4,0.00016140018836663383,C
215394313,4,-0.00019731996699923204,C
816543468,4,7.670124787617638e-05,C
816543468,4,0.00011047113603357417,C
816543468,4,4.427549110341822e-05,C
816543468,4,0.00016150787702706726,C
816543468,4,7.913357999556059e-05,C
3796970912,4,0.0012776983352321691,C
3796970912,4,0.0014062665803172836,C
3796970912,4,-0.0006979889553122565,C
3796970912,4,0.0008346048849818821,C
3796970912,4,6.97575876507095e-06,C
3028039221,4,-0.00016480898238457886,N
3028039221,4,-0.00029402803269529265,N
3028039221,4,0.0009421609462464398,N
3028039221,4,0.0004071130862763894,N
3028039221,4,0.00021438738857837425,N
2261212172,4,0.0,C
2261212172,4,0.0,C
2261212172,4,0.0,C
2261212172,4,0.0,C
2261212172,4,0.0,C
4182960975,4,0.0007709537900753016,C
4182960975,4,0.0002701995506898536,C
4182960975,4,0.00036922114644111215,C
4182960975,4,0.00030514611815124493,C
4182960975,4,-0.00012713729715640998,C
2438720939,4,0.0,C
2438720939,4,0.0,C
2438720939,4,0.0,C
2438720939,4,0.0,C
2438720939,4,0.0,C
1033192140,4,-3.327276431153159e-06,C
1033192140,4,-3.5406632308276897e-06,C
1033192140,4,2.7464190236026198e-05,C
1033192140,4,3.4706551287233545e-05,C
1033192140,4,2.0318128269081193e-05,C
1630528126,4,0.00037167898333023697,C
1630528126,4,0.0002945871956230306,C
1630528126,4,-0.0006141894020662564,C
1630528126,4,-2.4166056380336975e-05,C
1630528126,4,0.0004112795539379377,C
3974650111,4,-6.806601933750933e-06,C
3974650111,4,3.763302021075887e-05,C
3974650111,4,-1.187522629197968e-05,C
3974650111,4,-7.114449047551652e-06,C
3974650111,4,-4.212485694043977e-06,C
1910766508,4,0.0,C
1910766508,4,0.0,C
1910766508,4,0.0,C
1910766508,4,0.0,C
1910766508,4,0.0,C
4081537576,4,-0.0006356901358338662,C
4081537576,4,-0.0002756905997339798,C
4081537576,4,-0.0004113143826890431,C
4081537576,4,-0.0004706277961260552,C
4081537576,4,-0.00030336690773535846,C
1255595680,4,0.001097202108994666,C
1255595680,4,-0.0004215856052321998,C
1255595680,4,-0.0005449258234813126,C
1255595680,4,-0.0013440771744948066,C
1255595680,4,-0.00041866393825573667,C
1630260676,4,0.0005672940287717587,C
1630260676,4,0.0004910517158633887,C
1630260676,4,0.00015411501522288873,C
1630260676,4,-2.8536700055203923e-06,C
1630260676,4,0.00014746535091059165,C
3129492592,4,2.7475788907382892e-05,C
3129492592,4,-0.00010307090803096663,C
3129492592,4,0.0002230368896499746,C
3129492592,4,0.0002047327713606828,C
3129492592,4,-0.00021917393578185784,C
781912670,4,0.0,C
781912670,4,0.0,C
781912670,4,0.0,C
781912670,4,0.0,C
781912670,4,0.0,C
2487927669,4,0.0022463180727454457,C
2487927669,4,0.0018582524548422796,C
2487927669,4,0.002242510167060008,C
2487927669,4,0.002220965048072787,C
2487927669,4,0.0007695435043340026,C
3787488754,4,0.0,C
3787488754,4,0.0,C
3787488754,4,0.0,C
3787488754,4,0.0,C
3787488754,4,0.0,C
2308348490,4,0.0009559967836624272,C
2308348490,4,-0.0010935151466290316,C
2308348490,4,0.0017107887214555806,C
2308348490,4,0.00450374163558509,C
2308348490,4,0.0011940124808554886,C
2333272823,4,-0.00011314952811547485,C
2333272823,4,-3.236629754321818e-06,C
2333272823,4,0.00028090142813186336,C
2333272823,4,-2.3641836132903826e-05,C
2333272823,4,0.0003446185603616092,C
2812398603,4,-0.0007947430127056565,C
2812398603,4,-0.0008978896682019233,C
2812398603,4,-0.0006412114878743269,C
2812398603,4,-0.0010745264837477286,C
2812398603,4,-9.837870700113438e-05,C
2999514534,4,-0.00021080614578672385,C
2999514534,4,-0.00026906090743350486,C
2999514534,4,-0.0001900391123237366,C
2999514534,4,-5.422907010799172e-05,C
2999514534,4,2.1561343018450252e-05,C
3222770065,4,-0.0002596143619558733,C
3222770065,4,0.0009133231355423765,C
3222770065,4,0.0006379980242120498,C
3222770065,4,0.0007809139759097361,C
3222770065,4,0.0015142324878876234,C
3491109101,4,-8.946306864165976e-05,C
3491109101,4,6.274636487135776e-05,C
3491109101,4,-0.00021475259663017443,C
3491109101,4,5.004917517936747e-05,C
3491109101,4,-6.0844494952250194e-05,C
1255626466,4,-0.001842537429708968,N
1255626466,4,0.001964435663209807,N
1255626466,4,0.0012450060349377123,N
1255626466,4,0.0010041240776199611,N
1255626466,4,0.0007511672602741326,N
3289231689,4,-0.0018685073922724005,C
3289231689,4,-0.0012623667468733002,C
3289231689,4,-0.0017120394612729628,C
3289231689,4,-0.0008668837864423962,C
3289231689,4,-0.0019140210039639838,C
3745584548,4,0.0,C
3745584548,4,0.0,C
3745584548,4,0.0,C
3745584548,4,0.0,C
3745584548,4,0.0,C
1914229733,4,0.0,C
1914229733,4,0.0,C
1914229733,4,0.0,C
1914229733,4,0.0,C
1914229733,4,0.0,C
216545222,4,0.0006834149006496038,N
216545222,4,0.00021920008001119484,N
216545222,4,0.0004162962272695747,N
216545222,4,0.0005203785169275443,N
216545222,4,0.0002890430591825366,N
2331740049,4,-0.0002622985134907996,N
2331740049,4,-0.0001765719366483287,N
2331740049,4,-0.00030525607014120215,N
2331740049,4,-0.0001160743470739467,N
2331740049,4,-0.00031096343547065697,N
2355446912,4,0.0001178327383088984,C
2355446912,4,-0.0009182695679493813,C
2355446912,4,-2.405997808396787e-05,C
2355446912,4,0.00010575697394110684,C
2355446912,4,0.0007276802188533882,C
859799282,4,-1.2223343629713668e-05,C
859799282,4,-5.4211213466492936e-05,C
859799282,4,-1.9114534057784738e-05,C
859799282,4,-4.044472065301008e-05,C
859799282,4,-4.779932901344264e-05,C
3811375594,4,-0.0014150640251437974,C
3811375594,4,-0.0019497387956258772,C
3811375594,4,-0.0018309647341520074,C
3811375594,4,-0.0018047410406091258,C
3811375594,4,-0.002156631748186144,C
144568923,4,0.00016173636669214453,C
144568923,4,0.000267379662090228,C
144568923,4,8.312442420355115e-05,C
144568923,4,0.00017007843596239525,C
144568923,4,-0.00010799223370316913,C
2557045420,4,1.0289521273243452e-05,N
2557045420,4,3.3144371691440355e-05,N
2557045420,4,3.522559395729985e-05,N
2557045420,4,3.135151151290039e-05,N
2557045420,4,1.4710176606591574e-05,N
4265716399,4,0.000297677028411103,N
4265716399,4,0.001029207169261026,N
4265716399,4,0.001480675724650049,N
4265716399,4,0.0002529308946078723,N
4265716399,4,0.0003276275559915831,N
778974661,4,0.0,
778974661,4,0.0,
778974661,4,0.0,
778974661,4,0.0,
778974661,4,0.0,
3914061263,4,0.0,C
3914061263,4,0.0,C
3914061263,4,0.0,C
3914061263,4,0.0,C
3914061263,4,0.0,C
3330819572,4,0.0002108496645029101,C
3330819572,4,0.0010181995674790612,C
3330819572,4,0.00046973103046643594,C
3330819572,4,0.0011618248582775381,C
3330819572,4,0.0010341410647878302,C
1674219510,4,0.0,
1674219510,4,0.0,
1674219510,4,0.0,
1674219510,4,0.0,
1674219510,4,0.0,
2170404731,4,-0.0002909564105477713,C
2170404731,4,1.2918546202556058e-05,C
2170404731,4,-3.7692997784333215e-05,C
2170404731,4,0.0011763184962555462,C
2170404731,4,-0.00010452374208280713,C
3116051204,4,0.00014541896292896705,C
3116051204,4,8.922729286842124e-05,C
3116051204,4,0.00028355567180871066,C
3116051204,4,-0.0001050238262124692,C
3116051204,4,-0.00023857500398061227,C
493191496,4,6.972014103756585e-05,C
493191496,4,7.103506592553988e-05,C
493191496,4,0.0003579152232264793,C
493191496,4,0.00012577075548669825,C
493191496,4,0.00011175316464051566,C
851463431,4,0.0,C
851463431,4,0.0,C
851463431,4,0.0,C
851463431,4,0.0,C
851463431,4,0.0,C
2839110432,4,0.0001233570631268277,C
2839110432,4,0.0002341611718047476,C
2839110432,4,-1.3748246168621137e-05,C
2839110432,4,0.000166299798003533,C
2839110432,4,0.00031648885794532955,C
1913726790,4,-0.0026571494780109894,C
1913726790,4,-0.002716227171721264,C
1913726790,4,-0.0018967858718880182,C
1913726790,4,0.0002710057013225464,C
1913726790,4,-0.00046227981876256763,C
512485612,4,0.0,
512485612,4,0.0,
512485612,4,0.0,
512485612,4,0.0,
512485612,4,0.0,
3631761933,4,0.0,C
3631761933,4,0.0,C
3631761933,4,0.0,C
3631761933,4,0.0,C
3631761933,4,0.0,C
3254486562,4,0.0011823682918522538,C
3254486562,4,0.0008310537270240781,C
3254486562,4,0.0003551151512880546,C
3254486562,4,0.0009627073047839829,C
3254486562,4,0.0004719948032573251,C
1163048604,4,-0.0004514850925440017,C
1163048604,4,-0.00029538270376761044,C
1163048604,4,-0.0002216724563578465,C
1163048604,4,-0.0003519669560739791,C
1163048604,4,-0.00041026319743131534,C
265892994,4,-0.00022137179986425615,O
265892994,4,-0.00018219830043886276,O
265892994,4,-0.0001926169414203649,O
265892994,4,-0.0001958968604010014,O
265892994,4,-0.0002075057364588906,O
2328129879,4,4.098834580235078e-05,O
2328129879,4,0.0006122020569807596,O
2328129879,4,-0.000119764643279896,O
2328129879,4,0.0002280074212949179,O
2328129879,4,0.00030170248843952585,O
3048383039,4,-0.0003303349278405143,C
3048383039,4,-0.000287933656788919,C
3048383039,4,-0.0002578538990262169,C
3048383039,4,-0.00025560386515599554,C
3048383039,4,-0.00019755822663702904,C
1222631225,4,0.0001877738111694116,C
1222631225,4,0.0005920871710944908,C
1222631225,4,0.0005141274217271841,C
1222631225,4,0.0005267560938601035,C
1222631225,4,0.0003978194700157145,C
1272192549,4,5.973484022303577e-05,C
1272192549,4,-6.936115531708253e-05,C
1272192549,4,-0.00013475088290448856,C
1272192549,4,0.00011729937501148147,C
1272192549,4,-0.00015588187841453216,C
222023415,4,0.004678619798316297,N
222023415,4,0.007401104556001847,N
222023415,4,0.0073039982852599605,N
222023415,4,0.0021373043450770846,N
222023415,4,0.004023089228893606,N
617798156,4,0.0,O
617798156,4,0.0,O
617798156,4,0.0,O
617798156,4,0.0,O
617798156,4,0.0,O
190140222,4,-0.00025183320586408264,N
190140222,4,-0.00036859429006030897,N
190140222,4,-0.00014513752522271606,N
190140222,4,-0.0004849981869193831,N
190140222,4,-0.00017028132612650904,N
4180801603,4,-3.7545935042015977e-05,C
4180801603,4,0.000291341570621495,C
4180801603,4,0.0002443802297226183,C
4180801603,4,0.00020174353923352317,C
4180801603,4,0.00015826930626050562,C
3984860707,4,0.0,
3984860707,4,0.0,
3984860707,4,0.0,
3984860707,4,0.0,
3984860707,4,0.0,
3462308225,4,0.0024627915230192032,C
3462308225,4,0.004470933625523532,C
3462308225,4,0.002330622980008634,C
3462308225,4,0.0019195825302099623,C
3462308225,4,0.0010236388568068966,C
2355616982,4,0.00023593447441250248,C
2355616982,4,0.00023210883187507747,C
2355616982,4,0.0001315592608411853,C
2355616982,4,0.0006918259392750814,C
2355616982,4,0.00044856031699291865,C
4042373501,4,-6.530824516648437e-05,C
4042373501,4,-7.418284358362559e-05,C
4042373501,4,-5.7867539446587735e-05,C
4042373501,4,-7.960064461587368e-05,C
4042373501,4,-5.9703902030805445e-05,C
736514702,4,-0.0009199587035046974,O
736514702,4,-0.0009887103304051514,O
736514702,4,-0.0008435331648436462,O
736514702,4,-0.0024823646151693746,O
736514702,4,0.0013640908662926332,O
65941455,4,1.0425493130572505e-05,C
65941455,4,3.0411055826240485e-05,C
65941455,4,0.0003342507196741895,C
65941455,4,0.0014819885738459604,C
65941455,4,0.0013387096532865295,C
2411289135,4,0.0,
2411289135,4,0.0,
2411289135,4,0.0,
2411289135,4,0.0,
2411289135,4,0.0,
661888323,4,-2.577309317652876e-05,C
661888323,4,6.432135195910682e-05,C
661888323,4,-7.209270030861248e-05,C
661888323,4,1.802177126031257e-05,C
661888323,4,-7.176584422041721e-05,C
1909986973,4,-0.00023322592015706523,C
1909986973,4,-0.0002873364763893438,C
1909986973,4,-0.0002919388990025862,C
1909986973,4,-0.0001664372447928164,C
1909986973,4,-0.00031888037701544025,C
984189120,4,0.0,P
984189120,4,0.0,P
984189120,4,0.0,P
984189120,4,0.0,P
984189120,4,0.0,P
237615532,4,-3.6441093303918315e-05,C
237615532,4,0.0001962943734136191,C
237615532,4,-1.4367539000526008e-05,C
237615532,4,1.1727874395517368e-05,C
237615532,4,5.0743915197881684e-05,C
3598064087,4,0.00022891644951616996,C
3598064087,4,0.0006520127656213237,C
3598064087,4,0.00032062164469315313,C
3598064087,4,0.00022888787337371763,C
3598064087,4,0.0007763406830481046,C
1795978025,4,0.0005270432859221241,C
1795978025,4,0.00014247784638454775,C
1795978025,4,0.00042134473718580256,C
1795978025,4,-0.00018037161500150667,C
1795978025,4,-0.0002565540114792819,C
2235918822,4,0.0,O
2235918822,4,0.0,O
2235918822,4,0.0,O
2235918822,4,0.0,O
2235918822,4,0.0,O
1876820278,4,-2.4051577098282984e-05,C
1876820278,4,-1.8880820111921714e-05,C
1876820278,4,-3.278544351303925e-05,C
1876820278,4,-2.4051577098282984e-05,C
1876820278,4,-1.6206309137123398e-05,C
698395004,4,1.533996608094057e-05,C
698395004,4,-0.00038891288538978053,C
698395004,4,-0.0008237318059549636,C
698395004,4,-0.0001811891960978862,C
698395004,4,-0.0001130436100302834,C
1207774339,4,-0.00030943999841781533,C
1207774339,4,-0.0005590385275834331,C
1207774339,4,0.00027898788101177185,C
1207774339,4,3.0549007247859805e-05,C
1207774339,4,0.0002383635601725942,C
431202968,4,5.1236655952746624e-05,O
431202968,4,0.0002989133644223374,O
431202968,4,0.00038223453714292255,O
431202968,4,2.248432941298617e-05,O
431202968,4,-0.0004699030247481417,O
833901780,4,-0.0001667432467085117,N
833901780,4,8.468907264524983e-05,N
833901780,4,-0.0004136806354371192,N
833901780,4,-3.6237590725018975e-05,N
833901780,4,-0.0004296176201402657,N
1821698485,4,-0.00010988146794721487,C
1821698485,4,-0.0001153001280510546,C
1821698485,4,-4.3390449959046506e-05,C
1821698485,4,0.0003763729673927907,C
1821698485,4,0.00024765960735184667,C
1906719888,4,4.6972228126218596e-05,C
1906719888,4,5.086633129058882e-05,C
1906719888,4,-6.625214212785391e-05,C
1906719888,4,-1.7044447998326717e-05,C
1906719888,4,-8.845475672780712e-05,C
2809361097,4,0.0,C
2809361097,4,0.0,C
2809361097,4,0.0,C
2809361097,4,0.0,C
2809361097,4,0.0,C
2036328569,4,-0.0014259488590270264,C
2036328569,4,-0.0012455038064899115,C
2036328569,4,-0.0011071995610065777,C
2036328569,4,-0.0013900574018075318,C
2036328569,4,-0.0009339814012370162,C
2512623809,4,0.0,C
2512623809,4,0.0,C
2512623809,4,0.0,C
2512623809,4,0.0,C
2512623809,4,0.0,C
2817106133,4,0.0,
2817106133,4,0.0,
2817106133,4,0.0,
2817106133,4,0.0,
2817106133,4,0.0,
1754248939,4,5.161118581187285e-05,C
1754248939,4,4.613216741733428e-05,C
1754248939,4,0.00010611915992220222,C
1754248939,4,0.0002863378804487393,C
1754248939,4,0.0002697099470816422,C
2635303940,4,-8.784796265981498e-06,C
2635303940,4,-1.5185072757772922e-05,C
2635303940,4,1.3745294078049142e-05,C
2635303940,4,-6.708015008682899e-06,C
2635303940,4,9.585085733010423e-06,C
1396348621,4,-2.8402965324136886e-06,C
1396348621,4,-1.3971655811517714e-05,C
1396348621,4,5.356833717495846e-06,C
1396348621,4,4.9004957289322526e-05,C
1396348621,4,-3.977616791162042e-06,C
2479916646,4,0.0010918586590399348,C
2479916646,4,6.190045360365826e-05,C
2479916646,4,-0.0012868027243357893,C
2479916646,4,-0.0006849502392151097,C
2479916646,4,-0.0010584058861347057,C
4282315164,4,0.00033855547062544566,N
4282315164,4,0.0018267265355600415,N
4282315164,4,0.0005794382173511803,N
4282315164,4,0.001224226825629171,N
4282315164,4,0.0015248961791364257,N
2486266314,4,-0.0013149630776585486,C
2486266314,4,-0.001491589812516736,C
2486266314,4,-0.0006387643588379177,C
2486266314,4,-0.0006415311788480205,C
2486266314,4,-0.001755020882218683,C
1019269664,4,0.0016351356557281482,N
1019269664,4,0.0012364417547313655,N
1019269664,4,0.000264365477860129,N
1019269664,4,0.0008932167779199807,N
1019269664,4,-0.0003606464012521071,N
3118635600,4,0.0,C
3118635600,4,0.0,C
3118635600,4,0.0,C
3118635600,4,0.0,C
3118635600,4,0.0,C
3218370331,4,0.0,
3218370331,4,0.0,
3218370331,4,0.0,
3218370331,4,0.0,
3218370331,4,0.0,
3044392905,4,-0.003615068755476236,N
3044392905,4,-0.0022376839830448025,N
3044392905,4,-0.003512979010727002,N
3044392905,4,-0.0008608974793659074,N
3044392905,4,-0.00011425973563439218,N
4194776273,4,0.002152990898100393,O
4194776273,4,0.003309693299548777,O
4194776273,4,0.0016007769457819787,O
4194776273,4,0.0023944129061252983,O
4194776273,4,0.0006177938974328834,O
263215426,4,0.0009370993157805652,C
263215426,4,0.00022047187431761817,C
263215426,4,0.0007383107858357496,C
263215426,4,0.0008565901429440359,C
263215426,4,0.0012981015334303514,C
2753863138,4,-0.000567106608380552,C
2753863138,4,-0.00011218974123694547,C
2753863138,4,-0.0003072959937274744,C
2753863138,4,-0.00048252173587182146,C
2753863138,4,-0.0005421742634337257,C
2699298541,4,0.0,
2699298541,4,0.0,
2699298541,4,0.0,
2699298541,4,0.0,
2699298541,4,0.0,
3308404410,4,-0.00122574238190154,C
3308404410,4,-0.0008219257321757656,C
3308404410,4,-0.0011260618654101995,C
3308404410,4,-0.0007713894748232475,C
3308404410,4,-0.000907250699716533,C
1446633534,4,0.0,C
1446633534,4,0.0,C
1446633534,4,0.0,C
1446633534,4,0.0,C
1446633534,4,0.0,C
2756489526,4,-0.00027658607053560047,C
2756489526,4,-0.0003629946071046497,C
2756489526,4,-0.00014762632107512275,C
2756489526,4,-0.0008061849212138705,C
2756489526,4,-0.0004042649441657886,C
913310822,4,0.000830756436734803,C
913310822,4,0.0012094716649343473,C
913310822,4,-7.533062879527819e-05,C
913310822,4,0.0004442341999290056,C
913310822,4,0.00045278981842711286,C
3561946030,4,-0.0004129309913484258,N
3561946030,4,-0.0005422274174975428,N
3561946030,4,-0.0006034320046782726,N
3561946030,4,0.0004690430227943798,N
3561946030,4,-0.00035559222742453933,N
3292836938,4,0.0,
3292836938,4,0.0,
3292836938,4,0.0,
3292836938,4,0.0,
3292836938,4,0.0,
3194612514,4,-4.966318734289654e-05,O
3194612514,4,4.779625866424553e-05,O
3194612514,4,-4.106027462968953e-05,O
3194612514,4,6.699292526035627e-05,O
3194612514,4,-3.240561154782551e-05,O
1822332700,4,0.0,C
1822332700,4,0.0,C
1822332700,4,0.0,C
1822332700,4,0.0,C
1822332700,4,0.0,C
2215059400,4,-9.249372079878082e-05,O
2215059400,4,-4.5865733207084425e-05,O
2215059400,4,-2.7420540951172967e-05,O
2215059400,4,-5.514595448496973e-05,O
2215059400,4,-2.9756957657167682e-05,O
773709216,4,-0.0009324012765067335,C
773709216,4,-0.0008013790627303674,C
773709216,4,-0.0009005429999187076,C
773709216,4,-0.0002831231317607097,C
773709216,4,-0.00039176194332080083,C
2530377886,4,0.004732852411996502,N
2530377886,4,0.0056895361767320685,N
2530377886,4,0.0020351908783974304,N
2530377886,4,0.003547302619235859,N
2530377886,4,0.0013390570163399618,N
2850656190,4,-0.0002262890471655954,C
2850656190,4,-0.0004565674514871443,C
2850656190,4,-0.00014654209728859335,C
2850656190,4,0.00038789585359055856,C
2850656190,4,-0.00015646009528669236,C
1376881293,4,4.173932544193626e-05,C
1376881293,4,-8.60126247681503e-06,C
1376881293,4,4.45699064581806e-05,C
1376881293,4,4.3989519700637914e-05,C
1376881293,4,1.7341106711143972e-05,C
1214060489,4,0.00022549696371343408,C
1214060489,4,9.697797954100196e-05,C
1214060489,4,9.583005692326285e-05,C
1214060489,4,-3.2701855320893536e-05,C
1214060489,4,-0.00023867157594581467,C
4203454020,4,0.0001650035982585507,C
4203454020,4,9.604481597746961e-05,C
4203454020,4,-7.915585304474337e-05,C
4203454020,4,0.00020558342457099865,C
4203454020,4,-1.2105914272919627e-05,C
3034212252,4,-0.0004970956073417909,C
3034212252,4,-6.45303801721786e-05,C
3034212252,4,0.0003070139018389595,C
3034212252,4,-0.0001646945341814421,C
3034212252,4,-1.5470286557572877e-05,C
3044751281,4,0.006509762386214035,N
3044751281,4,0.004856656496785239,N
3044751281,4,0.008423116315194767,N
3044751281,4,0.005432911822604525,N
3044751281,4,0.004054306439413402,N
1292826808,4,0.00013241326028778921,C
1292826808,4,0.00021332348378810817,C
1292826808,4,6.67862610853609e-05,C
1292826808,4,-6.122159085053536e-05,C
1292826808,4,-1.1731531816217e-05,C
950023157,4,-0.0003434458426254672,C
950023157,4,-1.0524050484073122e-05,C
950023157,4,-0.0008111210050899542,C
950023157,4,-0.0012801495415284414,C
950023157,4,0.0005697929862106266,C
1187730664,4,-0.0002910624056038369,C
1187730664,4,-0.001254296802086996,C
1187730664,4,-0.0004485567675316382,C
1187730664,4,-0.0003359346308542399,C
1187730664,4,-0.0006023112017110588,C
4039837947,4,-0.00015478999107954028,F
4039837947,4,-3.6140461999178974e-05,F
4039837947,4,-0.00022061419468322185,F
4039837947,4,-0.0001627902350578303,F
4039837947,4,-0.00012827227997835866,F
773607102,4,-0.00027134474986312274,C
773607102,4,-0.00026790994913050703,C
773607102,4,-0.00028548158542318625,C
773607102,4,-0.00023234068227762084,C
773607102,4,-0.0001641920423304244,C
2246997334,4,-0.0006145332555905769,C
2246997334,4,-0.0020210223795590343,C
2246997334,4,0.0003116479922596893,C
2246997334,4,-0.002232462253351719,C
2246997334,4,-0.001286749405990495,C
714711401,4,0.0031532077843857698,C
714711401,4,0.00186689435775933,C
714711401,4,0.0037482290816901465,C
714711401,4,0.003334490515137789,C
714711401,4,0.0006973007002136766,C
1710869618,4,-4.818819636431826e-06,C
1710869618,4,-0.00015214908380778436,C
1710869618,4,-7.996939009768944e-06,C
1710869618,4,-8.078765627828055e-05,C
1710869618,4,1.3525661487490126e-06,C
2549196227,4,-4.422957676764039e-05,C
2549196227,4,5.375251896699851e-05,C
2549196227,4,5.873018537805308e-05,C
2549196227,4,5.749091986029242e-06,C
2549196227,4,-2.3829650156348414e-05,C
2856245513,4,-1.6042784503844665e-05,C
2856245513,4,2.8136769321451816e-05,C
2856245513,4,5.993035063844854e-05,C
2856245513,4,6.444256926307901e-05,C
2856245513,4,6.531191991676621e-07,C
1999077141,4,0.0,
1999077141,4,0.0,
1999077141,4,0.0,
1999077141,4,0.0,
1999077141,4,0.0,
817588605,4,-0.0002636835539364668,C
817588605,4,-0.001068186704716756,C
817588605,4,0.00012731047978076226,C
817588605,4,-0.0011975300530674415,C
817588605,4,-0.0002748286376664799,C
3430642422,4,-2.1461195196970095e-05,C
3430642422,4,5.568541335820854e-07,C
3430642422,4,4.71256529973596e-05,C
3430642422,4,6.138648490816578e-05,C
3430642422,4,8.727298201116618e-06,C
1528304983,4,0.0002041942143315989,N
1528304983,4,-0.000154784068866598,N
1528304983,4,-0.00016759698463120198,N
1528304983,4,-0.00029628730083108845,N
1528304983,4,-0.0004244658756388242,N
3873941611,4,0.00022107838879592556,C
3873941611,4,0.0001623876145562253,C
3873941611,4,-4.9024244350381885e-05,C
3873941611,4,-6.520982555968668e-05,C
3873941611,4,9.437622830354986e-05,C
2687950697,4,0.0007106561857747051,C
2687950697,4,0.0008912717124281988,C
2687950697,4,5.7064255666539054e-05,C
2687950697,4,0.000401916569876537,C
2687950697,4,0.0005818199289383541,C
109461427,4,0.0005070815029446507,C
109461427,4,0.0005549402276648907,C
109461427,4,0.0006208413701500604,C
109461427,4,0.0005378655355009476,C
109461427,4,0.0009763888160377876,C
2950679810,4,1.1787616397640477e-05,O
2950679810,4,-5.3088921711075265e-05,O
2950679810,4,4.2519447104316654e-05,O
2950679810,4,0.0001121082324756495,O
2950679810,4,-3.286937729241046e-05,O
2914536168,4,0.000505966591535123,C
2914536168,4,-0.0004975434853062843,C
2914536168,4,0.00036254917658196106,C
2914536168,4,-2.3358277495777457e-05,C
2914536168,4,0.000617305562699566,C
1530636652,4,0.0,C
1530636652,4,0.0,C
1530636652,4,0.0,C
1530636652,4,0.0,C
1530636652,4,0.0,C
3043679972,4,0.0,C
3043679972,4,0.0,C
3043679972,4,0.0,C
3043679972,4,0.0,C
3043679972,4,0.0,C
2529809651,4,0.0,C
2529809651,4,0.0,C
2529809651,4,0.0,C
2529809651,4,0.0,C
2529809651,4,0.0,C
1924383628,4,-5.39808378041684e-06,C
1924383628,4,-6.111712340661768e-06,C
1924383628,4,-2.293603003455935e-05,C
1924383628,4,6.704051449646364e-06,C
1924383628,4,-2.0479665817085824e-05,C
4003049590,4,0.0,C
4003049590,4,0.0,C
4003049590,4,0.0,C
4003049590,4,0.0,C
4003049590,4,0.0,C
1026654305,4,0.0,S
1026654305,4,0.0,S
1026654305,4,0.0,S
1026654305,4,0.0,S
1026654305,4,0.0,S
1542631284,4,7.546499192456757e-05,O
1542631284,4,5.731907659511926e-06,O
1542631284,4,0.00036339207291835596,O
1542631284,4,-5.5765722257294925e-05,O
1542631284,4,0.00010114958123086382,O
1349670121,4,0.0,C
1349670121,4,0.0,C
1349670121,4,0.0,C
1349670121,4,0.0,C
1349670121,4,0.0,C
895118200,4,-0.0002498084252272603,N
895118200,4,-0.00013366322431873634,N
895118200,4,-0.00016435442033857495,N
895118200,4,-0.0002983002746279606,N
895118200,4,-0.00044887434657003844,N
269171368,4,0.0020316072702970533,C
269171368,4,0.0018467774289021577,C
269171368,4,0.0002960819432368256,C
269171368,4,0.0013205691700800548,C
269171368,4,0.001046337394139396,C
1583930800,4,0.0,C
1583930800,4,0.0,C
1583930800,4,0.0,C
1583930800,4,0.0,C
1583930800,4,0.0,C
738150152,4,-0.0012117728505836034,O
738150152,4,-0.0025389178924778433,O
738150152,4,-0.0007086899635864174,O
738150152,4,-0.0019602759254894186,O
738150152,4,-0.0018592009688035427,O
1168541985,4,-0.0017832467457911116,C
1168541985,4,-0.0012178733216317017,C
1168541985,4,-0.0003372996246157056,C
1168541985,4,-0.00018336087507364596,C
1168541985,4,-0.001185507511265893,C
2747850234,4,0.00011788038097770848,C
2747850234,4,9.583517712008494e-05,C
2747850234,4,0.0003006047221102426,C
2747850234,4,0.0005448093221499528,C
2747850234,4,0.0004604379472814557,C
3134313966,4,6.076386828901548e-05,O
3134313966,4,-0.0005265547220657529,O
3134313966,4,-0.00024402191890904312,O
3134313966,4,-2.907925407136247e-06,O
3134313966,4,0.0005769546224063671,O
1503972698,4,-0.001146626819580998,C
1503972698,4,-0.00014539444651406885,C
1503972698,4,-0.0005934493904246052,C
1503972698,4,-0.0020630040958208307,C
1503972698,4,-0.001379222128469304,C
892756502,4,-2.568666379132445e-05,C
892756502,4,8.581135085050651e-05,C
892756502,4,2.00140061044074e-05,C
892756502,4,0.00014017739454652567,C
892756502,4,6.0050334666827965e-05,C
3136829774,4,0.0006483231699033754,N
3136829774,4,0.0009577842094977695,N
3136829774,4,0.00044578001707329395,N
3136829774,4,0.0006954865377899466,N
3136829774,4,-1.1998393316337008e-05,N
3143719699,4,0.0014697507258213394,C
3143719699,4,0.0028328685408001153,C
3143719699,4,0.0032331496930125825,C
3143719699,4,0.001196859245110704,C
3143719699,4,0.0014948837063264442,C
1360035982,4,0.00011719673681287457,N
1360035982,4,0.000346052442282585,N
1360035982,4,-3.253400740621526e-05,N
1360035982,4,-7.414547685968831e-05,N
1360035982,4,-0.00011225791911573246,N
908339072,4,-0.00042651241641378235,C
908339072,4,-0.002020213799954207,C
908339072,4,0.00048217224599589326,C
908339072,4,0.0002958806898561983,C
908339072,4,-0.0023351537607504413,C
974827889,4,-0.0004736783441132708,C
974827889,4,3.430562947359661e-05,C
974827889,4,-0.00047752685999213895,C
974827889,4,-0.00016368668076960358,C
974827889,4,-4.928011749727457e-05,C
1343371647,4,0.00020940690252091443,N
1343371647,4,0.0002011896616361808,N
1343371647,4,-0.00021857076185460844,N
1343371647,4,3.83902358134236e-05,N
1343371647,4,0.0001762527887005927,N
2669055056,4,0.0,N
2669055056,4,0.0,N
2669055056,4,0.0,N
2669055056,4,0.0,N
2669055056,4,0.0,N
2341585586,4,0.0003972597680912404,N
2341585586,4,-0.0004505527682628907,N
2341585586,4,0.00042706369640499453,N
2341585586,4,0.00011663079418477995,N
2341585586,4,0.0002883447984791676,N
934540015,4,2.0077432532406014e-05,C
934540015,4,0.00031094269532561114,C
934540015,4,0.0003872580780395207,C
934540015,4,8.161984042520665e-06,C
934540015,4,0.0001170559906877866,C
3794207567,4,0.00010018299935243835,C
3794207567,4,-0.00022451707571746748,C
3794207567,4,-0.001363671936020494,C
3794207567,4,-0.001414315748355044,C
3794207567,4,-0.001666212448760307,C
3278587996,4,0.003623688999515262,C
3278587996,4,0.0039592638378439515,C
3278587996,4,0.003202902656901929,C
3278587996,4,0.0036290445522750847,C
3278587996,4,0.0019538017625301274,C
4223108416,4,1.592313788478794e-05,C
4223108416,4,0.0007287553180709283,C
4223108416,4,0.0009718780328105137,C
4223108416,4,-0.00046807090863931755,C
4223108416,4,0.0006468830204752196,C
1131570738,4,0.0003775996456074626,N
1131570738,4,0.000544503250494377,N
1131570738,4,-0.00026918270655351684,N
1131570738,4,0.000261219804338797,N
1131570738,4,-0.0012846169006108799,N
2258843522,4,0.0,C
2258843522,4,0.0,C
2258843522,4,0.0,C
2258843522,4,0.0,C
2258843522,4,0.0,C
4257302536,4,-2.1999346048628965e-05,N
4257302536,4,3.8113513206372573e-05,N
4257302536,4,-0.0001085396691083984,N
4257302536,4,0.00031810913222196646,N
4257302536,4,-0.0001274337793302216,N
2840370843,4,-0.0015276930460822458,C
2840370843,4,-0.001086576246072446,C
2840370843,4,-0.001062663650308826,C
2840370843,4,-0.002064866243671193,C
2840370843,4,-0.0020364599417509455,C
1420730566,4,0.0,C
1420730566,4,0.0,C
1420730566,4,0.0,C
1420730566,4,0.0,C
1420730566,4,0.0,C
434045476,4,-9.26801984693082e-05,O
434045476,4,-3.862242385055392e-05,O
434045476,4,3.2303114102516517e-06,O
434045476,4,-7.058139337368097e-05,O
434045476,4,-4.782755463672572e-06,O
894436332,4,-0.0005512795332253129,N
894436332,4,-0.00090719336451206,N
894436332,4,-0.0007681991991179693,N
894436332,4,-0.0005359772645889826,N
894436332,4,-0.0010828330594968572,N
3117292559,4,-0.00016270201634838166,C
3117292559,4,-0.0003723171810858794,C
3117292559,4,-0.00028657633276141237,C
3117292559,4,-0.0003052853479176276,C
3117292559,4,7.95969859295198e-05,C
1923187777,4,0.0005689733068097169,N
1923187777,4,0.00045652594835998705,N
1923187777,4,0.0001836895783339232,N
1923187777,4,0.00030444614202562725,N
1923187777,4,0.00044284361441060405,N
2530048747,4,0.000868851508372126,N
2530048747,4,-0.0005742544553463125,N
2530048747,4,0.0007494348365825187,N
2530048747,4,0.001085813671635516,N
2530048747,4,0.0008717753660409944,N
622481563,4,0.00017744443216094474,C
622481563,4,0.0005341651767272193,C
622481563,4,0.0004297239014170451,C
622481563,4,0.0004442718161639103,C
622481563,4,0.001321884671484752,C
1922070456,4,0.00025285514793682573,C
1922070456,4,0.0001886837285758336,C
1922070456,4,0.00017509779699509398,C
1922070456,4,-4.962101199867952e-05,C
1922070456,4,0.0002197719225480732,C
3995043796,4,0.00039100718448170646,C
3995043796,4,-0.0004186346095987892,C
3995043796,4,0.0005297499886491863,C
3995043796,4,0.00038122948329000206,C
3995043796,4,0.0001471686289822305,C
2065735937,4,0.00011077176627871665,C
2065735937,4,0.00024224588076804388,C
2065735937,4,0.00029467541956684773,C
2065735937,4,0.0002777786313798991,C
2065735937,4,-3.471107988395339e-05,C
3308295291,4,1.7046876055859528e-05,C
3308295291,4,0.00022861329540813102,C
3308295291,4,2.9469073951848834e-05,C
3308295291,4,7.130282365419571e-05,C
3308295291,4,4.437271830293188e-05,C
584893129,4,-8.593025260239529e-07,C
584893129,4,-1.1568266796380122e-05,C
584893129,4,1.0732964519699628e-05,C
584893129,4,-1.054775452202783e-05,C
584893129,4,-1.4586905048408205e-05,C
413654173,4,-0.00010049036266546185,C
413654173,4,-0.00032983401946518054,C
413654173,4,-0.0005914645302886878,C
413654173,4,-0.0003649185138377975,C
413654173,4,-0.00040552135984761595,C
68671624,4,0.0,C
68671624,4,0.0,C
68671624,4,0.0,C
68671624,4,0.0,C
68671624,4,0.0,C
2488692798,4,0.0014967774259225797,C
2488692798,4,0.0009170135303703253,C
2488692798,4,0.0027347501000158925,C
2488692798,4,0.001113431945573451,C
2488692798,4,0.002205851417625304,C
3084241488,4,-2.4936413018372683e-05,C
3084241488,4,-5.168720669612714e-05,C
3084241488,4,-9.876091131622022e-05,C
3084241488,4,-0.00011699854720759184,C
3084241488,4,1.120604091531252e-05,C
4158944142,4,0.0003581839445345736,C
4158944142,4,0.0005282096573983042,C
4158944142,4,0.000400075484834006,C
4158944142,4,0.000357353025237539,C
4158944142,4,0.0005321921061244295,C
1469940320,4,-0.0002293805350551681,C
1469940320,4,-0.00017868062269532636,C
1469940320,4,-1.0574232596871624e-05,C
1469940320,4,-0.0003501654439556079,C
1469940320,4,-0.0001724275081894655,C
662511025,4,0.0008461150313082699,N
662511025,4,0.0011138865681139531,N
662511025,4,0.001414487617485083,N
662511025,4,0.0018279476301920061,N
662511025,4,0.0009144428735760046,N
2908279847,4,-5.8411798423918526e-05,C
2908279847,4,-0.00016924115507699344,C
2908279847,4,-8.152497994762253e-05,C
2908279847,4,-8.062816071974233e-05,C
2908279847,4,-6.644798990518286e-05,C
68650007,4,8.036254672971754e-05,C
68650007,4,0.0014353200619177109,C
68650007,4,0.0003551440318805277,C
68650007,4,-0.0005922425149735844,C
68650007,4,0.0029634484344642775,C
3337420400,4,0.0007733346698280963,C
3337420400,4,0.0007570491500847876,C
3337420400,4,0.0009378329513450856,C
3337420400,4,0.0006308138059708535,C
3337420400,4,0.0006969320949528068,C
1979311206,4,0.0,O
1979311206,4,0.0,O
1979311206,4,0.0,O
1979311206,4,0.0,O
1979311206,4,0.0,O
2849741637,4,3.576935700722039e-05,C
2849741637,4,6.476063144711386e-05,C
2849741637,4,6.0022005829662994e-05,C
2849741637,4,4.2714259244402975e-05,C
2849741637,4,2.7632846349767703e-05,C
1664608228,4,-0.00023349899779567806,C
1664608228,4,0.00012094836474185744,C
1664608228,4,2.2714467556972373e-05,C
1664608228,4,7.512988805646881e-05,C
1664608228,4,-0.00022732333527630821,C
1121298566,4,0.0,C
1121298566,4,0.0,C
1121298566,4,0.0,C
1121298566,4,0.0,C
1121298566,4,0.0,C
3531344838,4,-0.00015305839366530627,S
3531344838,4,-0.0012895981193875583,S
3531344838,4,-0.0022359273196084217,S
3531344838,4,-0.0018426907012475402,S
3531344838,4,-0.000872878065265259,S
3273018953,4,0.0002913640577334453,C
3273018953,4,0.0006038875428516777,C
3273018953,4,0.0010872410629304552,C
3273018953,4,0.0005571197554239404,C
3273018953,4,-0.00010368144616101915,C
2034850751,4,0.0,C
2034850751,4,0.0,C
2034850751,4,0.0,C
2034850751,4,0.0,C
2034850751,4,0.0,C
4104822550,4,0.0,C
4104822550,4,0.0,C
4104822550,4,0.0,C
4104822550,4,0.0,C
4104822550,4,0.0,C
1704599822,4,-0.0004754057027243075,C
1704599822,4,-0.0007411441914594308,C
1704599822,4,-0.00031137233978040246,C
1704599822,4,-0.0006513498113062122,C
1704599822,4,-0.000910535168518245,C
3019519651,4,5.621125970201035e-05,C
3019519651,4,0.000434149317118937,C
3019519651,4,0.0004921288004862134,C
3019519651,4,9.14168988875863e-05,C
3019519651,4,0.0003060978146303128,C
3781885420,4,0.0006472981593438343,N
3781885420,4,0.0004453434086312269,N
3781885420,4,-0.0002546619271780459,N
3781885420,4,4.8376481113443504e-05,N
3781885420,4,9.143094675745367e-05,N
579898624,4,0.0001672290020242606,C
579898624,4,0.000227638807585806,C
579898624,4,7.064177709104058e-05,C
579898624,4,0.00017289688909072343,C
579898624,4,2.1557613911982187e-05,C
899522708,4,0.0,
899522708,4,0.0,
899522708,4,0.0,
899522708,4,0.0,
899522708,4,0.0,
550081331,4,-0.003425604441692709,C
550081331,4,-0.001971962695091478,C
550081331,4,0.00047043624053155764,C
550081331,4,0.0014604878978972113,C
550081331,4,0.00045624823080092636,C
104363044,4,-0.0005349848776166066,N
104363044,4,-0.00045567992092498955,N
104363044,4,-0.00011297066812410161,N
104363044,4,-0.0007913378223654011,N
104363044,4,-0.0004603754461808274,N
2072239802,4,-3.24011312720085e-05,C
2072239802,4,-6.559585127807743e-05,C
2072239802,4,0.00014817785043130804,C
2072239802,4,1.1813681181971347e-05,C
2072239802,4,0.0003344311829232005,C
3394178578,4,0.0001422411543815505,C
3394178578,4,0.00022420187949179216,C
3394178578,4,0.0001622569032222465,C
3394178578,4,0.00020665484301951587,C
3394178578,4,0.0003574849787580936,C
2013664411,4,0.00029877571471492725,C
2013664411,4,8.177307654544386e-05,C
2013664411,4,0.0003318907204166166,C
2013664411,4,0.00017096186989140616,C
2013664411,4,0.00017800663434452968,C
3346582092,4,0.0025439692922704094,N
3346582092,4,-0.0008157461722277937,N
3346582092,4,0.002713238672915619,N
3346582092,4,0.0012415535667376076,N
3346582092,4,0.0015849926874608178,N
4291484675,4,0.0,N
4291484675,4,0.0,N
4291484675,4,0.0,N
4291484675,4,0.0,N
4291484675,4,0.0,N
3275683399,4,0.000216456663631015,N
3275683399,4,-1.419560418047805e-05,N
3275683399,4,9.643682097193462e-05,N
3275683399,4,1.9735145020183253e-05,N
3275683399,4,6.314422718034507e-08,N
2775257855,4,-0.0016081448438038937,C
2775257855,4,-0.0010247926369592042,C
2775257855,4,-0.0005354791667810943,C
2775257855,4,3.779408806225959e-05,C
2775257855,4,9.329574834482379e-05,C
2810421479,4,0.0,O
2810421479,4,0.0,O
2810421479,4,0.0,O
2810421479,4,0.0,O
2810421479,4,0.0,O
2662374534,4,0.0,C
2662374534,4,0.0,C
2662374534,4,0.0,C
2662374534,4,0.0,C
2662374534,4,0.0,C
3461773897,4,0.004840971863906862,N
3461773897,4,0.00518322715480779,N
3461773897,4,0.00495026091067019,N
3461773897,4,0.006173732355073014,N
3461773897,4,0.0036741515373550637,N
344019891,4,0.0009045866667954927,N
344019891,4,0.0014363404974380156,N
344019891,4,0.0006904078247405021,N
344019891,4,0.001204963143403348,N
344019891,4,0.00030693665295633554,N
3402570011,4,7.758865737861331e-05,C
3402570011,4,-0.0002020075697705126,C
3402570011,4,1.1697017058609482e-05,C
3402570011,4,-9.016421739893588e-05,C
3402570011,4,7.3458516429703025e-06,C
1199016914,4,0.0002516529697628167,C
1199016914,4,9.600024818134933e-05,C
1199016914,4,0.00013728293082859722,C
1199016914,4,0.00011578137664347565,C
1199016914,4,0.00015980164736384417,C
1714595447,4,6.0031079709421675e-06,C
1714595447,4,-0.00017765538408553994,C
1714595447,4,-6.094111805654556e-05,C
1714595447,4,-0.0002747639906711674,C
1714595447,4,4.059099163944424e-05,C
871396902,4,0.0,C
871396902,4,0.0,C
871396902,4,0.0,C
871396902,4,0.0,C
871396902,4,0.0,C
2845936339,4,5.412898329659743e-05,C
2845936339,4,-2.0535290203849144e-06,C
2845936339,4,0.00014377991421299363,C
2845936339,4,2.4504269882319463e-05,C
2845936339,4,5.203342015003276e-05,C
3880022399,4,0.0,C
3880022399,4,0.0,C
3880022399,4,0.0,C
3880022399,4,0.0,C
3880022399,4,0.0,C
410310586,4,0.0005933367761461472,C
410310586,4,0.0003421042687671294,C
410310586,4,0.00024461673709796905,C
410310586,4,0.00034084035738890517,C
410310586,4,0.0002621680359984335,C
2612409031,4,7.981741340157278e-05,C
2612409031,4,-0.00011295827497159738,C
2612409031,4,3.9454365174496075e-05,C
2612409031,4,-0.00017632054471417025,C
2612409031,4,-9.030701835721633e-05,C
2375987095,4,0.00022637792898938525,C
2375987095,4,0.0003597456475047389,C
2375987095,4,0.0004348436115891863,C
2375987095,4,0.00045982549181600163,C
2375987095,4,0.00036687743969310294,C
1294138518,4,0.0,S
1294138518,4,0.0,S
1294138518,4,0.0,S
1294138518,4,0.0,S
1294138518,4,0.0,S
293971392,4,0.0007768655886588594,N
293971392,4,-0.0002656944994730015,N
293971392,4,0.000378368794857753,N
293971392,4,0.0002563997604667634,N
293971392,4,0.0005721338765422024,N
4036774035,4,0.0,
4036774035,4,0.0,
4036774035,4,0.0,
4036774035,4,0.0,
4036774035,4,0.0,
1010142783,4,5.230655848564858e-05,O
1010142783,4,-2.8405381024665388e-05,O
1010142783,4,-6.154528680157867e-05,O
1010142783,4,-9.607779060716304e-05,O
1010142783,4,1.36646697030951e-05,O
3120364749,4,0.0,
3120364749,4,0.0,
3120364749,4,0.0,
3120364749,4,0.0,
3120364749,4,0.0,
3662562115,4,-0.000735370427065174,C
3662562115,4,0.000721885605531325,C
3662562115,4,0.0011447466298183384,C
3662562115,4,0.0006980303111968622,C
3662562115,4,0.0009788853383999596,C
3921298496,4,0.0,C
3921298496,4,0.0,C
3921298496,4,0.0,C
3921298496,4,0.0,C
3921298496,4,0.0,C
737501821,4,0.0,C
737501821,4,0.0,C
737501821,4,0.0,C
737501821,4,0.0,C
737501821,4,0.0,C
2024004397,4,-0.0001613854427185979,N
2024004397,4,-2.2555929121703677e-05,N
2024004397,4,6.905471536411412e-05,N
2024004397,4,-0.0002569423834927198,N
2024004397,4,5.73872870832659e-05,N
751208592,4,0.0,C
751208592,4,0.0,C
751208592,4,0.0,C
751208592,4,0.0,C
751208592,4,0.0,C
3953445033,4,0.00016238096716636452,S
3953445033,4,0.0008997812941916594,S
3953445033,4,0.0002417670228130886,S
3953445033,4,-0.00015294337690674453,S
3953445033,4,0.00025761511938771076,S
497870099,4,-0.001386972682458243,C
497870099,4,-0.0004125580239446869,C
497870099,4,-0.00010449289476177626,C
497870099,4,-7.070098368922029e-05,C
497870099,4,-0.00019779278439158166,C
3417531975,4,0.0,C
3417531975,4,0.0,C
3417531975,4,0.0,C
3417531975,4,0.0,C
3417531975,4,0.0,C
1044405971,4,0.0,C
1044405971,4,0.0,C
1044405971,4,0.0,C
1044405971,4,0.0,C
1044405971,4,0.0,C
2394338241,4,-0.003045123289350138,C
2394338241,4,-0.003525437835325995,C
2394338241,4,-0.0025998859842911726,C
2394338241,4,-0.003213585924773499,C
2394338241,4,-0.0033577867589368315,C
1271691605,4,-0.0014042679169161687,S
1271691605,4,0.00033072953331092503,S
1271691605,4,0.0005486291445967462,S
1271691605,4,-0.0008284308179929978,S
1271691605,4,-4.643530719083966e-05,S
3643491447,4,0.0008994667772201925,C
3643491447,4,0.0006738871958428261,C
3643491447,4,0.00022282353631608576,C
3643491447,4,0.0006204070168188691,C
3643491447,4,0.00047654181915990357,C
21411075,4,0.0,
21411075,4,0.0,
21411075,4,0.0,
21411075,4,0.0,
21411075,4,0.0,
413381818,4,-1.3895677216657631e-06,C
413381818,4,-1.2707251682009257e-05,C
413381818,4,2.8722541890457975e-06,C
413381818,4,3.921100582371384e-05,C
413381818,4,7.076047749521308e-06,C
3082607741,4,-1.2158447690091556e-05,C
3082607741,4,-4.593529577989752e-05,C
3082607741,4,0.000133464862127175,C
3082607741,4,-2.689511733267036e-05,C
3082607741,4,-3.646933397294383e-05,C
4216649732,4,0.0,S
4216649732,4,0.0,S
4216649732,4,0.0,S
4216649732,4,0.0,S
4216649732,4,0.0,S
371876130,4,0.0,C
371876130,4,0.0,C
371876130,4,0.0,C
371876130,4,0.0,C
371876130,4,0.0,C
1978844073,4,0.0,O
1978844073,4,0.0,O
1978844073,4,0.0,O
1978844073,4,0.0,O
1978844073,4,0.0,O
1671692019,4,-0.0005310019861839432,C
1671692019,4,0.0003439351868115281,C
1671692019,4,-0.000936372211017833,C
1671692019,4,-0.00020976625405932925,C
1671692019,4,-0.000668432603692648,C
2070976245,4,-2.0506005908860203e-06,C
2070976245,4,-2.256582568138654e-06,C
2070976245,4,-2.0345747859806806e-06,C
2070976245,4,-2.8959176221476923e-06,C
2070976245,4,-1.9865010209008105e-06,C
845764036,4,0.0,C
845764036,4,0.0,C
845764036,4,0.0,C
845764036,4,0.0,C
845764036,4,0.0,C
2559453089,4,-0.00027772875966192156,C
2559453089,4,-0.0005044056501943839,C
2559453089,4,-0.00026841698992430274,C
2559453089,4,0.0010222910122005269,C
2559453089,4,0.0017444507038735235,C
3286377484,4,0.0,C
3286377484,4,0.0,C
3286377484,4,0.0,C
3286377484,4,0.0,C
3286377484,4,0.0,C
2200148275,4,0.0,N
2200148275,4,0.0,N
2200148275,4,0.0,N
2200148275,4,0.0,N
2200148275,4,0.0,N
1962383056,4,0.0,N
1962383056,4,0.0,N
1962383056,4,0.0,N
1962383056,4,0.0,N
1962383056,4,0.0,N
3012778962,4,-6.987002063030268e-06,N
3012778962,4,-0.000719792126006702,N
3012778962,4,-0.0003569747270371071,N
3012778962,4,-0.00038202913524654214,N
3012778962,4,-0.00043095132584380913,N
1620258790,4,-1.212800597250041e-05,N
1620258790,4,9.836601291701719e-05,N
1620258790,4,4.6840479885124076e-05,N
1620258790,4,5.230685689161518e-05,N
1620258790,4,2.5979104138151854e-05,N
3372254436,4,-0.0006664746941110744,O
3372254436,4,-0.0005663833410108898,O
3372254436,4,-0.0004413923037778211,O
3372254436,4,-0.0009541868941124187,O
3372254436,4,0.0003086475590543536,O
330223697,4,8.779348769338835e-05,C
330223697,4,0.00013956186563723882,C
330223697,4,0.0003225641250762523,C
330223697,4,0.00018434927371835386,C
330223697,4,0.00023643428437436498,C
1208423463,4,-0.00013610660813279107,C
1208423463,4,-1.3645596701694629e-05,C
1208423463,4,-7.584224527978911e-05,C
1208423463,4,-0.0003234656594187646,C
1208423463,4,-0.0004520859663008636,C
141882433,4,-0.000149566881622043,C
141882433,4,-0.00037062199299309206,C
141882433,4,9.727464137054831e-05,C
141882433,4,-0.00010823944728610702,C
141882433,4,0.00020713221164947448,C
3727977332,4,-0.00047037859050580444,N
3727977332,4,-0.0007783000839107768,N
3727977332,4,-0.0017365310881515272,N
3727977332,4,-0.00046177406342695626,N
3727977332,4,0.00033938288554891116,N
535847852,4,2.776548185390304e-05,C
535847852,4,2.5913488971185394e-05,C
535847852,4,0.00016947233327802014,C
535847852,4,-9.047704005771262e-05,C
535847852,4,-3.2389999183979334e-05,C
422165373,4,0.0,C
422165373,4,0.0,C
422165373,4,0.0,C
422165373,4,0.0,C
422165373,4,0.0,C
176403689,4,0.0,
176403689,4,0.0,
176403689,4,0.0,
176403689,4,0.0,
176403689,4,0.0,
1735672143,4,-0.00019787851015862223,C
1735672143,4,-0.0021432550205044976,C
1735672143,4,-0.0015429630264954808,C
1735672143,4,0.0001599350400127708,C
1735672143,4,-0.0016922020062143384,C
1266193593,4,0.0,C
1266193593,4,0.0,C
1266193593,4,0.0,C
1266193593,4,0.0,C
1266193593,4,0.0,C
29410177,4,0.0,
29410177,4,0.0,
29410177,4,0.0,
29410177,4,0.0,
29410177,4,0.0,
808416955,4,3.3076750299732005e-05,S
808416955,4,3.551569809046029e-05,S
808416955,4,9.907789200991335e-05,S
808416955,4,8.982727152484493e-05,S
808416955,4,-1.9159690227144033e-05,S
1949014205,4,0.0,C
1949014205,4,0.0,C
1949014205,4,0.0,C
1949014205,4,0.0,C
1949014205,4,0.0,C
3431706413,4,0.0,C
3431706413,4,0.0,C
3431706413,4,0.0,C
3431706413,4,0.0,C
3431706413,4,0.0,C
150310,4,0.0008314773957518451,C
150310,4,-0.000602000746617648,C
150310,4,0.00023075661401417147,C
150310,4,-0.0011165232834536853,C
150310,4,0.0005596375606512494,C
465304290,4,-0.002053035442422413,C
465304290,4,0.0004400491382263727,C
465304290,4,-0.0021421901575179314,C
465304290,4,-0.0010661693363839264,C
465304290,4,-5.459433665944147e-05,C
3093061208,4,0.0,C
3093061208,4,0.0,C
3093061208,4,0.0,C
3093061208,4,0.0,C
3093061208,4,0.0,C
3012865236,4,3.2131911212984754e-05,N
3012865236,4,-1.8168849764910178e-05,N
3012865236,4,2.5912719148979413e-05,N
3012865236,4,-7.17591382489724e-05,N
3012865236,4,5.005692005521922e-05,N
792968423,4,0.0,C
792968423,4,0.0,C
792968423,4,0.0,C
792968423,4,0.0,C
792968423,4,0.0,C
170727310,4,-5.0764316394835696e-05,C
170727310,4,-0.0001846204838823473,C
170727310,4,1.348262376565934e-05,C
170727310,4,-7.714673769776415e-05,C
170727310,4,0.0002973667987042905,C
2459558207,4,0.0,C
2459558207,4,0.0,C
2459558207,4,0.0,C
2459558207,4,0.0,C
2459558207,4,0.0,C
1323888424,4,0.0021946964107459888,N
1323888424,4,0.0019213122661519977,N
1323888424,4,0.001293711913397888,N
1323888424,4,0.0035674161997364395,N
1323888424,4,0.0011487396079424839,N
2975116251,4,-0.00038809886184187903,N
2975116251,4,-8.264326637907882e-05,N
2975116251,4,-3.858875578022225e-05,N
2975116251,4,-0.00022207493540638001,N
2975116251,4,-2.832460385271407e-05,N
1819912581,4,-0.0012510889386124768,C
1819912581,4,-0.0011503633969697225,C
1819912581,4,-0.0013394059406263148,C
1819912581,4,-0.0009645664489497108,C
1819912581,4,-0.0010242630635807215,C
335878828,4,0.0,
335878828,4,0.0,
335878828,4,0.0,
335878828,4,0.0,
335878828,4,0.0,
3975295864,4,-0.0003681326022773046,C
3975295864,4,0.00012338360508801216,C
3975295864,4,-0.0002732755209599036,C
3975295864,4,-0.000141150138133872,C
3975295864,4,-0.00027532837041832625,C
239116674,4,0.0,C
239116674,4,0.0,C
239116674,4,0.0,C
239116674,4,0.0,C
239116674,4,0.0,C
3538861869,4,-2.419865556713141e-06,C
3538861869,4,2.9459414693233654e-06,C
3538861869,4,1.7836471807197718e-05,C
3538861869,4,5.4836609174269135e-05,C
3538861869,4,2.042209246055915e-05,C
934550081,4,-0.0004247085483967128,N
934550081,4,-0.00031325243569912953,N
934550081,4,-0.0003311143411242057,N
934550081,4,-0.0004684767193772199,N
934550081,4,-0.00041258388667086976,N
3316027208,4,0.0,
3316027208,4,0.0,
3316027208,4,0.0,
3316027208,4,0.0,
3316027208,4,0.0,
2865977551,4,0.0,S
2865977551,4,0.0,S
2865977551,4,0.0,S
2865977551,4,0.0,S
2865977551,4,0.0,S
3183067622,4,-0.0013740558841927042,O
3183067622,4,3.562179882055094e-05,O
3183067622,4,0.00022950462200932442,O
3183067622,4,0.0001817891542732486,O
3183067622,4,1.0214016592846598e-05,O
564293713,4,-0.0004070607626667222,S
564293713,4,4.877616763176995e-05,S
564293713,4,-0.002177412204672713,S
564293713,4,-0.0016744429293500396,S
564293713,4,-0.0010866355356631274,S
1428903162,4,0.0,C
1428903162,4,0.0,C
1428903162,4,0.0,C
1428903162,4,0.0,C
1428903162,4,0.0,C
1467524174,4,-2.4046075859707194e-05,C
1467524174,4,7.050219799364932e-05,C
1467524174,4,4.890062207574264e-05,C
1467524174,4,9.993906737748581e-05,C
1467524174,4,7.050219799364932e-05,C
651269745,4,-0.0001447889167662808,C
651269745,4,-0.00010927291855267196,C
651269745,4,0.0008086091227045289,C
651269745,4,-0.00019873369190459567,C
651269745,4,0.0003430402892659057,C
3268335377,4,0.0,N
3268335377,4,0.0,N
3268335377,4,0.0,N
3268335377,4,0.0,N
3268335377,4,0.0,N
1280488931,4,0.0,N
1280488931,4,0.0,N
1280488931,4,0.0,N
1280488931,4,0.0,N
1280488931,4,0.0,N
2098262959,4,0.0,
2098262959,4,0.0,
2098262959,4,0.0,
2098262959,4,0.0,
2098262959,4,0.0,
2485994647,4,0.0004758544473935089,N
2485994647,4,-0.0008334903244706648,N
2485994647,4,0.0004694835417763388,N
2485994647,4,-0.00029339275616169225,N
2485994647,4,0.00037677221540499684,N
3088984962,4,0.0,C
3088984962,4,0.0,C
3088984962,4,0.0,C
3088984962,4,0.0,C
3088984962,4,0.0,C
3042542132,4,0.005176701607606304,N
3042542132,4,0.0038526551256256036,N
3042542132,4,0.0031565239766813136,N
3042542132,4,0.003410986356830459,N
3042542132,4,0.003219075633509094,N
373109870,4,0.001087381924455122,C
373109870,4,0.0009634819647027504,C
373109870,4,0.0008903340241354085,C
373109870,4,0.00016594496454591656,C
373109870,4,0.0007575834656223801,C
2677752761,4,0.0,C
2677752761,4,0.0,C
2677752761,4,0.0,C
2677752761,4,0.0,C
2677752761,4,0.0,C
3807907321,4,0.0009017687647187023,O
3807907321,4,-0.0006133011792928134,O
3807907321,4,0.0004091038594264962,O
3807907321,4,0.001041442767654277,O
3807907321,4,0.0007994907227126813,O
2587571567,4,-0.0005150792942797411,C
2587571567,4,-0.00041353544757616323,C
2587571567,4,-0.002030466439712275,C
2587571567,4,0.0011342947661239222,C
2587571567,4,-0.0006977280848922129,C
3701504231,4,0.002728642571271145,N
3701504231,4,0.0036502415469458205,N
3701504231,4,0.00035222841629201085,N
3701504231,4,-0.0006341854754330356,N
3701504231,4,5.603439535062371e-05,N
369315086,4,7.85842023242056e-05,C
369315086,4,0.00012418317740625628,C
369315086,4,-0.0009936669997150371,C
369315086,4,-0.0006085486687728014,C
369315086,4,-0.0002580238192108064,C
1965692378,4,0.0,N
1965692378,4,0.0,N
1965692378,4,0.0,N
1965692378,4,0.0,N
1965692378,4,0.0,N
1633777018,4,0.00013208973891498665,C
1633777018,4,6.137660953819957e-05,C
1633777018,4,0.0001793163523461372,C
1633777018,4,0.00013208973891498665,C
1633777018,4,0.00013208973891498665,C
3757038672,4,0.0002768504835137797,C
3757038672,4,0.00020234235154459324,C
3757038672,4,-0.00021405701824761536,C
3757038672,4,0.00030354134768795227,C
3757038672,4,-3.2713770200198944e-05,C
2677858541,4,-0.0007569227511358134,C
2677858541,4,-0.0002038480995583125,C
2677858541,4,-0.0008020119645931745,C
2677858541,4,-0.0003567316665573639,C
2677858541,4,0.00047909957713077045,C
1446204275,4,0.0,C
1446204275,4,0.0,C
1446204275,4,0.0,C
1446204275,4,0.0,C
1446204275,4,0.0,C
3589407776,4,0.0004875315708026129,C
3589407776,4,0.0005521609772356495,C
3589407776,4,0.00016155909427717496,C
3589407776,4,0.0009458047686140558,C
3589407776,4,0.0004088880949387752,C
3083149185,4,0.0,C
3083149185,4,0.0,C
3083149185,4,0.0,C
3083149185,4,0.0,C
3083149185,4,0.0,C
337875000,4,-0.0001752659280612745,C
337875000,4,-0.00011929783409392325,C
337875000,4,-2.2040206171580756e-05,C
337875000,4,-0.00020815383677963428,C
337875000,4,-0.0004579437326633906,C
3887884923,4,-0.002461152259557675,C
3887884923,4,-0.0017134047067796088,C
3887884923,4,-0.0006124418290541778,C
3887884923,4,0.00042440811171706727,C
3887884923,4,-0.001247021633019929,C
4256629345,4,0.0013737340047611513,C
4256629345,4,-0.00010128207063087036,C
4256629345,4,0.000852078782290544,C
4256629345,4,0.0009295509892326415,C
4256629345,4,0.0006743502046784311,C
662595032,4,0.00033422849670528,N
662595032,4,0.0008050350990294053,N
662595032,4,0.0008905646715950954,N
662595032,4,0.0007285050574359353,N
662595032,4,0.0005700352111429607,N
3777243454,4,-0.0003014327204553524,C
3777243454,4,-0.00044555502758747423,C
3777243454,4,-0.0006744898378413522,C
3777243454,4,-0.000324952583499738,C
3777243454,4,-0.0006140439503025119,C
982949046,4,0.0,C
982949046,4,0.0,C
982949046,4,0.0,C
982949046,4,0.0,C
982949046,4,0.0,C
267757375,4,0.0,
267757375,4,0.0,
267757375,4,0.0,
267757375,4,0.0,
267757375,4,0.0,
2157595070,4,0.0,
2157595070,4,0.0,
2157595070,4,0.0,
2157595070,4,0.0,
2157595070,4,0.0,
895910141,4,0.0,
895910141,4,0.0,
895910141,4,0.0,
895910141,4,0.0,
895910141,4,0.0,
3182041044,4,0.0,C
3182041044,4,0.0,C
3182041044,4,0.0,C
3182041044,4,0.0,C
3182041044,4,0.0,C
4105666400,4,-0.0011166242599689458,C
4105666400,4,-0.0011255494753429351,C
4105666400,4,-0.0008651823446556017,C
4105666400,4,-0.0011435895002460672,C
4105666400,4,-0.0008044550318595522,C
1891839201,4,0.00024061100993244544,C
1891839201,4,0.0001112415275472678,C
1891839201,4,0.0003961566933640137,C
1891839201,4,0.00024211046513678003,C
1891839201,4,0.0003016906189152735,C
2584230118,4,-0.00029486625140595635,C
2584230118,4,-0.0003575510907436463,C
2584230118,4,-3.4913558053739635e-05,C
2584230118,4,-0.0004369297153232754,C
2584230118,4,-0.00018528660935857033,C
3696402029,4,-0.0004741176301336081,C
3696402029,4,0.0005368983477762601,C
3696402029,4,-4.434858170765388e-05,C
3696402029,4,-6.430573938587258e-05,C
3696402029,4,-0.0008960992067921225,C
1263988625,4,0.0,C
1263988625,4,0.0,C
1263988625,4,0.0,C
1263988625,4,0.0,C
1263988625,4,0.0,C
829754261,4,0.0001443551091800943,C
829754261,4,0.00028193535605025577,C
829754261,4,-0.00011494237788078898,C
829754261,4,0.00018541194259014127,C
829754261,4,0.0007402691722989685,C
2841547777,4,-0.0010156388053925713,C
2841547777,4,-0.0008581286535020993,C
2841547777,4,0.0008414691184903678,C
2841547777,4,-0.0033146253926911173,C
2841547777,4,0.00037657553261039034,C
3059129780,4,0.0,C
3059129780,4,0.0,C
3059129780,4,0.0,C
3059129780,4,0.0,C
3059129780,4,0.0,C
3650394863,4,0.0,C
3650394863,4,0.0,C
3650394863,4,0.0,C
3650394863,4,0.0,C
3650394863,4,0.0,C
3288032115,4,0.002451591776067019,C
3288032115,4,-0.0007151994618348478,C
3288032115,4,0.0006782267996722213,C
3288032115,4,0.0009153480382025903,C
3288032115,4,-0.0009190113852208803,C
1308598964,4,-0.00027995847126893736,C
1308598964,4,0.000349126335673966,C
1308598964,4,-0.0002606614251257078,C
1308598964,4,-9.965174129789034e-05,C
1308598964,4,-0.0002867002438541322,C
4081192417,4,0.0,
4081192417,4,0.0,
4081192417,4,0.0,
4081192417,4,0.0,
4081192417,4,0.0,
2085926208,4,0.0,
2085926208,4,0.0,
2085926208,4,0.0,
2085926208,4,0.0,
2085926208,4,0.0,
1852134816,4,-0.0005677199954506884,C
1852134816,4,0.0003182413741685819,C
1852134816,4,0.0006443703958267655,C
1852134816,4,-0.0001899598323951146,C
1852134816,4,-6.282519656775065e-05,C
3628883864,4,0.00016992915168390077,C
3628883864,4,-0.00022381525478887276,C
3628883864,4,-0.00013300680428518508,C
3628883864,4,0.0006924888508069715,C
3628883864,4,0.00019421694735799466,C
1228815484,4,0.00021255592791291633,C
1228815484,4,6.084276119389109e-05,C
1228815484,4,0.0002788647254351462,C
1228815484,4,0.0004315348878041192,C
1228815484,4,0.00027477052753011044,C
2863170677,4,0.0,
2863170677,4,0.0,
2863170677,4,0.0,
2863170677,4,0.0,
2863170677,4,0.0,
2126281302,4,0.0006373613572292491,C
2126281302,4,-1.758392298323308e-06,C
2126281302,4,0.0006259518927429486,C
2126281302,4,9.795762559428045e-05,C
2126281302,4,0.000808383983329497,C
3768390624,4,0.0004456738743384703,C
3768390624,4,0.00017488089731387824,C
3768390624,4,0.0004055998687032547,C
3768390624,4,0.000137582741039588,C
3768390624,4,0.00017956977192168377,C
2150151661,4,0.00034083279164409674,C
2150151661,4,0.0001881808642706373,C
2150151661,4,0.00041594941050226986,C
2150151661,4,0.0001788456805779104,C
2150151661,4,0.00021665158130346196,C
881868678,4,0.0,
881868678,4,0.0,
881868678,4,0.0,
881868678,4,0.0,
881868678,4,0.0,
1796784588,4,0.0,
1796784588,4,0.0,
1796784588,4,0.0,
1796784588,4,0.0,
1796784588,4,0.0,
3892941493,4,0.00028517823898333017,N
3892941493,4,0.0005683175117461303,N
3892941493,4,0.0002989176916594616,N
3892941493,4,0.00029601289098801775,N
3892941493,4,0.00024772913538406716,N
847307936,4,0.0,C
847307936,4,0.0,C
847307936,4,0.0,C
847307936,4,0.0,C
847307936,4,0.0,C
1514288082,4,0.0,
1514288082,4,0.0,
1514288082,4,0.0,
1514288082,4,0.0,
1514288082,4,0.0,
287232915,4,0.0,C
287232915,4,0.0,C
287232915,4,0.0,C
287232915,4,0.0,C
287232915,4,0.0,C
3292836937,4,0.0,
3292836937,4,0.0,
3292836937,4,0.0,
3292836937,4,0.0,
3292836937,4,0.0,
89961214,4,0.0008771668374023545,C
89961214,4,8.155264835341125e-05,C
89961214,4,0.00017991261228489375,C
89961214,4,0.001128631142587877,C
89961214,4,0.0008016285060886696,C
1147977085,4,-0.0003460749600411317,C
1147977085,4,0.001108672827939361,C
1147977085,4,0.00010884007581690724,C
1147977085,4,-0.0004617397695367842,C
1147977085,4,0.0008806569481236703,C
636182019,4,0.0006118269975942114,C
636182019,4,0.0009096561990253882,C
636182019,4,0.0006263085819709913,C
636182019,4,0.0006281508747041364,C
636182019,4,0.00023998304325845154,C
799373156,4,0.0,C
799373156,4,0.0,C
799373156,4,0.0,C
799373156,4,0.0,C
799373156,4,0.0,C
636990493,4,0.0012215122160179614,C
636990493,4,0.0009546447043231598,C
636990493,4,0.001261693886800197,C
636990493,4,0.0014987820671640284,C
636990493,4,0.002734943860853045,C
1078276907,4,0.0,C
1078276907,4,0.0,C
1078276907,4,0.0,C
1078276907,4,0.0,C
1078276907,4,0.0,C
1421345390,4,0.0,C
1421345390,4,0.0,C
1421345390,4,0.0,C
1421345390,4,0.0,C
1421345390,4,0.0,C
145374537,4,8.610753189253195e-06,C
145374537,4,0.0001240110455397181,C
145374537,4,2.923416890454611e-05,C
145374537,4,0.00022070539112228893,C
145374537,4,8.377890514332798e-06,C
1256751600,4,0.0,C
1256751600,4,0.0,C
1256751600,4,0.0,C
1256751600,4,0.0,C
1256751600,4,0.0,C
30707086,4,-0.00021280937079970474,C
30707086,4,-0.00034932402426268716,C
30707086,4,-6.305109729587421e-05,C
30707086,4,-6.037355064991701e-06,C
30707086,4,-0.00014214700538528469,C
454919045,4,-0.0008544817811515504,N
454919045,4,0.0006617457127703341,N
454919045,4,0.0004448318369009163,N
454919045,4,0.0019437233786789854,N
454919045,4,0.0007635023944307928,N
96001975,4,-0.0014573036386436033,C
96001975,4,-0.0002894615238078213,C
96001975,4,-0.0011417965476187009,C
96001975,4,-0.00012585523080832495,C
96001975,4,-0.0014803022087640505,C
3632480728,4,0.000549121364290861,C
3632480728,4,9.868949129410165e-05,C
3632480728,4,0.00028341249621854914,C
3632480728,4,-0.0005156709984995844,C
3632480728,4,0.000539736519711842,C
2543587995,4,0.00021155541945627743,N
2543587995,4,8.830259768910498e-05,N
2543587995,4,-0.00019726642371242775,N
2543587995,4,-8.510117114823856e-05,N
2543587995,4,0.0001808219164098901,N
2664622273,4,-0.0006494564632107958,C
2664622273,4,-0.0006746963019678143,C
2664622273,4,-0.001205691216062288,C
2664622273,4,-0.0008110726468693041,C
2664622273,4,-0.0009257422089783418,C
640282103,4,0.0,C
640282103,4,0.0,C
640282103,4,0.0,C
640282103,4,0.0,C
640282103,4,0.0,C
552722929,4,-2.4356898346900024e-05,C
552722929,4,0.0002857923062756784,C
552722929,4,0.00029497477712681075,C
552722929,4,0.0001487532609688591,C
552722929,4,0.00014174928765098294,C
3304326854,4,-0.0006389095018057844,C
3304326854,4,-0.0015246745752310886,C
3304326854,4,-0.001460749430729269,C
3304326854,4,-0.0011149380709067902,C
3304326854,4,-0.0007621054195048327,C
932711668,4,0.0,N
932711668,4,0.0,N
932711668,4,0.0,N
932711668,4,0.0,N
932711668,4,0.0,N
932734850,4,-0.00022139938052934127,N
932734850,4,0.0002843215682022393,N
932734850,4,-0.00018047932310905068,N
932734850,4,0.00036278223117180985,N
932734850,4,-0.00019022933947143716,N
3198482033,4,6.0016899996018225e-05,C
3198482033,4,-9.422280549120643e-07,C
3198482033,4,0.00010138407997084542,C
3198482033,4,3.279991317084452e-05,C
3198482033,4,-2.322752929884153e-05,C
2843970853,4,-0.00022312143029001863,C
2843970853,4,0.00019866557317171907,C
2843970853,4,-0.00045433004213246697,C
2843970853,4,0.0006798669712163585,C
2843970853,4,-6.649367353650515e-05,C
1167268241,4,0.0,C
1167268241,4,0.0,C
1167268241,4,0.0,C
1167268241,4,0.0,C
1167268241,4,0.0,C
1968143303,4,-8.42968022276569e-05,C
1968143303,4,-0.00019145890356520034,C
1968143303,4,-0.0001397983783506529,C
1968143303,4,0.00021566741999656802,C
1968143303,4,0.0011055694845134578,C
132611095,4,0.00013195185333281234,C
132611095,4,0.00015444228753169753,C
132611095,4,0.0002967153484210172,C
132611095,4,0.0006969539657366575,C
132611095,4,0.00023073780102533803,C
1067305901,4,0.0,
1067305901,4,0.0,
1067305901,4,0.0,
1067305901,4,0.0,
1067305901,4,0.0,
4232044298,4,0.0,C
4232044298,4,0.0,C
4232044298,4,0.0,C
4232044298,4,0.0,C
4232044298,4,0.0,C
3924990413,4,-0.0004910974566718629,C
3924990413,4,1.2223921874165988e-05,C
3924990413,4,0.00037926964386703066,C
3924990413,4,-0.0008441969412933403,C
3924990413,4,0.00017211836806840797,C
3163510888,4,-0.00016729143463778406,C
3163510888,4,-0.00046603229157171633,C
3163510888,4,-0.0003217656361628185,C
3163510888,4,-0.000596205076620282,C
3163510888,4,-0.0002729989811955935,C
3370172965,4,0.0,C
3370172965,4,0.0,C
3370172965,4,0.0,C
3370172965,4,0.0,C
3370172965,4,0.0,C
1544255291,4,-3.508895970594228e-05,C
1544255291,4,-3.831236641160807e-05,C
1544255291,4,-4.530179071948748e-05,C
1544255291,4,-5.0565395424251314e-05,C
1544255291,4,-5.532366272320566e-05,C
3961613636,4,0.0,C
3961613636,4,0.0,C
3961613636,4,0.0,C
3961613636,4,0.0,C
3961613636,4,0.0,C
50651170,4,0.0010368104155683566,C
50651170,4,0.00019145408597365243,C
50651170,4,0.000522006111951967,C
50651170,4,0.0005391672617003351,C
50651170,4,0.0011472538917570718,C
3075896141,4,0.000733643202371792,C
3075896141,4,0.0009183265124902418,C
3075896141,4,0.0009855848991362492,C
3075896141,4,0.0005260393318706758,C
3075896141,4,0.0008187724153496667,C
172238518,4,0.0,
172238518,4,0.0,
172238518,4,0.0,
172238518,4,0.0,
172238518,4,0.0,
2136803473,4,2.1717513892127727e-05,O
2136803473,4,-1.09463437036883e-06,O
2136803473,4,-2.839175658908566e-05,O
2136803473,4,-1.475738846945518e-05,O
2136803473,4,-4.762766619603731e-05,O
1023209243,4,-2.412653493988337e-06,N
1023209243,4,-2.412653493988337e-06,N
1023209243,4,-1.9380348272868275e-06,N
1023209243,4,-2.412653493988337e-06,N
1023209243,4,-7.801780034233374e-07,N
885408970,4,0.00040035534763893654,O
885408970,4,0.00023181125627158572,O
885408970,4,0.0002916152314235143,O
885408970,4,0.00018434589873006502,O
885408970,4,0.0008197449561900827,O
1213407188,4,0.0005144552479484643,C
1213407188,4,0.00019050820884791708,C
1213407188,4,-0.00036302285312084237,C
1213407188,4,0.00042383489340758196,C
1213407188,4,-0.0005128839601058477,C
4210054575,4,-0.0034294875053619833,N
4210054575,4,-0.0024518425664306065,N
4210054575,4,-0.003793361865187528,N
4210054575,4,-0.003083679615667023,N
4210054575,4,-0.0027765653384751454,N
3871410344,4,-0.0009322316303149725,N
3871410344,4,-0.0008302230842355263,N
3871410344,4,-0.0002932994321485083,N
3871410344,4,-0.0002717537205010334,N
3871410344,4,-0.0001660958835586479,N
1184436594,4,0.0,
1184436594,4,0.0,
1184436594,4,0.0,
1184436594,4,0.0,
1184436594,4,0.0,
3431706412,4,0.0,C
3431706412,4,0.0,C
3431706412,4,0.0,C
3431706412,4,0.0,C
3431706412,4,0.0,C
2758632892,4,0.0,C
2758632892,4,0.0,C
2758632892,4,0.0,C
2758632892,4,0.0,C
2758632892,4,0.0,C
2131356872,4,0.0010767030726832605,C
2131356872,4,0.0014460428691466243,C
2131356872,4,0.001714906313431075,C
2131356872,4,0.0018460844568346513,C
2131356872,4,0.001487355554452341,C
3131896227,4,0.0003296834416793848,C
3131896227,4,0.00029648942093707387,C
3131896227,4,0.0007727055485634571,C
3131896227,4,0.0001647649507505733,C
3131896227,4,0.0004293589755920424,C
2739425568,4,3.192868194035192e-05,C
2739425568,4,-8.676021645404042e-05,C
2739425568,4,0.0001559098339067866,C
2739425568,4,-0.00033471949514107813,C
2739425568,4,-5.3712943717698636e-05,C
2917424199,4,0.0,N
2917424199,4,0.0,N
2917424199,4,0.0,N
2917424199,4,0.0,N
2917424199,4,0.0,N
740717125,4,0.0,C
740717125,4,0.0,C
740717125,4,0.0,C
740717125,4,0.0,C
740717125,4,0.0,C
2604399148,4,0.00046958200930169447,C
2604399148,4,0.0005496303350588372,C
2604399148,4,0.00022243118260023564,C
2604399148,4,0.0005622623022689677,C
2604399148,4,-2.685843743321925e-05,C
35816944,4,0.00010254923831609641,C
35816944,4,0.0004718142899849953,C
35816944,4,-0.000423591866326789,C
35816944,4,0.00025289230881886393,C
35816944,4,0.0003580745795515039,C
1623026378,4,-0.0006170503442641806,C
1623026378,4,0.00011123038466442914,C
1623026378,4,-0.00018383998053073114,C
1623026378,4,-0.0001752981935476683,C
1623026378,4,-0.00010784332999280721,C
1514095308,4,0.0,C
1514095308,4,0.0,C
1514095308,4,0.0,C
1514095308,4,0.0,C
1514095308,4,0.0,C
1814116706,4,0.0,N
1814116706,4,0.0,N
1814116706,4,0.0,N
1814116706,4,0.0,N
1814116706,4,0.0,N
3229069614,4,-0.00012518388760685006,N
3229069614,4,-6.153312405565714e-05,N
3229069614,4,5.382645431806221e-05,N
3229069614,4,-1.0357981427122631e-05,N
3229069614,4,6.912132202452348e-05,N
269963113,4,-0.001678655406986862,C
269963113,4,-0.002330568280944134,C
269963113,4,-0.001060924291698906,C
269963113,4,-0.0015005657919935356,C
269963113,4,-0.0006303477406885971,C
3375441982,4,0.0,
3375441982,4,0.0,
3375441982,4,0.0,
3375441982,4,0.0,
3375441982,4,0.0,
2537385504,4,0.0,C
2537385504,4,0.0,C
2537385504,4,0.0,C
2537385504,4,0.0,C
2537385504,4,0.0,C
1375082737,4,0.0004830800839319416,C
1375082737,4,5.153706320892848e-05,C
1375082737,4,-0.00024887420758779033,C
1375082737,4,7.345011242554378e-06,C
1375082737,4,-5.445250035318594e-06,C
3972090239,4,0.0006463496385101797,C
3972090239,4,0.0005603277368411153,C
3972090239,4,0.0002631041528702305,C
3972090239,4,0.000365398998967148,C
3972090239,4,0.00030207436744944527,C
542715770,4,0.0,C
542715770,4,0.0,C
542715770,4,0.0,C
542715770,4,0.0,C
542715770,4,0.0,C
1835135892,4,0.0,C
1835135892,4,0.0,C
1835135892,4,0.0,C
1835135892,4,0.0,C
1835135892,4,0.0,C
3850856377,4,0.0,C
3850856377,4,0.0,C
3850856377,4,0.0,C
3850856377,4,0.0,C
3850856377,4,0.0,C
3007422704,4,0.0004084807701196791,O
3007422704,4,0.0003481458101253221,O
3007422704,4,0.00017374911828704764,O
3007422704,4,0.0006555801349661383,O
3007422704,4,0.00019311182074133182,O
2209842778,4,0.0,N
2209842778,4,0.0,N
2209842778,4,0.0,N
2209842778,4,0.0,N
2209842778,4,0.0,N
2296764637,4,0.00017043896932311675,C
2296764637,4,-0.00025171423030778683,C
2296764637,4,0.000198635492023036,C
2296764637,4,0.00010935862238858896,C
2296764637,4,-6.619512175287667e-06,C
3929393147,4,0.0,C
3929393147,4,0.0,C
3929393147,4,0.0,C
3929393147,4,0.0,C
3929393147,4,0.0,C
2270589688,4,-6.785812578735673e-05,N
2270589688,4,-2.5492204502874927e-06,N
2270589688,4,-0.00016315174554248912,N
2270589688,4,4.123206882056252e-05,N
2270589688,4,-0.00020339361606680484,N
2592252298,4,0.00020999111836506046,C
2592252298,4,0.0004371134384607567,C
2592252298,4,0.00014691124567423053,C
2592252298,4,0.00016305032027852384,C
2592252298,4,0.0001530230453913317,C
4116013187,4,-0.00043214921959999764,C
4116013187,4,-0.00043276107349576876,C
4116013187,4,-0.0003542797709464862,C
4116013187,4,-0.0002823070175358433,C
4116013187,4,-0.00015748791993019928,C
372117123,4,-0.0002154512349213933,S
372117123,4,-0.00019112419738209763,S
372117123,4,-0.0004800333547446689,S
372117123,4,-0.0004887609299238926,S
372117123,4,-0.000200893774007338,S
2709179886,4,-4.9545675573359205e-06,C
2709179886,4,9.177330613641121e-05,C
2709179886,4,0.0001498465511418079,C
2709179886,4,5.737844998743302e-05,C
2709179886,4,2.2871253613998554e-05,C
228862830,4,0.0,N
228862830,4,0.0,N
228862830,4,0.0,N
228862830,4,0.0,N
228862830,4,0.0,N
2300762321,4,-0.000460577303383336,N
2300762321,4,2.0707873348291272e-06,N
2300762321,4,0.0001990368329034542,N
2300762321,4,-5.611277637096457e-06,N
2300762321,4,9.906143563220837e-05,N
4081192418,4,0.0,
4081192418,4,0.0,
4081192418,4,0.0,
4081192418,4,0.0,
4081192418,4,0.0,
4120224926,4,-1.693361599131027e-05,C
4120224926,4,-1.1620095216602344e-05,C
4120224926,4,-1.1040280840424188e-05,C
4120224926,4,-1.1090824388215736e-05,C
4120224926,4,-1.3626594843163531e-05,C
1090571167,4,0.0004047290536955961,N
1090571167,4,0.0010439056940400038,N
1090571167,4,0.0018200060794600903,N
1090571167,4,0.002022793566388792,N
1090571167,4,0.0024911197844290633,N
369500293,4,-7.4757122250357355e-06,C
369500293,4,-1.084486639379989e-05,C
369500293,4,-7.4393329340116665e-06,C
369500293,4,-8.356718246949058e-06,C
369500293,4,4.7098887017704705e-05,C
3873306213,4,0.0010016720636049081,N
3873306213,4,0.0015740709332040526,N
3873306213,4,0.0009643912520955755,N
3873306213,4,5.075636368800929e-05,N
3873306213,4,-0.00019385264716942352,N
600377156,4,0.0,C
600377156,4,0.0,C
600377156,4,0.0,C
600377156,4,0.0,C
600377156,4,0.0,C
1946997629,4,0.0,C
1946997629,4,0.0,C
1946997629,4,0.0,C
1946997629,4,0.0,C
1946997629,4,0.0,C
1044537682,4,0.0,C
1044537682,4,0.0,C
1044537682,4,0.0,C
1044537682,4,0.0,C
1044537682,4,0.0,C
2077658817,4,-0.0006923502592144359,O
2077658817,4,-0.00034666953845108317,O
2077658817,4,-0.0009546546073664341,O
2077658817,4,-0.0009215396067622228,O
2077658817,4,-0.00032910478318060044,O
264974063,4,0.0,N
264974063,4,0.0,N
264974063,4,0.0,N
264974063,4,0.0,N
264974063,4,0.0,N
3792822921,4,0.0,N
3792822921,4,0.0,N
3792822921,4,0.0,N
3792822921,4,0.0,N
3792822921,4,0.0,N
2575624905,4,0.0,C
2575624905,4,0.0,C
2575624905,4,0.0,C
2575624905,4,0.0,C
2575624905,4,0.0,C
1640551393,4,2.6019074718108826e-06,C
1640551393,4,-6.789284099251169e-06,C
1640551393,4,2.6019074718108826e-06,C
1640551393,4,8.157282489484885e-07,C
1640551393,4,-4.552360018172941e-06,C
3528517994,4,-0.00023182487176820477,C
3528517994,4,-0.0004754448550250423,C
3528517994,4,-0.0002780000436605201,C
3528517994,4,-0.00031920057674283964,C
3528517994,4,-0.00035108848043508,C
692277943,4,2.206787840342006e-05,N
692277943,4,5.40581909453941e-05,N
692277943,4,-1.9938536186314693e-05,N
692277943,4,8.097164607490104e-05,N
692277943,4,8.17356493774124e-05,N
990985258,4,0.0,C
990985258,4,0.0,C
990985258,4,0.0,C
990985258,4,0.0,C
990985258,4,0.0,C
389385568,4,0.0,
389385568,4,0.0,
389385568,4,0.0,
389385568,4,0.0,
389385568,4,0.0,
597336504,4,7.475029214842888e-05,C
597336504,4,0.00014993901807414112,C
597336504,4,-0.00023907359780650506,C
597336504,4,0.00017177795041645183,C
597336504,4,9.757766938955914e-05,C
744747118,4,0.0,S
744747118,4,0.0,S
744747118,4,0.0,S
744747118,4,0.0,S
744747118,4,0.0,S
1740651977,4,1.391289358665393e-05,C
1740651977,4,-0.00020767092594942138,C
1740651977,4,-4.776440420961592e-05,C
1740651977,4,0.0002114607910612687,C
1740651977,4,-7.791235583809453e-05,C
1198890718,4,4.417675219103856e-05,C
1198890718,4,-2.7292244583532188e-05,C
1198890718,4,-8.4809578857592e-05,C
1198890718,4,-8.0013031006132e-05,C
1198890718,4,-8.828162565988062e-05,C
544863012,4,-5.2773729123045676e-05,C
544863012,4,-3.479193860789209e-05,C
544863012,4,-3.290283005663586e-05,C
544863012,4,-3.900508772380906e-05,C
544863012,4,-5.089496131094329e-06,C
2127647960,4,0.0,C
2127647960,4,0.0,C
2127647960,4,0.0,C
2127647960,4,0.0,C
2127647960,4,0.0,C
3372972590,4,2.6853149186156777e-05,N
3372972590,4,0.00012444826935265052,N
3372972590,4,-3.725745399418834e-06,N
3372972590,4,-0.00011863251147592457,N
3372972590,4,0.00013650952237664882,N
1145656637,4,0.0,N
1145656637,4,0.0,N
1145656637,4,0.0,N
1145656637,4,0.0,N
1145656637,4,0.0,N
3781690415,4,-0.0003213922632415711,C
3781690415,4,0.00026762214308728716,C
3781690415,4,-6.75257938367313e-05,C
3781690415,4,9.688913612193595e-06,C
3781690415,4,0.00016378711533659995,C
2211843251,4,4.449379031146172e-05,C
2211843251,4,0.00010489768553778589,C
2211843251,4,3.727086628835252e-05,C
2211843251,4,7.105185651301582e-05,C
2211843251,4,5.977867680251325e-05,C
1378792052,4,0.0,C
1378792052,4,0.0,C
1378792052,4,0.0,C
1378792052,4,0.0,C
1378792052,4,0.0,C
4240369074,4,0.0,C
4240369074,4,0.0,C
4240369074,4,0.0,C
4240369074,4,0.0,C
4240369074,4,0.0,C
3209892106,4,2.1923983978489048e-05,N
3209892106,4,0.00016937764460267513,N
3209892106,4,7.026839886470349e-05,N
3209892106,4,-0.00038183202897046353,N
3209892106,4,0.0002731683516533634,N
2762211251,4,0.0,S
2762211251,4,0.0,S
2762211251,4,0.0,S
2762211251,4,0.0,S
2762211251,4,0.0,S
990985259,4,0.0,C
990985259,4,0.0,C
990985259,4,0.0,C
990985259,4,0.0,C
990985259,4,0.0,C
4256676941,4,-0.00015889299660520884,N
4256676941,4,0.0002748683490834125,N
4256676941,4,-0.00014785338810441306,N
4256676941,4,-8.842383995566472e-06,N
4256676941,4,5.0346264153344755e-05,N
3617179377,4,-0.0017306785222708232,C
3617179377,4,-0.0025518309087427804,C
3617179377,4,-0.0027874935436531523,C
3617179377,4,-0.0006851136664228763,C
3617179377,4,-0.0027005358769924825,C
592655526,4,-0.0001272992003515938,C
592655526,4,-1.1590582378984138e-05,C
592655526,4,-0.0001484890348149026,C
592655526,4,8.521382050652448e-05,C
592655526,4,-7.460169638784375e-05,C
2409787606,4,0.00014654467157115825,C
2409787606,4,1.4807505414049515e-05,C
2409787606,4,2.4890583369630015e-05,C
2409787606,4,0.00010347442553793051,C
2409787606,4,6.876815945711101e-05,C
2113520109,4,6.794775731322478e-05,C
2113520109,4,0.0001784591401291502,C
2113520109,4,0.00018624847828652147,C
2113520109,4,0.00012526159046810648,C
2113520109,4,0.00024333605818993576,C
1250165012,4,0.0,
1250165012,4,0.0,
1250165012,4,0.0,
1250165012,4,0.0,
1250165012,4,0.0,
1238592536,4,5.693145727081461e-05,C
1238592536,4,8.60207498262211e-05,C
1238592536,4,0.00017374925229529659,C
1238592536,4,1.90217398194914e-05,C
1238592536,4,0.00011525007507984242,C
2213350725,4,0.00019306425710086117,C
2213350725,4,0.00022518295848894532,C
2213350725,4,-6.587003111280243e-05,C
2213350725,4,0.0015926765680750465,C
2213350725,4,0.0008244619749362414,C
1915080917,4,0.00014037883529571804,C
1915080917,4,0.0004118055794793962,C
1915080917,4,-0.0004408976974077383,C
1915080917,4,6.205229072098195e-05,C
1915080917,4,0.0007004627954299014,C
3651174070,4,0.0,C
3651174070,4,0.0,C
3651174070,4,0.0,C
3651174070,4,0.0,C
3651174070,4,0.0,C
1365279474,4,4.180770741890605e-05,C
1365279474,4,6.732191762637285e-05,C
1365279474,4,-0.0005275565564539786,C
1365279474,4,0.00011760648494774095,C
1365279474,4,-0.00032006615418966877,C
1583009052,4,0.00010502461893924231,C
1583009052,4,-0.0003054130176867176,C
1583009052,4,0.00015749390323338552,C
1583009052,4,-2.706582316913675e-05,C
1583009052,4,8.075507031368723e-05,C
1499666286,4,0.0,
1499666286,4,0.0,
1499666286,4,0.0,
1499666286,4,0.0,
1499666286,4,0.0,
1191280979,4,6.829023314491867e-05,C
1191280979,4,-8.344816311289804e-07,C
1191280979,4,1.5102147387091591e-05,C
1191280979,4,2.241805059466362e-05,C
1191280979,4,1.2660711984580075e-05,C
3457964313,4,0.002405624948049856,N
3457964313,4,0.002441863420503343,N
3457964313,4,0.0013941825826668808,N
3457964313,4,0.0017327328052599844,N
3457964313,4,0.0008900610510724771,N
2881111452,4,0.0,
2881111452,4,0.0,
2881111452,4,0.0,
2881111452,4,0.0,
2881111452,4,0.0,
423609967,4,8.065533409973291e-05,C
423609967,4,0.00034960029657593594,C
423609967,4,-0.0005771067789244189,C
423609967,4,-0.0007569410185203074,C
423609967,4,8.970218616199954e-05,C
3300110909,4,0.0008136573734423003,N
3300110909,4,0.0003534152640486399,N
3300110909,4,0.00036163112595777314,N
3300110909,4,0.0004926624610461783,N
3300110909,4,0.0005530796045268849,N
3345491492,4,5.776254458467189e-05,N
3345491492,4,5.436434471028928e-05,N
3345491492,4,7.510959671042094e-05,N
3345491492,4,5.776254458467189e-05,N
3345491492,4,9.307524106560994e-05,N
1534595042,4,-1.0948852927739061e-05,C
1534595042,4,-0.0001040348715677375,C
1534595042,4,-1.060221818049989e-05,C
1534595042,4,-0.00010368623789747122,C
1534595042,4,-0.00011039213982377838,C
2014255590,4,0.0,N
2014255590,4,0.0,N
2014255590,4,0.0,N
2014255590,4,0.0,N
2014255590,4,0.0,N
362715007,4,-0.0006902144920994946,C
362715007,4,-0.0006145759438174192,C
362715007,4,-0.0005159818957594098,C
362715007,4,-0.0006706823812934193,C
362715007,4,-6.243986577814109e-05,C
2654043257,4,0.0,
2654043257,4,0.0,
2654043257,4,0.0,
2654043257,4,0.0,
2654043257,4,0.0,
720253145,4,-6.0826526450563634e-05,N
720253145,4,0.00035173980794556137,N
720253145,4,0.0001188220204069168,N
720253145,4,-7.625249506015841e-05,N
720253145,4,0.0011837947017178108,N
1342596238,4,0.0,C
1342596238,4,0.0,C
1342596238,4,0.0,C
1342596238,4,0.0,C
1342596238,4,0.0,C
1505769767,4,0.0004021625901249326,C
1505769767,4,-0.0006858348895070199,C
1505769767,4,-0.0002756172373441501,C
1505769767,4,-0.0005044362477552022,C
1505769767,4,-0.001209666115596697,C
4129558839,4,1.3737232113397724e-05,N
4129558839,4,1.342055182473878e-05,N
4129558839,4,-1.0182554392446086e-05,N
4129558839,4,5.888914148011182e-05,N
4129558839,4,7.391319699734389e-06,N
1673980810,4,0.00014626213375146246,O
1673980810,4,0.00012856081774914596,O
1673980810,4,0.000245579967102727,O
1673980810,4,-0.00012794282488759467,O
1673980810,4,0.00011999041425470036,O
458195553,4,0.00011715894432973162,N
458195553,4,0.00025717470545683074,N
458195553,4,9.838515832627515e-05,N
458195553,4,0.00016072215163576153,N
458195553,4,1.4064912536304597e-05,N
3083149214,4,0.0,C
3083149214,4,0.0,C
3083149214,4,0.0,C
3083149214,4,0.0,C
3083149214,4,0.0,C
564807139,4,-0.0007440342177652548,C
564807139,4,-0.0002875553265153652,C
564807139,4,-0.00023227382872292868,C
564807139,4,-0.0005528035063419035,C
564807139,4,-0.0005082439738481881,C
57405021,4,0.0,
57405021,4,0.0,
57405021,4,0.0,
57405021,4,0.0,
57405021,4,0.0,
264906369,4,0.00019136928114948937,C
264906369,4,0.0005670205904336756,C
264906369,4,-6.272396645157219e-05,C
264906369,4,0.000471852001389772,C
264906369,4,0.0006154661346828849,C
906327634,4,-5.559390338660819e-05,N
906327634,4,-5.229616851387675e-05,N
906327634,4,-5.708938843895783e-05,N
906327634,4,-4.819263155508846e-05,N
906327634,4,4.037505454301815e-06,N
3203925050,4,0.0,C
3203925050,4,0.0,C
3203925050,4,0.0,C
3203925050,4,0.0,C
3203925050,4,0.0,C
1238701800,4,0.00028825385212083443,C
1238701800,4,1.9011006395786012e-06,C
1238701800,4,2.6098707723076764e-05,C
1238701800,4,0.00014708269321761502,C
1238701800,4,2.454740750335027e-05,C
817554650,4,0.0,N
817554650,4,0.0,N
817554650,4,0.0,N
817554650,4,0.0,N
817554650,4,0.0,N
3210014657,4,-0.00034552718289082573,N
3210014657,4,-8.146100597961059e-05,N
3210014657,4,-0.00012266068891597648,N
3210014657,4,-8.117793270434603e-05,N
3210014657,4,-0.0001678619611912291,N
3869736299,4,8.817697230334431e-05,C
3869736299,4,-0.00032192921868356983,C
3869736299,4,0.0001241998771823738,C
3869736299,4,-0.00013347398157625978,C
3869736299,4,-7.277281562390048e-05,C
443741425,4,-0.00036871932348836456,N
443741425,4,-0.00012321305017914952,N
443741425,4,-7.020536167523517e-05,N
443741425,4,-0.00018992525372640845,N
443741425,4,3.471913233576984e-07,N
252812893,4,0.0,
252812893,4,0.0,
252812893,4,0.0,
252812893,4,0.0,
252812893,4,0.0,
1352167592,4,0.000521180084392836,C
1352167592,4,0.00012408149415665815,C
1352167592,4,0.0010300156448056486,C
1352167592,4,0.0009786054389075982,C
1352167592,4,0.0020462373057886785,C
2030757576,4,6.314702036702702e-05,C
2030757576,4,-0.00010531041022499021,C
2030757576,4,-0.00021831566848540263,C
2030757576,4,-0.00018387833161626066,C
2030757576,4,0.00013172072134037816,C
3541689698,4,0.0,
3541689698,4,0.0,
3541689698,4,0.0,
3541689698,4,0.0,
3541689698,4,0.0,
2250143559,4,-3.086092054760403e-05,C
2250143559,4,-0.0014073633364055649,C
2250143559,4,-0.0009470846121264476,C
2250143559,4,-0.0014434680624734186,C
2250143559,4,-0.0018400702124736767,C
2144345290,4,0.0006173318500528602,N
2144345290,4,-0.00020967948956729376,N
2144345290,4,-0.0007349216459702212,N
2144345290,4,-0.0002716397598896414,N
2144345290,4,-0.00011988401799023496,N
1849554589,4,0.0001778878629965508,N
1849554589,4,0.00010441352282120064,N
1849554589,4,9.72493462952917e-05,N
1849554589,4,0.00013886056311318562,N
1849554589,4,5.7293391367063684e-05,N
2271158283,4,-4.562058951718129e-06,C
2271158283,4,-5.6521400434217384e-05,C
2271158283,4,2.9289542955335257e-05,C
2271158283,4,-6.461750382213971e-06,C
2271158283,4,-9.103083739914197e-06,C
1445706287,4,0.0001940195035902148,C
1445706287,4,0.00036436802418748915,C
1445706287,4,0.000344888270726984,C
1445706287,4,0.00035585756190592566,C
1445706287,4,0.00011662975250636975,C
3385400514,4,0.0,C
3385400514,4,0.0,C
3385400514,4,0.0,C
3385400514,4,0.0,C
3385400514,4,0.0,C
621690156,4,0.0,C
621690156,4,0.0,C
621690156,4,0.0,C
621690156,4,0.0,C
621690156,4,0.0,C
1214058429,4,-9.985906614695672e-05,C
1214058429,4,0.00018937497363491484,C
1214058429,4,5.37400036298985e-05,C
1214058429,4,0.00016965979221195138,C
1214058429,4,-2.221386302381223e-05,C
3599391724,4,9.112936081967504e-06,C
3599391724,4,-1.915310966871253e-05,C
3599391724,4,-1.3168745518599145e-05,C
3599391724,4,-2.374585846953714e-05,C
3599391724,4,-3.4194202533699425e-05,C
3992738647,4,0.00028180677476752347,C
3992738647,4,-7.682684596688194e-05,C
3992738647,4,0.00015612714157275942,C
3992738647,4,0.0006067943561745004,C
3992738647,4,-3.424155092179859e-05,C
1637770740,4,-0.0001433154422391114,C
1637770740,4,0.00014068471649841818,C
1637770740,4,-0.00010892759698688526,C
1637770740,4,-5.0538218600792995e-05,C
1637770740,4,8.475609507285764e-05,C
81315441,4,4.4542059588481564e-05,C
81315441,4,6.922534014475179e-05,C
81315441,4,-1.145881503128443e-06,C
81315441,4,6.053565915753456e-05,C
81315441,4,-1.2853598830298019e-05,C
3145023872,4,-0.0008802036542645553,C
3145023872,4,-4.255924899876362e-05,C
3145023872,4,-0.0005894409729149119,C
3145023872,4,-0.0004420287559987468,C
3145023872,4,-0.00012381504949532385,C
3135357859,4,0.0,
3135357859,4,0.0,
3135357859,4,0.0,
3135357859,4,0.0,
3135357859,4,0.0,
4078658161,4,0.0,
4078658161,4,0.0,
4078658161,4,0.0,
4078658161,4,0.0,
4078658161,4,0.0,
2064788354,4,0.0,C
2064788354,4,0.0,C
2064788354,4,0.0,C
2064788354,4,0.0,C
2064788354,4,0.0,C
3134606292,4,0.0,
3134606292,4,0.0,
3134606292,4,0.0,
3134606292,4,0.0,
3134606292,4,0.0,
1797524254,4,0.0,
1797524254,4,0.0,
1797524254,4,0.0,
1797524254,4,0.0,
1797524254,4,0.0,
77081066,4,0.0,C
77081066,4,0.0,C
77081066,4,0.0,C
77081066,4,0.0,C
77081066,4,0.0,C
3594356142,4,-2.7234421482225102e-05,C
3594356142,4,-0.00031511939642248077,C
3594356142,4,-0.00038351541703895986,C
3594356142,4,-0.0003444977880221467,C
3594356142,4,-0.00025111424016266426,C
3313841562,4,0.0,C
3313841562,4,0.0,C
3313841562,4,0.0,C
3313841562,4,0.0,C
3313841562,4,0.0,C
2506328221,4,0.0009704266302684728,C
2506328221,4,0.0001174108983561517,C
2506328221,4,0.0014084461811941784,C
2506328221,4,0.00025959799930974636,C
2506328221,4,-0.0003405186446787667,C
517432093,4,-0.00023641130017026946,C
517432093,4,-0.0003027914978299684,C
517432093,4,-0.00014037139948575028,C
517432093,4,-0.00038603752214549925,C
517432093,4,-0.00033355742134688615,C
1169352347,4,0.00013223583563837238,N
1169352347,4,0.0008440820632675816,N
1169352347,4,0.0008300525037941986,N
1169352347,4,0.00044338775554164656,N
1169352347,4,2.4743690124950923e-05,N
3010410747,4,-0.0007032038405465624,N
3010410747,4,-6.791053357235732e-05,N
3010410747,4,-0.0008970147433566833,N
3010410747,4,-0.0002659458514776558,N
3010410747,4,-2.396114397384963e-05,N
1693589848,4,-2.8755759621468258e-05,N
1693589848,4,-6.420605764645426e-05,N
1693589848,4,-2.9371822953816462e-05,N
1693589848,4,-5.245351014182553e-05,N
1693589848,4,-2.604266482131301e-05,N
4081436575,4,-3.6287571746340674e-06,C
4081436575,4,-0.00012581351473706093,C
4081436575,4,4.564077566360236e-05,C
4081436575,4,-8.245649014304579e-05,C
4081436575,4,-0.00013671698634676321,C
2975316496,4,0.0,C
2975316496,4,0.0,C
2975316496,4,0.0,C
2975316496,4,0.0,C
2975316496,4,0.0,C
3674630670,4,0.001210693310419897,C
3674630670,4,0.0009437982713728088,C
3674630670,4,2.5356074478843915e-05,C
3674630670,4,0.0006545816147415229,C
3674630670,4,-0.0005102864942079233,C
3350945806,4,0.00010413200012993062,C
3350945806,4,9.802383812207438e-06,C
3350945806,4,-9.423904725269772e-05,C
3350945806,4,0.00019300995136317667,C
3350945806,4,0.0003155070492175671,C
1397513080,4,0.0,O
1397513080,4,0.0,O
1397513080,4,0.0,O
1397513080,4,0.0,O
1397513080,4,0.0,O
3126934625,4,-3.917703887901247e-05,C
3126934625,4,-7.132508852414343e-05,C
3126934625,4,-0.0003449219484447097,C
3126934625,4,-0.00018076398100630442,C
3126934625,4,-6.420279179630839e-05,C
3995362948,4,0.0002642126974392589,N
3995362948,4,-5.597676103119564e-05,N
3995362948,4,-0.0002814682100800159,N
3995362948,4,-0.0003117726468626625,N
3995362948,4,-7.671090337035835e-05,N
1059124080,4,0.0,
1059124080,4,0.0,
1059124080,4,0.0,
1059124080,4,0.0,
1059124080,4,0.0,
1153930374,4,3.101459311127819e-05,C
1153930374,4,-5.689342769854555e-05,C
1153930374,4,-0.00012617630294231574,C
1153930374,4,7.154432315659154e-05,C
1153930374,4,-6.489908655882282e-05,C
1103832125,4,-8.868960298613615e-06,C
1103832125,4,-0.00011147508457798327,C
1103832125,4,6.707170608188928e-05,C
1103832125,4,-0.00018215564392998207,C
1103832125,4,6.797328908070277e-06,C
3577933307,4,0.0,
3577933307,4,0.0,
3577933307,4,0.0,
3577933307,4,0.0,
3577933307,4,0.0,
3988861584,4,0.00021386964650338403,C
3988861584,4,0.00017879287542654776,C
3988861584,4,0.0003560127689836712,C
3988861584,4,0.00043476333329339756,C
3988861584,4,0.0005504187769446167,C
2572035617,4,-2.3107413031131507e-05,N
2572035617,4,-0.00020632159785960447,N
2572035617,4,-0.0002664800057183836,N
2572035617,4,-0.00022136297161123863,N
2572035617,4,-0.0002416441119114099,N
3346153511,4,0.0,C
3346153511,4,0.0,C
3346153511,4,0.0,C
3346153511,4,0.0,C
3346153511,4,0.0,C
2918201879,4,0.0005232771170410322,C
2918201879,4,-0.00017240692779108002,C
2918201879,4,0.00018185112086599453,C
2918201879,4,0.0011179617787413498,C
2918201879,4,-7.403422978558005e-05,C
194638448,4,-0.00019338122126577595,C
194638448,4,-0.0002356572283545022,C
194638448,4,-0.0003396546830987113,C
194638448,4,5.164715530403541e-05,C
194638448,4,-0.00018331101746560385,C
869152089,4,0.0,
869152089,4,0.0,
869152089,4,0.0,
869152089,4,0.0,
869152089,4,0.0,
3804745459,4,0.0,
3804745459,4,0.0,
3804745459,4,0.0,
3804745459,4,0.0,
3804745459,4,0.0,
3755128710,4,0.0013446659871843014,C
3755128710,4,0.0012412681065986364,C
3755128710,4,0.0007489592531184641,C
3755128710,4,0.0008112619796672993,C
3755128710,4,0.0006105976950721015,C
1713195601,4,3.762653485905876e-05,C
1713195601,4,-2.865675962726577e-05,C
1713195601,4,0.0001992991235609809,C
1713195601,4,3.6377032697654244e-05,C
1713195601,4,-9.164839504749445e-06,C
1568606682,4,0.0006760084371205677,C
1568606682,4,0.001523912665159055,C
1568606682,4,0.0011790617396214564,C
1568606682,4,0.0025984857792729077,C
1568606682,4,0.0015523997546434964,C
2059730245,4,0.0020333645881912554,C
2059730245,4,0.001055426598739806,C
2059730245,4,0.0018092358416710308,C
2059730245,4,0.0017090483707982163,C
2059730245,4,0.0013638914591362905,C
2617658656,4,0.0,C
2617658656,4,0.0,C
2617658656,4,0.0,C
2617658656,4,0.0,C
2617658656,4,0.0,C
836300471,4,-0.0001548478280671839,C
836300471,4,-0.00012141971952628339,C
836300471,4,6.937238475657193e-05,C
836300471,4,0.00019282734047987304,C
836300471,4,3.855047826428759e-05,C
3490910321,4,0.0,C
3490910321,4,0.0,C
3490910321,4,0.0,C
3490910321,4,0.0,C
3490910321,4,0.0,C
3255046070,4,0.0,
3255046070,4,0.0,
3255046070,4,0.0,
3255046070,4,0.0,
3255046070,4,0.0,
2198820481,4,0.0,N
2198820481,4,0.0,N
2198820481,4,0.0,N
2198820481,4,0.0,N
2198820481,4,0.0,N
104625121,4,-0.0004097844011583529,N
104625121,4,0.00040835053353949213,N
104625121,4,0.0001324533275739448,N
104625121,4,-0.0005440786626640381,N
104625121,4,-0.0006950320036749336,N
3103858517,4,0.0,
3103858517,4,0.0,
3103858517,4,0.0,
3103858517,4,0.0,
3103858517,4,0.0,
1390475220,4,0.0,C
1390475220,4,0.0,C
1390475220,4,0.0,C
1390475220,4,0.0,C
1390475220,4,0.0,C
4006278292,4,0.0,N
4006278292,4,0.0,N
4006278292,4,0.0,N
4006278292,4,0.0,N
4006278292,4,0.0,N
1789200865,4,-0.00016125555872181785,C
1789200865,4,0.00012657408219329813,C
1789200865,4,4.784130020252242e-05,C
1789200865,4,0.0010382588093187373,C
1789200865,4,-2.339532853568027e-05,C
2291264872,4,0.0,C
2291264872,4,0.0,C
2291264872,4,0.0,C
2291264872,4,0.0,C
2291264872,4,0.0,C
2918205364,4,0.0,C
2918205364,4,-2.8669623189925275e-05,C
2918205364,4,-1.8564070947135747e-05,C
2918205364,4,-1.522120737529331e-05,C
2918205364,4,1.0138321783204063e-06,C
3798139026,4,-0.0001686536241767289,C
3798139026,4,-0.00016628531601770025,C
3798139026,4,-0.00012382196296634174,C
3798139026,4,-0.00017063089058044767,C
3798139026,4,-0.00015273737435606005,C
4223976160,4,0.0,
4223976160,4,0.0,
4223976160,4,0.0,
4223976160,4,0.0,
4223976160,4,0.0,
1511206547,4,-0.0005847668781751025,C
1511206547,4,-0.00023395818791938083,C
1511206547,4,-0.00019750126454343153,C
1511206547,4,-0.0002816155682688892,C
1511206547,4,-0.00017763113032842615,C
954800030,4,0.0,
954800030,4,0.0,
954800030,4,0.0,
954800030,4,0.0,
954800030,4,0.0,
2172997423,4,-0.00039791097124952657,C
2172997423,4,7.960139981055825e-05,C
2172997423,4,-0.00022246835152994748,C
2172997423,4,-0.00019341938926042967,C
2172997423,4,-0.0011736809936333525,C
1918025650,4,0.0,C
1918025650,4,0.0,C
1918025650,4,0.0,C
1918025650,4,0.0,C
1918025650,4,0.0,C
1491315937,4,1.599561223553092e-05,C
1491315937,4,-1.5441264975324387e-05,C
1491315937,4,7.489209442268496e-06,C
1491315937,4,-1.2242222529490476e-05,C
1491315937,4,-1.5564147393454242e-05,C
1271427701,4,-0.0010988308017079174,C
1271427701,4,-0.00047885502848976635,C
1271427701,4,-0.0006778557061424273,C
1271427701,4,-0.0006493876246377317,C
1271427701,4,-0.000720521846115374,C
876016289,4,-0.00024876308335797237,C
876016289,4,0.0005436915728429526,C
876016289,4,-8.629806602766799e-05,C
876016289,4,-0.0005655671964109876,C
876016289,4,-0.00025024912051963,C
759348397,4,-3.2331622886738742e-06,S
759348397,4,-2.592834949188827e-06,S
759348397,4,-3.17808795202712e-06,S
759348397,4,-3.2167937498162047e-06,S
759348397,4,-1.224196312765713e-06,S
3886074185,4,-0.0005628230335521511,C
3886074185,4,-0.00027643755125750236,C
3886074185,4,-0.00020089990111538114,C
3886074185,4,-0.00028791395705218825,C
3886074185,4,-0.00025607678442529647,C
3977047921,4,-4.1170990673800034e-05,N
3977047921,4,-8.298359078662276e-05,N
3977047921,4,0.0005989540688036143,N
3977047921,4,0.0001947827145918346,N
3977047921,4,-0.00011707749376854704,N
3386795352,4,0.0,
3386795352,4,0.0,
3386795352,4,0.0,
3386795352,4,0.0,
3386795352,4,0.0,
2640652321,4,-0.0005833645025248302,C
2640652321,4,-0.0014643531637533735,C
2640652321,4,-0.0002949395205761318,C
2640652321,4,-0.0014054164417336423,C
2640652321,4,-0.0013577025907572926,C
3644443517,4,0.0,C
3644443517,4,0.0,C
3644443517,4,0.0,C
3644443517,4,0.0,C
3644443517,4,0.0,C
805268291,4,0.0003314957270647012,C
805268291,4,0.00012728774103898388,C
805268291,4,-4.5717665133615526e-05,C
805268291,4,0.00018459667598658136,C
805268291,4,0.0002286030482928636,C
994494548,4,-6.391232278912806e-05,C
994494548,4,5.08281552484835e-05,C
994494548,4,-5.330120542079708e-05,C
994494548,4,0.00011208326881995134,C
994494548,4,-7.414486693835265e-06,C
3889081300,4,0.000583584628890299,C
3889081300,4,0.0004523153582963735,C
3889081300,4,0.0003133623276910802,C
3889081300,4,0.0005270922950817436,C
3889081300,4,3.5047100426122135e-05,C
3119383463,4,0.0,C
3119383463,4,0.0,C
3119383463,4,0.0,C
3119383463,4,0.0,C
3119383463,4,0.0,C
4142616092,4,0.0,C
4142616092,4,0.0,C
4142616092,4,0.0,C
4142616092,4,0.0,C
4142616092,4,0.0,C
3633569943,4,0.0,C
3633569943,4,0.0,C
3633569943,4,0.0,C
3633569943,4,0.0,C
3633569943,4,0.0,C
2810558781,4,-7.955196140563281e-05,C
2810558781,4,-7.142067300058841e-05,C
2810558781,4,-9.948462767472854e-05,C
2810558781,4,-1.6295500391616535e-05,C
2810558781,4,-5.770599559773437e-05,C
643572069,4,-0.0006439997094367378,C
643572069,4,-0.0009095370442933071,C
643572069,4,-0.0006085359271301716,C
643572069,4,-0.0003775900892695194,C
643572069,4,-0.000905773506787444,C
307525970,4,0.0,C
307525970,4,0.0,C
307525970,4,0.0,C
307525970,4,0.0,C
307525970,4,0.0,C
230478851,4,-0.0003502471298600929,C
230478851,4,-8.614414246499447e-05,C
230478851,4,-0.00018180872327344666,C
230478851,4,9.92438637004156e-06,C
230478851,4,-0.00010790965915852269,C
3353919692,4,-0.00011281977744481697,C
3353919692,4,5.320632589289609e-05,C
3353919692,4,-2.7295428195461824e-05,C
3353919692,4,-0.00019887220927117255,C
3353919692,4,5.397028918530111e-05,C
4201996000,4,0.0,
4201996000,4,0.0,
4201996000,4,0.0,
4201996000,4,0.0,
4201996000,4,0.0,
1523193891,4,0.0003130483975123388,C
1523193891,4,0.0006790273956954751,C
1523193891,4,0.0005206667129713516,C
1523193891,4,0.00041680323871795544,C
1523193891,4,0.0004234923351409403,C
2806469715,4,-2.8691426480764726e-05,C
2806469715,4,-6.827801749498263e-05,C
2806469715,4,3.1508292990811704e-05,C
2806469715,4,2.1277392633356484e-05,C
2806469715,4,-8.626891080865118e-05,C
3705007549,4,0.0,
3705007549,4,0.0,
3705007549,4,0.0,
3705007549,4,0.0,
3705007549,4,0.0,
1445715347,4,-0.000670654224017686,C
1445715347,4,-0.0011031656487808794,C
1445715347,4,-0.0015663048935679047,C
1445715347,4,0.00027664537641036713,C
1445715347,4,-0.0009280289555193555,C
4232889011,4,-3.322626248358773e-06,O
4232889011,4,5.532403165586786e-07,O
4232889011,4,3.8298035057726665e-05,O
4232889011,4,6.278454880215278e-06,O
4232889011,4,0.0,O
1932106328,4,-2.2607856407397264e-05,C
1932106328,4,-9.092799236676274e-05,C
1932106328,4,-6.065711079972225e-05,C
1932106328,4,-7.10140327176978e-05,C
1932106328,4,-0.000110629751683744,C
UNK,4,0.004595646107358742,
UNK,4,0.005986558900193062,
UNK,4,-0.0009581111750509574,
UNK,4,0.0005440450556005727,
UNK,4,0.008451322612547663,
