Substructure,Fold,Importance,Central Atom
3218693969,0,-0.0001537860232205,C
3218693969,0,-8.05501387605885e-05,C
3218693969,0,-0.000212985918086,C
3218693969,0,-9.194183855686708e-05,C
3218693969,0,0.0001447328988697,C
3217380708,0,0.0001128838287963,C
3217380708,0,6.445540509606579e-06,C
3217380708,0,0.0003433565156476,C
3217380708,0,-4.206381310755975e-05,C
3217380708,0,3.713521020831407e-05,C
951226070,0,-0.0004910047217123,C
951226070,0,-0.001172646790172,C
951226070,0,-0.0006088653621452,C
951226070,0,-0.0014474130444524,C
951226070,0,-0.0005325992922886,C
2968968094,0,-3.622349681755167e-05,C
2968968094,0,-1.0658714566343793e-05,C
2968968094,0,4.226537309124853e-05,C
2968968094,0,6.754815901030727e-05,C
2968968094,0,8.541649608753959e-05,C
2245384272,0,0.0002559735991021,C
2245384272,0,0.0004193292611076,C
2245384272,0,0.0001711176993404,C
2245384272,0,0.0002482111340992,C
2245384272,0,0.0003482230726806,C
864942730,0,8.35768227368406e-05,O
864942730,0,4.185550096874775e-05,O
864942730,0,6.745800791625473e-05,O
864942730,0,0.0002117616791878,O
864942730,0,-0.0001258885311061,O
2246728737,0,0.0001329433548599,C
2246728737,0,9.64281933060456e-05,C
2246728737,0,0.0001681171413648,C
2246728737,0,0.0001692450964601,C
2246728737,0,-4.952535964809334e-05,C
98513984,0,-2.184131615820973e-05,C
98513984,0,-0.0013455791613221,C
98513984,0,0.000392663978811,C
98513984,0,-0.0003108852346632,C
98513984,0,2.853017431049196e-05,C
2041434490,0,0.0005322501970035,N
2041434490,0,0.0001434220257567,N
2041434490,0,0.0003752222636381,N
2041434490,0,0.0002812422522076,N
2041434490,0,7.196533534841593e-05,N
2246699815,0,0.000141454193698,C
2246699815,0,0.0001768589607151,C
2246699815,0,0.0002121325102581,C
2246699815,0,0.0001305866250637,C
2246699815,0,0.0001773197313441,C
994485099,0,8.498752395073167e-05,C
994485099,0,2.9663850816854555e-05,C
994485099,0,0.0003444585882186,C
994485099,0,-0.0001201104633834,C
994485099,0,-0.0002852994708558,C
1510328189,0,0.0005485151149844,O
1510328189,0,0.0001269473379761,O
1510328189,0,-0.0001602838474176,O
1510328189,0,-0.000114309737496,O
1510328189,0,0.0004513541972307,O
3999906991,0,4.932517368268045e-06,C
3999906991,0,-0.0008899374012054,C
3999906991,0,-0.000126497720166,C
3999906991,0,-0.0004214290461474,C
3999906991,0,-0.000413074091329,C
2976033787,0,-0.000193866277181,C
2976033787,0,-0.0001929647913627,C
2976033787,0,-0.0002460551056739,C
2976033787,0,-0.000125851619771,C
2976033787,0,-0.0001725824790612,C
2092489639,0,0.0002747655544007,N
2092489639,0,0.0002952240541192,N
2092489639,0,0.0001485942686272,N
2092489639,0,0.0005598636631857,N
2092489639,0,0.0005858937770981,N
847961216,0,-0.0001718741227458,N
847961216,0,-0.0002757993815215,N
847961216,0,-0.0003279536843708,N
847961216,0,-0.0002132851800843,N
847961216,0,-0.0002021892963372,N
882399112,0,2.955057283829648e-05,F
882399112,0,-3.272502615711548e-06,F
882399112,0,1.1720272941760123e-05,F
882399112,0,-3.0852955031218654e-06,F
882399112,0,2.938950456693283e-05,F
2803848648,0,0.0001134410484745,C
2803848648,0,0.0003473262146231,C
2803848648,0,-7.044873865835223e-05,C
2803848648,0,0.0003092430407514,C
2803848648,0,7.770457041188054e-05,C
2117068077,0,0.0001450984433825,C
2117068077,0,-4.550548818534235e-05,C
2117068077,0,0.0001627721529437,C
2117068077,0,-5.224316749986337e-06,C
2117068077,0,1.0147848752583254e-05,C
864674487,0,-7.087550367751959e-05,O
864674487,0,-1.5026006918399462e-05,O
864674487,0,-4.7963744446162526e-05,O
864674487,0,4.5218405599867575e-05,O
864674487,0,-1.7869089813419073e-05,O
864662311,0,4.056911926302118e-05,O
864662311,0,3.828153399504028e-06,O
864662311,0,2.824059463555489e-05,O
864662311,0,3.1922465942051635e-05,O
864662311,0,-3.803220269735317e-05,O
2245273601,0,4.035930934180587e-05,C
2245273601,0,3.6258772896763033e-05,C
2245273601,0,3.243781117036673e-05,C
2245273601,0,2.2673482058277808e-05,C
2245273601,0,1.043758823999954e-05,C
1100037548,0,-0.0001662575979459,N
1100037548,0,0.0002108333736296,N
1100037548,0,1.2786155817472514e-05,N
1100037548,0,3.627733541016094e-06,N
1100037548,0,-0.0002028319885476,N
485463469,0,-4.462798219219237e-06,F
485463469,0,-8.876742437539074e-06,F
485463469,0,5.55803550581109e-06,F
485463469,0,-4.462798219219237e-06,F
485463469,0,-4.462798219219237e-06,F
1101907775,0,-0.0004639217388559,N
1101907775,0,-0.0004069877807529,N
1101907775,0,-5.49851525303794e-05,N
1101907775,0,0.0004912841948163,N
1101907775,0,-0.0013143023712736,N
10565946,0,-0.0006809410970978,O
10565946,0,-1.3707560390138762e-05,O
10565946,0,-0.0034951007274113,O
10565946,0,-0.0031845677346636,O
10565946,0,0.0001373079354127,O
2076190208,0,-0.0001729519106947,O
2076190208,0,-0.0001842272001748,O
2076190208,0,-0.0001508248350076,O
2076190208,0,-4.343940727900061e-05,O
2076190208,0,-4.9048394358445525e-05,O
2142032900,0,-0.0001441252104922,C
2142032900,0,-0.0001088242177448,C
2142032900,0,-0.0001906072142414,C
2142032900,0,8.752520401348468e-05,C
2142032900,0,-0.0001518542272009,C
2132511834,0,0.000287573868457,N
2132511834,0,0.0001880509462813,N
2132511834,0,-0.0001789353278874,N
2132511834,0,0.0002331970535004,N
2132511834,0,0.00023429621308,N
1312131881,0,1.3226959438807778e-05,C
1312131881,0,0.0,C
1312131881,0,3.6446765393077785e-06,C
1312131881,0,3.6446765393077785e-06,C
1312131881,0,0.0,C
2353112200,0,-6.620575455221211e-05,C
2353112200,0,-3.069056726645852e-05,C
2353112200,0,-3.572721634265228e-05,C
2353112200,0,0.0001267020656353,C
2353112200,0,4.4799244611424746e-05,C
4121755354,0,-7.984414156881042e-05,C
4121755354,0,6.243733580760247e-05,C
4121755354,0,-8.363028256370454e-05,C
4121755354,0,0.0001151385278908,C
4121755354,0,-8.466043824394143e-05,C
1054767590,0,-1.4425341174784806e-06,C
1054767590,0,-5.548840175841237e-05,C
1054767590,0,9.692429231387792e-05,C
1054767590,0,4.1684376220936514e-06,C
1054767590,0,-3.177459124642599e-05,C
3537119515,0,-0.000115152336216,C
3537119515,0,-0.0002522235479789,C
3537119515,0,-6.019182381337366e-05,C
3537119515,0,1.4688061881399858e-05,C
3537119515,0,-2.814901976126629e-05,C
1510461303,0,-0.0007594227344103,C
1510461303,0,-1.0141023585458209e-07,C
1510461303,0,-0.0007769371171194,C
1510461303,0,-0.0004994977147501,C
1510461303,0,-0.0007191253634373,C
4216335232,0,5.577457346490119e-05,C
4216335232,0,8.104595994486499e-05,C
4216335232,0,5.55530339021908e-05,C
4216335232,0,5.0085780069358994e-05,C
4216335232,0,4.269775535885659e-05,C
3189457552,0,-6.56355934498809e-08,O
3189457552,0,3.0246699719176963e-05,O
3189457552,0,-0.0001201228949868,O
3189457552,0,-0.0001298307484289,O
3189457552,0,0.0001347212448394,O
2228063684,0,3.507323564429232e-05,O
2228063684,0,-7.055650302733706e-05,O
2228063684,0,4.0279171578382414e-05,O
2228063684,0,-2.48164131978236e-06,O
2228063684,0,0.000104603359321,O
3777168895,0,-0.0001899160084804,C
3777168895,0,-0.0005825924462434,C
3777168895,0,-0.0008557306703094,C
3777168895,0,-0.0008421699009896,C
3777168895,0,-0.0035725086790381,C
1016841875,0,0.0001482293383166,Cl
1016841875,0,0.0001541643067528,Cl
1016841875,0,-4.051489892658092e-05,Cl
1016841875,0,-0.0001668321828125,Cl
1016841875,0,-0.0001022220217426,Cl
422715066,0,0.000406148794697,C
422715066,0,-0.0002346115049527,C
422715066,0,0.000166783918384,C
422715066,0,-0.0001785889828944,C
422715066,0,6.627571855381993e-06,C
3452535345,0,-0.0001228240488096,Cl
3452535345,0,-0.0003563611593995,Cl
3452535345,0,-0.0004713563606655,Cl
3452535345,0,6.939478246019686e-05,Cl
3452535345,0,-0.0002525323409213,Cl
1429883190,0,7.313288954978112e-06,C
1429883190,0,2.093977092273384e-05,C
1429883190,0,9.540152658979795e-07,C
1429883190,0,4.528328600573485e-05,C
1429883190,0,5.529077360859162e-05,C
2763854213,0,-0.0002296949697244,C
2763854213,0,-0.0002796896640015,C
2763854213,0,-2.8423944180288284e-05,C
2763854213,0,-0.0002477429377718,C
2763854213,0,-0.0001686638909345,C
2424973678,0,-1.4858621129742663e-05,C
2424973678,0,2.289535487753902e-06,C
2424973678,0,4.836105628077715e-06,C
2424973678,0,-1.8040087410554902e-05,C
2424973678,0,-2.3822323089816785e-05,C
847957139,0,0.0003374554333992,N
847957139,0,0.0004045600715757,N
847957139,0,0.0001794723981052,N
847957139,0,0.0002333746412324,N
847957139,0,0.0001905740727843,N
1182622762,0,-2.7428953751377705e-05,C
1182622762,0,2.933840863201653e-05,C
1182622762,0,2.9189863582033786e-05,C
1182622762,0,-0.0001015533032036,C
1182622762,0,1.4257505588122742e-05,C
1857396528,0,5.348539834851805e-06,C
1857396528,0,-1.5522387665136556e-06,C
1857396528,0,-5.85740002851786e-06,C
1857396528,0,-7.124830364209529e-06,C
1857396528,0,-5.118603714628772e-06,C
3337745083,0,-0.0002443043879139,F
3337745083,0,-0.0002030141096221,F
3337745083,0,-0.0004874194116023,F
3337745083,0,-0.0001735112622706,F
3337745083,0,-1.499104398059066e-05,F
4222851645,0,5.613350658410093e-07,C
4222851645,0,-1.6063910335645595e-05,C
4222851645,0,1.3612756779007168e-06,C
4222851645,0,1.702983221205101e-06,C
4222851645,0,-1.2156168128305694e-06,C
3975275337,0,-0.0002950423368626,C
3975275337,0,-0.000308238757968,C
3975275337,0,-0.0003443341808231,C
3975275337,0,-0.0001522048571017,C
3975275337,0,-0.0003263876819665,C
3692055567,0,-0.0003995908428214,C
3692055567,0,-0.0002438053558612,C
3692055567,0,7.121380520321713e-05,C
3692055567,0,-0.0008388823905005,C
3692055567,0,0.0003144494911888,C
2944555726,0,-4.2596079341919967e-05,C
2944555726,0,-5.797406248922096e-05,C
2944555726,0,1.5270185694080292e-05,C
2944555726,0,4.069753949999429e-05,C
2944555726,0,1.7388600812275924e-05,C
2245277810,0,1.9440403060309e-05,C
2245277810,0,-6.004111438136922e-06,C
2245277810,0,-5.756469607469221e-06,C
2245277810,0,-2.07027850802205e-06,C
2245277810,0,2.166340885832209e-06,C
3983062349,0,0.0001504800659781,C
3983062349,0,-4.176223534014395e-05,C
3983062349,0,-6.659473209633809e-07,C
3983062349,0,-0.0002371200828379,C
3983062349,0,-0.0002223806504797,C
2246340824,0,0.0002141455971446,C
2246340824,0,-5.322507911259371e-06,C
2246340824,0,2.071970909319105e-05,C
2246340824,0,-2.37120536053341e-06,C
2246340824,0,0.0002660752182583,C
2976816164,0,7.431029557713499e-06,C
2976816164,0,2.101379939042046e-05,C
2976816164,0,9.184676517033988e-06,C
2976816164,0,2.7424814366774387e-05,C
2976816164,0,2.2915821873399286e-05,C
3776905034,0,-5.169960594329174e-05,C
3776905034,0,-5.150413914735332e-05,C
3776905034,0,-0.000180751872142,C
3776905034,0,-0.0001655754944726,C
3776905034,0,-2.768770121679924e-05,C
3542456614,0,-0.0001351828638572,C
3542456614,0,-0.0001842240096789,C
3542456614,0,-0.0005314756636648,C
3542456614,0,-0.0007503867228295,C
3542456614,0,-0.0004136475715217,C
3537123720,0,9.53436275210988e-06,C
3537123720,0,-1.3535835416361372e-05,C
3537123720,0,-2.195103332049489e-06,C
3537123720,0,1.4263250591107364e-05,C
3537123720,0,-1.0474368755742857e-05,C
1637836422,0,3.506707129985985e-06,C
1637836422,0,5.421166186125002e-06,C
1637836422,0,1.063790704762882e-06,C
1637836422,0,5.477521934840225e-06,C
1637836422,0,-1.3861029765551566e-07,C
3162837314,0,-7.580216088811688e-05,C
3162837314,0,-0.0002691234442532,C
3162837314,0,-0.000166060497136,C
3162837314,0,2.593040952808632e-05,C
3162837314,0,-6.421823665251486e-05,C
3982076256,0,6.109795203513169e-05,C
3982076256,0,4.0730174037138106e-05,C
3982076256,0,4.705600243588588e-05,C
3982076256,0,5.647319843937303e-05,C
3982076256,0,5.655339166219832e-05,C
1362518133,0,2.364211775438084e-05,N
1362518133,0,1.485589379326014e-05,N
1362518133,0,1.5541790474624985e-05,N
1362518133,0,2.586669641122842e-05,N
1362518133,0,2.511997143177236e-06,N
1135286194,0,0.0002084892943281,C
1135286194,0,8.423244387135032e-05,C
1135286194,0,3.445137567634638e-05,C
1135286194,0,-1.2438327119028078e-05,C
1135286194,0,0.0001286255962883,C
1790668568,0,1.454135368316855e-05,N
1790668568,0,0.0003565306887045,N
1790668568,0,0.000306822284101,N
1790668568,0,-1.2222787864339842e-05,N
1790668568,0,0.0005632947836212,N
3124581743,0,-7.498158355088991e-05,C
3124581743,0,-6.65970648734528e-05,C
3124581743,0,-0.000106788460527,C
3124581743,0,-0.0001216506347881,C
3124581743,0,-2.158483156427301e-05,C
2119439498,0,9.525043083598651e-05,C
2119439498,0,2.320618222308429e-05,C
2119439498,0,1.8531545143958203e-05,C
2119439498,0,8.034899402938056e-06,C
2119439498,0,3.305567345656367e-05,C
1533864325,0,5.212240509555686e-05,O
1533864325,0,5.9721510466233946e-05,O
1533864325,0,5.705434573260136e-06,O
1533864325,0,2.2452107956656697e-05,O
1533864325,0,5.051392335464477e-05,O
4278941385,0,-2.152887707629683e-06,C
4278941385,0,1.3961818307944678e-05,C
4278941385,0,-2.616029471276537e-06,C
4278941385,0,7.160513975359648e-07,C
4278941385,0,1.179193161182819e-06,C
3918336191,0,-9.386138533044527e-05,C
3918336191,0,-0.0001188914915652,C
3918336191,0,-6.339286757579398e-05,C
3918336191,0,1.2442511810853776e-05,C
3918336191,0,-8.156222742172411e-05,C
2560252747,0,-6.029864720658203e-06,C
2560252747,0,-2.1723862197334763e-05,C
2560252747,0,-5.168247161797812e-06,C
2560252747,0,-4.5873823441931055e-05,C
2560252747,0,-1.1320020240356691e-05,C
999334238,0,-5.2533880252413935e-05,S
999334238,0,2.472944975938536e-06,S
999334238,0,-7.845009141190656e-06,S
999334238,0,-4.166722712326508e-05,S
999334238,0,9.098752151838994e-06,S
1173125914,0,-0.0035926725943868,C
1173125914,0,-0.0018922135493003,C
1173125914,0,-0.0036098283399692,C
1173125914,0,-0.0033188724649291,C
1173125914,0,-0.0029029118043025,C
2994748777,0,-0.0001141284118832,C
2994748777,0,-5.072361843539916e-05,C
2994748777,0,-6.8621740342278414e-06,C
2994748777,0,0.0001362580116058,C
2994748777,0,-4.849292629028473e-05,C
3351556771,0,4.226696879054345e-05,S
3351556771,0,-0.0002244086287981,S
3351556771,0,1.7467353786262615e-05,S
3351556771,0,8.025459709755552e-06,S
3351556771,0,4.828542414679008e-05,S
2509211297,0,1.361188079471859e-05,C
2509211297,0,-3.829049610245671e-05,C
2509211297,0,-3.213824852752942e-05,C
2509211297,0,-4.813632075857145e-05,C
2509211297,0,1.5169392455367456e-05,C
848128881,0,-4.529776376362669e-05,N
848128881,0,5.265705953170011e-06,N
848128881,0,-2.190562418202119e-05,N
848128881,0,-1.6503682464295323e-05,N
848128881,0,-1.968676249578665e-05,N
2246703798,0,-3.4812129224206373e-06,C
2246703798,0,3.795858629969569e-05,C
2246703798,0,1.4555874773999194e-05,C
2246703798,0,1.1730289385981918e-05,C
2246703798,0,1.223325424607076e-05,C
1276993226,0,7.837359583733917e-05,C
1276993226,0,3.81635757571502e-05,C
1276993226,0,0.0001496531145894,C
1276993226,0,0.0002527456006965,C
1276993226,0,0.0001088076793136,C
2984966880,0,-2.9928473846065062e-05,C
2984966880,0,-5.742323994825313e-06,C
2984966880,0,-7.771455048473114e-05,C
2984966880,0,2.165803090547168e-05,C
2984966880,0,3.200701560373675e-05,C
3315826729,0,2.593912148196337e-05,C
3315826729,0,-2.1396225615185303e-05,C
3315826729,0,-2.3969564494474155e-05,C
3315826729,0,3.625770829558672e-05,C
3315826729,0,3.055336567280454e-05,C
2115476908,0,-3.8016217242592062e-06,O
2115476908,0,-2.913047931234289e-05,O
2115476908,0,7.505657036883072e-05,O
2115476908,0,0.0001497959628385,O
2115476908,0,-2.678112499829039e-05,O
717512901,0,1.4895514011797548e-05,N
717512901,0,-9.155305823797984e-06,N
717512901,0,-0.000166376557798,N
717512901,0,-8.835838027017751e-05,N
717512901,0,-9.36301372142399e-05,N
2245900962,0,5.86102891314156e-05,C
2245900962,0,5.755882406790688e-05,C
2245900962,0,6.031669792882707e-05,C
2245900962,0,6.435230409346585e-05,C
2245900962,0,4.750331344843123e-05,C
3848534832,0,-2.590663343749432e-05,C
3848534832,0,8.559486370957135e-05,C
3848534832,0,-1.1595718746811728e-05,C
3848534832,0,1.0798364202188604e-06,C
3848534832,0,3.3868784783466777e-06,C
3182824521,0,0.0002077546421003,C
3182824521,0,0.0002678469717535,C
3182824521,0,-0.0002587755035219,C
3182824521,0,0.0001589811829783,C
3182824521,0,6.986135609649002e-05,C
26234434,0,-6.266402813343008e-05,O
26234434,0,3.487028352517751e-05,O
26234434,0,-6.524846545346262e-05,O
26234434,0,-5.652989513223704e-05,O
26234434,0,-0.0001355251539675,O
288315894,0,4.830622248212964e-06,S
288315894,0,1.371380681102971e-06,S
288315894,0,-1.513598538686791e-05,S
288315894,0,9.762025163952484e-06,S
288315894,0,1.2666750436889432e-05,S
2811394787,0,-2.673201834953609e-05,C
2811394787,0,2.3007893105524667e-05,C
2811394787,0,1.052658795056092e-05,C
2811394787,0,-3.824165859871165e-05,C
2811394787,0,-2.630793728786423e-05,C
19852674,0,1.1389251441788937e-05,C
19852674,0,-1.0653567498316791e-06,C
19852674,0,4.706904922581467e-06,C
19852674,0,3.506707129985985e-06,C
19852674,0,-9.2767299635782e-07,C
1861965050,0,-5.29357400844057e-06,C
1861965050,0,-2.5901187917787283e-06,C
1861965050,0,-3.669161188107374e-05,C
1861965050,0,-3.7198737423674647e-05,C
1861965050,0,1.7280308387077753e-06,C
2423543607,0,3.3030488914695053e-06,C
2423543607,0,1.346669104894914e-05,C
2423543607,0,-8.27251242738105e-06,C
2423543607,0,1.0284053153101873e-05,C
2423543607,0,1.346669104894914e-05,C
1257718710,0,2.184882138206619e-05,C
1257718710,0,-0.0001770962389186,C
1257718710,0,-0.0001313406146712,C
1257718710,0,5.450936323225363e-05,C
1257718710,0,1.842266993343916e-05,C
2784506312,0,7.417419483205997e-06,C
2784506312,0,3.9766868382635e-06,C
2784506312,0,-5.444515391445949e-06,C
2784506312,0,-1.7854197256299276e-06,C
2784506312,0,3.354093793478744e-07,C
3818546315,0,1.3132939551178946e-05,C
3818546315,0,-2.854980185607384e-05,C
3818546315,0,1.9620580518043065e-05,C
3818546315,0,4.344191036908824e-05,C
3818546315,0,-2.465903790687708e-05,C
3657471097,0,6.876275028804783e-05,C
3657471097,0,7.011693042328383e-05,C
3657471097,0,-4.544506848550272e-05,C
3657471097,0,6.264772470743803e-05,C
3657471097,0,7.642768550950377e-05,C
2360741695,0,3.821629044567336e-05,C
2360741695,0,7.307015228161847e-05,C
2360741695,0,-3.110262868161011e-06,C
2360741695,0,-9.10012138996292e-06,C
2360741695,0,-1.3463426292305292e-05,C
551287920,0,3.0504244249043508e-05,C
551287920,0,1.5516296420799505e-05,C
551287920,0,1.934792160253416e-05,C
551287920,0,5.714652487971185e-06,C
551287920,0,3.003724758145806e-05,C
1842898132,0,-6.0547754694974254e-05,C
1842898132,0,9.423708094713663e-06,C
1842898132,0,-2.251670838976112e-05,C
1842898132,0,-5.171690656213465e-05,C
1842898132,0,-4.700713970705664e-05,C
2832976762,0,6.970433215908699e-06,C
2832976762,0,1.1903120944753084e-05,C
2832976762,0,-1.0325017525024231e-05,C
2832976762,0,6.845939597017493e-06,C
2832976762,0,-1.077334192587428e-05,C
2309124039,0,-0.0003549128703056,C
2309124039,0,0.0001606672983579,C
2309124039,0,0.0004157817249789,C
2309124039,0,-0.0002516796189768,C
2309124039,0,-0.0001684796248713,C
2591432844,0,1.0657034222772909e-05,N
2591432844,0,3.815940237858646e-05,N
2591432844,0,3.691069513889547e-05,N
2591432844,0,3.102181163205063e-05,N
2591432844,0,2.488176127499707e-05,N
963029399,0,5.839616725442261e-05,N
963029399,0,-7.484752257845735e-06,N
963029399,0,1.5284831618597727e-05,N
963029399,0,-3.297210616052832e-05,N
963029399,0,1.961458641599502e-05,N
3884454603,0,-2.391693086522227e-06,C
3884454603,0,-3.045400310780315e-06,C
3884454603,0,1.3119808844305574e-05,C
3884454603,0,-3.5487918634564096e-05,C
3884454603,0,-3.1982028907643484e-06,C
4089138501,0,2.727222907212591e-05,C
4089138501,0,2.2672344667637803e-05,C
4089138501,0,-2.914470252392276e-07,C
4089138501,0,6.486263578005767e-05,C
4089138501,0,6.550817001516052e-05,C
932712697,0,7.426261909478094e-07,O
932712697,0,-3.076058464850876e-05,O
932712697,0,1.6333421976432415e-05,O
932712697,0,2.727815167323077e-05,O
932712697,0,2.1701330674295943e-05,O
1634606847,0,-1.046498456661396e-05,N
1634606847,0,-1.0926741865669234e-05,N
1634606847,0,1.13101621578085e-05,N
1634606847,0,3.164627189878623e-05,N
1634606847,0,2.690709776345668e-05,N
3624155,0,-2.8868872142705747e-05,C
3624155,0,1.3254295253588807e-05,C
3624155,0,-2.216085233853765e-05,C
3624155,0,1.5960519298766074e-06,C
3624155,0,-2.4262037771609343e-05,C
161963127,0,-1.2674303356916689e-06,C
161963127,0,-1.2674303356916689e-06,C
161963127,0,6.006489411160276e-07,C
161963127,0,3.904800952771875e-06,C
161963127,0,6.006489411160276e-07,C
2257970297,0,-2.3574491856133244e-05,C
2257970297,0,-5.175680097992824e-05,C
2257970297,0,7.268593623484688e-05,C
2257970297,0,5.797227670886751e-05,C
2257970297,0,3.0601114455030415e-05,C
787069595,0,-3.1384808569488894e-05,C
787069595,0,-7.502898745470783e-06,C
787069595,0,-4.123349106463937e-05,C
787069595,0,-4.989765654973399e-05,C
787069595,0,-6.582616350570784e-05,C
517457164,0,-2.695467117548242e-06,C
517457164,0,-7.178734938924868e-06,C
517457164,0,-1.1418548912347018e-05,C
517457164,0,2.7636418584537845e-06,C
517457164,0,-3.5294238278620743e-06,C
3207567135,0,1.0048131071625256e-05,C
3207567135,0,2.521372406878893e-05,C
3207567135,0,2.2795583915008293e-05,C
3207567135,0,8.063713979253317e-06,C
3207567135,0,3.484572685330707e-05,C
435232729,0,-5.636169097156512e-05,N
435232729,0,-6.719325022670839e-05,N
435232729,0,-0.0001225854450983,N
435232729,0,5.423044434660612e-05,N
435232729,0,7.986731451455845e-05,N
2806018737,0,-4.835211320259811e-06,C
2806018737,0,2.3102551671158947e-05,C
2806018737,0,1.278620370271169e-05,C
2806018737,0,1.9325252502733724e-05,C
2806018737,0,1.003343423291829e-06,C
4008337421,0,2.9418171392068745e-05,C
4008337421,0,-3.229394536507883e-05,C
4008337421,0,-6.494312201477549e-05,C
4008337421,0,-6.175974359513663e-05,C
4008337421,0,-4.141302723792949e-05,C
3026394695,0,5.885607341086022e-07,C
3026394695,0,-1.6141490258889807e-05,C
3026394695,0,-2.138705733837481e-05,C
3026394695,0,-1.80245163872092e-05,C
3026394695,0,-1.1126162329838133e-05,C
2296565457,0,-0.0034265794845104,N
2296565457,0,-0.0026851490790184,N
2296565457,0,-0.0027180720523601,N
2296565457,0,-0.0032255060488835,N
2296565457,0,-0.0008158270106545,N
2089117413,0,4.230345711551085e-05,C
2089117413,0,4.205674793884839e-05,C
2089117413,0,3.127722509681935e-05,C
2089117413,0,8.417457792096392e-05,C
2089117413,0,6.884129822691022e-05,C
572760528,0,-5.574793215765931e-05,C
572760528,0,-1.853761062495848e-05,C
572760528,0,-3.0560862587669484e-05,C
572760528,0,-2.127864218445536e-05,C
572760528,0,-0.0001059002850783,C
3002759401,0,2.426512979957808e-06,C
3002759401,0,4.544326043554557e-06,C
3002759401,0,-2.4915178047169376e-05,C
3002759401,0,-1.3132464316946773e-05,C
3002759401,0,-4.293616307054701e-06,C
3118255683,0,4.619321899193823e-05,N
3118255683,0,-6.4863453263838e-06,N
3118255683,0,-3.055767848617573e-05,N
3118255683,0,-1.224624060146371e-05,N
3118255683,0,-1.1590302756706548e-05,N
74537039,0,-4.861427783743426e-06,C
74537039,0,3.044027598191751e-06,C
74537039,0,0.0,C
74537039,0,8.541987703090254e-07,C
74537039,0,3.894695949567886e-06,C
2473389857,0,-0.0034152443692861,C
2473389857,0,-0.0003264209336649,C
2473389857,0,-4.048937386818153e-05,C
2473389857,0,0.0002643966335045,C
2473389857,0,-0.0005149392207942,C
899522707,0,0.0,
899522707,0,0.0,
899522707,0,0.0,
899522707,0,0.0,
899522707,0,0.0,
675765711,0,0.0,C
675765711,0,0.0,C
675765711,0,0.0,C
675765711,0,0.0,C
675765711,0,0.0,C
1313967653,0,-2.6550876664041025e-05,C
1313967653,0,-2.375336157637349e-05,C
1313967653,0,-1.040176620357644e-05,C
1313967653,0,-1.42969286197267e-05,C
1313967653,0,7.914678700783433e-06,C
3855312692,0,-1.2856545323112511e-05,C
3855312692,0,-1.0258899576993594e-05,C
3855312692,0,-9.657147515692093e-06,C
3855312692,0,-9.657147515692093e-06,C
3855312692,0,3.904800952771875e-06,C
1083852209,0,0.0008574222602877,N
1083852209,0,0.000810470463063,N
1083852209,0,0.0009209163201415,N
1083852209,0,0.0008307985552712,N
1083852209,0,0.0008419234140378,N
2905660137,0,-5.316136987851619e-06,C
2905660137,0,-7.124830364209529e-06,C
2905660137,0,-4.487016308354908e-06,C
2905660137,0,-1.0486268195187935e-05,C
2905660137,0,-1.602018122658349e-05,C
3579962709,0,-4.6269483464478345e-05,C
3579962709,0,-4.73993882182458e-05,C
3579962709,0,-8.476066587414545e-05,C
3579962709,0,-9.764591737615112e-05,C
3579962709,0,-7.93411632570894e-05,C
4041573576,0,-0.0001460392495035,C
4041573576,0,-2.885006158964698e-05,C
4041573576,0,-0.0001405173275272,C
4041573576,0,5.587323937060289e-05,C
4041573576,0,-5.4811870260686527e-05,C
64070612,0,6.60563284727439e-07,C
64070612,0,5.212086389480477e-05,C
64070612,0,3.106501684436297e-05,C
64070612,0,3.749926053366916e-05,C
64070612,0,2.5445191215658566e-05,C
729796064,0,-1.1177634143077694e-05,C
729796064,0,2.706649042974636e-05,C
729796064,0,2.7463904793004548e-05,C
729796064,0,4.670369789075077e-05,C
729796064,0,3.486376057378667e-05,C
1070821685,0,1.2630823757056944e-06,C
1070821685,0,1.2630823757056944e-06,C
1070821685,0,0.0,C
1070821685,0,0.0,C
1070821685,0,0.0,C
3820826669,0,-0.0012939144007309,C
3820826669,0,0.0008774957538275,C
3820826669,0,-0.0015204563831044,C
3820826669,0,-0.0015738368398874,C
3820826669,0,-0.000105595557964,C
2223687999,0,-5.987477090158011e-05,C
2223687999,0,-4.080995244531288e-05,C
2223687999,0,-0.0001060718241521,C
2223687999,0,-5.2401874059034015e-06,C
2223687999,0,-4.415480940208206e-05,C
2435680164,0,0.0002577035094919,N
2435680164,0,0.0002797211729512,N
2435680164,0,0.0004768702245147,N
2435680164,0,0.0003941489528358,N
2435680164,0,0.0003575835619468,N
600629739,0,6.66211598138438e-05,N
600629739,0,4.722721449007365e-05,N
600629739,0,5.287005978206992e-05,N
600629739,0,1.3870797608376076e-05,N
600629739,0,8.454135815655784e-05,N
2370996728,0,-1.982387495201924e-05,C
2370996728,0,-2.854749943007398e-05,C
2370996728,0,-3.879461753260316e-05,C
2370996728,0,7.317712420987395e-06,C
2370996728,0,-3.088586894248006e-05,C
266675433,0,0.0,O
266675433,0,-6.0175206130237e-07,O
266675433,0,-6.0175206130237e-07,O
266675433,0,0.0,O
266675433,0,-6.0175206130237e-07,O
2720313463,0,0.000122396232315,C
2720313463,0,4.875105644622756e-05,C
2720313463,0,7.842180384315563e-05,C
2720313463,0,8.044257618637553e-05,C
2720313463,0,6.910921391101513e-05,C
847433064,0,-1.157843617658437e-05,N
847433064,0,-1.4185573344216612e-05,N
847433064,0,-9.745743561371568e-06,N
847433064,0,-1.5030748490752964e-05,N
847433064,0,1.8224638890920047e-05,N
2551483158,0,-1.4742238782282887e-05,N
2551483158,0,-4.662320092724791e-05,N
2551483158,0,-4.6822502152718895e-05,N
2551483158,0,4.075736252966925e-05,N
2551483158,0,-2.759748849058725e-05,N
3933537673,0,3.181534775660924e-06,C
3933537673,0,-4.636046885293094e-07,C
3933537673,0,3.181534775660924e-06,C
3933537673,0,-4.636046885293094e-07,C
3933537673,0,-4.636046885293094e-07,C
3458774156,0,4.099189643914404e-05,N
3458774156,0,-0.0001869515379231,N
3458774156,0,5.775438923136082e-05,N
3458774156,0,-0.0003801512697694,N
3458774156,0,-0.0003510211912812,N
642367021,0,2.9038360781219463e-05,C
642367021,0,2.645322620529241e-05,C
642367021,0,1.347300362935632e-05,C
642367021,0,3.568669602880322e-05,C
642367021,0,9.109331797652054e-06,C
847336149,0,-2.107459523150324e-05,N
847336149,0,-2.619401828830685e-05,N
847336149,0,-2.9773651488544835e-05,N
847336149,0,-3.171566485758899e-05,N
847336149,0,-2.7086015484822576e-05,N
3182177290,0,0.0,C
3182177290,0,0.0,C
3182177290,0,4.631417636468544e-07,C
3182177290,0,4.631417636468544e-07,C
3182177290,0,4.631417636468544e-07,C
1167322652,0,2.803253418501902e-05,C
1167322652,0,2.8807531418579765e-05,C
1167322652,0,2.180445483527301e-05,C
1167322652,0,7.185355923932518e-05,C
1167322652,0,1.4010158339997428e-06,C
3796841743,0,9.290711478747612e-05,C
3796841743,0,6.861284097175839e-05,C
3796841743,0,0.0001451036280145,C
3796841743,0,0.000150505679167,C
3796841743,0,0.0001918121967133,C
1730555933,0,-4.636046885293094e-07,C
1730555933,0,4.505449893887903e-06,C
1730555933,0,0.0,C
1730555933,0,0.0,C
1730555933,0,3.904800952771875e-06,C
1583799011,0,1.4073652570472347e-05,C
1583799011,0,3.104915080572382e-06,C
1583799011,0,1.5839983542023997e-05,C
1583799011,0,-3.028313488296492e-06,C
1583799011,0,-4.462798219219237e-06,C
3908647167,0,-0.0001263378300961,C
3908647167,0,-8.915575006547462e-05,C
3908647167,0,-5.371281007448322e-05,C
3908647167,0,-0.0001188035561654,C
3908647167,0,-0.0002253114252352,C
271903915,0,0.0,N
271903915,0,0.0,N
271903915,0,0.0,N
271903915,0,0.0,N
271903915,0,0.0,N
2447826885,0,-2.6507127189063368e-05,C
2447826885,0,-2.430047232831068e-05,C
2447826885,0,-2.1621265619830264e-05,C
2447826885,0,-1.7953951732110895e-05,C
2447826885,0,-9.628057846617494e-06,C
1791271074,0,-7.936602626389469e-05,S
1791271074,0,8.210574764272796e-05,S
1791271074,0,-6.958722074836172e-05,S
1791271074,0,1.818262794321505e-05,S
1791271074,0,-2.418715750684454e-05,S
3976623167,0,1.2042006618657314e-05,C
3976623167,0,8.912124214943695e-06,C
3976623167,0,1.5498552350923754e-05,C
3976623167,0,2.685091750126173e-05,C
3976623167,0,1.6350849089115903e-05,C
966311396,0,-1.6270170599004194e-05,C
966311396,0,-5.444515391445949e-06,C
966311396,0,6.075979237805777e-06,C
966311396,0,-3.454098317938817e-06,C
966311396,0,-7.377066971875347e-08,C
1323467736,0,2.2302112642898567e-05,C
1323467736,0,1.7555686089460246e-05,C
1323467736,0,4.720805069947324e-05,C
1323467736,0,-2.144006236396486e-05,C
1323467736,0,2.8478902302797766e-05,C
411967733,0,-4.225010240742344e-06,C
411967733,0,-4.678267397969366e-06,C
411967733,0,-4.678267397969366e-06,C
411967733,0,7.349735550361315e-06,C
411967733,0,-1.214501533136278e-05,C
3545365497,0,1.510975610009846e-05,C
3545365497,0,0.0002069933605685,C
3545365497,0,-1.1596882279626096e-05,C
3545365497,0,-1.4827294262519108e-05,C
3545365497,0,-7.458878831566491e-05,C
3796359118,0,-3.05458606532881e-05,C
3796359118,0,-1.7683089429163835e-05,C
3796359118,0,3.622279093973453e-05,C
3796359118,0,5.273437722190695e-05,C
3796359118,0,2.382095914802481e-05,C
36538691,0,-8.2616573295698e-05,C
36538691,0,-0.0001017697115918,C
36538691,0,9.549651273194244e-05,C
36538691,0,0.000137474866498,C
36538691,0,-7.950776861002408e-05,C
2649902721,0,6.006489411160276e-07,C
2649902721,0,0.0,C
2649902721,0,6.006489411160276e-07,C
2649902721,0,0.0,C
2649902721,0,6.006489411160276e-07,C
994237755,0,1.063790704762882e-06,C
994237755,0,9.727646120475872e-06,C
994237755,0,4.631417636468544e-07,C
994237755,0,1.019125080900518e-05,C
994237755,0,9.727646120475872e-06,C
1961848637,0,-2.992096835267508e-05,C
1961848637,0,3.3573617895799046e-06,C
1961848637,0,-4.895119288880843e-05,C
1961848637,0,-2.05793483463914e-05,C
1961848637,0,-8.991469241301925e-06,C
3004333805,0,0.0,C
3004333805,0,0.0,C
3004333805,0,-2.589245372792287e-06,C
3004333805,0,0.0,C
3004333805,0,0.0,C
4033380444,0,2.964843430961276e-05,C
4033380444,0,-1.935558889761772e-05,C
4033380444,0,1.622381886422046e-05,C
4033380444,0,4.783992409487445e-06,C
4033380444,0,-1.3188443682829974e-05,C
619920801,0,3.104772391843147e-05,C
619920801,0,2.5023690033166776e-05,C
619920801,0,1.5955606462482452e-05,C
619920801,0,-8.674953979072742e-05,C
619920801,0,3.67355821755521e-05,C
3334525955,0,3.83271165904555e-06,C
3334525955,0,-3.6030528192116176e-05,C
3334525955,0,-1.4616765574293478e-05,C
3334525955,0,5.645931461643449e-05,C
3334525955,0,-3.636161445130619e-05,C
3994088662,0,-0.0002660067110774,C
3994088662,0,-7.926421720087437e-05,C
3994088662,0,-3.210250679434867e-05,C
3994088662,0,-0.0002729482609497,C
3994088662,0,-0.0001878579196629,C
3596485316,0,4.504492319768079e-06,C
3596485316,0,4.784181580950661e-06,C
3596485316,0,-4.656558854620151e-06,C
3596485316,0,1.5885634531713835e-05,C
3596485316,0,1.8783772573688696e-06,C
171200514,0,-6.546965066333947e-05,C
171200514,0,-6.621345209641312e-06,C
171200514,0,-1.622064004836582e-05,C
171200514,0,-6.253082702025077e-05,C
171200514,0,-7.0609739187503e-05,C
970433791,0,0.0009866905028679,C
970433791,0,6.569384704056738e-05,C
970433791,0,5.917215399201675e-05,C
970433791,0,-0.0010598116853753,C
970433791,0,-0.0006351867652287,C
685125387,0,-6.61408662499599e-05,C
685125387,0,7.86203260665563e-05,C
685125387,0,-8.730683472674399e-05,C
685125387,0,-7.056556578451632e-05,C
685125387,0,-6.969402852381561e-05,C
2835079913,0,1.3537744312294188e-05,C
2835079913,0,4.024034883294211e-05,C
2835079913,0,1.5912980454693e-05,C
2835079913,0,4.011808869160485e-05,C
2835079913,0,-2.392339446550054e-05,C
1352399629,0,8.215572485673409e-05,O
1352399629,0,3.670940994322282e-05,O
1352399629,0,-2.57306285706806e-05,O
1352399629,0,2.851555602089752e-05,O
1352399629,0,2.386928028506874e-05,O
416356657,0,6.62273103990349e-06,C
416356657,0,0.0,C
416356657,0,2.977127956414055e-06,C
416356657,0,2.7179300871316148e-06,C
416356657,0,0.0,C
1535166686,0,-1.063867304561348e-05,O
1535166686,0,-7.776824651225048e-06,O
1535166686,0,-5.43494007756648e-06,O
1535166686,0,-1.7062162905653357e-05,O
1535166686,0,-9.956313703203372e-06,O
589930590,0,-4.809747664694456e-05,C
589930590,0,-2.937588677837892e-05,C
589930590,0,3.2814615001123745e-06,C
589930590,0,-5.4291144496536846e-05,C
589930590,0,-7.921157423037683e-05,C
2463614838,0,5.041735400056636e-05,C
2463614838,0,5.049951110112569e-05,C
2463614838,0,1.3608176059157729e-05,C
2463614838,0,1.387147745836835e-05,C
2463614838,0,2.751254792827777e-05,C
1871221615,0,2.169773882891579e-06,C
1871221615,0,-1.4726253139810824e-05,C
1871221615,0,-1.074072916375842e-05,C
1871221615,0,-7.413098901504558e-06,C
1871221615,0,1.8287115956016128e-06,C
3482873808,0,-1.89321467185255e-06,C
3482873808,0,1.7821683668816334e-05,C
3482873808,0,2.356436978915005e-05,C
3482873808,0,1.8664666250569305e-05,C
3482873808,0,6.785800033347333e-06,C
553412256,0,8.763995691246206e-05,C
553412256,0,0.000117790258959,C
553412256,0,9.45340477097583e-05,C
553412256,0,6.067148201851624e-05,C
553412256,0,7.506554405537977e-05,C
135980867,0,2.7179300871316148e-06,C
135980867,0,-4.636046885293094e-07,C
135980867,0,2.7179300871316148e-06,C
135980867,0,0.0,C
135980867,0,1.3704425258671826e-07,C
1445852595,0,-6.995468841333036e-06,C
1445852595,0,-7.124830364209529e-06,C
1445852595,0,-4.535584991417242e-06,C
1445852595,0,3.904800952771875e-06,C
1445852595,0,2.0356185557778364e-06,C
2434373675,0,-0.0004202365890102,N
2434373675,0,-4.070575263013035e-05,N
2434373675,0,-0.0005944458866455,N
2434373675,0,0.0003436672761564,N
2434373675,0,-0.0002394487368796,N
2939120473,0,1.2163168734044896e-05,C
2939120473,0,-5.531833782400353e-07,C
2939120473,0,3.894695949567886e-06,C
2939120473,0,7.799496902339761e-06,C
2939120473,0,1.0904411982912143e-05,C
3203709451,0,-1.084738103379352e-05,O
3203709451,0,-4.17744269441073e-05,O
3203709451,0,1.0317857438271565e-05,O
3203709451,0,-0.0001035198298498,O
3203709451,0,-0.0001515629096924,O
368531313,0,-7.320518900811451e-05,C
368531313,0,-6.815030224013429e-05,C
368531313,0,5.262719674195126e-05,C
368531313,0,2.654531394529272e-05,C
368531313,0,-5.032253949800725e-06,C
3176806076,0,8.829998755182419e-05,C
3176806076,0,0.0001183161991892,C
3176806076,0,0.0001139200963409,C
3176806076,0,0.0001235015112201,C
3176806076,0,8.051097486038144e-05,C
2614860224,0,-2.248985135297303e-05,C
2614860224,0,-1.5944432805507086e-05,C
2614860224,0,9.596778218750462e-07,C
2614860224,0,1.9646284656556903e-05,C
2614860224,0,-1.6153293608137456e-05,C
2297887526,0,5.630880055822879e-06,N
2297887526,0,1.4210380315739582e-05,N
2297887526,0,-1.01207522042214e-05,N
2297887526,0,-6.930857890313086e-06,N
2297887526,0,-5.013505579995296e-06,N
623728226,0,-2.911774832206701e-05,C
623728226,0,-1.215448316819849e-05,C
623728226,0,-1.4825124392824594e-05,C
623728226,0,4.955675412155608e-05,C
623728226,0,1.9107770174298447e-05,C
603510687,0,1.7874830459986555e-06,C
603510687,0,-4.721528653630486e-06,C
603510687,0,-3.060830426287412e-05,C
603510687,0,-1.5411556919730715e-05,C
603510687,0,1.7605921321633966e-05,C
725322217,0,-2.6575207061384568e-06,C
725322217,0,3.7275207743788126e-05,C
725322217,0,2.134058953247656e-06,C
725322217,0,2.095719965027401e-05,C
725322217,0,2.463280168302044e-06,C
434423882,0,9.615192239596e-05,C
434423882,0,0.0001115849447397,C
434423882,0,-2.2494880334584383e-06,C
434423882,0,-9.2767299635782e-07,C
434423882,0,0.0,C
548743766,0,-2.457910604999544e-05,C
548743766,0,-6.579219363558181e-06,C
548743766,0,1.2009436630173317e-06,C
548743766,0,-2.211221907279237e-06,C
548743766,0,-6.479391395781443e-06,C
1399127774,0,6.1484257070512985e-06,C
1399127774,0,2.0356185557778364e-06,C
1399127774,0,6.182146299526722e-07,C
1399127774,0,-3.1909974340937897e-06,C
1399127774,0,-1.8691823969940388e-06,C
2629723425,0,5.685800915117278e-06,C
2629723425,0,-1.4306699108448603e-06,C
2629723425,0,-9.820589920797767e-06,C
2629723425,0,4.341645261623367e-07,C
2629723425,0,-2.7524849479454785e-06,C
1542633699,0,-2.1842206769227823e-05,O
1542633699,0,-1.514976246563219e-05,O
1542633699,0,-2.357807586218092e-05,O
1542633699,0,2.4381336859967406e-06,O
1542633699,0,-8.05250336056735e-06,O
1824088295,0,-2.756354912334009e-05,C
1824088295,0,7.391058436338922e-06,C
1824088295,0,-7.914523809200887e-05,C
1824088295,0,-2.4751042918807337e-06,C
1824088295,0,-8.946889101725964e-05,C
1078211001,0,-9.22329315657588e-05,O
1078211001,0,-1.934675649280237e-05,O
1078211001,0,-3.910096013697104e-05,O
1078211001,0,7.863860777568201e-05,O
1078211001,0,-6.579386481118683e-05,O
579286581,0,-4.744289848038034e-06,C
579286581,0,-9.670759334550784e-06,C
579286581,0,-1.7038831251536823e-05,C
579286581,0,1.896373934421984e-05,C
579286581,0,3.143836427306479e-06,C
476060908,0,0.0,C
476060908,0,0.0,C
476060908,0,0.0,C
476060908,0,0.0,C
476060908,0,0.0,C
2154935424,0,3.768536314474255e-05,O
2154935424,0,3.278375433300729e-05,O
2154935424,0,3.13931601677803e-05,O
2154935424,0,2.726103974058907e-05,O
2154935424,0,4.451670813929859e-05,O
4256524850,0,-1.5494487400996744e-05,C
4256524850,0,1.0304795780652354e-05,C
4256524850,0,-5.390471215577057e-06,C
4256524850,0,-5.121737283205266e-06,C
4256524850,0,-2.9605035542088622e-05,C
3980805843,0,-1.896776040691273e-05,C
3980805843,0,-4.4755607464399584e-05,C
3980805843,0,6.083810216795174e-06,C
3980805843,0,-3.719123902591343e-05,C
3980805843,0,2.891045602892648e-06,C
3594646603,0,-6.155778826675423e-05,C
3594646603,0,-6.373586273130099e-05,C
3594646603,0,-1.0067061498983744e-05,C
3594646603,0,-8.190041047529198e-05,C
3594646603,0,-5.918246770277805e-05,C
4036277955,0,2.0334895382081303e-05,C
4036277955,0,-1.913360162036828e-05,C
4036277955,0,-1.737647298279913e-05,C
4036277955,0,4.267821533013999e-06,C
4036277955,0,2.7230402413126745e-05,C
3554022385,0,-5.995597701828961e-06,C
3554022385,0,-4.8329450125834776e-05,C
3554022385,0,-3.367782589761177e-05,C
3554022385,0,-2.1552889810162387e-05,C
3554022385,0,3.42860752877306e-05,C
571978829,0,9.55226335000968e-06,C
571978829,0,2.149718726881123e-05,C
571978829,0,-3.195205626049195e-05,C
571978829,0,1.1394120763388513e-05,C
571978829,0,-5.4164932486010925e-06,C
4011293459,0,-3.268535466041146e-06,C
4011293459,0,-3.268535466041146e-06,C
4011293459,0,-3.268535466041146e-06,C
4011293459,0,-3.268535466041146e-06,C
4011293459,0,-3.516918369150107e-06,C
1378530689,0,0.0,
1378530689,0,0.0,
1378530689,0,0.0,
1378530689,0,0.0,
1378530689,0,0.0,
1858577693,0,-2.262879920346926e-05,C
1858577693,0,-7.349183229099152e-05,C
1858577693,0,-5.71033412972528e-05,C
1858577693,0,-2.6330753193516e-05,C
1858577693,0,-8.643103458208859e-05,C
3120642300,0,0.0001024212607871,C
3120642300,0,0.0001029737458871,C
3120642300,0,9.609922476426936e-05,C
3120642300,0,5.2904969532873575e-06,C
3120642300,0,9.654034088264588e-05,C
2594220197,0,-0.0005898097053972,C
2594220197,0,-0.0005975326101769,C
2594220197,0,-0.0005974950938675,C
2594220197,0,-0.0001441457575952,C
2594220197,0,-0.0001885270890028,C
1693331843,0,-1.6524969514010272e-05,N
1693331843,0,1.0500466338822683e-05,N
1693331843,0,-2.008577499691861e-05,N
1693331843,0,2.1803393355425416e-05,N
1693331843,0,-2.5219523753167508e-05,N
1868602760,0,1.983583379581294e-05,N
1868602760,0,3.892604449225179e-07,N
1868602760,0,-1.0956872330719278e-05,N
1868602760,0,3.1042298506599e-05,N
1868602760,0,2.9836186910092537e-05,N
1842114921,0,-2.7981706020759924e-05,C
1842114921,0,-4.105632155557756e-05,C
1842114921,0,-1.4006859582565284e-05,C
1842114921,0,-7.20298506992189e-06,C
1842114921,0,-4.67304412982289e-05,C
2021812431,0,6.668106993093677e-06,N
2021812431,0,6.006489411160276e-07,N
2021812431,0,1.900304796091136e-06,N
2021812431,0,1.900304796091136e-06,N
2021812431,0,9.72631799733316e-07,N
4197146180,0,-5.904210136403222e-06,O
4197146180,0,7.668151069399175e-05,O
4197146180,0,0.0001237567641965,O
4197146180,0,-1.0551430626250071e-05,O
4197146180,0,0.0001459178061202,O
3121777292,0,-1.8691823969940388e-06,N
3121777292,0,-6.0175206130237e-07,N
3121777292,0,-1.8691823969940388e-06,N
3121777292,0,-6.0175206130237e-07,N
3121777292,0,-6.0175206130237e-07,N
2752034647,0,2.7179300871316148e-06,C
2752034647,0,8.454334009326894e-06,C
2752034647,0,7.279471788738077e-06,C
2752034647,0,-1.6682149730105553e-06,C
2752034647,0,2.117281146015587e-06,C
3614376044,0,4.631417636468544e-07,C
3614376044,0,4.631417636468544e-07,C
3614376044,0,4.631417636468544e-07,C
3614376044,0,4.631417636468544e-07,C
3614376044,0,4.631417636468544e-07,C
3266129148,0,0.0,S
3266129148,0,0.0,S
3266129148,0,0.0,S
3266129148,0,0.0,S
3266129148,0,0.0,S
3346539298,0,-2.3506595127058272e-05,N
3346539298,0,-8.638662233112233e-05,N
3346539298,0,-0.0001333785953474,N
3346539298,0,3.2150269804487666e-05,N
3346539298,0,-0.0001155088580615,N
2513428378,0,8.142018423805061e-07,C
2513428378,0,-2.0237158390615063e-05,C
2513428378,0,-7.417605516865829e-06,C
2513428378,0,-1.3863262675436331e-05,C
2513428378,0,-1.540178437295283e-05,C
2827868305,0,-8.142780056125381e-05,C
2827868305,0,-6.229006949410795e-05,C
2827868305,0,0.0003701649544064,C
2827868305,0,-8.959220875085806e-06,C
2827868305,0,-5.028959258102702e-05,C
1153219603,0,3.835332356086005e-06,C
1153219603,0,1.289003126547176e-05,C
1153219603,0,1.4289187822082336e-05,C
1153219603,0,3.0499942212779824e-06,C
1153219603,0,-1.0187535846631866e-05,C
516041383,0,-1.816265753946597e-06,C
516041383,0,-1.4851609165584048e-05,C
516041383,0,-3.134069212784932e-06,C
516041383,0,0.0,C
516041383,0,6.485686787316772e-06,C
312306367,0,2.244140285114892e-05,C
312306367,0,4.618486746491707e-06,C
312306367,0,5.693152160197827e-06,C
312306367,0,7.485228316266718e-06,C
312306367,0,2.8468907482346456e-06,C
3925172229,0,0.0,C
3925172229,0,0.0,C
3925172229,0,0.0,C
3925172229,0,9.590601867889154e-06,C
3925172229,0,0.0,C
118059098,0,1.652765300448871e-05,C
118059098,0,-3.538635754245234e-07,C
118059098,0,-4.721528653630486e-06,C
118059098,0,1.586478810536654e-05,C
118059098,0,5.996816119158317e-05,C
3981762496,0,0.000129346276208,C
3981762496,0,0.0001355721472612,C
3981762496,0,0.0001027064829558,C
3981762496,0,8.949408926347581e-05,C
3981762496,0,8.824197425892372e-05,C
2122981102,0,0.0,
2122981102,0,0.0,
2122981102,0,0.0,
2122981102,0,0.0,
2122981102,0,0.0,
1506563592,0,6.510552237868651e-06,C
1506563592,0,-1.6792215013598788e-06,C
1506563592,0,2.1987246537975152e-05,C
1506563592,0,-1.086175780017247e-05,C
1506563592,0,2.193337883780664e-05,C
2604440622,0,6.185512820438589e-06,C
2604440622,0,3.327110873340734e-05,C
2604440622,0,0.0001561451519007,C
2604440622,0,-5.061497669783463e-05,C
2604440622,0,0.0001055487838421,C
1717044408,0,-3.5294238278620743e-06,C
1717044408,0,4.137412636075893e-06,C
1717044408,0,1.271990065585156e-05,C
1717044408,0,-1.5015559345162369e-05,C
1717044408,0,2.8236025210520363e-06,C
2646219661,0,1.0318645364523586e-05,C
2646219661,0,1.8012810800062916e-05,C
2646219661,0,-2.9697806264633583e-05,C
2646219661,0,3.628896868130421e-06,C
2646219661,0,3.7682488286377297e-06,C
128522177,0,-5.669234948475158e-05,C
128522177,0,-4.884115395413502e-05,C
128522177,0,-3.5483270480045695e-05,C
128522177,0,-3.835685508493756e-05,C
128522177,0,-4.4558368911302645e-05,C
2459741777,0,1.830104925265152e-05,O
2459741777,0,-1.9885964316762594e-06,O
2459741777,0,7.685884579912254e-06,O
2459741777,0,-3.516918369150107e-06,O
2459741777,0,2.977127956414055e-06,O
3612926680,0,1.8968518076787483e-05,Br
3612926680,0,1.1595325086840788e-05,Br
3612926680,0,4.801178183782423e-06,Br
3612926680,0,3.09717726120675e-05,Br
3612926680,0,-1.944466007658928e-06,Br
1792562719,0,-0.0004875617647633,S
1792562719,0,-0.0003311948788881,S
1792562719,0,-0.0004691684101971,S
1792562719,0,-0.0001490073478939,S
1792562719,0,-0.0001569381757133,S
868576692,0,0.0,
868576692,0,0.0,
868576692,0,0.0,
868576692,0,0.0,
868576692,0,0.0,
1999904870,0,4.107356071102013e-06,C
1999904870,0,4.107356071102013e-06,C
1999904870,0,4.107356071102013e-06,C
1999904870,0,4.107356071102013e-06,C
1999904870,0,4.107356071102013e-06,C
3532053313,0,-2.589245372792287e-06,S
3532053313,0,-2.589245372792287e-06,S
3532053313,0,0.0,S
3532053313,0,0.0,S
3532053313,0,0.0,S
592593828,0,4.856863235588177e-06,C
592593828,0,1.806756422527076e-06,C
592593828,0,1.714345704279408e-05,C
592593828,0,1.1141115932009754e-05,C
592593828,0,5.918703804441532e-06,C
3632350815,0,-0.0001429259874188,Br
3632350815,0,-5.433726467654436e-05,Br
3632350815,0,-4.912871391486717e-05,Br
3632350815,0,-7.193950631264462e-05,Br
3632350815,0,-0.0001269870373604,Br
3025629386,0,8.859016722389049e-06,C
3025629386,0,9.106905208266895e-06,C
3025629386,0,1.1610608120493635e-06,C
3025629386,0,1.2763817675160924e-05,C
3025629386,0,1.0904411982912143e-05,C
3594696610,0,4.631417636468544e-07,C
3594696610,0,4.631417636468544e-07,C
3594696610,0,4.631417636468544e-07,C
3594696610,0,4.631417636468544e-07,C
3594696610,0,4.631417636468544e-07,C
2212573984,0,0.000102760511788,S
2212573984,0,1.4228466335654798e-05,S
2212573984,0,9.386423352618356e-05,S
2212573984,0,9.497272387671164e-05,S
2212573984,0,0.0001133479438221,S
3157481675,0,-7.414685208343916e-07,C
3157481675,0,-3.654602122623099e-06,C
3157481675,0,-2.589245372792287e-06,C
3157481675,0,-3.1909974340937897e-06,C
3157481675,0,-6.9588706098876185e-06,C
669222828,0,-4.636046885293094e-07,C
669222828,0,0.0,C
669222828,0,0.0,C
669222828,0,-3.134069212784932e-06,C
669222828,0,-4.636046885293094e-07,C
1856075173,0,-1.2674303356916689e-06,C
1856075173,0,-1.2674303356916689e-06,C
1856075173,0,-1.2674303356916689e-06,C
1856075173,0,-1.2674303356916689e-06,C
1856075173,0,7.009716033344257e-06,C
618671879,0,1.898423788011111e-05,C
618671879,0,-1.2794601310359144e-05,C
618671879,0,1.5072798040723435e-05,C
618671879,0,-1.9708391973416624e-05,C
618671879,0,2.922620024175745e-05,C
714893496,0,2.433444013597106e-05,C
714893496,0,2.394289691989328e-06,C
714893496,0,1.5920047502351008e-05,C
714893496,0,2.9970764048592446e-06,C
714893496,0,8.124161688501975e-06,C
1685248591,0,2.42881475817202e-05,C
1685248591,0,-6.716316176570529e-06,C
1685248591,0,-1.6127803044958117e-05,C
1685248591,0,-4.721528653630486e-06,C
1685248591,0,-6.579096738202998e-06,C
2931695851,0,1.6701055002522544e-05,C
2931695851,0,2.6850163627727824e-06,C
2931695851,0,-1.279492010883461e-05,C
2931695851,0,-2.460432779952636e-06,C
2931695851,0,8.680636798236163e-06,C
2222715027,0,-0.0002444233588533,O
2222715027,0,-0.0001919502067364,O
2222715027,0,-0.0001988999232387,O
2222715027,0,-0.0001303007131487,O
2222715027,0,-0.0002479326590202,O
1026928756,0,-3.648844183629096e-05,S
1026928756,0,0.0001038149354356,S
1026928756,0,0.0001230554891347,S
1026928756,0,2.540632951050347e-05,S
1026928756,0,-2.604372086274613e-05,S
458993620,0,-5.218849956477138e-06,N
458993620,0,3.239958779660198e-06,N
458993620,0,-1.7922694022750804e-05,N
458993620,0,-3.83772595793936e-05,N
458993620,0,-3.943616647833145e-05,N
1549284008,0,0.0,C
1549284008,0,6.006489411160276e-07,C
1549284008,0,0.0,C
1549284008,0,1.3704425258671826e-07,C
1549284008,0,1.2001977925954824e-06,C
3510196525,0,-2.8671337087473464e-06,N
3510196525,0,-2.421290482072184e-05,N
3510196525,0,-2.423616715677753e-05,N
3510196525,0,-1.83913458904365e-05,N
3510196525,0,5.587938755384839e-05,N
909362583,0,9.590601867889154e-06,C
909362583,0,6.006489411160276e-07,C
909362583,0,0.0,C
909362583,0,-4.636046885293094e-07,C
909362583,0,1.3178034588383347e-06,C
2556855854,0,-6.854815468432078e-06,C
2556855854,0,2.227906942931825e-05,C
2556855854,0,-5.70858836486908e-06,C
2556855854,0,1.713372002006084e-05,C
2556855854,0,2.0313894733045568e-05,C
3888780669,0,-3.737642201325029e-05,O
3888780669,0,4.871536439809282e-06,O
3888780669,0,-5.463205228267015e-05,O
3888780669,0,-4.708704130966003e-05,O
3888780669,0,-2.0055993000070785e-05,O
2448572767,0,0.0,
2448572767,0,0.0,
2448572767,0,0.0,
2448572767,0,0.0,
2448572767,0,0.0,
932692620,0,2.054396562904508e-06,C
932692620,0,-1.8691823969940388e-06,C
932692620,0,1.125394142413149e-05,C
932692620,0,0.0,C
932692620,0,2.253861779303104e-06,C
92620239,0,2.5808858345448965e-06,C
92620239,0,-6.0175206130237e-07,C
92620239,0,0.0,C
92620239,0,0.0,C
92620239,0,-1.8085777224226968e-06,C
443932914,0,2.7179300871316148e-06,N
443932914,0,6.006489411160276e-07,N
443932914,0,-3.0528500613215964e-06,N
443932914,0,1.3704425258671826e-07,N
443932914,0,-3.654602122623099e-06,N
586636525,0,9.727646120475872e-06,C
586636525,0,-1.6682149730105553e-06,C
586636525,0,8.911311774640295e-06,C
586636525,0,6.931074881211426e-06,C
586636525,0,1.0575330481734507e-05,C
3462479532,0,-8.058901957631523e-05,C
3462479532,0,-1.8364289105995968e-05,C
3462479532,0,-5.401574795161051e-05,C
3462479532,0,-4.978763020627684e-06,C
3462479532,0,-2.941902886784316e-05,C
2222621677,0,-1.7945594336073523e-06,O
2222621677,0,-5.988990433706577e-06,O
2222621677,0,3.1014682729934434e-06,O
2222621677,0,-2.087760302501348e-05,O
2222621677,0,-4.208894788389466e-05,O
328936174,0,6.2054274612994426e-06,C
328936174,0,-4.540109846131249e-06,C
328936174,0,-1.132536248870178e-05,C
328936174,0,1.4221010982132763e-05,C
328936174,0,1.109393671943574e-05,C
2154777022,0,-2.7582933095193947e-05,C
2154777022,0,-9.657147515692093e-06,C
2154777022,0,-1.454586871191786e-05,C
2154777022,0,-2.736767981742494e-05,C
2154777022,0,-1.8711570333739685e-05,C
3992410619,0,-1.6991117301736088e-05,C
3992410619,0,2.109872106891876e-05,C
3992410619,0,-4.2836905109313976e-05,C
3992410619,0,5.525877344407341e-06,C
3992410619,0,6.819400923554521e-05,C
3750444818,0,-2.388620097228643e-06,C
3750444818,0,-9.25905816549083e-07,C
3750444818,0,1.7262241393525488e-06,C
3750444818,0,-1.5372842158498795e-06,C
3750444818,0,2.0465519945649801e-07,C
2975126068,0,-1.676111271101295e-05,N
2975126068,0,-1.3245766476851877e-05,N
2975126068,0,1.5737505090530207e-05,N
2975126068,0,-2.200957229573849e-05,N
2975126068,0,6.191843280280683e-06,N
2477914203,0,-7.067902142899804e-06,N
2477914203,0,0.0,N
2477914203,0,0.0,N
2477914203,0,-7.067902142899804e-06,N
2477914203,0,-7.067902142899804e-06,N
353395765,0,-3.17710218648631e-05,C
353395765,0,1.1104908399316334e-05,C
353395765,0,6.956234535904389e-06,C
353395765,0,-2.943108948215943e-06,C
353395765,0,-1.7529696205702966e-06,C
69470421,0,0.0,C
69470421,0,0.0,C
69470421,0,0.0,C
69470421,0,0.0,C
69470421,0,0.0,C
540046244,0,9.40001559801302e-06,C
540046244,0,-2.7717619430484355e-05,C
540046244,0,-5.612811971333377e-06,C
540046244,0,-5.505203090607966e-06,C
540046244,0,3.032862809890669e-05,C
4261830945,0,0.0003728868651174,C
4261830945,0,-0.0001943562065504,C
4261830945,0,0.0002032762533324,C
4261830945,0,0.0002137926464962,C
4261830945,0,-0.0007489786619822,C
3904721945,0,-0.000114292743653,C
3904721945,0,-0.0005320493694973,C
3904721945,0,-0.0002464270391386,C
3904721945,0,-0.0006592577722841,C
3904721945,0,-0.0005739341681328,C
4055698890,0,1.8274914105856528e-05,N
4055698890,0,5.142740316949751e-06,N
4055698890,0,1.6241640359414972e-06,N
4055698890,0,-1.0882165838410963e-05,N
4055698890,0,5.36549346790479e-06,N
1738265797,0,-5.25564796721549e-06,C
1738265797,0,-5.25564796721549e-06,C
1738265797,0,0.0,C
1738265797,0,6.006489411160276e-07,C
1738265797,0,-2.670750554410045e-06,C
2014543234,0,3.616287139038884e-05,C
2014543234,0,2.3268730804685764e-06,C
2014543234,0,4.651023175134168e-05,C
2014543234,0,1.1767066721403777e-05,C
2014543234,0,5.419634663954027e-05,C
2697110228,0,1.920584975226985e-05,C
2697110228,0,1.920666604795975e-05,C
2697110228,0,2.1097960117208263e-05,C
2697110228,0,3.4195118401404885e-05,C
2697110228,0,2.4933217000343465e-05,C
694069322,0,1.43588619220536e-05,N
694069322,0,2.293110575480456e-05,N
694069322,0,3.54892314810059e-05,N
694069322,0,1.5811614736627178e-05,N
694069322,0,-5.916455726152035e-06,N
3120784405,0,-3.418163222334777e-06,C
3120784405,0,1.0136255023353996e-05,C
3120784405,0,-1.479234940222028e-05,C
3120784405,0,-6.449593960820149e-06,C
3120784405,0,3.0166779060643995e-06,C
2574917850,0,1.312990949839908e-05,C
2574917850,0,1.3267416675868254e-05,C
2574917850,0,3.7055640216884095e-06,C
2574917850,0,6.006489411160276e-07,C
2574917850,0,3.104915080572382e-06,C
644322065,0,0.0,C
644322065,0,0.0,C
644322065,0,0.0,C
644322065,0,0.0,C
644322065,0,0.0,C
4068239769,0,4.631417636468544e-07,S
4068239769,0,0.0,S
4068239769,0,0.0,S
4068239769,0,0.0,S
4068239769,0,0.0,S
606428793,0,1.2612029353755924e-05,C
606428793,0,1.019125080900518e-05,C
606428793,0,6.794246854594996e-06,C
606428793,0,1.019125080900518e-05,C
606428793,0,1.2612029353755924e-05,C
3304582332,0,0.0,C
3304582332,0,0.0,C
3304582332,0,0.0,C
3304582332,0,0.0,C
3304582332,0,0.0,C
3920757710,0,-2.044697580739357e-05,C
3920757710,0,7.255857363571913e-06,C
3920757710,0,1.629451526264942e-05,C
3920757710,0,-2.412290131795572e-06,C
3920757710,0,1.1604199505946614e-05,C
2923200147,0,6.356377936153623e-08,C
2923200147,0,-1.0216019549766711e-06,C
2923200147,0,-9.318135442004312e-06,C
2923200147,0,3.3030488914695053e-06,C
2923200147,0,-1.706448086199932e-05,C
1349404210,0,2.122152698918936e-05,N
1349404210,0,3.16276908292508e-06,N
1349404210,0,2.9995553510028285e-05,N
1349404210,0,-1.8472734321688805e-05,N
1349404210,0,-3.52395072219288e-05,N
2238101436,0,9.75305105411009e-06,C
2238101436,0,-1.882718906130905e-05,C
2238101436,0,-1.4355073917423147e-05,C
2238101436,0,1.2948078412096732e-05,C
2238101436,0,4.505449893887903e-06,C
310913359,0,4.631417636468544e-07,C
310913359,0,-4.636046885293094e-07,C
310913359,0,-4.636046885293094e-07,C
310913359,0,0.0,C
310913359,0,-4.636046885293094e-07,C
4086265842,0,2.374288664105679e-05,C
4086265842,0,1.2706699656054796e-05,C
4086265842,0,-1.898943515949575e-05,C
4086265842,0,7.873726074346735e-06,C
4086265842,0,5.206072348846319e-06,C
3328145258,0,-4.397437618645049e-06,C
3328145258,0,3.2419593331591e-06,C
3328145258,0,7.146760285930975e-06,C
3328145258,0,-4.397437618645049e-06,C
3328145258,0,2.6413103920430725e-06,C
3045022511,0,5.451575580354279e-07,S
3045022511,0,5.924184440687583e-06,S
3045022511,0,2.455641394462013e-06,S
3045022511,0,6.948828550963626e-06,S
3045022511,0,-7.855597866415417e-06,S
910450790,0,1.0494953761035208e-05,C
910450790,0,5.477521934840225e-06,C
910450790,0,1.019125080900518e-05,C
910450790,0,-1.9939576805950293e-06,C
910450790,0,3.044027598191751e-06,C
1216095805,0,-1.672037001949553e-05,C
1216095805,0,-5.863578186051169e-06,C
1216095805,0,1.761521480772056e-06,C
1216095805,0,8.366025192850512e-07,C
1216095805,0,-2.61203246845745e-05,C
2187394687,0,4.244225390787233e-06,C
2187394687,0,-6.523078302907159e-06,C
2187394687,0,6.006489411160276e-07,C
2187394687,0,6.006489411160276e-07,C
2187394687,0,5.55803550581109e-06,C
544755086,0,-1.086175780017247e-05,C
544755086,0,-6.0175206130237e-07,C
544755086,0,6.006489411160276e-07,C
544755086,0,-1.8085777224226968e-06,C
544755086,0,-1.204610284481246e-06,C
2425865203,0,4.631417636468544e-07,C
2425865203,0,0.0,C
2425865203,0,6.006489411160276e-07,C
2425865203,0,7.009716033344257e-06,C
2425865203,0,4.631417636468544e-07,C
1558658757,0,1.3155555799795882e-06,C
1558658757,0,-2.589245372792287e-06,C
1558658757,0,2.5808858345448965e-06,C
1558658757,0,1.4780501163972127e-05,C
1558658757,0,7.009716033344257e-06,C
68675643,0,0.0,C
68675643,0,0.0,C
68675643,0,0.0,C
68675643,0,0.0,C
68675643,0,0.0,C
2905822145,0,5.304927581064288e-06,C
2905822145,0,-7.897022822396516e-06,C
2905822145,0,1.1348964275913892e-05,C
2905822145,0,-2.886180726907085e-06,C
2905822145,0,1.568797015188885e-05,C
2284773903,0,-7.017529019753138e-06,C
2284773903,0,-2.2975807242970984e-05,C
2284773903,0,-2.956656355299244e-05,C
2284773903,0,-2.218229306985911e-05,C
2284773903,0,-9.685748865895238e-06,C
3835273908,0,-2.156032109479865e-05,C
3835273908,0,1.1512884851626846e-05,C
3835273908,0,-1.348329315538528e-05,C
3835273908,0,-3.1972398260486992e-06,C
3835273908,0,8.407969771054465e-06,C
3249398244,0,-2.589245372792287e-06,C
3249398244,0,-9.657147515692093e-06,C
3249398244,0,-2.589245372792287e-06,C
3249398244,0,-2.589245372792287e-06,C
3249398244,0,-9.657147515692093e-06,C
3772302167,0,4.69875281106872e-06,C
3772302167,0,-5.149449742945442e-06,C
3772302167,0,3.434971893909004e-05,C
3772302167,0,3.7753797100548506e-05,C
3772302167,0,3.203033937680677e-05,C
2510215966,0,1.4671363330567844e-05,C
2510215966,0,1.0833614662067796e-05,C
2510215966,0,4.460838082536063e-06,C
2510215966,0,2.6369533109144548e-05,C
2510215966,0,7.108498348094155e-07,C
3406201864,0,1.3612756779007168e-06,C
3406201864,0,-8.904230985364199e-06,C
3406201864,0,-1.725130665971089e-05,C
3406201864,0,-6.467253201783776e-06,C
3406201864,0,-3.102821138415996e-05,C
3684013815,0,-1.6488390923424109e-06,C
3684013815,0,3.317478938611069e-06,C
3684013815,0,-2.60285719165098e-06,C
3684013815,0,2.7179300871316148e-06,C
3684013815,0,2.966065596911663e-06,C
787341104,0,0.0,C
787341104,0,0.0,C
787341104,0,0.0,C
787341104,0,0.0,C
787341104,0,0.0,C
1256946769,0,4.470484912527141e-06,N
1256946769,0,-4.324650846446176e-06,N
1256946769,0,-1.7310350242209782e-06,N
1256946769,0,-7.734683537475445e-06,N
1256946769,0,1.3592202259046088e-06,N
2110118862,0,6.415595154518616e-06,C
2110118862,0,4.32883131418222e-05,C
2110118862,0,2.0316732388203293e-05,C
2110118862,0,2.791636534644603e-05,C
2110118862,0,-2.07479283902915e-06,C
1899422126,0,0.0,C
1899422126,0,0.0,C
1899422126,0,0.0,C
1899422126,0,0.0,C
1899422126,0,0.0,C
3727960280,0,7.009716033344257e-06,C
3727960280,0,5.687900996243639e-06,C
3727960280,0,-1.3218150371006182e-06,C
3727960280,0,0.0,C
3727960280,0,-3.134069212784932e-06,C
4023654873,0,-1.351888183313138e-05,C
4023654873,0,-2.083436485182232e-05,C
4023654873,0,-1.4844726794124852e-05,C
4023654873,0,-1.132536248870178e-05,C
4023654873,0,0.0,C
467603055,0,-9.811868307384262e-05,C
467603055,0,-8.757648263603163e-05,C
467603055,0,-9.569923604422874e-05,C
467603055,0,-5.3366623484953774e-05,C
467603055,0,-9.071259586487108e-05,C
409801989,0,-0.0001410466518633,C
409801989,0,-0.0002132214255076,C
409801989,0,-1.6569628311612072e-06,C
409801989,0,-0.0004072828225007,C
409801989,0,-0.0003813618944348,C
1289643292,0,0.0,N
1289643292,0,-9.2767299635782e-07,N
1289643292,0,-9.2767299635782e-07,N
1289643292,0,-9.2767299635782e-07,N
1289643292,0,0.0,N
3011598321,0,1.1886446690595118e-05,C
3011598321,0,1.6765804837465086e-05,C
3011598321,0,1.7827571680534282e-05,C
3011598321,0,2.2977456001227643e-05,C
3011598321,0,2.606130986462785e-05,C
3460898310,0,0.0001419670908157,N
3460898310,0,6.430701478361053e-05,N
3460898310,0,0.0001057203699681,N
3460898310,0,0.0001525356795812,N
3460898310,0,0.0001485974769581,N
2971716993,0,8.209668000588345e-06,N
2971716993,0,6.8918645417500105e-06,N
2971716993,0,5.7341510748413e-06,N
2971716993,0,-1.905245876961982e-06,N
2971716993,0,3.091669238812142e-06,N
1556668346,0,-1.909469694743628e-06,N
1556668346,0,1.311432535430583e-06,N
1556668346,0,-9.5949531896556e-06,N
1556668346,0,-5.203028319070678e-06,N
1556668346,0,-3.855235308769522e-06,N
4022716898,0,0.0,C
4022716898,0,0.0,C
4022716898,0,0.0,C
4022716898,0,0.0,C
4022716898,0,0.0,C
2458968089,0,-1.3861029765551566e-07,C
2458968089,0,1.0053743631536008e-05,C
2458968089,0,2.5808858345448965e-06,C
2458968089,0,1.0053743631536008e-05,C
2458968089,0,8.525245118057474e-06,C
4164236649,0,5.690541435065654e-05,C
4164236649,0,6.59421398219659e-05,C
4164236649,0,5.064622348723187e-05,C
4164236649,0,7.247578407462447e-05,C
4164236649,0,1.5182512256651027e-05,C
2154975788,0,-1.6682149730105553e-06,C
2154975788,0,1.7949741751531467e-05,C
2154975788,0,-1.3861029765551566e-07,C
2154975788,0,2.077876333821116e-05,C
2154975788,0,-1.204610284481246e-06,C
3248686995,0,-2.7862702957496058e-06,C
3248686995,0,-3.7130167479257695e-06,C
3248686995,0,-2.7862702957496058e-06,C
3248686995,0,1.388039287029963e-06,C
3248686995,0,2.450445369799395e-06,C
3909974435,0,0.0,C
3909974435,0,0.0,C
3909974435,0,0.0,C
3909974435,0,0.0,C
3909974435,0,4.631417636468544e-07,C
3012080282,0,0.0,C
3012080282,0,-7.067902142899804e-06,C
3012080282,0,0.0,C
3012080282,0,3.181534775660924e-06,C
3012080282,0,-7.067902142899804e-06,C
3462333187,0,-2.1261036091454327e-06,C
3462333187,0,-1.6634240773511983e-06,C
3462333187,0,7.935537328785346e-06,C
3462333187,0,7.472857796991111e-06,C
3462333187,0,-1.0653567498316791e-06,C
1229325558,0,3.598574658264259e-05,N
1229325558,0,1.9468150664139067e-05,N
1229325558,0,-4.264455295889882e-06,N
1229325558,0,2.261972094174097e-05,N
1229325558,0,-8.672528865529862e-06,N
3599139274,0,0.0,C
3599139274,0,0.0,C
3599139274,0,0.0,C
3599139274,0,0.0,C
3599139274,0,0.0,C
806369437,0,-1.914449442199165e-06,C
806369437,0,-5.755788836533937e-06,C
806369437,0,1.863731316821722e-06,C
806369437,0,1.1870551741517688e-05,C
806369437,0,-6.604847226964264e-07,C
2395259406,0,3.836146148608957e-06,C
2395259406,0,1.2163168734044896e-05,C
2395259406,0,4.495344890683914e-06,C
2395259406,0,-3.2054253455982007e-06,C
2395259406,0,1.162980295702984e-06,C
864942795,0,9.727646120475872e-06,O
864942795,0,1.0925646753259624e-05,O
864942795,0,1.0790799660484636e-05,O
864942795,0,1.0790799660484636e-05,O
864942795,0,1.0790799660484636e-05,O
1785683843,0,2.4825252515625618e-06,C
1785683843,0,3.1045997705434272e-06,C
1785683843,0,-9.58366317360508e-06,C
1785683843,0,-1.163284409648295e-05,C
1785683843,0,-1.3758947705627515e-05,C
2516197204,0,-4.900103832399666e-07,C
2516197204,0,2.031828743598481e-06,C
2516197204,0,4.631417636468544e-07,C
2516197204,0,-3.008011634674651e-06,C
2516197204,0,6.816792256943843e-06,C
2295519362,0,-3.153473402627786e-05,C
2295519362,0,-1.4973439884075068e-05,C
2295519362,0,-2.570389597728734e-05,C
2295519362,0,-1.5813800034396308e-05,C
2295519362,0,-2.457417795151233e-05,C
2598322190,0,3.7662453949765737e-06,C
2598322190,0,2.348728552203916e-07,C
2598322190,0,2.450445369799395e-06,C
2598322190,0,9.680749302903337e-06,C
2598322190,0,4.492954367602345e-06,C
3153477100,0,0.0,C
3153477100,0,0.0,C
3153477100,0,0.0,C
3153477100,0,0.0,C
3153477100,0,0.0,C
2192318254,0,0.0,
2192318254,0,0.0,
2192318254,0,0.0,
2192318254,0,0.0,
2192318254,0,0.0,
1619222458,0,-6.0175206130237e-07,C
1619222458,0,1.3178034588383347e-06,C
1619222458,0,6.006489411160276e-07,C
1619222458,0,-4.926402907748546e-06,C
1619222458,0,6.006489411160276e-07,C
3824063894,0,-2.589245372792287e-06,C
3824063894,0,0.0,C
3824063894,0,7.009716033344257e-06,C
3824063894,0,-3.0528500613215964e-06,C
3824063894,0,7.009716033344257e-06,C
885026269,0,-3.516918369150107e-06,C
885026269,0,9.77560577065592e-06,C
885026269,0,7.53062373269088e-06,C
885026269,0,9.641329607206447e-06,C
885026269,0,8.327519492182592e-06,C
472281497,0,-1.1723754539284294e-05,C
472281497,0,-7.308341139640982e-06,C
472281497,0,-9.107299069553362e-06,C
472281497,0,-2.195574836971921e-05,C
472281497,0,-1.2051357297484036e-05,C
2599973650,0,0.0,N
2599973650,0,0.0,N
2599973650,0,0.0,N
2599973650,0,0.0,N
2599973650,0,0.0,N
1582607016,0,0.0,C
1582607016,0,0.0,C
1582607016,0,0.0,C
1582607016,0,0.0,C
1582607016,0,0.0,C
1564511222,0,-1.8214966177227537e-05,C
1564511222,0,-1.4437558648024498e-05,C
1564511222,0,0.0,C
1564511222,0,3.104915080572382e-06,C
1564511222,0,-4.149302108865868e-06,C
3291149959,0,0.0,C
3291149959,0,0.0,C
3291149959,0,0.0,C
3291149959,0,0.0,C
3291149959,0,0.0,C
717151242,0,0.0,O
717151242,0,-7.067902142899804e-06,O
717151242,0,1.3178034588383347e-06,O
717151242,0,-7.531506831429113e-06,O
717151242,0,-6.0175206130237e-07,O
2664995851,0,3.95909220550668e-07,C
2664995851,0,6.006489411160276e-07,C
2664995851,0,4.244225390787233e-06,C
2664995851,0,8.485374269938742e-07,C
2664995851,0,3.181534775660924e-06,C
4239037249,0,-2.781960086713567e-05,C
4239037249,0,-1.2119013674449264e-05,C
4239037249,0,-4.450899243613193e-05,C
4239037249,0,4.045745862117992e-06,C
4239037249,0,-2.1609854042824863e-05,C
166544320,0,3.901304624805146e-07,C
166544320,0,8.0004954369408e-06,C
166544320,0,6.482933029194199e-06,C
166544320,0,-3.270240552417925e-07,C
166544320,0,1.9184523999543623e-06,C
2369690741,0,3.901304624805146e-07,C
2369690741,0,1.2300212986631616e-05,C
2369690741,0,3.354093793478744e-07,C
2369690741,0,1.90159574129517e-06,C
2369690741,0,1.6532128381870764e-06,C
3234104871,0,-6.416880078637111e-06,C
3234104871,0,-7.089132012282236e-06,C
3234104871,0,-7.089132012282236e-06,C
3234104871,0,-7.734683537475445e-06,C
3234104871,0,-9.006484322600893e-06,C
616374597,0,1.8096686690963204e-05,C
616374597,0,-1.3935145151797342e-05,C
616374597,0,1.1775639742318477e-05,C
616374597,0,1.510970861583541e-06,C
616374597,0,-1.523615915697673e-05,C
2974534217,0,2.5808858345448965e-06,C
2974534217,0,2.5808858345448965e-06,C
2974534217,0,1.3178034588383347e-06,C
2974534217,0,0.0,C
2974534217,0,3.894695949567886e-06,C
828793177,0,0.0,N
828793177,0,-4.636046885293094e-07,N
828793177,0,-4.636046885293094e-07,N
828793177,0,0.0,N
828793177,0,0.0,N
368713488,0,-9.03592267034216e-06,C
368713488,0,-6.321778976493397e-05,C
368713488,0,-6.250800973416938e-05,C
368713488,0,8.613801178407668e-06,C
368713488,0,-3.77432487000005e-05,C
3177362943,0,-1.3922056192926591e-06,C
3177362943,0,8.0022033027774e-06,C
3177362943,0,-1.8572032545322024e-06,C
3177362943,0,1.0362127484883633e-07,C
3177362943,0,1.923880372609044e-06,C
912632640,0,-3.1909974340937897e-06,C
912632640,0,0.0,C
912632640,0,0.0,C
912632640,0,0.0,C
912632640,0,0.0,C
214126897,0,0.0,C
214126897,0,0.0,C
214126897,0,3.044027598191751e-06,C
214126897,0,3.044027598191751e-06,C
214126897,0,1.780945222485189e-06,C
4212936508,0,0.000352144184434,N
4212936508,0,-3.3812799527249346e-05,N
4212936508,0,0.000189783527331,N
4212936508,0,0.0004130058403172,N
4212936508,0,0.0002097985751754,N
3376021752,0,6.018009966667071e-05,O
3376021752,0,1.207659862925009e-05,O
3376021752,0,5.61493007567547e-07,O
3376021752,0,4.176049048138821e-05,O
3376021752,0,4.811190349512245e-05,O
2987120039,0,-5.957985929094713e-05,C
2987120039,0,-1.1042589983009664e-05,C
2987120039,0,-4.680935179061756e-05,C
2987120039,0,-5.830591221058553e-05,C
2987120039,0,-2.9963796335822843e-05,C
3816921572,0,-4.636046885293094e-07,C
3816921572,0,0.0,C
3816921572,0,-4.636046885293094e-07,C
3816921572,0,-4.636046885293094e-07,C
3816921572,0,0.0,C
203749390,0,-0.0001292685580142,C
203749390,0,-0.000139584700824,C
203749390,0,-0.0002773908238952,C
203749390,0,-0.0001864523231505,C
203749390,0,-0.0002925096655378,C
992462230,0,-1.1103825640616792e-05,C
992462230,0,-2.125444606644166e-05,C
992462230,0,-1.0995339987021796e-05,C
992462230,0,2.1083659600794856e-05,C
992462230,0,2.738677719274843e-05,C
1506993418,0,4.706904922581467e-06,C
1506993418,0,-1.928402827598361e-05,C
1506993418,0,5.169122914170342e-06,C
1506993418,0,-1.086675397478018e-05,C
1506993418,0,-1.4030389878251157e-05,C
1486598263,0,1.063790704762882e-06,C
1486598263,0,3.181534775660924e-06,C
1486598263,0,1.063790704762882e-06,C
1486598263,0,6.006489411160276e-07,C
1486598263,0,0.0,C
1914416804,0,1.5135187920125096e-05,N
1914416804,0,-3.538635754245234e-07,N
1914416804,0,1.3360219019964946e-05,N
1914416804,0,2.5808858345448965e-06,N
1914416804,0,6.596484467961614e-06,N
54936104,0,-7.923780050444335e-06,C
54936104,0,-3.355995422356893e-05,C
54936104,0,-2.8517184633309985e-05,C
54936104,0,-9.626509863597948e-06,C
54936104,0,-5.663319971316305e-06,C
3090652201,0,-2.670927449138077e-06,C
3090652201,0,0.0,C
3090652201,0,-1.4707296565417275e-06,C
3090652201,0,-2.670927449138077e-06,C
3090652201,0,2.3815941636012167e-06,C
2987687375,0,0.0,C
2987687375,0,0.0,C
2987687375,0,0.0,C
2987687375,0,0.0,C
2987687375,0,0.0,C
2296493092,0,0.000607701193973,N
2296493092,0,-0.0006866152375538,N
2296493092,0,0.0008633699902902,N
2296493092,0,0.0008373052374162,N
2296493092,0,-0.0006986523433183,N
668520641,0,1.863731316821722e-06,C
668520641,0,1.2630823757056944e-06,C
668520641,0,1.2630823757056944e-06,C
668520641,0,-2.533420271668904e-06,C
668520641,0,-7.789068238884395e-06,C
848127915,0,-4.636046885293094e-07,N
848127915,0,-4.636046885293094e-07,N
848127915,0,-4.636046885293094e-07,N
848127915,0,-4.636046885293094e-07,N
848127915,0,-4.636046885293094e-07,N
2378775366,0,-4.636046885293094e-07,O
2378775366,0,-4.636046885293094e-07,O
2378775366,0,0.0,O
2378775366,0,-4.636046885293094e-07,O
2378775366,0,-4.636046885293094e-07,O
2592785365,0,0.0,N
2592785365,0,0.0,N
2592785365,0,0.0,N
2592785365,0,0.0,N
2592785365,0,0.0,N
460073430,0,1.9184523999543623e-06,C
460073430,0,1.9184523999543623e-06,C
460073430,0,0.0,C
460073430,0,6.006489411160276e-07,C
460073430,0,0.0,C
2378779377,0,0.0,O
2378779377,0,0.0,O
2378779377,0,0.0,O
2378779377,0,0.0,O
2378779377,0,0.0,O
4194366826,0,1.4536794334119203e-05,C
4194366826,0,3.2909392735679284e-05,C
4194366826,0,1.464189086631748e-05,C
4194366826,0,8.523498035470367e-06,C
4194366826,0,1.1750642189695126e-05,C
1136130381,0,-1.904079209823044e-05,C
1136130381,0,-2.686697582482412e-05,C
1136130381,0,-6.046145468877398e-07,C
1136130381,0,-4.663321535271561e-05,C
1136130381,0,-3.4020773498314935e-05,C
1646750527,0,5.669340865091001e-05,C
1646750527,0,2.8417817128874312e-05,C
1646750527,0,4.985463574341039e-05,C
1646750527,0,6.113108346733793e-05,C
1646750527,0,4.034607902448501e-05,C
1163692816,0,1.53500246482096e-05,N
1163692816,0,9.676846143365572e-06,N
1163692816,0,9.948298424212672e-05,N
1163692816,0,8.972279376816272e-05,N
1163692816,0,0.0001063083263357,N
1840994228,0,-6.241362527377708e-05,C
1840994228,0,-3.090963866953303e-05,C
1840994228,0,-1.539326432678685e-05,C
1840994228,0,-1.8365299178746235e-05,C
1840994228,0,3.825792024047744e-06,C
2609658248,0,2.5078037597605143e-05,C
2609658248,0,-1.2965649273278567e-05,C
2609658248,0,-1.7431175981796887e-05,C
2609658248,0,-1.3122623617354764e-05,C
2609658248,0,6.313198025017803e-05,C
2353583745,0,-1.181170472779828e-05,C
2353583745,0,-1.4166219377938044e-05,C
2353583745,0,-1.2274384259592512e-05,C
2353583745,0,-1.9548760516012453e-06,C
2353583745,0,-1.239340355946566e-05,C
3443041413,0,1.676918939211812e-05,C
3443041413,0,7.592082126335956e-06,C
3443041413,0,-4.378695022315068e-06,C
3443041413,0,2.1917020075691747e-05,C
3443041413,0,2.2978786918760943e-05,C
3286720230,0,-3.857026332304472e-05,C
3286720230,0,-4.667577087093256e-05,C
3286720230,0,-3.139710480463791e-05,C
3286720230,0,-1.8444379231444263e-05,C
3286720230,0,-3.441306992163669e-05,C
1449131080,0,1.8523974852375369e-07,C
1449131080,0,-2.560746821438087e-05,C
1449131080,0,1.030520895688343e-05,C
1449131080,0,6.619166818909623e-06,C
1449131080,0,6.856332462910897e-06,C
636971230,0,-7.669654204202174e-06,C
636971230,0,3.904800952771875e-06,C
636971230,0,3.3030488914695053e-06,C
636971230,0,-3.134069212784932e-06,C
636971230,0,-7.669654204202174e-06,C
2251845666,0,6.173049012809378e-07,C
2251845666,0,2.249489587633977e-05,C
2251845666,0,-4.7060175256522646e-05,C
2251845666,0,9.453184988009698e-06,C
2251845666,0,-1.0572786837092368e-05,C
305828102,0,0.0,C
305828102,0,0.0,C
305828102,0,0.0,C
305828102,0,0.0,C
305828102,0,0.0,C
2810604122,0,4.631417636468544e-07,C
2810604122,0,0.0,C
2810604122,0,4.631417636468544e-07,C
2810604122,0,4.631417636468544e-07,C
2810604122,0,0.0,C
979999009,0,-3.93383293011574e-06,C
979999009,0,-1.2674303356916689e-06,C
979999009,0,-1.2674303356916689e-06,C
979999009,0,-1.2674303356916689e-06,C
979999009,0,1.837484744880713e-06,C
4083722611,0,4.25417242658566e-05,C
4083722611,0,1.19778747743899e-05,C
4083722611,0,1.6150136271662723e-05,C
4083722611,0,1.83808276657876e-05,C
4083722611,0,2.6121809169572106e-05,C
849275503,0,-1.910828048390985e-05,N
849275503,0,-7.669305406470157e-06,N
849275503,0,-6.829816818178063e-06,N
849275503,0,-1.1950850243773112e-05,N
849275503,0,-1.466845070106481e-05,N
3533643770,0,-5.650495807439648e-06,C
3533643770,0,6.546111344814948e-06,C
3533643770,0,-4.462798219219237e-06,C
3533643770,0,-2.332787085523348e-06,C
3533643770,0,-8.042885720448145e-07,C
594486406,0,0.0,
594486406,0,0.0,
594486406,0,0.0,
594486406,0,0.0,
594486406,0,0.0,
2697642734,0,-1.1053924287856773e-05,O
2697642734,0,9.1323768792893e-06,O
2697642734,0,3.4300442422335875e-06,O
2697642734,0,2.536154515495048e-07,O
2697642734,0,-8.331245088775106e-06,O
3345225135,0,-2.152887707629683e-06,N
3345225135,0,-2.711734499814128e-07,N
3345225135,0,-2.101567036120328e-06,N
3345225135,0,-4.673281874223792e-06,N
3345225135,0,-5.945082659350107e-06,N
1348783936,0,-4.583203053386449e-06,C
1348783936,0,-4.11867043045161e-06,C
1348783936,0,-3.516918369150107e-06,C
1348783936,0,-3.981450992084946e-06,C
1348783936,0,-3.654602122623099e-06,C
3848368466,0,0.0,C
3848368466,0,0.0,C
3848368466,0,-4.636046885293094e-07,C
3848368466,0,-4.636046885293094e-07,C
3848368466,0,0.0,C
4130182993,0,6.006489411160276e-07,C
4130182993,0,4.631417636468544e-07,C
4130182993,0,0.0,C
4130182993,0,0.0,C
4130182993,0,0.0,C
994637429,0,-6.0175206130237e-07,N
994637429,0,0.0,N
994637429,0,-7.067902142899804e-06,N
994637429,0,0.0,N
994637429,0,0.0,N
1868697328,0,0.0,
1868697328,0,0.0,
1868697328,0,0.0,
1868697328,0,0.0,
1868697328,0,0.0,
485458970,0,1.3704425258671826e-07,F
485458970,0,0.0,F
485458970,0,1.3704425258671826e-07,F
485458970,0,0.0,F
485458970,0,-4.636046885293094e-07,F
1971534293,0,-4.003681054472186e-06,O
1971534293,0,1.8049285527491424e-05,O
1971534293,0,2.713330771985084e-05,O
1971534293,0,-3.399713616530735e-06,O
1971534293,0,-7.01618622883475e-06,O
2667063169,0,-3.26039721680084e-06,O
2667063169,0,-1.9885964316762594e-06,O
2667063169,0,-6.667813945756412e-07,O
2667063169,0,-1.9885964316762594e-06,O
2667063169,0,-1.525454668029405e-06,O
831463242,0,2.5808858345448965e-06,N
831463242,0,1.4673201421952673e-05,N
831463242,0,2.5808858345448965e-06,N
831463242,0,2.5808858345448965e-06,N
831463242,0,2.5808858345448965e-06,N
473978627,0,-5.149449742945442e-06,C
473978627,0,1.3030431070949582e-05,C
473978627,0,5.153452700700639e-06,C
473978627,0,6.217243405463521e-06,C
473978627,0,-9.114148557844148e-07,C
2251883808,0,-7.152628222519691e-05,C
2251883808,0,-8.781073523554672e-07,C
2251883808,0,-2.5640607375920776e-06,C
2251883808,0,-5.268561618594018e-05,C
2251883808,0,-7.119765119873583e-05,C
2959332130,0,0.0,C
2959332130,0,0.0,C
2959332130,0,0.0,C
2959332130,0,0.0,C
2959332130,0,0.0,C
256204769,0,0.0,C
256204769,0,0.0,C
256204769,0,0.0,C
256204769,0,0.0,C
256204769,0,0.0,C
2194376677,0,3.261323888363154e-05,C
2194376677,0,5.24626925737029e-07,C
2194376677,0,9.173251926992629e-06,C
2194376677,0,2.54691781412502e-06,C
2194376677,0,3.890336373071207e-06,C
800085213,0,2.014646968824009e-05,C
800085213,0,9.885455744601188e-06,C
800085213,0,1.0385753930490862e-05,C
800085213,0,1.6736256917113286e-05,C
800085213,0,4.087531071553761e-06,C
3705139132,0,1.063790704762882e-06,C
3705139132,0,1.6633395562423367e-06,C
3705139132,0,0.0,C
3705139132,0,6.006489411160276e-07,C
3705139132,0,1.063790704762882e-06,C
2834566420,0,-3.0528500613215964e-06,C
2834566420,0,6.006489411160276e-07,C
2834566420,0,6.006489411160276e-07,C
2834566420,0,3.181534775660924e-06,C
2834566420,0,6.62273103990349e-06,C
3341916169,0,-2.1865193455232988e-05,C
3341916169,0,0.0002665520532953,C
3341916169,0,6.812174468151869e-05,C
3341916169,0,8.508724556136483e-05,C
3341916169,0,0.0002402195729169,C
1186654798,0,0.0,C
1186654798,0,0.0,C
1186654798,0,0.0,C
1186654798,0,0.0,C
1186654798,0,0.0,C
215394313,0,-6.0175206130237e-07,C
215394313,0,0.0,C
215394313,0,-6.0175206130237e-07,C
215394313,0,-6.0175206130237e-07,C
215394313,0,0.0,C
816543468,0,0.0,
816543468,0,0.0,
816543468,0,0.0,
816543468,0,0.0,
816543468,0,0.0,
3796970912,0,3.23776668383147e-05,C
3796970912,0,5.403100830208944e-06,C
3796970912,0,3.476246717519244e-05,C
3796970912,0,4.514172059162658e-06,C
3796970912,0,8.061176810228964e-06,C
3028039221,0,-1.2597163273827226e-05,N
3028039221,0,-1.2597163273827226e-05,N
3028039221,0,-2.1190196779983725e-05,N
3028039221,0,-1.2597163273827226e-05,N
3028039221,0,-8.042885720448145e-07,N
2261212172,0,0.0,
2261212172,0,0.0,
2261212172,0,0.0,
2261212172,0,0.0,
2261212172,0,0.0,
4182960975,0,3.901304624805146e-07,C
4182960975,0,-1.52942505766019e-06,C
4182960975,0,4.631417636468544e-07,C
4182960975,0,0.0,C
4182960975,0,0.0,C
2438720939,0,0.0,
2438720939,0,0.0,
2438720939,0,0.0,
2438720939,0,0.0,
2438720939,0,0.0,
1033192140,0,0.0,
1033192140,0,0.0,
1033192140,0,0.0,
1033192140,0,0.0,
1033192140,0,0.0,
1630528126,0,-3.467234163426203e-05,C
1630528126,0,-4.702485487104169e-06,C
1630528126,0,3.044027598191751e-06,C
1630528126,0,1.5791247643366993e-05,C
1630528126,0,-1.4542928107296946e-05,C
3974650111,0,-8.428094462843358e-06,C
3974650111,0,-9.073588115990005e-06,C
3974650111,0,-4.586242177794311e-06,C
3974650111,0,-3.26039721680084e-06,C
3974650111,0,-7.192329399722391e-06,C
1910766508,0,1.2527262016273286e-05,C
1910766508,0,1.193099536105427e-05,C
1910766508,0,2.530559206677385e-05,C
1910766508,0,3.401296379189518e-06,C
1910766508,0,7.586247699876113e-05,C
4081537576,0,-2.271415870002368e-06,C
4081537576,0,-1.888021022067917e-05,C
4081537576,0,-1.1731659546130452e-05,C
4081537576,0,-1.066608657033022e-05,C
4081537576,0,1.1348964275913892e-05,C
1255595680,0,-5.722839113608824e-05,C
1255595680,0,-4.241769791274441e-05,C
1255595680,0,-4.482199239994392e-05,C
1255595680,0,-3.000935879430254e-05,C
1255595680,0,-2.560716315161242e-05,C
1630260676,0,0.0,C
1630260676,0,0.0,C
1630260676,0,-2.481355097791807e-07,C
1630260676,0,2.152532777698752e-07,C
1630260676,0,4.631417636468544e-07,C
3129492592,0,6.006489411160276e-07,C
3129492592,0,1.9184523999543623e-06,C
3129492592,0,0.0,C
3129492592,0,0.0,C
3129492592,0,1.9184523999543623e-06,C
781912670,0,-7.067902142899804e-06,C
781912670,0,-1.5819811189456134e-05,C
781912670,0,-1.013755349879228e-06,C
781912670,0,-1.454801040432982e-05,C
781912670,0,-1.1186572573351414e-05,C
2487927669,0,-1.5037350203335811e-05,C
2487927669,0,-4.553730437285332e-06,C
2487927669,0,-1.7244343566360718e-05,C
2487927669,0,1.1033918668971326e-06,C
2487927669,0,-1.673750862149319e-05,C
3787488754,0,0.0,C
3787488754,0,0.0,C
3787488754,0,0.0,C
3787488754,0,0.0,C
3787488754,0,0.0,C
2308348490,0,8.306423445704307e-06,C
2308348490,0,2.5095628266484128e-05,C
2308348490,0,-1.6743333214446106e-05,C
2308348490,0,3.615516448548378e-05,C
2308348490,0,3.761344713911711e-05,C
2333272823,0,0.0,C
2333272823,0,0.0,C
2333272823,0,0.0,C
2333272823,0,0.0,C
2333272823,0,0.0,C
2812398603,0,5.945575642309336e-05,C
2812398603,0,-5.384855125071218e-06,C
2812398603,0,-1.57293083165172e-05,C
2812398603,0,0.0001010723847689,C
2812398603,0,-1.641504139228943e-05,C
2999514534,0,-4.5027520248451525e-06,C
2999514534,0,-5.852219330335778e-07,C
2999514534,0,0.0,C
2999514534,0,-7.488201231979803e-06,C
2999514534,0,2.3815941636012167e-06,C
3222770065,0,0.0,C
3222770065,0,0.0,C
3222770065,0,-1.2564325131894129e-05,C
3222770065,0,0.0,C
3222770065,0,-1.0653567498316791e-06,C
3491109101,0,-1.940209384700825e-05,C
3491109101,0,1.4367001075618266e-06,C
3491109101,0,-9.004161459318095e-08,C
3491109101,0,-1.4513076785523105e-06,C
3491109101,0,5.6165944643474935e-06,C
1255626466,0,0.0,N
1255626466,0,0.0,N
1255626466,0,0.0,N
1255626466,0,0.0,N
1255626466,0,0.0,N
3289231689,0,2.7179300871316148e-06,C
3289231689,0,1.3704425258671826e-07,C
3289231689,0,-3.270240552417925e-07,C
3289231689,0,2.253861779303104e-06,C
3289231689,0,1.3704425258671826e-07,C
3745584548,0,-1.2674303356916689e-06,C
3745584548,0,2.992273948664373e-06,C
3745584548,0,1.724843612972704e-06,C
3745584548,0,5.573159783209269e-06,C
3745584548,0,-1.2674303356916689e-06,C
1914229733,0,0.0,C
1914229733,0,0.0,C
1914229733,0,0.0,C
1914229733,0,0.0,C
1914229733,0,0.0,C
216545222,0,-3.597673901314241e-06,N
216545222,0,-1.129689479620246e-05,N
216545222,0,-7.531506831429113e-06,N
216545222,0,0.0,N
216545222,0,-8.517035983502189e-06,N
2331740049,0,6.006489411160276e-07,N
2331740049,0,0.0,N
2331740049,0,0.0,N
2331740049,0,0.0,N
2331740049,0,0.0,N
2355446912,0,1.3704425258671826e-07,C
2355446912,0,5.094893742164236e-06,C
2355446912,0,3.901304624805146e-07,C
2355446912,0,1.3704425258671826e-07,C
2355446912,0,-3.270240552417925e-07,C
859799282,0,3.894695949567886e-06,C
859799282,0,9.058253653472514e-06,C
859799282,0,5.153452700700639e-06,C
859799282,0,3.839642585675915e-06,C
859799282,0,6.407906009948429e-06,C
3811375594,0,0.000273662680992,C
3811375594,0,0.0002386339076549,C
3811375594,0,0.0002478932754151,C
3811375594,0,0.0002503638091172,C
3811375594,0,0.0002565314263448,C
144568923,0,-1.525454668029405e-06,C
144568923,0,-4.636046885293094e-07,C
144568923,0,-4.636046885293094e-07,C
144568923,0,-3.0528500613215964e-06,C
144568923,0,-1.6634240773511983e-06,C
2557045420,0,-3.93383293011574e-06,N
2557045420,0,-5.496870420507172e-07,N
2557045420,0,2.0395583307407025e-06,N
2557045420,0,-7.669654204202174e-06,N
2557045420,0,-1.0653567498316791e-06,N
4265716399,0,-1.2093620607748698e-06,N
4265716399,0,6.690628817736764e-06,N
4265716399,0,3.321828588886445e-06,N
4265716399,0,3.950420262385616e-06,N
4265716399,0,6.753361083154663e-06,N
778974661,0,0.0,C
778974661,0,0.0,C
778974661,0,0.0,C
778974661,0,0.0,C
778974661,0,0.0,C
3914061263,0,1.019125080900518e-05,C
3914061263,0,1.0654392572652036e-05,C
3914061263,0,4.631417636468544e-07,C
3914061263,0,2.064189401852507e-05,C
3914061263,0,0.0,C
3330819572,0,1.2630823757056944e-06,C
3330819572,0,1.2630823757056944e-06,C
3330819572,0,-1.3218150371006182e-06,C
3330819572,0,1.0476131969555658e-06,C
3330819572,0,1.863731316821722e-06,C
1674219510,0,0.0,C
1674219510,0,1.9184523999543623e-06,C
1674219510,0,0.0,C
1674219510,0,1.019125080900518e-05,C
1674219510,0,1.9184523999543623e-06,C
2170404731,0,-1.4248750942405172e-05,C
2170404731,0,-1.822404810231537e-05,C
2170404731,0,-1.3922056192926591e-06,C
2170404731,0,-1.1514350770224294e-05,C
2170404731,0,-3.845799686208462e-06,C
3116051204,0,-3.134069212784932e-06,C
3116051204,0,-6.0175206130237e-07,C
3116051204,0,-7.669654204202174e-06,C
3116051204,0,-6.0175206130237e-07,C
3116051204,0,0.0,C
493191496,0,0.0,C
493191496,0,6.006489411160276e-07,C
493191496,0,0.0,C
493191496,0,0.0,C
493191496,0,0.0,C
851463431,0,-4.636046885293094e-07,C
851463431,0,-4.636046885293094e-07,C
851463431,0,-4.636046885293094e-07,C
851463431,0,2.117281146015587e-06,C
851463431,0,-4.636046885293094e-07,C
2839110432,0,6.006489411160276e-07,C
2839110432,0,6.006489411160276e-07,C
2839110432,0,3.181534775660924e-06,C
2839110432,0,3.181534775660924e-06,C
2839110432,0,0.0,C
1913726790,0,-3.416090402505803e-07,C
1913726790,0,-5.029810525412556e-06,C
1913726790,0,-2.076089357170262e-06,C
1913726790,0,-7.808167486429013e-06,C
1913726790,0,9.769578361976984e-06,C
512485612,0,0.0,
512485612,0,0.0,
512485612,0,0.0,
512485612,0,0.0,
512485612,0,0.0,
3631761933,0,-4.738940695431932e-07,C
3631761933,0,-3.7780460811990407e-06,C
3631761933,0,7.263037230522892e-07,C
3631761933,0,1.267548715728345e-07,C
3631761933,0,-7.58214121129603e-06,C
3254486562,0,-5.7389920985933054e-06,C
3254486562,0,-8.271662720707104e-06,C
3254486562,0,-6.202596787122615e-06,C
3254486562,0,-8.735267409236414e-06,C
3254486562,0,-2.539231120817116e-06,C
1163048604,0,0.0,C
1163048604,0,0.0,C
1163048604,0,3.104915080572382e-06,C
1163048604,0,0.0,C
1163048604,0,0.0,C
265892994,0,7.026331446606526e-06,O
265892994,0,4.244225390787233e-06,O
265892994,0,5.305356703885766e-06,O
265892994,0,2.188903671146783e-06,O
265892994,0,-6.60476037925295e-06,O
2328129879,0,-1.139255298934598e-05,O
2328129879,0,-1.4707296565417275e-06,O
2328129879,0,2.261791337546636e-06,O
2328129879,0,-6.467253201783776e-06,O
2328129879,0,2.9811430150806714e-06,O
3048383039,0,5.736528654435441e-06,C
3048383039,0,-1.4824947692453246e-05,C
3048383039,0,7.721279950490337e-07,C
3048383039,0,-2.660964649025318e-05,C
3048383039,0,-9.672825028708178e-06,C
1222631225,0,-8.184999434474906e-06,C
1222631225,0,-8.663330343711487e-06,C
1222631225,0,7.138035186780856e-07,C
1222631225,0,-8.663330343711487e-06,C
1222631225,0,-1.327049893002242e-05,C
1272192549,0,-3.9324590239366367e-05,C
1272192549,0,2.777813493820124e-05,C
1272192549,0,-2.8125079602361533e-05,C
1272192549,0,9.029967136277989e-06,C
1272192549,0,1.2499095197160068e-05,C
222023415,0,-8.503241646310496e-05,N
222023415,0,-6.876526769913731e-05,N
222023415,0,-2.103414689085155e-05,N
222023415,0,-2.632623513160529e-05,N
222023415,0,-0.0001263142070373,N
617798156,0,0.0,O
617798156,0,0.0,O
617798156,0,0.0,O
617798156,0,0.0,O
617798156,0,0.0,O
190140222,0,-9.2767299635782e-07,N
190140222,0,0.0,N
190140222,0,-6.792900932488591e-07,N
190140222,0,-2.154691787492613e-07,N
190140222,0,-3.654602122623099e-06,N
4180801603,0,-1.2254793261810145e-05,C
4180801603,0,-3.861046157916867e-06,C
4180801603,0,0.0,C
4180801603,0,-1.0928948300816673e-05,C
4180801603,0,-1.0928948300816673e-05,C
3984860707,0,3.104915080572382e-06,S
3984860707,0,1.3178034588383347e-06,S
3984860707,0,0.0,S
3984860707,0,2.3815941636012167e-06,S
3984860707,0,0.0,S
3462308225,0,-6.839731683989242e-06,C
3462308225,0,1.73720292632705e-05,C
3462308225,0,-6.473832941052832e-06,C
3462308225,0,3.752158337678828e-05,C
3462308225,0,-1.0320520557821967e-05,C
2355616982,0,6.006489411160276e-07,C
2355616982,0,-7.067902142899804e-06,C
2355616982,0,-5.204170826078082e-06,C
2355616982,0,-3.134069212784932e-06,C
2355616982,0,-5.80481976719411e-06,C
4042373501,0,-5.056718980222391e-05,C
4042373501,0,-3.538522202069759e-05,C
4042373501,0,-3.0470504239913168e-05,C
4042373501,0,-3.687924983026766e-05,C
4042373501,0,-2.942743713937532e-05,C
736514702,0,-2.458955315833705e-06,O
736514702,0,-1.0653567498316791e-06,O
736514702,0,-1.52942505766019e-06,O
736514702,0,-1.52942505766019e-06,O
736514702,0,-2.5968159037739053e-06,O
65941455,0,6.238793731176695e-06,C
65941455,0,-2.7132963723294767e-05,C
65941455,0,1.1361547668144003e-05,C
65941455,0,6.939582094018029e-06,C
65941455,0,-2.129797592743607e-06,C
2411289135,0,0.0,
2411289135,0,0.0,
2411289135,0,0.0,
2411289135,0,0.0,
2411289135,0,0.0,
661888323,0,0.0,C
661888323,0,0.0,C
661888323,0,0.0,C
661888323,0,0.0,C
661888323,0,0.0,C
1909986973,0,-3.1968490789338264e-05,C
1909986973,0,-2.9405503826983315e-05,C
1909986973,0,-2.486750871527697e-05,C
1909986973,0,-1.5678348495242952e-05,C
1909986973,0,-3.2702902232529044e-05,C
984189120,0,0.0,
984189120,0,0.0,
984189120,0,0.0,
984189120,0,0.0,
984189120,0,0.0,
237615532,0,-8.721009805093966e-07,C
237615532,0,9.840170616587374e-06,C
237615532,0,3.659089669151919e-06,C
237615532,0,-1.0294498931114409e-05,C
237615532,0,1.2001977925954824e-06,C
3598064087,0,5.38655746573349e-05,C
3598064087,0,1.6597003382462852e-05,C
3598064087,0,2.9880381411297868e-05,C
3598064087,0,2.711522114709052e-05,C
3598064087,0,1.7868136095815917e-05,C
1795978025,0,1.2630823757056944e-06,C
1795978025,0,-1.923567098402121e-06,C
1795978025,0,1.2630823757056944e-06,C
1795978025,0,-8.586732734537639e-07,C
1795978025,0,2.3268730804685764e-06,C
2235918822,0,0.0,
2235918822,0,0.0,
2235918822,0,0.0,
2235918822,0,0.0,
2235918822,0,0.0,
1876820278,0,-1.6221532716115435e-05,C
1876820278,0,2.103625206199486e-05,C
1876820278,0,2.5762228814136395e-05,C
1876820278,0,1.88521911543664e-05,C
1876820278,0,1.2369396795035986e-05,C
698395004,0,-1.3861029765551566e-07,C
698395004,0,0.0,C
698395004,0,-6.0175206130237e-07,C
698395004,0,-6.0175206130237e-07,C
698395004,0,-6.0175206130237e-07,C
1207774339,0,1.0390144697981774e-06,C
1207774339,0,3.744423572853845e-07,C
1207774339,0,-1.0216019549766711e-06,C
1207774339,0,2.8223040395240068e-06,C
1207774339,0,-6.761542217566946e-07,C
431202968,0,-6.0175206130237e-07,O
431202968,0,-6.0175206130237e-07,O
431202968,0,0.0,O
431202968,0,0.0,O
431202968,0,-6.0175206130237e-07,O
833901780,0,3.104915080572382e-06,N
833901780,0,4.492954367602345e-06,N
833901780,0,-6.923862940226046e-06,N
833901780,0,6.611622210558367e-06,N
833901780,0,-3.3553431711243545e-06,N
1821698485,0,-1.1951103184373e-05,C
1821698485,0,-2.152887707629683e-06,C
1821698485,0,1.2672064598031815e-05,C
1821698485,0,-2.991213429271583e-06,C
1821698485,0,-5.491058783196022e-06,C
1906719888,0,0.0,C
1906719888,0,0.0,C
1906719888,0,-2.589245372792287e-06,C
1906719888,0,-2.589245372792287e-06,C
1906719888,0,-2.589245372792287e-06,C
2809361097,0,4.631417636468544e-07,C
2809361097,0,0.0,C
2809361097,0,0.0,C
2809361097,0,0.0,C
2809361097,0,0.0,C
2036328569,0,-6.932676646351221e-06,C
2036328569,0,1.125394142413149e-05,C
2036328569,0,-3.955019242897137e-06,C
2036328569,0,-9.25905816549083e-07,C
2036328569,0,9.602917647304546e-06,C
2512623809,0,4.631417636468544e-07,C
2512623809,0,-2.1261036091454327e-06,C
2512623809,0,-2.589245372792287e-06,C
2512623809,0,4.631417636468544e-07,C
2512623809,0,4.631417636468544e-07,C
2817106133,0,0.0,
2817106133,0,0.0,
2817106133,0,0.0,
2817106133,0,0.0,
2817106133,0,0.0,
1754248939,0,-1.3218150371006182e-06,C
1754248939,0,1.7262241393525488e-06,C
1754248939,0,-2.5802433233773625e-07,C
1754248939,0,1.2630823757056944e-06,C
1754248939,0,1.7262241393525488e-06,C
2635303940,0,1.3155555799795882e-06,C
2635303940,0,-6.0175206130237e-07,C
2635303940,0,-3.915090333785759e-06,C
2635303940,0,-4.516842395088129e-06,C
2635303940,0,-6.0175206130237e-07,C
1396348621,0,-2.64765999809409e-06,C
1396348621,0,-4.456237720516787e-06,C
1396348621,0,-3.852270282575336e-06,C
1396348621,0,-3.24941205939646e-06,C
1396348621,0,-3.24941205939646e-06,C
2479916646,0,-9.463094061043162e-06,C
2479916646,0,-7.124830364209529e-06,C
2479916646,0,5.206501925078545e-08,C
2479916646,0,5.206501925078545e-08,C
2479916646,0,-1.1601528212881391e-05,C
4282315164,0,1.0763768190502968e-05,N
4282315164,0,2.8641198387665927e-05,N
4282315164,0,3.858034256833294e-05,N
4282315164,0,3.834539204611472e-05,N
4282315164,0,4.057991817196273e-05,N
2486266314,0,0.0,C
2486266314,0,0.0,C
2486266314,0,0.0,C
2486266314,0,0.0,C
2486266314,0,0.0,C
1019269664,0,2.5808858345448965e-06,N
1019269664,0,2.5808858345448965e-06,N
1019269664,0,9.590601867889154e-06,N
1019269664,0,2.5808858345448965e-06,N
1019269664,0,2.5808858345448965e-06,N
3118635600,0,0.0,C
3118635600,0,-7.067902142899804e-06,C
3118635600,0,6.006489411160276e-07,C
3118635600,0,0.0,C
3118635600,0,-2.533420271668904e-06,C
3218370331,0,0.0,
3218370331,0,0.0,
3218370331,0,0.0,
3218370331,0,0.0,
3218370331,0,0.0,
3044392905,0,5.835056377467493e-05,N
3044392905,0,5.822316511752517e-05,N
3044392905,0,0.0001142133675152,N
3044392905,0,0.000152766762664,N
3044392905,0,7.375358246047847e-05,N
4194776273,0,-3.048285023294576e-05,O
4194776273,0,0.0001149965329525,O
4194776273,0,7.202099587304018e-05,O
4194776273,0,0.0001552137967498,O
4194776273,0,8.708990376559735e-05,O
263215426,0,-2.589245372792287e-06,C
263215426,0,-6.3250666468787214e-06,C
263215426,0,-1.878461778477732e-06,C
263215426,0,-2.1261036091454327e-06,C
263215426,0,-5.723314585577219e-06,C
2753863138,0,1.5264702365571162e-06,C
2753863138,0,1.5264702365571162e-06,C
2753863138,0,1.5264702365571162e-06,C
2753863138,0,1.5264702365571162e-06,C
2753863138,0,1.5264702365571162e-06,C
2699298541,0,0.0,C
2699298541,0,0.0,C
2699298541,0,1.063790704762882e-06,C
2699298541,0,0.0,C
2699298541,0,0.0,C
3308404410,0,-3.942618236245886e-06,C
3308404410,0,1.5042558040481713e-05,C
3308404410,0,4.877294895880638e-05,C
3308404410,0,-1.6392524653657817e-07,C
3308404410,0,3.6747229331662336e-05,C
1446633534,0,3.904800952771875e-06,C
1446633534,0,0.0,C
1446633534,0,0.0,C
1446633534,0,7.009716033344257e-06,C
1446633534,0,0.0,C
2756489526,0,0.0,C
2756489526,0,-1.798858359592509e-05,C
2756489526,0,-1.798858359592509e-05,C
2756489526,0,-3.134069212784932e-06,C
2756489526,0,0.0,C
913310822,0,1.388039287029963e-06,C
913310822,0,9.258212954410884e-07,C
913310822,0,1.388039287029963e-06,C
913310822,0,4.631417636468544e-07,C
913310822,0,9.258212954410884e-07,C
3561946030,0,-2.656614335362368e-05,N
3561946030,0,-1.1894904657798466e-05,N
3561946030,0,4.1633224285454046e-06,N
3561946030,0,-4.182158880889492e-06,N
3561946030,0,-8.101342671990551e-06,N
3292836938,0,0.0,
3292836938,0,0.0,
3292836938,0,0.0,
3292836938,0,0.0,
3292836938,0,0.0,
3194612514,0,7.472857796991111e-06,O
3194612514,0,1.3374648448364472e-05,O
3194612514,0,1.2179810138034965e-05,O
3194612514,0,9.723103387563811e-06,O
3194612514,0,9.073923866942215e-06,O
1822332700,0,-0.0001574899214359,C
1822332700,0,6.993582340960886e-05,C
1822332700,0,-0.0002186974901513,C
1822332700,0,-0.0002136477103741,C
1822332700,0,-0.0002143558226038,C
2215059400,0,-2.389410029364318e-05,O
2215059400,0,-6.163539915038027e-07,O
2215059400,0,-3.5691842830182403e-05,O
2215059400,0,-4.831948844123343e-06,O
2215059400,0,-3.992630054646881e-06,O
773709216,0,-3.97238480843911e-06,C
773709216,0,1.3704425258671826e-07,C
773709216,0,6.105514983517808e-06,C
773709216,0,5.505966132037486e-06,C
773709216,0,-9.2767299635782e-07,C
2530377886,0,-1.9960841798646704e-05,N
2530377886,0,-6.454398244175839e-06,N
2530377886,0,-1.569512455542807e-05,N
2530377886,0,-3.0466734712089605e-06,N
2530377886,0,-3.514185760994642e-05,N
2850656190,0,1.1304669163449651e-05,C
2850656190,0,-1.5678348495242952e-05,C
2850656190,0,6.216965413465177e-06,C
2850656190,0,1.4209596733423362e-05,C
2850656190,0,2.2104617134696e-05,C
1376881293,0,-1.3861029765551566e-07,C
1376881293,0,4.631417636468544e-07,C
1376881293,0,4.631417636468544e-07,C
1376881293,0,4.631417636468544e-07,C
1376881293,0,-2.727855670446936e-06,C
1214060489,0,-4.1918489976653164e-06,C
1214060489,0,-2.619034640344124e-06,C
1214060489,0,-8.314349444666497e-06,C
1214060489,0,-1.1839744513017676e-05,C
1214060489,0,2.158524029964755e-06,C
4203454020,0,5.869281539498672e-07,C
4203454020,0,3.6446765393077785e-06,C
4203454020,0,3.6446765393077785e-06,C
4203454020,0,2.5808858345448965e-06,C
4203454020,0,2.5808858345448965e-06,C
3034212252,0,7.574244995991151e-06,C
3034212252,0,1.1533439580146791e-05,C
3034212252,0,1.548381274638945e-05,C
3034212252,0,1.2729182617137944e-05,C
3034212252,0,1.971014943677289e-05,C
3044751281,0,-5.9177593901187445e-06,N
3044751281,0,-5.788643180212709e-06,N
3044751281,0,-8.387674460625695e-06,N
3044751281,0,-2.3674659362348145e-05,N
3044751281,0,-1.2199233146882073e-05,N
1292826808,0,-6.0175206130237e-07,C
1292826808,0,0.0,C
1292826808,0,0.0,C
1292826808,0,-6.0175206130237e-07,C
1292826808,0,-6.0175206130237e-07,C
950023157,0,-4.029810495866613e-06,C
950023157,0,8.575407978060438e-06,C
950023157,0,-4.1918489976653164e-06,C
950023157,0,-1.4828995144409302e-06,C
950023157,0,-2.491441887202475e-06,C
1187730664,0,-2.345175918982284e-05,C
1187730664,0,9.570078483772844e-06,C
1187730664,0,3.460427818197803e-07,C
1187730664,0,-1.1660009005282771e-05,C
1187730664,0,-5.529261130927422e-06,C
4039837947,0,0.0,
4039837947,0,0.0,
4039837947,0,0.0,
4039837947,0,0.0,
4039837947,0,0.0,
773607102,0,-1.3861029765551566e-07,C
773607102,0,0.0,C
773607102,0,6.006489411160276e-07,C
773607102,0,2.3815941636012167e-06,C
773607102,0,4.631417636468544e-07,C
2246997334,0,1.908268519907816e-06,C
2246997334,0,-3.27267951043958e-06,C
2246997334,0,3.240692341387186e-07,C
2246997334,0,3.1128788043881944e-06,C
2246997334,0,-2.868034361831577e-06,C
714711401,0,-5.541431906342688e-06,C
714711401,0,1.933613424114685e-05,C
714711401,0,-8.130677279134975e-06,C
714711401,0,2.0397901084216047e-05,C
714711401,0,1.2874493442550232e-05,C
1710869618,0,0.0,C
1710869618,0,0.0,C
1710869618,0,3.904800952771875e-06,C
1710869618,0,7.009716033344257e-06,C
1710869618,0,0.0,C
2549196227,0,-1.6054269476950891e-06,C
2549196227,0,1.4756813943269873e-05,C
2549196227,0,3.238019558196234e-06,C
2549196227,0,4.6335573456622245e-06,C
2549196227,0,-8.335332478591473e-06,C
2856245513,0,-3.027947589469716e-05,C
2856245513,0,-2.1388681208143505e-05,C
2856245513,0,-8.405228057474338e-06,C
2856245513,0,2.423949226082814e-06,C
2856245513,0,-2.9208310300597905e-05,C
1999077141,0,0.0,
1999077141,0,0.0,
1999077141,0,0.0,
1999077141,0,0.0,
1999077141,0,0.0,
817588605,0,-3.556773519990293e-06,C
817588605,0,-3.556773519990293e-06,C
817588605,0,6.042470649780807e-06,C
817588605,0,-4.019915283637147e-06,C
817588605,0,-3.556773519990293e-06,C
3430642422,0,1.7986495738997813e-06,C
3430642422,0,3.781083627140379e-06,C
3430642422,0,1.3704425258671826e-07,C
3430642422,0,1.3704425258671826e-07,C
3430642422,0,2.054396562904508e-06,C
1528304983,0,0.0,N
1528304983,0,-4.980447083617438e-06,N
1528304983,0,-2.589245372792287e-06,N
1528304983,0,3.3891014637431327e-06,N
1528304983,0,-2.589245372792287e-06,N
3873941611,0,-4.636046885293094e-07,C
3873941611,0,-4.636046885293094e-07,C
3873941611,0,0.0,C
3873941611,0,-1.2674303356916689e-06,C
3873941611,0,-1.7310350242209782e-06,C
2687950697,0,8.917984553252073e-06,C
2687950697,0,8.073506738107139e-06,C
2687950697,0,1.929803742888124e-05,C
2687950697,0,5.194074306077816e-06,C
2687950697,0,4.2000648524300604e-06,C
109461427,0,-1.1494696723710757e-05,C
109461427,0,1.2803811987338943e-05,C
109461427,0,-9.576244323755529e-06,C
109461427,0,-1.2159028429841248e-06,C
109461427,0,-8.133258892731483e-06,C
2950679810,0,-1.3163375316019646e-05,O
2950679810,0,-1.0584820512049913e-05,O
2950679810,0,-5.463257987775062e-06,O
2950679810,0,-1.3138005010831372e-06,O
2950679810,0,-1.4949722976054236e-05,O
2914536168,0,5.153452700700639e-06,C
2914536168,0,0.0,C
2914536168,0,1.3178034588383347e-06,C
2914536168,0,5.8472091224448526e-08,C
2914536168,0,6.006489411160276e-07,C
1530636652,0,0.0,C
1530636652,0,0.0,C
1530636652,0,0.0,C
1530636652,0,0.0,C
1530636652,0,0.0,C
3043679972,0,0.0,
3043679972,0,0.0,
3043679972,0,0.0,
3043679972,0,0.0,
3043679972,0,0.0,
2529809651,0,0.0,C
2529809651,0,0.0,C
2529809651,0,0.0,C
2529809651,0,0.0,C
2529809651,0,0.0,C
1924383628,0,-7.669654204202174e-06,C
1924383628,0,-7.067902142899804e-06,C
1924383628,0,-8.133258892731483e-06,C
1924383628,0,-6.0175206130237e-07,C
1924383628,0,0.0,C
4003049590,0,1.3178034588383347e-06,C
4003049590,0,1.0284053153101873e-05,C
4003049590,0,2.5808858345448965e-06,C
4003049590,0,2.2904557746755705e-05,C
4003049590,0,1.854929060301179e-05,C
1026654305,0,-7.067902142899804e-06,S
1026654305,0,-8.593356810929209e-06,S
1026654305,0,-5.541431906342688e-06,S
1026654305,0,-9.194005752045237e-06,S
1026654305,0,-1.139255298934598e-05,S
1542631284,0,0.0,O
1542631284,0,0.0,O
1542631284,0,0.0,O
1542631284,0,0.0,O
1542631284,0,0.0,O
1349670121,0,0.0,C
1349670121,0,0.0,C
1349670121,0,0.0,C
1349670121,0,0.0,C
1349670121,0,0.0,C
895118200,0,0.0,N
895118200,0,6.006489411160276e-07,N
895118200,0,6.006489411160276e-07,N
895118200,0,3.181534775660924e-06,N
895118200,0,0.0,N
269171368,0,-6.050338640819011e-06,C
269171368,0,1.7986495738997813e-06,C
269171368,0,-5.329172544834421e-06,C
269171368,0,1.2001977925954824e-06,C
269171368,0,-8.992337940527326e-06,C
1583930800,0,3.181534775660924e-06,C
1583930800,0,3.181534775660924e-06,C
1583930800,0,2.5808858345448965e-06,C
1583930800,0,1.3178034588383347e-06,C
1583930800,0,6.006489411160276e-07,C
738150152,0,-1.3647628488711906e-05,O
738150152,0,6.522376083139582e-06,O
738150152,0,-1.0563834762104818e-05,O
738150152,0,1.4880954523209708e-05,O
738150152,0,-1.0858696178349218e-05,O
1168541985,0,1.4154510703653575e-06,C
1168541985,0,2.733254529203692e-06,C
1168541985,0,0.0,C
1168541985,0,1.9184523999543623e-06,C
1168541985,0,0.0,C
2747850234,0,7.330549932917617e-06,C
2747850234,0,1.5264702365571162e-06,C
2747850234,0,1.9886882281459906e-06,C
2747850234,0,1.7605239765686002e-05,C
2747850234,0,-2.132283280839066e-06,C
3134313966,0,-7.134616271830228e-06,O
3134313966,0,-8.014198003818834e-06,O
3134313966,0,-5.602047903126295e-06,O
3134313966,0,-6.995646469129188e-06,O
3134313966,0,-7.134616271830228e-06,O
1503972698,0,0.0,C
1503972698,0,0.0,C
1503972698,0,0.0,C
1503972698,0,0.0,C
1503972698,0,0.0,C
892756502,0,2.051810712474545e-05,C
892756502,0,-3.231674397818386e-05,C
892756502,0,-1.050947818030841e-05,C
892756502,0,-3.40938444960753e-05,C
892756502,0,-2.6037786474870928e-05,C
3136829774,0,0.0,N
3136829774,0,0.0,N
3136829774,0,0.0,N
3136829774,0,2.5808858345448965e-06,N
3136829774,0,2.5808858345448965e-06,N
3143719699,0,0.0002861676639504,C
3143719699,0,8.951472297630183e-05,C
3143719699,0,0.0001908541669364,C
3143719699,0,0.0002671196665563,C
3143719699,0,0.0001318492140763,C
1360035982,0,0.0,N
1360035982,0,0.0,N
1360035982,0,0.0,N
1360035982,0,0.0,N
1360035982,0,-4.636046885293094e-07,N
908339072,0,-1.5475851112592767e-05,C
908339072,0,-1.9660408046602053e-05,C
908339072,0,-1.7778972252273026e-05,C
908339072,0,-2.1481421391623266e-05,C
908339072,0,-2.1438332289762906e-05,C
974827889,0,2.8883928839819675e-05,C
974827889,0,-2.246783222626444e-05,C
974827889,0,1.7255737739590646e-05,C
974827889,0,-7.366865447038656e-06,C
974827889,0,3.18711630036949e-06,C
1343371647,0,8.003297120213332e-06,N
1343371647,0,6.936726447030923e-06,N
1343371647,0,8.138607137870776e-06,N
1343371647,0,1.1249615918671602e-05,N
1343371647,0,-5.265409248533456e-06,N
2669055056,0,4.631417636468544e-07,N
2669055056,0,4.631417636468544e-07,N
2669055056,0,0.0,N
2669055056,0,0.0,N
2669055056,0,0.0,N
2341585586,0,0.0,N
2341585586,0,0.0,N
2341585586,0,9.590601867889154e-06,N
2341585586,0,0.0,N
2341585586,0,0.0,N
934540015,0,2.152532777698752e-07,C
934540015,0,1.453048175371202e-05,C
934540015,0,1.0654392572652036e-05,C
934540015,0,1.0654392572652036e-05,C
934540015,0,4.12005423054175e-06,C
3794207567,0,6.888098788839989e-06,C
3794207567,0,8.673055589586594e-06,C
3794207567,0,1.854711920898193e-05,C
3794207567,0,7.48655057014342e-06,C
3794207567,0,1.5625310637509653e-05,C
3278587996,0,0.0,C
3278587996,0,0.0,C
3278587996,0,0.0,C
3278587996,0,0.0,C
3278587996,0,0.0,C
4223108416,0,7.009716033344257e-06,C
4223108416,0,-1.525454668029405e-06,C
4223108416,0,7.472857796991111e-06,C
4223108416,0,-2.1261036091454327e-06,C
4223108416,0,-2.1261036091454327e-06,C
1131570738,0,-1.3845776223875284e-06,N
1131570738,0,4.630491206395263e-06,N
1131570738,0,-5.8732661394056425e-08,N
1131570738,0,-1.1847707845139e-06,N
1131570738,0,1.3704425258671826e-07,N
2258843522,0,9.126997179359844e-06,C
2258843522,0,6.62273103990349e-06,C
2258843522,0,9.511960715756322e-06,C
2258843522,0,1.2763817675160924e-05,C
2258843522,0,6.022082098787462e-06,C
4257302536,0,5.360876941001846e-06,N
4257302536,0,-4.779943278933156e-06,N
4257302536,0,-5.444515391445949e-06,N
4257302536,0,-2.851240094759941e-06,N
4257302536,0,4.486025537058305e-07,N
2840370843,0,-9.233350424957263e-06,C
2840370843,0,-6.511574593935643e-06,C
2840370843,0,-2.2200588983610145e-05,C
2840370843,0,-1.9023684145092964e-05,C
2840370843,0,-2.049589336464673e-05,C
1420730566,0,-3.983956783865615e-06,C
1420730566,0,-1.0653567498316791e-06,C
1420730566,0,2.133705677724237e-06,C
1420730566,0,6.781794647733874e-07,C
1420730566,0,2.133705677724237e-06,C
434045476,0,2.4788848587784656e-07,O
434045476,0,7.107835943145555e-07,O
434045476,0,5.169122914170342e-06,O
434045476,0,9.258212954410884e-07,O
434045476,0,9.258212954410884e-07,O
894436332,0,-1.3138005010831372e-06,N
894436332,0,-1.914449442199165e-06,N
894436332,0,-1.0300031989082805e-05,N
894436332,0,-1.914449442199165e-06,N
894436332,0,-4.487016308354908e-06,N
3117292559,0,1.0904411982912143e-05,C
3117292559,0,2.631613573862192e-06,C
3117292559,0,0.0,C
3117292559,0,3.894695949567886e-06,C
3117292559,0,3.894695949567886e-06,C
1923187777,0,5.55803550581109e-06,N
1923187777,0,1.5155290847132172e-06,N
1923187777,0,1.9461292107804225e-05,N
1923187777,0,3.894695949567886e-06,N
1923187777,0,6.600331848598783e-06,N
2530048747,0,1.7606647620575094e-05,N
2530048747,0,-3.134069212784932e-06,N
2530048747,0,4.622544246412827e-06,N
2530048747,0,8.073506738107139e-06,N
2530048747,0,-1.6783973311443844e-05,N
622481563,0,0.0,C
622481563,0,-3.1909974340937897e-06,C
622481563,0,0.0,C
622481563,0,0.0,C
622481563,0,0.0,C
1922070456,0,7.086335728432799e-06,C
1922070456,0,6.485686787316772e-06,C
1922070456,0,1.9184523999543623e-06,C
1922070456,0,3.181534775660924e-06,C
1922070456,0,-6.0175206130237e-07,C
3995043796,0,-2.3180811345095524e-05,C
3995043796,0,-1.9591745621794568e-05,C
3995043796,0,-6.13706101113571e-05,C
3995043796,0,-3.418865841581069e-05,C
3995043796,0,-1.1399153791029e-05,C
2065735937,0,1.3167602633031713e-05,C
2065735937,0,2.3268730804685764e-06,C
2065735937,0,4.903433290438797e-06,C
2065735937,0,3.781083627140379e-06,C
2065735937,0,5.502982141919119e-06,C
3308295291,0,7.138035186780856e-07,C
3308295291,0,2.6373706170802064e-06,C
3308295291,0,7.060089156490923e-06,C
3308295291,0,-1.3584686604364156e-05,C
3308295291,0,3.955174075918541e-06,C
584893129,0,1.179193161182819e-06,C
584893129,0,1.619747449869719e-05,C
584893129,0,-5.552373058186587e-06,C
584893129,0,-7.067902142899804e-06,C
584893129,0,3.181534775660924e-06,C
413654173,0,-1.7849330061274656e-05,C
413654173,0,-1.0722504265522905e-05,C
413654173,0,0.0,C
413654173,0,-1.0722504265522905e-05,C
413654173,0,-1.0722504265522905e-05,C
68671624,0,0.0,
68671624,0,0.0,
68671624,0,0.0,
68671624,0,0.0,
68671624,0,0.0,
2488692798,0,-0.0003625642364333,C
2488692798,0,-0.0003412184899956,C
2488692798,0,-0.0003617721453146,C
2488692798,0,-0.0003815232981446,C
2488692798,0,-0.0002954143724074,C
3084241488,0,2.5808858345448965e-06,C
3084241488,0,-0.000426532341911,C
3084241488,0,-2.4720406201729148e-06,C
3084241488,0,3.204550520633995e-05,C
3084241488,0,-0.0004559580306354,C
4158944142,0,0.0,C
4158944142,0,1.2001977925954824e-06,C
4158944142,0,6.006489411160276e-07,C
4158944142,0,6.006489411160276e-07,C
4158944142,0,6.006489411160276e-07,C
1469940320,0,0.0,C
1469940320,0,0.0,C
1469940320,0,0.0,C
1469940320,0,0.0,C
1469940320,0,0.0,C
662511025,0,2.188903671146783e-06,N
662511025,0,-5.583305306796314e-06,N
662511025,0,-1.569950546879799e-06,N
662511025,0,-2.38717178693143e-06,N
662511025,0,-2.38717178693143e-06,N
2908279847,0,0.0,C
2908279847,0,7.009716033344257e-06,C
2908279847,0,7.009716033344257e-06,C
2908279847,0,-2.589245372792287e-06,C
2908279847,0,-2.589245372792287e-06,C
68650007,0,-4.181397801506556e-05,C
68650007,0,2.7324198954792323e-05,C
68650007,0,-2.776475734940411e-05,C
68650007,0,-1.5490884220574312e-05,C
68650007,0,-9.007126324354735e-06,C
3337420400,0,1.099726927839082e-05,C
3337420400,0,3.104943070273737e-05,C
3337420400,0,-3.5235515626680022e-06,C
3337420400,0,-6.707890444828876e-07,C
3337420400,0,2.289947036244501e-05,C
1979311206,0,3.181534775660924e-06,O
1979311206,0,-3.654602122623099e-06,O
1979311206,0,1.063790704762882e-06,O
1979311206,0,1.063790704762882e-06,O
1979311206,0,1.063790704762882e-06,O
2849741637,0,6.006489411160276e-07,C
2849741637,0,0.0,C
2849741637,0,6.006489411160276e-07,C
2849741637,0,0.0,C
2849741637,0,0.0,C
1664608228,0,0.0,C
1664608228,0,4.631417636468544e-07,C
1664608228,0,4.631417636468544e-07,C
1664608228,0,-4.636046885293094e-07,C
1664608228,0,0.0,C
1121298566,0,0.0002356394745117,C
1121298566,0,0.0002401810974816,C
1121298566,0,0.0002297664596192,C
1121298566,0,0.0002266323904064,C
1121298566,0,0.0001404128688568,C
3531344838,0,0.0,S
3531344838,0,0.0,S
3531344838,0,4.631417636468544e-07,S
3531344838,0,4.631417636468544e-07,S
3531344838,0,0.0,S
3273018953,0,4.4227185394107166e-06,C
3273018953,0,1.837484744880713e-06,C
3273018953,0,4.885860303057571e-06,C
3273018953,0,1.837484744880713e-06,C
3273018953,0,1.837484744880713e-06,C
2034850751,0,0.0,C
2034850751,0,0.0,C
2034850751,0,0.0,C
2034850751,0,0.0,C
2034850751,0,0.0,C
4104822550,0,0.0,C
4104822550,0,0.0,C
4104822550,0,0.0,C
4104822550,0,0.0,C
4104822550,0,0.0,C
1704599822,0,3.181534775660924e-06,C
1704599822,0,2.518001251433817e-06,C
1704599822,0,3.181534775660924e-06,C
1704599822,0,1.2763817675160924e-05,C
1704599822,0,1.1505060924028173e-05,C
3019519651,0,0.0,C
3019519651,0,6.006489411160276e-07,C
3019519651,0,3.894695949567886e-06,C
3019519651,0,0.0,C
3019519651,0,2.5808858345448965e-06,C
3781885420,0,-4.636046885293094e-07,N
3781885420,0,0.0,N
3781885420,0,0.0,N
3781885420,0,-6.792900932488591e-07,N
3781885420,0,-4.636046885293094e-07,N
579898624,0,0.0,C
579898624,0,0.0,C
579898624,0,0.0,C
579898624,0,0.0,C
579898624,0,0.0,C
899522708,0,0.0,
899522708,0,0.0,
899522708,0,0.0,
899522708,0,0.0,
899522708,0,0.0,
550081331,0,-4.674098273644081e-06,C
550081331,0,1.7038162531413277e-05,C
550081331,0,-1.3861029765551566e-07,C
550081331,0,-1.6634240773511983e-06,C
550081331,0,1.2967435112164194e-05,C
104363044,0,6.733575273194618e-06,N
104363044,0,6.733575273194618e-06,N
104363044,0,4.615584547086431e-06,N
104363044,0,-9.983649560492934e-06,N
104363044,0,4.152689438649722e-06,N
2072239802,0,-0.0004167437611725,C
2072239802,0,-0.0004237856532587,C
2072239802,0,-1.3573260276998102e-05,C
2072239802,0,-0.0004273828902421,C
2072239802,0,-0.0004188255885273,C
3394178578,0,0.0,C
3394178578,0,0.0,C
3394178578,0,0.0,C
3394178578,0,0.0,C
3394178578,0,0.0,C
2013664411,0,0.0,C
2013664411,0,0.0,C
2013664411,0,0.0,C
2013664411,0,0.0,C
2013664411,0,0.0,C
3346582092,0,-1.2054980294832346e-05,N
3346582092,0,-2.65319155080216e-06,N
3346582092,0,-1.046693409592972e-06,N
3346582092,0,-6.522839106950715e-06,N
3346582092,0,8.288544439233672e-06,N
4291484675,0,-6.252247868742018e-06,N
4291484675,0,-6.716316176570529e-06,N
4291484675,0,-6.252247868742018e-06,N
4291484675,0,-6.252247868742018e-06,N
4291484675,0,-5.788643180212709e-06,N
3275683399,0,0.0,N
3275683399,0,0.0,N
3275683399,0,0.0,N
3275683399,0,0.0,N
3275683399,0,0.0,N
2775257855,0,0.0,C
2775257855,0,0.0,C
2775257855,0,0.0,C
2775257855,0,0.0,C
2775257855,0,0.0,C
2810421479,0,0.0,O
2810421479,0,0.0,O
2810421479,0,0.0,O
2810421479,0,-4.636046885293094e-07,O
2810421479,0,-4.636046885293094e-07,O
2662374534,0,0.0,
2662374534,0,0.0,
2662374534,0,0.0,
2662374534,0,0.0,
2662374534,0,0.0,
3461773897,0,6.880800958900934e-05,N
3461773897,0,1.3621522592599522e-05,N
3461773897,0,2.697098444555921e-05,N
3461773897,0,3.6149119308843264e-05,N
3461773897,0,4.194196465523263e-05,N
344019891,0,-1.5795331964792332e-05,N
344019891,0,-1.330962887088373e-05,N
344019891,0,-8.52832747765507e-06,N
344019891,0,7.471696714711311e-06,N
344019891,0,5.959197515676383e-06,N
3402570011,0,0.0,
3402570011,0,0.0,
3402570011,0,0.0,
3402570011,0,0.0,
3402570011,0,0.0,
1199016914,0,-5.003251609778103e-06,C
1199016914,0,-3.134069212784932e-06,C
1199016914,0,-3.7358212740864335e-06,C
1199016914,0,7.707317399869434e-07,C
1199016914,0,-4.33867949726531e-06,C
1714595447,0,1.2945030957300409e-05,C
1714595447,0,1.758346724456579e-05,C
1714595447,0,6.682261998098606e-06,C
1714595447,0,8.673055589586594e-06,C
1714595447,0,3.5817496173724123e-06,C
871396902,0,-4.636046885293094e-07,C
871396902,0,1.3704425258671826e-07,C
871396902,0,-3.654602122623099e-06,C
871396902,0,-4.636046885293094e-07,C
871396902,0,-3.654602122623099e-06,C
2845936339,0,0.0,C
2845936339,0,0.0,C
2845936339,0,0.0,C
2845936339,0,0.0,C
2845936339,0,0.0,C
3880022399,0,0.0,C
3880022399,0,0.0,C
3880022399,0,0.0,C
3880022399,0,0.0,C
3880022399,0,0.0,C
410310586,0,3.6446765393077785e-06,C
410310586,0,0.0,C
410310586,0,0.0,C
410310586,0,0.0,C
410310586,0,0.0,C
2612409031,0,0.0,C
2612409031,0,0.0,C
2612409031,0,0.0,C
2612409031,0,0.0,C
2612409031,0,0.0,C
2375987095,0,8.042040509368201e-07,C
2375987095,0,-5.2605262925616014e-06,C
2375987095,0,9.425379879648107e-06,C
2375987095,0,-5.2605262925616014e-06,C
2375987095,0,2.7895526122628106e-06,C
1294138518,0,0.0,S
1294138518,0,0.0,S
1294138518,0,-4.636046885293094e-07,S
1294138518,0,-4.636046885293094e-07,S
1294138518,0,-4.636046885293094e-07,S
293971392,0,-4.632262847548488e-07,N
293971392,0,-3.416090402505803e-07,N
293971392,0,-3.416090402505803e-07,N
293971392,0,-1.8723579297708765e-06,N
293971392,0,9.258212954410884e-07,N
4036774035,0,0.0,C
4036774035,0,-6.0175206130237e-07,C
4036774035,0,-3.134069212784932e-06,C
4036774035,0,-6.0175206130237e-07,C
4036774035,0,-6.0175206130237e-07,C
1010142783,0,8.964886223619857e-06,O
1010142783,0,3.9843165974216485e-05,O
1010142783,0,4.704624638266798e-05,O
1010142783,0,2.315352814029684e-05,O
1010142783,0,5.614009410930508e-05,O
3120364749,0,0.0,
3120364749,0,0.0,
3120364749,0,0.0,
3120364749,0,0.0,
3120364749,0,0.0,
3662562115,0,-1.533976743541346e-05,C
3662562115,0,-2.029205007946129e-05,C
3662562115,0,-1.5158580524013768e-05,C
3662562115,0,1.7174571525714784e-05,C
3662562115,0,3.898386734025455e-06,C
3921298496,0,6.546111344814948e-06,C
3921298496,0,-4.636046885293094e-07,C
3921298496,0,-4.636046885293094e-07,C
3921298496,0,6.082043036986437e-06,C
3921298496,0,6.546111344814948e-06,C
737501821,0,0.0,C
737501821,0,0.0,C
737501821,0,0.0,C
737501821,0,0.0,C
737501821,0,0.0,C
2024004397,0,-4.437550328885778e-05,N
2024004397,0,-2.183275573705741e-05,N
2024004397,0,-2.5885948218848723e-05,N
2024004397,0,-1.6195067377156903e-05,N
2024004397,0,-2.4826826054432684e-05,N
751208592,0,0.0,C
751208592,0,7.086335728432799e-06,C
751208592,0,0.0,C
751208592,0,-3.1909974340937897e-06,C
751208592,0,0.0,C
3953445033,0,0.0,S
3953445033,0,0.0,S
3953445033,0,0.0,S
3953445033,0,0.0,S
3953445033,0,0.0,S
497870099,0,0.0,C
497870099,0,-9.2767299635782e-07,C
497870099,0,-2.154691787492613e-07,C
497870099,0,4.631417636468544e-07,C
497870099,0,0.0,C
3417531975,0,0.0,C
3417531975,0,0.0,C
3417531975,0,6.006489411160276e-07,C
3417531975,0,0.0,C
3417531975,0,0.0,C
1044405971,0,5.806153948646926e-06,C
1044405971,0,-3.075597121559616e-06,C
1044405971,0,-6.728066660835821e-06,C
1044405971,0,-1.923567098402121e-06,C
1044405971,0,-1.923567098402121e-06,C
2394338241,0,1.2001977925954824e-06,C
2394338241,0,1.2763817675160924e-05,C
2394338241,0,2.9811430150806714e-06,C
2394338241,0,1.6633395562423367e-06,C
2394338241,0,1.0790799660484636e-05,C
1271691605,0,-6.671964929955143e-05,S
1271691605,0,-5.437227399376736e-05,S
1271691605,0,2.9758310382294907e-05,S
1271691605,0,9.631477489696616e-06,S
1271691605,0,9.058174982419422e-05,S
3643491447,0,0.0,C
3643491447,0,0.0,C
3643491447,0,0.0,C
3643491447,0,0.0,C
3643491447,0,0.0,C
21411075,0,0.0,C
21411075,0,0.0,C
21411075,0,0.0,C
21411075,0,0.0,C
21411075,0,0.0,C
413381818,0,0.0,C
413381818,0,0.0,C
413381818,0,0.0,C
413381818,0,0.0,C
413381818,0,0.0,C
3082607741,0,0.0,
3082607741,0,0.0,
3082607741,0,0.0,
3082607741,0,0.0,
3082607741,0,0.0,
4216649732,0,9.520622828163016e-07,S
4216649732,0,-5.7565472184537e-07,S
4216649732,0,-2.7031723427691293e-05,S
4216649732,0,-2.56985144653308e-05,S
4216649732,0,-1.358891207145236e-05,S
371876130,0,0.0,
371876130,0,0.0,
371876130,0,0.0,
371876130,0,0.0,
371876130,0,0.0,
1978844073,0,0.0,O
1978844073,0,0.0,O
1978844073,0,0.0,O
1978844073,0,0.0,O
1978844073,0,0.0,O
1671692019,0,6.008891637337803e-06,C
1671692019,0,3.0356880913615103e-05,C
1671692019,0,5.986058575158972e-05,C
1671692019,0,4.416935575180751e-05,C
1671692019,0,5.04090509282247e-05,C
2070976245,0,-1.3138005010831372e-06,C
2070976245,0,1.391938919475394e-05,C
2070976245,0,1.2925333404812877e-05,C
2070976245,0,2.696901123854043e-05,C
2070976245,0,3.174540374783867e-06,C
845764036,0,0.0,C
845764036,0,0.0,C
845764036,0,2.4788848587784656e-07,C
845764036,0,2.4788848587784656e-07,C
845764036,0,4.631417636468544e-07,C
2559453089,0,-6.667813945756412e-07,C
2559453089,0,2.9811430150806714e-06,C
2559453089,0,-8.042885720448145e-07,C
2559453089,0,-1.554502506970895e-06,C
2559453089,0,2.9811430150806714e-06,C
3286377484,0,0.0,
3286377484,0,0.0,
3286377484,0,0.0,
3286377484,0,0.0,
3286377484,0,0.0,
2200148275,0,-6.0175206130237e-07,N
2200148275,0,-6.0175206130237e-07,N
2200148275,0,-6.0175206130237e-07,N
2200148275,0,0.0,N
2200148275,0,-6.0175206130237e-07,N
1962383056,0,-6.391501403391585e-06,N
1962383056,0,-6.391501403391585e-06,N
1962383056,0,-6.855106091920894e-06,N
1962383056,0,-6.391501403391585e-06,N
1962383056,0,-6.391501403391585e-06,N
3012778962,0,2.864365473594088e-06,N
3012778962,0,1.5370695960479144e-05,N
3012778962,0,9.520622828163016e-07,N
3012778962,0,9.520622828163016e-07,N
3012778962,0,2.7382388955674367e-05,N
1620258790,0,7.317285445301684e-06,N
1620258790,0,1.0206515121155384e-05,N
1620258790,0,3.441196264242566e-06,N
1620258790,0,6.546111344814948e-06,N
1620258790,0,3.689331774022614e-06,N
3372254436,0,0.0,O
3372254436,0,0.0,O
3372254436,0,0.0,O
3372254436,0,0.0,O
3372254436,0,0.0,O
330223697,0,0.0,C
330223697,0,0.0,C
330223697,0,0.0,C
330223697,0,0.0,C
330223697,0,0.0,C
1208423463,0,-1.9801101110559875e-05,C
1208423463,0,-7.21058454945106e-06,C
1208423463,0,3.818718599250467e-06,C
1208423463,0,-2.0165259244117432e-05,C
1208423463,0,-3.002835809346425e-06,C
141882433,0,2.839444202940196e-06,C
141882433,0,-3.516918369150107e-06,C
141882433,0,-1.8691823969940388e-06,C
141882433,0,4.641394056838048e-06,C
141882433,0,2.839444202940196e-06,C
3727977332,0,1.0962424909491918e-05,N
3727977332,0,-2.358200231412054e-05,N
3727977332,0,4.045068859744559e-06,N
3727977332,0,-1.259526252663304e-05,N
3727977332,0,2.1550290394670504e-05,N
535847852,0,2.144116124700758e-05,C
535847852,0,-8.103508243069782e-06,C
535847852,0,1.10988757920788e-05,C
535847852,0,2.7489937868672813e-05,C
535847852,0,-6.328747773040426e-06,C
422165373,0,2.5808858345448965e-06,C
422165373,0,-1.204610284481246e-06,C
422165373,0,2.117281146015587e-06,C
422165373,0,2.117281146015587e-06,C
422165373,0,0.0,C
176403689,0,-7.067902142899804e-06,C
176403689,0,-8.335332478591473e-06,C
176403689,0,-7.067902142899804e-06,C
176403689,0,0.0,C
176403689,0,0.0,C
1735672143,0,4.440291526791942e-06,C
1735672143,0,6.342934638768616e-06,C
1735672143,0,5.140533636350218e-06,C
1735672143,0,-7.669654204202174e-06,C
1735672143,0,-1.2674303356916689e-06,C
1266193593,0,6.006489411160276e-07,C
1266193593,0,0.0,C
1266193593,0,0.0,C
1266193593,0,0.0,C
1266193593,0,0.0,C
29410177,0,0.0,
29410177,0,0.0,
29410177,0,0.0,
29410177,0,0.0,
29410177,0,0.0,
808416955,0,-7.067902142899804e-06,S
808416955,0,-7.531506831429113e-06,S
808416955,0,-2.935645308702224e-06,S
808416955,0,-1.132536248870178e-05,S
808416955,0,-9.34008455385181e-06,S
1949014205,0,0.0,C
1949014205,0,0.0,C
1949014205,0,0.0,C
1949014205,0,0.0,C
1949014205,0,0.0,C
3431706413,0,0.0,
3431706413,0,0.0,
3431706413,0,0.0,
3431706413,0,0.0,
3431706413,0,0.0,
150310,0,4.830622248212964e-06,C
150310,0,7.009716033344257e-06,C
150310,0,4.631417636468544e-07,C
150310,0,4.3679427164187296e-06,C
150310,0,4.631417636468544e-07,C
465304290,0,5.902832704448701e-05,C
465304290,0,0.0001487046096025,C
465304290,0,0.0001389956829029,C
465304290,0,6.66635702475521e-05,C
465304290,0,0.0001034458752151,C
3093061208,0,6.217243405463521e-06,C
3093061208,0,-3.538635754245234e-07,C
3093061208,0,3.044027598191751e-06,C
3093061208,0,3.6446765393077785e-06,C
3093061208,0,0.0,C
3012865236,0,0.0,N
3012865236,0,0.0,N
3012865236,0,0.0,N
3012865236,0,0.0,N
3012865236,0,0.0,N
792968423,0,9.258212954410884e-07,C
792968423,0,9.258212954410884e-07,C
792968423,0,0.0,C
792968423,0,4.631417636468544e-07,C
792968423,0,9.258212954410884e-07,C
170727310,0,-4.397437618645049e-06,C
170727310,0,-7.522981544548155e-07,C
170727310,0,1.1505060924028173e-05,C
170727310,0,-1.1303860831049506e-06,C
170727310,0,1.9184523999543623e-06,C
2459558207,0,-3.1909974340937897e-06,C
2459558207,0,0.0,C
2459558207,0,-3.7938556572726656e-06,C
2459558207,0,0.0,C
2459558207,0,0.0,C
1323888424,0,0.0,
1323888424,0,0.0,
1323888424,0,0.0,
1323888424,0,0.0,
1323888424,0,0.0,
2975116251,0,1.6024840940732747e-05,N
2975116251,0,4.885860303057571e-06,N
2975116251,0,4.631385317129498e-06,N
2975116251,0,1.0654392572652036e-05,N
2975116251,0,2.866486429081716e-06,N
1819912581,0,2.4593223441406707e-05,C
1819912581,0,6.231674033240452e-06,C
1819912581,0,2.189634732777373e-05,C
1819912581,0,3.163332431937484e-06,C
1819912581,0,3.623086329421991e-05,C
335878828,0,0.0,
335878828,0,0.0,
335878828,0,0.0,
335878828,0,0.0,
335878828,0,0.0,
3975295864,0,-3.314441392669732e-06,C
3975295864,0,-3.1909974340937897e-06,C
3975295864,0,-6.516784461464351e-06,C
3975295864,0,-3.861046157916867e-06,C
3975295864,0,-7.211660959845906e-07,C
239116674,0,0.0,C
239116674,0,-6.0175206130237e-07,C
239116674,0,0.0,C
239116674,0,-6.0175206130237e-07,C
239116674,0,-6.0175206130237e-07,C
3538861869,0,-1.9939576805950293e-06,C
3538861869,0,1.3704425258671826e-07,C
3538861869,0,3.851797623667663e-07,C
3538861869,0,-4.636046885293094e-07,C
3538861869,0,-1.1435749526890818e-06,C
934550081,0,1.1367553746558998e-05,N
934550081,0,2.334305154277037e-05,N
934550081,0,1.7103048619867764e-05,N
934550081,0,1.966733682442698e-05,N
934550081,0,1.38265082902881e-05,N
3316027208,0,-2.589245372792287e-06,C
3316027208,0,-2.589245372792287e-06,C
3316027208,0,-2.589245372792287e-06,C
3316027208,0,-2.589245372792287e-06,C
3316027208,0,-2.589245372792287e-06,C
2865977551,0,2.442275536889381e-06,S
2865977551,0,2.117281146015587e-06,S
2865977551,0,-7.440216045432464e-08,S
2865977551,0,7.799496902339761e-06,S
2865977551,0,8.541987703090254e-07,S
3183067622,0,2.1161851781347288e-05,O
3183067622,0,-1.2674303356916689e-06,O
3183067622,0,1.2221181660623803e-05,O
3183067622,0,-2.049595251665728e-05,O
3183067622,0,4.889529566617229e-06,O
564293713,0,-2.738159992233397e-06,S
564293713,0,-1.0796709595892878e-06,S
564293713,0,1.0736903964470024e-05,S
564293713,0,5.49076263095527e-06,S
564293713,0,1.458122679089298e-05,S
1428903162,0,0.0,C
1428903162,0,0.0,C
1428903162,0,0.0,C
1428903162,0,0.0,C
1428903162,0,0.0,C
1467524174,0,6.006489411160276e-07,C
1467524174,0,0.0,C
1467524174,0,0.0,C
1467524174,0,0.0,C
1467524174,0,0.0,C
651269745,0,0.0,
651269745,0,0.0,
651269745,0,0.0,
651269745,0,0.0,
651269745,0,0.0,
3268335377,0,0.0,N
3268335377,0,0.0,N
3268335377,0,0.0,N
3268335377,0,0.0,N
3268335377,0,0.0,N
1280488931,0,0.0,N
1280488931,0,0.0,N
1280488931,0,0.0,N
1280488931,0,0.0,N
1280488931,0,0.0,N
2098262959,0,0.0,
2098262959,0,0.0,
2098262959,0,0.0,
2098262959,0,0.0,
2098262959,0,0.0,
2485994647,0,1.879362540519944e-06,N
2485994647,0,-6.661688600562675e-06,N
2485994647,0,-7.928776433628257e-06,N
2485994647,0,-6.593468885100068e-06,N
2485994647,0,-7.124830364209529e-06,N
3088984962,0,2.4910202976961143e-06,C
3088984962,0,2.4910202976961143e-06,C
3088984962,0,1.3178034588383347e-06,C
3088984962,0,2.02858705315289e-06,C
3088984962,0,2.02858705315289e-06,C
3042542132,0,-1.9885964316762594e-06,N
3042542132,0,-9.45775181269634e-06,N
3042542132,0,-7.923141837690856e-06,N
3042542132,0,-6.716316176570529e-06,N
3042542132,0,-7.923141837690856e-06,N
373109870,0,0.0,C
373109870,0,3.904800952771875e-06,C
373109870,0,0.0,C
373109870,0,0.0,C
373109870,0,0.0,C
2677752761,0,-1.2674303356916689e-06,C
2677752761,0,0.0,C
2677752761,0,0.0,C
2677752761,0,-1.2674303356916689e-06,C
2677752761,0,0.0,C
3807907321,0,-1.2627223569035978e-06,O
3807907321,0,-1.2133558585297915e-05,O
3807907321,0,-2.3747000434509377e-05,O
3807907321,0,-2.0693592623472444e-05,O
3807907321,0,-2.9674850201848527e-05,O
2587571567,0,-3.479836486197565e-05,C
2587571567,0,-4.151771700656656e-05,C
2587571567,0,-2.611699055487388e-05,C
2587571567,0,5.95532238767231e-06,C
2587571567,0,-3.7893157425372e-05,C
3701504231,0,-9.79575781334674e-06,N
3701504231,0,-4.11867043045161e-06,N
3701504231,0,-1.2254793261810145e-05,N
3701504231,0,-9.333078281552503e-06,N
3701504231,0,-3.516918369150107e-06,N
369315086,0,-5.723314585577219e-06,C
369315086,0,1.4067339990065169e-05,C
369315086,0,-9.657147515692093e-06,C
369315086,0,4.746556287599235e-08,C
369315086,0,-4.45588424988555e-06,C
1965692378,0,0.0,N
1965692378,0,0.0,N
1965692378,0,0.0,N
1965692378,0,0.0,N
1965692378,0,0.0,N
1633777018,0,0.0,C
1633777018,0,0.0,C
1633777018,0,0.0,C
1633777018,0,0.0,C
1633777018,0,0.0,C
3757038672,0,-5.186891118910339e-06,C
3757038672,0,-6.723254309618648e-08,C
3757038672,0,-6.667813945756412e-07,C
3757038672,0,-1.4260231542622195e-05,C
3757038672,0,-7.789068238884395e-06,C
2677858541,0,2.8289980269011715e-05,C
2677858541,0,1.4682147894999435e-05,C
2677858541,0,3.193731049157787e-05,C
2677858541,0,1.5950659309413306e-05,C
2677858541,0,2.802939847580156e-05,C
1446204275,0,-1.6467359567748016e-06,C
1446204275,0,-1.1241735569390496e-05,C
1446204275,0,-6.213703372590779e-06,C
1446204275,0,-8.460107762192463e-06,C
1446204275,0,-7.734683537475445e-06,C
3589407776,0,-3.1909974340937897e-06,C
3589407776,0,-2.589245372792287e-06,C
3589407776,0,-1.0258899576993594e-05,C
3589407776,0,0.0,C
3589407776,0,-2.589245372792287e-06,C
3083149185,0,0.0,
3083149185,0,0.0,
3083149185,0,0.0,
3083149185,0,0.0,
3083149185,0,0.0,
337875000,0,-4.636046885293094e-07,C
337875000,0,-4.636046885293094e-07,C
337875000,0,-4.636046885293094e-07,C
337875000,0,0.0,C
337875000,0,-4.636046885293094e-07,C
3887884923,0,4.631417636468544e-07,C
3887884923,0,4.631417636468544e-07,C
3887884923,0,4.631417636468544e-07,C
3887884923,0,4.631417636468544e-07,C
3887884923,0,2.4788848587784656e-07,C
4256629345,0,8.425167103709615e-06,C
4256629345,0,1.9402005972904424e-05,C
4256629345,0,9.486545072017426e-06,C
4256629345,0,2.0715816087929148e-05,C
4256629345,0,8.20991382593974e-06,C
662595032,0,-2.354982052458956e-05,N
662595032,0,-1.0716210424080094e-05,N
662595032,0,-1.2581817317051935e-05,N
662595032,0,3.1836348567872846e-06,N
662595032,0,2.7704072197596782e-06,N
3777243454,0,1.2641736173965404e-05,C
3777243454,0,5.931954761637624e-06,C
3777243454,0,1.863194918973621e-05,C
3777243454,0,2.04370385878715e-05,C
3777243454,0,-4.847707555352514e-06,C
982949046,0,0.0,
982949046,0,0.0,
982949046,0,0.0,
982949046,0,0.0,
982949046,0,0.0,
267757375,0,0.0,
267757375,0,0.0,
267757375,0,0.0,
267757375,0,0.0,
267757375,0,0.0,
2157595070,0,0.0,
2157595070,0,0.0,
2157595070,0,0.0,
2157595070,0,0.0,
2157595070,0,0.0,
895910141,0,-6.0175206130237e-07,C
895910141,0,0.0,C
895910141,0,-6.0175206130237e-07,C
895910141,0,-6.0175206130237e-07,C
895910141,0,0.0,C
3182041044,0,0.0,C
3182041044,0,0.0,C
3182041044,0,0.0,C
3182041044,0,0.0,C
3182041044,0,0.0,C
4105666400,0,3.1734422429646227e-05,C
4105666400,0,1.0673367337522484e-05,C
4105666400,0,1.5153806149546811e-05,C
4105666400,0,3.1399416149964846e-05,C
4105666400,0,4.917846420284672e-06,C
1891839201,0,-6.0175206130237e-07,C
1891839201,0,1.9184523999543623e-06,C
1891839201,0,-6.0175206130237e-07,C
1891839201,0,-1.204610284481246e-06,C
1891839201,0,0.0,C
2584230118,0,-6.0175206130237e-07,C
2584230118,0,-1.8085777224226968e-06,C
2584230118,0,-1.204610284481246e-06,C
2584230118,0,-7.414685208343916e-07,C
2584230118,0,-1.8085777224226968e-06,C
3696402029,0,3.116345609719892e-05,C
3696402029,0,1.893425557790429e-05,C
3696402029,0,2.6116572746093247e-05,C
3696402029,0,3.71763471887698e-05,C
3696402029,0,2.447962007440848e-05,C
1263988625,0,0.0,
1263988625,0,0.0,
1263988625,0,0.0,
1263988625,0,0.0,
1263988625,0,0.0,
829754261,0,8.525245118057474e-06,C
829754261,0,4.737533622392251e-06,C
829754261,0,1.0307368958644215e-05,C
829754261,0,0.0,C
829754261,0,-3.0528500613215964e-06,C
2841547777,0,0.0,C
2841547777,0,0.0,C
2841547777,0,0.0,C
2841547777,0,0.0,C
2841547777,0,0.0,C
3059129780,0,-1.6705253526917013e-05,C
3059129780,0,-9.073588115990005e-06,C
3059129780,0,-1.990687822366229e-05,C
3059129780,0,9.563990177303625e-06,C
3059129780,0,-1.7346100543370185e-05,C
3650394863,0,3.181534775660924e-06,C
3650394863,0,2.5808858345448965e-06,C
3650394863,0,-8.172212400524986e-07,C
3650394863,0,9.058253653472514e-06,C
3650394863,0,2.5808858345448965e-06,C
3288032115,0,-3.164900094637657e-06,C
3288032115,0,3.947902494331676e-06,C
3288032115,0,-9.856955269183995e-07,C
3288032115,0,2.2637165324780606e-06,C
3288032115,0,-3.31577271769478e-06,C
1308598964,0,6.546111344814948e-06,C
1308598964,0,5.023367480526744e-06,C
1308598964,0,3.10392460672361e-07,C
1308598964,0,1.2004334300161693e-05,C
1308598964,0,5.944359283512578e-06,C
4081192417,0,0.0,
4081192417,0,0.0,
4081192417,0,0.0,
4081192417,0,0.0,
4081192417,0,0.0,
2085926208,0,0.0,
2085926208,0,0.0,
2085926208,0,0.0,
2085926208,0,0.0,
2085926208,0,0.0,
1852134816,0,3.525994612250949e-05,C
1852134816,0,8.906082880966691e-05,C
1852134816,0,2.072088107257352e-05,C
1852134816,0,8.979779330840071e-05,C
1852134816,0,5.574349334795149e-05,C
3628883864,0,-6.0175206130237e-07,C
3628883864,0,-6.0175206130237e-07,C
3628883864,0,-1.0653567498316791e-06,C
3628883864,0,9.590601867889154e-06,C
3628883864,0,9.590601867889154e-06,C
1228815484,0,-5.429882446192878e-06,C
1228815484,0,-7.368167259172442e-07,C
1228815484,0,1.280589227994032e-05,C
1228815484,0,1.3204285134995644e-05,C
1228815484,0,5.153429697358353e-06,C
2863170677,0,2.5808858345448965e-06,C
2863170677,0,2.5808858345448965e-06,C
2863170677,0,0.0,C
2863170677,0,1.9184523999543623e-06,C
2863170677,0,9.590601867889154e-06,C
2126281302,0,0.0,C
2126281302,0,0.0,C
2126281302,0,0.0,C
2126281302,0,0.0,C
2126281302,0,0.0,C
3768390624,0,8.086709896091854e-05,C
3768390624,0,-8.256583029367728e-06,C
3768390624,0,9.009124735513684e-05,C
3768390624,0,-4.939002633032492e-06,C
3768390624,0,8.8154428837286e-05,C
2150151661,0,3.904800952771875e-06,C
2150151661,0,3.904800952771875e-06,C
2150151661,0,3.904800952771875e-06,C
2150151661,0,3.904800952771875e-06,C
2150151661,0,3.904800952771875e-06,C
881868678,0,0.0,
881868678,0,0.0,
881868678,0,0.0,
881868678,0,0.0,
881868678,0,0.0,
1796784588,0,0.0,C
1796784588,0,0.0,C
1796784588,0,0.0,C
1796784588,0,0.0,C
1796784588,0,0.0,C
3892941493,0,-3.861046157916867e-06,N
3892941493,0,-2.589245372792287e-06,N
3892941493,0,-4.636046885293094e-07,N
3892941493,0,-3.861046157916867e-06,N
3892941493,0,-2.539231120817116e-06,N
847307936,0,0.0,C
847307936,0,0.0,C
847307936,0,0.0,C
847307936,0,0.0,C
847307936,0,0.0,C
1514288082,0,0.0,
1514288082,0,0.0,
1514288082,0,0.0,
1514288082,0,0.0,
1514288082,0,0.0,
287232915,0,0.0,C
287232915,0,0.0,C
287232915,0,0.0,C
287232915,0,0.0,C
287232915,0,0.0,C
3292836937,0,0.0,
3292836937,0,0.0,
3292836937,0,0.0,
3292836937,0,0.0,
3292836937,0,0.0,
89961214,0,9.563990177303625e-06,C
89961214,0,5.2242963077143295e-06,C
89961214,0,2.582985915671257e-06,C
89961214,0,6.751691701006521e-06,C
89961214,0,1.3565977339607786e-05,C
1147977085,0,-1.3922056192926591e-06,C
1147977085,0,-3.721857911472698e-06,C
1147977085,0,-1.3922056192926591e-06,C
1147977085,0,-9.2767299635782e-07,C
1147977085,0,9.258212954410884e-07,C
636182019,0,0.0,C
636182019,0,0.0,C
636182019,0,0.0,C
636182019,0,0.0,C
636182019,0,0.0,C
799373156,0,-1.3890475801959371e-06,C
799373156,0,-3.1729882672406826e-06,C
799373156,0,-7.366672032545901e-06,C
799373156,0,7.701803847913295e-06,C
799373156,0,6.920878145690382e-07,C
636990493,0,0.0,
636990493,0,0.0,
636990493,0,0.0,
636990493,0,0.0,
636990493,0,0.0,
1078276907,0,-2.106330561575491e-06,C
1078276907,0,-7.119875916382704e-07,C
1078276907,0,-2.106330561575491e-06,C
1078276907,0,3.5251343133684693e-07,C
1078276907,0,-5.161288158936003e-06,C
1421345390,0,0.0,C
1421345390,0,0.0,C
1421345390,0,0.0,C
1421345390,0,0.0,C
1421345390,0,0.0,C
145374537,0,-6.523078302907159e-06,C
145374537,0,-7.124830364209529e-06,C
145374537,0,-3.93383293011574e-06,C
145374537,0,-7.124830364209529e-06,C
145374537,0,5.156697077800948e-07,C
1256751600,0,1.2001977925954824e-06,C
1256751600,0,-2.73363513751939e-06,C
1256751600,0,-2.73363513751939e-06,C
1256751600,0,6.006489411160276e-07,C
1256751600,0,-2.73363513751939e-06,C
30707086,0,3.6446765393077785e-06,C
30707086,0,3.6446765393077785e-06,C
30707086,0,-4.636046885293094e-07,C
30707086,0,-3.134069212784932e-06,C
30707086,0,-4.636046885293094e-07,C
454919045,0,1.2664220425256945e-06,N
454919045,0,5.153452700700639e-06,N
454919045,0,8.735940172696806e-06,N
454919045,0,1.5308088577494633e-06,N
454919045,0,2.904955068683615e-06,N
96001975,0,0.0,C
96001975,0,0.0,C
96001975,0,-6.0175206130237e-07,C
96001975,0,0.0,C
96001975,0,1.3178034588383347e-06,C
3632480728,0,-6.473064050932856e-06,C
3632480728,0,2.403901288797368e-05,C
3632480728,0,2.099119878025066e-05,C
3632480728,0,1.235732683578343e-06,C
3632480728,0,4.556620769280775e-06,C
2543587995,0,-2.1261036091454327e-06,N
2543587995,0,-3.1909974340937897e-06,N
2543587995,0,4.631417636468544e-07,N
2543587995,0,-6.0175206130237e-07,N
2543587995,0,0.0,N
2664622273,0,6.006489411160276e-07,C
2664622273,0,6.006489411160276e-07,C
2664622273,0,-2.2826890842646283e-07,C
2664622273,0,7.48445048901706e-06,C
2664622273,0,2.1371477473691725e-06,C
640282103,0,6.52050932920499e-07,C
640282103,0,9.19861970449104e-06,C
640282103,0,1.039881749708739e-05,C
640282103,0,1.109046041386074e-05,C
640282103,0,1.97386597002025e-06,C
552722929,0,1.5264702365571162e-06,C
552722929,0,3.9689251215748594e-06,C
552722929,0,4.631417636468544e-07,C
552722929,0,1.16151955772267e-05,C
552722929,0,2.4788848587784656e-07,C
3304326854,0,1.3178034588383347e-06,C
3304326854,0,2.5808858345448965e-06,C
3304326854,0,0.0,C
3304326854,0,2.5808858345448965e-06,C
3304326854,0,2.5808858345448965e-06,C
932711668,0,0.0011903719626887,N
932711668,0,0.0007725032867456,N
932711668,0,0.0007165815384875,N
932711668,0,-0.001403557798514,N
932711668,0,0.0006405497299209,N
932734850,0,-1.1186572573351414e-05,N
932734850,0,-1.0938189670242453e-05,N
932734850,0,1.702983221205101e-06,N
932734850,0,-7.872190714944619e-06,N
932734850,0,-2.2913426349392696e-06,N
3198482033,0,-9.835605002096737e-06,C
3198482033,0,-1.2969674214881668e-05,C
3198482033,0,-7.296373881280488e-06,C
3198482033,0,-9.835605002096737e-06,C
3198482033,0,-1.2969674214881668e-05,C
2843970853,0,-7.183078353969162e-06,C
2843970853,0,-9.178577410498198e-06,C
2843970853,0,-1.4604253347552665e-06,C
2843970853,0,4.131948046250111e-07,C
2843970853,0,2.383478064083011e-06,C
1167268241,0,4.631417636468544e-07,C
1167268241,0,0.0,C
1167268241,0,0.0,C
1167268241,0,0.0,C
1167268241,0,0.0,C
1968143303,0,-2.796855393351859e-06,C
1968143303,0,2.3815941636012167e-06,C
1968143303,0,-1.5161328653177236e-05,C
1968143303,0,-3.597673901314241e-06,C
1968143303,0,-1.4060406333471845e-06,C
132611095,0,-5.204170826078082e-06,C
132611095,0,-8.853321868529732e-06,C
132611095,0,-8.389717180000422e-06,C
132611095,0,-2.38717178693143e-06,C
132611095,0,-1.3218150371006182e-06,C
1067305901,0,3.104915080572382e-06,C
1067305901,0,-3.93383293011574e-06,C
1067305901,0,-3.93383293011574e-06,C
1067305901,0,-3.93383293011574e-06,C
1067305901,0,3.104915080572382e-06,C
4232044298,0,0.0,C
4232044298,0,0.0,C
4232044298,0,0.0,C
4232044298,0,0.0,C
4232044298,0,0.0,C
3924990413,0,-4.516842395088129e-06,C
3924990413,0,-5.980843987092935e-06,C
3924990413,0,-1.7151845965499013e-05,C
3924990413,0,8.96791280389532e-06,C
3924990413,0,2.727466321926497e-06,C
3163510888,0,0.0,C
3163510888,0,0.0,C
3163510888,0,0.0,C
3163510888,0,0.0,C
3163510888,0,0.0,C
3370172965,0,-1.923567098402121e-06,C
3370172965,0,-1.3218150371006182e-06,C
3370172965,0,-1.3218150371006182e-06,C
3370172965,0,0.0,C
3370172965,0,0.0,C
1544255291,0,0.0,C
1544255291,0,5.153452700700639e-06,C
1544255291,0,0.0,C
1544255291,0,1.9184523999543623e-06,C
1544255291,0,2.5808858345448965e-06,C
3961613636,0,-2.589245372792287e-06,C
3961613636,0,-2.589245372792287e-06,C
3961613636,0,0.0,C
3961613636,0,-2.589245372792287e-06,C
3961613636,0,-2.589245372792287e-06,C
50651170,0,4.631417636468544e-07,C
50651170,0,4.631417636468544e-07,C
50651170,0,4.631417636468544e-07,C
50651170,0,4.631417636468544e-07,C
50651170,0,0.0,C
3075896141,0,6.485686787316772e-06,C
3075896141,0,1.2001977925954824e-06,C
3075896141,0,6.485686787316772e-06,C
3075896141,0,4.631417636468544e-07,C
3075896141,0,6.885943967852547e-06,C
172238518,0,1.3178034588383347e-06,C
172238518,0,1.3178034588383347e-06,C
172238518,0,1.3178034588383347e-06,C
172238518,0,1.3178034588383347e-06,C
172238518,0,1.3178034588383347e-06,C
2136803473,0,0.0,
2136803473,0,0.0,
2136803473,0,0.0,
2136803473,0,0.0,
2136803473,0,0.0,
1023209243,0,0.0,N
1023209243,0,0.0,N
1023209243,0,0.0,N
1023209243,0,0.0,N
1023209243,0,0.0,N
885408970,0,-1.778055724264635e-06,O
885408970,0,-6.0175206130237e-07,O
885408970,0,-1.3137396529406403e-06,O
885408970,0,0.0,O
885408970,0,-1.3137396529406403e-06,O
1213407188,0,5.22260441161021e-06,C
1213407188,0,9.590601867889154e-06,C
1213407188,0,3.104915080572382e-06,C
1213407188,0,1.643953239350432e-05,C
1213407188,0,-3.93383293011574e-06,C
4210054575,0,-0.0003850759183784,N
4210054575,0,-0.0003986786061169,N
4210054575,0,-0.0003236342606888,N
4210054575,0,-0.0004701546867592,N
4210054575,0,-0.0003441900469773,N
3871410344,0,0.0,N
3871410344,0,-3.93383293011574e-06,N
3871410344,0,-6.523078302907159e-06,N
3871410344,0,-3.93383293011574e-06,N
3871410344,0,-6.523078302907159e-06,N
1184436594,0,1.0654392572652036e-05,C
1184436594,0,1.019125080900518e-05,C
1184436594,0,1.0654392572652036e-05,C
1184436594,0,2.077876333821116e-05,C
1184436594,0,9.258212954410884e-07,C
3431706412,0,0.0,
3431706412,0,0.0,
3431706412,0,0.0,
3431706412,0,0.0,
3431706412,0,0.0,
2758632892,0,-1.9546991568723457e-06,C
2758632892,0,-4.535584991417242e-06,C
2758632892,0,-6.0175206130237e-07,C
2758632892,0,2.5808858345448965e-06,C
2758632892,0,-6.0175206130237e-07,C
2131356872,0,0.0,C
2131356872,0,0.0,C
2131356872,0,0.0,C
2131356872,0,0.0,C
2131356872,0,0.0,C
3131896227,0,2.945771236280339e-05,C
3131896227,0,2.7538195593824685e-06,C
3131896227,0,-2.298687403737288e-05,C
3131896227,0,-2.105483400523072e-05,C
3131896227,0,-8.330799777397056e-06,C
2739425568,0,5.685800915117278e-06,C
2739425568,0,4.168705785335264e-06,C
2739425568,0,0.0,C
2739425568,0,3.568056844219236e-06,C
2739425568,0,8.859016722389049e-06,C
2917424199,0,0.0,N
2917424199,0,4.631417636468544e-07,N
2917424199,0,4.631417636468544e-07,N
2917424199,0,4.631417636468544e-07,N
2917424199,0,0.0,N
740717125,0,0.0,C
740717125,0,0.0,C
740717125,0,0.0,C
740717125,0,0.0,C
740717125,0,0.0,C
2604399148,0,8.697116561245336e-05,C
2604399148,0,5.062451059736038e-05,C
2604399148,0,5.572451959462432e-05,C
2604399148,0,6.089155122434957e-05,C
2604399148,0,3.131597841195266e-05,C
35816944,0,-1.237959994817e-05,C
35816944,0,-1.3449677300240643e-05,C
35816944,0,3.021169419862441e-06,C
35816944,0,-1.2403762282901971e-05,C
35816944,0,8.810098057858429e-07,C
1623026378,0,6.006489411160276e-07,C
1623026378,0,-4.636046885293094e-07,C
1623026378,0,6.006489411160276e-07,C
1623026378,0,0.0,C
1623026378,0,6.006489411160276e-07,C
1514095308,0,0.0,
1514095308,0,0.0,
1514095308,0,0.0,
1514095308,0,0.0,
1514095308,0,0.0,
1814116706,0,0.0,
1814116706,0,0.0,
1814116706,0,0.0,
1814116706,0,0.0,
1814116706,0,0.0,
3229069614,0,0.0,
3229069614,0,0.0,
3229069614,0,0.0,
3229069614,0,0.0,
3229069614,0,0.0,
269963113,0,0.0,
269963113,0,0.0,
269963113,0,0.0,
269963113,0,0.0,
269963113,0,0.0,
3375441982,0,0.0,
3375441982,0,0.0,
3375441982,0,0.0,
3375441982,0,0.0,
3375441982,0,0.0,
2537385504,0,0.0,C
2537385504,0,0.0,C
2537385504,0,0.0,C
2537385504,0,0.0,C
2537385504,0,0.0,C
1375082737,0,-0.0003285071947504,C
1375082737,0,-0.0002985153927363,C
1375082737,0,-0.0003081147528611,C
1375082737,0,-0.0003284975380767,C
1375082737,0,-0.0007437098131219,C
3972090239,0,-0.0007032913394218,C
3972090239,0,-0.0005937846533334,C
3972090239,0,-0.0012953353956111,C
3972090239,0,-0.001317224089185,C
3972090239,0,-0.001378395252512,C
542715770,0,-7.727688587388405e-06,C
542715770,0,-3.654602122623099e-06,C
542715770,0,4.42047066055197e-06,C
542715770,0,-7.124830364209529e-06,C
542715770,0,2.503163019270012e-06,C
1835135892,0,0.0,C
1835135892,0,4.244225390787233e-06,C
1835135892,0,6.006489411160276e-07,C
1835135892,0,1.063790704762882e-06,C
1835135892,0,6.006489411160276e-07,C
3850856377,0,0.0,C
3850856377,0,0.0,C
3850856377,0,0.0,C
3850856377,0,0.0,C
3850856377,0,0.0,C
3007422704,0,0.0,O
3007422704,0,-1.3218150371006182e-06,O
3007422704,0,0.0,O
3007422704,0,6.006489411160276e-07,O
3007422704,0,-5.204170826078082e-06,O
2209842778,0,-1.676496598369999e-05,N
2209842778,0,-5.399744121750011e-07,N
2209842778,0,-1.2932546841815109e-05,N
2209842778,0,-1.1598841399385744e-05,N
2209842778,0,-3.058481528351361e-05,N
2296764637,0,2.2713289102855097e-05,C
2296764637,0,1.5488441317824432e-05,C
2296764637,0,4.830622248212964e-06,C
2296764637,0,2.7021819533264504e-05,C
2296764637,0,1.4329627761279148e-05,C
3929393147,0,0.0,C
3929393147,0,0.0,C
3929393147,0,0.0,C
3929393147,0,0.0,C
3929393147,0,0.0,C
2270589688,0,8.95052602302316e-05,N
2270589688,0,2.309802773695427e-05,N
2270589688,0,2.949906996420684e-05,N
2270589688,0,2.7969245906688325e-05,N
2270589688,0,7.582376343035543e-05,N
2592252298,0,-2.52524417061915e-05,C
2592252298,0,8.798260604040917e-06,C
2592252298,0,-1.3828347488335432e-05,C
2592252298,0,-1.348329315538528e-05,C
2592252298,0,-9.056498574576063e-06,C
4116013187,0,-1.104935313498475e-05,C
4116013187,0,-9.520103263105373e-06,C
4116013187,0,-1.0584820512049913e-05,C
4116013187,0,-1.104935313498475e-05,C
4116013187,0,-1.1186572573351414e-05,C
372117123,0,0.0,S
372117123,0,0.0,S
372117123,0,0.0,S
372117123,0,0.0,S
372117123,0,0.0,S
2709179886,0,3.904800952771875e-06,C
2709179886,0,-6.0175206130237e-07,C
2709179886,0,0.0,C
2709179886,0,0.0,C
2709179886,0,3.904800952771875e-06,C
228862830,0,0.0,N
228862830,0,0.0,N
228862830,0,-3.1909974340937897e-06,N
228862830,0,0.0,N
228862830,0,0.0,N
2300762321,0,-1.3218150371006182e-06,N
2300762321,0,-1.0258899576993594e-05,N
2300762321,0,-1.4650043354195834e-05,N
2300762321,0,-1.1584744537987931e-05,N
2300762321,0,-3.915090333785759e-06,N
4081192418,0,0.0,
4081192418,0,0.0,
4081192418,0,0.0,
4081192418,0,0.0,
4081192418,0,0.0,
4120224926,0,-0.0029298285788266,C
4120224926,0,-0.0012474548864045,C
4120224926,0,-0.0035196124863357,C
4120224926,0,-0.0008933138430115,C
4120224926,0,-5.528287321049201e-06,C
1090571167,0,-3.406321058974267e-05,N
1090571167,0,3.290505092480231e-05,N
1090571167,0,2.7323354008781595e-05,N
1090571167,0,3.649368942919458e-05,N
1090571167,0,7.048169581482487e-06,N
369500293,0,-2.0038488100996253e-05,C
369500293,0,7.663485388608414e-06,C
369500293,0,-1.2582900672419156e-05,C
369500293,0,-8.387674460625695e-06,C
369500293,0,-2.8119205488019022e-05,C
3873306213,0,2.5808858345448965e-06,N
3873306213,0,-3.93383293011574e-06,N
3873306213,0,1.3178034588383347e-06,N
3873306213,0,1.3178034588383347e-06,N
3873306213,0,-2.616029471276537e-06,N
600377156,0,0.0,C
600377156,0,0.0,C
600377156,0,0.0,C
600377156,0,0.0,C
600377156,0,0.0,C
1946997629,0,0.0,
1946997629,0,0.0,
1946997629,0,0.0,
1946997629,0,0.0,
1946997629,0,0.0,
1044537682,0,0.0,
1044537682,0,0.0,
1044537682,0,0.0,
1044537682,0,0.0,
1044537682,0,0.0,
2077658817,0,4.631417636468544e-07,O
2077658817,0,1.539029753417232e-05,O
2077658817,0,-7.133725668356447e-06,O
2077658817,0,4.3679427164187296e-06,O
2077658817,0,-1.0627751362351709e-06,O
264974063,0,-1.204610284481246e-06,N
264974063,0,5.153452700700639e-06,N
264974063,0,4.631417636468544e-07,N
264974063,0,2.5808858345448965e-06,N
264974063,0,1.3178034588383347e-06,N
3792822921,0,0.0,
3792822921,0,0.0,
3792822921,0,0.0,
3792822921,0,0.0,
3792822921,0,0.0,
2575624905,0,0.0,C
2575624905,0,0.0,C
2575624905,0,0.0,C
2575624905,0,0.0,C
2575624905,0,0.0,C
1640551393,0,4.631417636468544e-07,C
1640551393,0,4.631417636468544e-07,C
1640551393,0,4.631417636468544e-07,C
1640551393,0,0.0,C
1640551393,0,0.0,C
3528517994,0,-6.3571185485852486e-06,C
3528517994,0,-5.922429361791132e-06,C
3528517994,0,-2.9389675139839325e-05,C
3528517994,0,-6.137898540540393e-06,C
3528517994,0,-2.63344465628668e-05,C
692277943,0,0.0,N
692277943,0,6.006489411160276e-07,N
692277943,0,3.6446765393077785e-06,N
692277943,0,0.0,N
692277943,0,6.006489411160276e-07,N
990985258,0,0.0,
990985258,0,0.0,
990985258,0,0.0,
990985258,0,0.0,
990985258,0,0.0,
389385568,0,0.0,
389385568,0,0.0,
389385568,0,0.0,
389385568,0,0.0,
389385568,0,0.0,
597336504,0,0.0,C
597336504,0,-4.636046885293094e-07,C
597336504,0,-4.636046885293094e-07,C
597336504,0,0.0,C
597336504,0,-4.636046885293094e-07,C
744747118,0,-3.1909974340937897e-06,S
744747118,0,0.0,S
744747118,0,-3.1909974340937897e-06,S
744747118,0,-6.995468841333036e-06,S
744747118,0,-7.124830364209529e-06,S
1740651977,0,-2.71571682827574e-05,C
1740651977,0,6.842411261839647e-06,C
1740651977,0,-2.12762166118749e-05,C
1740651977,0,3.2698734888213926e-06,C
1740651977,0,-1.2758450606139074e-05,C
1198890718,0,0.0,
1198890718,0,0.0,
1198890718,0,0.0,
1198890718,0,0.0,
1198890718,0,0.0,
544863012,0,0.0,C
544863012,0,0.0,C
544863012,0,0.0,C
544863012,0,0.0,C
544863012,0,0.0,C
2127647960,0,-2.3294905495147705e-06,C
2127647960,0,-7.6559340882517e-06,C
2127647960,0,-6.194566631324491e-06,C
2127647960,0,-4.44644862732449e-06,C
2127647960,0,-3.993731485918591e-06,C
3372972590,0,-4.636046885293094e-07,N
3372972590,0,-4.636046885293094e-07,N
3372972590,0,-4.636046885293094e-07,N
3372972590,0,-4.636046885293094e-07,N
3372972590,0,-4.636046885293094e-07,N
1145656637,0,0.0,
1145656637,0,0.0,
1145656637,0,0.0,
1145656637,0,0.0,
1145656637,0,0.0,
3781690415,0,-1.9039714175550504e-06,C
3781690415,0,-1.39422812296449e-05,C
3781690415,0,-1.7471553249067892e-05,C
3781690415,0,-1.549751898151635e-05,C
3781690415,0,2.065849977367016e-06,C
2211843251,0,0.0,C
2211843251,0,0.0,C
2211843251,0,0.0,C
2211843251,0,0.0,C
2211843251,0,0.0,C
1378792052,0,-1.923567098402121e-06,C
1378792052,0,-1.923567098402121e-06,C
1378792052,0,-1.923567098402121e-06,C
1378792052,0,-1.923567098402121e-06,C
1378792052,0,-1.923567098402121e-06,C
4240369074,0,-1.3861029765551566e-07,C
4240369074,0,4.631417636468544e-07,C
4240369074,0,4.631417636468544e-07,C
4240369074,0,1.063790704762882e-06,C
4240369074,0,3.044027598191751e-06,C
3209892106,0,0.0,N
3209892106,0,0.0,N
3209892106,0,0.0,N
3209892106,0,0.0,N
3209892106,0,0.0,N
2762211251,0,0.0,S
2762211251,0,0.0,S
2762211251,0,0.0,S
2762211251,0,0.0,S
2762211251,0,0.0,S
990985259,0,0.0,
990985259,0,0.0,
990985259,0,0.0,
990985259,0,0.0,
990985259,0,0.0,
4256676941,0,0.0,N
4256676941,0,0.0,N
4256676941,0,0.0,N
4256676941,0,0.0,N
4256676941,0,0.0,N
3617179377,0,4.4227185394107166e-06,C
3617179377,0,2.088383646970185e-05,C
3617179377,0,2.261052353393772e-05,C
3617179377,0,1.0940080670516356e-05,C
3617179377,0,1.7863983959297627e-05,C
592655526,0,3.393171414846352e-05,C
592655526,0,8.465276439845876e-06,C
592655526,0,2.080219580262704e-05,C
592655526,0,8.39775532037422e-06,C
592655526,0,1.005971025462224e-05,C
2409787606,0,0.0,C
2409787606,0,0.0,C
2409787606,0,-3.134069212784932e-06,C
2409787606,0,0.0,C
2409787606,0,-3.134069212784932e-06,C
2113520109,0,1.063790704762882e-06,C
2113520109,0,3.044027598191751e-06,C
2113520109,0,-6.0175206130237e-07,C
2113520109,0,-3.4519485701389047e-06,C
2113520109,0,-3.1909974340937897e-06,C
1250165012,0,0.0,C
1250165012,0,-3.1909974340937897e-06,C
1250165012,0,0.0,C
1250165012,0,-3.1909974340937897e-06,C
1250165012,0,0.0,C
1238592536,0,-9.826900791516135e-06,C
1238592536,0,1.7262241393525488e-06,C
1238592536,0,-8.563818415809575e-06,C
1238592536,0,-1.1029301793934534e-05,C
1238592536,0,-2.295146566757243e-06,C
2213350725,0,-8.73167969088224e-06,C
2213350725,0,-5.021834181731001e-05,C
2213350725,0,1.7445132338330012e-05,C
2213350725,0,-4.584540624096543e-05,C
2213350725,0,-2.802753493031784e-05,C
1915080917,0,2.0368113314520736e-06,C
1915080917,0,3.510749660376282e-05,C
1915080917,0,1.2371047274470533e-05,C
1915080917,0,2.4059185489752784e-05,C
1915080917,0,3.41491629546626e-05,C
3651174070,0,-4.636046885293094e-07,C
3651174070,0,0.0,C
3651174070,0,6.006489411160276e-07,C
3651174070,0,0.0,C
3651174070,0,0.0,C
1365279474,0,0.0,C
1365279474,0,0.0,C
1365279474,0,0.0,C
1365279474,0,0.0,C
1365279474,0,0.0,C
1583009052,0,0.0,C
1583009052,0,0.0,C
1583009052,0,0.0,C
1583009052,0,0.0,C
1583009052,0,0.0,C
1499666286,0,0.0,
1499666286,0,0.0,
1499666286,0,0.0,
1499666286,0,0.0,
1499666286,0,0.0,
1191280979,0,0.0,
1191280979,0,0.0,
1191280979,0,0.0,
1191280979,0,0.0,
1191280979,0,0.0,
3457964313,0,-4.038130751747582e-06,N
3457964313,0,2.30275957397632e-05,N
3457964313,0,5.083994113954694e-06,N
3457964313,0,-2.0837991504725657e-05,N
3457964313,0,-1.4149270691137666e-05,N
2881111452,0,0.0,
2881111452,0,0.0,
2881111452,0,0.0,
2881111452,0,0.0,
2881111452,0,0.0,
423609967,0,2.5167182504349725e-05,C
423609967,0,6.290076885493746e-05,C
423609967,0,2.957791621419677e-05,C
423609967,0,1.910501289074506e-05,C
423609967,0,0.0001037906823614,C
3300110909,0,-5.201263265807408e-06,N
3300110909,0,0.0,N
3300110909,0,-5.201263265807408e-06,N
3300110909,0,0.0,N
3300110909,0,0.0,N
3345491492,0,0.0,N
3345491492,0,0.0,N
3345491492,0,0.0,N
3345491492,0,0.0,N
3345491492,0,0.0,N
1534595042,0,-1.1186572573351414e-05,C
1534595042,0,-1.1186572573351414e-05,C
1534595042,0,-1.104935313498475e-05,C
1534595042,0,-1.5316606800822724e-05,C
1534595042,0,8.541987703090254e-07,C
2014255590,0,0.0,N
2014255590,0,0.0,N
2014255590,0,0.0,N
2014255590,0,0.0,N
2014255590,0,0.0,N
362715007,0,0.0,C
362715007,0,0.0,C
362715007,0,0.0,C
362715007,0,0.0,C
362715007,0,0.0,C
2654043257,0,0.0,N
2654043257,0,1.3178034588383347e-06,N
2654043257,0,0.0,N
2654043257,0,2.5808858345448965e-06,N
2654043257,0,1.3178034588383347e-06,N
720253145,0,4.631417636468544e-07,N
720253145,0,2.4788848587784656e-07,N
720253145,0,4.631417636468544e-07,N
720253145,0,2.4788848587784656e-07,N
720253145,0,4.3679427164187296e-06,N
1342596238,0,0.0,C
1342596238,0,0.0,C
1342596238,0,0.0,C
1342596238,0,0.0,C
1342596238,0,0.0,C
1505769767,0,4.631417636468544e-07,C
1505769767,0,0.0,C
1505769767,0,0.0,C
1505769767,0,4.631417636468544e-07,C
1505769767,0,0.0,C
4129558839,0,0.0,N
4129558839,0,0.0,N
4129558839,0,0.0,N
4129558839,0,0.0,N
4129558839,0,0.0,N
1673980810,0,-1.811429108508275e-06,O
1673980810,0,-9.675340177291504e-06,O
1673980810,0,-3.6911540819070665e-06,O
1673980810,0,7.985910451932011e-06,O
1673980810,0,-8.394730402140789e-06,O
458195553,0,-7.531506831429113e-06,N
458195553,0,-1.0584820512049913e-05,N
458195553,0,-7.995575139257624e-06,N
458195553,0,-3.597673901314241e-06,N
458195553,0,-1.0584820512049913e-05,N
3083149214,0,0.0,
3083149214,0,0.0,
3083149214,0,0.0,
3083149214,0,0.0,
3083149214,0,0.0,
564807139,0,-1.3218150371006182e-06,C
564807139,0,-1.3218150371006182e-06,C
564807139,0,6.613303144041918e-07,C
564807139,0,-2.5264253215809968e-06,C
564807139,0,-1.923567098402121e-06,C
57405021,0,0.0,
57405021,0,0.0,
57405021,0,0.0,
57405021,0,0.0,
57405021,0,0.0,
264906369,0,-9.194005752045237e-06,C
264906369,0,-1.086175780017247e-05,C
264906369,0,-8.335332478591473e-06,C
264906369,0,-9.657147515692093e-06,C
264906369,0,-9.657147515692093e-06,C
906327634,0,-1.3218150371006182e-06,N
906327634,0,1.863731316821722e-06,N
906327634,0,6.006489411160276e-07,N
906327634,0,-1.3218150371006182e-06,N
906327634,0,6.006489411160276e-07,N
3203925050,0,0.0,C
3203925050,0,0.0,C
3203925050,0,0.0,C
3203925050,0,0.0,C
3203925050,0,0.0,C
1238701800,0,0.0,C
1238701800,0,-2.154691787492613e-07,C
1238701800,0,-2.154691787492613e-07,C
1238701800,0,0.0,C
1238701800,0,0.0,C
817554650,0,0.0,
817554650,0,0.0,
817554650,0,0.0,
817554650,0,0.0,
817554650,0,0.0,
3210014657,0,1.5155290847132172e-06,N
3210014657,0,7.160513975359648e-07,N
3210014657,0,-1.3459403546291387e-05,N
3210014657,0,-5.0887683696572775e-06,N
3210014657,0,-1.221559416540903e-05,N
3869736299,0,0.0,C
3869736299,0,0.0,C
3869736299,0,0.0,C
3869736299,0,0.0,C
3869736299,0,0.0,C
443741425,0,4.631417636468544e-07,N
443741425,0,1.2210307456379278e-05,N
443741425,0,1.7718807351485913e-05,N
443741425,0,4.966249461420616e-06,N
443741425,0,8.936132157116167e-06,N
252812893,0,0.0,
252812893,0,0.0,
252812893,0,0.0,
252812893,0,0.0,
252812893,0,0.0,
1352167592,0,-9.263005474949291e-06,C
1352167592,0,0.0,C
1352167592,0,-4.061742209142752e-06,C
1352167592,0,-5.80481976719411e-06,C
1352167592,0,6.082043036986437e-06,C
2030757576,0,0.0,C
2030757576,0,-4.636046885293094e-07,C
2030757576,0,0.0,C
2030757576,0,0.0,C
2030757576,0,0.0,C
3541689698,0,0.0,
3541689698,0,0.0,
3541689698,0,0.0,
3541689698,0,0.0,
3541689698,0,0.0,
2250143559,0,-1.2285798822044005e-05,C
2250143559,0,-1.1034965126775416e-05,C
2250143559,0,2.7302958060996738e-05,C
2250143559,0,-1.5846666943427484e-06,C
2250143559,0,1.81010688142854e-05,C
2144345290,0,0.0,N
2144345290,0,0.0,N
2144345290,0,0.0,N
2144345290,0,0.0,N
2144345290,0,0.0,N
1849554589,0,0.0,N
1849554589,0,0.0,N
1849554589,0,0.0,N
1849554589,0,0.0,N
1849554589,0,0.0,N
2271158283,0,-3.0275938089976105e-05,C
2271158283,0,-5.214421877992176e-05,C
2271158283,0,-3.1961438702052605e-05,C
2271158283,0,-3.5958640485726084e-05,C
2271158283,0,-3.96157983384958e-06,C
1445706287,0,0.0,C
1445706287,0,2.5808858345448965e-06,C
1445706287,0,0.0,C
1445706287,0,0.0,C
1445706287,0,0.0,C
3385400514,0,1.2630823757056944e-06,C
3385400514,0,0.0,C
3385400514,0,0.0,C
3385400514,0,0.0,C
3385400514,0,1.2630823757056944e-06,C
621690156,0,4.631417636468544e-07,C
621690156,0,0.0,C
621690156,0,0.0,C
621690156,0,0.0,C
621690156,0,4.631417636468544e-07,C
1214058429,0,1.019125080900518e-05,C
1214058429,0,3.781083627140379e-06,C
1214058429,0,1.3704425258671826e-07,C
1214058429,0,6.006489411160276e-07,C
1214058429,0,-1.7310350242209782e-06,C
3599391724,0,2.0465519945649801e-07,C
3599391724,0,3.851319455332007e-06,C
3599391724,0,4.313076596984544e-06,C
3599391724,0,1.2630823757056944e-06,C
3599391724,0,-1.3218150371006182e-06,C
3992738647,0,0.0,C
3992738647,0,0.0,C
3992738647,0,0.0,C
3992738647,0,0.0,C
3992738647,0,0.0,C
1637770740,0,0.0,C
1637770740,0,0.0,C
1637770740,0,0.0,C
1637770740,0,0.0,C
1637770740,0,-4.636046885293094e-07,C
81315441,0,0.0,C
81315441,0,4.631417636468544e-07,C
81315441,0,2.077876333821116e-05,C
81315441,0,1.0654392572652036e-05,C
81315441,0,1.0654392572652036e-05,C
3145023872,0,-8.60823535214078e-08,C
3145023872,0,-8.517035983502189e-06,C
3145023872,0,-2.589245372792287e-06,C
3145023872,0,0.0,C
3145023872,0,3.781083627140379e-06,C
3135357859,0,1.3178034588383347e-06,N
3135357859,0,1.3178034588383347e-06,N
3135357859,0,1.3178034588383347e-06,N
3135357859,0,1.3178034588383347e-06,N
3135357859,0,2.5808858345448965e-06,N
4078658161,0,1.3178034588383347e-06,C
4078658161,0,1.3178034588383347e-06,C
4078658161,0,1.3178034588383347e-06,C
4078658161,0,1.3178034588383347e-06,C
4078658161,0,1.3178034588383347e-06,C
2064788354,0,3.044027598191751e-06,C
2064788354,0,1.3178034588383347e-06,C
2064788354,0,1.780945222485189e-06,C
2064788354,0,3.9689251215748594e-06,C
2064788354,0,4.631417636468544e-07,C
3134606292,0,0.0,
3134606292,0,0.0,
3134606292,0,0.0,
3134606292,0,0.0,
3134606292,0,0.0,
1797524254,0,0.0,
1797524254,0,0.0,
1797524254,0,0.0,
1797524254,0,0.0,
1797524254,0,0.0,
77081066,0,0.0,C
77081066,0,0.0,C
77081066,0,-2.589245372792287e-06,C
77081066,0,0.0,C
77081066,0,0.0,C
3594356142,0,1.2001977925954824e-06,C
3594356142,0,1.0576889962352932e-05,C
3594356142,0,3.181534775660924e-06,C
3594356142,0,3.781083627140379e-06,C
3594356142,0,1.0576889962352932e-05,C
3313841562,0,1.3178034588383347e-06,C
3313841562,0,0.0,C
3313841562,0,5.22260441161021e-06,C
3313841562,0,0.0,C
3313841562,0,5.22260441161021e-06,C
2506328221,0,1.6659859543521026e-05,C
2506328221,0,6.101810653861423e-06,C
2506328221,0,6.101433923223418e-06,C
2506328221,0,-2.5177440483961297e-05,C
2506328221,0,-3.5299105714189927e-06,C
517432093,0,-6.0175206130237e-07,C
517432093,0,-6.0175206130237e-07,C
517432093,0,-6.0175206130237e-07,C
517432093,0,-6.0175206130237e-07,C
517432093,0,-6.0175206130237e-07,C
1169352347,0,-1.5834823351417587e-05,N
1169352347,0,-5.668468546113532e-05,N
1169352347,0,-2.914383020542928e-05,N
1169352347,0,-5.619170140296666e-05,N
1169352347,0,-1.511455838712917e-05,N
3010410747,0,9.073923866942215e-06,N
3010410747,0,1.1094529549920964e-07,N
3010410747,0,1.43470127273726e-05,N
3010410747,0,1.3884333195578365e-05,N
3010410747,0,9.187758465352934e-06,N
1693589848,0,0.0,N
1693589848,0,0.0,N
1693589848,0,0.0,N
1693589848,0,0.0,N
1693589848,0,0.0,N
4081436575,0,3.441196264242566e-06,C
4081436575,0,-4.636046885293094e-07,C
4081436575,0,3.441196264242566e-06,C
4081436575,0,0.0,C
4081436575,0,3.441196264242566e-06,C
2975316496,0,-1.923567098402121e-06,C
2975316496,0,-1.923567098402121e-06,C
2975316496,0,1.2630823757056944e-06,C
2975316496,0,1.2630823757056944e-06,C
2975316496,0,-1.923567098402121e-06,C
3674630670,0,-3.0528500613215964e-06,C
3674630670,0,-3.0528500613215964e-06,C
3674630670,0,-2.589245372792287e-06,C
3674630670,0,1.3704425258671826e-07,C
3674630670,0,-2.589245372792287e-06,C
3350945806,0,7.009716033344257e-06,C
3350945806,0,7.009716033344257e-06,C
3350945806,0,0.0,C
3350945806,0,0.0,C
3350945806,0,0.0,C
1397513080,0,0.0,O
1397513080,0,0.0,O
1397513080,0,0.0,O
1397513080,0,0.0,O
1397513080,0,0.0,O
3126934625,0,-1.3182466258167965e-05,C
3126934625,0,-3.0528500613215964e-06,C
3126934625,0,-5.253251777209526e-06,C
3126934625,0,-1.4458660137542031e-05,C
3126934625,0,-1.01207522042214e-05,C
3995362948,0,-5.513664034765067e-06,N
3995362948,0,-1.72201765955525e-06,N
3995362948,0,-1.01207522042214e-05,N
3995362948,0,4.956261729656582e-06,N
3995362948,0,1.0686530841323358e-05,N
1059124080,0,0.0,
1059124080,0,0.0,
1059124080,0,0.0,
1059124080,0,0.0,
1059124080,0,0.0,
1153930374,0,0.0,C
1153930374,0,0.0,C
1153930374,0,0.0,C
1153930374,0,-6.0175206130237e-07,C
1153930374,0,-1.0722504265522905e-05,C
1103832125,0,0.0,C
1103832125,0,0.0,C
1103832125,0,0.0,C
1103832125,0,0.0,C
1103832125,0,0.0,C
3577933307,0,0.0,
3577933307,0,0.0,
3577933307,0,0.0,
3577933307,0,0.0,
3577933307,0,0.0,
3988861584,0,1.058472389002963e-05,C
3988861584,0,-5.503610186660332e-06,C
3988861584,0,-4.861427783743426e-06,C
3988861584,0,2.840453675293821e-05,C
3988861584,0,5.638292159576563e-06,C
2572035617,0,0.0,N
2572035617,0,0.0,N
2572035617,0,0.0,N
2572035617,0,0.0,N
2572035617,0,0.0,N
3346153511,0,0.0,
3346153511,0,0.0,
3346153511,0,0.0,
3346153511,0,0.0,
3346153511,0,0.0,
2918201879,0,1.063790704762882e-06,C
2918201879,0,0.0,C
2918201879,0,-1.3218150371006182e-06,C
2918201879,0,1.2630823757056944e-06,C
2918201879,0,-6.0175206130237e-07,C
194638448,0,-2.589245372792287e-06,C
194638448,0,-4.401499548476601e-06,C
194638448,0,-3.0528500613215964e-06,C
194638448,0,-8.042885720448145e-07,C
194638448,0,-9.657147515692093e-06,C
869152089,0,-2.154691787492613e-07,C
869152089,0,-2.154691787492613e-07,C
869152089,0,0.0,C
869152089,0,1.019125080900518e-05,C
869152089,0,0.0,C
3804745459,0,0.0,
3804745459,0,0.0,
3804745459,0,0.0,
3804745459,0,0.0,
3804745459,0,0.0,
3755128710,0,6.253098134327995e-05,C
3755128710,0,0.0001986054689439,C
3755128710,0,0.0001039867052931,C
3755128710,0,-0.0001172198334764,C
3755128710,0,0.000197115219886,C
1713195601,0,0.0,C
1713195601,0,0.0,C
1713195601,0,0.0,C
1713195601,0,0.0,C
1713195601,0,0.0,C
1568606682,0,8.395786752246875e-05,C
1568606682,0,0.0001904254997895,C
1568606682,0,-0.0001398176506684,C
1568606682,0,9.117015720186764e-05,C
1568606682,0,0.0002505572138436,C
2059730245,0,4.631417636468544e-07,C
2059730245,0,-3.134069212784932e-06,C
2059730245,0,-8.335332478591473e-06,C
2059730245,0,-7.067902142899804e-06,C
2059730245,0,0.0,C
2617658656,0,0.0,C
2617658656,0,0.0,C
2617658656,0,-3.654602122623099e-06,C
2617658656,0,-3.654602122623099e-06,C
2617658656,0,0.0,C
836300471,0,0.0,C
836300471,0,0.0,C
836300471,0,4.631417636468544e-07,C
836300471,0,4.631417636468544e-07,C
836300471,0,4.631417636468544e-07,C
3490910321,0,-3.93383293011574e-06,C
3490910321,0,0.0,C
3490910321,0,0.0,C
3490910321,0,0.0,C
3490910321,0,3.104915080572382e-06,C
3255046070,0,1.3178034588383347e-06,C
3255046070,0,1.3178034588383347e-06,C
3255046070,0,0.0,C
3255046070,0,1.3178034588383347e-06,C
3255046070,0,1.3178034588383347e-06,C
2198820481,0,1.063790704762882e-06,N
2198820481,0,4.631417636468544e-07,N
2198820481,0,1.063790704762882e-06,N
2198820481,0,0.0,N
2198820481,0,4.631417636468544e-07,N
104625121,0,-9.657147515692093e-06,N
104625121,0,-1.149896838206245e-05,N
104625121,0,-9.657147515692093e-06,N
104625121,0,-9.657147515692093e-06,N
104625121,0,-7.067902142899804e-06,N
3103858517,0,5.140533636350218e-06,C
3103858517,0,-2.950305139149019e-06,C
3103858517,0,2.2881873797137714e-06,C
3103858517,0,-2.0211701272341422e-05,C
3103858517,0,1.2694540745575649e-05,C
1390475220,0,-4.636046885293094e-07,C
1390475220,0,4.631417636468544e-07,C
1390475220,0,0.0,C
1390475220,0,4.631417636468544e-07,C
1390475220,0,9.258212954410884e-07,C
4006278292,0,-7.588435052738839e-06,N
4006278292,0,-7.124830364209529e-06,N
4006278292,0,-7.124830364209529e-06,N
4006278292,0,-6.523078302907159e-06,N
4006278292,0,0.0,N
1789200865,0,5.031331204344292e-06,C
1789200865,0,4.107356071102013e-06,C
1789200865,0,1.5264702365571162e-06,C
1789200865,0,7.458442263149831e-06,C
1789200865,0,5.031331204344292e-06,C
2291264872,0,-6.774408733999093e-06,C
2291264872,0,-7.98123439511942e-06,C
2291264872,0,-4.315874971104645e-06,C
2291264872,0,1.456482377006768e-06,C
2291264872,0,8.466198410351025e-06,C
2918205364,0,-6.213703372590779e-06,C
2918205364,0,3.044027598191751e-06,C
2918205364,0,0.0,C
2918205364,0,-4.401499548476601e-06,C
2918205364,0,-1.816265753946597e-06,C
3798139026,0,5.421166186125002e-06,C
3798139026,0,9.325967138896878e-06,C
3798139026,0,8.541987703090254e-07,C
3798139026,0,2.117281146015587e-06,C
3798139026,0,3.6446765393077785e-06,C
4223976160,0,2.2881873797137714e-06,C
4223976160,0,5.944359283512578e-06,C
4223976160,0,-1.3061231581655735e-05,C
4223976160,0,1.3178034588383347e-06,C
4223976160,0,-6.391501403391585e-06,C
1511206547,0,-1.86575261578708e-05,C
1511206547,0,-1.4025393703643446e-05,C
1511206547,0,-1.6783973311443844e-05,C
1511206547,0,-1.9983371118864265e-05,C
1511206547,0,-1.3268906643211335e-05,C
954800030,0,0.0,
954800030,0,0.0,
954800030,0,0.0,
954800030,0,0.0,
954800030,0,0.0,
2172997423,0,9.511960715756322e-06,C
2172997423,0,-1.52942505766019e-06,C
2172997423,0,1.0327194971955328e-05,C
2172997423,0,8.662928871531334e-06,C
2172997423,0,1.2104609775508491e-05,C
1918025650,0,0.0,C
1918025650,0,0.0,C
1918025650,0,0.0,C
1918025650,0,0.0,C
1918025650,0,0.0,C
1491315937,0,0.0,C
1491315937,0,0.0,C
1491315937,0,7.009716033344257e-06,C
1491315937,0,7.472857796991111e-06,C
1491315937,0,7.009716033344257e-06,C
1271427701,0,-6.0175206130237e-07,C
1271427701,0,0.0,C
1271427701,0,6.006489411160276e-07,C
1271427701,0,0.0,C
1271427701,0,6.006489411160276e-07,C
876016289,0,0.0,C
876016289,0,0.0,C
876016289,0,0.0,C
876016289,0,0.0,C
876016289,0,0.0,C
759348397,0,-3.1909974340937897e-06,S
759348397,0,-2.589245372792287e-06,S
759348397,0,-1.2674303356916689e-06,S
759348397,0,-1.8691823969940388e-06,S
759348397,0,-1.8691823969940388e-06,S
3886074185,0,3.104915080572382e-06,C
3886074185,0,3.104915080572382e-06,C
3886074185,0,0.0,C
3886074185,0,3.104915080572382e-06,C
3886074185,0,3.104915080572382e-06,C
3977047921,0,0.0,N
3977047921,0,0.0,N
3977047921,0,0.0,N
3977047921,0,0.0,N
3977047921,0,0.0,N
3386795352,0,0.0,C
3386795352,0,0.0,C
3386795352,0,0.0,C
3386795352,0,0.0,C
3386795352,0,0.0,C
2640652321,0,0.0,C
2640652321,0,6.006489411160276e-07,C
2640652321,0,0.0,C
2640652321,0,0.0,C
2640652321,0,6.006489411160276e-07,C
3644443517,0,0.0,
3644443517,0,0.0,
3644443517,0,0.0,
3644443517,0,0.0,
3644443517,0,0.0,
805268291,0,0.0,C
805268291,0,0.0,C
805268291,0,0.0,C
805268291,0,0.0,C
805268291,0,0.0,C
994494548,0,0.0,C
994494548,0,0.0,C
994494548,0,0.0,C
994494548,0,0.0,C
994494548,0,0.0,C
3889081300,0,-9.657147515692093e-06,C
3889081300,0,-9.657147515692093e-06,C
3889081300,0,0.0,C
3889081300,0,-2.589245372792287e-06,C
3889081300,0,-1.2254793261810145e-05,C
3119383463,0,1.2666767734752228e-05,C
3119383463,0,3.42944665200802e-06,C
3119383463,0,-1.0436253943212764e-05,C
3119383463,0,2.320034789518588e-06,C
3119383463,0,4.705640531382088e-06,C
4142616092,0,1.1913149323783054e-05,C
4142616092,0,-4.594494547540198e-06,C
4142616092,0,-1.1584744537987931e-05,C
4142616092,0,1.7262241393525488e-06,C
4142616092,0,-1.923567098402121e-06,C
3633569943,0,0.0,C
3633569943,0,0.0,C
3633569943,0,-1.2856545323112511e-05,C
3633569943,0,6.006489411160276e-07,C
3633569943,0,0.0,C
2810558781,0,0.0,C
2810558781,0,-4.636046885293094e-07,C
2810558781,0,6.006489411160276e-07,C
2810558781,0,6.006489411160276e-07,C
2810558781,0,0.0,C
643572069,0,-4.949973419843875e-05,C
643572069,0,-9.513809421662564e-06,C
643572069,0,-2.595758062200453e-05,C
643572069,0,-7.005122779161002e-06,C
643572069,0,4.844223665484079e-06,C
307525970,0,-9.2767299635782e-07,C
307525970,0,-1.3922056192926591e-06,C
307525970,0,-1.3922056192926591e-06,C
307525970,0,4.631417636468544e-07,C
307525970,0,0.0,C
230478851,0,9.058253653472514e-06,C
230478851,0,1.3178034588383347e-06,C
230478851,0,0.0,C
230478851,0,2.582985915671257e-06,C
230478851,0,4.631417636468544e-07,C
3353919692,0,0.0,
3353919692,0,0.0,
3353919692,0,0.0,
3353919692,0,0.0,
3353919692,0,0.0,
4201996000,0,0.0,
4201996000,0,0.0,
4201996000,0,0.0,
4201996000,0,0.0,
4201996000,0,0.0,
1523193891,0,0.0,
1523193891,0,0.0,
1523193891,0,0.0,
1523193891,0,0.0,
1523193891,0,0.0,
2806469715,0,0.0,
2806469715,0,0.0,
2806469715,0,0.0,
2806469715,0,0.0,
2806469715,0,0.0,
3705007549,0,0.0,
3705007549,0,0.0,
3705007549,0,0.0,
3705007549,0,0.0,
3705007549,0,0.0,
1445715347,0,2.518001251433817e-06,C
1445715347,0,0.0,C
1445715347,0,0.0,C
1445715347,0,0.0,C
1445715347,0,0.0,C
4232889011,0,6.006489411160276e-07,O
4232889011,0,6.006489411160276e-07,O
4232889011,0,6.006489411160276e-07,O
4232889011,0,-1.9885964316762594e-06,O
4232889011,0,6.006489411160276e-07,O
1932106328,0,0.0,C
1932106328,0,0.0,C
1932106328,0,-4.636046885293094e-07,C
1932106328,0,0.0,C
1932106328,0,0.0,C
UNK,0,-0.0004773256783352,
UNK,0,-0.0008578903413569,
UNK,0,0.0004552802303193,
UNK,0,-0.0004888516951395,
UNK,0,-0.0004599930030889,
3218693969,1,0.0001915599037792,C
3218693969,1,0.0002497491371349,C
3218693969,1,-0.0001172967135375,C
3218693969,1,-3.882825488226056e-05,C
3218693969,1,0.0001848025155738,C
3217380708,1,-0.0003193155284665,C
3217380708,1,-0.0001657658530135,C
3217380708,1,0.0004641950454492,C
3217380708,1,-0.0001139671069319,C
3217380708,1,-0.0002687671954401,C
951226070,1,-0.0005745341204817,C
951226070,1,-0.000435731094377,C
951226070,1,-0.0004437667633145,C
951226070,1,-1.9294364903172344e-05,C
951226070,1,-3.312405397078773e-05,C
2968968094,1,0.000113616112029,C
2968968094,1,0.0001101195225114,C
2968968094,1,0.0001259177524395,C
2968968094,1,0.0001658163417094,C
2968968094,1,0.0001400689461885,C
2245384272,1,3.247695918949696e-06,C
2245384272,1,-0.0001336231096941,C
2245384272,1,0.0001157800954015,C
2245384272,1,-0.0004589669488993,C
2245384272,1,7.814137697386564e-05,C
864942730,1,0.0001928747037604,O
864942730,1,0.0001028307382564,O
864942730,1,5.905918498592695e-05,O
864942730,1,0.0002788218040787,O
864942730,1,-0.0001466875161582,O
2246728737,1,-0.0008314713927202,C
2246728737,1,-0.000214198710537,C
2246728737,1,-0.0003607391928214,C
2246728737,1,-0.0004968474798465,C
2246728737,1,0.0001178098164027,C
98513984,1,9.37052822239182e-05,C
98513984,1,-0.0004177311042009,C
98513984,1,-7.549370698739077e-05,C
98513984,1,3.480713996254024e-05,C
98513984,1,0.0002597950738527,C
2041434490,1,0.0001843595974588,N
2041434490,1,-6.754095079465443e-06,N
2041434490,1,7.121643226563456e-05,N
2041434490,1,0.0001171030685841,N
2041434490,1,8.084130280831044e-05,N
2246699815,1,0.0003763971501859,C
2246699815,1,0.0003683295390029,C
2246699815,1,8.631152241115204e-05,C
2246699815,1,0.000227145001122,C
2246699815,1,0.0003761384199068,C
994485099,1,0.0001400139234187,C
994485099,1,0.0003080526334033,C
994485099,1,0.0001992223466479,C
994485099,1,9.68811824262894e-05,C
994485099,1,-0.0002348944535684,C
1510328189,1,8.206474663017497e-05,O
1510328189,1,8.569367387406719e-05,O
1510328189,1,0.0004749876455115,O
1510328189,1,0.000430893841781,O
1510328189,1,0.0005050123140479,O
3999906991,1,-0.0001758047493286,C
3999906991,1,0.0015036078192104,C
3999906991,1,0.0018157046444198,C
3999906991,1,0.0017720212556939,C
3999906991,1,0.0017791656097842,C
2976033787,1,0.0001179469439776,C
2976033787,1,3.586869300779231e-05,C
2976033787,1,7.506251440456222e-05,C
2976033787,1,8.96788093013353e-05,C
2976033787,1,9.129429794724372e-05,C
2092489639,1,0.001508250658501,N
2092489639,1,0.0019166947611734,N
2092489639,1,0.0013727382102395,N
2092489639,1,0.0002924417935326,N
2092489639,1,0.001733485824172,N
847961216,1,-3.849332713284394e-05,N
847961216,1,3.05264953822321e-05,N
847961216,1,-0.0003040376976917,N
847961216,1,5.620077530139617e-05,N
847961216,1,-0.0002275161412873,N
882399112,1,1.4731610893701542e-05,F
882399112,1,1.0058882083958248e-07,F
882399112,1,-2.359960027622978e-05,F
882399112,1,2.3023484857216496e-05,F
882399112,1,4.084054678895645e-06,F
2803848648,1,-7.782530137268734e-05,C
2803848648,1,0.000419492648346,C
2803848648,1,-2.9644743599218336e-05,C
2803848648,1,6.16486165141393e-05,C
2803848648,1,4.137748058195487e-05,C
2117068077,1,-1.1237130388979008e-05,C
2117068077,1,-4.960890391916741e-05,C
2117068077,1,-7.362701818639222e-05,C
2117068077,1,2.463364647620897e-05,C
2117068077,1,-2.8085367168966847e-05,C
864674487,1,-0.0018489761713235,O
864674487,1,-0.0016953974326691,O
864674487,1,-0.0015996583061224,O
864674487,1,-0.0013694993736072,O
864674487,1,-0.0012734763189422,O
864662311,1,-2.780791265925668e-05,O
864662311,1,-5.2349081153492925e-05,O
864662311,1,-0.0001253843498764,O
864662311,1,3.802497494671906e-05,O
864662311,1,-0.0002279618720929,O
2245273601,1,5.587217454447284e-06,C
2245273601,1,7.627504500156562e-06,C
2245273601,1,3.3468482416006487e-06,C
2245273601,1,-1.9832873905833125e-05,C
2245273601,1,-6.271211249610133e-05,C
1100037548,1,1.9222179535575805e-05,N
1100037548,1,0.0002200253794629,N
1100037548,1,7.11119259033709e-05,N
1100037548,1,-7.543020441312751e-05,N
1100037548,1,4.621521970058374e-05,N
485463469,1,0.0,F
485463469,1,-2.199857009294731e-06,F
485463469,1,0.0,F
485463469,1,0.0,F
485463469,1,-2.199857009294731e-06,F
1101907775,1,-0.0001860454956208,N
1101907775,1,-0.0001687702562501,N
1101907775,1,-0.000153761185868,N
1101907775,1,-0.000131679544462,N
1101907775,1,-0.0001857916903368,N
10565946,1,-0.0001084475195916,O
10565946,1,-7.757537079792695e-05,O
10565946,1,-0.0001106512145655,O
10565946,1,3.815327539016377e-05,O
10565946,1,-0.0001196993871972,O
2076190208,1,8.692640792846984e-05,O
2076190208,1,1.2618619946395263e-06,O
2076190208,1,-7.789851025235585e-05,O
2076190208,1,2.5229415093441267e-05,O
2076190208,1,0.0001173874274598,O
2142032900,1,2.696212174611943e-05,C
2142032900,1,1.5095470520623024e-05,C
2142032900,1,-4.9780275708001705e-05,C
2142032900,1,4.297152354076732e-06,C
2142032900,1,-2.594944259522256e-05,C
2132511834,1,6.419332576738327e-05,N
2132511834,1,2.0469131475626783e-05,N
2132511834,1,-4.861165153729162e-05,N
2132511834,1,8.125119454573896e-05,N
2132511834,1,-2.891057906196943e-05,N
1312131881,1,0.0,C
1312131881,1,0.0,C
1312131881,1,0.0,C
1312131881,1,0.0,C
1312131881,1,0.0,C
2353112200,1,0.0006436424052168,C
2353112200,1,0.0005571065292713,C
2353112200,1,0.0007909872313363,C
2353112200,1,0.0007678025979238,C
2353112200,1,0.0005568360091759,C
4121755354,1,1.0288745836977038e-05,C
4121755354,1,1.170569596390357e-05,C
4121755354,1,3.6307380728390834e-06,C
4121755354,1,0.0001093433515698,C
4121755354,1,-4.538394852663698e-06,C
1054767590,1,-7.106100866262777e-05,C
1054767590,1,-7.14388993496044e-05,C
1054767590,1,3.815327539016377e-05,C
1054767590,1,-5.793849176857161e-05,C
1054767590,1,-0.000102349134697,C
3537119515,1,-2.645751047674477e-08,C
3537119515,1,-6.024168711750346e-05,C
3537119515,1,4.786276795461751e-05,C
3537119515,1,5.8866033881888914e-05,C
3537119515,1,6.068773824251424e-05,C
1510461303,1,1.0514061996089348e-05,C
1510461303,1,-2.3504527041332164e-05,C
1510461303,1,2.116491441478841e-05,C
1510461303,1,-6.551766504149688e-06,C
1510461303,1,1.918568373273592e-05,C
4216335232,1,0.0001234537075613,C
4216335232,1,0.0001694973339095,C
4216335232,1,0.0001056631280127,C
4216335232,1,6.90151097431967e-05,C
4216335232,1,0.0001217208484567,C
3189457552,1,0.0002560649338252,O
3189457552,1,0.0002296195388887,O
3189457552,1,0.0001397094081099,O
3189457552,1,0.0002655326005814,O
3189457552,1,0.0001212598527222,O
2228063684,1,-3.203082522390804e-05,O
2228063684,1,-0.0001904932897139,O
2228063684,1,-1.515004656455366e-05,O
2228063684,1,-0.0001291140158807,O
2228063684,1,-5.014807621445561e-05,O
3777168895,1,8.754099832761469e-05,C
3777168895,1,7.45703164162911e-05,C
3777168895,1,7.537912581471063e-05,C
3777168895,1,0.0001638242820592,C
3777168895,1,0.0001398546493773,C
1016841875,1,-6.892046941798114e-05,Cl
1016841875,1,-2.43213069042042e-07,Cl
1016841875,1,-6.217244503007539e-05,Cl
1016841875,1,-2.7729693753986324e-05,Cl
1016841875,1,-2.322465868755813e-06,Cl
422715066,1,6.84519523610266e-05,C
422715066,1,-7.383287556234682e-05,C
422715066,1,3.418651655545061e-05,C
422715066,1,-3.464932776342088e-05,C
422715066,1,-8.664884370474576e-05,C
3452535345,1,-7.604434856334653e-05,Cl
3452535345,1,1.2558362159959329e-05,Cl
3452535345,1,-0.000133720564781,Cl
3452535345,1,-5.7600459873418525e-05,Cl
3452535345,1,3.944277917939266e-05,Cl
1429883190,1,1.875234554461931e-05,C
1429883190,1,6.040161560886583e-05,C
1429883190,1,8.475798201074657e-06,C
1429883190,1,2.509675419563699e-05,C
1429883190,1,1.0613630107942848e-05,C
2763854213,1,0.0016432422528953,C
2763854213,1,0.0010121322994853,C
2763854213,1,0.0012145114346391,C
2763854213,1,0.001972374205617,C
2763854213,1,-0.0001442566651224,C
2424973678,1,-2.13755691753784e-05,C
2424973678,1,6.459219706508694e-05,C
2424973678,1,-1.4958833216451375e-05,C
2424973678,1,4.601896221128818e-05,C
2424973678,1,2.32322260826966e-05,C
847957139,1,1.1961097824655063e-05,N
847957139,1,-4.500345470542528e-05,N
847957139,1,-0.0001050170764406,N
847957139,1,1.81144335917368e-05,N
847957139,1,3.676379324098807e-05,N
1182622762,1,-1.9967706036449e-06,C
1182622762,1,-0.0001385550072405,C
1182622762,1,-6.495149463494124e-06,C
1182622762,1,-4.3074788100385016e-05,C
1182622762,1,1.964657991288324e-06,C
1857396528,1,-4.40772806962423e-06,C
1857396528,1,-2.199857009294731e-06,C
1857396528,1,1.049698251979342e-05,C
1857396528,1,-6.499025761668928e-06,C
1857396528,1,-4.40772806962423e-06,C
3337745083,1,-1.6951769131141013e-05,F
3337745083,1,-1.0699832736688064e-05,F
3337745083,1,1.773754416383583e-07,F
3337745083,1,1.4857016702461529e-05,F
3337745083,1,1.4836317350043655e-05,F
4222851645,1,1.6667083343750895e-05,C
4222851645,1,1.7515523267020924e-06,C
4222851645,1,1.2652358093987771e-05,C
4222851645,1,-2.322465868755813e-06,C
4222851645,1,-4.538394852663698e-06,C
3975275337,1,-4.062049883027472e-05,C
3975275337,1,-8.301191385155782e-05,C
3975275337,1,3.1337967515059593e-05,C
3975275337,1,-5.5983278183022525e-05,C
3975275337,1,-8.459358990932104e-05,C
3692055567,1,-1.2753727150643414e-05,C
3692055567,1,0.0001074845315635,C
3692055567,1,0.0001098180522707,C
3692055567,1,0.0001331176738457,C
3692055567,1,-5.817330627022176e-05,C
2944555726,1,-8.300729792031902e-05,C
2944555726,1,-3.2079648526799065e-05,C
2944555726,1,5.1785167596429295e-05,C
2944555726,1,3.543554361281048e-05,C
2944555726,1,9.333598599349948e-05,C
2245277810,1,8.26061457180876e-06,C
2245277810,1,1.046047158110349e-05,C
2245277810,1,2.0944232057502725e-05,C
2245277810,1,1.2652358093987771e-05,C
2245277810,1,-1.1459480842544725e-07,C
3983062349,1,2.9649765566483983e-05,C
3983062349,1,0.0001341181742219,C
3983062349,1,0.0001259961406678,C
3983062349,1,0.0001318990801969,C
3983062349,1,8.911412541703478e-05,C
2246340824,1,-0.0001178283176255,C
2246340824,1,-3.013660289635095e-08,C
2246340824,1,-4.9499626176255536e-05,C
2246340824,1,8.540360769522352e-06,C
2246340824,1,-8.874253781322033e-05,C
2976816164,1,4.131084725906512e-05,C
2976816164,1,-4.291154701338562e-06,C
2976816164,1,1.875234554461931e-05,C
2976816164,1,1.8872191900027625e-05,C
2976816164,1,3.1524100046211555e-05,C
3776905034,1,0.0001457748505302,C
3776905034,1,0.0002198131038022,C
3776905034,1,-4.291154701338562e-06,C
3776905034,1,0.0001237526894673,C
3776905034,1,6.255429203146177e-05,C
3542456614,1,-0.0001396310654434,C
3542456614,1,-0.000166586852851,C
3542456614,1,-0.0002111752075425,C
3542456614,1,6.363008532841562e-05,C
3542456614,1,-5.6435760683906135e-05,C
3537123720,1,1.0567095893118487e-05,C
3537123720,1,8.375209380234207e-06,C
3537123720,1,6.175352370939476e-06,C
3537123720,1,0.0,C
3537123720,1,0.0,C
1637836422,1,1.4927130075785729e-05,C
1637836422,1,2.345608656802861e-06,C
1637836422,1,2.116491441478841e-05,C
1637836422,1,1.711837206482946e-05,C
1637836422,1,6.461107969808581e-06,C
3162837314,1,-0.0010681095217647,C
3162837314,1,0.0001090342239486,C
3162837314,1,0.0003940199218317,C
3162837314,1,0.0001552378186085,C
3162837314,1,-7.1555000488712425e-06,C
3982076256,1,0.0001394090760373,C
3982076256,1,9.749915477039096e-05,C
3982076256,1,0.0001044114747111,C
3982076256,1,0.0001218410798439,C
3982076256,1,0.0001771859731256,C
1362518133,1,-1.0551105146827146e-05,N
1362518133,1,-1.915964019147051e-05,N
1362518133,1,-1.2867535524406676e-05,N
1362518133,1,-1.0551105146827146e-05,N
1362518133,1,-1.0551105146827146e-05,N
1135286194,1,-6.473025359717433e-05,C
1135286194,1,-5.1767567558496166e-05,C
1135286194,1,-0.0001501536385749,C
1135286194,1,-9.140538542695176e-05,C
1135286194,1,-1.9177288092133045e-05,C
1790668568,1,0.0001082340766142,N
1790668568,1,0.0001313875328264,N
1790668568,1,0.0001504845314553,N
1790668568,1,-0.0001447171569729,N
1790668568,1,0.0001512314139761,N
3124581743,1,-2.7722706827868797e-05,C
3124581743,1,-2.0475630299445283e-06,C
3124581743,1,-5.5916418247976656e-05,C
3124581743,1,-2.9946737928720175e-05,C
3124581743,1,5.446736290621712e-05,C
2119439498,1,-6.388514125823044e-06,C
2119439498,1,-1.0551105146827146e-05,C
2119439498,1,-6.388514125823044e-06,C
2119439498,1,-2.5601886465816646e-05,C
2119439498,1,-6.374545253914031e-06,C
1533864325,1,2.7280713451693743e-05,O
1533864325,1,4.6165032781829256e-05,O
1533864325,1,2.116491441478841e-05,O
1533864325,1,1.2789705034554203e-05,O
1533864325,1,2.2904867682753575e-05,O
4278941385,1,1.4836317350043655e-05,C
4278941385,1,1.2539724380817262e-05,C
4278941385,1,8.375209380234207e-06,C
4278941385,1,1.2652358093987771e-05,C
4278941385,1,2.312819131355861e-05,C
3918336191,1,0.0002324827962003,C
3918336191,1,0.0003477908898038,C
3918336191,1,0.0003513035635942,C
3918336191,1,0.0002802277548509,C
3918336191,1,0.0002783934819586,C
2560252747,1,7.718457535015218e-05,C
2560252747,1,2.7461838938027013e-05,C
2560252747,1,-1.9162588981236697e-06,C
2560252747,1,4.840033077483687e-05,C
2560252747,1,6.718086843429238e-05,C
999334238,1,-7.608106763911954e-05,S
999334238,1,6.487286464320393e-05,S
999334238,1,-1.4925098558724384e-05,S
999334238,1,-6.284100202404944e-05,S
999334238,1,8.728034971657809e-05,S
1173125914,1,-2.5638396061942494e-05,C
1173125914,1,8.720153910716892e-06,C
1173125914,1,1.0805416111585309e-05,C
1173125914,1,3.6057196370593327e-05,C
1173125914,1,2.5493581445064532e-05,C
2994748777,1,-0.00011474301124,C
2994748777,1,5.706692165909338e-05,C
2994748777,1,-2.986068842100644e-05,C
2994748777,1,-8.89452034505498e-05,C
2994748777,1,-2.321528165749164e-05,C
3351556771,1,0.0004043020301349,S
3351556771,1,0.000927216040142,S
3351556771,1,0.0009319481534856,S
3351556771,1,0.0004504161432652,S
3351556771,1,0.0009304284011607,S
2509211297,1,0.0001144453551908,C
2509211297,1,9.766316731843384e-05,C
2509211297,1,5.896264329357647e-05,C
2509211297,1,7.037637686850128e-05,C
2509211297,1,0.000610024141971,C
848128881,1,-0.0001503216603371,N
848128881,1,2.9225445503710225e-05,N
848128881,1,9.465326751056937e-06,N
848128881,1,-3.6873368963223456e-05,N
848128881,1,-6.683027321257706e-05,N
2246703798,1,-1.3171163581347442e-05,C
2246703798,1,4.729273228132932e-05,C
2246703798,1,4.5686693028005286e-05,C
2246703798,1,-2.372833046061437e-05,C
2246703798,1,8.26061457180876e-06,C
1276993226,1,-2.666331839008655e-06,C
1276993226,1,3.361063992183503e-05,C
1276993226,1,1.0626822103009493e-05,C
1276993226,1,6.560849298611199e-05,C
1276993226,1,1.852763683083628e-05,C
2984966880,1,0.0003873675831218,C
2984966880,1,0.0018214109229827,C
2984966880,1,0.0018010176283652,C
2984966880,1,0.0002004776566536,C
2984966880,1,0.0001235320329608,C
3315826729,1,-2.3504527041332164e-05,C
3315826729,1,3.9466859221964565e-05,C
3315826729,1,-0.0001363460554585,C
3315826729,1,-8.131034764596954e-05,C
3315826729,1,1.679779452426044e-05,C
2115476908,1,2.116491441478841e-05,O
2115476908,1,9.768228899464675e-05,O
2115476908,1,0.0001137479961362,O
2115476908,1,3.5975383020470965e-05,O
2115476908,1,2.750480482999109e-05,O
717512901,1,-2.7561263355332065e-05,N
717512901,1,-5.602018489015651e-05,N
717512901,1,-4.775828988240905e-05,N
717512901,1,-8.667971846376254e-05,N
717512901,1,6.154027813422107e-06,N
2245900962,1,4.361938136009883e-05,C
2245900962,1,5.79733442849532e-05,C
2245900962,1,6.65996484743173e-05,C
2245900962,1,5.003100116978201e-05,C
2245900962,1,8.26061457180876e-06,C
3848534832,1,-9.32030624583068e-05,C
3848534832,1,-5.148557134747409e-05,C
3848534832,1,-6.250626318660222e-05,C
3848534832,1,-8.459807454782448e-06,C
3848534832,1,-4.083961685842283e-06,C
3182824521,1,2.538723725446692e-05,C
3182824521,1,1.0880587725826778e-05,C
3182824521,1,-0.0001022219169205,C
3182824521,1,-5.582726647361969e-05,C
3182824521,1,-8.208209934065618e-05,C
26234434,1,-2.12966559810018e-05,O
26234434,1,-3.637055992314689e-05,O
26234434,1,-3.217891566364029e-05,O
26234434,1,-6.704506941248179e-05,O
26234434,1,-4.105284583976864e-05,O
288315894,1,8.932446010429494e-05,S
288315894,1,5.456787538792116e-05,S
288315894,1,2.105615115608351e-05,S
288315894,1,9.31899211356448e-05,S
288315894,1,0.0001514969579724,S
2811394787,1,4.277148713752697e-06,C
2811394787,1,-6.388514125823044e-06,C
2811394787,1,6.461107969808581e-06,C
2811394787,1,4.277148713752697e-06,C
2811394787,1,4.277148713752697e-06,C
19852674,1,5.209238080994792e-05,C
19852674,1,2.058570484391245e-05,C
19852674,1,5.630828773330304e-05,C
19852674,1,8.285640385846584e-05,C
19852674,1,1.4957938249719575e-05,C
1861965050,1,-1.9481532780014563e-05,C
1861965050,1,2.116491441478841e-05,C
1861965050,1,-1.3222026998168691e-05,C
1861965050,1,-2.5637764661931225e-06,C
1861965050,1,1.4857016702461529e-05,C
2423543607,1,4.277148713752697e-06,C
2423543607,1,2.1918865128834134e-06,C
2423543607,1,-2.0912976920446982e-06,C
2423543607,1,-4.291154701338562e-06,C
2423543607,1,2.1918865128834134e-06,C
1257718710,1,-4.694772302282161e-05,C
1257718710,1,-5.338820013336704e-05,C
1257718710,1,-8.42903268508952e-05,C
1257718710,1,-1.4832979950357183e-05,C
1257718710,1,2.756089311297099e-05,C
2784506312,1,1.2789705034554203e-05,C
2784506312,1,1.0613630107942848e-05,C
2784506312,1,-1.5025323944243932e-05,C
2784506312,1,-6.499025761668928e-06,C
2784506312,1,2.085262200868417e-06,C
3818546315,1,3.167774586138126e-05,C
3818546315,1,1.908662955779194e-05,C
3818546315,1,2.1918865128834134e-06,C
3818546315,1,3.369233326137606e-05,C
3818546315,1,2.5400459297861104e-05,C
3657471097,1,5.86082660946766e-05,C
3657471097,1,-6.267920941899034e-06,C
3657471097,1,-2.972272877805812e-05,C
3657471097,1,9.41922319170384e-05,C
3657471097,1,2.5370980519383825e-05,C
2360741695,1,2.7280713451693743e-05,C
2360741695,1,2.1918865128834134e-06,C
2360741695,1,1.2789705034554203e-05,C
2360741695,1,2.94567883783051e-05,C
2360741695,1,1.046047158110349e-05,C
551287920,1,2.0944232057502725e-05,C
551287920,1,2.7280713451693743e-05,C
551287920,1,8.475798201074657e-06,C
551287920,1,8.26061457180876e-06,C
551287920,1,4.1865522637058936e-06,C
1842898132,1,-0.0001300084745308,C
1842898132,1,9.376896401555156e-05,C
1842898132,1,-0.0001569359328783,C
1842898132,1,2.180182453071812e-06,C
1842898132,1,0.0001001306985843,C
2832976762,1,4.375845768940165e-06,C
2832976762,1,-2.0912976920446982e-06,C
2832976762,1,-1.4848321580605492e-05,C
2832976762,1,8.475798201074657e-06,C
2832976762,1,1.0716435696134575e-05,C
2309124039,1,-0.0001177339504306,C
2309124039,1,-6.68902905812006e-05,C
2309124039,1,-7.795228705591815e-05,C
2309124039,1,-7.151428185020025e-05,C
2309124039,1,-9.32416456966784e-05,C
2591432844,1,-1.4958833216451375e-05,N
2591432844,1,-1.7005501279663236e-05,N
2591432844,1,-2.322465868755813e-06,N
2591432844,1,1.4731610893701542e-05,N
2591432844,1,6.356401513466468e-06,N
963029399,1,-1.3222026998168691e-05,N
963029399,1,-3.868164144818758e-05,N
963029399,1,-3.87959578175244e-05,N
963029399,1,-2.184662461317006e-05,N
963029399,1,-4.7474491065274856e-05,N
3884454603,1,0.0001094058268327,C
3884454603,1,7.721470455530899e-05,C
3884454603,1,8.911412541703478e-05,C
3884454603,1,-1.940061172293981e-05,C
3884454603,1,-4.074834748063125e-05,C
4089138501,1,3.156690397251947e-05,C
4089138501,1,3.586869300779231e-05,C
4089138501,1,4.424861456516632e-06,C
4089138501,1,4.424390238802652e-05,C
4089138501,1,3.178705202485071e-05,C
932712697,1,-6.748537350031569e-05,O
932712697,1,6.038960701884415e-05,O
932712697,1,-7.850987386665877e-05,O
932712697,1,-0.0001146827803596,O
932712697,1,0.0001311462914683,O
1634606847,1,-2.972272877805812e-05,N
1634606847,1,-6.2921046670638345e-06,N
1634606847,1,-1.6951769131141013e-05,N
1634606847,1,-1.6861474345494266e-05,N
1634606847,1,6.283911688190376e-06,N
3624155,1,5.862635860234833e-05,C
3624155,1,9.596109437462474e-05,C
3624155,1,4.812427760144712e-05,C
3624155,1,0.0001249134946312,C
3624155,1,7.044162510821874e-05,C
161963127,1,0.0,C
161963127,1,0.0,C
161963127,1,0.0,C
161963127,1,0.0,C
161963127,1,0.0,C
2257970297,1,7.079240804093011e-05,C
2257970297,1,5.262752461036077e-05,C
2257970297,1,0.0001016948483052,C
2257970297,1,5.255884653560927e-05,C
2257970297,1,6.718086843429238e-05,C
787069595,1,6.925903402249436e-05,C
787069595,1,0.0001159771061346,C
787069595,1,4.433565064684581e-05,C
787069595,1,5.472768225607376e-05,C
787069595,1,7.327719032008788e-05,C
517457164,1,2.085262200868417e-06,C
517457164,1,-3.229741304603198e-05,C
517457164,1,-1.724935504509445e-05,C
517457164,1,3.5771073736944915e-05,C
517457164,1,1.033986737152253e-05,C
3207567135,1,-6.2921046670638345e-06,C
3207567135,1,-2.7522871768764255e-05,C
3207567135,1,-4.083961685842283e-06,C
3207567135,1,-1.0551105146827146e-05,C
3207567135,1,8.055331473990486e-08,C
435232729,1,-2.7838253071237225e-05,N
435232729,1,-3.474151152045666e-05,N
435232729,1,-2.5638396061942494e-05,N
435232729,1,4.426725698398765e-05,N
435232729,1,1.9091645076368784e-05,N
2806018737,1,-4.40772806962423e-06,C
2806018737,1,-1.0551105146827146e-05,C
2806018737,1,-1.0551105146827146e-05,C
2806018737,1,-1.065966446407718e-05,C
2806018737,1,0.0,C
4008337421,1,-8.59638518615341e-06,C
4008337421,1,2.105615115608351e-05,C
4008337421,1,1.046047158110349e-05,C
4008337421,1,1.2375928642412331e-05,C
4008337421,1,1.046047158110349e-05,C
3026394695,1,-1.9365058643483653e-05,C
3026394695,1,-1.5025323944243932e-05,C
3026394695,1,-2.1269202415118496e-05,C
3026394695,1,-2.348513139902638e-05,C
3026394695,1,-1.5025323944243932e-05,C
2296565457,1,-6.629751185403994e-06,N
2296565457,1,-3.655969036410293e-05,N
2296565457,1,3.962141300537826e-06,N
2296565457,1,-3.0041846550575048e-05,N
2296565457,1,-4.072460948852108e-05,N
2089117413,1,-1.1570090538083784e-05,C
2089117413,1,-1.717476220035926e-05,C
2089117413,1,-0.0005495416902184,C
2089117413,1,-4.821299402688918e-05,C
2089117413,1,-6.52176624448865e-07,C
572760528,1,-0.0004911147005174,C
572760528,1,-0.001237575131996,C
572760528,1,6.461107969808581e-06,C
572760528,1,-0.0026938649138082,C
572760528,1,-0.0026432222215297,C
3002759401,1,-3.0057043833186213e-05,C
3002759401,1,1.4836317350043655e-05,C
3002759401,1,-2.226314519771476e-06,C
3002759401,1,-7.795228705591815e-05,C
3002759401,1,-8.44881778106826e-05,C
3118255683,1,0.0001075734222704,N
3118255683,1,3.5644862665101286e-05,N
3118255683,1,1.6680305387144212e-05,N
3118255683,1,0.0001256199532582,N
3118255683,1,-2.4467014696572323e-06,N
74537039,1,-2.0912976920446982e-06,C
74537039,1,-2.0912976920446982e-06,C
74537039,1,-2.0912976920446982e-06,C
74537039,1,2.1918865128834134e-06,C
74537039,1,-2.0912976920446982e-06,C
2473389857,1,4.8911021075874125e-05,C
2473389857,1,-7.04887212617418e-07,C
2473389857,1,2.696212174611943e-05,C
2473389857,1,-6.434612182058038e-05,C
2473389857,1,-2.82080832860682e-05,C
899522707,1,0.0,
899522707,1,0.0,
899522707,1,0.0,
899522707,1,0.0,
899522707,1,0.0,
675765711,1,0.0,C
675765711,1,0.0,C
675765711,1,0.0,C
675765711,1,0.0,C
675765711,1,0.0,C
1313967653,1,9.21317822715666e-05,C
1313967653,1,1.6915570149757427e-05,C
1313967653,1,2.08310471317124e-06,C
1313967653,1,-4.962835636064013e-05,C
1313967653,1,2.90413745458332e-05,C
3855312692,1,0.0,C
3855312692,1,0.0,C
3855312692,1,0.0,C
3855312692,1,0.0,C
3855312692,1,0.0,C
1083852209,1,-7.884760697207064e-05,N
1083852209,1,-5.376329686791314e-05,N
1083852209,1,-2.8217305537824727e-05,N
1083852209,1,-7.791332319118105e-05,N
1083852209,1,-3.990294663011856e-05,N
2905660137,1,-1.7056192640935858e-05,C
2905660137,1,-6.499025761668928e-06,C
2905660137,1,-8.459807454782448e-06,C
2905660137,1,0.0,C
2905660137,1,0.0,C
3579962709,1,1.7012392276655013e-05,C
3579962709,1,2.1127706347258583e-05,C
3579962709,1,1.70953632909511e-05,C
3579962709,1,2.312819131355861e-05,C
3579962709,1,3.171218607015986e-05,C
4041573576,1,6.682453063630057e-05,C
4041573576,1,1.2680941775849304e-05,C
4041573576,1,1.680488023212117e-05,C
4041573576,1,0.0001357630246802,C
4041573576,1,3.5512747473593134e-05,C
64070612,1,3.738159702109615e-05,C
64070612,1,3.766656457980522e-05,C
64070612,1,6.356401513466468e-06,C
64070612,1,2.9398670757354965e-05,C
64070612,1,3.766656457980522e-05,C
729796064,1,-1.6951769131141013e-05,C
729796064,1,-1.4751912121846282e-05,C
729796064,1,-1.2648464571311628e-05,C
729796064,1,-1.2648464571311628e-05,C
729796064,1,-1.2648464571311628e-05,C
1070821685,1,-4.291154701338562e-06,C
1070821685,1,-4.291154701338562e-06,C
1070821685,1,6.175352370939476e-06,C
1070821685,1,1.2652358093987771e-05,C
1070821685,1,-4.291154701338562e-06,C
3820826669,1,-1.960398553254271e-06,C
3820826669,1,8.539199252327427e-06,C
3820826669,1,1.295620176913672e-05,C
3820826669,1,-6.124913553837326e-06,C
3820826669,1,3.369269882742224e-05,C
2223687999,1,-1.7098035292419274e-05,C
2223687999,1,-1.7005501279663236e-05,C
2223687999,1,-6.239619165019066e-05,C
2223687999,1,9.73706672380368e-06,C
2223687999,1,2.0469131475626783e-05,C
2435680164,1,-0.0013265243271885,N
2435680164,1,-0.0001407272108542,N
2435680164,1,-5.150086089744047e-05,N
2435680164,1,-5.173180391117565e-05,N
2435680164,1,-0.0009066192306504,N
600629739,1,-1.0551105146827146e-05,N
600629739,1,-4.712532653587936e-05,N
600629739,1,1.4836317350043655e-05,N
600629739,1,-1.0649099766197635e-05,N
600629739,1,2.2566282413521294e-06,N
2370996728,1,2.08310471317124e-06,C
2370996728,1,-5.810883591971048e-05,C
2370996728,1,-1.0601523900005684e-05,C
2370996728,1,-1.0887689992851272e-05,C
2370996728,1,-7.98529072148918e-05,C
266675433,1,0.0,O
266675433,1,0.0,O
266675433,1,0.0,O
266675433,1,0.0,O
266675433,1,-1.065966446407718e-05,O
2720313463,1,3.3043478183032195e-05,C
2720313463,1,-2.322465868755813e-06,C
2720313463,1,-1.5083464508314562e-05,C
2720313463,1,1.964657991288324e-06,C
2720313463,1,-8.845680169311879e-06,C
847433064,1,-2.0912976920446982e-06,N
847433064,1,-1.275096215612101e-05,N
847433064,1,-6.374545253914031e-06,N
847433064,1,-1.0551105146827146e-05,N
847433064,1,1.2680941775849304e-05,N
2551483158,1,4.164515000582188e-06,N
2551483158,1,2.0831598344333083e-05,N
2551483158,1,-2.1597236378403765e-05,N
2551483158,1,2.0831598344333083e-05,N
2551483158,1,3.9969619824897946e-05,N
3933537673,1,8.375209380234207e-06,C
3933537673,1,0.0,C
3933537673,1,8.375209380234207e-06,C
3933537673,1,8.375209380234207e-06,C
3933537673,1,-4.291154701338562e-06,C
3458774156,1,-9.395114076794776e-05,N
3458774156,1,-0.0001847538281698,N
3458774156,1,0.0004553293511142,N
3458774156,1,0.0003989901498425,N
3458774156,1,-0.0002156976275107,N
642367021,1,6.356401513466468e-06,C
642367021,1,8.540360769522352e-06,C
642367021,1,6.356401513466468e-06,C
642367021,1,1.4857016702461529e-05,C
642367021,1,6.356401513466468e-06,C
847336149,1,4.037927329707952e-06,N
847336149,1,-7.633775807004174e-05,N
847336149,1,-5.231705377516365e-05,N
847336149,1,-3.0321569215742937e-05,N
847336149,1,-0.0001055714847448,N
3182177290,1,-2.199857009294731e-06,C
3182177290,1,-2.199857009294731e-06,C
3182177290,1,-4.291154701338562e-06,C
3182177290,1,-2.199857009294731e-06,C
3182177290,1,-2.199857009294731e-06,C
1167322652,1,2.085262200868417e-06,C
1167322652,1,1.4575785651706197e-05,C
1167322652,1,6.175352370939476e-06,C
1167322652,1,1.4731610893701542e-05,C
1167322652,1,1.885896985663431e-05,C
3796841743,1,0.0003614433940614,C
3796841743,1,0.000352568710896,C
3796841743,1,6.488129781532289e-05,C
3796841743,1,0.0003486523503123,C
3796841743,1,0.000378469891054,C
1730555933,1,-6.374545253914031e-06,C
1730555933,1,1.4731610893701542e-05,C
1730555933,1,4.164515000582188e-06,C
1730555933,1,-4.29529245420026e-06,C
1730555933,1,-2.103405941315979e-06,C
1583799011,1,2.085262200868417e-06,C
1583799011,1,6.175352370939476e-06,C
1583799011,1,2.085262200868417e-06,C
1583799011,1,-6.374545253914031e-06,C
1583799011,1,-2.199857009294731e-06,C
3908647167,1,6.0510556082146207e-05,C
3908647167,1,-6.267920941899034e-06,C
3908647167,1,2.342031210664317e-05,C
3908647167,1,-4.18265874102975e-06,C
3908647167,1,0.0,C
271903915,1,0.0,N
271903915,1,0.0,N
271903915,1,0.0,N
271903915,1,0.0,N
271903915,1,0.0,N
2447826885,1,0.0,C
2447826885,1,0.0,C
2447826885,1,0.0,C
2447826885,1,0.0,C
2447826885,1,8.540360769522352e-06,C
1791271074,1,0.0001089873521182,S
1791271074,1,0.0002342615384275,S
1791271074,1,0.0001896278209939,S
1791271074,1,0.0001943464237444,S
1791271074,1,0.0001785165613581,S
3976623167,1,4.190210946287704e-05,C
3976623167,1,4.190210946287704e-05,C
3976623167,1,3.369233326137606e-05,C
3976623167,1,4.601896221128818e-05,C
3976623167,1,4.190210946287704e-05,C
966311396,1,-1.1459480842544725e-07,C
966311396,1,6.356401513466468e-06,C
966311396,1,6.356401513466468e-06,C
966311396,1,1.2680941775849304e-05,C
966311396,1,4.164515000582188e-06,C
1323467736,1,4.277148713752697e-06,C
1323467736,1,-2.9929550763281056e-05,C
1323467736,1,0.0001090029333243,C
1323467736,1,-2.7838253071237225e-05,C
1323467736,1,9.357536587529646e-05,C
411967733,1,-2.3837605591249533e-05,C
411967733,1,1.7515523267020924e-06,C
411967733,1,-3.441928487648606e-05,C
411967733,1,-1.275096215612101e-05,C
411967733,1,-2.13755691753784e-05,C
3545365497,1,-1.9398793301209777e-05,C
3545365497,1,-6.495149463494124e-06,C
3545365497,1,-1.0601523900005684e-05,C
3545365497,1,-2.322465868755813e-06,C
3545365497,1,-4.1772866834221406e-05,C
3796359118,1,-4.062049883027472e-05,C
3796359118,1,-4.908826226746824e-05,C
3796359118,1,-1.909679897170793e-05,C
3796359118,1,2.345608656802861e-06,C
3796359118,1,-4.083961685842283e-06,C
36538691,1,1.2375928642412331e-05,C
36538691,1,1.0168057582081969e-05,C
36538691,1,1.8761836185652789e-06,C
36538691,1,1.6667083343750895e-05,C
36538691,1,1.0168057582081969e-05,C
2649902721,1,0.0,C
2649902721,1,0.0,C
2649902721,1,-2.199857009294731e-06,C
2649902721,1,0.0,C
2649902721,1,0.0,C
994237755,1,1.2652358093987771e-05,C
994237755,1,-4.291154701338562e-06,C
994237755,1,0.0,C
994237755,1,0.0,C
994237755,1,0.0,C
1961848637,1,6.378438776590174e-06,C
1961848637,1,2.08310471317124e-06,C
1961848637,1,1.2566865189570474e-05,C
1961848637,1,4.1865522637058936e-06,C
1961848637,1,1.9866952544111624e-06,C
3004333805,1,0.0,C
3004333805,1,0.0,C
3004333805,1,0.0,C
3004333805,1,0.0,C
3004333805,1,0.0,C
4033380444,1,1.6918396342627436e-05,C
4033380444,1,-2.0912976920446982e-06,C
4033380444,1,2.34073059362655e-05,C
4033380444,1,4.447889284415075e-05,C
4033380444,1,6.498097780011352e-05,C
619920801,1,6.90556836432472e-05,C
619920801,1,2.756089311297099e-05,C
619920801,1,3.5975383020470965e-05,C
619920801,1,-3.413035773830019e-05,C
619920801,1,3.3919909912226605e-05,C
3334525955,1,4.682575887500484e-05,C
3334525955,1,4.164293414857679e-05,C
3334525955,1,1.2539724380817262e-05,C
3334525955,1,2.955175225504997e-05,C
3334525955,1,3.3005751252155983e-05,C
3994088662,1,-0.0003191813299804,C
3994088662,1,-0.0002779582997353,C
3994088662,1,-0.0001728244749488,C
3994088662,1,-0.0001596755422476,C
3994088662,1,-0.00018921587207,C
3596485316,1,-4.18265874102975e-06,C
3596485316,1,-3.655969036410293e-05,C
3596485316,1,-1.492023907879482e-05,C
3596485316,1,-1.909679897170793e-05,C
3596485316,1,-2.355313386107321e-05,C
171200514,1,-7.378207436827249e-05,C
171200514,1,-7.884760697207064e-05,C
171200514,1,-5.416641867122055e-05,C
171200514,1,-7.838862326851621e-05,C
171200514,1,-0.000116436082387,C
970433791,1,5.846096415589898e-05,C
970433791,1,5.854769173688733e-06,C
970433791,1,4.385072899612281e-05,C
970433791,1,3.832578314761151e-05,C
970433791,1,3.3464877868010466e-05,C
685125387,1,-1.3222026998168691e-05,C
685125387,1,2.1918865128834134e-06,C
685125387,1,1.680488023212117e-05,C
685125387,1,2.104292911269106e-05,C
685125387,1,-2.4371047898262208e-06,C
2835079913,1,6.052743511478394e-06,C
2835079913,1,1.6915570149757427e-05,C
2835079913,1,6.052743511478394e-06,C
2835079913,1,-6.267920941899034e-06,C
2835079913,1,8.375209380234207e-06,C
1352399629,1,7.626163858612169e-05,O
1352399629,1,-5.372594056032073e-05,O
1352399629,1,-8.671761008944255e-06,O
1352399629,1,9.287933996723376e-05,O
1352399629,1,8.275702243372516e-05,O
416356657,1,0.0,C
416356657,1,0.0,C
416356657,1,0.0,C
416356657,1,0.0,C
416356657,1,1.2652358093987771e-05,C
1535166686,1,-2.199857009294731e-06,O
1535166686,1,-6.499025761668928e-06,O
1535166686,1,2.085262200868417e-06,O
1535166686,1,-4.40772806962423e-06,O
1535166686,1,-2.199857009294731e-06,O
589930590,1,-1.720872521005553e-05,C
589930590,1,-6.27029328326657e-05,C
589930590,1,-0.0001319088583183,C
589930590,1,-1.2967573949955284e-05,C
589930590,1,-8.847688154383498e-06,C
2463614838,1,6.461107969808581e-06,C
2463614838,1,4.277148713752697e-06,C
2463614838,1,4.277148713752697e-06,C
2463614838,1,6.356401513466468e-06,C
2463614838,1,8.540360769522352e-06,C
1871221615,1,2.955175225504997e-05,C
1871221615,1,4.277148713752697e-06,C
1871221615,1,4.190210946287704e-05,C
1871221615,1,4.199523161008047e-05,C
1871221615,1,4.199523161008047e-05,C
3482873808,1,-2.13755691753784e-05,C
3482873808,1,-1.7120096088088683e-05,C
3482873808,1,-1.275096215612101e-05,C
3482873808,1,-1.0551105146827146e-05,C
3482873808,1,-1.275096215612101e-05,C
553412256,1,3.361854484930978e-05,C
553412256,1,3.778982340159505e-05,C
553412256,1,-2.263179863648025e-06,C
553412256,1,1.0613630107942848e-05,C
553412256,1,4.627600142440448e-05,C
135980867,1,0.0,C
135980867,1,0.0,C
135980867,1,0.0,C
135980867,1,0.0,C
135980867,1,0.0,C
1445852595,1,-1.1459480842544725e-07,C
1445852595,1,-2.199857009294731e-06,C
1445852595,1,-4.291154701338562e-06,C
1445852595,1,-4.291154701338562e-06,C
1445852595,1,2.085262200868417e-06,C
2434373675,1,3.8112669478837687e-05,N
2434373675,1,-2.1105719433843657e-05,N
2434373675,1,1.264426428682075e-05,N
2434373675,1,-1.4642237700640028e-05,N
2434373675,1,-2.321528165749164e-05,N
2939120473,1,4.277148713752697e-06,C
2939120473,1,0.0,C
2939120473,1,0.0,C
2939120473,1,0.0,C
2939120473,1,0.0,C
3203709451,1,-1.2717227498394884e-05,O
3203709451,1,-2.329890678363141e-05,O
3203709451,1,1.065975745713054e-05,O
3203709451,1,-1.9002271883309003e-05,O
3203709451,1,1.4670312740105128e-05,O
368531313,1,2.6864226531995997e-05,C
368531313,1,3.500779245681467e-05,C
368531313,1,8.710811809650026e-05,C
368531313,1,9.187854702695076e-05,C
368531313,1,7.00058258934948e-05,C
3176806076,1,-3.193050072900546e-05,C
3176806076,1,-2.3297605946727935e-05,C
3176806076,1,-4.487720384390836e-05,C
3176806076,1,-4.047749539079059e-05,C
3176806076,1,-4.487720384390836e-05,C
2614860224,1,-6.476841875074652e-05,C
2614860224,1,-7.350733273508471e-05,C
2614860224,1,-5.160918839990265e-05,C
2614860224,1,-4.95596964981658e-05,C
2614860224,1,-4.9385157299052136e-05,C
2297887526,1,2.1918865128834134e-06,N
2297887526,1,8.540360769522352e-06,N
2297887526,1,8.375209380234207e-06,N
2297887526,1,2.1918865128834134e-06,N
2297887526,1,1.0613630107942848e-05,N
623728226,1,1.8741685027309253e-05,C
623728226,1,-1.093898584642733e-05,C
623728226,1,1.680488023212117e-05,C
623728226,1,4.212229624749302e-05,C
623728226,1,2.703355899082594e-05,C
603510687,1,1.898883948817705e-05,C
603510687,1,1.680488023212117e-05,C
603510687,1,1.4836317350043655e-05,C
603510687,1,1.4731610893701542e-05,C
603510687,1,1.6915570149757427e-05,C
725322217,1,6.514062222984143e-05,C
725322217,1,8.140608202699285e-05,C
725322217,1,4.406294770045987e-05,C
725322217,1,0.0001035608629597,C
725322217,1,1.7012392276655013e-05,C
434423882,1,-8.59638518615341e-06,C
434423882,1,-4.291154701338562e-06,C
434423882,1,0.0,C
434423882,1,4.037927329707952e-06,C
434423882,1,2.1918865128834134e-06,C
548743766,1,-6.2921046670638345e-06,C
548743766,1,1.9866952544111624e-06,C
548743766,1,-1.2648464571311628e-05,C
548743766,1,0.0,C
548743766,1,-1.4848321580605492e-05,C
1399127774,1,-6.267920941899034e-06,C
1399127774,1,4.277148713752697e-06,C
1399127774,1,-8.459807454782448e-06,C
1399127774,1,-8.459807454782448e-06,C
1399127774,1,-4.18265874102975e-06,C
2629723425,1,8.540360769522352e-06,C
2629723425,1,8.055331473990486e-08,C
2629723425,1,-8.459807454782448e-06,C
2629723425,1,8.540360769522352e-06,C
2629723425,1,-8.465140510141751e-06,C
1542633699,1,-2.199857009294731e-06,O
1542633699,1,1.2652358093987771e-05,O
1542633699,1,1.2652358093987771e-05,O
1542633699,1,1.2652358093987771e-05,O
1542633699,1,1.2652358093987771e-05,O
1824088295,1,-4.295621854096161e-05,C
1824088295,1,-1.2840986279081049e-05,C
1824088295,1,-4.074834748063125e-05,C
1824088295,1,-3.0082684641055502e-05,C
1824088295,1,-6.267920941899034e-06,C
1078211001,1,6.20588800327223e-05,O
1078211001,1,7.403727076545248e-05,O
1078211001,1,4.406254327798693e-05,O
1078211001,1,8.710811809650026e-05,O
1078211001,1,0.0001043448868738,O
579286581,1,1.046047158110349e-05,C
579286581,1,-1.1459480842544725e-07,C
579286581,1,-2.359960027622978e-05,C
579286581,1,3.1409404759766106e-05,C
579286581,1,2.3023484857216496e-05,C
476060908,1,0.0,C
476060908,1,0.0,C
476060908,1,0.0,C
476060908,1,0.0,C
476060908,1,0.0,C
2154935424,1,-1.9078867592309257e-06,O
2154935424,1,6.447161967886982e-05,O
2154935424,1,3.564095279462269e-05,O
2154935424,1,1.0613630107942848e-05,O
2154935424,1,3.791414671665185e-05,O
4256524850,1,-3.229741304603198e-05,C
4256524850,1,-3.8554157782537575e-05,C
4256524850,1,-1.9617511938792992e-05,C
4256524850,1,-1.4751912121846282e-05,C
4256524850,1,-3.8650988056146765e-05,C
3980805843,1,-3.4234781248095904e-05,C
3980805843,1,-4.301036661830907e-05,C
3980805843,1,-2.5638396061942494e-05,C
3980805843,1,8.055331473990486e-08,C
3980805843,1,-2.7729693753986324e-05,C
3594646603,1,8.720153910716892e-06,C
3594646603,1,8.637182896420806e-06,C
3594646603,1,2.760017364023676e-05,C
3594646603,1,-8.272618802371463e-06,C
3594646603,1,6.921877346791755e-05,C
4036277955,1,-1.690491245882452e-05,C
4036277955,1,2.08310471317124e-06,C
4036277955,1,-3.203082522390804e-05,C
4036277955,1,2.2845480768954665e-06,C
4036277955,1,-2.549746295602267e-05,C
3554022385,1,-1.275096215612101e-05,C
3554022385,1,-1.7005501279663236e-05,C
3554022385,1,-6.374545253914031e-06,C
3554022385,1,8.055331473990486e-08,C
3554022385,1,8.565442462843582e-06,C
571978829,1,-1.275096215612101e-05,C
571978829,1,5.474958555595159e-05,C
571978829,1,-2.12966559810018e-05,C
571978829,1,-1.0544393309855522e-05,C
571978829,1,4.229191469753025e-05,C
4011293459,1,0.0,C
4011293459,1,0.0,C
4011293459,1,0.0,C
4011293459,1,-2.0912976920446982e-06,C
4011293459,1,-1.4848321580605492e-05,C
1378530689,1,0.0,
1378530689,1,0.0,
1378530689,1,0.0,
1378530689,1,0.0,
1378530689,1,0.0,
1858577693,1,-6.2921046670638345e-06,C
1858577693,1,-2.1177034953177333e-05,C
1858577693,1,-1.2717227498394884e-05,C
1858577693,1,-1.0601523900005684e-05,C
1858577693,1,-2.139096644976097e-05,C
3120642300,1,1.4064545375189716e-05,C
3120642300,1,-1.1106323399780356e-05,C
3120642300,1,1.4064545375189716e-05,C
3120642300,1,2.3023484857216496e-05,C
3120642300,1,1.1961097824655063e-05,C
2594220197,1,8.637182896420806e-06,C
2594220197,1,-3.214529410111144e-05,C
2594220197,1,-6.499025761668928e-06,C
2594220197,1,-6.267920941899034e-06,C
2594220197,1,1.2652358093987771e-05,C
1693331843,1,1.2539724380817262e-05,N
1693331843,1,3.1524100046211555e-05,N
1693331843,1,1.2652358093987771e-05,N
1693331843,1,1.4344617474995082e-05,N
1693331843,1,6.175352370939476e-06,N
1868602760,1,8.055331473990486e-08,N
1868602760,1,-6.267920941899034e-06,N
1868602760,1,-1.0551105146827146e-05,N
1868602760,1,-1.9986994849738662e-06,N
1868602760,1,8.637182896420806e-06,N
1842114921,1,-2.338490601350683e-05,C
1842114921,1,2.1259878291533287e-05,C
1842114921,1,-6.2921046670638345e-06,C
1842114921,1,1.6915570149757427e-05,C
1842114921,1,-1.9967706036449e-06,C
2021812431,1,-4.18265874102975e-06,N
2021812431,1,6.461107969808581e-06,N
2021812431,1,2.085262200868417e-06,N
2021812431,1,-4.18265874102975e-06,N
2021812431,1,-2.0912976920446982e-06,N
4197146180,1,3.778982340159505e-05,O
4197146180,1,0.0001097560024999,O
4197146180,1,0.0001533976759002,O
4197146180,1,9.149321268427622e-05,O
4197146180,1,6.05217222103523e-05,O
3121777292,1,0.0,N
3121777292,1,-4.291154701338562e-06,N
3121777292,1,0.0,N
3121777292,1,0.0,N
3121777292,1,0.0,N
2752034647,1,2.085262200868417e-06,C
2752034647,1,-2.103405941315979e-06,C
2752034647,1,2.085262200868417e-06,C
2752034647,1,4.164515000582188e-06,C
2752034647,1,0.0,C
3614376044,1,0.0,C
3614376044,1,0.0,C
3614376044,1,0.0,C
3614376044,1,0.0,C
3614376044,1,0.0,C
3266129148,1,0.0,S
3266129148,1,0.0,S
3266129148,1,0.0,S
3266129148,1,0.0,S
3266129148,1,0.0,S
3346539298,1,0.0001034704584439,N
3346539298,1,5.033207244899401e-05,N
3346539298,1,7.89557399864969e-05,N
3346539298,1,5.825272709133154e-05,N
3346539298,1,4.589042016345506e-05,N
2513428378,1,1.898883948817705e-05,C
2513428378,1,0.0,C
2513428378,1,8.540360769522352e-06,C
2513428378,1,1.4731610893701542e-05,C
2513428378,1,-1.065966446407718e-05,C
2827868305,1,-0.0001539403685246,C
2827868305,1,1.53907446884061e-05,C
2827868305,1,-0.0003165180060437,C
2827868305,1,-1.7708833768755386e-05,C
2827868305,1,-1.5377633465745585e-06,C
1153219603,1,-2.595947742170361e-05,C
1153219603,1,6.461107969808581e-06,C
1153219603,1,6.461107969808581e-06,C
1153219603,1,4.8068554137535406e-05,C
1153219603,1,2.085262200868417e-06,C
516041383,1,0.0,C
516041383,1,0.0,C
516041383,1,0.0,C
516041383,1,0.0,C
516041383,1,0.0,C
312306367,1,1.6918396342627436e-05,C
312306367,1,-1.275096215612101e-05,C
312306367,1,2.114210266603717e-05,C
312306367,1,1.2680941775849304e-05,C
312306367,1,-1.7005501279663236e-05,C
3925172229,1,0.0,C
3925172229,1,0.0,C
3925172229,1,4.277148713752697e-06,C
3925172229,1,4.164515000582188e-06,C
3925172229,1,0.0,C
118059098,1,-8.491961676358566e-06,C
118059098,1,1.898883948817705e-05,C
118059098,1,-3.495204970032934e-05,C
118059098,1,8.429670851886097e-06,C
118059098,1,-4.291154701338562e-06,C
3981762496,1,2.5370980519383825e-05,C
3981762496,1,4.0030445336614734e-05,C
3981762496,1,3.369233326137606e-05,C
3981762496,1,2.118995811170154e-05,C
3981762496,1,4.221134321066855e-06,C
2122981102,1,0.0,
2122981102,1,0.0,
2122981102,1,0.0,
2122981102,1,0.0,
2122981102,1,0.0,
1506563592,1,6.175352370939476e-06,C
1506563592,1,4.084054678895645e-06,C
1506563592,1,6.283911688190376e-06,C
1506563592,1,1.8761836185652789e-06,C
1506563592,1,-2.2117580591920347e-07,C
2604440622,1,4.1865522637058936e-06,C
2604440622,1,4.8179396026398064e-05,C
2604440622,1,5.23816643752421e-05,C
2604440622,1,4.8179396026398064e-05,C
2604440622,1,2.94567883783051e-05,C
1717044408,1,0.0,C
1717044408,1,1.2539724380817262e-05,C
1717044408,1,-2.1413229349288333e-05,C
1717044408,1,-8.574402263207895e-06,C
1717044408,1,-1.9986994849738662e-06,C
2646219661,1,-1.690491245882452e-05,C
2646219661,1,1.0613630107942848e-05,C
2646219661,1,-2.3246233564538574e-06,C
2646219661,1,-2.103405941315979e-06,C
2646219661,1,-1.2648464571311628e-05,C
128522177,1,-1.6861474345494266e-05,C
128522177,1,3.818684966303779e-05,C
128522177,1,1.2751055149174371e-05,C
128522177,1,-6.224965964509322e-05,C
128522177,1,-2.321528165749164e-05,C
2459741777,1,-0.0002341249806626,O
2459741777,1,-0.0001582901611593,O
2459741777,1,-0.0001610953361461,O
2459741777,1,-3.132731556649594e-05,O
2459741777,1,-0.0001561988634673,O
3612926680,1,5.04978713179163e-05,Br
3612926680,1,1.0613630107942848e-05,Br
3612926680,1,-7.609455900845375e-05,Br
3612926680,1,-1.0593293335533528e-05,Br
3612926680,1,1.6995405448960547e-05,Br
1792562719,1,-2.361499755061149e-05,S
1792562719,1,2.1127706347258583e-05,S
1792562719,1,1.38307137863029e-05,S
1792562719,1,3.766656457980522e-05,S
1792562719,1,2.9252705314191177e-05,S
868576692,1,0.0,
868576692,1,0.0,
868576692,1,0.0,
868576692,1,0.0,
868576692,1,0.0,
1999904870,1,0.0,C
1999904870,1,0.0,C
1999904870,1,0.0,C
1999904870,1,0.0,C
1999904870,1,2.085262200868417e-06,C
3532053313,1,4.277148713752697e-06,S
3532053313,1,1.4836317350043655e-05,S
3532053313,1,-4.291154701338562e-06,S
3532053313,1,-2.0912976920446982e-06,S
3532053313,1,2.1918865128834134e-06,S
592593828,1,-8.459807454782448e-06,C
592593828,1,-2.3246233564538574e-06,C
592593828,1,2.93480251196002e-05,C
592593828,1,8.26061457180876e-06,C
592593828,1,-1.2867535524406676e-05,C
3632350815,1,-1.2560025608962e-05,Br
3632350815,1,2.2655472077621683e-06,Br
3632350815,1,3.378545540857949e-05,Br
3632350815,1,-1.3021473199475476e-05,Br
3632350815,1,-6.234621983819584e-05,Br
3025629386,1,0.0,C
3025629386,1,-2.0912976920446982e-06,C
3025629386,1,0.0,C
3025629386,1,-2.0912976920446982e-06,C
3025629386,1,0.0,C
3594696610,1,0.0,C
3594696610,1,0.0,C
3594696610,1,0.0,C
3594696610,1,0.0,C
3594696610,1,0.0,C
2212573984,1,5.0398489893175615e-05,S
2212573984,1,6.458950482111404e-06,S
2212573984,1,-3.9991844512747565e-06,S
2212573984,1,2.5400459297861104e-05,S
2212573984,1,2.5493581445064532e-05,S
3157481675,1,-1.2915761720595949e-05,C
3157481675,1,-4.40772806962423e-06,C
3157481675,1,-4.40772806962423e-06,C
3157481675,1,-1.9481532780014563e-05,C
3157481675,1,-6.499025761668928e-06,C
669222828,1,0.0,C
669222828,1,0.0,C
669222828,1,0.0,C
669222828,1,0.0,C
669222828,1,0.0,C
1856075173,1,0.0,C
1856075173,1,0.0,C
1856075173,1,0.0,C
1856075173,1,0.0,C
1856075173,1,0.0,C
618671879,1,-2.348513139902638e-05,C
618671879,1,-1.9272121624843742e-05,C
618671879,1,-4.291154701338562e-06,C
618671879,1,-1.0551105146827146e-05,C
618671879,1,8.375209380234207e-06,C
714893496,1,2.5493581445064532e-05,C
714893496,1,-8.491961676358566e-06,C
714893496,1,-3.658139598110896e-05,C
714893496,1,6.498130794937128e-06,C
714893496,1,2.5638696466019972e-05,C
1685248591,1,-6.2921046670638345e-06,C
1685248591,1,1.0058882083958248e-07,C
1685248591,1,-4.1886571165291805e-06,C
1685248591,1,0.0,C
1685248591,1,1.0058882083958248e-07,C
2931695851,1,8.531506146270285e-05,C
2931695851,1,5.04978713179163e-05,C
2931695851,1,7.710363332746623e-05,C
2931695851,1,9.763620540260887e-05,C
2931695851,1,6.286646867283401e-05,C
2222715027,1,-0.0002081208603598,O
2222715027,1,-7.116739695921855e-05,O
2222715027,1,-2.628459782299305e-05,O
2222715027,1,1.3312895036561058e-05,O
2222715027,1,-0.0002365555384863,O
1026928756,1,0.0006311064713357,S
1026928756,1,0.0005057879397652,S
1026928756,1,0.0004873001188895,S
1026928756,1,0.0005516300724843,S
1026928756,1,0.0004263868896394,S
458993620,1,-3.891091696831342e-05,N
458993620,1,-2.0616214314832584e-05,N
458993620,1,7.256464206517599e-06,N
458993620,1,-1.9995227760198804e-05,N
458993620,1,1.38307137863029e-05,N
1549284008,1,2.2845480768954665e-06,C
1549284008,1,4.375845768940165e-06,C
1549284008,1,-1.9967706036449e-06,C
1549284008,1,-6.2921046670638345e-06,C
1549284008,1,-1.0601523900005684e-05,C
3510196525,1,-4.7472736621192654e-06,N
3510196525,1,0.0001034704584439,N
3510196525,1,3.361063992183503e-05,N
3510196525,1,2.740888555300986e-05,N
3510196525,1,7.48309650273277e-05,N
909362583,1,0.0,C
909362583,1,-8.459807454782448e-06,C
909362583,1,0.0,C
909362583,1,-1.275096215612101e-05,C
909362583,1,0.0,C
2556855854,1,-0.0001577406595948,C
2556855854,1,-0.0002748596396913,C
2556855854,1,-0.0001590245294658,C
2556855854,1,-0.0001457687920418,C
2556855854,1,5.896264329357647e-05,C
3888780669,1,-9.77755518472732e-05,O
3888780669,1,-2.7838253071237225e-05,O
3888780669,1,-0.0001201531421013,O
3888780669,1,-7.795228705591815e-05,O
3888780669,1,-8.230426551932794e-05,O
2448572767,1,0.0,
2448572767,1,0.0,
2448572767,1,0.0,
2448572767,1,0.0,
2448572767,1,0.0,
932692620,1,-2.3504527041332164e-05,C
932692620,1,-2.5601886465816646e-05,C
932692620,1,-2.5601886465816646e-05,C
932692620,1,-2.5601886465816646e-05,C
932692620,1,-2.5601886465816646e-05,C
92620239,1,-2.0912976920446982e-06,C
92620239,1,-2.0912976920446982e-06,C
92620239,1,-2.0912976920446982e-06,C
92620239,1,1.0567095893118487e-05,C
92620239,1,1.0567095893118487e-05,C
443932914,1,0.0,N
443932914,1,0.0,N
443932914,1,0.0,N
443932914,1,0.0,N
443932914,1,0.0,N
586636525,1,1.2652358093987771e-05,C
586636525,1,0.0,C
586636525,1,1.2652358093987771e-05,C
586636525,1,0.0,C
586636525,1,1.2652358093987771e-05,C
3462479532,1,-0.0006570214174528,C
3462479532,1,-0.0006554490231872,C
3462479532,1,6.461107969808581e-06,C
3462479532,1,8.637182896420806e-06,C
3462479532,1,1.6915570149757427e-05,C
2222621677,1,1.908662955779194e-05,O
2222621677,1,-2.1484845772025765e-06,O
2222621677,1,1.4957938249719575e-05,O
2222621677,1,-1.0544393309855522e-05,O
2222621677,1,-1.492023907879482e-05,O
328936174,1,1.0058882083958248e-07,C
328936174,1,4.375845768940165e-06,C
328936174,1,-4.1886571165291805e-06,C
328936174,1,4.375845768940165e-06,C
328936174,1,6.461107969808581e-06,C
2154777022,1,8.26061457180876e-06,C
2154777022,1,-2.199857009294731e-06,C
2154777022,1,-4.291154701338562e-06,C
2154777022,1,1.4467226334456164e-05,C
2154777022,1,1.2652358093987771e-05,C
3992410619,1,-3.413035773830019e-05,C
3992410619,1,8.540360769522352e-06,C
3992410619,1,-2.560083499741472e-05,C
3992410619,1,-5.800076929999339e-05,C
3992410619,1,-4.083961685842283e-06,C
3750444818,1,-2.12966559810018e-05,C
3750444818,1,-2.0912976920446982e-06,C
3750444818,1,-8.459807454782448e-06,C
3750444818,1,-8.459807454782448e-06,C
3750444818,1,-1.7005501279663236e-05,C
2975126068,1,2.32322260826966e-05,N
2975126068,1,4.80845610318836e-05,N
2975126068,1,4.8360584859549575e-05,N
2975126068,1,1.2789705034554203e-05,N
2975126068,1,3.1774949175731974e-05,N
2477914203,1,0.0,N
2477914203,1,0.0,N
2477914203,1,0.0,N
2477914203,1,0.0,N
2477914203,1,0.0,N
353395765,1,5.99023343928343e-05,C
353395765,1,0.0001052423111249,C
353395765,1,0.0001097467797664,C
353395765,1,0.0001109353032439,C
353395765,1,8.52325250343712e-05,C
69470421,1,0.0,C
69470421,1,0.0,C
69470421,1,0.0,C
69470421,1,0.0,C
69470421,1,0.0,C
540046244,1,-2.789872538499962e-05,C
540046244,1,4.612392291815284e-05,C
540046244,1,2.7461838938027013e-05,C
540046244,1,-2.136124734818893e-05,C
540046244,1,1.0626822103009493e-05,C
4261830945,1,-0.0001660707443847,C
4261830945,1,-0.0001110290345535,C
4261830945,1,-6.230070716589219e-05,C
4261830945,1,-0.0001154519395226,C
4261830945,1,-0.0001177046348597,C
3904721945,1,-2.338490601350683e-05,C
3904721945,1,3.766656457980522e-05,C
3904721945,1,-5.673796346513608e-05,C
3904721945,1,-1.098984926324858e-05,C
3904721945,1,4.375845768940165e-06,C
4055698890,1,1.461299371923689e-05,N
4055698890,1,-2.1269202415118496e-05,N
4055698890,1,-2.1269202415118496e-05,N
4055698890,1,-2.1269202415118496e-05,N
4055698890,1,-8.59638518615341e-06,N
1738265797,1,-6.623657053532114e-06,C
1738265797,1,0.0,C
1738265797,1,-4.40772806962423e-06,C
1738265797,1,-1.1459480842544725e-07,C
1738265797,1,-1.0812314170061297e-05,C
2014543234,1,2.114210266603717e-05,C
2014543234,1,2.081128278127835e-06,C
2014543234,1,-2.9929550763281056e-05,C
2014543234,1,-4.062049883027472e-05,C
2014543234,1,2.1338360155332727e-05,C
2697110228,1,1.885896985663431e-05,C
2697110228,1,1.6915570149757427e-05,C
2697110228,1,1.6915570149757427e-05,C
2697110228,1,1.4836317350043655e-05,C
2697110228,1,8.375209380234207e-06,C
694069322,1,3.25629862659672e-05,N
694069322,1,7.600552825841496e-05,N
694069322,1,5.983103199588488e-05,N
694069322,1,7.618994718804842e-05,N
694069322,1,3.9498558453560095e-06,N
3120784405,1,-1.0601523900005684e-05,C
3120784405,1,1.0567095893118487e-05,C
3120784405,1,1.9866952544111624e-06,C
3120784405,1,8.070698157597485e-06,C
3120784405,1,-8.491961676358566e-06,C
2574917850,1,4.277148713752697e-06,C
2574917850,1,2.085262200868417e-06,C
2574917850,1,4.277148713752697e-06,C
2574917850,1,4.277148713752697e-06,C
2574917850,1,2.1918865128834134e-06,C
644322065,1,0.0,C
644322065,1,0.0,C
644322065,1,0.0,C
644322065,1,0.0,C
644322065,1,0.0,C
4068239769,1,0.0,S
4068239769,1,0.0,S
4068239769,1,0.0,S
4068239769,1,0.0,S
4068239769,1,0.0,S
606428793,1,0.0,C
606428793,1,0.0,C
606428793,1,0.0,C
606428793,1,0.0,C
606428793,1,0.0,C
3304582332,1,0.0,C
3304582332,1,0.0,C
3304582332,1,0.0,C
3304582332,1,0.0,C
3304582332,1,0.0,C
3920757710,1,-2.13755691753784e-05,C
3920757710,1,4.329897579771758e-06,C
3920757710,1,5.881958962595472e-05,C
3920757710,1,-1.7056192640935858e-05,C
3920757710,1,1.9044997375208643e-05,C
2923200147,1,-2.339401540548628e-05,C
2923200147,1,-5.5846763828745934e-05,C
2923200147,1,-1.906133135478813e-05,C
2923200147,1,-6.267920941899034e-06,C
2923200147,1,-8.272618802371463e-06,C
1349404210,1,8.540360769522352e-06,N
1349404210,1,-2.1597236378403765e-05,N
1349404210,1,-1.5139792821447331e-05,N
1349404210,1,1.2652358093987771e-05,N
1349404210,1,-1.534389882862277e-05,N
2238101436,1,4.375845768940165e-06,C
2238101436,1,1.2751055149174371e-05,C
2238101436,1,1.4836317350043655e-05,C
2238101436,1,2.1918865128834134e-06,C
2238101436,1,4.375845768940165e-06,C
310913359,1,0.0,C
310913359,1,0.0,C
310913359,1,0.0,C
310913359,1,-2.5601886465816646e-05,C
310913359,1,0.0,C
4086265842,1,1.898883948817705e-05,C
4086265842,1,1.2539724380817262e-05,C
4086265842,1,1.0567095893118487e-05,C
4086265842,1,6.237784339002683e-06,C
4086265842,1,1.8300562693784536e-06,C
3328145258,1,-1.275096215612101e-05,C
3328145258,1,-8.459807454782448e-06,C
3328145258,1,-1.275096215612101e-05,C
3328145258,1,-1.275096215612101e-05,C
3328145258,1,-8.459807454782448e-06,C
3045022511,1,5.04978713179163e-05,S
3045022511,1,7.448082878804257e-05,S
3045022511,1,9.742594665913644e-05,S
3045022511,1,5.177138363846121e-05,S
3045022511,1,-3.854849047133738e-05,S
910450790,1,-4.296497870136685e-05,C
910450790,1,1.6995405448960547e-05,C
910450790,1,-2.3719108208857843e-05,C
910450790,1,-1.2915761720595949e-05,C
910450790,1,-3.0057043833186213e-05,C
1216095805,1,-2.549746295602267e-05,C
1216095805,1,6.461107969808581e-06,C
1216095805,1,-1.275096215612101e-05,C
1216095805,1,-4.291154701338562e-06,C
1216095805,1,2.1918865128834134e-06,C
2187394687,1,1.8377833783582084e-05,C
2187394687,1,-1.717476220035926e-05,C
2187394687,1,0.0,C
2187394687,1,-1.4958833216451375e-05,C
2187394687,1,-4.18265874102975e-06,C
544755086,1,-6.388514125823044e-06,C
544755086,1,-6.388514125823044e-06,C
544755086,1,-4.291154701338562e-06,C
544755086,1,-4.291154701338562e-06,C
544755086,1,-6.388514125823044e-06,C
2425865203,1,0.0,C
2425865203,1,0.0,C
2425865203,1,0.0,C
2425865203,1,0.0,C
2425865203,1,0.0,C
1558658757,1,-1.275096215612101e-05,C
1558658757,1,-1.275096215612101e-05,C
1558658757,1,-1.275096215612101e-05,C
1558658757,1,-1.275096215612101e-05,C
1558658757,1,-1.275096215612101e-05,C
68675643,1,0.0,C
68675643,1,0.0,C
68675643,1,0.0,C
68675643,1,0.0,C
68675643,1,0.0,C
2905822145,1,-4.29529245420026e-06,C
2905822145,1,-1.065966446407718e-05,C
2905822145,1,1.0613630107942848e-05,C
2905822145,1,1.0613630107942848e-05,C
2905822145,1,1.4857016702461529e-05,C
2284773903,1,0.0,C
2284773903,1,-6.374545253914031e-06,C
2284773903,1,-4.18265874102975e-06,C
2284773903,1,-1.7005501279663236e-05,C
2284773903,1,-1.7005501279663236e-05,C
3835273908,1,-1.0812314170061297e-05,C
3835273908,1,-1.5139792821447331e-05,C
3835273908,1,-8.714954745576813e-06,C
3835273908,1,-4.40772806962423e-06,C
3835273908,1,-6.499025761668928e-06,C
3249398244,1,0.0,C
3249398244,1,0.0,C
3249398244,1,0.0,C
3249398244,1,0.0,C
3249398244,1,0.0,C
3772302167,1,-6.374545253914031e-06,C
3772302167,1,-2.3504527041332164e-05,C
3772302167,1,-1.0649099766197635e-05,C
3772302167,1,-6.374545253914031e-06,C
3772302167,1,-8.574402263207895e-06,C
2510215966,1,1.4836317350043655e-05,C
2510215966,1,-6.391871171720388e-06,C
2510215966,1,-1.909679897170793e-05,C
2510215966,1,8.055331473990486e-08,C
2510215966,1,-1.7005501279663236e-05,C
3406201864,1,-1.2867535524406676e-05,C
3406201864,1,-1.9272121624843742e-05,C
3406201864,1,-1.9272121624843742e-05,C
3406201864,1,-1.4958833216451375e-05,C
3406201864,1,-1.5083464508314562e-05,C
3684013815,1,-0.0001091189443017,C
3684013815,1,-5.61033673702532e-05,C
3684013815,1,-5.823143444692782e-05,C
3684013815,1,-8.685986663089455e-05,C
3684013815,1,-6.70900206854461e-05,C
787341104,1,0.0,C
787341104,1,0.0,C
787341104,1,0.0,C
787341104,1,0.0,C
787341104,1,0.0,C
1256946769,1,-1.2867535524406676e-05,N
1256946769,1,-6.623657053532114e-06,N
1256946769,1,-1.5139792821447331e-05,N
1256946769,1,1.680488023212117e-05,N
1256946769,1,-1.2867535524406676e-05,N
2110118862,1,4.164515000582188e-06,C
2110118862,1,1.2789705034554203e-05,C
2110118862,1,1.2652358093987771e-05,C
2110118862,1,2.312819131355861e-05,C
2110118862,1,2.520744411327238e-05,C
1899422126,1,0.0,C
1899422126,1,0.0,C
1899422126,1,0.0,C
1899422126,1,0.0,C
1899422126,1,0.0,C
3727960280,1,1.4731610893701542e-05,C
3727960280,1,4.277148713752697e-06,C
3727960280,1,0.0,C
3727960280,1,0.0,C
3727960280,1,-2.0912976920446982e-06,C
4023654873,1,-2.199857009294731e-06,C
4023654873,1,-4.291154701338562e-06,C
4023654873,1,-4.40772806962423e-06,C
4023654873,1,-4.40772806962423e-06,C
4023654873,1,-4.40772806962423e-06,C
467603055,1,0.0009765376242595,C
467603055,1,0.0009859202335357,C
467603055,1,-0.0003987384556315,C
467603055,1,0.0002022068695549,C
467603055,1,0.0002247847041846,C
409801989,1,2.520744411327238e-05,C
409801989,1,4.1865522637058936e-06,C
409801989,1,8.637182896420806e-06,C
409801989,1,5.393961685362572e-05,C
409801989,1,2.7383519039885472e-05,C
1289643292,1,0.0,N
1289643292,1,0.0,N
1289643292,1,0.0,N
1289643292,1,4.277148713752697e-06,N
1289643292,1,0.0,N
3011598321,1,-4.291154701338562e-06,C
3011598321,1,8.375209380234207e-06,C
3011598321,1,-8.459807454782448e-06,C
3011598321,1,0.0,C
3011598321,1,0.0,C
3460898310,1,1.0626822103009493e-05,N
3460898310,1,4.024232277128215e-05,N
3460898310,1,3.383042228397807e-05,N
3460898310,1,1.918568373273592e-05,N
3460898310,1,1.2787255918119377e-05,N
2971716993,1,4.1993754229544857e-05,N
2971716993,1,6.175352370939476e-06,N
2971716993,1,-1.717476220035926e-05,N
2971716993,1,1.964657991288324e-06,N
2971716993,1,2.9517312046271373e-05,N
1556668346,1,1.065975745713054e-05,N
1556668346,1,-1.915964019147051e-05,N
1556668346,1,3.3597013455967904e-05,N
1556668346,1,-6.388514125823044e-06,N
1556668346,1,-1.2809394960336049e-05,N
4022716898,1,0.0,C
4022716898,1,0.0,C
4022716898,1,0.0,C
4022716898,1,0.0,C
4022716898,1,0.0,C
2458968089,1,0.0,C
2458968089,1,0.0,C
2458968089,1,0.0,C
2458968089,1,0.0,C
2458968089,1,0.0,C
4164236649,1,1.046047158110349e-05,C
4164236649,1,0.0,C
4164236649,1,2.0944232057502725e-05,C
4164236649,1,1.875234554461931e-05,C
4164236649,1,1.2751055149174371e-05,C
2154975788,1,4.277148713752697e-06,C
2154975788,1,2.085262200868417e-06,C
2154975788,1,4.277148713752697e-06,C
2154975788,1,0.0,C
2154975788,1,0.0,C
3248686995,1,1.908662955779194e-05,C
3248686995,1,-2.199857009294731e-06,C
3248686995,1,2.085262200868417e-06,C
3248686995,1,1.0613630107942848e-05,C
3248686995,1,0.0,C
3909974435,1,0.0,C
3909974435,1,0.0,C
3909974435,1,0.0,C
3909974435,1,0.0,C
3909974435,1,0.0,C
3012080282,1,8.375209380234207e-06,C
3012080282,1,-1.4958833216451375e-05,C
3012080282,1,-2.199857009294731e-06,C
3012080282,1,0.0,C
3012080282,1,-4.291154701338562e-06,C
3462333187,1,8.375209380234207e-06,C
3462333187,1,-2.199857009294731e-06,C
3462333187,1,8.540360769522352e-06,C
3462333187,1,3.549048965319386e-05,C
3462333187,1,1.898883948817705e-05,C
1229325558,1,2.32322260826966e-05,N
1229325558,1,4.2106615929659794e-05,N
1229325558,1,3.58800142102253e-05,N
1229325558,1,3.792375015953999e-05,N
1229325558,1,3.1774949175731974e-05,N
3599139274,1,0.0,C
3599139274,1,0.0,C
3599139274,1,0.0,C
3599139274,1,0.0,C
3599139274,1,0.0,C
806369437,1,0.0,C
806369437,1,0.0,C
806369437,1,0.0,C
806369437,1,2.085262200868417e-06,C
806369437,1,-2.199857009294731e-06,C
2395259406,1,1.2789705034554203e-05,C
2395259406,1,1.4957938249719575e-05,C
2395259406,1,3.791414671665185e-05,C
2395259406,1,1.0716435696134575e-05,C
2395259406,1,3.16250215934696e-05,C
864942795,1,-3.435335080751844e-05,O
864942795,1,-2.572045602524092e-05,O
864942795,1,-2.199857009294731e-06,O
864942795,1,-4.40772806962423e-06,O
864942795,1,-2.199857009294731e-06,O
1785683843,1,6.175352370939476e-06,C
1785683843,1,2.915400825900371e-05,C
1785683843,1,3.728289996590868e-05,C
1785683843,1,1.875234554461931e-05,C
1785683843,1,2.0944232057502725e-05,C
2516197204,1,-1.915964019147051e-05,C
2516197204,1,-1.4848321580605492e-05,C
2516197204,1,-1.275096215612101e-05,C
2516197204,1,-1.275096215612101e-05,C
2516197204,1,2.085262200868417e-06,C
2295519362,1,1.046047158110349e-05,C
2295519362,1,2.085262200868417e-06,C
2295519362,1,2.085262200868417e-06,C
2295519362,1,2.085262200868417e-06,C
2295519362,1,2.085262200868417e-06,C
2598322190,1,0.0,C
2598322190,1,-2.0912976920446982e-06,C
2598322190,1,-2.0912976920446982e-06,C
2598322190,1,4.277148713752697e-06,C
2598322190,1,0.0,C
3153477100,1,0.0,C
3153477100,1,0.0,C
3153477100,1,0.0,C
3153477100,1,0.0,C
3153477100,1,0.0,C
2192318254,1,0.0,
2192318254,1,0.0,
2192318254,1,0.0,
2192318254,1,0.0,
2192318254,1,0.0,
1619222458,1,4.277148713752697e-06,C
1619222458,1,4.277148713752697e-06,C
1619222458,1,8.540360769522352e-06,C
1619222458,1,-4.1886571165291805e-06,C
1619222458,1,0.0,C
3824063894,1,0.00016798723745,C
3824063894,1,0.0001220537273438,C
3824063894,1,0.000163444243817,C
3824063894,1,0.0001321944266917,C
3824063894,1,2.3681734708596268e-05,C
885026269,1,-1.1459480842544725e-07,C
885026269,1,1.2652358093987771e-05,C
885026269,1,2.7280713451693743e-05,C
885026269,1,0.0,C
885026269,1,-1.1459480842544725e-07,C
472281497,1,-4.852815336554243e-05,C
472281497,1,2.0831598344333083e-05,C
472281497,1,2.4762264736825565e-05,C
472281497,1,8.375209380234207e-06,C
472281497,1,-4.406334531517533e-05,C
2599973650,1,0.0,N
2599973650,1,0.0,N
2599973650,1,0.0,N
2599973650,1,0.0,N
2599973650,1,0.0,N
1582607016,1,0.0,C
1582607016,1,0.0,C
1582607016,1,4.277148713752697e-06,C
1582607016,1,0.0,C
1582607016,1,0.0,C
1564511222,1,-4.291154701338562e-06,C
1564511222,1,-8.59638518615341e-06,C
1564511222,1,2.1918865128834134e-06,C
1564511222,1,1.0716435696134575e-05,C
1564511222,1,-8.59638518615341e-06,C
3291149959,1,0.0,C
3291149959,1,0.0,C
3291149959,1,0.0,C
3291149959,1,0.0,C
3291149959,1,0.0,C
717151242,1,4.164515000582188e-06,O
717151242,1,8.429670851886097e-06,O
717151242,1,4.164515000582188e-06,O
717151242,1,4.164515000582188e-06,O
717151242,1,2.085262200868417e-06,O
2664995851,1,-4.291154701338562e-06,C
2664995851,1,0.0,C
2664995851,1,0.0,C
2664995851,1,0.0,C
2664995851,1,0.0,C
4239037249,1,-4.529881920123553e-05,C
4239037249,1,-3.633822879863056e-05,C
4239037249,1,-7.155537348613617e-05,C
4239037249,1,-1.7120096088088683e-05,C
4239037249,1,-2.5601886465816646e-05,C
166544320,1,-1.0812314170061297e-05,C
166544320,1,1.4927130075785729e-05,C
166544320,1,-4.291154701338562e-06,C
166544320,1,2.955175225504997e-05,C
166544320,1,-1.0812314170061297e-05,C
2369690741,1,-6.374545253914031e-06,C
2369690741,1,-4.083961685842283e-06,C
2369690741,1,-1.275096215612101e-05,C
2369690741,1,-4.18265874102975e-06,C
2369690741,1,-8.359218633942865e-06,C
3234104871,1,2.1918865128834134e-06,C
3234104871,1,8.540360769522352e-06,C
3234104871,1,4.164515000582188e-06,C
3234104871,1,6.461107969808581e-06,C
3234104871,1,2.1918865128834134e-06,C
616374597,1,3.936215276562245e-05,C
616374597,1,2.696212174611943e-05,C
616374597,1,2.915400825900371e-05,C
616374597,1,1.4467226334456164e-05,C
616374597,1,3.50910134530244e-05,C
2974534217,1,4.277148713752697e-06,C
2974534217,1,1.2652358093987771e-05,C
2974534217,1,4.277148713752697e-06,C
2974534217,1,4.277148713752697e-06,C
2974534217,1,4.277148713752697e-06,C
828793177,1,4.084054678895645e-06,N
828793177,1,1.9866952544111624e-06,N
828793177,1,-2.3246233564538574e-06,N
828793177,1,-2.2117580591920347e-07,N
828793177,1,1.9866952544111624e-06,N
368713488,1,-1.0453580584111714e-05,C
368713488,1,-1.2560025608962e-05,C
368713488,1,-3.9991844512747565e-06,C
368713488,1,3.59381318311763e-05,C
368713488,1,-2.1194158396192417e-05,C
3177362943,1,4.277148713752697e-06,C
3177362943,1,0.0,C
3177362943,1,8.540360769522352e-06,C
3177362943,1,0.0,C
3177362943,1,0.0,C
912632640,1,-2.0912976920446982e-06,C
912632640,1,-2.0912976920446982e-06,C
912632640,1,-2.0912976920446982e-06,C
912632640,1,-2.0912976920446982e-06,C
912632640,1,-2.0912976920446982e-06,C
214126897,1,0.0,C
214126897,1,0.0,C
214126897,1,0.0,C
214126897,1,0.0,C
214126897,1,0.0,C
4212936508,1,1.2159632046856128e-05,N
4212936508,1,2.0944232057502725e-05,N
4212936508,1,2.2880088941606112e-05,N
4212936508,1,-3.505781163264891e-05,N
4212936508,1,1.0168057582081969e-05,N
3376021752,1,1.4836317350043655e-05,O
3376021752,1,4.836018043707664e-05,O
3376021752,1,1.2751055149174371e-05,O
3376021752,1,8.375209380234207e-06,O
3376021752,1,4.647872362655275e-05,O
2987120039,1,-2.348513139902638e-05,C
2987120039,1,2.1918865128834134e-06,C
2987120039,1,-2.3719108208857843e-05,C
2987120039,1,-1.2648464571311628e-05,C
2987120039,1,4.375845768940165e-06,C
3816921572,1,4.277148713752697e-06,C
3816921572,1,4.277148713752697e-06,C
3816921572,1,-4.291154701338562e-06,C
3816921572,1,4.277148713752697e-06,C
3816921572,1,0.0,C
203749390,1,2.9548540779305785e-05,C
203749390,1,0.0001035608629597,C
203749390,1,4.201921175114431e-05,C
203749390,1,5.647648431742359e-05,C
203749390,1,3.3919909912226605e-05,C
992462230,1,-2.794134023479701e-05,C
992462230,1,-7.377368887368733e-05,C
992462230,1,-5.372594056032073e-05,C
992462230,1,-2.794448712609057e-05,C
992462230,1,-2.359960027622978e-05,C
1506993418,1,0.0,C
1506993418,1,0.0,C
1506993418,1,0.0,C
1506993418,1,0.0,C
1506993418,1,0.0,C
1486598263,1,0.0,C
1486598263,1,0.0,C
1486598263,1,0.0,C
1486598263,1,0.0,C
1486598263,1,0.0,C
1914416804,1,2.520744411327238e-05,N
1914416804,1,8.375209380234207e-06,N
1914416804,1,1.2652358093987771e-05,N
1914416804,1,2.7383519039885472e-05,N
1914416804,1,6.283911688190376e-06,N
54936104,1,1.898883948817705e-05,C
54936104,1,1.0613630107942848e-05,C
54936104,1,1.680488023212117e-05,C
54936104,1,0.0,C
54936104,1,1.046047158110349e-05,C
3090652201,1,0.0,C
3090652201,1,0.0,C
3090652201,1,0.0,C
3090652201,1,0.0,C
3090652201,1,-8.459807454782448e-06,C
2987687375,1,0.0,C
2987687375,1,0.0,C
2987687375,1,0.0,C
2987687375,1,0.0,C
2987687375,1,0.0,C
2296493092,1,-1.275096215612101e-05,N
2296493092,1,-8.459807454782448e-06,N
2296493092,1,-8.459807454782448e-06,N
2296493092,1,-8.459807454782448e-06,N
2296493092,1,-8.459807454782448e-06,N
668520641,1,-3.595103710749004e-05,C
668520641,1,-3.385973941544534e-05,C
668520641,1,-3.595103710749004e-05,C
668520641,1,-3.363487119589347e-05,C
668520641,1,-3.595103710749004e-05,C
848127915,1,0.0,N
848127915,1,0.0,N
848127915,1,0.0,N
848127915,1,0.0,N
848127915,1,0.0,N
2378775366,1,0.0,O
2378775366,1,0.0,O
2378775366,1,0.0,O
2378775366,1,0.0,O
2378775366,1,0.0,O
2592785365,1,0.0,N
2592785365,1,0.0,N
2592785365,1,0.0,N
2592785365,1,0.0,N
2592785365,1,0.0,N
460073430,1,0.0,C
460073430,1,0.0,C
460073430,1,0.0,C
460073430,1,0.0,C
460073430,1,0.0,C
2378779377,1,0.0,O
2378779377,1,0.0,O
2378779377,1,0.0,O
2378779377,1,0.0,O
2378779377,1,0.0,O
4194366826,1,1.2789705034554203e-05,C
4194366826,1,4.329897579771758e-06,C
4194366826,1,6.461107969808581e-06,C
4194366826,1,1.2751055149174371e-05,C
4194366826,1,-2.0912976920446982e-06,C
1136130381,1,-2.339401540548628e-05,C
1136130381,1,-2.78178154497254e-05,C
1136130381,1,-1.0551105146827146e-05,C
1136130381,1,-2.549746295602267e-05,C
1136130381,1,-2.5601886465816646e-05,C
1646750527,1,0.0001112601816101,C
1646750527,1,6.918750127672072e-05,C
1646750527,1,6.887444425994742e-05,C
1646750527,1,2.312819131355861e-05,C
1646750527,1,3.776152845655009e-05,C
1163692816,1,-4.18265874102975e-06,N
1163692816,1,-1.9986994849738662e-06,N
1163692816,1,-2.77053340163513e-05,N
1163692816,1,-6.267920941899034e-06,N
1163692816,1,-2.339401540548628e-05,N
1840994228,1,-8.765290423890654e-05,C
1840994228,1,5.728097497323566e-06,C
1840994228,1,-8.660420338522587e-05,C
1840994228,1,-6.919188589831534e-05,C
1840994228,1,3.1549575523898143e-06,C
2609658248,1,-3.831482824054409e-05,C
2609658248,1,3.999538589454215e-05,C
2609658248,1,2.1198580137938607e-05,C
2609658248,1,5.21914349848919e-05,C
2609658248,1,4.164293414857679e-05,C
2353583745,1,-1.4958833216451375e-05,C
2353583745,1,-2.199857009294731e-06,C
2353583745,1,-1.9272121624843742e-05,C
2353583745,1,6.175352370939476e-06,C
2353583745,1,-2.4371047898262208e-06,C
3443041413,1,-3.202691018776554e-05,C
3443041413,1,-2.5601886465816646e-05,C
3443041413,1,-1.9078867592309257e-06,C
3443041413,1,-8.359218633942865e-06,C
3443041413,1,-3.413035773830019e-05,C
3286720230,1,1.885896985663431e-05,C
3286720230,1,-2.348513139902638e-05,C
3286720230,1,-4.540552340360875e-06,C
3286720230,1,-6.764583441212259e-06,C
3286720230,1,1.8761836185652789e-06,C
1449131080,1,6.498130794937128e-06,C
1449131080,1,5.646330535818197e-05,C
1449131080,1,-1.275096215612101e-05,C
1449131080,1,2.0944232057502725e-05,C
1449131080,1,4.825352915668185e-05,C
636971230,1,-6.388514125823044e-06,C
636971230,1,6.283911688190376e-06,C
636971230,1,1.9866952544111624e-06,C
636971230,1,1.9866952544111624e-06,C
636971230,1,-4.291154701338562e-06,C
2251845666,1,2.1247063372901824e-05,C
2251845666,1,-1.720872521005553e-05,C
2251845666,1,4.277148713752697e-06,C
2251845666,1,2.1538226531604004e-06,C
2251845666,1,-1.0649099766197635e-05,C
305828102,1,0.0,C
305828102,1,0.0,C
305828102,1,0.0,C
305828102,1,0.0,C
305828102,1,0.0,C
2810604122,1,0.0,C
2810604122,1,0.0,C
2810604122,1,0.0,C
2810604122,1,0.0,C
2810604122,1,0.0,C
979999009,1,0.0,C
979999009,1,0.0,C
979999009,1,0.0,C
979999009,1,0.0,C
979999009,1,0.0,C
4083722611,1,-2.103405941315979e-06,C
4083722611,1,1.6915570149757427e-05,C
4083722611,1,-8.491961676358566e-06,C
4083722611,1,-1.9967706036449e-06,C
4083722611,1,2.312819131355861e-05,C
849275503,1,-8.491961676358566e-06,N
849275503,1,-1.915964019147051e-05,N
849275503,1,-1.6951769131141013e-05,N
849275503,1,-2.348513139902638e-05,N
849275503,1,-2.1269202415118496e-05,N
3533643770,1,0.0,C
3533643770,1,0.0,C
3533643770,1,0.0,C
3533643770,1,0.0,C
3533643770,1,0.0,C
594486406,1,0.0,
594486406,1,0.0,
594486406,1,0.0,
594486406,1,0.0,
594486406,1,0.0,
2697642734,1,1.0058882083958248e-07,O
2697642734,1,2.4977448366090595e-05,O
2697642734,1,8.475798201074657e-06,O
2697642734,1,4.172590516287201e-05,O
2697642734,1,1.0374978676686191e-05,O
3345225135,1,-1.275096215612101e-05,N
3345225135,1,-1.275096215612101e-05,N
3345225135,1,-8.359218633942865e-06,N
3345225135,1,-2.0912976920446982e-06,N
3345225135,1,-1.0551105146827146e-05,N
1348783936,1,-6.374545253914031e-06,C
1348783936,1,-1.0551105146827146e-05,C
1348783936,1,-1.0551105146827146e-05,C
1348783936,1,-6.267920941899034e-06,C
1348783936,1,-8.459807454782448e-06,C
3848368466,1,4.277148713752697e-06,C
3848368466,1,4.277148713752697e-06,C
3848368466,1,0.0,C
3848368466,1,0.0,C
3848368466,1,4.277148713752697e-06,C
4130182993,1,4.277148713752697e-06,C
4130182993,1,0.0,C
4130182993,1,4.277148713752697e-06,C
4130182993,1,1.2652358093987771e-05,C
4130182993,1,6.356401513466468e-06,C
994637429,1,0.0,N
994637429,1,0.0,N
994637429,1,0.0,N
994637429,1,0.0,N
994637429,1,0.0,N
1868697328,1,0.0,
1868697328,1,0.0,
1868697328,1,0.0,
1868697328,1,0.0,
1868697328,1,0.0,
485458970,1,0.0,F
485458970,1,0.0,F
485458970,1,0.0,F
485458970,1,0.0,F
485458970,1,0.0,F
1971534293,1,1.898883948817705e-05,O
1971534293,1,1.0613630107942848e-05,O
1971534293,1,2.9713569535566933e-05,O
1971534293,1,3.780918600978806e-05,O
1971534293,1,-2.199857009294731e-06,O
2667063169,1,6.461107969808581e-06,O
2667063169,1,6.461107969808581e-06,O
2667063169,1,4.277148713752697e-06,O
2667063169,1,4.277148713752697e-06,O
2667063169,1,6.461107969808581e-06,O
831463242,1,1.2652358093987771e-05,N
831463242,1,2.0944232057502725e-05,N
831463242,1,1.2652358093987771e-05,N
831463242,1,1.2652358093987771e-05,N
831463242,1,1.2652358093987771e-05,N
473978627,1,-1.950281665234668e-05,C
473978627,1,-6.508518759869818e-06,C
473978627,1,1.4836317350043655e-05,C
473978627,1,-2.549746295602267e-05,C
473978627,1,-1.492023907879482e-05,C
2251883808,1,1.5272905223026947e-06,C
2251883808,1,-2.5637764661931225e-06,C
2251883808,1,4.084054678895645e-06,C
2251883808,1,-1.724935504509445e-05,C
2251883808,1,-2.1597236378403765e-05,C
2959332130,1,0.0,C
2959332130,1,0.0,C
2959332130,1,0.0,C
2959332130,1,0.0,C
2959332130,1,-2.0912976920446982e-06,C
256204769,1,0.0,C
256204769,1,0.0,C
256204769,1,0.0,C
256204769,1,0.0,C
256204769,1,0.0,C
2194376677,1,2.529360572286164e-05,C
2194376677,1,-1.9986994849738662e-06,C
2194376677,1,-8.459807454782448e-06,C
2194376677,1,2.734907883110687e-05,C
2194376677,1,-4.29529245420026e-06,C
800085213,1,3.1524100046211555e-05,C
800085213,1,1.964657991288324e-06,C
800085213,1,5.433250723993911e-05,C
800085213,1,-1.4848321580605492e-05,C
800085213,1,8.320806391314082e-05,C
3705139132,1,0.0,C
3705139132,1,4.277148713752697e-06,C
3705139132,1,0.0,C
3705139132,1,0.0,C
3705139132,1,0.0,C
2834566420,1,0.0,C
2834566420,1,0.0,C
2834566420,1,0.0,C
2834566420,1,0.0,C
2834566420,1,0.0,C
3341916169,1,-1.065966446407718e-05,C
3341916169,1,2.085262200868417e-06,C
3341916169,1,-1.065966446407718e-05,C
3341916169,1,-1.9205358288957967e-05,C
3341916169,1,-6.374545253914031e-06,C
1186654798,1,0.0,C
1186654798,1,0.0,C
1186654798,1,0.0,C
1186654798,1,0.0,C
1186654798,1,0.0,C
215394313,1,0.0,C
215394313,1,0.0,C
215394313,1,-4.291154701338562e-06,C
215394313,1,0.0,C
215394313,1,0.0,C
816543468,1,0.0,
816543468,1,0.0,
816543468,1,0.0,
816543468,1,0.0,
816543468,1,0.0,
3796970912,1,-6.495149463494124e-06,C
3796970912,1,-1.2867535524406676e-05,C
3796970912,1,-8.574402263207895e-06,C
3796970912,1,4.164515000582188e-06,C
3796970912,1,-2.2220231157797643e-06,C
3028039221,1,-2.0912976920446982e-06,N
3028039221,1,2.1918865128834134e-06,N
3028039221,1,-2.0912976920446982e-06,N
3028039221,1,0.0,N
3028039221,1,-2.0912976920446982e-06,N
2261212172,1,0.0,
2261212172,1,0.0,
2261212172,1,0.0,
2261212172,1,0.0,
2261212172,1,0.0,
4182960975,1,0.0,C
4182960975,1,0.0,C
4182960975,1,0.0,C
4182960975,1,0.0,C
4182960975,1,0.0,C
2438720939,1,0.0,
2438720939,1,0.0,
2438720939,1,0.0,
2438720939,1,0.0,
2438720939,1,0.0,
1033192140,1,0.0,
1033192140,1,0.0,
1033192140,1,0.0,
1033192140,1,0.0,
1033192140,1,0.0,
1630528126,1,-6.499025761668928e-06,C
1630528126,1,2.756089311297099e-05,C
1630528126,1,8.375209380234207e-06,C
1630528126,1,8.429670851886097e-06,C
1630528126,1,1.0716435696134575e-05,C
3974650111,1,1.0567095893118487e-05,C
3974650111,1,8.475798201074657e-06,C
3974650111,1,1.0567095893118487e-05,C
3974650111,1,1.0058882083958248e-07,C
3974650111,1,1.2751055149174371e-05,C
1910766508,1,1.2652358093987771e-05,C
1910766508,1,2.9622272753136895e-05,C
1910766508,1,8.540360769522352e-06,C
1910766508,1,2.085262200868417e-06,C
1910766508,1,2.3399739795497768e-05,C
4081537576,1,-4.291154701338562e-06,C
4081537576,1,4.084054678895645e-06,C
4081537576,1,1.0168057582081969e-05,C
4081537576,1,-6.499025761668928e-06,C
4081537576,1,1.046047158110349e-05,C
1255595680,1,2.750480482999109e-05,C
1255595680,1,4.612392291815284e-05,C
1255595680,1,6.67371578015807e-05,C
1255595680,1,-3.0082684641055502e-05,C
1255595680,1,2.9548540779305785e-05,C
1630260676,1,0.0,C
1630260676,1,0.0,C
1630260676,1,0.0,C
1630260676,1,0.0,C
1630260676,1,0.0,C
3129492592,1,0.0,C
3129492592,1,0.0,C
3129492592,1,0.0,C
3129492592,1,0.0,C
3129492592,1,0.0,C
781912670,1,0.0,C
781912670,1,0.0,C
781912670,1,0.0,C
781912670,1,0.0,C
781912670,1,0.0,C
2487927669,1,-1.4848321580605492e-05,C
2487927669,1,1.2680941775849304e-05,C
2487927669,1,2.1247063372901824e-05,C
2487927669,1,8.540360769522352e-06,C
2487927669,1,1.2680941775849304e-05,C
3787488754,1,0.0,C
3787488754,1,0.0,C
3787488754,1,0.0,C
3787488754,1,0.0,C
3787488754,1,0.0,C
2308348490,1,-4.215796245109031e-06,C
2308348490,1,-4.746233707368132e-05,C
2308348490,1,-8.459807454782448e-06,C
2308348490,1,3.123326105871748e-05,C
2308348490,1,-6.63902563258819e-06,C
2333272823,1,0.0,C
2333272823,1,0.0,C
2333272823,1,0.0,C
2333272823,1,0.0,C
2333272823,1,0.0,C
2812398603,1,1.0805416111585309e-05,C
2812398603,1,2.1918865128834134e-06,C
2812398603,1,-1.0601523900005684e-05,C
2812398603,1,4.012040724582586e-05,C
2812398603,1,-2.7561263355332065e-05,C
2999514534,1,0.0,C
2999514534,1,0.0,C
2999514534,1,0.0,C
2999514534,1,0.0,C
2999514534,1,0.0,C
3222770065,1,4.277148713752697e-06,C
3222770065,1,2.085262200868417e-06,C
3222770065,1,2.085262200868417e-06,C
3222770065,1,0.0,C
3222770065,1,2.085262200868417e-06,C
3491109101,1,0.0,C
3491109101,1,0.0,C
3491109101,1,0.0,C
3491109101,1,2.085262200868417e-06,C
3491109101,1,0.0,C
1255626466,1,0.0,N
1255626466,1,0.0,N
1255626466,1,6.461107969808581e-06,N
1255626466,1,2.085262200868417e-06,N
1255626466,1,2.085262200868417e-06,N
3289231689,1,1.6915570149757427e-05,C
3289231689,1,0.0,C
3289231689,1,1.2652358093987771e-05,C
3289231689,1,4.277148713752697e-06,C
3289231689,1,4.277148713752697e-06,C
3745584548,1,0.0,C
3745584548,1,0.0,C
3745584548,1,-1.065966446407718e-05,C
3745584548,1,0.0,C
3745584548,1,0.0,C
1914229733,1,0.0,C
1914229733,1,0.0,C
1914229733,1,0.0,C
1914229733,1,0.0,C
1914229733,1,0.0,C
216545222,1,0.0,N
216545222,1,0.0,N
216545222,1,0.0,N
216545222,1,0.0,N
216545222,1,0.0,N
2331740049,1,0.0,N
2331740049,1,0.0,N
2331740049,1,0.0,N
2331740049,1,0.0,N
2331740049,1,0.0,N
2355446912,1,0.0,C
2355446912,1,0.0,C
2355446912,1,0.0,C
2355446912,1,0.0,C
2355446912,1,0.0,C
859799282,1,0.0,C
859799282,1,0.0,C
859799282,1,0.0,C
859799282,1,0.0,C
859799282,1,0.0,C
3811375594,1,-1.1675229612349153e-07,C
3811375594,1,1.065975745713054e-05,C
3811375594,1,-1.1675229612349153e-07,C
3811375594,1,1.2652358093987771e-05,C
3811375594,1,3.1337967515059593e-05,C
144568923,1,0.0,C
144568923,1,2.1918865128834134e-06,C
144568923,1,-6.388514125823044e-06,C
144568923,1,-4.291154701338562e-06,C
144568923,1,2.085262200868417e-06,C
2557045420,1,0.0,N
2557045420,1,2.085262200868417e-06,N
2557045420,1,-1.065966446407718e-05,N
2557045420,1,-1.065966446407718e-05,N
2557045420,1,-1.065966446407718e-05,N
4265716399,1,6.237784339002683e-06,N
4265716399,1,1.049698251979342e-05,N
4265716399,1,1.0613630107942848e-05,N
4265716399,1,1.8300562693784536e-06,N
4265716399,1,1.049698251979342e-05,N
778974661,1,0.0,C
778974661,1,0.0,C
778974661,1,0.0,C
778974661,1,0.0,C
778974661,1,0.0,C
3914061263,1,-1.2915761720595949e-05,C
3914061263,1,-8.59638518615341e-06,C
3914061263,1,-4.291154701338562e-06,C
3914061263,1,2.085262200868417e-06,C
3914061263,1,-8.59638518615341e-06,C
3330819572,1,1.9091645076368784e-05,C
3330819572,1,1.9091645076368784e-05,C
3330819572,1,1.6915570149757427e-05,C
3330819572,1,4.277148713752697e-06,C
3330819572,1,4.277148713752697e-06,C
1674219510,1,-4.291154701338562e-06,C
1674219510,1,0.0,C
1674219510,1,0.0,C
1674219510,1,-4.291154701338562e-06,C
1674219510,1,-2.199857009294731e-06,C
2170404731,1,-4.291154701338562e-06,C
2170404731,1,-4.291154701338562e-06,C
2170404731,1,8.540360769522352e-06,C
2170404731,1,-4.291154701338562e-06,C
2170404731,1,4.277148713752697e-06,C
3116051204,1,0.0,C
3116051204,1,0.0,C
3116051204,1,0.0,C
3116051204,1,0.0,C
3116051204,1,0.0,C
493191496,1,8.375209380234207e-06,C
493191496,1,8.375209380234207e-06,C
493191496,1,2.116491441478841e-05,C
493191496,1,1.2652358093987771e-05,C
493191496,1,1.2652358093987771e-05,C
851463431,1,0.0,C
851463431,1,0.0,C
851463431,1,0.0,C
851463431,1,0.0,C
851463431,1,0.0,C
2839110432,1,0.0,C
2839110432,1,0.0,C
2839110432,1,0.0,C
2839110432,1,0.0,C
2839110432,1,0.0,C
1913726790,1,2.1918865128834134e-06,C
1913726790,1,1.6915570149757427e-05,C
1913726790,1,2.1918865128834134e-06,C
1913726790,1,6.461107969808581e-06,C
1913726790,1,2.1918865128834134e-06,C
512485612,1,0.0,
512485612,1,0.0,
512485612,1,0.0,
512485612,1,0.0,
512485612,1,0.0,
3631761933,1,0.0,C
3631761933,1,0.0,C
3631761933,1,0.0,C
3631761933,1,0.0,C
3631761933,1,0.0,C
3254486562,1,0.0,C
3254486562,1,0.0,C
3254486562,1,0.0,C
3254486562,1,0.0,C
3254486562,1,-6.267920941899034e-06,C
1163048604,1,8.375209380234207e-06,C
1163048604,1,8.375209380234207e-06,C
1163048604,1,2.0944232057502725e-05,C
1163048604,1,8.375209380234207e-06,C
1163048604,1,8.375209380234207e-06,C
265892994,1,2.1918865128834134e-06,O
265892994,1,-1.0551105146827146e-05,O
265892994,1,6.461107969808581e-06,O
265892994,1,0.0,O
265892994,1,4.375845768940165e-06,O
2328129879,1,-6.267920941899034e-06,O
2328129879,1,2.2566282413521294e-06,O
2328129879,1,2.2566282413521294e-06,O
2328129879,1,-6.289065583528659e-06,O
2328129879,1,2.2566282413521294e-06,O
3048383039,1,-2.1413229349288333e-05,C
3048383039,1,1.4575785651706197e-05,C
3048383039,1,-6.388514125823044e-06,C
3048383039,1,-1.9365058643483653e-05,C
3048383039,1,6.490730488186575e-05,C
1222631225,1,2.085262200868417e-06,C
1222631225,1,0.0,C
1222631225,1,2.085262200868417e-06,C
1222631225,1,-1.9272121624843742e-05,C
1222631225,1,-3.8602737658067e-05,C
1272192549,1,-3.0057043833186213e-05,C
1272192549,1,6.461107969808581e-06,C
1272192549,1,-2.1597236378403765e-05,C
1272192549,1,-1.4925098558724384e-05,C
1272192549,1,1.711837206482946e-05,C
222023415,1,-6.893313625597718e-06,N
222023415,1,8.131996311192165e-06,N
222023415,1,6.356401513466468e-06,N
222023415,1,1.0716435696134575e-05,N
222023415,1,1.6680305387144212e-05,N
617798156,1,0.0,O
617798156,1,0.0,O
617798156,1,0.0,O
617798156,1,0.0,O
617798156,1,0.0,O
190140222,1,4.277148713752697e-06,N
190140222,1,4.277148713752697e-06,N
190140222,1,4.277148713752697e-06,N
190140222,1,4.277148713752697e-06,N
190140222,1,4.277148713752697e-06,N
4180801603,1,-1.275096215612101e-05,C
4180801603,1,0.0,C
4180801603,1,-2.5601886465816646e-05,C
4180801603,1,1.2652358093987771e-05,C
4180801603,1,0.0,C
3984860707,1,4.277148713752697e-06,S
3984860707,1,4.277148713752697e-06,S
3984860707,1,1.2652358093987771e-05,S
3984860707,1,1.046047158110349e-05,S
3984860707,1,0.0,S
3462308225,1,-6.131244813325186e-05,C
3462308225,1,-6.664526611069831e-06,C
3462308225,1,-4.157685818632819e-05,C
3462308225,1,2.5105102360060624e-05,C
3462308225,1,-1.129263602837275e-05,C
2355616982,1,1.461299371923689e-05,C
2355616982,1,6.356401513466468e-06,C
2355616982,1,2.734907883110687e-05,C
2355616982,1,8.429670851886097e-06,C
2355616982,1,2.734907883110687e-05,C
4042373501,1,2.520744411327238e-05,C
4042373501,1,2.94567883783051e-05,C
4042373501,1,1.2652358093987771e-05,C
4042373501,1,1.6915570149757427e-05,C
4042373501,1,-2.199857009294731e-06,C
736514702,1,-1.0551105146827146e-05,O
736514702,1,-1.2648464571311628e-05,O
736514702,1,-1.0551105146827146e-05,O
736514702,1,-6.267920941899034e-06,O
736514702,1,-1.4848321580605492e-05,O
65941455,1,1.4575785651706197e-05,C
65941455,1,2.7280713451693743e-05,C
65941455,1,3.751321623154079e-06,C
65941455,1,4.385072899612281e-05,C
65941455,1,4.77480726681712e-05,C
2411289135,1,0.0,
2411289135,1,0.0,
2411289135,1,0.0,
2411289135,1,0.0,
2411289135,1,0.0,
661888323,1,0.0,C
661888323,1,-1.275096215612101e-05,C
661888323,1,0.0,C
661888323,1,-1.275096215612101e-05,C
661888323,1,-1.275096215612101e-05,C
1909986973,1,-2.338490601350683e-05,C
1909986973,1,-3.414652882229637e-05,C
1909986973,1,2.08310471317124e-06,C
1909986973,1,-3.18446006085122e-05,C
1909986973,1,-1.8921760177787773e-05,C
984189120,1,0.0,
984189120,1,0.0,
984189120,1,0.0,
984189120,1,0.0,
984189120,1,0.0,
237615532,1,-2.794134023479701e-05,C
237615532,1,-1.9272121624843742e-05,C
237615532,1,-1.9272121624843742e-05,C
237615532,1,-2.13755691753784e-05,C
237615532,1,-1.4958833216451375e-05,C
3598064087,1,0.0,C
3598064087,1,-1.275096215612101e-05,C
3598064087,1,8.375209380234207e-06,C
3598064087,1,-4.291154701338562e-06,C
3598064087,1,-2.199857009294731e-06,C
1795978025,1,4.277148713752697e-06,C
1795978025,1,4.277148713752697e-06,C
1795978025,1,8.540360769522352e-06,C
1795978025,1,2.1538226531604004e-06,C
1795978025,1,1.0613630107942848e-05,C
2235918822,1,0.0,
2235918822,1,0.0,
2235918822,1,0.0,
2235918822,1,0.0,
2235918822,1,0.0,
1876820278,1,2.1918865128834134e-06,C
1876820278,1,2.330253648114705e-05,C
1876820278,1,1.908662955779194e-05,C
1876820278,1,5.243058892955444e-05,C
1876820278,1,4.329897579771758e-06,C
698395004,1,0.0,C
698395004,1,4.277148713752697e-06,C
698395004,1,0.0,C
698395004,1,0.0,C
698395004,1,-8.59638518615341e-06,C
1207774339,1,3.383042228397807e-05,C
1207774339,1,2.9622272753136895e-05,C
1207774339,1,4.277148713752697e-06,C
1207774339,1,2.312819131355861e-05,C
1207774339,1,1.898883948817705e-05,C
431202968,1,1.2789705034554203e-05,O
431202968,1,1.9091645076368784e-05,O
431202968,1,4.277148713752697e-06,O
431202968,1,4.277148713752697e-06,O
431202968,1,1.4836317350043655e-05,O
833901780,1,-1.275096215612101e-05,N
833901780,1,-1.275096215612101e-05,N
833901780,1,-1.275096215612101e-05,N
833901780,1,-1.275096215612101e-05,N
833901780,1,-8.459807454782448e-06,N
1821698485,1,6.254228344144009e-05,C
1821698485,1,5.4310628935586025e-05,C
1821698485,1,7.268600429083394e-05,C
1821698485,1,6.649793749466133e-05,C
1821698485,1,4.201921175114431e-05,C
1906719888,1,-1.275096215612101e-05,C
1906719888,1,-1.275096215612101e-05,C
1906719888,1,0.0,C
1906719888,1,0.0,C
1906719888,1,-1.275096215612101e-05,C
2809361097,1,2.1918865128834134e-06,C
2809361097,1,4.277148713752697e-06,C
2809361097,1,2.1918865128834134e-06,C
2809361097,1,0.0,C
2809361097,1,2.1918865128834134e-06,C
2036328569,1,-1.717476220035926e-05,C
2036328569,1,-2.5601886465816646e-05,C
2036328569,1,-2.12966559810018e-05,C
2036328569,1,-2.549746295602267e-05,C
2036328569,1,-2.77053340163513e-05,C
2512623809,1,0.0,C
2512623809,1,0.0,C
2512623809,1,0.0,C
2512623809,1,0.0,C
2512623809,1,0.0,C
2817106133,1,0.0,
2817106133,1,0.0,
2817106133,1,0.0,
2817106133,1,0.0,
2817106133,1,0.0,
1754248939,1,-1.065966446407718e-05,C
1754248939,1,4.277148713752697e-06,C
1754248939,1,4.277148713752697e-06,C
1754248939,1,-1.065966446407718e-05,C
1754248939,1,0.0,C
2635303940,1,-8.459807454782448e-06,C
2635303940,1,-8.459807454782448e-06,C
2635303940,1,-8.459807454782448e-06,C
2635303940,1,-8.459807454782448e-06,C
2635303940,1,-4.18265874102975e-06,C
1396348621,1,0.0,C
1396348621,1,1.0567095893118487e-05,C
1396348621,1,0.0,C
1396348621,1,0.0,C
1396348621,1,0.0,C
2479916646,1,8.540360769522352e-06,C
2479916646,1,4.277148713752697e-06,C
2479916646,1,8.540360769522352e-06,C
2479916646,1,2.1538226531604004e-06,C
2479916646,1,-4.291154701338562e-06,C
4282315164,1,-0.0002428667932229,N
4282315164,1,-0.0002887897953626,N
4282315164,1,-0.0006397729387679,N
4282315164,1,-0.0002645045418048,N
4282315164,1,-0.0002455026132171,N
2486266314,1,0.0,C
2486266314,1,0.0,C
2486266314,1,-2.199857009294731e-06,C
2486266314,1,0.0,C
2486266314,1,8.375209380234207e-06,C
1019269664,1,0.0,N
1019269664,1,-8.459807454782448e-06,N
1019269664,1,0.0,N
1019269664,1,0.0,N
1019269664,1,-1.275096215612101e-05,N
3118635600,1,0.0,C
3118635600,1,0.0,C
3118635600,1,0.0,C
3118635600,1,0.0,C
3118635600,1,0.0,C
3218370331,1,0.0,
3218370331,1,0.0,
3218370331,1,0.0,
3218370331,1,0.0,
3218370331,1,0.0,
3044392905,1,8.311046408878038e-05,N
3044392905,1,7.696825148569442e-05,N
3044392905,1,8.926916241389863e-05,N
3044392905,1,1.875234554461931e-05,N
3044392905,1,5.022898795264529e-05,N
4194776273,1,-4.447139119703909e-06,O
4194776273,1,1.0390363077045738e-05,O
4194776273,1,-4.300035906609767e-06,O
4194776273,1,1.458094453326772e-05,O
4194776273,1,2.312663835814851e-05,O
263215426,1,0.0,C
263215426,1,0.0,C
263215426,1,0.0,C
263215426,1,0.0,C
263215426,1,0.0,C
2753863138,1,0.0,C
2753863138,1,0.0,C
2753863138,1,0.0,C
2753863138,1,0.0,C
2753863138,1,0.0,C
2699298541,1,0.0,C
2699298541,1,0.0,C
2699298541,1,0.0,C
2699298541,1,0.0,C
2699298541,1,0.0,C
3308404410,1,0.0004913178730538,C
3308404410,1,0.0003120404276491,C
3308404410,1,0.000843277976725,C
3308404410,1,0.0008394247300496,C
3308404410,1,0.0004896817886117,C
1446633534,1,0.0,C
1446633534,1,0.0,C
1446633534,1,0.0,C
1446633534,1,0.0,C
1446633534,1,0.0,C
2756489526,1,0.0,C
2756489526,1,0.0,C
2756489526,1,0.0,C
2756489526,1,0.0,C
2756489526,1,0.0,C
913310822,1,0.0,C
913310822,1,2.1918865128834134e-06,C
913310822,1,0.0,C
913310822,1,-2.0912976920446982e-06,C
913310822,1,2.1918865128834134e-06,C
3561946030,1,-4.947600165319203e-05,N
3561946030,1,-5.372594056032073e-05,N
3561946030,1,-3.8727403272524434e-05,N
3561946030,1,-3.64870340596778e-05,N
3561946030,1,-4.077818888338896e-05,N
3292836938,1,0.0,
3292836938,1,0.0,
3292836938,1,0.0,
3292836938,1,0.0,
3292836938,1,0.0,
3194612514,1,2.085262200868417e-06,O
3194612514,1,2.085262200868417e-06,O
3194612514,1,4.164515000582188e-06,O
3194612514,1,1.033986737152253e-05,O
3194612514,1,0.0,O
1822332700,1,-1.4958833216451375e-05,C
1822332700,1,-1.9365058643483653e-05,C
1822332700,1,-1.5139792821447331e-05,C
1822332700,1,-2.13755691753784e-05,C
1822332700,1,-8.59638518615341e-06,C
2215059400,1,-1.9272121624843742e-05,O
2215059400,1,-1.9272121624843742e-05,O
2215059400,1,-1.9272121624843742e-05,O
2215059400,1,-1.9272121624843742e-05,O
2215059400,1,-1.065966446407718e-05,O
773709216,1,0.0,C
773709216,1,0.0,C
773709216,1,0.0,C
773709216,1,2.085262200868417e-06,C
773709216,1,0.0,C
2530377886,1,1.0716435696134575e-05,N
2530377886,1,5.46654296439868e-05,N
2530377886,1,6.551920695551522e-06,N
2530377886,1,2.1408473528656928e-05,N
2530377886,1,4.460623003507691e-06,N
2850656190,1,4.277148713752697e-06,C
2850656190,1,4.164515000582188e-06,C
2850656190,1,1.0613630107942848e-05,C
2850656190,1,4.164515000582188e-06,C
2850656190,1,1.0613630107942848e-05,C
1376881293,1,0.0,C
1376881293,1,0.0,C
1376881293,1,0.0,C
1376881293,1,0.0,C
1376881293,1,0.0,C
1214060489,1,0.0,C
1214060489,1,0.0,C
1214060489,1,0.0,C
1214060489,1,0.0,C
1214060489,1,0.0,C
4203454020,1,4.277148713752697e-06,C
4203454020,1,4.277148713752697e-06,C
4203454020,1,4.277148713752697e-06,C
4203454020,1,4.277148713752697e-06,C
4203454020,1,4.277148713752697e-06,C
3034212252,1,8.055331473990486e-08,C
3034212252,1,2.105615115608351e-05,C
3034212252,1,-1.9986994849738662e-06,C
3034212252,1,4.329897579771758e-06,C
3034212252,1,-1.0649099766197635e-05,C
3044751281,1,-0.000285017101026,N
3044751281,1,-0.0004598037861367,N
3044751281,1,-0.0004656461617054,N
3044751281,1,-0.0004189258859138,N
3044751281,1,-0.0004216082804717,N
1292826808,1,0.0,C
1292826808,1,0.0,C
1292826808,1,0.0,C
1292826808,1,0.0,C
1292826808,1,0.0,C
950023157,1,1.2751055149174371e-05,C
950023157,1,4.796368950187469e-05,C
950023157,1,-1.915964019147051e-05,C
950023157,1,1.0567095893118487e-05,C
950023157,1,3.559329524138559e-05,C
1187730664,1,-4.291154701338562e-06,C
1187730664,1,-4.291154701338562e-06,C
1187730664,1,-4.291154701338562e-06,C
1187730664,1,-4.291154701338562e-06,C
1187730664,1,-4.291154701338562e-06,C
4039837947,1,0.0,
4039837947,1,0.0,
4039837947,1,0.0,
4039837947,1,0.0,
4039837947,1,0.0,
773607102,1,0.0,C
773607102,1,0.0,C
773607102,1,0.0,C
773607102,1,0.0,C
773607102,1,-2.0912976920446982e-06,C
2246997334,1,1.6552488535325448e-05,C
2246997334,1,1.2539724380817262e-05,C
2246997334,1,-2.322465868755813e-06,C
2246997334,1,2.509675419563699e-05,C
2246997334,1,-6.762425953514215e-06,C
714711401,1,1.0567095893118487e-05,C
714711401,1,1.4836317350043655e-05,C
714711401,1,-2.0912976920446982e-06,C
714711401,1,6.461107969808581e-06,C
714711401,1,-2.0912976920446982e-06,C
1710869618,1,1.2539724380817262e-05,C
1710869618,1,2.085262200868417e-06,C
1710869618,1,-1.1459480842544725e-07,C
1710869618,1,2.085262200868417e-06,C
1710869618,1,-4.291154701338562e-06,C
2549196227,1,-2.77053340163513e-05,C
2549196227,1,-1.275096215612101e-05,C
2549196227,1,-1.4848321580605492e-05,C
2549196227,1,-1.4848321580605492e-05,C
2549196227,1,-2.77053340163513e-05,C
2856245513,1,-4.18265874102975e-06,C
2856245513,1,2.1247063372901824e-05,C
2856245513,1,1.0613630107942848e-05,C
2856245513,1,3.58800142102253e-05,C
2856245513,1,-2.103405941315979e-06,C
1999077141,1,0.0,
1999077141,1,0.0,
1999077141,1,0.0,
1999077141,1,0.0,
1999077141,1,0.0,
817588605,1,3.1524100046211555e-05,C
817588605,1,-1.7005501279663236e-05,C
817588605,1,8.055331473990486e-08,C
817588605,1,8.540360769522352e-06,C
817588605,1,2.7280713451693743e-05,C
3430642422,1,1.2789705034554203e-05,C
3430642422,1,1.4836317350043655e-05,C
3430642422,1,1.9091645076368784e-05,C
3430642422,1,8.540360769522352e-06,C
3430642422,1,1.6915570149757427e-05,C
1528304983,1,-1.065966446407718e-05,N
1528304983,1,-8.459807454782448e-06,N
1528304983,1,-4.18265874102975e-06,N
1528304983,1,-8.459807454782448e-06,N
1528304983,1,-4.18265874102975e-06,N
3873941611,1,4.277148713752697e-06,C
3873941611,1,4.277148713752697e-06,C
3873941611,1,0.0,C
3873941611,1,0.0,C
3873941611,1,0.0,C
2687950697,1,-4.291154701338562e-06,C
2687950697,1,-4.291154701338562e-06,C
2687950697,1,-8.459807454782448e-06,C
2687950697,1,0.0,C
2687950697,1,0.0,C
109461427,1,0.0,C
109461427,1,-8.59638518615341e-06,C
109461427,1,-1.2915761720595949e-05,C
109461427,1,-6.499025761668928e-06,C
109461427,1,-1.0812314170061297e-05,C
2950679810,1,8.375209380234207e-06,O
2950679810,1,-4.291154701338562e-06,O
2950679810,1,2.0944232057502725e-05,O
2950679810,1,1.6915570149757427e-05,O
2950679810,1,2.058570484391245e-05,O
2914536168,1,8.540360769522352e-06,C
2914536168,1,-1.065966446407718e-05,C
2914536168,1,-1.7005501279663236e-05,C
2914536168,1,-6.374545253914031e-06,C
2914536168,1,-1.7005501279663236e-05,C
1530636652,1,0.0,C
1530636652,1,0.0,C
1530636652,1,0.0,C
1530636652,1,0.0,C
1530636652,1,0.0,C
3043679972,1,0.0,
3043679972,1,0.0,
3043679972,1,0.0,
3043679972,1,0.0,
3043679972,1,0.0,
2529809651,1,0.0,C
2529809651,1,0.0,C
2529809651,1,0.0,C
2529809651,1,0.0,C
2529809651,1,0.0,C
1924383628,1,0.0,C
1924383628,1,8.375209380234207e-06,C
1924383628,1,0.0,C
1924383628,1,0.0,C
1924383628,1,0.0,C
4003049590,1,2.1918865128834134e-06,C
4003049590,1,6.461107969808581e-06,C
4003049590,1,2.1918865128834134e-06,C
4003049590,1,1.0567095893118487e-05,C
4003049590,1,6.461107969808581e-06,C
1026654305,1,1.898883948817705e-05,S
1026654305,1,5.166857805026948e-05,S
1026654305,1,3.123326105871748e-05,S
1026654305,1,2.696212174611943e-05,S
1026654305,1,-1.1459480842544725e-07,S
1542631284,1,0.0,O
1542631284,1,0.0,O
1542631284,1,0.0,O
1542631284,1,0.0,O
1542631284,1,0.0,O
1349670121,1,-4.291154701338562e-06,C
1349670121,1,0.0,C
1349670121,1,-4.291154701338562e-06,C
1349670121,1,-4.291154701338562e-06,C
1349670121,1,-4.291154701338562e-06,C
895118200,1,0.0,N
895118200,1,2.085262200868417e-06,N
895118200,1,0.0,N
895118200,1,0.0,N
895118200,1,0.0,N
269171368,1,-1.2648464571311628e-05,C
269171368,1,-1.915964019147051e-05,C
269171368,1,-1.6951769131141013e-05,C
269171368,1,1.4836317350043655e-05,C
269171368,1,-1.7056192640935858e-05,C
1583930800,1,0.0,C
1583930800,1,0.0,C
1583930800,1,0.0,C
1583930800,1,0.0,C
1583930800,1,0.0,C
738150152,1,-1.4848321580605492e-05,O
738150152,1,4.277148713752697e-06,O
738150152,1,-2.0912976920446982e-06,O
738150152,1,-1.275096215612101e-05,O
738150152,1,-1.4848321580605492e-05,O
1168541985,1,-1.275096215612101e-05,C
1168541985,1,-1.275096215612101e-05,C
1168541985,1,-1.275096215612101e-05,C
1168541985,1,-1.275096215612101e-05,C
1168541985,1,0.0,C
2747850234,1,1.9091645076368784e-05,C
2747850234,1,4.375845768940165e-06,C
2747850234,1,1.4836317350043655e-05,C
2747850234,1,1.0716435696134575e-05,C
2747850234,1,1.7012392276655013e-05,C
3134313966,1,1.2652358093987771e-05,O
3134313966,1,1.2652358093987771e-05,O
3134313966,1,1.2652358093987771e-05,O
3134313966,1,0.0,O
3134313966,1,0.0,O
1503972698,1,0.0,C
1503972698,1,0.0,C
1503972698,1,1.2652358093987771e-05,C
1503972698,1,1.2652358093987771e-05,C
1503972698,1,1.2652358093987771e-05,C
892756502,1,1.2652358093987771e-05,C
892756502,1,-2.199857009294731e-06,C
892756502,1,1.0567095893118487e-05,C
892756502,1,1.0567095893118487e-05,C
892756502,1,0.0,C
3136829774,1,0.0,N
3136829774,1,-8.459807454782448e-06,N
3136829774,1,0.0,N
3136829774,1,-8.459807454782448e-06,N
3136829774,1,0.0,N
3143719699,1,-6.691829569476036e-05,C
3143719699,1,-9.560973706775316e-05,C
3143719699,1,-6.907141707482561e-05,C
3143719699,1,-4.722733527306924e-05,C
3143719699,1,-6.25679166408764e-05,C
1360035982,1,0.0,N
1360035982,1,0.0,N
1360035982,1,0.0,N
1360035982,1,0.0,N
1360035982,1,0.0,N
908339072,1,1.0613630107942848e-05,C
908339072,1,4.164515000582188e-06,C
908339072,1,2.085262200868417e-06,C
908339072,1,1.9091645076368784e-05,C
908339072,1,-1.0699832736688064e-05,C
974827889,1,0.0,C
974827889,1,-2.0912976920446982e-06,C
974827889,1,2.1918865128834134e-06,C
974827889,1,0.0,C
974827889,1,0.0,C
1343371647,1,-8.70302052382449e-06,N
1343371647,1,-4.077818888338896e-05,N
1343371647,1,-2.199857009294731e-06,N
1343371647,1,-4.301036661830907e-05,N
1343371647,1,-4.291154701338562e-06,N
2669055056,1,0.0,N
2669055056,1,0.0,N
2669055056,1,0.0,N
2669055056,1,0.0,N
2669055056,1,0.0,N
2341585586,1,0.0,N
2341585586,1,0.0,N
2341585586,1,0.0,N
2341585586,1,0.0,N
2341585586,1,0.0,N
934540015,1,-1.4848321580605492e-05,C
934540015,1,0.0,C
934540015,1,-1.4848321580605492e-05,C
934540015,1,0.0,C
934540015,1,0.0,C
3794207567,1,-2.0912976920446982e-06,C
3794207567,1,1.0567095893118487e-05,C
3794207567,1,1.2652358093987771e-05,C
3794207567,1,-2.0912976920446982e-06,C
3794207567,1,6.237784339002683e-06,C
3278587996,1,4.277148713752697e-06,C
3278587996,1,0.0,C
3278587996,1,0.0,C
3278587996,1,0.0,C
3278587996,1,0.0,C
4223108416,1,0.0,C
4223108416,1,0.0,C
4223108416,1,0.0,C
4223108416,1,0.0,C
4223108416,1,0.0,C
1131570738,1,0.0,N
1131570738,1,0.0,N
1131570738,1,0.0,N
1131570738,1,0.0,N
1131570738,1,0.0,N
2258843522,1,-4.291154701338562e-06,C
2258843522,1,-2.2117580591920347e-07,C
2258843522,1,-4.291154701338562e-06,C
2258843522,1,-4.291154701338562e-06,C
2258843522,1,-6.499025761668928e-06,C
4257302536,1,1.2789705034554203e-05,N
4257302536,1,-2.77053340163513e-05,N
4257302536,1,-3.6239919961948176e-05,N
4257302536,1,-6.267920941899034e-06,N
4257302536,1,-2.549746295602267e-05,N
2840370843,1,-1.0551105146827146e-05,C
2840370843,1,-2.560083499741472e-05,C
2840370843,1,-1.7005501279663236e-05,C
2840370843,1,-3.858181147998758e-05,C
2840370843,1,-2.9946737928720175e-05,C
1420730566,1,-2.0912976920446982e-06,C
1420730566,1,1.2680941775849304e-05,C
1420730566,1,4.164515000582188e-06,C
1420730566,1,0.0,C
1420730566,1,0.0,C
434045476,1,0.0,O
434045476,1,0.0,O
434045476,1,0.0,O
434045476,1,0.0,O
434045476,1,0.0,O
894436332,1,-8.459807454782448e-06,N
894436332,1,-8.459807454782448e-06,N
894436332,1,-1.275096215612101e-05,N
894436332,1,-8.459807454782448e-06,N
894436332,1,-8.459807454782448e-06,N
3117292559,1,-4.291154701338562e-06,C
3117292559,1,0.0,C
3117292559,1,-4.291154701338562e-06,C
3117292559,1,-4.291154701338562e-06,C
3117292559,1,0.0,C
1923187777,1,-0.0004188100901037,N
1923187777,1,-0.0004361766736143,N
1923187777,1,4.758445674702457e-05,N
1923187777,1,-0.0004220742024936,N
1923187777,1,-0.0003823319816368,N
2530048747,1,-4.18265874102975e-06,N
2530048747,1,-1.275096215612101e-05,N
2530048747,1,1.0613630107942848e-05,N
2530048747,1,-8.459807454782448e-06,N
2530048747,1,-2.7729693753986324e-05,N
622481563,1,-4.291154701338562e-06,C
622481563,1,-2.199857009294731e-06,C
622481563,1,-4.291154701338562e-06,C
622481563,1,-4.291154701338562e-06,C
622481563,1,-4.291154701338562e-06,C
1922070456,1,0.0,C
1922070456,1,0.0,C
1922070456,1,0.0,C
1922070456,1,0.0,C
1922070456,1,0.0,C
3995043796,1,1.4857016702461529e-05,C
3995043796,1,-3.40524716688417e-05,C
3995043796,1,-1.9002271883309003e-05,C
3995043796,1,-2.9814896239999285e-05,C
3995043796,1,-2.3504527041332164e-05,C
2065735937,1,0.0,C
2065735937,1,2.085262200868417e-06,C
2065735937,1,1.4742321416015213e-05,C
2065735937,1,0.0,C
2065735937,1,1.2680941775849304e-05,C
3308295291,1,-8.359218633942865e-06,C
3308295291,1,-4.1886571165291805e-06,C
3308295291,1,6.378438776590174e-06,C
3308295291,1,-1.906133135478813e-05,C
3308295291,1,-4.1886571165291805e-06,C
584893129,1,1.0058882083958248e-07,C
584893129,1,1.0058882083958248e-07,C
584893129,1,4.1865522637058936e-06,C
584893129,1,-2.0912976920446982e-06,C
584893129,1,-4.1886571165291805e-06,C
413654173,1,0.0,C
413654173,1,0.0,C
413654173,1,0.0,C
413654173,1,0.0,C
413654173,1,2.085262200868417e-06,C
68671624,1,0.0,
68671624,1,0.0,
68671624,1,0.0,
68671624,1,0.0,
68671624,1,0.0,
2488692798,1,1.046047158110349e-05,C
2488692798,1,1.8761836185652789e-06,C
2488692798,1,1.2375928642412331e-05,C
2488692798,1,1.2259355274125798e-05,C
2488692798,1,1.2375928642412331e-05,C
3084241488,1,1.0567095893118487e-05,C
3084241488,1,8.475798201074657e-06,C
3084241488,1,-4.1886571165291805e-06,C
3084241488,1,1.0058882083958248e-07,C
3084241488,1,-4.1886571165291805e-06,C
4158944142,1,-4.291154701338562e-06,C
4158944142,1,-2.199857009294731e-06,C
4158944142,1,-4.291154701338562e-06,C
4158944142,1,-4.291154701338562e-06,C
4158944142,1,-2.199857009294731e-06,C
1469940320,1,0.0,C
1469940320,1,0.0,C
1469940320,1,0.0,C
1469940320,1,0.0,C
1469940320,1,0.0,C
662511025,1,-1.4848321580605492e-05,N
662511025,1,-4.1886571165291805e-06,N
662511025,1,-1.4848321580605492e-05,N
662511025,1,-4.1886571165291805e-06,N
662511025,1,-8.491961676358566e-06,N
2908279847,1,2.085262200868417e-06,C
2908279847,1,0.0,C
2908279847,1,0.0,C
2908279847,1,0.0,C
2908279847,1,2.085262200868417e-06,C
68650007,1,-2.0912976920446982e-06,C
68650007,1,2.1918865128834134e-06,C
68650007,1,4.277148713752697e-06,C
68650007,1,6.461107969808581e-06,C
68650007,1,4.277148713752697e-06,C
3337420400,1,-8.459807454782448e-06,C
3337420400,1,2.085262200868417e-06,C
3337420400,1,-1.7056192640935858e-05,C
3337420400,1,-8.574402263207895e-06,C
3337420400,1,-1.065966446407718e-05,C
1979311206,1,0.0,O
1979311206,1,0.0,O
1979311206,1,0.0,O
1979311206,1,0.0,O
1979311206,1,0.0,O
2849741637,1,0.0,C
2849741637,1,0.0,C
2849741637,1,0.0,C
2849741637,1,0.0,C
2849741637,1,0.0,C
1664608228,1,0.0,C
1664608228,1,0.0,C
1664608228,1,0.0,C
1664608228,1,0.0,C
1664608228,1,0.0,C
1121298566,1,-1.2915761720595949e-05,C
1121298566,1,-6.388514125823044e-06,C
1121298566,1,-6.388514125823044e-06,C
1121298566,1,-1.5025323944243932e-05,C
1121298566,1,-4.291154701338562e-06,C
3531344838,1,0.0,S
3531344838,1,0.0,S
3531344838,1,0.0,S
3531344838,1,0.0,S
3531344838,1,-4.291154701338562e-06,S
3273018953,1,1.4857016702461529e-05,C
3273018953,1,2.085262200868417e-06,C
3273018953,1,2.116491441478841e-05,C
3273018953,1,2.116491441478841e-05,C
3273018953,1,2.7461838938027013e-05,C
2034850751,1,0.0,C
2034850751,1,0.0,C
2034850751,1,0.0,C
2034850751,1,0.0,C
2034850751,1,0.0,C
4104822550,1,0.0,C
4104822550,1,0.0,C
4104822550,1,0.0,C
4104822550,1,0.0,C
4104822550,1,0.0,C
1704599822,1,0.0,C
1704599822,1,0.0,C
1704599822,1,0.0,C
1704599822,1,0.0,C
1704599822,1,0.0,C
3019519651,1,0.0,C
3019519651,1,0.0,C
3019519651,1,0.0,C
3019519651,1,0.0,C
3019519651,1,0.0,C
3781885420,1,0.0,N
3781885420,1,0.0,N
3781885420,1,0.0,N
3781885420,1,0.0,N
3781885420,1,0.0,N
579898624,1,0.0,C
579898624,1,0.0,C
579898624,1,0.0,C
579898624,1,0.0,C
579898624,1,0.0,C
899522708,1,0.0,
899522708,1,0.0,
899522708,1,0.0,
899522708,1,0.0,
899522708,1,0.0,
550081331,1,-4.291154701338562e-06,C
550081331,1,-8.574402263207895e-06,C
550081331,1,2.085262200868417e-06,C
550081331,1,8.540360769522352e-06,C
550081331,1,-2.103405941315979e-06,C
104363044,1,-1.6951769131141013e-05,N
104363044,1,-1.6951769131141013e-05,N
104363044,1,-2.0912976920446982e-06,N
104363044,1,-2.1269202415118496e-05,N
104363044,1,1.0058882083958248e-07,N
2072239802,1,-0.0001203484825677,C
2072239802,1,-0.000190875608647,C
2072239802,1,-0.0001654785443323,C
2072239802,1,-8.081159441908781e-05,C
2072239802,1,-0.0001608134614274,C
3394178578,1,0.0,C
3394178578,1,4.277148713752697e-06,C
3394178578,1,2.085262200868417e-06,C
3394178578,1,0.0,C
3394178578,1,0.0,C
2013664411,1,0.0,C
2013664411,1,0.0,C
2013664411,1,0.0,C
2013664411,1,0.0,C
2013664411,1,0.0,C
3346582092,1,-1.9967706036449e-06,N
3346582092,1,-6.2921046670638345e-06,N
3346582092,1,-1.2717227498394884e-05,N
3346582092,1,-4.1886571165291805e-06,N
3346582092,1,-4.100218154179554e-06,N
4291484675,1,2.1918865128834134e-06,N
4291484675,1,-2.0912976920446982e-06,N
4291484675,1,8.375209380234207e-06,N
4291484675,1,0.0,N
4291484675,1,1.0567095893118487e-05,N
3275683399,1,-2.0912976920446982e-06,N
3275683399,1,1.0567095893118487e-05,N
3275683399,1,8.375209380234207e-06,N
3275683399,1,1.0567095893118487e-05,N
3275683399,1,1.2652358093987771e-05,N
2775257855,1,0.0,C
2775257855,1,0.0,C
2775257855,1,0.0,C
2775257855,1,0.0,C
2775257855,1,0.0,C
2810421479,1,0.0,O
2810421479,1,0.0,O
2810421479,1,0.0,O
2810421479,1,0.0,O
2810421479,1,0.0,O
2662374534,1,0.0,
2662374534,1,0.0,
2662374534,1,0.0,
2662374534,1,0.0,
2662374534,1,0.0,
3461773897,1,7.309107401682387e-05,N
3461773897,1,2.9622272753136895e-05,N
3461773897,1,5.861475443480046e-05,N
3461773897,1,1.680488023212117e-05,N
3461773897,1,6.084590744174622e-05,N
344019891,1,-2.0912976920446982e-06,N
344019891,1,-2.338490601350683e-05,N
344019891,1,-2.199857009294731e-06,N
344019891,1,-1.0551105146827146e-05,N
344019891,1,2.1918865128834134e-06,N
3402570011,1,0.0,
3402570011,1,0.0,
3402570011,1,0.0,
3402570011,1,0.0,
3402570011,1,0.0,
1199016914,1,0.0,C
1199016914,1,1.046047158110349e-05,C
1199016914,1,0.0,C
1199016914,1,1.2652358093987771e-05,C
1199016914,1,0.0,C
1714595447,1,1.898883948817705e-05,C
1714595447,1,2.32322260826966e-05,C
1714595447,1,1.2539724380817262e-05,C
1714595447,1,1.9091645076368784e-05,C
1714595447,1,1.9091645076368784e-05,C
871396902,1,0.0,C
871396902,1,0.0,C
871396902,1,0.0,C
871396902,1,0.0,C
871396902,1,0.0,C
2845936339,1,0.0,C
2845936339,1,0.0,C
2845936339,1,0.0,C
2845936339,1,0.0,C
2845936339,1,0.0,C
3880022399,1,0.0,C
3880022399,1,0.0,C
3880022399,1,0.0,C
3880022399,1,0.0,C
3880022399,1,0.0,C
410310586,1,0.0,C
410310586,1,0.0,C
410310586,1,0.0,C
410310586,1,0.0,C
410310586,1,0.0,C
2612409031,1,0.0,C
2612409031,1,0.0,C
2612409031,1,0.0,C
2612409031,1,0.0,C
2612409031,1,0.0,C
2375987095,1,0.0,C
2375987095,1,0.0,C
2375987095,1,0.0,C
2375987095,1,0.0,C
2375987095,1,0.0,C
1294138518,1,1.4731610893701542e-05,S
1294138518,1,4.277148713752697e-06,S
1294138518,1,8.375209380234207e-06,S
1294138518,1,2.085262200868417e-06,S
1294138518,1,1.2652358093987771e-05,S
293971392,1,-4.291154701338562e-06,N
293971392,1,4.084054678895645e-06,N
293971392,1,6.175352370939476e-06,N
293971392,1,-4.291154701338562e-06,N
293971392,1,-6.499025761668928e-06,N
4036774035,1,0.0,C
4036774035,1,0.0,C
4036774035,1,0.0,C
4036774035,1,0.0,C
4036774035,1,0.0,C
1010142783,1,-2.12966559810018e-05,O
1010142783,1,-1.275096215612101e-05,O
1010142783,1,-1.275096215612101e-05,O
1010142783,1,-1.275096215612101e-05,O
1010142783,1,-2.12966559810018e-05,O
3120364749,1,0.0,
3120364749,1,0.0,
3120364749,1,0.0,
3120364749,1,0.0,
3120364749,1,0.0,
3662562115,1,-3.013660289635095e-08,C
3662562115,1,3.369233326137606e-05,C
3662562115,1,1.6915570149757427e-05,C
3662562115,1,3.1524100046211555e-05,C
3662562115,1,6.356401513466468e-06,C
3921298496,1,-1.9967706036449e-06,C
3921298496,1,-2.0912976920446982e-06,C
3921298496,1,1.0058882083958248e-07,C
3921298496,1,1.0058882083958248e-07,C
3921298496,1,-4.1886571165291805e-06,C
737501821,1,-8.459807454782448e-06,C
737501821,1,-8.459807454782448e-06,C
737501821,1,-8.459807454782448e-06,C
737501821,1,-8.459807454782448e-06,C
737501821,1,-8.459807454782448e-06,C
2024004397,1,-1.4839099328848963e-05,N
2024004397,1,-1.2809394960336049e-05,N
2024004397,1,-1.2717227498394884e-05,N
2024004397,1,1.065975745713054e-05,N
2024004397,1,1.0058882083958248e-07,N
751208592,1,0.0,C
751208592,1,0.0,C
751208592,1,0.0,C
751208592,1,-4.291154701338562e-06,C
751208592,1,0.0,C
3953445033,1,2.1918865128834134e-06,S
3953445033,1,2.1918865128834134e-06,S
3953445033,1,2.1918865128834134e-06,S
3953445033,1,2.1918865128834134e-06,S
3953445033,1,2.1918865128834134e-06,S
497870099,1,-2.359960027622978e-05,C
497870099,1,1.4731610893701542e-05,C
497870099,1,-2.13755691753784e-05,C
497870099,1,-2.13755691753784e-05,C
497870099,1,-1.4958833216451375e-05,C
3417531975,1,0.0,C
3417531975,1,0.0,C
3417531975,1,0.0,C
3417531975,1,0.0,C
3417531975,1,0.0,C
1044405971,1,0.0,C
1044405971,1,0.0,C
1044405971,1,0.0,C
1044405971,1,0.0,C
1044405971,1,0.0,C
2394338241,1,4.277148713752697e-06,C
2394338241,1,4.277148713752697e-06,C
2394338241,1,0.0,C
2394338241,1,4.277148713752697e-06,C
2394338241,1,4.277148713752697e-06,C
1271691605,1,0.000202628434898,S
1271691605,1,9.95912487472524e-05,S
1271691605,1,0.0001928176819618,S
1271691605,1,0.0002364652296076,S
1271691605,1,0.0001872485831456,S
3643491447,1,0.0,C
3643491447,1,0.0,C
3643491447,1,0.0,C
3643491447,1,0.0,C
3643491447,1,0.0,C
21411075,1,0.0,C
21411075,1,0.0,C
21411075,1,0.0,C
21411075,1,0.0,C
21411075,1,0.0,C
413381818,1,0.0,C
413381818,1,0.0,C
413381818,1,0.0,C
413381818,1,0.0,C
413381818,1,0.0,C
3082607741,1,0.0,
3082607741,1,0.0,
3082607741,1,0.0,
3082607741,1,0.0,
3082607741,1,0.0,
4216649732,1,5.434683102497912e-05,S
4216649732,1,3.780897877056922e-05,S
4216649732,1,3.551241077667366e-05,S
4216649732,1,3.780897877056922e-05,S
4216649732,1,3.9841077806948046e-05,S
371876130,1,0.0,
371876130,1,0.0,
371876130,1,0.0,
371876130,1,0.0,
371876130,1,0.0,
1978844073,1,0.0,O
1978844073,1,0.0,O
1978844073,1,0.0,O
1978844073,1,0.0,O
1978844073,1,0.0,O
1671692019,1,8.540360769522352e-06,C
1671692019,1,8.540360769522352e-06,C
1671692019,1,1.2789705034554203e-05,C
1671692019,1,8.540360769522352e-06,C
1671692019,1,8.540360769522352e-06,C
2070976245,1,-2.12966559810018e-05,C
2070976245,1,-1.065966446407718e-05,C
2070976245,1,-1.9205358288957967e-05,C
2070976245,1,-1.7005501279663236e-05,C
2070976245,1,-2.12966559810018e-05,C
845764036,1,0.0,C
845764036,1,2.1918865128834134e-06,C
845764036,1,-2.0912976920446982e-06,C
845764036,1,2.1918865128834134e-06,C
845764036,1,2.1918865128834134e-06,C
2559453089,1,-1.7056192640935858e-05,C
2559453089,1,-1.275096215612101e-05,C
2559453089,1,-6.374545253914031e-06,C
2559453089,1,-1.275096215612101e-05,C
2559453089,1,-1.7056192640935858e-05,C
3286377484,1,0.0,
3286377484,1,0.0,
3286377484,1,0.0,
3286377484,1,0.0,
3286377484,1,0.0,
2200148275,1,0.0,N
2200148275,1,0.0,N
2200148275,1,2.085262200868417e-06,N
2200148275,1,0.0,N
2200148275,1,0.0,N
1962383056,1,0.0,N
1962383056,1,0.0,N
1962383056,1,-4.291154701338562e-06,N
1962383056,1,0.0,N
1962383056,1,0.0,N
3012778962,1,4.164515000582188e-06,N
3012778962,1,2.085262200868417e-06,N
3012778962,1,1.6918396342627436e-05,N
3012778962,1,8.540360769522352e-06,N
3012778962,1,2.105615115608351e-05,N
1620258790,1,6.283911688190376e-06,N
1620258790,1,6.283911688190376e-06,N
1620258790,1,6.283911688190376e-06,N
1620258790,1,6.283911688190376e-06,N
1620258790,1,6.283911688190376e-06,N
3372254436,1,0.0,O
3372254436,1,0.0,O
3372254436,1,0.0,O
3372254436,1,0.0,O
3372254436,1,0.0,O
330223697,1,0.0,C
330223697,1,1.2652358093987771e-05,C
330223697,1,0.0,C
330223697,1,-4.291154701338562e-06,C
330223697,1,0.0,C
1208423463,1,-8.59638518615341e-06,C
1208423463,1,2.085262200868417e-06,C
1208423463,1,4.164515000582188e-06,C
1208423463,1,1.711837206482946e-05,C
1208423463,1,-4.072460948852108e-05,C
141882433,1,-4.291154701338562e-06,C
141882433,1,2.1918865128834134e-06,C
141882433,1,2.1918865128834134e-06,C
141882433,1,4.277148713752697e-06,C
141882433,1,4.277148713752697e-06,C
3727977332,1,4.277148713752697e-06,N
3727977332,1,2.085262200868417e-06,N
3727977332,1,2.085262200868417e-06,N
3727977332,1,2.085262200868417e-06,N
3727977332,1,4.277148713752697e-06,N
535847852,1,8.375209380234207e-06,C
535847852,1,1.4731610893701542e-05,C
535847852,1,-4.291154701338562e-06,C
535847852,1,-8.59638518615341e-06,C
535847852,1,-4.291154701338562e-06,C
422165373,1,0.0,C
422165373,1,-1.065966446407718e-05,C
422165373,1,0.0,C
422165373,1,-1.275096215612101e-05,C
422165373,1,0.0,C
176403689,1,0.0,C
176403689,1,2.085262200868417e-06,C
176403689,1,0.0,C
176403689,1,0.0,C
176403689,1,0.0,C
1735672143,1,8.565442462843582e-06,C
1735672143,1,2.9622272753136895e-05,C
1735672143,1,2.5400459297861104e-05,C
1735672143,1,1.6915570149757427e-05,C
1735672143,1,4.277148713752697e-06,C
1266193593,1,0.0,C
1266193593,1,0.0,C
1266193593,1,-8.459807454782448e-06,C
1266193593,1,-8.459807454782448e-06,C
1266193593,1,-2.13755691753784e-05,C
29410177,1,0.0,
29410177,1,0.0,
29410177,1,0.0,
29410177,1,0.0,
29410177,1,0.0,
808416955,1,7.389999493200104e-05,S
808416955,1,0.0001276702728608,S
808416955,1,8.244568875688269e-05,S
808416955,1,9.881024400080606e-05,S
808416955,1,9.881024400080606e-05,S
1949014205,1,0.0,C
1949014205,1,0.0,C
1949014205,1,0.0,C
1949014205,1,0.0,C
1949014205,1,0.0,C
3431706413,1,0.0,
3431706413,1,0.0,
3431706413,1,0.0,
3431706413,1,0.0,
3431706413,1,0.0,
150310,1,0.0,C
150310,1,4.277148713752697e-06,C
150310,1,0.0,C
150310,1,0.0,C
150310,1,0.0,C
465304290,1,1.2965849926695194e-05,C
465304290,1,2.1338360155332727e-05,C
465304290,1,2.760017364023676e-05,C
465304290,1,-8.401666890711819e-06,C
465304290,1,-1.9078867592309257e-06,C
3093061208,1,-2.12966559810018e-05,C
3093061208,1,-2.12966559810018e-05,C
3093061208,1,-2.12966559810018e-05,C
3093061208,1,-2.12966559810018e-05,C
3093061208,1,-2.5601886465816646e-05,C
3012865236,1,0.0,N
3012865236,1,2.1918865128834134e-06,N
3012865236,1,0.0,N
3012865236,1,-4.291154701338562e-06,N
3012865236,1,2.1918865128834134e-06,N
792968423,1,-1.7056192640935858e-05,C
792968423,1,-1.7056192640935858e-05,C
792968423,1,-4.291154701338562e-06,C
792968423,1,-1.275096215612101e-05,C
792968423,1,-1.275096215612101e-05,C
170727310,1,0.0001275408448023,C
170727310,1,-1.275096215612101e-05,C
170727310,1,-8.459807454782448e-06,C
170727310,1,0.0001340238860165,C
170727310,1,0.0,C
2459558207,1,0.0,C
2459558207,1,0.0,C
2459558207,1,0.0,C
2459558207,1,-4.291154701338562e-06,C
2459558207,1,-2.199857009294731e-06,C
1323888424,1,0.0,
1323888424,1,0.0,
1323888424,1,0.0,
1323888424,1,0.0,
1323888424,1,0.0,
2975116251,1,2.1918865128834134e-06,N
2975116251,1,1.0567095893118487e-05,N
2975116251,1,1.0567095893118487e-05,N
2975116251,1,2.1918865128834134e-06,N
2975116251,1,2.1918865128834134e-06,N
1819912581,1,2.3023484857216496e-05,C
1819912581,1,-1.906133135478813e-05,C
1819912581,1,-4.18265874102975e-06,C
1819912581,1,-4.291154701338562e-06,C
1819912581,1,4.277148713752697e-06,C
335878828,1,0.0,
335878828,1,0.0,
335878828,1,0.0,
335878828,1,0.0,
335878828,1,0.0,
3975295864,1,0.0,C
3975295864,1,0.0,C
3975295864,1,-8.459807454782448e-06,C
3975295864,1,0.0,C
3975295864,1,0.0,C
239116674,1,-6.374545253914031e-06,C
239116674,1,-6.374545253914031e-06,C
239116674,1,-6.374545253914031e-06,C
239116674,1,4.277148713752697e-06,C
239116674,1,-2.103405941315979e-06,C
3538861869,1,-2.5601886465816646e-05,C
3538861869,1,-2.5601886465816646e-05,C
3538861869,1,-2.12966559810018e-05,C
3538861869,1,-2.12966559810018e-05,C
3538861869,1,-1.275096215612101e-05,C
934550081,1,2.1918865128834134e-06,N
934550081,1,2.1918865128834134e-06,N
934550081,1,2.1918865128834134e-06,N
934550081,1,-2.0912976920446982e-06,N
934550081,1,2.1918865128834134e-06,N
3316027208,1,0.0,C
3316027208,1,0.0,C
3316027208,1,0.0,C
3316027208,1,0.0,C
3316027208,1,0.0,C
2865977551,1,5.028562819305981e-05,S
2865977551,1,2.529360572286164e-05,S
2865977551,1,4.201921175114431e-05,S
2865977551,1,4.631684891023488e-05,S
2865977551,1,3.167774586138126e-05,S
3183067622,1,-2.9929550763281056e-05,O
3183067622,1,-1.7005501279663236e-05,O
3183067622,1,-4.18265874102975e-06,O
3183067622,1,-6.374545253914031e-06,O
3183067622,1,-1.0767716940660551e-05,O
564293713,1,-1.5139792821447331e-05,S
564293713,1,8.375209380234207e-06,S
564293713,1,-4.661135890677605e-06,S
564293713,1,3.9674813106108445e-06,S
564293713,1,-1.5139792821447331e-05,S
1428903162,1,0.0,C
1428903162,1,0.0,C
1428903162,1,0.0,C
1428903162,1,0.0,C
1428903162,1,0.0,C
1467524174,1,4.164515000582188e-06,C
1467524174,1,4.164515000582188e-06,C
1467524174,1,1.4731610893701542e-05,C
1467524174,1,2.085262200868417e-06,C
1467524174,1,2.085262200868417e-06,C
651269745,1,0.0,
651269745,1,0.0,
651269745,1,0.0,
651269745,1,0.0,
651269745,1,0.0,
3268335377,1,0.0,N
3268335377,1,0.0,N
3268335377,1,0.0,N
3268335377,1,0.0,N
3268335377,1,0.0,N
1280488931,1,0.0,N
1280488931,1,0.0,N
1280488931,1,0.0,N
1280488931,1,0.0,N
1280488931,1,0.0,N
2098262959,1,0.0,
2098262959,1,0.0,
2098262959,1,0.0,
2098262959,1,0.0,
2098262959,1,0.0,
2485994647,1,-8.459807454782448e-06,N
2485994647,1,-8.459807454782448e-06,N
2485994647,1,-1.275096215612101e-05,N
2485994647,1,-1.275096215612101e-05,N
2485994647,1,-8.459807454782448e-06,N
3088984962,1,0.0,C
3088984962,1,-2.199857009294731e-06,C
3088984962,1,0.0,C
3088984962,1,-4.291154701338562e-06,C
3088984962,1,-4.291154701338562e-06,C
3042542132,1,-8.459807454782448e-06,N
3042542132,1,-1.724935504509445e-05,N
3042542132,1,-2.13755691753784e-05,N
3042542132,1,-2.5709162499876898e-05,N
3042542132,1,-2.5709162499876898e-05,N
373109870,1,0.0,C
373109870,1,1.6667083343750895e-05,C
373109870,1,8.375209380234207e-06,C
373109870,1,1.2652358093987771e-05,C
373109870,1,0.0,C
2677752761,1,0.0,C
2677752761,1,0.0,C
2677752761,1,0.0,C
2677752761,1,0.0,C
2677752761,1,0.0,C
3807907321,1,-4.1886571165291805e-06,O
3807907321,1,-1.0601523900005684e-05,O
3807907321,1,-1.9967706036449e-06,O
3807907321,1,-6.388514125823044e-06,O
3807907321,1,1.0058882083958248e-07,O
2587571567,1,0.0,C
2587571567,1,4.277148713752697e-06,C
2587571567,1,-1.0699832736688064e-05,C
2587571567,1,0.0,C
2587571567,1,4.277148713752697e-06,C
3701504231,1,1.2789705034554203e-05,N
3701504231,1,-2.13755691753784e-05,N
3701504231,1,-8.459807454782448e-06,N
3701504231,1,1.2789705034554203e-05,N
3701504231,1,-1.0551105146827146e-05,N
369315086,1,0.0,C
369315086,1,0.0,C
369315086,1,0.0,C
369315086,1,0.0,C
369315086,1,0.0,C
1965692378,1,0.0001905533632668,N
1965692378,1,0.0,N
1965692378,1,0.0,N
1965692378,1,0.0001276702728608,N
1965692378,1,0.0,N
1633777018,1,2.085262200868417e-06,C
1633777018,1,4.277148713752697e-06,C
1633777018,1,4.277148713752697e-06,C
1633777018,1,0.0,C
1633777018,1,0.0,C
3757038672,1,-4.291154701338562e-06,C
3757038672,1,0.0,C
3757038672,1,-8.459807454782448e-06,C
3757038672,1,-4.291154701338562e-06,C
3757038672,1,-4.291154701338562e-06,C
2677858541,1,-4.505966609149627e-05,C
2677858541,1,-2.339401540548628e-05,C
2677858541,1,-6.932319575121606e-05,C
2677858541,1,-4.967020813401168e-05,C
2677858541,1,-1.2840986279081049e-05,C
1446204275,1,-1.4848321580605492e-05,C
1446204275,1,-1.9986994849738662e-06,C
1446204275,1,6.39720924767908e-06,C
1446204275,1,-1.915964019147051e-05,C
1446204275,1,2.1538226531604004e-06,C
3589407776,1,4.277148713752697e-06,C
3589407776,1,4.277148713752697e-06,C
3589407776,1,0.0,C
3589407776,1,4.277148713752697e-06,C
3589407776,1,4.277148713752697e-06,C
3083149185,1,0.0,
3083149185,1,0.0,
3083149185,1,0.0,
3083149185,1,0.0,
3083149185,1,0.0,
337875000,1,0.0,C
337875000,1,0.0,C
337875000,1,4.277148713752697e-06,C
337875000,1,4.277148713752697e-06,C
337875000,1,0.0,C
3887884923,1,0.0,C
3887884923,1,-1.7005501279663236e-05,C
3887884923,1,0.0,C
3887884923,1,0.0,C
3887884923,1,-8.459807454782448e-06,C
4256629345,1,2.312819131355861e-05,C
4256629345,1,2.53042662401717e-05,C
4256629345,1,8.375209380234207e-06,C
4256629345,1,3.351404244167182e-05,C
4256629345,1,1.885896985663431e-05,C
662595032,1,1.0058882083958248e-07,N
662595032,1,6.461107969808581e-06,N
662595032,1,8.637182896420806e-06,N
662595032,1,2.1259878291533287e-05,N
662595032,1,1.7012392276655013e-05,N
3777243454,1,2.7303698131021095e-05,C
3777243454,1,6.271649228972807e-05,C
3777243454,1,5.859854526301441e-05,C
3777243454,1,7.920481118824704e-05,C
3777243454,1,6.237784339002683e-06,C
982949046,1,0.0,
982949046,1,0.0,
982949046,1,0.0,
982949046,1,0.0,
982949046,1,0.0,
267757375,1,0.0,
267757375,1,0.0,
267757375,1,0.0,
267757375,1,0.0,
267757375,1,0.0,
2157595070,1,0.0,
2157595070,1,0.0,
2157595070,1,0.0,
2157595070,1,0.0,
2157595070,1,0.0,
895910141,1,-1.275096215612101e-05,C
895910141,1,-4.291154701338562e-06,C
895910141,1,-1.275096215612101e-05,C
895910141,1,-1.275096215612101e-05,C
895910141,1,-1.275096215612101e-05,C
3182041044,1,0.0,C
3182041044,1,0.0,C
3182041044,1,0.0,C
3182041044,1,0.0,C
3182041044,1,0.0,C
4105666400,1,0.0002171147026255,C
4105666400,1,0.0002255745100803,C
4105666400,1,0.0002171147026255,C
4105666400,1,0.000295074386332,C
4105666400,1,0.000295074386332,C
1891839201,1,0.0,C
1891839201,1,0.0,C
1891839201,1,0.0,C
1891839201,1,0.0,C
1891839201,1,0.0,C
2584230118,1,-2.0912976920446982e-06,C
2584230118,1,-2.0912976920446982e-06,C
2584230118,1,-2.0912976920446982e-06,C
2584230118,1,-2.0912976920446982e-06,C
2584230118,1,-2.0912976920446982e-06,C
3696402029,1,-2.199857009294731e-06,C
3696402029,1,-6.499025761668928e-06,C
3696402029,1,-2.199857009294731e-06,C
3696402029,1,2.085262200868417e-06,C
3696402029,1,-4.291154701338562e-06,C
1263988625,1,0.0,
1263988625,1,0.0,
1263988625,1,0.0,
1263988625,1,0.0,
1263988625,1,0.0,
829754261,1,4.277148713752697e-06,C
829754261,1,2.1918865128834134e-06,C
829754261,1,2.1918865128834134e-06,C
829754261,1,2.1918865128834134e-06,C
829754261,1,2.1918865128834134e-06,C
2841547777,1,0.0,C
2841547777,1,0.0,C
2841547777,1,0.0,C
2841547777,1,0.0,C
2841547777,1,0.0,C
3059129780,1,-4.1886571165291805e-06,C
3059129780,1,4.375845768940165e-06,C
3059129780,1,-4.1886571165291805e-06,C
3059129780,1,4.375845768940165e-06,C
3059129780,1,-4.1886571165291805e-06,C
3650394863,1,0.0,C
3650394863,1,0.0,C
3650394863,1,-8.459807454782448e-06,C
3650394863,1,-8.459807454782448e-06,C
3650394863,1,0.0,C
3288032115,1,8.375209380234207e-06,C
3288032115,1,-1.2915761720595949e-05,C
3288032115,1,-2.139096644976097e-05,C
3288032115,1,-1.0812314170061297e-05,C
3288032115,1,-2.361499755061149e-05,C
1308598964,1,-6.374545253914031e-06,C
1308598964,1,-8.59638518615341e-06,C
1308598964,1,-1.065966446407718e-05,C
1308598964,1,-1.7056192640935858e-05,C
1308598964,1,-4.291154701338562e-06,C
4081192417,1,0.0,
4081192417,1,0.0,
4081192417,1,0.0,
4081192417,1,0.0,
4081192417,1,0.0,
2085926208,1,0.0,
2085926208,1,0.0,
2085926208,1,0.0,
2085926208,1,0.0,
2085926208,1,0.0,
1852134816,1,-2.8087544498378237e-05,C
1852134816,1,-1.5025323944243932e-05,C
1852134816,1,-6.388514125823044e-06,C
1852134816,1,-2.3719108208857843e-05,C
1852134816,1,-2.3246233564538574e-06,C
3628883864,1,2.1918865128834134e-06,C
3628883864,1,2.1918865128834134e-06,C
3628883864,1,2.1918865128834134e-06,C
3628883864,1,2.1918865128834134e-06,C
3628883864,1,2.1918865128834134e-06,C
1228815484,1,-6.499025761668928e-06,C
1228815484,1,-1.0812314170061297e-05,C
1228815484,1,-2.199857009294731e-06,C
1228815484,1,-1.0812314170061297e-05,C
1228815484,1,-6.499025761668928e-06,C
2863170677,1,0.0,C
2863170677,1,0.0,C
2863170677,1,0.0,C
2863170677,1,0.0,C
2863170677,1,0.0,C
2126281302,1,0.0,C
2126281302,1,0.0,C
2126281302,1,0.0,C
2126281302,1,0.0,C
2126281302,1,0.0,C
3768390624,1,1.065975745713054e-05,C
3768390624,1,4.406254327798693e-05,C
3768390624,1,8.475798201074657e-06,C
3768390624,1,3.351404244167182e-05,C
3768390624,1,-1.7046970389178462e-05,C
2150151661,1,0.0,C
2150151661,1,0.0,C
2150151661,1,0.0,C
2150151661,1,0.0,C
2150151661,1,0.0,C
881868678,1,0.0,
881868678,1,0.0,
881868678,1,0.0,
881868678,1,0.0,
881868678,1,0.0,
1796784588,1,0.0,C
1796784588,1,0.0,C
1796784588,1,0.0,C
1796784588,1,0.0,C
1796784588,1,0.0,C
3892941493,1,0.0,N
3892941493,1,0.0,N
3892941493,1,0.0,N
3892941493,1,0.0,N
3892941493,1,-4.291154701338562e-06,N
847307936,1,0.0,C
847307936,1,0.0,C
847307936,1,0.0,C
847307936,1,0.0,C
847307936,1,0.0,C
1514288082,1,0.0,
1514288082,1,0.0,
1514288082,1,0.0,
1514288082,1,0.0,
1514288082,1,0.0,
287232915,1,2.085262200868417e-06,C
287232915,1,2.085262200868417e-06,C
287232915,1,2.085262200868417e-06,C
287232915,1,2.085262200868417e-06,C
287232915,1,2.085262200868417e-06,C
3292836937,1,0.0,
3292836937,1,0.0,
3292836937,1,0.0,
3292836937,1,0.0,
3292836937,1,0.0,
89961214,1,0.0,C
89961214,1,1.4731610893701542e-05,C
89961214,1,2.116491441478841e-05,C
89961214,1,2.116491441478841e-05,C
89961214,1,2.116491441478841e-05,C
1147977085,1,-1.2915761720595949e-05,C
1147977085,1,-4.291154701338562e-06,C
1147977085,1,-8.59638518615341e-06,C
1147977085,1,-6.499025761668928e-06,C
1147977085,1,-2.199857009294731e-06,C
636182019,1,0.0,C
636182019,1,0.0,C
636182019,1,0.0,C
636182019,1,0.0,C
636182019,1,0.0,C
799373156,1,-1.275096215612101e-05,C
799373156,1,0.0,C
799373156,1,-1.275096215612101e-05,C
799373156,1,0.0,C
799373156,1,-1.275096215612101e-05,C
636990493,1,0.0,
636990493,1,0.0,
636990493,1,0.0,
636990493,1,0.0,
636990493,1,0.0,
1078276907,1,0.0,C
1078276907,1,-2.5601886465816646e-05,C
1078276907,1,-1.4958833216451375e-05,C
1078276907,1,0.0,C
1078276907,1,-2.5601886465816646e-05,C
1421345390,1,0.0,C
1421345390,1,0.0,C
1421345390,1,2.085262200868417e-06,C
1421345390,1,0.0,C
1421345390,1,0.0,C
145374537,1,-4.291154701338562e-06,C
145374537,1,-1.275096215612101e-05,C
145374537,1,0.0,C
145374537,1,-1.275096215612101e-05,C
145374537,1,-2.199857009294731e-06,C
1256751600,1,0.0,C
1256751600,1,0.0,C
1256751600,1,0.0,C
1256751600,1,0.0,C
1256751600,1,0.0,C
30707086,1,-1.065966446407718e-05,C
30707086,1,-8.574402263207895e-06,C
30707086,1,-1.065966446407718e-05,C
30707086,1,-1.275096215612101e-05,C
30707086,1,-1.065966446407718e-05,C
454919045,1,-2.560083499741472e-05,N
454919045,1,-6.629751185403994e-06,N
454919045,1,4.274991226054653e-06,N
454919045,1,1.773754416383583e-07,N
454919045,1,3.549048965319386e-05,N
96001975,1,0.0,C
96001975,1,0.0,C
96001975,1,0.0,C
96001975,1,0.0,C
96001975,1,0.0,C
3632480728,1,8.375209380234207e-06,C
3632480728,1,2.520744411327238e-05,C
3632480728,1,8.375209380234207e-06,C
3632480728,1,2.0944232057502725e-05,C
3632480728,1,2.520744411327238e-05,C
2543587995,1,0.0,N
2543587995,1,4.277148713752697e-06,N
2543587995,1,0.0,N
2543587995,1,0.0,N
2543587995,1,-1.2915761720595949e-05,N
2664622273,1,0.0,C
2664622273,1,0.0,C
2664622273,1,2.085262200868417e-06,C
2664622273,1,-4.291154701338562e-06,C
2664622273,1,-2.199857009294731e-06,C
640282103,1,0.0,C
640282103,1,0.0,C
640282103,1,0.0,C
640282103,1,2.085262200868417e-06,C
640282103,1,0.0,C
552722929,1,0.0,C
552722929,1,4.277148713752697e-06,C
552722929,1,0.0,C
552722929,1,0.0,C
552722929,1,0.0,C
3304326854,1,0.0,C
3304326854,1,0.0,C
3304326854,1,0.0,C
3304326854,1,0.0,C
3304326854,1,0.0,C
932711668,1,4.164515000582188e-06,N
932711668,1,6.356401513466468e-06,N
932711668,1,6.356401513466468e-06,N
932711668,1,6.175352370939476e-06,N
932711668,1,4.277148713752697e-06,N
932734850,1,-6.374545253914031e-06,N
932734850,1,-8.459807454782448e-06,N
932734850,1,-6.374545253914031e-06,N
932734850,1,-4.18265874102975e-06,N
932734850,1,-1.065966446407718e-05,N
3198482033,1,0.0,C
3198482033,1,0.0,C
3198482033,1,0.0,C
3198482033,1,0.0,C
3198482033,1,0.0,C
2843970853,1,-2.199857009294731e-06,C
2843970853,1,-1.065966446407718e-05,C
2843970853,1,-2.199857009294731e-06,C
2843970853,1,-4.18265874102975e-06,C
2843970853,1,-8.459807454782448e-06,C
1167268241,1,0.0,C
1167268241,1,0.0,C
1167268241,1,0.0,C
1167268241,1,0.0,C
1167268241,1,0.0,C
1968143303,1,-1.915964019147051e-05,C
1968143303,1,-2.0912976920446982e-06,C
1968143303,1,-1.915964019147051e-05,C
1968143303,1,1.0567095893118487e-05,C
1968143303,1,1.0058882083958248e-07,C
132611095,1,0.0,C
132611095,1,-4.291154701338562e-06,C
132611095,1,-6.388514125823044e-06,C
132611095,1,-2.199857009294731e-06,C
132611095,1,1.6915570149757427e-05,C
1067305901,1,0.0,C
1067305901,1,8.375209380234207e-06,C
1067305901,1,0.0,C
1067305901,1,8.375209380234207e-06,C
1067305901,1,8.375209380234207e-06,C
4232044298,1,0.0,C
4232044298,1,0.0,C
4232044298,1,0.0,C
4232044298,1,0.0,C
4232044298,1,0.0,C
3924990413,1,2.312819131355861e-05,C
3924990413,1,1.9091645076368784e-05,C
3924990413,1,2.104292911269106e-05,C
3924990413,1,-4.215796245109031e-06,C
3924990413,1,-1.7098035292419274e-05,C
3163510888,1,4.277148713752697e-06,C
3163510888,1,4.277148713752697e-06,C
3163510888,1,4.277148713752697e-06,C
3163510888,1,4.277148713752697e-06,C
3163510888,1,4.277148713752697e-06,C
3370172965,1,0.0,C
3370172965,1,0.0,C
3370172965,1,0.0,C
3370172965,1,-8.459807454782448e-06,C
3370172965,1,-8.459807454782448e-06,C
1544255291,1,2.1918865128834134e-06,C
1544255291,1,0.0,C
1544255291,1,0.0,C
1544255291,1,1.9866952544111624e-06,C
1544255291,1,-4.291154701338562e-06,C
3961613636,1,0.0,C
3961613636,1,0.0,C
3961613636,1,0.0,C
3961613636,1,0.0,C
3961613636,1,0.0,C
50651170,1,0.0,C
50651170,1,0.0,C
50651170,1,0.0,C
50651170,1,0.0,C
50651170,1,0.0,C
3075896141,1,1.2652358093987771e-05,C
3075896141,1,2.116491441478841e-05,C
3075896141,1,3.791414671665185e-05,C
3075896141,1,1.2652358093987771e-05,C
3075896141,1,3.369233326137606e-05,C
172238518,1,0.0,C
172238518,1,0.0,C
172238518,1,0.0,C
172238518,1,0.0,C
172238518,1,-8.459807454782448e-06,C
2136803473,1,0.0,
2136803473,1,0.0,
2136803473,1,0.0,
2136803473,1,0.0,
2136803473,1,0.0,
1023209243,1,0.0,N
1023209243,1,0.0,N
1023209243,1,0.0,N
1023209243,1,0.0,N
1023209243,1,0.0,N
885408970,1,-1.2867535524406676e-05,O
885408970,1,-1.9272121624843742e-05,O
885408970,1,-8.714954745576813e-06,O
885408970,1,-2.78178154497254e-05,O
885408970,1,6.356401513466468e-06,O
1213407188,1,2.085262200868417e-06,C
1213407188,1,2.085262200868417e-06,C
1213407188,1,0.0,C
1213407188,1,0.0,C
1213407188,1,0.0,C
4210054575,1,-6.499025761668928e-06,N
4210054575,1,6.175352370939476e-06,N
4210054575,1,1.4467226334456164e-05,N
4210054575,1,-4.291154701338562e-06,N
4210054575,1,-4.291154701338562e-06,N
3871410344,1,0.0,N
3871410344,1,0.0,N
3871410344,1,0.0,N
3871410344,1,0.0,N
3871410344,1,0.0,N
1184436594,1,-8.459807454782448e-06,C
1184436594,1,-1.0551105146827146e-05,C
1184436594,1,0.0,C
1184436594,1,-1.0551105146827146e-05,C
1184436594,1,-6.388514125823044e-06,C
3431706412,1,0.0,
3431706412,1,0.0,
3431706412,1,0.0,
3431706412,1,0.0,
3431706412,1,0.0,
2758632892,1,1.0567095893118487e-05,C
2758632892,1,2.085262200868417e-06,C
2758632892,1,1.0567095893118487e-05,C
2758632892,1,1.0567095893118487e-05,C
2758632892,1,0.0,C
2131356872,1,0.0,C
2131356872,1,0.0,C
2131356872,1,0.0,C
2131356872,1,0.0,C
2131356872,1,0.0,C
3131896227,1,2.116491441478841e-05,C
3131896227,1,4.212229624749302e-05,C
3131896227,1,2.5400459297861104e-05,C
3131896227,1,4.277148713752697e-06,C
3131896227,1,1.9091645076368784e-05,C
2739425568,1,0.0,C
2739425568,1,0.0,C
2739425568,1,0.0,C
2739425568,1,0.0,C
2739425568,1,0.0,C
2917424199,1,0.0,N
2917424199,1,8.375209380234207e-06,N
2917424199,1,4.277148713752697e-06,N
2917424199,1,0.0,N
2917424199,1,0.0,N
740717125,1,0.0,C
740717125,1,0.0,C
740717125,1,0.0,C
740717125,1,0.0,C
740717125,1,0.0,C
2604399148,1,1.6915570149757427e-05,C
2604399148,1,0.0,C
2604399148,1,0.0,C
2604399148,1,0.0,C
2604399148,1,0.0,C
35816944,1,-2.78178154497254e-05,C
35816944,1,-1.7056192640935858e-05,C
35816944,1,-1.909679897170793e-05,C
35816944,1,-2.1269202415118496e-05,C
35816944,1,-8.359218633942865e-06,C
1623026378,1,0.0,C
1623026378,1,0.0,C
1623026378,1,0.0,C
1623026378,1,0.0,C
1623026378,1,0.0,C
1514095308,1,0.0,
1514095308,1,0.0,
1514095308,1,0.0,
1514095308,1,0.0,
1514095308,1,0.0,
1814116706,1,0.0,
1814116706,1,0.0,
1814116706,1,0.0,
1814116706,1,0.0,
1814116706,1,0.0,
3229069614,1,0.0,
3229069614,1,0.0,
3229069614,1,0.0,
3229069614,1,0.0,
3229069614,1,0.0,
269963113,1,0.0,
269963113,1,0.0,
269963113,1,0.0,
269963113,1,0.0,
269963113,1,0.0,
3375441982,1,0.0,
3375441982,1,0.0,
3375441982,1,0.0,
3375441982,1,0.0,
3375441982,1,0.0,
2537385504,1,0.0,C
2537385504,1,0.0,C
2537385504,1,0.0,C
2537385504,1,0.0,C
2537385504,1,0.0,C
1375082737,1,-3.214529410111144e-05,C
1375082737,1,4.329897579771758e-06,C
1375082737,1,1.2680941775849304e-05,C
1375082737,1,4.164515000582188e-06,C
1375082737,1,-6.495149463494124e-06,C
3972090239,1,2.1918865128834134e-06,C
3972090239,1,2.9622272753136895e-05,C
3972090239,1,2.102346137711989e-05,C
3972090239,1,-1.0551105146827146e-05,C
3972090239,1,4.277148713752697e-06,C
542715770,1,0.0,C
542715770,1,0.0,C
542715770,1,0.0,C
542715770,1,0.0,C
542715770,1,0.0,C
1835135892,1,0.0,C
1835135892,1,0.0,C
1835135892,1,0.0,C
1835135892,1,2.085262200868417e-06,C
1835135892,1,2.085262200868417e-06,C
3850856377,1,0.0,C
3850856377,1,0.0,C
3850856377,1,0.0,C
3850856377,1,0.0,C
3850856377,1,0.0,C
3007422704,1,0.0,O
3007422704,1,0.0,O
3007422704,1,0.0,O
3007422704,1,0.0,O
3007422704,1,0.0,O
2209842778,1,1.7012392276655013e-05,N
2209842778,1,2.0944232057502725e-05,N
2209842778,1,1.5045102726408964e-05,N
2209842778,1,1.288466891129908e-05,N
2209842778,1,1.4927130075785729e-05,N
2296764637,1,2.116491441478841e-05,C
2296764637,1,4.277148713752697e-06,C
2296764637,1,-1.275096215612101e-05,C
2296764637,1,-4.18265874102975e-06,C
2296764637,1,1.6915570149757427e-05,C
3929393147,1,0.0,C
3929393147,1,0.0,C
3929393147,1,0.0,C
3929393147,1,0.0,C
3929393147,1,0.0,C
2270589688,1,6.237784339002683e-06,N
2270589688,1,1.0613630107942848e-05,N
2270589688,1,2.116491441478841e-05,N
2270589688,1,1.0716435696134575e-05,N
2270589688,1,1.2789705034554203e-05,N
2592252298,1,-0.0001048104427927,C
2592252298,1,-0.0001969309736447,C
2592252298,1,-0.0001027130833682,C
2592252298,1,-0.0001356489250763,C
2592252298,1,-0.0001335515656518,C
4116013187,1,8.540360769522352e-06,C
4116013187,1,8.540360769522352e-06,C
4116013187,1,6.356401513466468e-06,C
4116013187,1,8.540360769522352e-06,C
4116013187,1,8.540360769522352e-06,C
372117123,1,0.0,S
372117123,1,0.0,S
372117123,1,0.0,S
372117123,1,0.0,S
372117123,1,0.0,S
2709179886,1,1.2652358093987771e-05,C
2709179886,1,1.2652358093987771e-05,C
2709179886,1,0.0,C
2709179886,1,1.2652358093987771e-05,C
2709179886,1,0.0,C
228862830,1,0.0,N
228862830,1,0.0,N
228862830,1,0.0,N
228862830,1,2.1918865128834134e-06,N
228862830,1,2.1918865128834134e-06,N
2300762321,1,-1.4848321580605492e-05,N
2300762321,1,2.1918865128834134e-06,N
2300762321,1,-1.2648464571311628e-05,N
2300762321,1,-8.459807454782448e-06,N
2300762321,1,-6.267920941899034e-06,N
4081192418,1,0.0,
4081192418,1,0.0,
4081192418,1,0.0,
4081192418,1,0.0,
4081192418,1,0.0,
4120224926,1,4.006682313924866e-05,C
4120224926,1,-6.388514125823044e-06,C
4120224926,1,3.358547968637746e-05,C
4120224926,1,-8.59638518615341e-06,C
4120224926,1,6.461107969808581e-06,C
1090571167,1,-1.4848321580605492e-05,N
1090571167,1,-2.339401540548628e-05,N
1090571167,1,-2.5601886465816646e-05,N
1090571167,1,-8.465140510141751e-06,N
1090571167,1,8.055331473990486e-08,N
369500293,1,-8.59638518615341e-06,C
369500293,1,0.0,C
369500293,1,-1.9272121624843742e-05,C
369500293,1,-4.291154701338562e-06,C
369500293,1,-1.9272121624843742e-05,C
3873306213,1,0.0,N
3873306213,1,0.0,N
3873306213,1,0.0,N
3873306213,1,0.0,N
3873306213,1,0.0,N
600377156,1,0.0,C
600377156,1,0.0,C
600377156,1,0.0,C
600377156,1,0.0,C
600377156,1,0.0,C
1946997629,1,0.0,
1946997629,1,0.0,
1946997629,1,0.0,
1946997629,1,0.0,
1946997629,1,0.0,
1044537682,1,0.0,
1044537682,1,0.0,
1044537682,1,0.0,
1044537682,1,0.0,
1044537682,1,0.0,
2077658817,1,1.288466891129908e-05,O
2077658817,1,3.3919909912226605e-05,O
2077658817,1,1.0716435696134575e-05,O
2077658817,1,8.637182896420806e-06,O
2077658817,1,3.585276707648594e-05,O
264974063,1,-8.459807454782448e-06,N
264974063,1,-8.459807454782448e-06,N
264974063,1,-8.459807454782448e-06,N
264974063,1,-1.275096215612101e-05,N
264974063,1,-8.459807454782448e-06,N
3792822921,1,0.0,
3792822921,1,0.0,
3792822921,1,0.0,
3792822921,1,0.0,
3792822921,1,0.0,
2575624905,1,0.0,C
2575624905,1,0.0,C
2575624905,1,0.0,C
2575624905,1,2.085262200868417e-06,C
2575624905,1,0.0,C
1640551393,1,0.0,C
1640551393,1,0.0,C
1640551393,1,0.0,C
1640551393,1,0.0,C
1640551393,1,0.0,C
3528517994,1,-2.12966559810018e-05,C
3528517994,1,-1.275096215612101e-05,C
3528517994,1,-1.275096215612101e-05,C
3528517994,1,0.0,C
3528517994,1,-1.275096215612101e-05,C
692277943,1,-2.0912976920446982e-06,N
692277943,1,-2.0912976920446982e-06,N
692277943,1,-4.291154701338562e-06,N
692277943,1,-1.0551105146827146e-05,N
692277943,1,-6.388514125823044e-06,N
990985258,1,0.0,
990985258,1,0.0,
990985258,1,0.0,
990985258,1,0.0,
990985258,1,0.0,
389385568,1,0.0,
389385568,1,0.0,
389385568,1,0.0,
389385568,1,0.0,
389385568,1,0.0,
597336504,1,0.0,C
597336504,1,0.0,C
597336504,1,0.0,C
597336504,1,0.0,C
597336504,1,0.0,C
744747118,1,-4.291154701338562e-06,S
744747118,1,-4.291154701338562e-06,S
744747118,1,-4.291154701338562e-06,S
744747118,1,-4.291154701338562e-06,S
744747118,1,-4.291154701338562e-06,S
1740651977,1,-2.77053340163513e-05,C
1740651977,1,-4.500345470542528e-05,C
1740651977,1,6.283911688190376e-06,C
1740651977,1,-4.291154701338562e-06,C
1740651977,1,-4.285267656519484e-05,C
1198890718,1,0.0,
1198890718,1,0.0,
1198890718,1,0.0,
1198890718,1,0.0,
1198890718,1,0.0,
544863012,1,0.0,C
544863012,1,0.0,C
544863012,1,0.0,C
544863012,1,0.0,C
544863012,1,0.0,C
2127647960,1,6.356401513466468e-06,C
2127647960,1,6.356401513466468e-06,C
2127647960,1,4.164515000582188e-06,C
2127647960,1,6.356401513466468e-06,C
2127647960,1,6.356401513466468e-06,C
3372972590,1,0.0,N
3372972590,1,0.0,N
3372972590,1,0.0,N
3372972590,1,0.0,N
3372972590,1,0.0,N
1145656637,1,0.0,
1145656637,1,0.0,
1145656637,1,0.0,
1145656637,1,0.0,
1145656637,1,0.0,
3781690415,1,-4.291154701338562e-06,C
3781690415,1,-4.291154701338562e-06,C
3781690415,1,-2.199857009294731e-06,C
3781690415,1,-4.291154701338562e-06,C
3781690415,1,-4.291154701338562e-06,C
2211843251,1,0.0,C
2211843251,1,0.0,C
2211843251,1,0.0,C
2211843251,1,0.0,C
2211843251,1,0.0,C
1378792052,1,0.0,C
1378792052,1,0.0,C
1378792052,1,0.0,C
1378792052,1,0.0,C
1378792052,1,0.0,C
4240369074,1,6.356401513466468e-06,C
4240369074,1,2.085262200868417e-06,C
4240369074,1,2.085262200868417e-06,C
4240369074,1,2.085262200868417e-06,C
4240369074,1,6.356401513466468e-06,C
3209892106,1,0.0,N
3209892106,1,0.0,N
3209892106,1,0.0,N
3209892106,1,0.0,N
3209892106,1,0.0,N
2762211251,1,2.085262200868417e-06,S
2762211251,1,2.085262200868417e-06,S
2762211251,1,2.085262200868417e-06,S
2762211251,1,1.4731610893701542e-05,S
2762211251,1,1.046047158110349e-05,S
990985259,1,0.0,
990985259,1,0.0,
990985259,1,0.0,
990985259,1,0.0,
990985259,1,0.0,
4256676941,1,0.0,N
4256676941,1,0.0,N
4256676941,1,0.0,N
4256676941,1,0.0,N
4256676941,1,0.0,N
3617179377,1,0.0,C
3617179377,1,1.702524991762603e-05,C
3617179377,1,-2.0912976920446982e-06,C
3617179377,1,-8.59638518615341e-06,C
3617179377,1,4.277148713752697e-06,C
592655526,1,1.9091645076368784e-05,C
592655526,1,-1.523978817037728e-05,C
592655526,1,2.5064048197662e-05,C
592655526,1,2.9337482548758703e-05,C
592655526,1,1.4750824445626358e-05,C
2409787606,1,0.0,C
2409787606,1,0.0,C
2409787606,1,0.0,C
2409787606,1,0.0,C
2409787606,1,0.0,C
2113520109,1,2.085262200868417e-06,C
2113520109,1,0.0,C
2113520109,1,-2.199857009294731e-06,C
2113520109,1,0.0,C
2113520109,1,4.277148713752697e-06,C
1250165012,1,0.0,C
1250165012,1,0.0,C
1250165012,1,0.0,C
1250165012,1,0.0,C
1250165012,1,0.0,C
1238592536,1,0.0,C
1238592536,1,0.0,C
1238592536,1,0.0,C
1238592536,1,0.0,C
1238592536,1,0.0,C
2213350725,1,2.5400459297861104e-05,C
2213350725,1,1.2652358093987771e-05,C
2213350725,1,2.32322260826966e-05,C
2213350725,1,4.375845768940165e-06,C
2213350725,1,2.94567883783051e-05,C
1915080917,1,-2.199857009294731e-06,C
1915080917,1,-2.322465868755813e-06,C
1915080917,1,-1.1459480842544725e-07,C
1915080917,1,2.085262200868417e-06,C
1915080917,1,2.085262200868417e-06,C
3651174070,1,-4.291154701338562e-06,C
3651174070,1,-4.291154701338562e-06,C
3651174070,1,-4.291154701338562e-06,C
3651174070,1,0.0,C
3651174070,1,-4.291154701338562e-06,C
1365279474,1,0.0,C
1365279474,1,0.0,C
1365279474,1,0.0,C
1365279474,1,0.0,C
1365279474,1,0.0,C
1583009052,1,0.0,C
1583009052,1,0.0,C
1583009052,1,0.0,C
1583009052,1,0.0,C
1583009052,1,0.0,C
1499666286,1,0.0,
1499666286,1,0.0,
1499666286,1,0.0,
1499666286,1,0.0,
1499666286,1,0.0,
1191280979,1,0.0,
1191280979,1,0.0,
1191280979,1,0.0,
1191280979,1,0.0,
1191280979,1,0.0,
3457964313,1,-6.495149463494124e-06,N
3457964313,1,3.9674813106108445e-06,N
3457964313,1,1.2539724380817262e-05,N
3457964313,1,-8.59638518615341e-06,N
3457964313,1,-3.435335080751844e-05,N
2881111452,1,0.0,
2881111452,1,0.0,
2881111452,1,0.0,
2881111452,1,0.0,
2881111452,1,0.0,
423609967,1,-1.8921760177787773e-05,C
423609967,1,2.1416009223919168e-05,C
423609967,1,3.29482578999632e-07,C
423609967,1,8.720153910716892e-06,C
423609967,1,1.5093488227503442e-05,C
3300110909,1,0.0,N
3300110909,1,4.277148713752697e-06,N
3300110909,1,0.0,N
3300110909,1,4.277148713752697e-06,N
3300110909,1,0.0,N
3345491492,1,-4.291154701338562e-06,N
3345491492,1,-4.291154701338562e-06,N
3345491492,1,0.0,N
3345491492,1,-4.291154701338562e-06,N
3345491492,1,-4.291154701338562e-06,N
1534595042,1,-1.7056192640935858e-05,C
1534595042,1,-6.267920941899034e-06,C
1534595042,1,-1.4848321580605492e-05,C
1534595042,1,-4.18265874102975e-06,C
1534595042,1,1.0567095893118487e-05,C
2014255590,1,0.0,N
2014255590,1,0.0,N
2014255590,1,0.0,N
2014255590,1,0.0,N
2014255590,1,0.0,N
362715007,1,0.0,C
362715007,1,0.0,C
362715007,1,0.0,C
362715007,1,0.0,C
362715007,1,0.0,C
2654043257,1,-2.199857009294731e-06,N
2654043257,1,-4.291154701338562e-06,N
2654043257,1,-4.291154701338562e-06,N
2654043257,1,-4.291154701338562e-06,N
2654043257,1,-4.291154701338562e-06,N
720253145,1,0.0,N
720253145,1,0.0,N
720253145,1,0.0,N
720253145,1,0.0,N
720253145,1,0.0,N
1342596238,1,0.0,C
1342596238,1,0.0,C
1342596238,1,0.0,C
1342596238,1,0.0,C
1342596238,1,0.0,C
1505769767,1,8.375209380234207e-06,C
1505769767,1,8.375209380234207e-06,C
1505769767,1,0.0,C
1505769767,1,8.375209380234207e-06,C
1505769767,1,8.375209380234207e-06,C
4129558839,1,0.0,N
4129558839,1,0.0,N
4129558839,1,1.2652358093987771e-05,N
4129558839,1,0.0,N
4129558839,1,0.0,N
1673980810,1,-4.285179503116677e-05,O
1673980810,1,-5.166314404870132e-05,O
1673980810,1,-5.166314404870132e-05,O
1673980810,1,-4.074834748063125e-05,O
1673980810,1,-4.083961685842283e-06,O
458195553,1,0.0,N
458195553,1,-2.199857009294731e-06,N
458195553,1,0.0,N
458195553,1,0.0,N
458195553,1,0.0,N
3083149214,1,0.0,
3083149214,1,0.0,
3083149214,1,0.0,
3083149214,1,0.0,
3083149214,1,0.0,
564807139,1,1.2751055149174371e-05,C
564807139,1,4.277148713752697e-06,C
564807139,1,2.116491441478841e-05,C
564807139,1,-1.1459480842544725e-07,C
564807139,1,-8.59638518615341e-06,C
57405021,1,0.0,
57405021,1,0.0,
57405021,1,0.0,
57405021,1,0.0,
57405021,1,0.0,
264906369,1,-2.0912976920446982e-06,C
264906369,1,-2.0912976920446982e-06,C
264906369,1,-2.0912976920446982e-06,C
264906369,1,-2.0912976920446982e-06,C
264906369,1,-2.0912976920446982e-06,C
906327634,1,8.375209380234207e-06,N
906327634,1,8.375209380234207e-06,N
906327634,1,8.375209380234207e-06,N
906327634,1,8.375209380234207e-06,N
906327634,1,8.375209380234207e-06,N
3203925050,1,0.0,C
3203925050,1,0.0,C
3203925050,1,0.0,C
3203925050,1,0.0,C
3203925050,1,0.0,C
1238701800,1,0.0,C
1238701800,1,0.0,C
1238701800,1,0.0,C
1238701800,1,0.0,C
1238701800,1,0.0,C
817554650,1,0.0,
817554650,1,0.0,
817554650,1,0.0,
817554650,1,0.0,
817554650,1,0.0,
3210014657,1,-1.0812314170061297e-05,N
3210014657,1,6.356401513466468e-06,N
3210014657,1,-1.0812314170061297e-05,N
3210014657,1,2.085262200868417e-06,N
3210014657,1,-2.0912976920446982e-06,N
3869736299,1,0.0,C
3869736299,1,0.0,C
3869736299,1,0.0,C
3869736299,1,0.0,C
3869736299,1,0.0,C
443741425,1,0.0,N
443741425,1,-4.291154701338562e-06,N
443741425,1,0.0,N
443741425,1,0.0,N
443741425,1,-4.291154701338562e-06,N
252812893,1,0.0,
252812893,1,0.0,
252812893,1,0.0,
252812893,1,0.0,
252812893,1,0.0,
1352167592,1,0.0,C
1352167592,1,0.0,C
1352167592,1,1.9866952544111624e-06,C
1352167592,1,-2.0912976920446982e-06,C
1352167592,1,0.0,C
2030757576,1,0.0,C
2030757576,1,0.0,C
2030757576,1,0.0,C
2030757576,1,0.0,C
2030757576,1,0.0,C
3541689698,1,0.0,
3541689698,1,0.0,
3541689698,1,0.0,
3541689698,1,0.0,
3541689698,1,0.0,
2250143559,1,6.461107969808581e-06,C
2250143559,1,-2.0912976920446982e-06,C
2250143559,1,1.0613630107942848e-05,C
2250143559,1,2.1918865128834134e-06,C
2250143559,1,0.0,C
2144345290,1,0.0,N
2144345290,1,0.0,N
2144345290,1,0.0,N
2144345290,1,0.0,N
2144345290,1,0.0,N
1849554589,1,0.0,N
1849554589,1,0.0,N
1849554589,1,0.0,N
1849554589,1,0.0,N
1849554589,1,0.0,N
2271158283,1,-4.291154701338562e-06,C
2271158283,1,-1.915964019147051e-05,C
2271158283,1,-2.1269202415118496e-05,C
2271158283,1,-2.1269202415118496e-05,C
2271158283,1,-1.4813614766779825e-05,C
1445706287,1,4.164515000582188e-06,C
1445706287,1,4.164515000582188e-06,C
1445706287,1,4.164515000582188e-06,C
1445706287,1,-2.199857009294731e-06,C
1445706287,1,4.164515000582188e-06,C
3385400514,1,0.0,C
3385400514,1,2.085262200868417e-06,C
3385400514,1,2.085262200868417e-06,C
3385400514,1,1.0613630107942848e-05,C
3385400514,1,0.0,C
621690156,1,0.0,C
621690156,1,0.0,C
621690156,1,0.0,C
621690156,1,0.0,C
621690156,1,-4.291154701338562e-06,C
1214058429,1,0.0,C
1214058429,1,1.2652358093987771e-05,C
1214058429,1,0.0,C
1214058429,1,0.0,C
1214058429,1,0.0,C
3599391724,1,-4.291154701338562e-06,C
3599391724,1,-4.291154701338562e-06,C
3599391724,1,-4.291154701338562e-06,C
3599391724,1,-4.291154701338562e-06,C
3599391724,1,-4.291154701338562e-06,C
3992738647,1,0.0,C
3992738647,1,0.0,C
3992738647,1,0.0,C
3992738647,1,0.0,C
3992738647,1,0.0,C
1637770740,1,0.0,C
1637770740,1,0.0,C
1637770740,1,0.0,C
1637770740,1,0.0,C
1637770740,1,0.0,C
81315441,1,-2.339401540548628e-05,C
81315441,1,-2.12966559810018e-05,C
81315441,1,-2.12966559810018e-05,C
81315441,1,-1.7005501279663236e-05,C
81315441,1,-1.909679897170793e-05,C
3145023872,1,2.085262200868417e-06,C
3145023872,1,-2.12966559810018e-05,C
3145023872,1,-1.275096215612101e-05,C
3145023872,1,4.277148713752697e-06,C
3145023872,1,4.277148713752697e-06,C
3135357859,1,-4.291154701338562e-06,N
3135357859,1,-4.291154701338562e-06,N
3135357859,1,-4.291154701338562e-06,N
3135357859,1,-4.291154701338562e-06,N
3135357859,1,-4.291154701338562e-06,N
4078658161,1,-2.199857009294731e-06,C
4078658161,1,-4.291154701338562e-06,C
4078658161,1,0.0,C
4078658161,1,-4.291154701338562e-06,C
4078658161,1,-2.199857009294731e-06,C
2064788354,1,-4.291154701338562e-06,C
2064788354,1,0.0,C
2064788354,1,0.0,C
2064788354,1,0.0,C
2064788354,1,-1.1459480842544725e-07,C
3134606292,1,0.0,
3134606292,1,0.0,
3134606292,1,0.0,
3134606292,1,0.0,
3134606292,1,0.0,
1797524254,1,0.0,
1797524254,1,0.0,
1797524254,1,0.0,
1797524254,1,0.0,
1797524254,1,0.0,
77081066,1,0.0,C
77081066,1,0.0,C
77081066,1,0.0,C
77081066,1,0.0,C
77081066,1,0.0,C
3594356142,1,0.0,C
3594356142,1,0.0,C
3594356142,1,-4.291154701338562e-06,C
3594356142,1,-4.291154701338562e-06,C
3594356142,1,0.0,C
3313841562,1,0.0,C
3313841562,1,0.0,C
3313841562,1,0.0,C
3313841562,1,0.0,C
3313841562,1,0.0,C
2506328221,1,6.461107969808581e-06,C
2506328221,1,4.277148713752697e-06,C
2506328221,1,6.461107969808581e-06,C
2506328221,1,-2.0912976920446982e-06,C
2506328221,1,4.375845768940165e-06,C
517432093,1,0.0,C
517432093,1,0.0,C
517432093,1,0.0,C
517432093,1,0.0,C
517432093,1,0.0,C
1169352347,1,4.1865522637058936e-06,N
1169352347,1,1.2478426227221714e-05,N
1169352347,1,-8.491961676358566e-06,N
1169352347,1,1.2478426227221714e-05,N
1169352347,1,4.1865522637058936e-06,N
3010410747,1,1.7012392276655013e-05,N
3010410747,1,1.7012392276655013e-05,N
3010410747,1,1.7012392276655013e-05,N
3010410747,1,1.2751055149174371e-05,N
3010410747,1,1.7012392276655013e-05,N
1693589848,1,0.0,N
1693589848,1,0.0,N
1693589848,1,0.0,N
1693589848,1,0.0,N
1693589848,1,0.0,N
4081436575,1,0.0,C
4081436575,1,0.0,C
4081436575,1,0.0,C
4081436575,1,0.0,C
4081436575,1,0.0,C
2975316496,1,0.0,C
2975316496,1,0.0,C
2975316496,1,0.0,C
2975316496,1,0.0,C
2975316496,1,0.0,C
3674630670,1,0.0,C
3674630670,1,0.0,C
3674630670,1,0.0,C
3674630670,1,0.0,C
3674630670,1,0.0,C
3350945806,1,0.0,C
3350945806,1,0.0,C
3350945806,1,0.0,C
3350945806,1,0.0,C
3350945806,1,0.0,C
1397513080,1,0.0,O
1397513080,1,0.0,O
1397513080,1,0.0,O
1397513080,1,0.0,O
1397513080,1,0.0,O
3126934625,1,1.4731610893701542e-05,C
3126934625,1,1.2652358093987771e-05,C
3126934625,1,8.375209380234207e-06,C
3126934625,1,1.6667083343750895e-05,C
3126934625,1,1.046047158110349e-05,C
3995362948,1,0.0,N
3995362948,1,0.0,N
3995362948,1,0.0,N
3995362948,1,0.0,N
3995362948,1,0.0,N
1059124080,1,0.0,
1059124080,1,0.0,
1059124080,1,0.0,
1059124080,1,0.0,
1059124080,1,0.0,
1153930374,1,0.0,C
1153930374,1,0.0,C
1153930374,1,0.0,C
1153930374,1,0.0,C
1153930374,1,0.0,C
1103832125,1,0.0,C
1103832125,1,0.0,C
1103832125,1,0.0,C
1103832125,1,0.0,C
1103832125,1,0.0,C
3577933307,1,0.0,
3577933307,1,0.0,
3577933307,1,0.0,
3577933307,1,0.0,
3577933307,1,0.0,
3988861584,1,2.085262200868417e-06,C
3988861584,1,0.0001032935644141,C
3988861584,1,6.237784339002683e-06,C
3988861584,1,-0.0003439640414503,C
3988861584,1,-0.0003662353673641,C
2572035617,1,-2.199857009294731e-06,N
2572035617,1,0.0,N
2572035617,1,0.0,N
2572035617,1,0.0,N
2572035617,1,0.0,N
3346153511,1,0.0,
3346153511,1,0.0,
3346153511,1,0.0,
3346153511,1,0.0,
3346153511,1,0.0,
2918201879,1,-4.7396178625720015e-05,C
2918201879,1,-5.173180391117565e-05,C
2918201879,1,-3.435335080751844e-05,C
2918201879,1,-3.226205311547461e-05,C
2918201879,1,-6.728901602816393e-05,C
194638448,1,-4.291154701338562e-06,C
194638448,1,-4.291154701338562e-06,C
194638448,1,-2.199857009294731e-06,C
194638448,1,-4.291154701338562e-06,C
194638448,1,-4.291154701338562e-06,C
869152089,1,-1.1459480842544725e-07,C
869152089,1,-2.199857009294731e-06,C
869152089,1,0.0,C
869152089,1,-4.291154701338562e-06,C
869152089,1,4.277148713752697e-06,C
3804745459,1,0.0,
3804745459,1,0.0,
3804745459,1,0.0,
3804745459,1,0.0,
3804745459,1,0.0,
3755128710,1,-1.9272121624843742e-05,C
3755128710,1,-6.458166734821334e-05,C
3755128710,1,-2.78248660982661e-05,C
3755128710,1,-2.78248660982661e-05,C
3755128710,1,-1.7056192640935858e-05,C
1713195601,1,0.0,C
1713195601,1,0.0,C
1713195601,1,0.0,C
1713195601,1,0.0,C
1713195601,1,0.0,C
1568606682,1,-1.7005501279663236e-05,C
1568606682,1,-1.2728352565911406e-05,C
1568606682,1,6.18619331262029e-06,C
1568606682,1,-5.797483090541969e-05,C
1568606682,1,-4.077818888338896e-05,C
2059730245,1,0.0,C
2059730245,1,0.0,C
2059730245,1,0.0,C
2059730245,1,0.0,C
2059730245,1,0.0,C
2617658656,1,3.549048965319386e-05,C
2617658656,1,1.7794408782104316e-05,C
2617658656,1,3.9490694813455567e-05,C
2617658656,1,9.117812216650426e-05,C
2617658656,1,0.0001011859141101,C
836300471,1,0.0,C
836300471,1,0.0,C
836300471,1,0.0,C
836300471,1,0.0,C
836300471,1,0.0,C
3490910321,1,0.0,C
3490910321,1,0.0,C
3490910321,1,0.0,C
3490910321,1,0.0,C
3490910321,1,0.0,C
3255046070,1,0.0,C
3255046070,1,0.0,C
3255046070,1,0.0,C
3255046070,1,0.0,C
3255046070,1,0.0,C
2198820481,1,0.0,N
2198820481,1,0.0,N
2198820481,1,0.0,N
2198820481,1,0.0,N
2198820481,1,0.0,N
104625121,1,0.0,N
104625121,1,2.085262200868417e-06,N
104625121,1,-2.0912976920446982e-06,N
104625121,1,0.0,N
104625121,1,6.356401513466468e-06,N
3103858517,1,-8.459807454782448e-06,C
3103858517,1,0.0,C
3103858517,1,-1.065966446407718e-05,C
3103858517,1,-8.459807454782448e-06,C
3103858517,1,-8.459807454782448e-06,C
1390475220,1,-4.291154701338562e-06,C
1390475220,1,-4.291154701338562e-06,C
1390475220,1,-4.291154701338562e-06,C
1390475220,1,0.0,C
1390475220,1,0.0,C
4006278292,1,0.0,N
4006278292,1,0.0,N
4006278292,1,0.0,N
4006278292,1,0.0,N
4006278292,1,0.0,N
1789200865,1,1.046047158110349e-05,C
1789200865,1,1.2652358093987771e-05,C
1789200865,1,8.375209380234207e-06,C
1789200865,1,8.375209380234207e-06,C
1789200865,1,8.375209380234207e-06,C
2291264872,1,-1.4848321580605492e-05,C
2291264872,1,-3.203082522390804e-05,C
2291264872,1,-3.203082522390804e-05,C
2291264872,1,-2.12966559810018e-05,C
2291264872,1,-1.915964019147051e-05,C
2918205364,1,0.0,C
2918205364,1,-1.275096215612101e-05,C
2918205364,1,-1.275096215612101e-05,C
2918205364,1,0.0,C
2918205364,1,0.0,C
3798139026,1,0.0,C
3798139026,1,0.0,C
3798139026,1,2.085262200868417e-06,C
3798139026,1,0.0,C
3798139026,1,0.0,C
4223976160,1,6.356401513466468e-06,C
4223976160,1,4.277148713752697e-06,C
4223976160,1,4.277148713752697e-06,C
4223976160,1,4.277148713752697e-06,C
4223976160,1,4.277148713752697e-06,C
1511206547,1,6.356401513466468e-06,C
1511206547,1,0.0,C
1511206547,1,2.085262200868417e-06,C
1511206547,1,6.356401513466468e-06,C
1511206547,1,2.085262200868417e-06,C
954800030,1,0.0,
954800030,1,0.0,
954800030,1,0.0,
954800030,1,0.0,
954800030,1,0.0,
2172997423,1,0.0,C
2172997423,1,0.0,C
2172997423,1,0.0,C
2172997423,1,0.0,C
2172997423,1,0.0,C
1918025650,1,0.0,C
1918025650,1,0.0,C
1918025650,1,0.0,C
1918025650,1,0.0,C
1918025650,1,0.0,C
1491315937,1,0.0,C
1491315937,1,0.0,C
1491315937,1,0.0,C
1491315937,1,0.0,C
1491315937,1,0.0,C
1271427701,1,0.0,C
1271427701,1,0.0,C
1271427701,1,0.0,C
1271427701,1,0.0,C
1271427701,1,0.0,C
876016289,1,0.0,C
876016289,1,0.0,C
876016289,1,0.0,C
876016289,1,0.0,C
876016289,1,0.0,C
759348397,1,1.9866952544111624e-06,S
759348397,1,6.283911688190376e-06,S
759348397,1,1.0567095893118487e-05,S
759348397,1,-8.59638518615341e-06,S
759348397,1,-4.291154701338562e-06,S
3886074185,1,-2.0912976920446982e-06,C
3886074185,1,-2.0912976920446982e-06,C
3886074185,1,-2.0912976920446982e-06,C
3886074185,1,-2.0912976920446982e-06,C
3886074185,1,-2.0912976920446982e-06,C
3977047921,1,0.0,N
3977047921,1,-2.3504527041332164e-05,N
3977047921,1,-2.12966559810018e-05,N
3977047921,1,-1.275096215612101e-05,N
3977047921,1,-2.12966559810018e-05,N
3386795352,1,0.0,C
3386795352,1,0.0,C
3386795352,1,0.0,C
3386795352,1,0.0,C
3386795352,1,0.0,C
2640652321,1,0.0,C
2640652321,1,-2.199857009294731e-06,C
2640652321,1,-2.199857009294731e-06,C
2640652321,1,0.0,C
2640652321,1,-2.199857009294731e-06,C
3644443517,1,0.0,
3644443517,1,0.0,
3644443517,1,0.0,
3644443517,1,0.0,
3644443517,1,0.0,
805268291,1,-2.0912976920446982e-06,C
805268291,1,-2.0912976920446982e-06,C
805268291,1,-2.0912976920446982e-06,C
805268291,1,-2.0912976920446982e-06,C
805268291,1,-2.0912976920446982e-06,C
994494548,1,0.0,C
994494548,1,0.0,C
994494548,1,0.0,C
994494548,1,0.0,C
994494548,1,0.0,C
3889081300,1,-8.459807454782448e-06,C
3889081300,1,-8.459807454782448e-06,C
3889081300,1,-8.459807454782448e-06,C
3889081300,1,-8.459807454782448e-06,C
3889081300,1,-8.459807454782448e-06,C
3119383463,1,1.2652358093987771e-05,C
3119383463,1,1.2652358093987771e-05,C
3119383463,1,1.2652358093987771e-05,C
3119383463,1,0.0,C
3119383463,1,0.0,C
4142616092,1,0.0,C
4142616092,1,-1.2915761720595949e-05,C
4142616092,1,-1.2915761720595949e-05,C
4142616092,1,-4.291154701338562e-06,C
4142616092,1,-1.2915761720595949e-05,C
3633569943,1,0.0,C
3633569943,1,0.0,C
3633569943,1,0.0,C
3633569943,1,0.0,C
3633569943,1,0.0,C
2810558781,1,0.0,C
2810558781,1,0.0,C
2810558781,1,0.0,C
2810558781,1,0.0,C
2810558781,1,0.0,C
643572069,1,-2.339401540548628e-05,C
643572069,1,-2.199857009294731e-06,C
643572069,1,-2.0912976920446982e-06,C
643572069,1,-2.199857009294731e-06,C
643572069,1,1.2539724380817262e-05,C
307525970,1,-4.291154701338562e-06,C
307525970,1,0.0,C
307525970,1,-4.291154701338562e-06,C
307525970,1,0.0,C
307525970,1,0.0,C
230478851,1,-6.499025761668928e-06,C
230478851,1,-8.459807454782448e-06,C
230478851,1,-8.459807454782448e-06,C
230478851,1,-1.9272121624843742e-05,C
230478851,1,4.277148713752697e-06,C
3353919692,1,0.0,
3353919692,1,0.0,
3353919692,1,0.0,
3353919692,1,0.0,
3353919692,1,0.0,
4201996000,1,0.0,
4201996000,1,0.0,
4201996000,1,0.0,
4201996000,1,0.0,
4201996000,1,0.0,
1523193891,1,0.0,
1523193891,1,0.0,
1523193891,1,0.0,
1523193891,1,0.0,
1523193891,1,0.0,
2806469715,1,0.0,
2806469715,1,0.0,
2806469715,1,0.0,
2806469715,1,0.0,
2806469715,1,0.0,
3705007549,1,0.0,
3705007549,1,0.0,
3705007549,1,0.0,
3705007549,1,0.0,
3705007549,1,0.0,
1445715347,1,2.085262200868417e-06,C
1445715347,1,4.277148713752697e-06,C
1445715347,1,4.277148713752697e-06,C
1445715347,1,-2.199857009294731e-06,C
1445715347,1,-1.4958833216451375e-05,C
4232889011,1,0.0,O
4232889011,1,0.0,O
4232889011,1,0.0,O
4232889011,1,0.0,O
4232889011,1,0.0,O
1932106328,1,0.0,C
1932106328,1,0.0,C
1932106328,1,0.0,C
1932106328,1,0.0,C
1932106328,1,0.0,C
UNK,1,0.0004605114768517,
UNK,1,0.0017294665951258,
UNK,1,0.0002046804354047,
UNK,1,0.0002645693464902,
UNK,1,8.119891795257007e-05,
3218693969,2,-6.49184218888578e-05,C
3218693969,2,-6.007917701593771e-05,C
3218693969,2,-0.0001141838502421,C
3218693969,2,-0.0002114752951735,C
3218693969,2,-2.52097969952788e-06,C
3217380708,2,-0.0003497202673681,C
3217380708,2,-0.000347526160538,C
3217380708,2,-0.0002226447250515,C
3217380708,2,-0.0004978785885164,C
3217380708,2,-0.0004477861694848,C
951226070,2,-7.801780891492863e-05,C
951226070,2,0.0002732828753827,C
951226070,2,2.584199330629353e-05,C
951226070,2,0.0002299038433461,C
951226070,2,0.0003484008002142,C
2968968094,2,3.93303204390856e-06,C
2968968094,2,0.0001432612760826,C
2968968094,2,1.3335435065224902e-05,C
2968968094,2,6.935940484616415e-05,C
2968968094,2,0.000110767905783,C
2245384272,2,0.0002865257005255,C
2245384272,2,9.595789493347436e-05,C
2245384272,2,0.0002516993370641,C
2245384272,2,0.0002929337110642,C
2245384272,2,0.0002276939895133,C
864942730,2,-0.0001636159092772,O
864942730,2,-0.0001531575714552,O
864942730,2,-0.0001259589993728,O
864942730,2,5.036152481933259e-06,O
864942730,2,-0.0001769371305717,O
2246728737,2,-0.0002429317834511,C
2246728737,2,-0.0005543466891533,C
2246728737,2,-0.0003019504617568,C
2246728737,2,-0.0005521932368486,C
2246728737,2,-0.000188374442829,C
98513984,2,0.00044496271805,C
98513984,2,0.0005164998854123,C
98513984,2,0.0004481095743743,C
98513984,2,0.0002924675546196,C
98513984,2,0.0003858837379454,C
2041434490,2,-0.0003835368557066,N
2041434490,2,-8.306199019376091e-05,N
2041434490,2,-6.572075794749471e-05,N
2041434490,2,-0.0001042469073488,N
2041434490,2,9.188958603554426e-07,N
2246699815,2,0.0002529306291266,C
2246699815,2,8.693585770024482e-05,C
2246699815,2,0.0003626836918274,C
2246699815,2,0.0002603594123665,C
2246699815,2,0.000304069596941,C
994485099,2,0.0005446779780431,C
994485099,2,0.0005592181334747,C
994485099,2,0.0002096504130098,C
994485099,2,0.0005080510721119,C
994485099,2,6.05701708405711e-05,C
1510328189,2,-0.0001940021121587,O
1510328189,2,-6.13719619495922e-05,O
1510328189,2,-8.499784912240418e-05,O
1510328189,2,1.096131585551479e-05,O
1510328189,2,0.0001095925374576,O
3999906991,2,9.308844877232993e-05,C
3999906991,2,6.527346082443961e-05,C
3999906991,2,0.0002653534467986,C
3999906991,2,5.087950522328962e-05,C
3999906991,2,0.0001436733274113,C
2976033787,2,-9.212007035269353e-05,C
2976033787,2,-8.32700129601736e-05,C
2976033787,2,-3.8595213416624426e-05,C
2976033787,2,-0.0001023846392361,C
2976033787,2,-3.987156722408316e-05,C
2092489639,2,-0.000577716009744,N
2092489639,2,-0.000295910643795,N
2092489639,2,-0.0003798539153937,N
2092489639,2,-0.0005975150497408,N
2092489639,2,-0.0004711673913348,N
847961216,2,-0.0001238285978085,N
847961216,2,2.4256891984478744e-05,N
847961216,2,-0.000144359383792,N
847961216,2,-0.0001745089521023,N
847961216,2,-0.0002192075914085,N
882399112,2,-6.105911044994826e-06,F
882399112,2,-6.882930862961954e-06,F
882399112,2,-8.548155507989014e-06,F
882399112,2,-1.7347186577385508e-05,F
882399112,2,-7.969658530338798e-06,F
2803848648,2,1.7344830284597886e-05,C
2803848648,2,-2.0432969091814523e-06,C
2803848648,2,-7.502058837212302e-05,C
2803848648,2,5.5894849518844936e-06,C
2803848648,2,-4.05779798183575e-05,C
2117068077,2,1.842661041387677e-05,C
2117068077,2,5.83532724758376e-05,C
2117068077,2,2.944638815322205e-06,C
2117068077,2,3.4409513666100976e-05,C
2117068077,2,2.873256970651293e-05,C
864674487,2,-0.0003780595057869,O
864674487,2,1.236301139833848e-05,O
864674487,2,-0.0001481013001176,O
864674487,2,0.0002206546380104,O
864674487,2,8.149634503091391e-07,O
864662311,2,-3.0069034965688086e-05,O
864662311,2,3.568921775674687e-06,O
864662311,2,2.066437801544804e-05,O
864662311,2,6.711887909145904e-06,O
864662311,2,-1.5883179640919715e-06,O
2245273601,2,4.815674440104226e-05,C
2245273601,2,3.233570804837393e-05,C
2245273601,2,4.362652592716006e-05,C
2245273601,2,4.766392586377181e-05,C
2245273601,2,7.45323160626591e-05,C
1100037548,2,-1.193475703820026e-05,N
1100037548,2,0.0001314724713862,N
1100037548,2,5.9770959081843246e-05,N
1100037548,2,1.3034805632891435e-05,N
1100037548,2,-1.3633631440484843e-05,N
485463469,2,0.0,F
485463469,2,1.1667658417627638e-06,F
485463469,2,1.3218261656561606e-06,F
485463469,2,1.448275023747947e-06,F
485463469,2,1.1667658417627638e-06,F
1101907775,2,7.575075466558726e-05,N
1101907775,2,-4.2810309141176096e-05,N
1101907775,2,-2.0920219311484564e-05,N
1101907775,2,2.15581295553045e-05,N
1101907775,2,-8.05680590299819e-07,N
10565946,2,-0.0003529505180992,O
10565946,2,-0.0003043643210699,O
10565946,2,-0.0003776960818388,O
10565946,2,-0.0003437763619188,O
10565946,2,-0.0004305546969262,O
2076190208,2,3.929352795402005e-06,O
2076190208,2,0.0002992114133069,O
2076190208,2,0.0005224171650375,O
2076190208,2,0.0007139425040797,O
2076190208,2,0.0003406522066413,O
2142032900,2,3.138663566495687e-05,C
2142032900,2,-9.65585981051783e-06,C
2142032900,2,4.458329658747328e-05,C
2142032900,2,1.223166237275617e-05,C
2142032900,2,-9.275197863142098e-08,C
2132511834,2,0.0001031605742526,N
2132511834,2,7.407387687548544e-05,N
2132511834,2,2.830623408108402e-05,N
2132511834,2,0.0001091624804429,N
2132511834,2,3.561357051378843e-05,N
1312131881,2,-3.104897498889745e-07,C
1312131881,2,1.448275023747947e-06,C
1312131881,2,-3.104897498889745e-07,C
1312131881,2,-3.104897498889745e-07,C
1312131881,2,-3.104897498889745e-07,C
2353112200,2,-3.63567933186976e-05,C
2353112200,2,-3.094068902424925e-05,C
2353112200,2,2.009029933452283e-06,C
2353112200,2,-3.4740055496946566e-05,C
2353112200,2,-4.665649741102118e-05,C
4121755354,2,0.0001450411763998,C
4121755354,2,0.0001787515596474,C
4121755354,2,0.0002038477570964,C
4121755354,2,0.0002001106032348,C
4121755354,2,0.0001188359371271,C
1054767590,2,8.213543819205176e-05,C
1054767590,2,-3.907495113123632e-05,C
1054767590,2,1.5220935461182292e-06,C
1054767590,2,-4.228599479333753e-05,C
1054767590,2,-3.427814163208583e-05,C
3537119515,2,5.0134061735417415e-06,C
3537119515,2,-3.099282588457479e-05,C
3537119515,2,1.8989742230800764e-05,C
3537119515,2,4.070682049369355e-05,C
3537119515,2,1.9584319160594228e-05,C
1510461303,2,-8.241378095187948e-06,C
1510461303,2,-7.347763225719773e-05,C
1510461303,2,-3.600647938008673e-05,C
1510461303,2,6.488441855649705e-05,C
1510461303,2,-1.88896369703118e-05,C
4216335232,2,3.549321949540118e-05,C
4216335232,2,7.535320456180609e-05,C
4216335232,2,6.56270332367228e-05,C
4216335232,2,-9.630316366839031e-06,C
4216335232,2,1.690518191923597e-05,C
3189457552,2,0.0001198795910864,O
3189457552,2,0.0001390951127051,O
3189457552,2,4.508292752699282e-05,O
3189457552,2,0.0001279199604546,O
3189457552,2,4.505164045176795e-05,O
2228063684,2,0.0004785904920736,O
2228063684,2,0.0005244755354641,O
2228063684,2,0.0007220419073936,O
2228063684,2,0.0007202255147065,O
2228063684,2,0.0005137066504146,O
3777168895,2,0.000217059499778,C
3777168895,2,0.0005682378206783,C
3777168895,2,0.0002053118918986,C
3777168895,2,0.0001257066578968,C
3777168895,2,0.0002483145632278,C
1016841875,2,-4.430612135848926e-05,Cl
1016841875,2,-2.3934425610838868e-05,Cl
1016841875,2,-4.662975038041434e-05,Cl
1016841875,2,-5.64673193449378e-05,Cl
1016841875,2,-3.713461866926369e-05,Cl
422715066,2,0.0004518252138941,C
422715066,2,0.0006159762440941,C
422715066,2,0.000405471325315,C
422715066,2,0.0004292587751281,C
422715066,2,0.0006333462048722,C
3452535345,2,-3.957789543049435e-05,Cl
3452535345,2,-6.282854224080783e-05,Cl
3452535345,2,-5.807469093132862e-05,Cl
3452535345,2,2.1143570906552445e-05,Cl
3452535345,2,-7.39261194081936e-06,Cl
1429883190,2,0.0001834036926035,C
1429883190,2,0.0007859119233578,C
1429883190,2,0.0010253414289628,C
1429883190,2,0.0001724876967809,C
1429883190,2,0.0002308826979662,C
2763854213,2,-9.65420671818389e-05,C
2763854213,2,0.0001871355702034,C
2763854213,2,0.0004355841905344,C
2763854213,2,-1.1336623425652928e-05,C
2763854213,2,0.0001893991920936,C
2424973678,2,1.697115708568491e-05,C
2424973678,2,1.9505529159515207e-05,C
2424973678,2,1.2968909784382731e-05,C
2424973678,2,2.3061171931900576e-05,C
2424973678,2,1.152444604613466e-05,C
847957139,2,-0.0003185344864199,N
847957139,2,-0.0003170030450468,N
847957139,2,-0.000291725931344,N
847957139,2,-0.0001979977354754,N
847957139,2,-7.342080995352811e-05,N
1182622762,2,-3.030658899282577e-06,C
1182622762,2,4.499549542099409e-05,C
1182622762,2,0.0007049013854498,C
1182622762,2,-0.0002501263403463,C
1182622762,2,5.458258370581639e-05,C
1857396528,2,5.000294537705653e-06,C
1857396528,2,6.219933408472926e-06,C
1857396528,2,4.557567409202608e-06,C
1857396528,2,3.858302927162334e-06,C
1857396528,2,5.19945946794026e-06,C
3337745083,2,-1.3093498505620076e-05,F
3337745083,2,-5.429987785683481e-06,F
3337745083,2,-5.687005360494914e-06,F
3337745083,2,-1.3829891357564073e-05,F
3337745083,2,1.7264842557930885e-06,F
4222851645,2,-1.533385887494184e-05,C
4222851645,2,-5.25958224725006e-06,C
4222851645,2,-6.90177468321701e-06,C
4222851645,2,-9.482487483518725e-06,C
4222851645,2,-4.182233627673775e-06,C
3975275337,2,0.0002923885179636,C
3975275337,2,0.000557783341655,C
3975275337,2,0.0003598345734847,C
3975275337,2,0.0003346371110095,C
3975275337,2,0.0005857466922908,C
3692055567,2,0.000153653939772,C
3692055567,2,0.000132440729942,C
3692055567,2,0.0001768545891818,C
3692055567,2,5.41712702629921e-05,C
3692055567,2,6.17499515733486e-05,C
2944555726,2,0.0001304787548391,C
2944555726,2,-0.0001025589482727,C
2944555726,2,-7.495806644668493e-05,C
2944555726,2,-0.0001035720174813,C
2944555726,2,0.0002845198673649,C
2245277810,2,-3.1912846302321884e-06,C
2245277810,2,1.8571553730261509e-06,C
2245277810,2,1.7654914955173018e-05,C
2245277810,2,1.5726059266293023e-05,C
2245277810,2,6.90780387125646e-06,C
3983062349,2,-0.0005474388880326,C
3983062349,2,4.3260961735449785e-05,C
3983062349,2,2.4228705703895764e-05,C
3983062349,2,1.3718515978657609e-05,C
3983062349,2,7.159778532452987e-05,C
2246340824,2,-8.188147279082365e-05,C
2246340824,2,-2.673977789331792e-05,C
2246340824,2,-4.895583382845317e-05,C
2246340824,2,-6.241665484250578e-05,C
2246340824,2,-6.014444984378097e-05,C
2976816164,2,1.669339414019349e-05,C
2976816164,2,1.380745527690408e-05,C
2976816164,2,1.78745080374014e-05,C
2976816164,2,-8.836693289639153e-07,C
2976816164,2,1.2446316284073744e-05,C
3776905034,2,0.0002658948475202,C
3776905034,2,0.0001272617444472,C
3776905034,2,0.0005248039044564,C
3776905034,2,0.000100130889097,C
3776905034,2,0.0004446080091366,C
3542456614,2,-0.0001493674007739,C
3542456614,2,-5.8178703174726655e-05,C
3542456614,2,-0.0004036428923171,C
3542456614,2,-0.0002461285211501,C
3542456614,2,-9.466437243425568e-05,C
3537123720,2,9.123186427282236e-06,C
3537123720,2,1.1016883636256155e-05,C
3537123720,2,7.095760305463918e-06,C
3537123720,2,1.197182608951141e-05,C
3537123720,2,1.496140233875256e-05,C
1637836422,2,-2.0375964348354203e-06,C
1637836422,2,8.166720205068749e-06,C
1637836422,2,-2.409746036853913e-07,C
1637836422,2,7.221957105910115e-06,C
1637836422,2,4.356541870530716e-06,C
3162837314,2,0.0001656906015065,C
3162837314,2,2.726697019683061e-05,C
3162837314,2,0.0001259393607147,C
3162837314,2,3.421953557787745e-05,C
3162837314,2,8.980328383353508e-05,C
3982076256,2,6.648924625367834e-05,C
3982076256,2,8.924867850832168e-05,C
3982076256,2,1.9506044714615554e-05,C
3982076256,2,8.183528304179979e-05,C
3982076256,2,8.217997934820923e-05,C
1362518133,2,-3.5029455278485708e-06,N
1362518133,2,-2.067462587610272e-06,N
1362518133,2,-6.100267279662147e-06,N
1362518133,2,-1.7905765349819462e-05,N
1362518133,2,-2.80698995924868e-05,N
1135286194,2,0.000751618020473,C
1135286194,2,0.0004633516968557,C
1135286194,2,0.0006480120367635,C
1135286194,2,0.000610214172758,C
1135286194,2,0.0005309089958651,C
1790668568,2,0.0003304340554146,N
1790668568,2,0.0003209864121257,N
1790668568,2,0.0003274849194639,N
1790668568,2,0.0001848326814819,N
1790668568,2,0.0003445036319015,N
3124581743,2,0.0001689829735109,C
3124581743,2,3.879566772442208e-05,C
3124581743,2,0.000256234211953,C
3124581743,2,0.0001845389010976,C
3124581743,2,0.0001199258243208,C
2119439498,2,-1.6593943004839656e-07,C
2119439498,2,-3.613052204931751e-06,C
2119439498,2,2.8071206164374807e-06,C
2119439498,2,4.510003203759411e-06,C
2119439498,2,1.2031279266489296e-05,C
1533864325,2,5.005691459374767e-07,O
1533864325,2,-5.019043026162698e-07,O
1533864325,2,1.861857850717248e-06,O
1533864325,2,7.68070750322477e-06,O
1533864325,2,3.648742732407021e-07,O
4278941385,2,9.656593921137343e-06,C
4278941385,2,2.4439826729481112e-05,C
4278941385,2,1.7781085610399545e-05,C
4278941385,2,1.7577526257454672e-05,C
4278941385,2,9.427588057575076e-06,C
3918336191,2,3.723051549207705e-05,C
3918336191,2,-1.0531460727441697e-06,C
3918336191,2,1.841087060721735e-05,C
3918336191,2,2.0134471049362487e-05,C
3918336191,2,-2.0976107383994733e-06,C
2560252747,2,-2.451865377512113e-05,C
2560252747,2,-1.6428141366215364e-05,C
2560252747,2,-1.0484631146268767e-05,C
2560252747,2,-1.0911625156522636e-05,C
2560252747,2,1.0579712597274736e-05,C
999334238,2,1.2511200483252168e-05,S
999334238,2,7.15607230974847e-05,S
999334238,2,3.094261918608343e-05,S
999334238,2,3.64588383013429e-05,S
999334238,2,5.102374186233705e-05,S
1173125914,2,2.8198408324785557e-05,C
1173125914,2,-5.354728483658762e-06,C
1173125914,2,-8.241839975701559e-05,C
1173125914,2,-0.0001275555154158,C
1173125914,2,2.267174156655224e-05,C
2994748777,2,-9.359384059206328e-05,C
2994748777,2,1.1571608040519994e-05,C
2994748777,2,-0.0001205976977435,C
2994748777,2,-0.0001485275900867,C
2994748777,2,-0.0001027060226148,C
3351556771,2,-4.087566775676666e-05,S
3351556771,2,-0.0001132973626797,S
3351556771,2,-0.0001503513556231,S
3351556771,2,-9.261649181862858e-05,S
3351556771,2,-0.0001778786387366,S
2509211297,2,5.844677834914488e-05,C
2509211297,2,9.286693207802808e-05,C
2509211297,2,0.0001181941514718,C
2509211297,2,3.9938236183804064e-05,C
2509211297,2,6.956092927594849e-05,C
848128881,2,-0.0003047476722503,N
848128881,2,-0.0002734043072399,N
848128881,2,-0.0003327882994511,N
848128881,2,-0.0003608078183628,N
848128881,2,-0.0002937254211075,N
2246703798,2,2.0446778160771416e-05,C
2246703798,2,1.776435146687034e-05,C
2246703798,2,9.131273164575056e-06,C
2246703798,2,1.909105823938006e-05,C
2246703798,2,6.844270765355223e-06,C
1276993226,2,-1.2830626449245907e-05,C
1276993226,2,2.5937051740616317e-05,C
1276993226,2,-4.700764935860156e-06,C
1276993226,2,5.3134748870010094e-05,C
1276993226,2,-2.2118466233311297e-05,C
2984966880,2,-6.32247533050561e-05,C
2984966880,2,-5.807298209883557e-05,C
2984966880,2,-8.404943934666245e-05,C
2984966880,2,1.4947115352932463e-05,C
2984966880,2,-2.8545017982362607e-05,C
3315826729,2,6.148257805193343e-05,C
3315826729,2,-4.224424711912495e-05,C
3315826729,2,-0.0001166104121658,C
3315826729,2,6.539545945838474e-05,C
3315826729,2,2.535142520659981e-05,C
2115476908,2,-3.8584419719310016e-05,O
2115476908,2,-1.0463309457430651e-05,O
2115476908,2,5.881282030565684e-06,O
2115476908,2,-5.773271218077573e-05,O
2115476908,2,-3.293981957708161e-05,O
717512901,2,2.507371233567788e-05,N
717512901,2,-4.236112840895739e-05,N
717512901,2,-2.5778112363741317e-05,N
717512901,2,-9.639393174622202e-05,N
717512901,2,7.618500354664333e-05,N
2245900962,2,1.361010042415494e-05,C
2245900962,2,4.7511893757015526e-05,C
2245900962,2,3.598444210905702e-05,C
2245900962,2,4.709636687271531e-05,C
2245900962,2,5.0302888347343935e-06,C
3848534832,2,-3.7042162153264925e-05,C
3848534832,2,-5.787531926248861e-05,C
3848534832,2,-3.402350654561903e-05,C
3848534832,2,-3.032307761967161e-05,C
3848534832,2,-4.153487482857522e-05,C
3182824521,2,0.0004566964201579,C
3182824521,2,0.0004418543601312,C
3182824521,2,0.0003337749886733,C
3182824521,2,0.0003274952753816,C
3182824521,2,0.0002907240050226,C
26234434,2,1.0485630633541227e-05,O
26234434,2,1.660347886417099e-05,O
26234434,2,-3.751195839799861e-06,O
26234434,2,-9.067207044122054e-06,O
26234434,2,8.0293441566473e-06,O
288315894,2,-1.2899485853230287e-05,S
288315894,2,2.284339348844998e-06,S
288315894,2,-1.0353450720812509e-05,S
288315894,2,1.7359504932406428e-05,S
288315894,2,2.297040908567135e-05,S
2811394787,2,-6.047730442623397e-06,C
2811394787,2,7.495456152900766e-06,C
2811394787,2,-6.9655371381337206e-06,C
2811394787,2,8.157280378501622e-06,C
2811394787,2,-1.405594650342578e-05,C
19852674,2,-2.1447707613314257e-06,C
19852674,2,-6.002494874438914e-06,C
19852674,2,1.950207878412529e-05,C
19852674,2,9.792838699413525e-08,C
19852674,2,-2.512771567323574e-06,C
1861965050,2,-2.659363608626796e-05,C
1861965050,2,-2.9320861233590734e-07,C
1861965050,2,-1.6035674113282737e-05,C
1861965050,2,-2.0315939647044985e-05,C
1861965050,2,9.242479171471182e-06,C
2423543607,2,8.455546738387297e-06,C
2423543607,2,-1.4817138309676514e-06,C
2423543607,2,-3.027280807631552e-06,C
2423543607,2,-6.189803662464896e-07,C
2423543607,2,-1.908553802438921e-06,C
1257718710,2,1.0590087196097124e-05,C
1257718710,2,-6.36678207120928e-05,C
1257718710,2,3.1141287938109274e-08,C
1257718710,2,3.315360832867667e-05,C
1257718710,2,-1.3882774549874542e-05,C
2784506312,2,1.66188189661522e-05,C
2784506312,2,1.2886978033175428e-05,C
2784506312,2,1.5450412741755022e-05,C
2784506312,2,1.1802581279804663e-05,C
2784506312,2,3.182217484120741e-05,C
3818546315,2,-1.5845261300839915e-05,C
3818546315,2,1.6320566963148528e-05,C
3818546315,2,-1.0509297919082325e-06,C
3818546315,2,-1.716335141298958e-05,C
3818546315,2,-1.746749058382461e-05,C
3657471097,2,-3.355598756678638e-05,C
3657471097,2,-5.2547532228234585e-05,C
3657471097,2,-3.198430142711296e-05,C
3657471097,2,9.998178965671052e-06,C
3657471097,2,-2.003238189389467e-05,C
2360741695,2,-3.505002185833113e-06,C
2360741695,2,6.249513916803048e-06,C
2360741695,2,-2.329848670733301e-05,C
2360741695,2,-3.2409693833642182e-06,C
2360741695,2,1.0890884992072192e-06,C
551287920,2,1.3631764748507635e-05,C
551287920,2,3.696901960525793e-05,C
551287920,2,3.1064881133969525e-05,C
551287920,2,2.463394149533702e-05,C
551287920,2,2.685095245201323e-05,C
1842898132,2,-4.148789766044055e-06,C
1842898132,2,4.986992517005441e-06,C
1842898132,2,2.1566894372702407e-05,C
1842898132,2,1.4251219002610165e-05,C
1842898132,2,-1.0709898806325611e-05,C
2832976762,2,-0.0002591615999827,C
2832976762,2,-0.0002530247365354,C
2832976762,2,-0.0002689844052078,C
2832976762,2,-0.0002509824428339,C
2832976762,2,-0.0002269551393548,C
2309124039,2,-0.000102573040668,C
2309124039,2,-7.056547800381868e-05,C
2309124039,2,-0.0001237229384337,C
2309124039,2,-3.611505183756438e-05,C
2309124039,2,-6.914482401713766e-05,C
2591432844,2,3.843741567081949e-06,N
2591432844,2,1.3203259393995692e-06,N
2591432844,2,-3.5502490239687143e-06,N
2591432844,2,8.554942272036466e-06,N
2591432844,2,6.181055527305045e-06,N
963029399,2,1.0194524903886676e-05,N
963029399,2,4.371775878499271e-05,N
963029399,2,1.4837893725938056e-05,N
963029399,2,2.2943119797114164e-05,N
963029399,2,-5.38710758037856e-06,N
3884454603,2,-1.1010378182648925e-06,C
3884454603,2,-5.891331620937017e-05,C
3884454603,2,4.672451711817526e-05,C
3884454603,2,0.0005071667073425,C
3884454603,2,-1.5453073147332283e-05,C
4089138501,2,1.784104667055652e-05,C
4089138501,2,2.055892382398297e-05,C
4089138501,2,-1.312419248608327e-05,C
4089138501,2,3.582208904431318e-06,C
4089138501,2,1.941398005685536e-05,C
932712697,2,0.0008557319016311,O
932712697,2,-0.0004265275203422,O
932712697,2,0.0001210368938522,O
932712697,2,0.0006495694907784,O
932712697,2,0.000137071452758,O
1634606847,2,-3.633683650816535e-05,N
1634606847,2,-1.661396088667097e-06,N
1634606847,2,-1.7024803550812727e-05,N
1634606847,2,-3.504345509044212e-05,N
1634606847,2,-2.0765475656309325e-05,N
3624155,2,4.423304758425974e-05,C
3624155,2,1.8363717100823573e-05,C
3624155,2,3.9401378468543503e-05,C
3624155,2,8.367386879180091e-05,C
3624155,2,-4.689298467328972e-05,C
161963127,2,-3.6949514793964064e-06,C
161963127,2,-2.2028761655886256e-06,C
161963127,2,-2.920805212774068e-06,C
161963127,2,-2.2028761655886256e-06,C
161963127,2,-4.4027917725794966e-06,C
2257970297,2,-8.874851807854234e-05,C
2257970297,2,-6.176949066041739e-05,C
2257970297,2,-2.0104569488904774e-05,C
2257970297,2,-0.0001103076600241,C
2257970297,2,-0.0001053932166274,C
787069595,2,-8.405347359649335e-05,C
787069595,2,6.141025340631462e-05,C
787069595,2,-6.209161207985578e-05,C
787069595,2,-6.120829618742451e-05,C
787069595,2,-1.491376841380402e-05,C
517457164,2,-1.1711439499876785e-06,C
517457164,2,-1.175447077500849e-06,C
517457164,2,-9.914932069679874e-07,C
517457164,2,-8.024319530161583e-07,C
517457164,2,0.0,C
3207567135,2,-1.9392696884186662e-05,C
3207567135,2,7.4462446316451644e-06,C
3207567135,2,2.248840989670011e-05,C
3207567135,2,1.630997447012259e-05,C
3207567135,2,2.7048658444124747e-05,C
435232729,2,-3.461470701659683e-06,N
435232729,2,-1.4163928847514724e-05,N
435232729,2,-1.188448593539542e-05,N
435232729,2,-2.4803224756607747e-06,N
435232729,2,2.744453057489018e-05,N
2806018737,2,3.645371489976231e-05,C
2806018737,2,1.8459988790102064e-05,C
2806018737,2,2.839179175387254e-05,C
2806018737,2,2.9095029545045916e-05,C
2806018737,2,1.4932044859160276e-05,C
4008337421,2,-8.805162800659856e-06,C
4008337421,2,3.849677584809655e-07,C
4008337421,2,-3.272217550787885e-05,C
4008337421,2,-4.097869602576361e-05,C
4008337421,2,1.0898822883483213e-05,C
3026394695,2,1.4632877610686912e-05,C
3026394695,2,9.827141382089642e-06,C
3026394695,2,9.815994174012035e-06,C
3026394695,2,1.653459507521774e-05,C
3026394695,2,3.193851691105088e-07,C
2296565457,2,5.582950425255494e-06,N
2296565457,2,2.7911459390164185e-05,N
2296565457,2,-4.934936997942618e-06,N
2296565457,2,6.623951581223846e-05,N
2296565457,2,-3.974640825030271e-05,N
2089117413,2,-1.5005714822498297e-05,C
2089117413,2,1.4488802312751826e-05,C
2089117413,2,-3.3376197889171955e-06,C
2089117413,2,-1.4614260033038104e-05,C
2089117413,2,-4.179466424392153e-06,C
572760528,2,7.727727568451574e-06,C
572760528,2,1.836956722840819e-05,C
572760528,2,1.05918573123278e-06,C
572760528,2,9.51553201434998e-06,C
572760528,2,-3.538536883736232e-06,C
3002759401,2,-0.0002009568841774,C
3002759401,2,-0.0002417904458577,C
3002759401,2,6.594016712042645e-05,C
3002759401,2,3.2433005413926366e-05,C
3002759401,2,-5.958367222896541e-06,C
3118255683,2,0.0003950543609241,N
3118255683,2,-7.699138650272587e-06,N
3118255683,2,1.7176644361124177e-05,N
3118255683,2,2.58968922368626e-05,N
3118255683,2,4.5540940474220366e-05,N
74537039,2,7.362435746468762e-07,C
74537039,2,7.07726191396911e-07,C
74537039,2,6.782304665603825e-07,C
74537039,2,8.915653019426692e-07,C
74537039,2,1.0072271314949532e-06,C
2473389857,2,0.000452486100308,C
2473389857,2,7.79940366408393e-05,C
2473389857,2,-0.0001603465529755,C
2473389857,2,-0.0002204966953952,C
2473389857,2,0.0001369645235951,C
899522707,2,0.0,
899522707,2,0.0,
899522707,2,0.0,
899522707,2,0.0,
899522707,2,0.0,
675765711,2,0.0,C
675765711,2,0.0,C
675765711,2,0.0,C
675765711,2,0.0,C
675765711,2,0.0,C
1313967653,2,-7.377947575306753e-05,C
1313967653,2,-0.0001007354390822,C
1313967653,2,-0.0002427957438529,C
1313967653,2,-0.0001175517972181,C
1313967653,2,-6.577405376574901e-05,C
3855312692,2,-2.232869349017702e-07,C
3855312692,2,8.720281498633686e-08,C
3855312692,2,3.973788359548648e-07,C
3855312692,2,1.0167915951726086e-06,C
3855312692,2,-3.4513162980535222e-06,C
1083852209,2,-0.0005919627584272,N
1083852209,2,-0.000488690820104,N
1083852209,2,-0.0004355781099596,N
1083852209,2,-1.4587523787737942e-05,N
1083852209,2,-0.0005396070275531,N
2905660137,2,-3.692190445282392e-07,C
2905660137,2,-2.819578021956079e-07,C
2905660137,2,-2.819578021956079e-07,C
2905660137,2,-8.72612423334987e-08,C
2905660137,2,-2.819578021956079e-07,C
3579962709,2,1.7384457379501957e-05,C
3579962709,2,2.397652502870995e-05,C
3579962709,2,2.455670952099167e-05,C
3579962709,2,2.53816832895817e-05,C
3579962709,2,3.020176828695976e-05,C
4041573576,2,-5.122691896927191e-05,C
4041573576,2,-8.281932117146663e-05,C
4041573576,2,-0.0001382320361572,C
4041573576,2,-0.000108413419757,C
4041573576,2,-0.0001032329347806,C
64070612,2,2.9470740021388976e-05,C
64070612,2,3.319564619279e-05,C
64070612,2,2.475413510137549e-05,C
64070612,2,1.6602685171703338e-05,C
64070612,2,6.844997597149627e-06,C
729796064,2,-9.471626916495758e-06,C
729796064,2,-3.740927631598872e-05,C
729796064,2,-5.1191095270406925e-06,C
729796064,2,-2.4954886879295472e-05,C
729796064,2,-3.114605207655066e-05,C
1070821685,2,-1.2256522630810576e-05,C
1070821685,2,-7.116356488620461e-06,C
1070821685,2,-8.879484806038028e-06,C
1070821685,2,-6.049454053653341e-06,C
1070821685,2,-1.5096728023201653e-06,C
3820826669,2,0.0004196239453582,C
3820826669,2,0.0004054057696994,C
3820826669,2,0.0003547127116379,C
3820826669,2,0.0002831212388221,C
3820826669,2,0.0003963926560087,C
2223687999,2,0.0009089731595775,C
2223687999,2,0.0008033040559396,C
2223687999,2,0.0006150508137562,C
2223687999,2,0.0006340101195378,C
2223687999,2,0.0004466254612611,C
2435680164,2,-0.000109115615382,N
2435680164,2,-0.0002156352197145,N
2435680164,2,-0.0001831842303723,N
2435680164,2,-0.0001824567352242,N
2435680164,2,-0.0001598246570316,N
600629739,2,2.116752176537992e-06,N
600629739,2,-2.9008414116973857e-08,N
600629739,2,2.784953009133881e-07,N
600629739,2,1.592982851175359e-06,N
600629739,2,-2.341719736466928e-06,N
2370996728,2,-0.000104869456943,C
2370996728,2,-0.0006124624146023,C
2370996728,2,-4.869090585774352e-05,C
2370996728,2,2.2589461956936188e-05,C
2370996728,2,-5.354426904758628e-05,C
266675433,2,-5.052447370973781e-07,O
266675433,2,-5.92447552083715e-07,O
266675433,2,-5.052447370973781e-07,O
266675433,2,3.973788359548648e-07,O
266675433,2,-5.92447552083715e-07,O
2720313463,2,9.623106472596896e-05,C
2720313463,2,9.762317853989448e-05,C
2720313463,2,4.0768824513526085e-05,C
2720313463,2,9.09925135678235e-05,C
2720313463,2,8.899519876542483e-05,C
847433064,2,1.744751859288681e-05,N
847433064,2,2.372902755321763e-05,N
847433064,2,2.124231864555209e-05,N
847433064,2,1.1466780554869778e-05,N
847433064,2,4.46190369766666e-05,N
2551483158,2,2.020646801187756e-05,N
2551483158,2,1.7234867033207903e-05,N
2551483158,2,1.0433848872430478e-05,N
2551483158,2,1.754514006055332e-05,N
2551483158,2,-2.460996541935913e-06,N
3933537673,2,-6.691394586521085e-07,C
3933537673,2,-6.691394586521085e-07,C
3933537673,2,-6.691394586521085e-07,C
3933537673,2,-8.533231717648346e-07,C
3933537673,2,-6.302116952044967e-07,C
3458774156,2,-2.002701694248446e-05,N
3458774156,2,2.3663742309068536e-05,N
3458774156,2,-4.683980553107752e-05,N
3458774156,2,-7.033538795562545e-05,N
3458774156,2,-0.0001679141537949,N
642367021,2,1.5569655928812133e-05,C
642367021,2,2.2593585634437217e-05,C
642367021,2,1.1182247100264936e-05,C
642367021,2,1.970568229825616e-06,C
642367021,2,2.683178625983995e-05,C
847336149,2,-5.551016525163523e-06,N
847336149,2,-1.749854984198565e-05,N
847336149,2,-2.1485659352425e-05,N
847336149,2,-1.944486098488796e-05,N
847336149,2,-3.261549270612823e-05,N
3182177290,2,2.711566855191985e-07,C
3182177290,2,2.711566855191985e-07,C
3182177290,2,-1.0342688815642535e-05,C
3182177290,2,1.839538705328617e-07,C
3182177290,2,8.523162633358033e-07,C
1167322652,2,5.707552019762387e-05,C
1167322652,2,1.5806812402622758e-06,C
1167322652,2,3.0090108471114013e-06,C
1167322652,2,0.0001226872857282,C
1167322652,2,4.92432279577985e-05,C
3796841743,2,6.908454678036368e-05,C
3796841743,2,0.0001663174365071,C
3796841743,2,3.922397073592449e-05,C
3796841743,2,7.31997062669576e-05,C
3796841743,2,0.0004703980172817,C
1730555933,2,-1.259990916498144e-07,C
1730555933,2,-1.4537006638292577e-07,C
1730555933,2,2.9210904370705063e-08,C
1730555933,2,-4.950035910160355e-07,C
1730555933,2,1.259639426090184e-07,C
1583799011,2,9.71791424579302e-07,C
1583799011,2,2.754271609959995e-06,C
1583799011,2,2.696261037104207e-06,C
1583799011,2,-9.927840872742817e-08,C
1583799011,2,-2.5418927688657805e-07,C
3908647167,2,0.0001042110246149,C
3908647167,2,3.3886355296764564e-05,C
3908647167,2,9.491591919855592e-05,C
3908647167,2,7.471352366911037e-05,C
3908647167,2,6.528723034007061e-05,C
271903915,2,-1.840687380103706e-07,N
271903915,2,-1.840687380103706e-07,N
271903915,2,-1.840687380103706e-07,N
271903915,2,-1.840687380103706e-07,N
271903915,2,-1.840687380103706e-07,N
2447826885,2,2.075908311358239e-06,C
2447826885,2,3.09758537360514e-06,C
2447826885,2,-1.1868700585324077e-06,C
2447826885,2,-7.868174155983322e-06,C
2447826885,2,-1.8412446949707048e-06,C
1791271074,2,-0.0002780001302161,S
1791271074,2,-0.0001501425511965,S
1791271074,2,-0.0002208262808636,S
1791271074,2,-0.0002365091266469,S
1791271074,2,-0.0002572472097972,S
3976623167,2,1.1512284469143534e-05,C
3976623167,2,-5.537396582147146e-05,C
3976623167,2,-4.069427631897115e-05,C
3976623167,2,1.824755170466968e-05,C
3976623167,2,6.497227409409112e-05,C
966311396,2,-5.717700124275096e-06,C
966311396,2,1.968672228431622e-05,C
966311396,2,5.009301115502587e-06,C
966311396,2,4.741180093608809e-05,C
966311396,2,1.061581051817282e-05,C
1323467736,2,6.067471522308403e-05,C
1323467736,2,4.083499027585612e-05,C
1323467736,2,5.372558383064021e-05,C
1323467736,2,5.62865201062376e-05,C
1323467736,2,1.1161969952408306e-05,C
411967733,2,-4.248932602862222e-06,C
411967733,2,-2.160690107025527e-06,C
411967733,2,-1.8633381926470155e-06,C
411967733,2,4.0821845878613605e-07,C
411967733,2,-1.9484928615379205e-07,C
3545365497,2,-1.5577703777062794e-05,C
3545365497,2,-5.231482154536421e-06,C
3545365497,2,-2.745190221674788e-05,C
3545365497,2,-1.238624156232361e-05,C
3545365497,2,-4.372394214139513e-05,C
3796359118,2,3.307382027395792e-05,C
3796359118,2,1.093414885821719e-05,C
3796359118,2,4.502036342876603e-06,C
3796359118,2,5.7961224216384645e-05,C
3796359118,2,-1.1010964292314069e-05,C
36538691,2,6.29494602125049e-06,C
36538691,2,-1.6804383811460516e-06,C
36538691,2,7.340538330750414e-06,C
36538691,2,5.012401260566859e-06,C
36538691,2,5.43344228406701e-06,C
2649902721,2,-2.0353401168887042e-07,C
2649902721,2,-3.586497087640015e-07,C
2649902721,2,2.2291477863502915e-07,C
2649902721,2,2.2291477863502915e-07,C
2649902721,2,-3.586497087640015e-07,C
994237755,2,3.782018101845461e-07,C
994237755,2,-7.084977785591293e-07,C
994237755,2,3.5830113182065e-07,C
994237755,2,-3.877177248015965e-07,C
994237755,2,-3.692190445282392e-07,C
1961848637,2,3.656750425925712e-07,C
1961848637,2,1.540974742023516e-05,C
1961848637,2,-4.061420792308632e-06,C
1961848637,2,-2.587627341680415e-06,C
1961848637,2,5.495389516869606e-07,C
3004333805,2,9.487247587191931e-06,C
3004333805,2,2.815091819851831e-07,C
3004333805,2,5.2271789148855205e-06,C
3004333805,2,5.2271789148855205e-06,C
3004333805,2,1.0108092303568426e-05,C
4033380444,2,-2.606828320791607e-05,C
4033380444,2,-1.3099826177738992e-05,C
4033380444,2,-1.3065211242458892e-05,C
4033380444,2,-2.057913937818841e-05,C
4033380444,2,-2.520591402503051e-05,C
619920801,2,1.0456240921606285e-06,C
619920801,2,1.966597609840033e-06,C
619920801,2,1.7517769527733082e-06,C
619920801,2,-5.425064716109082e-06,C
619920801,2,2.9705041210741943e-05,C
3334525955,2,8.806433151810518e-06,C
3334525955,2,1.205258183823929e-05,C
3334525955,2,2.2667814157702717e-05,C
3334525955,2,-7.330133733774759e-06,C
3334525955,2,1.2910579268903336e-06,C
3994088662,2,-2.7917943136800995e-05,C
3994088662,2,5.251456763597038e-05,C
3994088662,2,-4.629000468150176e-05,C
3994088662,2,-4.6766977941229033e-05,C
3994088662,2,-9.787639588751567e-06,C
3596485316,2,6.564094496056515e-06,C
3596485316,2,8.079791334041943e-06,C
3596485316,2,7.000053376883704e-06,C
3596485316,2,6.477008359856602e-06,C
3596485316,2,7.029267403777482e-06,C
171200514,2,-2.38554764869876e-05,C
171200514,2,-3.562141934246744e-05,C
171200514,2,5.835221779676263e-06,C
171200514,2,9.041455544237312e-06,C
171200514,2,-1.6181780886162685e-05,C
970433791,2,7.627775055880134e-05,C
970433791,2,2.2330395036375232e-05,C
970433791,2,2.2047183947286088e-05,C
970433791,2,2.9928879231511628e-05,C
970433791,2,3.907521333483457e-05,C
685125387,2,8.317184752810146e-06,C
685125387,2,1.4110922932043628e-05,C
685125387,2,2.0144375991669808e-05,C
685125387,2,1.13993914937615e-05,C
685125387,2,1.2843159666058382e-05,C
2835079913,2,-2.9728745886590902e-05,C
2835079913,2,1.825351987100841e-05,C
2835079913,2,-2.8139695166901416e-05,C
2835079913,2,8.147920289590209e-06,C
2835079913,2,-1.691784820747992e-05,C
1352399629,2,0.0002034390803616,O
1352399629,2,0.0001097415608013,O
1352399629,2,0.0001033314257345,O
1352399629,2,0.0002198768056801,O
1352399629,2,0.00040287449055,O
416356657,2,3.729579547499459e-06,C
416356657,2,2.571441218519009e-06,C
416356657,2,2.571441218519009e-06,C
416356657,2,3.7584177209563216e-06,C
416356657,2,1.397886683381002e-05,C
1535166686,2,-1.6757722911430427e-05,O
1535166686,2,-1.7873538027072394e-05,O
1535166686,2,-5.803455796092247e-06,O
1535166686,2,-4.57894183188666e-06,O
1535166686,2,-2.3889286955442075e-05,O
589930590,2,0.0008987165390305,C
589930590,2,9.13560292038415e-05,C
589930590,2,0.0010038450407451,C
589930590,2,0.0002366976533874,C
589930590,2,0.000236699825456,C
2463614838,2,1.0276987347105151e-06,C
2463614838,2,3.0547530688231767e-06,C
2463614838,2,-3.392787340300227e-07,C
2463614838,2,-1.8434045286237768e-07,C
2463614838,2,2.042748855461858e-06,C
1871221615,2,-3.439801798558063e-05,C
1871221615,2,-1.3110377179942866e-05,C
1871221615,2,-3.3250250416153385e-05,C
1871221615,2,-1.0803203841501172e-05,C
1871221615,2,-1.080357062727133e-05,C
3482873808,2,-4.558155712555689e-06,C
3482873808,2,-6.030725358066764e-06,C
3482873808,2,-1.0737949500318894e-06,C
3482873808,2,7.392394354692293e-06,C
3482873808,2,-1.5100665776684311e-06,C
553412256,2,5.0256450923152375e-05,C
553412256,2,1.6892149246922235e-05,C
553412256,2,1.1163262871937555e-05,C
553412256,2,-5.1423497221553954e-06,C
553412256,2,4.845036207762245e-05,C
135980867,2,-1.55279753868455e-07,C
135980867,2,2.815091819851831e-07,C
135980867,2,0.0,C
135980867,2,0.0,C
135980867,2,0.0,C
1445852595,2,0.0,C
1445852595,2,-4.981408039391594e-06,C
1445852595,2,-9.887175122186807e-06,C
1445852595,2,-9.576685372297831e-06,C
1445852595,2,-1.4594248409239076e-05,C
2434373675,2,-1.2313355839303245e-05,N
2434373675,2,-2.851935433876955e-06,N
2434373675,2,-1.319738905734575e-05,N
2434373675,2,-1.452616785982408e-05,N
2434373675,2,-1.3580624161823804e-06,N
2939120473,2,3.101760209685278e-07,C
2939120473,2,-1.0160836260942815e-06,C
2939120473,2,-2.9008414116973857e-08,C
2939120473,2,3.101760209685278e-07,C
2939120473,2,-8.609679290191505e-07,C
3203709451,2,-6.7200165006853566e-06,O
3203709451,2,-2.425362706796018e-05,O
3203709451,2,-2.004909063142539e-05,O
3203709451,2,-1.2778574842460706e-05,O
3203709451,2,-3.07741415206805e-05,O
368531313,2,2.0787289897261987e-06,C
368531313,2,-2.650704766406393e-05,C
368531313,2,1.9384170930965457e-05,C
368531313,2,1.8704462831737809e-06,C
368531313,2,4.352197028951056e-05,C
3176806076,2,-1.9794157310359245e-05,C
3176806076,2,-1.4393698070751077e-05,C
3176806076,2,-3.220454966738288e-05,C
3176806076,2,-4.393619573797754e-06,C
3176806076,2,-5.545149217908892e-06,C
2614860224,2,-1.3964605044348814e-05,C
2614860224,2,1.7712606232194242e-05,C
2614860224,2,3.186449060417571e-05,C
2614860224,2,3.1174523714073976e-05,C
2614860224,2,2.581305048012395e-05,C
2297887526,2,8.24810397626833e-06,N
2297887526,2,1.3184622242559847e-05,N
2297887526,2,1.1403054358987036e-05,N
2297887526,2,8.083252128371875e-06,N
2297887526,2,1.271978179769647e-05,N
623728226,2,-8.377254937332913e-06,C
623728226,2,-8.472695522303633e-07,C
623728226,2,-2.141183143128996e-05,C
623728226,2,-7.619364488411183e-06,C
623728226,2,9.142041585549418e-07,C
603510687,2,-3.406326068252242e-05,C
603510687,2,-3.8695263971895606e-05,C
603510687,2,-4.936160408487711e-05,C
603510687,2,-2.0965221135212965e-05,C
603510687,2,-4.361194071047982e-05,C
725322217,2,9.195103078015776e-06,C
725322217,2,-2.7368178763878537e-07,C
725322217,2,4.308613508258695e-06,C
725322217,2,8.55714686182757e-06,C
725322217,2,3.9033038611952994e-06,C
434423882,2,3.347921010972248e-06,C
434423882,2,7.807310020959725e-06,C
434423882,2,8.296635958231907e-07,C
434423882,2,8.80030957701658e-07,C
434423882,2,4.605163394943816e-06,C
548743766,2,-4.156976063921479e-06,C
548743766,2,1.194196215641586e-05,C
548743766,2,1.2116177184945051e-06,C
548743766,2,1.448275023747947e-06,C
548743766,2,-1.3602399745243562e-06,C
1399127774,2,-1.393261853692082e-05,C
1399127774,2,-1.4641631999680152e-05,C
1399127774,2,-1.4952915479705432e-05,C
1399127774,2,-1.5518663999776125e-05,C
1399127774,2,-1.4398645077125932e-05,C
2629723425,2,1.1667658417627638e-06,C
2629723425,2,6.02400543907658e-07,C
2629723425,2,1.1667658417627638e-06,C
2629723425,2,1.1667658417627638e-06,C
2629723425,2,8.562760918746568e-07,C
1542633699,2,-9.97443636451944e-06,O
1542633699,2,-9.8671765640726e-06,O
1542633699,2,-1.1607088608719604e-05,O
1542633699,2,-6.642176794246189e-06,O
1542633699,2,-1.6562146706302835e-06,O
1824088295,2,9.852794825373353e-06,C
1824088295,2,1.5516575191536035e-05,C
1824088295,2,-1.2302524668101123e-06,C
1824088295,2,1.4802972157969968e-05,C
1824088295,2,-5.236614414576117e-06,C
1078211001,2,5.773972162044765e-05,O
1078211001,2,0.0001052635259725,O
1078211001,2,6.312964735962108e-05,O
1078211001,2,6.299318051106607e-05,O
1078211001,2,0.00010438410141,O
579286581,2,-1.050577871951515e-06,C
579286581,2,1.0554145396159814e-06,C
579286581,2,-8.554229708886488e-06,C
579286581,2,9.62492259637144e-06,C
579286581,2,-2.121626101133506e-06,C
476060908,2,-1.55279753868455e-07,C
476060908,2,-2.425409962010863e-07,C
476060908,2,-5.818197302319764e-07,C
476060908,2,-1.55279753868455e-07,C
476060908,2,-6.691394586521085e-07,C
2154935424,2,4.77486552552522e-05,O
2154935424,2,-0.0001448587430085,O
2154935424,2,-0.0001535720054241,O
2154935424,2,4.836277311611077e-05,O
2154935424,2,5.0855242740237457e-05,O
4256524850,2,3.52216065144257e-05,C
4256524850,2,3.193342800492365e-05,C
4256524850,2,6.520082927976255e-05,C
4256524850,2,2.264012271801282e-05,C
4256524850,2,4.6107695751717616e-05,C
3980805843,2,4.466879856407195e-06,C
3980805843,2,2.4627291467706897e-06,C
3980805843,2,9.176757837303824e-06,C
3980805843,2,6.557338863567332e-06,C
3980805843,2,1.3826414508855828e-05,C
3594646603,2,-6.15057853289424e-06,C
3594646603,2,-6.798352090250752e-06,C
3594646603,2,-2.165616441741555e-06,C
3594646603,2,-1.0225597701963436e-05,C
3594646603,2,-2.81250439374426e-06,C
4036277955,2,-2.1976337761926874e-05,C
4036277955,2,-1.7541417011088245e-06,C
4036277955,2,-5.532937168493783e-06,C
4036277955,2,-7.60733116740922e-06,C
4036277955,2,-1.470017810714392e-05,C
3554022385,2,3.646958798091647e-06,C
3554022385,2,7.552215237726159e-06,C
3554022385,2,1.2722663202661792e-05,C
3554022385,2,2.4326252754410145e-05,C
3554022385,2,9.447925074281167e-06,C
571978829,2,-4.265717722431658e-06,C
571978829,2,2.1089048316397067e-05,C
571978829,2,3.937065618340487e-06,C
571978829,2,-2.775670513064342e-06,C
571978829,2,1.3882394754601186e-05,C
4011293459,2,1.3507197122956257e-06,C
4011293459,2,1.3507197122956257e-06,C
4011293459,2,1.839538705328617e-07,C
4011293459,2,2.8674116664406668e-08,C
4011293459,2,-2.532836855312013e-07,C
1378530689,2,0.0,
1378530689,2,0.0,
1378530689,2,0.0,
1378530689,2,0.0,
1378530689,2,0.0,
1858577693,2,1.4973159081031057e-06,C
1858577693,2,-3.306903479164541e-05,C
1858577693,2,-1.9651369721670683e-05,C
1858577693,2,-2.0265359731452305e-05,C
1858577693,2,-6.212712124305155e-05,C
3120642300,2,-3.656776973111255e-05,C
3120642300,2,-3.860803067427809e-05,C
3120642300,2,-2.166358760908888e-05,C
3120642300,2,-4.191232003385864e-08,C
3120642300,2,-3.627627810384726e-05,C
2594220197,2,-1.931970055118592e-05,C
2594220197,2,-5.411162308155068e-07,C
2594220197,2,-1.975861615769337e-05,C
2594220197,2,-1.896457845359644e-05,C
2594220197,2,-1.5012029630049294e-05,C
1693331843,2,-1.5035422520487396e-06,N
1693331843,2,-1.2689747830221118e-07,N
1693331843,2,-3.6878596916785694e-06,N
1693331843,2,-8.46412396634643e-06,N
1693331843,2,-1.0215872039184837e-05,N
1868602760,2,5.296382919874748e-06,N
1868602760,2,1.7660672237580777e-06,N
1868602760,2,-8.470876587132747e-06,N
1868602760,2,-9.835520448384616e-06,N
1868602760,2,5.616419148655842e-06,N
1842114921,2,-7.530228348553124e-06,C
1842114921,2,2.3634194620350893e-05,C
1842114921,2,2.84539850890159e-05,C
1842114921,2,3.4839219474067443e-06,C
1842114921,2,1.2948303077082134e-05,C
2021812431,2,1.0620151575704492e-05,N
2021812431,2,8.269153977729857e-07,N
2021812431,2,1.5928185130640107e-05,N
2021812431,2,7.27186390951564e-06,N
2021812431,2,9.273592859949248e-06,N
4197146180,2,-1.283857024689597e-05,O
4197146180,2,6.990094135269319e-05,O
4197146180,2,5.073485793880093e-05,O
4197146180,2,-2.0276113456497297e-05,O
4197146180,2,-1.54341622501334e-05,O
3121777292,2,-1.1577133135478798e-06,N
3121777292,2,-2.0795414283130906e-06,N
3121777292,2,-1.6124989752419952e-06,N
3121777292,2,-1.273763540023294e-06,N
3121777292,2,-1.3300914795824972e-06,N
2752034647,2,1.0010627730870287e-05,C
2752034647,2,1.1483052192780112e-05,C
2752034647,2,2.1215948251438084e-05,C
2752034647,2,1.968083466737276e-05,C
2752034647,2,1.931262858945442e-05,C
3614376044,2,-8.72612423334987e-08,C
3614376044,2,-8.72612423334987e-08,C
3614376044,2,3.493636367276829e-07,C
3614376044,2,6.785445474249975e-08,C
3614376044,2,4.366248790603142e-07,C
3266129148,2,1.448275023747947e-06,S
3266129148,2,1.448275023747947e-06,S
3266129148,2,1.448275023747947e-06,S
3266129148,2,1.448275023747947e-06,S
3266129148,2,-3.104897498889745e-07,S
3346539298,2,4.685685531923521e-05,N
3346539298,2,-7.89897817825725e-06,N
3346539298,2,-3.158423459294693e-05,N
3346539298,2,2.6024280242878745e-05,N
3346539298,2,-0.0001105134945069,N
2513428378,2,4.562885072859242e-06,C
2513428378,2,-4.4717422099513e-06,C
2513428378,2,-7.209046298119193e-06,C
2513428378,2,-8.872228684050042e-06,C
2513428378,2,-6.614781205465173e-07,C
2827868305,2,0.000108350980508,C
2827868305,2,6.178119703310631e-05,C
2827868305,2,4.782316999308103e-05,C
2827868305,2,-4.019031984347533e-06,C
2827868305,2,7.025942033651433e-05,C
1153219603,2,5.213504686625396e-06,C
1153219603,2,6.777823972292565e-05,C
1153219603,2,2.705383432202637e-05,C
1153219603,2,4.590193482171233e-05,C
1153219603,2,0.000723598405228,C
516041383,2,1.5511569707599845e-07,C
516041383,2,1.5511569707599845e-07,C
516041383,2,-2.8953040934372176e-08,C
516041383,2,-3.404751700167644e-07,C
516041383,2,0.0,C
312306367,2,6.753683312104783e-07,C
312306367,2,2.6012182636437828e-06,C
312306367,2,-1.389577113175642e-05,C
312306367,2,2.669521294044585e-05,C
312306367,2,1.750859971914008e-06,C
3925172229,2,6.397498945738024e-06,C
3925172229,2,-3.104897498889745e-07,C
3925172229,2,1.1667658417627638e-06,C
3925172229,2,7.800975315720195e-06,C
3925172229,2,-8.637775324267169e-07,C
118059098,2,3.5803598778900644e-06,C
118059098,2,2.320669035260452e-06,C
118059098,2,-2.5829552907758423e-05,C
118059098,2,1.5418915065451046e-05,C
118059098,2,-6.23774416258667e-06,C
3981762496,2,-0.0006153142719812,C
3981762496,2,-0.0001476310316768,C
3981762496,2,-0.0001941808167244,C
3981762496,2,-0.0001242271480806,C
3981762496,2,-0.0002224223095324,C
2122981102,2,0.0,
2122981102,2,0.0,
2122981102,2,0.0,
2122981102,2,0.0,
2122981102,2,0.0,
1506563592,2,-2.7168588130448146e-07,C
1506563592,2,-7.372638013000352e-07,C
1506563592,2,5.187988244962673e-06,C
1506563592,2,1.2814600567233846e-05,C
1506563592,2,-1.045036667029521e-06,C
2604440622,2,-3.308291566884395e-05,C
2604440622,2,-2.603414397265788e-05,C
2604440622,2,1.0285217968792825e-05,C
2604440622,2,-1.9391494242780066e-05,C
2604440622,2,-1.192068275257356e-05,C
1717044408,2,1.636879731342633e-06,C
1717044408,2,3.705587215462568e-06,C
1717044408,2,3.088006115788481e-07,C
1717044408,2,1.183644320167706e-05,C
1717044408,2,4.8950487634103965e-06,C
2646219661,2,2.050133141792872e-05,C
2646219661,2,2.424449929449689e-05,C
2646219661,2,6.652638390408465e-06,C
2646219661,2,1.1962717008103842e-05,C
2646219661,2,1.4901569695543668e-06,C
128522177,2,5.828107007748232e-05,C
128522177,2,1.814439100247551e-05,C
128522177,2,2.3971962707212795e-05,C
128522177,2,3.0187486608156643e-05,C
128522177,2,4.023387613071548e-06,C
2459741777,2,3.5356243478310706e-06,O
2459741777,2,9.234412521872022e-06,O
2459741777,2,3.6913978367280817e-06,O
2459741777,2,7.979853948831758e-06,O
2459741777,2,7.298344286278506e-06,O
3612926680,2,2.636564744657767e-05,Br
3612926680,2,2.815644916641293e-05,Br
3612926680,2,2.0843281791208847e-05,Br
3612926680,2,5.480640154516096e-05,Br
3612926680,2,4.369304418084738e-05,Br
1792562719,2,-0.0003264009292337,S
1792562719,2,7.946114103089038e-05,S
1792562719,2,0.0001146367190682,S
1792562719,2,0.0001284739946045,S
1792562719,2,-0.0002726436113035,S
868576692,2,0.0,
868576692,2,0.0,
868576692,2,0.0,
868576692,2,0.0,
868576692,2,0.0,
1999904870,2,1.1667658417627638e-06,C
1999904870,2,2.9208632825929864e-06,C
1999904870,2,2.9208632825929864e-06,C
1999904870,2,2.9208632825929864e-06,C
1999904870,2,1.3610137814144482e-06,C
3532053313,2,8.727468345697334e-07,S
3532053313,2,2.815091819851831e-07,S
3532053313,2,-1.1711439499876785e-06,S
3532053313,2,-8.609679290191505e-07,S
3532053313,2,2.815091819851831e-07,S
592593828,2,-2.001998394212529e-06,C
592593828,2,1.6206770799475842e-05,C
592593828,2,2.0752723159312564e-05,C
592593828,2,1.930931754152293e-05,C
592593828,2,-1.4489148532740267e-05,C
3632350815,2,1.6363584363261047e-05,Br
3632350815,2,3.309388231783738e-05,Br
3632350815,2,7.275511989206403e-06,Br
3632350815,2,4.008219573289635e-05,Br
3632350815,2,1.6864172098915095e-05,Br
3025629386,2,-8.609679290191505e-07,C
3025629386,2,-1.0302991188112715e-06,C
3025629386,2,-1.482110166299393e-06,C
3025629386,2,2.0153123890661803e-06,C
3025629386,2,6.788880179400478e-07,C
3594696610,2,0.0,C
3594696610,2,0.0,C
3594696610,2,0.0,C
3594696610,2,0.0,C
3594696610,2,0.0,C
2212573984,2,-4.056691603298614e-06,S
2212573984,2,1.1982637662402706e-05,S
2212573984,2,1.5457690500185646e-05,S
2212573984,2,-8.486035607520662e-07,S
2212573984,2,2.0881176115570416e-05,S
3157481675,2,5.634097012758091e-06,C
3157481675,2,-5.1965840806257255e-06,C
3157481675,2,-9.260365310488109e-06,C
3157481675,2,-3.584741545088408e-06,C
3157481675,2,-1.2380276275389922e-05,C
669222828,2,2.815091819851831e-07,C
669222828,2,2.815091819851831e-07,C
669222828,2,0.0,C
669222828,2,2.815091819851831e-07,C
669222828,2,0.0,C
1856075173,2,-8.72612423334987e-08,C
1856075173,2,-8.72612423334987e-08,C
1856075173,2,-8.72612423334987e-08,C
1856075173,2,-8.72612423334987e-08,C
1856075173,2,-8.72612423334987e-08,C
618671879,2,1.1776185679059602e-05,C
618671879,2,2.9244723162247417e-05,C
618671879,2,1.024683717355552e-05,C
618671879,2,3.793917764195829e-05,C
618671879,2,3.302820576109224e-05,C
714893496,2,-1.4706769670982075e-05,C
714893496,2,-1.964207693015869e-05,C
714893496,2,-2.2083891925587205e-05,C
714893496,2,-4.994351624352383e-06,C
714893496,2,-9.818643143524527e-07,C
1685248591,2,9.102139068787284e-06,C
1685248591,2,3.5125088100975733e-05,C
1685248591,2,-7.186560677502861e-06,C
1685248591,2,-7.011120473841316e-06,C
1685248591,2,4.501768781146887e-06,C
2931695851,2,0.0001052757432505,C
2931695851,2,3.752016942764388e-05,C
2931695851,2,5.460173445778326e-05,C
2931695851,2,3.586378577239303e-05,C
2931695851,2,9.25031076545917e-05,C
2222715027,2,-0.000389649761236,O
2222715027,2,-0.0003693462104862,O
2222715027,2,-0.0001432117797079,O
2222715027,2,-0.0002299308860312,O
2222715027,2,-0.0001345582601733,O
1026928756,2,7.592499698068009e-05,S
1026928756,2,-7.989458664546447e-05,S
1026928756,2,-9.500739217211448e-05,S
1026928756,2,-8.629394519851178e-05,S
1026928756,2,-0.0001555753813796,S
458993620,2,-1.6884852536094667e-05,N
458993620,2,-1.0454348843834914e-05,N
458993620,2,-4.483946933179876e-06,N
458993620,2,1.9910238643929858e-05,N
458993620,2,9.370977930742326e-06,N
1549284008,2,4.432025033685588e-06,C
1549284008,2,2.38742785369124e-06,C
1549284008,2,1.90595622788798e-05,C
1549284008,2,1.887543903228168e-05,C
1549284008,2,-2.4034039915023578e-06,C
3510196525,2,7.4978247460990785e-06,N
3510196525,2,3.2935717096411327e-06,N
3510196525,2,7.060806620010941e-06,N
3510196525,2,3.7498954770206e-06,N
3510196525,2,3.0703363547305088e-06,N
909362583,2,-6.403925053898377e-07,C
909362583,2,-6.323190090949844e-06,C
909362583,2,-6.040331825145177e-06,C
909362583,2,-6.633994046976489e-06,C
909362583,2,-5.856263087134807e-06,C
2556855854,2,1.7169758056477871e-06,C
2556855854,2,-4.965662162960752e-07,C
2556855854,2,-3.6522513084712503e-06,C
2556855854,2,-4.76985830365987e-06,C
2556855854,2,-9.036346841030315e-07,C
3888780669,2,-1.933488425458034e-05,O
3888780669,2,2.3638341854258747e-05,O
3888780669,2,-1.5165227401621982e-05,O
3888780669,2,2.7128377782124555e-06,O
3888780669,2,8.752726271816016e-06,O
2448572767,2,0.0,
2448572767,2,0.0,
2448572767,2,0.0,
2448572767,2,0.0,
2448572767,2,0.0,
932692620,2,-6.68256850327488e-06,C
932692620,2,-1.1492096213010748e-05,C
932692620,2,-8.171066608574952e-06,C
932692620,2,-9.432875858545605e-06,C
932692620,2,-9.39400597883052e-06,C
92620239,2,3.85975328840403e-06,C
92620239,2,1.1017375245587524e-05,C
92620239,2,2.794617926927916e-06,C
92620239,2,1.0757465430657684e-06,C
92620239,2,2.711566855191985e-07,C
443932914,2,-4.3723755606319553e-07,N
443932914,2,-1.840687380103706e-07,N
443932914,2,-8.637775324267169e-07,N
443932914,2,-2.424712383540181e-07,N
443932914,2,-5.92447552083715e-07,N
586636525,2,-8.836741392358878e-08,C
586636525,2,-4.676726696557429e-07,C
586636525,2,3.960678354487934e-07,C
586636525,2,3.280983177627456e-07,C
586636525,2,-6.879299351489343e-07,C
3462479532,2,9.193564751703956e-06,C
3462479532,2,5.6630264605008265e-06,C
3462479532,2,1.267412804447244e-05,C
3462479532,2,1.869262482143575e-05,C
3462479532,2,6.244525153130051e-06,C
2222621677,2,-2.905295706629417e-06,O
2222621677,2,-1.1335034199892388e-06,O
2222621677,2,-7.83045937932051e-06,O
2222621677,2,-4.6351051708633934e-05,O
2222621677,2,-3.835404227195156e-05,O
328936174,2,5.59638551424213e-06,C
328936174,2,5.3291330455711855e-06,C
328936174,2,-3.114249493671624e-06,C
328936174,2,1.2461005073285613e-05,C
328936174,2,1.076582026630652e-05,C
2154777022,2,7.913712757537036e-06,C
2154777022,2,7.491444764173502e-07,C
2154777022,2,3.6239561080732632e-06,C
2154777022,2,1.5686232348877116e-06,C
2154777022,2,7.458421900097441e-06,C
3992410619,2,0.0005569887171991,C
3992410619,2,0.0005141249751531,C
3992410619,2,0.0004672723033726,C
3992410619,2,0.000452220317734,C
3992410619,2,0.0005207644350552,C
3750444818,2,4.172807429972912e-06,C
3750444818,2,4.017597433952393e-06,C
3750444818,2,1.329272755768579e-05,C
3750444818,2,1.3419475111269528e-05,C
3750444818,2,1.274090034599721e-05,C
2975126068,2,-5.838670845489599e-06,N
2975126068,2,2.118426282386298e-05,N
2975126068,2,2.56418512424271e-05,N
2975126068,2,5.671858364858853e-06,N
2975126068,2,-2.2554838060679164e-05,N
2477914203,2,-1.4508326531678314e-06,N
2477914203,2,-1.1693234711835157e-06,N
2477914203,2,-1.1693234711835157e-06,N
2477914203,2,-1.606112407035419e-06,N
2477914203,2,-1.4508326531678314e-06,N
353395765,2,-1.072458250442939e-05,C
353395765,2,-5.714427310797403e-06,C
353395765,2,-1.8172481689358862e-05,C
353395765,2,-2.0844699177675723e-05,C
353395765,2,-1.966712817194627e-05,C
69470421,2,0.0,C
69470421,2,0.0,C
69470421,2,0.0,C
69470421,2,0.0,C
69470421,2,0.0,C
540046244,2,0.0005170312191213,C
540046244,2,0.0006373111124311,C
540046244,2,0.0004574435095597,C
540046244,2,0.0007525734998687,C
540046244,2,0.0005191264640914,C
4261830945,2,4.865682935335097e-05,C
4261830945,2,-8.720100097427737e-05,C
4261830945,2,-1.1177490982708718e-05,C
4261830945,2,3.985164372830204e-06,C
4261830945,2,-4.801451068373128e-05,C
3904721945,2,-5.466167773404522e-06,C
3904721945,2,0.0003873754351855,C
3904721945,2,0.0003865088060288,C
3904721945,2,-1.9045553418569304e-05,C
3904721945,2,0.0003837048894527,C
4055698890,2,-4.49998447086316e-06,N
4055698890,2,-2.2414452042658628e-05,N
4055698890,2,-1.3647798579676657e-05,N
4055698890,2,-1.648045774077945e-05,N
4055698890,2,6.905367298834335e-06,N
1738265797,2,-6.646846586299236e-06,C
1738265797,2,-8.222862028841975e-06,C
1738265797,2,-8.660631162805792e-06,C
1738265797,2,-3.975238543636912e-06,C
1738265797,2,-9.831979941710318e-06,C
2014543234,2,5.905159028055194e-05,C
2014543234,2,7.72151842831064e-05,C
2014543234,2,-5.947685245651958e-06,C
2014543234,2,6.83558209501299e-06,C
2014543234,2,6.485797471647396e-05,C
2697110228,2,-1.7132005584296478e-06,C
2697110228,2,7.673454905280687e-06,C
2697110228,2,5.074867928964687e-06,C
2697110228,2,5.997369767717087e-06,C
2697110228,2,7.28049180700064e-06,C
694069322,2,2.094506300392897e-05,N
694069322,2,2.0237907450398017e-05,N
694069322,2,1.4588008748360816e-05,N
694069322,2,3.7136903254779245e-05,N
694069322,2,5.077663729196637e-06,N
3120784405,2,1.04945603026348e-05,C
3120784405,2,3.436494107826593e-06,C
3120784405,2,-1.5609549745818074e-05,C
3120784405,2,1.5610149270646294e-05,C
3120784405,2,-7.157423574546008e-05,C
2574917850,2,-8.526541602684595e-07,C
2574917850,2,-2.269600138772067e-06,C
2574917850,2,-3.211848873149216e-06,C
2574917850,2,-2.4745202771205704e-06,C
2574917850,2,-1.5824555591485365e-06,C
644322065,2,-9.576685372297831e-06,C
644322065,2,0.0,C
644322065,2,0.0,C
644322065,2,0.0,C
644322065,2,-9.576685372297831e-06,C
4068239769,2,-1.2333424699922588e-06,S
4068239769,2,8.951641465677548e-07,S
4068239769,2,-1.8434045286237768e-07,S
4068239769,2,1.0696282038875904e-06,S
4068239769,2,2.1538117396611295e-07,S
606428793,2,-1.4531017521832862e-06,C
606428793,2,0.0,C
606428793,2,-2.819578021956079e-07,C
606428793,2,-1.9475498720927106e-07,C
606428793,2,-2.819578021956079e-07,C
3304582332,2,9.205738405206748e-06,C
3304582332,2,1.0795045994301325e-06,C
3304582332,2,1.0795045994301325e-06,C
3304582332,2,1.0795045994301325e-06,C
3304582332,2,1.1667658417627638e-06,C
3920757710,2,5.274211447713149e-05,C
3920757710,2,1.6961535187764998e-05,C
3920757710,2,5.225954236120437e-05,C
3920757710,2,-1.957371958150912e-05,C
3920757710,2,8.562993576485996e-06,C
2923200147,2,-3.9952901195799626e-06,C
2923200147,2,-3.3034962259621305e-05,C
2923200147,2,-5.409726174789107e-05,C
2923200147,2,-2.4125786319238732e-08,C
2923200147,2,2.5563943165281267e-06,C
1349404210,2,0.0007139707638032,N
1349404210,2,0.000808882696915,N
1349404210,2,0.0008134327934516,N
1349404210,2,-0.0002007002711231,N
1349404210,2,1.74195472135881e-05,N
2238101436,2,1.2626747183447015e-06,C
2238101436,2,1.4474187737516939e-07,C
2238101436,2,2.710685903083848e-07,C
2238101436,2,6.70199625467556e-07,C
2238101436,2,3.8734135966288913e-07,C
310913359,2,0.0,C
310913359,2,-7.478074370423013e-07,C
310913359,2,-7.478074370423013e-07,C
310913359,2,-4.3723755606319553e-07,C
310913359,2,-1.2143701484659472e-06,C
4086265842,2,1.5651497020222928e-05,C
4086265842,2,2.882743032820226e-06,C
4086265842,2,-1.829401752531483e-06,C
4086265842,2,5.429825461107825e-06,C
4086265842,2,1.2375219140578313e-05,C
3328145258,2,-1.7355092478427842e-06,C
3328145258,2,-9.87190079455684e-07,C
3328145258,2,4.244366943654751e-06,C
3328145258,2,3.1864563390529912e-06,C
3328145258,2,3.398492463814462e-06,C
3045022511,2,0.0004494045339894,S
3045022511,2,-0.000117261875594,S
3045022511,2,-0.0001235057893271,S
3045022511,2,0.0004062729294734,S
3045022511,2,0.0006226933409807,S
910450790,2,-1.9260879596651705e-05,C
910450790,2,4.689174828486319e-06,C
910450790,2,-1.2164818445160009e-05,C
910450790,2,-2.66409467395241e-05,C
910450790,2,-1.8611041611284705e-05,C
1216095805,2,9.8718841778948e-06,C
1216095805,2,6.526952920147058e-06,C
1216095805,2,3.816446026589423e-05,C
1216095805,2,5.345694900839998e-05,C
1216095805,2,5.014846316162523e-05,C
2187394687,2,-3.525331738296437e-06,C
2187394687,2,-2.4311254416045477e-05,C
2187394687,2,-2.6174519290158085e-06,C
2187394687,2,-2.658142879752301e-06,C
2187394687,2,-1.2522037978519689e-05,C
544755086,2,-7.062833025894312e-06,C
544755086,2,-6.869998343743237e-06,C
544755086,2,-9.736181253455592e-06,C
544755086,2,-1.59646358207418e-05,C
544755086,2,-1.2200999594817914e-05,C
2425865203,2,5.2271789148855205e-06,C
2425865203,2,-2.152442757127893e-06,C
2425865203,2,-3.613926357267337e-06,C
2425865203,2,8.320481745429167e-06,C
2425865203,2,3.778903891136706e-06,C
1558658757,2,1.973999206545795e-05,C
1558658757,2,9.92336954270135e-06,C
1558658757,2,7.252795306883844e-06,C
1558658757,2,1.1451052644024552e-05,C
1558658757,2,7.883530902479292e-06,C
68675643,2,3.101760209685278e-07,C
68675643,2,1.5506032389252938e-07,C
68675643,2,1.5506032389252938e-07,C
68675643,2,3.101760209685278e-07,C
68675643,2,3.101760209685278e-07,C
2905822145,2,0.0004489762171446,C
2905822145,2,0.0004383599069671,C
2905822145,2,0.0004464394040604,C
2905822145,2,0.0004276566203137,C
2905822145,2,0.0004653684004412,C
2284773903,2,-1.3015449130456686e-06,C
2284773903,2,-3.039340084221888e-06,C
2284773903,2,6.187249032333329e-06,C
2284773903,2,8.875910632617258e-06,C
2284773903,2,4.816862723183192e-06,C
3835273908,2,4.154824032531583e-06,C
3835273908,2,-4.454241737586635e-06,C
3835273908,2,-2.2132915997912297e-06,C
3835273908,2,-1.485254880381412e-06,C
3835273908,2,-1.945165798859609e-06,C
3249398244,2,3.973788359548648e-07,C
3249398244,2,9.74404439748125e-08,C
3249398244,2,7.465246841331999e-07,C
3249398244,2,5.526658675043816e-07,C
3249398244,2,-9.686592302316639e-08,C
3772302167,2,-7.505309354604098e-07,C
3772302167,2,-2.6389370957214525e-06,C
3772302167,2,-5.883934373618338e-07,C
3772302167,2,8.660050582424278e-07,C
3772302167,2,-2.8757888441656096e-06,C
2510215966,2,-4.091868155521768e-06,C
2510215966,2,1.1863387367925908e-05,C
2510215966,2,6.940270378701617e-06,C
2510215966,2,1.2702001480391184e-05,C
2510215966,2,-1.6379253178306838e-06,C
3406201864,2,8.26473274525251e-06,C
3406201864,2,4.076234084706906e-07,C
3406201864,2,-5.1711323522784375e-06,C
3406201864,2,-4.723638845603902e-06,C
3406201864,2,2.307693026924653e-05,C
3684013815,2,-1.0156700577500406e-05,C
3684013815,2,-2.173355517456465e-05,C
3684013815,2,9.566527900823664e-06,C
3684013815,2,2.499218268572998e-05,C
3684013815,2,-1.9913801856632184e-05,C
787341104,2,0.0,C
787341104,2,0.0,C
787341104,2,0.0,C
787341104,2,0.0,C
787341104,2,0.0,C
1256946769,2,-4.3133195307114985e-06,N
1256946769,2,-8.72612423334987e-08,N
1256946769,2,0.0,N
1256946769,2,-4.595277332906239e-06,N
1256946769,2,6.02400543907658e-07,N
2110118862,2,-1.0420633880950034e-05,C
2110118862,2,-1.885030492989465e-05,C
2110118862,2,-1.3702124159441394e-05,C
2110118862,2,-1.007856113241848e-05,C
2110118862,2,-1.5002539309264852e-05,C
1899422126,2,0.0,C
1899422126,2,0.0,C
1899422126,2,0.0,C
1899422126,2,0.0,C
1899422126,2,0.0,C
3727960280,2,4.366248790603142e-07,C
3727960280,2,1.5511569707599845e-07,C
3727960280,2,0.0,C
3727960280,2,-1.10645714580717e-06,C
3727960280,2,1.5511569707599845e-07,C
4023654873,2,-1.2957092563363295e-05,C
4023654873,2,-1.983781311793061e-05,C
4023654873,2,-1.4410194315546585e-05,C
4023654873,2,-1.4537157740138022e-05,C
4023654873,2,-1.0732707697690656e-05,C
467603055,2,-5.281578086934608e-05,C
467603055,2,-1.4406622103138762e-05,C
467603055,2,-1.6856921114918703e-05,C
467603055,2,-1.345088561876661e-05,C
467603055,2,5.4761925112611915e-08,C
409801989,2,-1.0140075985859594e-05,C
409801989,2,-7.570150998389806e-05,C
409801989,2,-0.0001126229455317,C
409801989,2,-3.476999368538965e-05,C
409801989,2,3.564973446572913e-05,C
1289643292,2,4.4318100281158165e-06,N
1289643292,2,4.945669732900337e-06,N
1289643292,2,5.343048568855202e-06,N
1289643292,2,1.0194489191447597e-05,N
1289643292,2,6.529061369791103e-07,N
3011598321,2,8.867946263267472e-06,C
3011598321,2,-5.31668767589713e-07,C
3011598321,2,-5.31668767589713e-07,C
3011598321,2,-8.416809916238915e-07,C
3011598321,2,-8.416809916238915e-07,C
3460898310,2,-2.17458058422125e-05,N
3460898310,2,-2.5518809707665048e-05,N
3460898310,2,-1.4604237029901442e-05,N
3460898310,2,-1.0798541927604584e-05,N
3460898310,2,-2.282432563686671e-05,N
2971716993,2,-5.7513466789277726e-06,N
2971716993,2,-9.903062199751768e-06,N
2971716993,2,-1.2953573741337002e-05,N
2971716993,2,-7.032241590283934e-06,N
2971716993,2,-5.488561916284877e-06,N
1556668346,2,3.9972481353798064e-06,N
1556668346,2,4.205716193798892e-06,N
1556668346,2,-5.735721824340519e-06,N
1556668346,2,-1.19361264116569e-05,N
1556668346,2,-8.909170068644584e-06,N
4022716898,2,-8.72612423334987e-08,C
4022716898,2,0.0,C
4022716898,2,0.0,C
4022716898,2,1.5506032389252938e-07,C
4022716898,2,0.0,C
2458968089,2,-3.786468198612239e-07,C
2458968089,2,-3.392787340300227e-07,C
2458968089,2,0.0,C
2458968089,2,-6.499183728579314e-07,C
2458968089,2,3.4396251571066835e-06,C
4164236649,2,9.667386118517895e-06,C
4164236649,2,2.67685532237159e-05,C
4164236649,2,3.711937076471359e-05,C
4164236649,2,1.9650057807736425e-05,C
4164236649,2,1.3627964949499208e-05,C
2154975788,2,-3.104897498889745e-07,C
2154975788,2,0.0,C
2154975788,2,0.0,C
2154975788,2,1.1667658417627638e-06,C
2154975788,2,1.1667658417627638e-06,C
3248686995,2,6.941752938923775e-06,C
3248686995,2,-1.902626512425079e-07,C
3248686995,2,-1.0199590691525004e-05,C
3248686995,2,2.6818698398503597e-06,C
3248686995,2,-5.519842054908276e-06,C
3909974435,2,-1.740045114705449e-07,C
3909974435,2,9.74404439748125e-08,C
3909974435,2,-4.555136934565954e-07,C
3909974435,2,2.815091819851831e-07,C
3909974435,2,9.74404439748125e-08,C
3012080282,2,3.966593206835428e-06,C
3012080282,2,1.161988759897266e-06,C
3012080282,2,1.211611573261745e-06,C
3012080282,2,2.580286513415714e-06,C
3012080282,2,4.250935303215866e-07,C
3462333187,2,1.6033907208239451e-06,C
3462333187,2,3.903794363116497e-08,C
3462333187,2,1.4868654170099513e-06,C
3462333187,2,-1.6083117482029385e-06,C
3462333187,2,-1.6083117482029385e-06,C
1229325558,2,-6.085942088066704e-06,N
1229325558,2,-3.4578443592250124e-06,N
1229325558,2,-6.614425103977466e-06,N
1229325558,2,-1.0915350056069433e-05,N
1229325558,2,-7.293735541341606e-06,N
3599139274,2,8.699575682492162e-08,C
3599139274,2,2.708952210059637e-07,C
3599139274,2,3.433872186744437e-06,C
3599139274,2,1.839538705328617e-07,C
3599139274,2,-3.502417992374066e-07,C
806369437,2,1.986466235234276e-06,C
806369437,2,-1.4816336998757854e-06,C
806369437,2,-1.4816336998757854e-06,C
806369437,2,3.468414141248599e-06,C
806369437,2,2.607759941149028e-06,C
2395259406,2,1.7751833082293132e-05,C
2395259406,2,8.504440487266778e-06,C
2395259406,2,5.0389095559866086e-05,C
2395259406,2,-1.006008361587908e-06,C
2395259406,2,-2.647578803463297e-05,C
864942795,2,-1.4820016005942687e-05,O
864942795,2,-1.7826511880327488e-05,O
864942795,2,-2.0587301764206367e-05,O
864942795,2,-1.5231879175899715e-05,O
864942795,2,-2.058973043327344e-05,O
1785683843,2,2.5245594244636266e-06,C
1785683843,2,2.962082617199123e-06,C
1785683843,2,2.409215927902386e-06,C
1785683843,2,3.949578922418304e-06,C
1785683843,2,2.5245594244636266e-06,C
2516197204,2,7.7248514286192e-06,C
2516197204,2,4.249842605147554e-06,C
2516197204,2,-4.451729283667244e-06,C
2516197204,2,1.0754369933248936e-05,C
2516197204,2,1.0340811009194003e-05,C
2295519362,2,-6.297482949572421e-06,C
2295519362,2,-5.135424780369595e-06,C
2295519362,2,-1.1357446074404878e-05,C
2295519362,2,-9.219522427341384e-06,C
2295519362,2,-1.4749304958593633e-05,C
2598322190,2,4.030984954849805e-06,C
2598322190,2,-1.55279753868455e-07,C
2598322190,2,3.101760209685278e-07,C
2598322190,2,-6.749402338267208e-06,C
2598322190,2,-9.324123462703392e-07,C
3153477100,2,0.0,C
3153477100,2,0.0,C
3153477100,2,0.0,C
3153477100,2,0.0,C
3153477100,2,0.0,C
2192318254,2,0.0,
2192318254,2,0.0,
2192318254,2,0.0,
2192318254,2,0.0,
2192318254,2,0.0,
1619222458,2,1.564144677718496e-06,C
1619222458,2,7.401561075521743e-07,C
1619222458,2,1.9030094164105076e-06,C
1619222458,2,9.92234955191594e-07,C
1619222458,2,2.0877091741642803e-06,C
3824063894,2,-2.9872902476812263e-06,C
3824063894,2,1.5971275998645854e-06,C
3824063894,2,1.8786367818497685e-06,C
3824063894,2,-6.884757152071479e-06,C
3824063894,2,1.5693990939929722e-06,C
885026269,2,3.6928168426365177e-06,C
885026269,2,2.246646439677848e-06,C
885026269,2,2.84237295880372e-05,C
885026269,2,1.4444463304735464e-05,C
885026269,2,1.2807736326485124e-05,C
472281497,2,-5.92447552083715e-07,C
472281497,2,1.448275023747947e-06,C
472281497,2,0.0,C
472281497,2,0.0,C
472281497,2,-5.92447552083715e-07,C
2599973650,2,0.0,N
2599973650,2,0.0,N
2599973650,2,0.0,N
2599973650,2,0.0,N
2599973650,2,0.0,N
1582607016,2,0.0,C
1582607016,2,0.0,C
1582607016,2,0.0,C
1582607016,2,0.0,C
1582607016,2,0.0,C
1564511222,2,-2.325570360845429e-06,C
1564511222,2,-1.6370777709438442e-06,C
1564511222,2,4.105216602602949e-07,C
1564511222,2,6.92030842245478e-07,C
1564511222,2,-6.212937059156196e-07,C
3291149959,2,0.0,C
3291149959,2,3.101760209685278e-07,C
3291149959,2,3.101760209685278e-07,C
3291149959,2,3.101760209685278e-07,C
3291149959,2,5.916852029537109e-07,C
717151242,2,1.0456178072540054e-06,O
717151242,2,3.398212523106174e-05,O
717151242,2,3.742338310839567e-06,O
717151242,2,1.7283575134140715e-05,O
717151242,2,1.6839807972463504e-05,O
2664995851,2,-1.8662032296091167e-05,C
2664995851,2,-1.4537157740138022e-05,C
2664995851,2,-1.3366013790151211e-05,C
2664995851,2,-1.3817512688415329e-05,C
2664995851,2,-1.8466435272620867e-05,C
4239037249,2,-2.439927503624165e-07,C
4239037249,2,-4.519744407766903e-06,C
4239037249,2,-1.878464878953337e-05,C
4239037249,2,6.19734224574682e-07,C
4239037249,2,-6.655635494547986e-06,C
166544320,2,4.263900393427361e-06,C
166544320,2,1.8062684722800276e-06,C
166544320,2,3.549161462957848e-06,C
166544320,2,3.7536967474180094e-06,C
166544320,2,1.7681826959894953e-06,C
2369690741,2,2.1196960395828204e-06,C
2369690741,2,1.5704756375837896e-05,C
2369690741,2,-4.042867134395646e-06,C
2369690741,2,1.4261282506346227e-05,C
2369690741,2,9.046810923820682e-06,C
3234104871,2,3.8693024634588885e-07,C
3234104871,2,6.681952404484839e-07,C
3234104871,2,1.007279583323424e-06,C
3234104871,2,5.812949820296204e-07,C
3234104871,2,-1.259266220179564e-07,C
616374597,2,1.756800542197616e-05,C
616374597,2,-1.149305649724916e-06,C
616374597,2,9.941041249727016e-06,C
616374597,2,3.989387372174517e-06,C
616374597,2,1.7071169804395818e-05,C
2974534217,2,0.0,C
2974534217,2,0.0,C
2974534217,2,0.0,C
2974534217,2,0.0,C
2974534217,2,0.0,C
828793177,2,6.492478178210873e-07,N
828793177,2,1.540057827664927e-06,N
828793177,2,9.297413809099958e-07,N
828793177,2,3.294075851811851e-07,N
828793177,2,1.0758952325422982e-06,N
368713488,2,-4.426361431094685e-05,C
368713488,2,-5.64639208064429e-05,C
368713488,2,-3.414830551059546e-05,C
368713488,2,-2.2613846405142475e-05,C
368713488,2,-4.18105276704852e-05,C
3177362943,2,-2.3835810681882563e-06,C
3177362943,2,-2.7818805641297364e-06,C
3177362943,2,-2.5781019932511265e-06,C
3177362943,2,-2.2380606917700788e-06,C
3177362943,2,-1.9856544411674115e-06,C
912632640,2,-1.074451321788315e-06,C
912632640,2,-5.145393913090317e-06,C
912632640,2,-1.0160282529125472e-06,C
912632640,2,-8.320743823796856e-07,C
912632640,2,-1.0160282529125472e-06,C
214126897,2,6.389591152761165e-06,C
214126897,2,2.3291780796392755e-06,C
214126897,2,2.610687261624458e-06,C
214126897,2,6.389591152761165e-06,C
214126897,2,1.1667658417627638e-06,C
4212936508,2,-0.0006457101303324,N
4212936508,2,-0.0006908781579882,N
4212936508,2,-0.0002151988914911,N
4212936508,2,-0.0006554716696019,N
4212936508,2,-0.0006189038630343,N
3376021752,2,-1.5119655947959214e-05,O
3376021752,2,-1.1009732187388169e-05,O
3376021752,2,-1.222223519745623e-05,O
3376021752,2,-1.8212239418851157e-05,O
3376021752,2,-6.423820912536057e-06,O
2987120039,2,8.162052705562844e-05,C
2987120039,2,-2.277554277355879e-05,C
2987120039,2,8.689845097609519e-05,C
2987120039,2,1.9778252824567515e-05,C
2987120039,2,3.551862941308069e-05,C
3816921572,2,0.0,C
3816921572,2,0.0,C
3816921572,2,0.0,C
3816921572,2,0.0,C
3816921572,2,0.0,C
203749390,2,7.563222838164081e-06,C
203749390,2,3.335047973345145e-05,C
203749390,2,-1.8547367254871317e-05,C
203749390,2,1.0956416091486253e-05,C
203749390,2,6.491600157002182e-06,C
992462230,2,1.5704522489401636e-05,C
992462230,2,-1.0872525025890265e-05,C
992462230,2,2.3201278240231678e-06,C
992462230,2,1.874994917455946e-05,C
992462230,2,1.211154512046394e-05,C
1506993418,2,-3.2979096677415026e-07,C
1506993418,2,-1.530065373604554e-06,C
1506993418,2,-6.404306056020589e-07,C
1506993418,2,-2.716016951958764e-07,C
1506993418,2,-2.716016951958764e-07,C
1486598263,2,3.101760209685278e-07,C
1486598263,2,2.815091819851831e-07,C
1486598263,2,0.0,C
1486598263,2,0.0,C
1486598263,2,2.815091819851831e-07,C
1914416804,2,7.47959716967863e-06,N
1914416804,2,6.739660121223706e-08,N
1914416804,2,1.1545301106301307e-05,N
1914416804,2,4.612058282233399e-06,N
1914416804,2,1.4259265715289154e-06,N
54936104,2,-3.378802122006464e-05,C
54936104,2,-4.934634645987774e-05,C
54936104,2,-1.143376203728997e-05,C
54936104,2,-1.8149122977088004e-05,C
54936104,2,-0.0002267770755517,C
3090652201,2,-6.094180718794855e-06,C
3090652201,2,8.432144530615832e-07,C
3090652201,2,-6.830588350235055e-06,C
3090652201,2,-7.561012806514208e-06,C
3090652201,2,8.664552935168379e-07,C
2987687375,2,0.0,C
2987687375,2,0.0,C
2987687375,2,0.0,C
2987687375,2,0.0,C
2987687375,2,0.0,C
2296493092,2,1.163533241010494e-05,N
2296493092,2,-7.16482933191178e-06,N
2296493092,2,1.559657125819753e-05,N
2296493092,2,-8.308901516216986e-06,N
2296493092,2,-8.54934407267579e-06,N
668520641,2,2.200642959587426e-06,C
668520641,2,-1.3699765060480942e-06,C
668520641,2,-1.0799246348827329e-06,C
668520641,2,-1.1670690811850517e-06,C
668520641,2,4.817134612848488e-06,C
848127915,2,9.599496495560705e-07,N
848127915,2,0.0,N
848127915,2,1.240564797245873e-06,N
848127915,2,9.599496495560705e-07,N
848127915,2,3.973788359548648e-07,N
2378775366,2,-6.212937059156196e-07,O
2378775366,2,-3.104897498889745e-07,O
2378775366,2,-3.104897498889745e-07,O
2378775366,2,2.815091819851831e-07,O
2378775366,2,0.0,O
2592785365,2,0.0,N
2592785365,2,0.0,N
2592785365,2,0.0,N
2592785365,2,0.0,N
2592785365,2,0.0,N
460073430,2,0.0,C
460073430,2,0.0,C
460073430,2,0.0,C
460073430,2,0.0,C
460073430,2,0.0,C
2378779377,2,0.0,O
2378779377,2,0.0,O
2378779377,2,0.0,O
2378779377,2,0.0,O
2378779377,2,0.0,O
4194366826,2,-1.5126760062491966e-05,C
4194366826,2,-2.4336412386190102e-05,C
4194366826,2,-1.5168827487200588e-05,C
4194366826,2,1.433576138985468e-05,C
4194366826,2,-6.729928281692423e-06,C
1136130381,2,-9.2222885731668e-06,C
1136130381,2,-4.77162482868769e-07,C
1136130381,2,1.8918258881161013e-06,C
1136130381,2,-1.0682965462049422e-05,C
1136130381,2,1.0697613601447048e-05,C
1646750527,2,0.0009422931898512,C
1646750527,2,-0.0001024998933218,C
1646750527,2,-0.0001261481997315,C
1646750527,2,-0.000208893562524,C
1646750527,2,-4.434393421622832e-05,C
1163692816,2,6.78596434728479e-07,N
1163692816,2,1.5728190258324296e-06,N
1163692816,2,3.6022368309161085e-07,N
1163692816,2,-2.817728922627563e-07,N
1163692816,2,6.78596434728479e-07,N
1840994228,2,0.0003891809331814,C
1840994228,2,0.0003912392443273,C
1840994228,2,4.425168373464218e-06,C
1840994228,2,9.40780457659926e-08,C
1840994228,2,4.105864295462624e-05,C
2609658248,2,1.0673110525297354e-05,C
2609658248,2,-1.0645758230336255e-06,C
2609658248,2,7.979831651250442e-06,C
2609658248,2,-8.6899023472942e-06,C
2609658248,2,3.948987968714797e-06,C
2353583745,2,-3.0219014520394168e-05,C
2353583745,2,7.728929296568765e-08,C
2353583745,2,7.300967519175035e-06,C
2353583745,2,9.688691107711742e-06,C
2353583745,2,-8.739266632295031e-06,C
3443041413,2,1.037111895833484e-06,C
3443041413,2,-1.0908130874705615e-05,C
3443041413,2,-4.6242414209248656e-06,C
3443041413,2,-1.389236272397558e-06,C
3443041413,2,-9.9000852863294e-06,C
3286720230,2,-3.5761740916811016e-06,C
3286720230,2,-3.060479334305883e-05,C
3286720230,2,1.5441021682062114e-06,C
3286720230,2,-2.0433671119415502e-05,C
3286720230,2,-1.2705391625849811e-05,C
1449131080,2,2.6070633290806518e-06,C
1449131080,2,-1.089007716893655e-05,C
1449131080,2,-4.506321051294532e-06,C
1449131080,2,-1.5758962777496013e-05,C
1449131080,2,2.3274774451164e-05,C
636971230,2,-7.813407599146886e-06,C
636971230,2,-9.576685372297831e-06,C
636971230,2,8.954358614197619e-07,C
636971230,2,-8.560821176177742e-06,C
636971230,2,-9.139667246209696e-06,C
2251845666,2,5.220795486227982e-05,C
2251845666,2,-3.786671619590044e-05,C
2251845666,2,1.899340576626361e-05,C
2251845666,2,2.547710661813824e-05,C
2251845666,2,-4.1386879140459243e-07,C
305828102,2,0.0,C
305828102,2,0.0,C
305828102,2,0.0,C
305828102,2,0.0,C
305828102,2,0.0,C
2810604122,2,3.1484867802321355e-08,C
2810604122,2,3.029883093360469e-07,C
2810604122,2,3.029883093360469e-07,C
2810604122,2,3.029883093360469e-07,C
2810604122,2,3.029883093360469e-07,C
979999009,2,5.921653794000586e-06,C
979999009,2,-9.686592302316639e-08,C
979999009,2,1.2928731247217884e-06,C
979999009,2,1.8464325896114939e-07,C
979999009,2,1.2610728295902457e-07,C
4083722611,2,1.76980182093776e-05,C
4083722611,2,2.8198385801029256e-05,C
4083722611,2,1.0872260404839495e-05,C
4083722611,2,1.6339575434179236e-05,C
4083722611,2,2.9874722042048597e-06,C
849275503,2,-1.6111531541448086e-05,N
849275503,2,-1.0873791006786766e-05,N
849275503,2,-6.20713050786606e-06,N
849275503,2,-3.094258840308315e-05,N
849275503,2,-1.586911873044123e-05,N
3533643770,2,4.570244693275806e-06,C
3533643770,2,8.506712603983772e-06,C
3533643770,2,-1.1946844804031076e-05,C
3533643770,2,8.506712603983772e-06,C
3533643770,2,8.778042584326774e-06,C
594486406,2,0.0,
594486406,2,0.0,
594486406,2,0.0,
594486406,2,0.0,
594486406,2,0.0,
2697642734,2,2.508197447402203e-07,O
2697642734,2,6.6751006730717e-08,O
2697642734,2,2.104351198156662e-07,O
2697642734,2,5.034704373277701e-07,O
2697642734,2,7.748271517839592e-07,O
3345225135,2,-2.5252721523167515e-05,N
3345225135,2,-1.8069665157199183e-05,N
3345225135,2,-2.789558629623552e-05,N
3345225135,2,-7.395652096652168e-06,N
3345225135,2,-2.121924278905129e-05,N
1348783936,2,6.9406401226020445e-06,C
1348783936,2,2.575109898803052e-06,C
1348783936,2,5.738829085743559e-06,C
1348783936,2,-3.0967054608348893e-07,C
1348783936,2,7.701668531537136e-06,C
3848368466,2,-1.55279753868455e-07,C
3848368466,2,0.0,C
3848368466,2,0.0,C
3848368466,2,-2.713299803438693e-07,C
3848368466,2,-2.425409962010863e-07,C
4130182993,2,6.326574828360333e-06,C
4130182993,2,2.339448148504925e-06,C
4130182993,2,-4.576911539601672e-07,C
4130182993,2,-5.92234630046682e-06,C
4130182993,2,-1.0936950179014917e-07,C
994637429,2,-1.7458097075363085e-07,N
994637429,2,1.5506032389252938e-07,N
994637429,2,-8.72612423334987e-08,N
994637429,2,4.650868891276777e-07,N
994637429,2,-6.797087944172137e-07,N
1868697328,2,0.0,
1868697328,2,0.0,
1868697328,2,0.0,
1868697328,2,0.0,
1868697328,2,0.0,
485458970,2,0.0,F
485458970,2,-1.840687380103706e-07,F
485458970,2,-1.840687380103706e-07,F
485458970,2,0.0,F
485458970,2,-1.840687380103706e-07,F
1971534293,2,-1.6167880133838297e-05,O
1971534293,2,-2.661785686483998e-05,O
1971534293,2,-2.7607262101706463e-05,O
1971534293,2,8.664552935168379e-07,O
1971534293,2,-1.6478275584781883e-05,O
2667063169,2,0.0,O
2667063169,2,0.0,O
2667063169,2,0.0,O
2667063169,2,0.0,O
2667063169,2,0.0,O
831463242,2,1.095983584603697e-05,N
831463242,2,1.036815064308326e-05,N
831463242,2,1.211791880183482e-05,N
831463242,2,2.3291780796392755e-06,N
831463242,2,2.3291780796392755e-06,N
473978627,2,7.616306108957673e-05,C
473978627,2,-2.152202620571073e-05,C
473978627,2,-4.416957914996599e-06,C
473978627,2,-2.568938028254565e-06,C
473978627,2,-1.1029563833435743e-05,C
2251883808,2,-6.185534304797586e-05,C
2251883808,2,5.183504569792816e-06,C
2251883808,2,-1.9432315639692985e-05,C
2251883808,2,-5.901150917123847e-05,C
2251883808,2,-2.739880789328492e-05,C
2959332130,2,-1.0025033175273604e-06,C
2959332130,2,8.848080395680233e-07,C
2959332130,2,4.691480456013759e-06,C
2959332130,2,6.02400543907658e-07,C
2959332130,2,4.381304435045232e-06,C
256204769,2,3.101760209685278e-07,C
256204769,2,3.101760209685278e-07,C
256204769,2,1.5506032389252938e-07,C
256204769,2,3.101760209685278e-07,C
256204769,2,3.101760209685278e-07,C
2194376677,2,-4.198665740642697e-06,C
2194376677,2,1.5493699748268114e-06,C
2194376677,2,-8.117065131665012e-06,C
2194376677,2,1.058514102108936e-06,C
2194376677,2,-1.430347495229821e-06,C
800085213,2,-0.0001001487587873,C
800085213,2,3.5920030051459634e-05,C
800085213,2,-8.772231965282866e-05,C
800085213,2,-0.0003611900867604,C
800085213,2,-5.7950409512228136e-05,C
3705139132,2,4.945669732900337e-06,C
3705139132,2,9.205738405206748e-06,C
3705139132,2,9.476895090725948e-06,C
3705139132,2,9.205738405206748e-06,C
3705139132,2,9.205738405206748e-06,C
2834566420,2,9.414739670565372e-07,C
2834566420,2,2.3291780796392755e-06,C
2834566420,2,3.894877500381332e-06,C
2834566420,2,-4.555136934565954e-07,C
2834566420,2,1.096918038124596e-06,C
3341916169,2,-2.1390742870209395e-06,C
3341916169,2,-9.525447280187524e-06,C
3341916169,2,9.371033303924928e-06,C
3341916169,2,-7.813407599146886e-06,C
3341916169,2,1.758451044717342e-06,C
1186654798,2,2.711566855191985e-07,C
1186654798,2,2.711566855191985e-07,C
1186654798,2,2.711566855191985e-07,C
1186654798,2,2.711566855191985e-07,C
1186654798,2,0.0,C
215394313,2,0.0,C
215394313,2,0.0,C
215394313,2,0.0,C
215394313,2,0.0,C
215394313,2,0.0,C
816543468,2,0.0,
816543468,2,0.0,
816543468,2,0.0,
816543468,2,0.0,
816543468,2,0.0,
3796970912,2,5.449740870463321e-06,C
3796970912,2,-1.919035573139452e-06,C
3796970912,2,9.089496594970324e-06,C
3796970912,2,8.768570606991488e-06,C
3796970912,2,1.6420754130304707e-06,C
3028039221,2,0.0,N
3028039221,2,0.0,N
3028039221,2,0.0,N
3028039221,2,0.0,N
3028039221,2,0.0,N
2261212172,2,0.0,
2261212172,2,0.0,
2261212172,2,0.0,
2261212172,2,0.0,
2261212172,2,0.0,
4182960975,2,-2.1736472675150387e-06,C
4182960975,2,-2.484301334603617e-06,C
4182960975,2,-2.1736472675150387e-06,C
4182960975,2,-2.1736472675150387e-06,C
4182960975,2,-2.484301334603617e-06,C
2438720939,2,0.0,
2438720939,2,0.0,
2438720939,2,0.0,
2438720939,2,0.0,
2438720939,2,0.0,
1033192140,2,0.0,
1033192140,2,0.0,
1033192140,2,0.0,
1033192140,2,0.0,
1033192140,2,0.0,
1630528126,2,1.0154851669241271e-05,C
1630528126,2,3.431382314322048e-05,C
1630528126,2,1.726288322332053e-05,C
1630528126,2,1.0095932658492866e-05,C
1630528126,2,5.143379611450855e-05,C
3974650111,2,9.987292073484683e-07,C
3974650111,2,1.0399237366431544e-06,C
3974650111,2,2.047125978499146e-06,C
3974650111,2,8.663124722004326e-07,C
3974650111,2,1.0399237366431544e-06,C
1910766508,2,-9.587760768431028e-07,C
1910766508,2,9.55775611880677e-06,C
1910766508,2,4.32800086691814e-06,C
1910766508,2,3.486380593802594e-06,C
1910766508,2,1.9573790155142e-05,C
4081537576,2,1.3950518327034492e-06,C
4081537576,2,-8.609679290191505e-07,C
4081537576,2,-5.511051607192188e-07,C
4081537576,2,1.4921595937874774e-06,C
4081537576,2,3.432732141630569e-06,C
1255595680,2,6.422895462034756e-05,C
1255595680,2,-5.009926260486977e-07,C
1255595680,2,0.0001196632378388,C
1255595680,2,-2.446757255654408e-05,C
1255595680,2,1.4313211680431167e-05,C
1630260676,2,0.0,C
1630260676,2,3.973788359548648e-07,C
1630260676,2,0.0,C
1630260676,2,3.973788359548648e-07,C
1630260676,2,0.0,C
3129492592,2,-1.4531017521832862e-06,C
3129492592,2,-1.1711439499876785e-06,C
3129492592,2,-1.1711439499876785e-06,C
3129492592,2,-1.1711439499876785e-06,C
3129492592,2,-1.1711439499876785e-06,C
781912670,2,7.203903884068184e-06,C
781912670,2,-2.484217148495012e-06,C
781912670,2,8.009911864449194e-06,C
781912670,2,-1.4531960511278072e-06,C
781912670,2,-2.063833556306509e-06,C
2487927669,2,-4.44021700901371e-06,C
2487927669,2,-1.2092497388566973e-05,C
2487927669,2,2.6038499453337992e-05,C
2487927669,2,5.373284243426896e-06,C
2487927669,2,-1.2855234678266388e-05,C
3787488754,2,-1.55279753868455e-07,C
3787488754,2,-1.55279753868455e-07,C
3787488754,2,0.0,C
3787488754,2,-1.55279753868455e-07,C
3787488754,2,0.0,C
2308348490,2,-8.633509395987275e-06,C
2308348490,2,-1.2167160541680204e-05,C
2308348490,2,-5.303652809064523e-06,C
2308348490,2,4.771710669014724e-06,C
2308348490,2,7.931905379438171e-06,C
2333272823,2,0.0,C
2333272823,2,0.0,C
2333272823,2,0.0,C
2333272823,2,0.0,C
2333272823,2,0.0,C
2812398603,2,5.371678820724913e-05,C
2812398603,2,-8.16957271082986e-06,C
2812398603,2,-5.007092012945455e-06,C
2812398603,2,0.0001189655134044,C
2812398603,2,3.9676457592801966e-05,C
2999514534,2,-3.107238249356465e-07,C
2999514534,2,-6.807693888125077e-08,C
2999514534,2,-1.55279753868455e-07,C
2999514534,2,-2.194299750582496e-10,C
2999514534,2,-1.55279753868455e-07,C
3222770065,2,2.815091819851831e-07,C
3222770065,2,1.0692821123068492e-07,C
3222770065,2,-3.692190445282392e-07,C
3222770065,2,5.625708136012056e-07,C
3222770065,2,-3.979850672691451e-07,C
3491109101,2,3.723392045460079e-06,C
3491109101,2,1.153126100083765e-07,C
3491109101,2,-7.448715673924813e-07,C
3491109101,2,-1.0552670183369348e-06,C
3491109101,2,2.997858000444373e-07,C
1255626466,2,0.0,N
1255626466,2,0.0,N
1255626466,2,1.1667658417627638e-06,N
1255626466,2,-5.92447552083715e-07,N
1255626466,2,0.0,N
3289231689,2,0.0,C
3289231689,2,0.0,C
3289231689,2,0.0,C
3289231689,2,0.0,C
3289231689,2,0.0,C
3745584548,2,5.515634418693134e-06,C
3745584548,2,-7.98703271105445e-06,C
3745584548,2,-4.373888678593611e-06,C
3745584548,2,-6.721320084038598e-06,C
3745584548,2,-2.819578021956079e-07,C
1914229733,2,-1.2689747830221118e-07,C
1914229733,2,0.0,C
1914229733,2,2.8218218772919912e-08,C
1914229733,2,0.0,C
1914229733,2,0.0,C
216545222,2,-7.422915556121352e-06,N
216545222,2,-1.4392131100954102e-05,N
216545222,2,6.660371674890864e-06,N
216545222,2,-9.89950794413972e-06,N
216545222,2,-9.716382877163893e-06,N
2331740049,2,2.815091819851831e-07,N
2331740049,2,2.3784184470061406e-06,N
2331740049,2,5.916852029537109e-07,N
2331740049,2,8.628418884729094e-07,N
2331740049,2,7.756390734857052e-07,N
2355446912,2,5.950606834934959e-06,C
2355446912,2,4.686285681719006e-06,C
2355446912,2,5.49463359562994e-06,C
2355446912,2,4.104218153070695e-06,C
2355446912,2,5.853051523482637e-06,C
859799282,2,-1.55279753868455e-07,C
859799282,2,-2.425409962010863e-07,C
859799282,2,-1.4136849461887646e-06,C
859799282,2,-2.425409962010863e-07,C
859799282,2,0.0,C
3811375594,2,-1.3405292062809888e-05,C
3811375594,2,-0.0007011327277811,C
3811375594,2,-0.0002554307252173,C
3811375594,2,-0.0002164014594364,C
3811375594,2,-0.0002123972823618,C
144568923,2,-7.765162900940856e-07,C
144568923,2,-7.667590086806939e-07,C
144568923,2,-9.812762367398043e-07,C
144568923,2,-1.5441596270251642e-06,C
144568923,2,-3.01153561715721e-07,C
2557045420,2,0.0,N
2557045420,2,1.5485760119626074e-07,N
2557045420,2,0.0,N
2557045420,2,-1.5520999602051946e-07,N
2557045420,2,-9.429894452100962e-11,N
4265716399,2,2.265123697319828e-05,N
4265716399,2,1.736180893217431e-05,N
4265716399,2,8.803666041514412e-06,N
4265716399,2,2.8731629596566444e-06,N
4265716399,2,1.4315121304286048e-05,N
778974661,2,0.0,C
778974661,2,0.0,C
778974661,2,0.0,C
778974661,2,0.0,C
778974661,2,0.0,C
3914061263,2,-2.462960353230049e-06,C
3914061263,2,6.567518065209513e-06,C
3914061263,2,3.547046891250877e-06,C
3914061263,2,4.466810098560127e-06,C
3914061263,2,3.4805067757196287e-06,C
3330819572,2,-1.8442463897098282e-07,C
3330819572,2,1.1662950733246427e-06,C
3330819572,2,-9.862397983306272e-06,C
3330819572,2,-6.070523101053306e-06,C
3330819572,2,5.653395924297248e-06,C
1674219510,2,8.038972563443984e-06,C
1674219510,2,8.320481745429167e-06,C
1674219510,2,-1.4424739303306802e-06,C
1674219510,2,-8.609679290191505e-07,C
1674219510,2,8.320481745429167e-06,C
2170404731,2,-3.392787340300227e-07,C
2170404731,2,1.4310042253146311e-05,C
2170404731,2,0.0007264672016052,C
2170404731,2,0.0007249539927237,C
2170404731,2,0.0007285243523641,C
3116051204,2,0.0,C
3116051204,2,1.1667658417627638e-06,C
3116051204,2,0.0,C
3116051204,2,1.1667658417627638e-06,C
3116051204,2,1.1667658417627638e-06,C
493191496,2,-2.613242398915444e-07,C
493191496,2,3.493082635442138e-07,C
493191496,2,-1.174581488453362e-06,C
493191496,2,-8.637775324267169e-07,C
493191496,2,-8.637775324267169e-07,C
851463431,2,-6.937481713664012e-08,C
851463431,2,-1.0191374173861706e-06,C
851463431,2,-1.2906408589198962e-06,C
851463431,2,1.3789379310685454e-06,C
851463431,2,-8.637775324267169e-07,C
2839110432,2,8.699575682492162e-08,C
2839110432,2,1.0984818447209652e-06,C
2839110432,2,-2.2349399306318546e-07,C
2839110432,2,2.420560807183184e-07,C
2839110432,2,-6.828399704266602e-08,C
1913726790,2,-3.3742940381458267e-06,C
1913726790,2,1.1142320391482885e-06,C
1913726790,2,7.173567276004891e-07,C
1913726790,2,1.1533292273756615e-06,C
1913726790,2,1.821403376737335e-06,C
512485612,2,0.0,
512485612,2,0.0,
512485612,2,0.0,
512485612,2,0.0,
512485612,2,0.0,
3631761933,2,-4.133436701654093e-05,C
3631761933,2,-3.324601644061863e-05,C
3631761933,2,-3.5727302635024834e-05,C
3631761933,2,-1.6391832035357427e-05,C
3631761933,2,-3.5766356601216014e-05,C
3254486562,2,1.3409644135748897e-06,C
3254486562,2,1.0697473180167408e-06,C
3254486562,2,1.0697473180167408e-06,C
3254486562,2,1.0697473180167408e-06,C
3254486562,2,1.2537615985885528e-06,C
1163048604,2,4.104788918438823e-06,C
1163048604,2,-8.244727931636976e-06,C
1163048604,2,4.104788918438823e-06,C
1163048604,2,-1.4810860097655074e-06,C
1163048604,2,-2.643498247641152e-06,C
265892994,2,1.0814451800233991e-05,O
265892994,2,1.0746652718674097e-05,O
265892994,2,9.796102578256067e-06,O
265892994,2,1.3027269211533798e-06,O
265892994,2,1.0312234796196545e-06,O
2328129879,2,1.5511569707599845e-07,O
2328129879,2,-3.608657971189335e-05,O
2328129879,2,-3.674639402154439e-05,O
2328129879,2,-1.9228672195832457e-05,O
2328129879,2,9.014254656108596e-07,O
3048383039,2,-2.651411594377113e-05,C
3048383039,2,-1.631858605937158e-05,C
3048383039,2,-1.833946127636696e-05,C
3048383039,2,-1.927575268632128e-05,C
3048383039,2,-3.701572418865831e-06,C
1222631225,2,-3.3130183066665264e-06,C
1222631225,2,7.279934387100471e-06,C
1222631225,2,-8.278123241979574e-06,C
1222631225,2,-1.5229220085690408e-05,C
1222631225,2,-1.488847899270597e-05,C
1272192549,2,-1.2082580194000547e-05,C
1272192549,2,2.968171119909803e-06,C
1272192549,2,-7.352348477782621e-06,C
1272192549,2,1.9618438665928994e-06,C
1272192549,2,1.3912917290245104e-05,C
222023415,2,0.0008744846619,N
222023415,2,0.0002453520910648,N
222023415,2,0.0002372441763802,N
222023415,2,4.420105100989488e-05,N
222023415,2,6.71345648219513e-05,N
617798156,2,0.0,O
617798156,2,0.0,O
617798156,2,0.0,O
617798156,2,0.0,O
617798156,2,0.0,O
190140222,2,-8.748550477432129e-07,N
190140222,2,-9.0325150811036e-07,N
190140222,2,-9.0325150811036e-07,N
190140222,2,-5.92447552083715e-07,N
190140222,2,-9.0325150811036e-07,N
4180801603,2,-1.1711439499876785e-06,C
4180801603,2,3.3215462518750363e-06,C
4180801603,2,-2.819578021956079e-07,C
4180801603,2,3.101760209685278e-07,C
4180801603,2,-7.670285228382132e-07,C
3984860707,2,5.916852029537109e-07,S
3984860707,2,0.0,S
3984860707,2,0.0,S
3984860707,2,0.0,S
3984860707,2,0.0,S
3462308225,2,3.0125273321242145e-05,C
3462308225,2,-3.528069774989644e-06,C
3462308225,2,2.9211655208864068e-05,C
3462308225,2,4.505386081444379e-05,C
3462308225,2,-3.290920148158946e-05,C
2355616982,2,4.630959837400792e-06,C
2355616982,2,1.2627386956941614e-06,C
2355616982,2,-6.274574026622799e-06,C
2355616982,2,-2.598413077929858e-06,C
2355616982,2,5.161536015202764e-07,C
4042373501,2,-2.224842564407456e-07,C
4042373501,2,-2.474085012201845e-06,C
4042373501,2,-4.391644553977323e-07,C
4042373501,2,-6.021745984887729e-06,C
4042373501,2,4.192536316007314e-06,C
736514702,2,3.988738691963409e-06,O
736514702,2,8.934408424863746e-06,O
736514702,2,1.1357456000989606e-05,O
736514702,2,6.492875764999018e-06,O
736514702,2,5.895292874555022e-06,O
65941455,2,1.7247946311937414e-05,C
65941455,2,-4.401798568032071e-05,C
65941455,2,-1.8023669368595965e-05,C
65941455,2,9.962361837176184e-06,C
65941455,2,-9.406103651221284e-06,C
2411289135,2,0.0,
2411289135,2,0.0,
2411289135,2,0.0,
2411289135,2,0.0,
2411289135,2,0.0,
661888323,2,0.0,C
661888323,2,0.0,C
661888323,2,0.0,C
661888323,2,0.0,C
661888323,2,0.0,C
1909986973,2,1.2538882890184878e-05,C
1909986973,2,1.2721134190631957e-05,C
1909986973,2,2.4179991054409586e-06,C
1909986973,2,-1.8485044089196208e-06,C
1909986973,2,9.638784114638851e-06,C
984189120,2,0.0,
984189120,2,0.0,
984189120,2,0.0,
984189120,2,0.0,
984189120,2,0.0,
237615532,2,5.309260812996416e-07,C
237615532,2,-3.1234352875688515e-06,C
237615532,2,2.8372039352197315e-06,C
237615532,2,9.67345946500768e-07,C
237615532,2,6.18966840956834e-06,C
3598064087,2,4.240819755676507e-06,C
3598064087,2,-4.110574637650709e-06,C
3598064087,2,1.7293366553639694e-06,C
3598064087,2,-4.613630078957424e-06,C
3598064087,2,2.3099291630085048e-06,C
1795978025,2,0.0001089671021614,C
1795978025,2,0.0001042659856668,C
1795978025,2,6.912208788986511e-06,C
1795978025,2,0.0001001856023795,C
1795978025,2,0.0001042767642902,C
2235918822,2,0.0,
2235918822,2,0.0,
2235918822,2,0.0,
2235918822,2,0.0,
2235918822,2,0.0,
1876820278,2,-6.720847777160095e-06,C
1876820278,2,1.3273165920639485e-05,C
1876820278,2,-1.8581269322837626e-05,C
1876820278,2,-5.700666739264469e-06,C
1876820278,2,-1.177382752889141e-05,C
698395004,2,4.945669732900337e-06,C
698395004,2,-5.291897789280568e-06,C
698395004,2,8.383109252090709e-06,C
698395004,2,-4.981408039391594e-06,C
698395004,2,-5.447257674239155e-06,C
1207774339,2,1.202287430376956e-05,C
1207774339,2,6.647022199762244e-06,C
1207774339,2,-3.955715599571717e-06,C
1207774339,2,7.744845606097797e-06,C
1207774339,2,2.121947627854639e-05,C
431202968,2,6.205787495931758e-07,O
431202968,2,2.711566855191985e-07,O
431202968,2,2.711566855191985e-07,O
431202968,2,-8.72612423334987e-08,O
431202968,2,-1.0673216880065228e-06,O
833901780,2,-2.25921661120565e-06,N
833901780,2,-8.120977090991799e-06,N
833901780,2,-1.2143701484659472e-06,N
833901780,2,-1.058761499238628e-06,N
833901780,2,-1.2143701484659472e-06,N
1821698485,2,0.0007207658025141,C
1821698485,2,-1.3452526934832308e-05,C
1821698485,2,0.0006721384274827,C
1821698485,2,2.391581073844101e-05,C
1821698485,2,-1.3344208578476742e-05,C
1906719888,2,-1.0025390777807994e-05,C
1906719888,2,-9.869946706739937e-06,C
1906719888,2,-8.840441797650957e-06,C
1906719888,2,-1.0209229888353752e-05,C
1906719888,2,-8.250119499471527e-06,C
2809361097,2,3.8968185784096776e-08,C
2809361097,2,1.262294281175955e-07,C
2809361097,2,-2.90939811984324e-07,C
2809361097,2,-2.425409962010863e-07,C
2809361097,2,-3.977509922216058e-07,C
2036328569,2,1.5809794158024373e-05,C
2036328569,2,1.5090610540956057e-05,C
2036328569,2,5.985488666823084e-05,C
2036328569,2,4.1261236615092005e-05,C
2036328569,2,4.198554755800634e-05,C
2512623809,2,-3.981720854626114e-07,C
2512623809,2,4.939250625845409e-07,C
2512623809,2,0.0,C
2512623809,2,2.5207381078220376e-07,C
2512623809,2,6.785445474249975e-08,C
2817106133,2,0.0,
2817106133,2,0.0,
2817106133,2,0.0,
2817106133,2,0.0,
2817106133,2,0.0,
1754248939,2,-3.3497531817822807e-06,C
1754248939,2,-5.53593716495597e-07,C
1754248939,2,4.128212154681787e-06,C
1754248939,2,-1.6766227621317284e-06,C
1754248939,2,9.109850428500392e-07,C
2635303940,2,-1.4643525623235856e-06,C
2635303940,2,-9.999343950481065e-07,C
2635303940,2,2.368880583498469e-06,C
2635303940,2,-3.378485029087268e-06,C
2635303940,2,6.605949447778883e-07,C
1396348621,2,-2.819578021956079e-07,C
1396348621,2,-8.748550477432129e-07,C
1396348621,2,-5.92447552083715e-07,C
1396348621,2,-1.0302991188112715e-06,C
1396348621,2,-8.716031172198262e-06,C
2479916646,2,3.409684846608467e-06,C
2479916646,2,3.778903891136706e-06,C
2479916646,2,5.230898256607282e-06,C
2479916646,2,5.599610253578802e-06,C
2479916646,2,-3.977509922216058e-07,C
4282315164,2,6.626021112147648e-06,N
4282315164,2,4.856586588465432e-06,N
4282315164,2,-2.991493365055338e-06,N
4282315164,2,4.1299159086235365e-07,N
4282315164,2,1.0113961366196682e-05,N
2486266314,2,0.0,C
2486266314,2,0.0,C
2486266314,2,0.0,C
2486266314,2,0.0,C
2486266314,2,0.0,C
1019269664,2,0.0,N
1019269664,2,0.0,N
1019269664,2,0.0,N
1019269664,2,0.0,N
1019269664,2,0.0,N
3118635600,2,-2.819578021956079e-07,C
3118635600,2,4.651279211093096e-07,C
3118635600,2,-4.562692587917194e-07,C
3118635600,2,-1.5520999602051946e-07,C
3118635600,2,-3.29521452616631e-07,C
3218370331,2,0.0,
3218370331,2,0.0,
3218370331,2,0.0,
3218370331,2,0.0,
3218370331,2,0.0,
3044392905,2,1.5071869759834648e-05,N
3044392905,2,1.3530713123337604e-05,N
3044392905,2,8.709868951372636e-06,N
3044392905,2,-4.92207667935566e-06,N
3044392905,2,9.713259160979738e-06,N
4194776273,2,-1.6144150949214987e-05,O
4194776273,2,-2.6672759790668903e-05,O
4194776273,2,-4.779681571235976e-06,O
4194776273,2,-6.624352215003036e-06,O
4194776273,2,2.759381487309892e-05,O
263215426,2,0.0,C
263215426,2,0.0,C
263215426,2,-8.72612423334987e-08,C
263215426,2,-8.72612423334987e-08,C
263215426,2,-8.72612423334987e-08,C
2753863138,2,-2.713299803438693e-07,C
2753863138,2,-2.713299803438693e-07,C
2753863138,2,-2.713299803438693e-07,C
2753863138,2,-2.713299803438693e-07,C
2753863138,2,-2.713299803438693e-07,C
2699298541,2,0.0,C
2699298541,2,0.0,C
2699298541,2,0.0,C
2699298541,2,0.0,C
2699298541,2,0.0,C
3308404410,2,-9.458574185180688e-06,C
3308404410,2,-4.563963937759524e-05,C
3308404410,2,-2.6107348086077363e-05,C
3308404410,2,-1.4443426485050669e-05,C
3308404410,2,1.0019955723791774e-05,C
1446633534,2,-4.981408039391594e-06,C
1446633534,2,-1.5492265025198598e-05,C
1446633534,2,-3.810264089404783e-06,C
1446633534,2,-4.981408039391594e-06,C
1446633534,2,4.260068672306411e-06,C
2756489526,2,3.623624137269119e-06,C
2756489526,2,-3.977509922216058e-07,C
2756489526,2,3.1864563390529912e-06,C
2756489526,2,5.522897041148819e-07,C
2756489526,2,3.623624137269119e-06,C
913310822,2,-4.0922218915995234e-06,C
913310822,2,3.0889247223187324e-06,C
913310822,2,-3.810264089404783e-06,C
913310822,2,4.260068672306411e-06,C
913310822,2,4.260068672306411e-06,C
3561946030,2,-1.6817425429445712e-06,N
3561946030,2,-6.617354186746333e-07,N
3561946030,2,1.9504470736694465e-06,N
3561946030,2,2.767787197241293e-06,N
3561946030,2,4.417649811714469e-06,N
3292836938,2,0.0,
3292836938,2,0.0,
3292836938,2,0.0,
3292836938,2,0.0,
3292836938,2,0.0,
3194612514,2,-2.2065828596878542e-06,O
3194612514,2,-2.3622431746346192e-06,O
3194612514,2,1.4251786348675258e-06,O
3194612514,2,-2.240693352832321e-07,O
3194612514,2,-2.14821877661444e-06,O
1822332700,2,1.6369736825255776e-05,C
1822332700,2,2.13672916908542e-05,C
1822332700,2,6.108686180164233e-06,C
1822332700,2,2.1379322028347757e-05,C
1822332700,2,4.9033397504357965e-06,C
2215059400,2,-5.837275710805605e-06,O
2215059400,2,-4.315508826501294e-06,O
2215059400,2,-5.215554459653792e-06,O
2215059400,2,-3.4808011310401288e-06,O
2215059400,2,-4.482177890285932e-06,O
773709216,2,-2.551341510563694e-06,C
773709216,2,-1.1820739195866035e-05,C
773709216,2,-5.576358332191368e-06,C
773709216,2,-4.714202568214219e-06,C
773709216,2,-1.0633232230912795e-05,C
2530377886,2,1.3814968610509522e-05,N
2530377886,2,9.591397387093484e-07,N
2530377886,2,4.867454394617832e-06,N
2530377886,2,8.590421370090022e-06,N
2530377886,2,-3.117925248257748e-06,N
2850656190,2,7.295282857004357e-07,C
2850656190,2,3.273102314801414e-06,C
2850656190,2,1.4091785858639375e-06,C
2850656190,2,2.191029791196765e-06,C
2850656190,2,3.1126463347344244e-06,C
1376881293,2,-3.979121524580638e-06,C
1376881293,2,-1.597953440508719e-06,C
1376881293,2,3.258324601271116e-06,C
1376881293,2,-3.522348571926258e-06,C
1376881293,2,-3.978443602702282e-06,C
1214060489,2,2.900453768792631e-06,C
1214060489,2,2.9394040384905784e-06,C
1214060489,2,4.651279211093096e-07,C
1214060489,2,-2.8953040934372176e-08,C
1214060489,2,1.114901549696852e-06,C
4203454020,2,5.4073138672089405e-06,C
4203454020,2,5.747189736680751e-06,C
4203454020,2,4.91940350108664e-06,C
4203454020,2,6.028251368296773e-06,C
4203454020,2,5.621082453721726e-06,C
3034212252,2,1.79450540779948e-05,C
3034212252,2,2.6096544398473972e-05,C
3034212252,2,9.256126335082174e-06,C
3034212252,2,2.15576875113848e-05,C
3034212252,2,8.068405826385482e-06,C
3044751281,2,1.6923082666106017e-05,N
3044751281,2,2.1061928580376824e-05,N
3044751281,2,1.194196215641586e-05,N
3044751281,2,1.368903414589867e-05,N
3044751281,2,1.4678650725762944e-05,N
1292826808,2,0.0,C
1292826808,2,0.0,C
1292826808,2,0.0,C
1292826808,2,0.0,C
1292826808,2,0.0,C
950023157,2,-4.714760356855884e-06,C
950023157,2,7.368781438798003e-06,C
950023157,2,-5.187327652147848e-06,C
950023157,2,6.255558115353561e-06,C
950023157,2,2.672273536308018e-05,C
1187730664,2,-1.2689747830221118e-07,C
1187730664,2,4.365695058785799e-07,C
1187730664,2,1.831290869320698e-07,C
1187730664,2,-9.927840872742817e-08,C
1187730664,2,1.3218261656561606e-06,C
4039837947,2,0.0,
4039837947,2,0.0,
4039837947,2,0.0,
4039837947,2,0.0,
4039837947,2,0.0,
773607102,2,2.5333293151652905e-06,C
773607102,2,-4.1481622760179693e-07,C
773607102,2,2.804371240698253e-06,C
773607102,2,2.3683577089414487e-06,C
773607102,2,1.7764530760126795e-06,C
2246997334,2,-8.586343075187887e-05,C
2246997334,2,-9.0349466478179e-05,C
2246997334,2,6.878038479969303e-07,C
2246997334,2,-8.074321613613968e-05,C
2246997334,2,-9.115525291945176e-05,C
714711401,2,3.132535038864216e-06,C
714711401,2,4.44487821933421e-06,C
714711401,2,-3.4712749362713485e-06,C
714711401,2,5.934878380821178e-06,C
714711401,2,-2.725590679716373e-06,C
1710869618,2,-1.0801116676409372e-08,C
1710869618,2,-6.797087944172137e-07,C
1710869618,2,2.261225860232356e-06,C
1710869618,2,-6.511148088429383e-07,C
1710869618,2,-8.748076287057663e-07,C
2549196227,2,1.5526243931672686e-05,C
2549196227,2,2.25943395018172e-05,C
2549196227,2,-8.748076287057663e-07,C
2549196227,2,1.914647009869635e-05,C
2549196227,2,8.848700774480647e-07,C
2856245513,2,-7.29168049179614e-06,C
2856245513,2,-3.5267226761734674e-06,C
2856245513,2,-1.53446044155953e-05,C
2856245513,2,-2.039616110595041e-05,C
2856245513,2,-1.9931498087696897e-05,C
1999077141,2,0.0,
1999077141,2,0.0,
1999077141,2,0.0,
1999077141,2,0.0,
1999077141,2,0.0,
817588605,2,0.0,C
817588605,2,1.1667658417627638e-06,C
817588605,2,0.0,C
817588605,2,8.848080395680233e-07,C
817588605,2,0.0,C
3430642422,2,-1.1154704585734571e-06,C
3430642422,2,-1.685759153091486e-06,C
3430642422,2,-1.9959351740600137e-06,C
3430642422,2,-1.355784106458341e-07,C
3430642422,2,-1.355784106458341e-07,C
1528304983,2,0.0,N
1528304983,2,0.0,N
1528304983,2,-3.977509922216058e-07,N
1528304983,2,1.5511569707599845e-07,N
1528304983,2,0.0,N
3873941611,2,9.64236328426793e-06,C
3873941611,2,0.0,C
3873941611,2,-1.55279753868455e-07,C
3873941611,2,0.0,C
3873941611,2,0.0,C
2687950697,2,-6.450249266476242e-06,C
2687950697,2,-6.594192342246688e-06,C
2687950697,2,-5.3901357959899865e-06,C
2687950697,2,4.7148450383971766e-06,C
2687950697,2,-6.633689723816068e-06,C
109461427,2,-1.6366134111137423e-05,C
109461427,2,-1.6960701117072277e-05,C
109461427,2,-1.6960701117072277e-05,C
109461427,2,-1.550139132037217e-05,C
109461427,2,-1.724491818785954e-05,C
2950679810,2,3.398492463814462e-06,O
2950679810,2,-9.336064906119088e-07,O
2950679810,2,2.972345011225709e-06,O
2950679810,2,7.543217639559632e-06,O
2950679810,2,-1.0889663755713624e-06,O
2914536168,2,0.0,C
2914536168,2,6.673717374490983e-06,C
2914536168,2,8.264662987404574e-06,C
2914536168,2,2.047220277443668e-06,C
2914536168,2,3.176771285549017e-06,C
1530636652,2,0.0,C
1530636652,2,5.916852029537109e-07,C
1530636652,2,1.0276987347105151e-06,C
1530636652,2,0.0,C
1530636652,2,3.101760209685278e-07,C
3043679972,2,0.0,
3043679972,2,0.0,
3043679972,2,0.0,
3043679972,2,0.0,
3043679972,2,0.0,
2529809651,2,7.748271517839592e-07,C
2529809651,2,-1.268421051196095e-07,C
2529809651,2,-4.3716779821612733e-07,C
2529809651,2,-2.819578021956079e-07,C
2529809651,2,-1.268421051196095e-07,C
1924383628,2,5.452233715801461e-07,C
1924383628,2,-7.478916231517738e-07,C
1924383628,2,2.632655693854055e-07,C
1924383628,2,9.82341202791781e-07,C
1924383628,2,8.560420168271174e-07,C
4003049590,2,-8.218356864425971e-07,C
4003049590,2,-1.617171932079449e-06,C
4003049590,2,-1.258405192321177e-06,C
4003049590,2,6.779908155989807e-08,C
4003049590,2,-1.1521087265425368e-05,C
1026654305,2,2.1925473229381792e-05,S
1026654305,2,1.8487408175956767e-05,S
1026654305,2,1.8623593845410943e-05,S
1026654305,2,1.922533921745653e-05,S
1026654305,2,8.80691265185609e-06,S
1542631284,2,0.0,O
1542631284,2,0.0,O
1542631284,2,0.0,O
1542631284,2,0.0,O
1542631284,2,0.0,O
1349670121,2,0.0,C
1349670121,2,-2.819578021956079e-07,C
1349670121,2,-2.819578021956079e-07,C
1349670121,2,-2.819578021956079e-07,C
1349670121,2,-2.819578021956079e-07,C
895118200,2,0.0,N
895118200,2,0.0,N
895118200,2,0.0,N
895118200,2,0.0,N
895118200,2,0.0,N
269171368,2,2.570938117168499e-06,C
269171368,2,-1.1680376723931588e-06,C
269171368,2,6.165415739640447e-06,C
269171368,2,-4.324390078494587e-05,C
269171368,2,-1.5972644428728644e-05,C
1583930800,2,1.3217391443927015e-06,C
1583930800,2,4.941298915013895e-07,C
1583930800,2,7.267516642798025e-07,C
1583930800,2,1.76706864795078e-06,C
1583930800,2,1.7194317092671454e-06,C
738150152,2,-1.3813944475032575e-06,O
738150152,2,1.363495638296783e-07,O
738150152,2,-1.7117970954579412e-06,O
738150152,2,-2.586065307476175e-06,O
738150152,2,-2.353028957856156e-06,O
1168541985,2,8.911719398013718e-06,C
1168541985,2,8.349148584412512e-06,C
1168541985,2,4.365695058785799e-07,C
1168541985,2,3.101760209685278e-07,C
1168541985,2,-1.1711439499876785e-06,C
2747850234,2,4.068069312503954e-06,C
2747850234,2,1.565266494355129e-05,C
2747850234,2,1.3527987288595653e-05,C
2747850234,2,-6.340173240957682e-06,C
2747850234,2,6.405178013936183e-06,C
3134313966,2,1.0167915951726086e-06,O
3134313966,2,7.795108626603917e-06,O
3134313966,2,3.77825646794179e-07,O
3134313966,2,1.4288097500694472e-06,O
3134313966,2,-1.5015754399787598e-06,O
1503972698,2,2.815091819851831e-07,C
1503972698,2,0.0,C
1503972698,2,1.448275023747947e-06,C
1503972698,2,0.0,C
1503972698,2,2.815091819851831e-07,C
892756502,2,2.783463852090544e-06,C
892756502,2,4.3562438844175e-06,C
892756502,2,5.2716245180495225e-06,C
892756502,2,1.4371387756636695e-06,C
892756502,2,-9.269768648201627e-06,C
3136829774,2,1.166546411788573e-06,N
3136829774,2,2.891748893240481e-06,N
3136829774,2,1.5506032389252938e-07,N
3136829774,2,1.448275023747947e-06,N
3136829774,2,2.736469139372026e-06,N
3143719699,2,3.803816490131808e-05,C
3143719699,2,5.868202435994376e-05,C
3143719699,2,1.9556110523501376e-05,C
3143719699,2,1.4439597103877398e-05,C
3143719699,2,3.084229980071171e-05,C
1360035982,2,0.0,N
1360035982,2,0.0,N
1360035982,2,0.0,N
1360035982,2,0.0,N
1360035982,2,0.0,N
908339072,2,-3.0024611801888687e-06,C
908339072,2,-2.943504631638602e-06,C
908339072,2,8.514727923967895e-06,C
908339072,2,-2.225725358184858e-05,C
908339072,2,-8.985566516606612e-06,C
974827889,2,1.339709536688459e-06,C
974827889,2,-9.931795068085504e-06,C
974827889,2,-2.606275623595611e-06,C
974827889,2,-1.810471626660995e-06,C
974827889,2,-1.3361398431256666e-05,C
1343371647,2,1.7866821253884405e-06,N
1343371647,2,4.971136978881678e-06,N
1343371647,2,2.228742170666022e-06,N
1343371647,2,-6.364037882277199e-07,N
1343371647,2,-2.743447557258978e-06,N
2669055056,2,0.0,N
2669055056,2,1.5506032389252938e-07,N
2669055056,2,-1.55279753868455e-07,N
2669055056,2,0.0,N
2669055056,2,1.5506032389252938e-07,N
2341585586,2,3.973788359548648e-07,N
2341585586,2,-1.0839411350013414e-06,N
2341585586,2,3.973788359548648e-07,N
2341585586,2,6.788880179400478e-07,N
2341585586,2,3.973788359548648e-07,N
934540015,2,-6.921078665837743e-07,C
934540015,2,-2.246880570612973e-06,C
934540015,2,-8.897290669470162e-07,C
934540015,2,-1.4253332268742563e-06,C
934540015,2,1.3218815388387622e-06,C
3794207567,2,3.2761226443972155e-06,C
3794207567,2,-7.195980865800679e-06,C
3794207567,2,-4.73509932328968e-07,C
3794207567,2,-3.7041104457838014e-06,C
3794207567,2,5.8461875955566e-06,C
3278587996,2,-1.1711439499876785e-06,C
3278587996,2,-1.1711439499876785e-06,C
3278587996,2,-1.1711439499876785e-06,C
3278587996,2,-1.1711439499876785e-06,C
3278587996,2,0.0,C
4223108416,2,0.0,C
4223108416,2,2.815091819851831e-07,C
4223108416,2,3.6871199697152e-07,C
4223108416,2,0.0,C
4223108416,2,0.0,C
1131570738,2,0.0,N
1131570738,2,-2.819578021956079e-07,N
1131570738,2,-2.819578021956079e-07,N
1131570738,2,0.0,N
1131570738,2,0.0,N
2258843522,2,-1.0305785720040627e-05,C
2258843522,2,-1.0460995716061149e-05,C
2258843522,2,1.4106669902141412e-05,C
2258843522,2,-5.12040050603714e-07,C
2258843522,2,4.253404712025247e-06,C
4257302536,2,2.024053402982333e-06,N
4257302536,2,1.1056080465522006e-05,N
4257302536,2,-1.6179241063349684e-05,N
4257302536,2,-1.1492034222380236e-05,N
4257302536,2,2.2659758209747985e-06,N
2840370843,2,-2.3418463218393207e-06,C
2840370843,2,-3.869424047657326e-06,C
2840370843,2,-2.2456947324431265e-06,C
2840370843,2,5.440059622549738e-06,C
2840370843,2,5.149751582042561e-06,C
1420730566,2,5.7970003218702285e-06,C
1420730566,2,5.449658422663865e-06,C
1420730566,2,4.158299048108959e-06,C
1420730566,2,5.194752367726312e-06,C
1420730566,2,3.141129643050543e-06,C
434045476,2,0.0,O
434045476,2,0.0,O
434045476,2,0.0,O
434045476,2,0.0,O
434045476,2,0.0,O
894436332,2,0.0,N
894436332,2,0.0,N
894436332,2,-3.104897498889745e-07,N
894436332,2,0.0,N
894436332,2,-3.104897498889745e-07,N
3117292559,2,-4.0318103487263154e-06,C
3117292559,2,-4.342300098614423e-06,C
3117292559,2,-4.779169165559059e-06,C
3117292559,2,-4.187090102593903e-06,C
3117292559,2,2.765802958700457e-06,C
1923187777,2,1.4488687291801595e-05,N
1923187777,2,1.2528279636481005e-05,N
1923187777,2,2.3097548065090408e-05,N
1923187777,2,1.4798863312770125e-05,N
1923187777,2,1.3695045478243769e-05,N
2530048747,2,1.695699097206682e-06,N
2530048747,2,1.1331282836054763e-06,N
2530048747,2,2.5814033073534234e-06,N
2530048747,2,1.3859998665320325e-06,N
2530048747,2,1.25984910307516e-06,N
622481563,2,4.570244693275806e-06,C
622481563,2,-3.937161567706994e-06,C
622481563,2,5.426834514070042e-06,C
622481563,2,5.73701053503857e-06,C
622481563,2,5.426834514070042e-06,C
1922070456,2,9.295887801862718e-07,C
1922070456,2,-8.72612423334987e-08,C
1922070456,2,-8.72612423334987e-08,C
1922070456,2,6.394341504163334e-07,C
1922070456,2,3.294075851811851e-07,C
3995043796,2,2.454565627412874e-05,C
3995043796,2,2.432436010106967e-05,C
3995043796,2,1.0889861748084388e-05,C
3995043796,2,6.599777591137675e-06,C
3995043796,2,1.965504130245141e-05,C
2065735937,2,6.108081970775982e-06,C
2065735937,2,5.537354935854048e-06,C
2065735937,2,-1.4253332268742563e-06,C
2065735937,2,2.815091819851831e-07,C
2065735937,2,1.470776511511545e-05,C
3308295291,2,1.2389302376430988e-05,C
3308295291,2,2.022717295325615e-05,C
3308295291,2,-1.5889969595542575e-06,C
3308295291,2,7.864470752210438e-06,C
3308295291,2,-1.4402299193918937e-05,C
584893129,2,2.0886993540949507e-05,C
584893129,2,2.083817010804182e-05,C
584893129,2,1.636249689646648e-05,C
584893129,2,1.0560904847824008e-05,C
584893129,2,1.1097266650043036e-05,C
413654173,2,0.0,C
413654173,2,3.101760209685278e-07,C
413654173,2,0.0,C
413654173,2,0.0,C
413654173,2,1.5506032389252938e-07,C
68671624,2,0.0,
68671624,2,0.0,
68671624,2,0.0,
68671624,2,0.0,
68671624,2,0.0,
2488692798,2,-1.0801116676409372e-08,C
2488692798,2,2.5245594244636266e-06,C
2488692798,2,-1.7355092478427842e-06,C
2488692798,2,-1.840687380103706e-07,C
2488692798,2,3.101760209685278e-07,C
3084241488,2,8.222101650376921e-06,C
3084241488,2,8.531815178919148e-06,C
3084241488,2,2.3503749958068976e-06,C
3084241488,2,-9.144958815496608e-07,C
3084241488,2,8.84089157827863e-06,C
4158944142,2,-3.233814931281366e-06,C
4158944142,2,1.448275023747947e-06,C
4158944142,2,9.242248455616776e-07,C
4158944142,2,9.242248455616776e-07,C
4158944142,2,0.0,C
1469940320,2,-2.819578021956079e-07,C
1469940320,2,0.0,C
1469940320,2,0.0,C
1469940320,2,0.0,C
1469940320,2,0.0,C
662511025,2,7.112327356207336e-06,N
662511025,2,8.73617312970379e-06,N
662511025,2,4.420544928128434e-06,N
662511025,2,1.592982851175359e-06,N
662511025,2,3.331101013230066e-05,N
2908279847,2,0.0,C
2908279847,2,0.0,C
2908279847,2,8.038972563443984e-06,C
2908279847,2,0.0,C
2908279847,2,8.038972563443984e-06,C
68650007,2,-4.2908959305253645e-05,C
68650007,2,-2.8529183548509085e-05,C
68650007,2,-3.625206216233048e-05,C
68650007,2,-4.69323677015146e-05,C
68650007,2,-3.5852253835338445e-05,C
3337420400,2,-1.066801492265873e-06,C
3337420400,2,2.302909011588257e-06,C
3337420400,2,-4.788267365556272e-06,C
3337420400,2,-3.046039852008451e-07,C
3337420400,2,-4.82506798119009e-06,C
1979311206,2,2.815091819851831e-07,O
1979311206,2,1.0179201642181168e-08,O
1979311206,2,1.0179201642181168e-08,O
1979311206,2,1.0179201642181168e-08,O
1979311206,2,2.815091819851831e-07,O
2849741637,2,-2.819578021956079e-07,C
2849741637,2,-2.819578021956079e-07,C
2849741637,2,0.0,C
2849741637,2,0.0,C
2849741637,2,0.0,C
1664608228,2,8.720281498633686e-08,C
1664608228,2,4.366248790603142e-07,C
1664608228,2,0.0,C
1664608228,2,8.338399180808295e-07,C
1664608228,2,1.5511569707599845e-07,C
1121298566,2,-3.855169921189623e-06,C
1121298566,2,-6.343178518258136e-07,C
1121298566,2,-4.712324118704564e-06,C
1121298566,2,-8.722956253489657e-06,C
1121298566,2,7.971693866168361e-06,C
3531344838,2,-2.444064196091035e-06,S
3531344838,2,-2.0459989977317586e-06,S
3531344838,2,-2.9109911999060725e-06,S
3531344838,2,-2.9109911999060725e-06,S
3531344838,2,-2.571562576937116e-06,S
3273018953,2,-5.0686692817250925e-06,C
3273018953,2,-6.157174216158551e-06,C
3273018953,2,1.0731785350225761e-07,C
3273018953,2,-2.5892114493370963e-06,C
3273018953,2,7.952042477294557e-06,C
2034850751,2,0.0,C
2034850751,2,0.0,C
2034850751,2,0.0,C
2034850751,2,0.0,C
2034850751,2,0.0,C
4104822550,2,8.720281498633686e-08,C
4104822550,2,-5.7839309892775144e-08,C
4104822550,2,9.74404439748125e-08,C
4104822550,2,8.720281498633686e-08,C
4104822550,2,3.6871199697152e-07,C
1704599822,2,-1.6124989752419952e-06,C
1704599822,2,-1.2335047565080815e-06,C
1704599822,2,-1.768107624468447e-06,C
1704599822,2,-2.195384554899184e-06,C
1704599822,2,-1.8554273528894464e-06,C
3019519651,2,-1.7458097075363085e-07,C
3019519651,2,1.3559505021489698e-07,C
3019519651,2,-8.72612423334987e-08,C
3019519651,2,1.3559505021489698e-07,C
3019519651,2,-8.72612423334987e-08,C
3781885420,2,-1.5520999602051946e-07,N
3781885420,2,-1.268421051196095e-07,N
3781885420,2,-1.5520999602051946e-07,N
3781885420,2,2.423185120623353e-07,N
3781885420,2,0.0,N
579898624,2,1.1667658417627638e-06,C
579898624,2,1.1667658417627638e-06,C
579898624,2,1.1667658417627638e-06,C
579898624,2,7.2661649265746975e-06,C
579898624,2,1.1667658417627638e-06,C
899522708,2,0.0,
899522708,2,0.0,
899522708,2,0.0,
899522708,2,0.0,
899522708,2,0.0,
550081331,2,1.383390267999194e-05,C
550081331,2,2.206121882457508e-05,C
550081331,2,1.858005094336392e-05,C
550081331,2,1.355967657400061e-05,C
550081331,2,1.5734066291124386e-05,C
104363044,2,-5.643652978551059e-07,N
104363044,2,-5.643652978551059e-07,N
104363044,2,-9.905127504438588e-07,N
104363044,2,-1.849996884885352e-07,N
104363044,2,-4.77162482868769e-07,N
2072239802,2,-0.0002568813809607,C
2072239802,2,-1.4145562673008144e-05,C
2072239802,2,3.667596161285869e-05,C
2072239802,2,1.3858741741748157e-05,C
2072239802,2,-5.714336429561272e-05,C
3394178578,2,-3.104897498889745e-07,C
3394178578,2,0.0,C
3394178578,2,0.0,C
3394178578,2,0.0,C
3394178578,2,-3.104897498889745e-07,C
2013664411,2,1.5506032389252938e-07,C
2013664411,2,3.101760209685278e-07,C
2013664411,2,0.0,C
2013664411,2,3.101760209685278e-07,C
2013664411,2,0.0,C
3346582092,2,1.1408427688644129e-06,N
3346582092,2,-3.44921244596905e-05,N
3346582092,2,-4.38335590294105e-05,N
3346582092,2,-8.821653673157272e-06,N
3346582092,2,1.9439598045918775e-05,N
4291484675,2,3.973788359548648e-07,N
4291484675,2,-3.131376071463868e-06,N
4291484675,2,4.657447508262143e-06,N
4291484675,2,-3.412885253449051e-06,N
4291484675,2,4.657447508262143e-06,N
3275683399,2,-1.5520999602051946e-07,N
3275683399,2,-1.1711439499876785e-06,N
3275683399,2,-1.1711439499876785e-06,N
3275683399,2,-1.1711439499876785e-06,N
3275683399,2,0.0,N
2775257855,2,0.0,C
2775257855,2,0.0,C
2775257855,2,0.0,C
2775257855,2,0.0,C
2775257855,2,0.0,C
2810421479,2,0.0,O
2810421479,2,0.0,O
2810421479,2,0.0,O
2810421479,2,0.0,O
2810421479,2,0.0,O
2662374534,2,0.0,
2662374534,2,0.0,
2662374534,2,0.0,
2662374534,2,0.0,
2662374534,2,0.0,
3461773897,2,-1.0590665304715392e-07,N
3461773897,2,-6.041740981448975e-06,N
3461773897,2,7.277181633211054e-06,N
3461773897,2,8.56223668317408e-06,N
3461773897,2,-8.049190183341721e-06,N
344019891,2,0.0001160939726928,N
344019891,2,3.519510697553869e-05,N
344019891,2,0.0001226402929201,N
344019891,2,6.234270876663908e-07,N
344019891,2,5.994329520197291e-05,N
3402570011,2,0.0,
3402570011,2,0.0,
3402570011,2,0.0,
3402570011,2,0.0,
3402570011,2,0.0,
1199016914,2,1.5511569707599845e-07,C
1199016914,2,1.2629918596466366e-07,C
1199016914,2,7.176865106763367e-07,C
1199016914,2,1.5511569707599845e-07,C
1199016914,2,0.0,C
1714595447,2,-9.358617442617977e-06,C
1714595447,2,-1.7804520525861731e-06,C
1714595447,2,-3.1416429707728857e-06,C
1714595447,2,-4.3723755606319553e-07,C
1714595447,2,-9.213633283032888e-07,C
871396902,2,2.815091819851831e-07,C
871396902,2,0.0,C
871396902,2,2.815091819851831e-07,C
871396902,2,-1.55279753868455e-07,C
871396902,2,-1.55279753868455e-07,C
2845936339,2,0.0,C
2845936339,2,0.0,C
2845936339,2,0.0,C
2845936339,2,0.0,C
2845936339,2,0.0,C
3880022399,2,0.0,C
3880022399,2,0.0,C
3880022399,2,0.0,C
3880022399,2,0.0,C
3880022399,2,0.0,C
410310586,2,1.839538705328617e-07,C
410310586,2,0.0,C
410310586,2,0.0,C
410310586,2,1.839538705328617e-07,C
410310586,2,0.0,C
2612409031,2,0.0,C
2612409031,2,0.0,C
2612409031,2,0.0,C
2612409031,2,0.0,C
2612409031,2,0.0,C
2375987095,2,0.0,C
2375987095,2,-1.1711439499876785e-06,C
2375987095,2,5.2271789148855205e-06,C
2375987095,2,0.0,C
2375987095,2,-3.104897498889745e-07,C
1294138518,2,4.854540851087323e-06,S
1294138518,2,2.3392629823360683e-06,S
1294138518,2,-1.7996731383812178e-06,S
1294138518,2,-1.6153278910328514e-06,S
1294138518,2,-2.384017216837571e-06,S
293971392,2,-1.298527349886773e-05,N
293971392,2,-5.000659172095176e-06,N
293971392,2,-1.9230567514909487e-05,N
293971392,2,-1.8050593096755226e-05,N
293971392,2,-1.0755995434506838e-05,N
4036774035,2,2.4226313887886625e-07,C
4036774035,2,8.720281498633686e-08,C
4036774035,2,1.8165394703511736e-06,C
4036774035,2,8.720281498633686e-08,C
4036774035,2,3.973788359548648e-07,C
1010142783,2,9.44176042328576e-06,O
1010142783,2,2.798266692506657e-06,O
1010142783,2,6.553548703268873e-06,O
1010142783,2,7.289239840817946e-06,O
1010142783,2,6.785788646927748e-06,O
3120364749,2,0.0,
3120364749,2,0.0,
3120364749,2,0.0,
3120364749,2,0.0,
3120364749,2,0.0,
3662562115,2,1.0549827388697808e-06,C
3662562115,2,1.5951979492920092e-05,C
3662562115,2,5.932106762031666e-07,C
3662562115,2,1.3413426494363575e-05,C
3662562115,2,-1.3308490560649464e-06,C
3921298496,2,6.205233764105741e-07,C
3921298496,2,1.839538705328617e-07,C
3921298496,2,4.262170094125953e-07,C
3921298496,2,9.78709748244988e-07,C
3921298496,2,6.49302163063803e-07,C
737501821,2,-4.3723755606319553e-07,C
737501821,2,0.0,C
737501821,2,-5.92447552083715e-07,C
737501821,2,-5.92447552083715e-07,C
737501821,2,-4.3723755606319553e-07,C
2024004397,2,-2.795707158970932e-05,N
2024004397,2,-2.2215496000070785e-05,N
2024004397,2,-9.642370104225725e-07,N
2024004397,2,-2.5538557823598373e-05,N
2024004397,2,-5.18044141308233e-05,N
751208592,2,4.366248790603142e-07,C
751208592,2,-1.5520999602051946e-07,C
751208592,2,-1.5520999602051946e-07,C
751208592,2,5.916852029537109e-07,C
751208592,2,1.5511569707599845e-07,C
3953445033,2,0.0,S
3953445033,2,0.0,S
3953445033,2,4.260068672306411e-06,S
3953445033,2,4.498045829024952e-07,S
3953445033,2,-3.810264089404783e-06,S
497870099,2,-6.875328899168254e-06,C
497870099,2,-5.454464799105677e-07,C
497870099,2,-1.123787483295162e-06,C
497870099,2,-3.141630011557588e-06,C
497870099,2,-5.425137339442644e-06,C
3417531975,2,0.0,C
3417531975,2,0.0,C
3417531975,2,1.5511569707599845e-07,C
3417531975,2,1.5511569707599845e-07,C
3417531975,2,0.0,C
1044405971,2,0.0,C
1044405971,2,0.0,C
1044405971,2,0.0,C
1044405971,2,0.0,C
1044405971,2,0.0,C
2394338241,2,0.0,C
2394338241,2,0.0,C
2394338241,2,9.79742360816046e-06,C
2394338241,2,0.0,C
2394338241,2,-2.424712383540181e-07,C
1271691605,2,-7.22157254440213e-05,S
1271691605,2,-7.683336379376519e-05,S
1271691605,2,-8.141086320073449e-05,S
1271691605,2,-7.840972203420737e-05,S
1271691605,2,-9.05703294997416e-05,S
3643491447,2,0.0,C
3643491447,2,0.0,C
3643491447,2,0.0,C
3643491447,2,0.0,C
3643491447,2,0.0,C
21411075,2,0.0,C
21411075,2,0.0,C
21411075,2,0.0,C
21411075,2,0.0,C
21411075,2,0.0,C
413381818,2,-1.6601111269606145e-07,C
413381818,2,1.0177937886136912e-06,C
413381818,2,7.0778156458038e-07,C
413381818,2,7.0778156458038e-07,C
413381818,2,1.5511569707599845e-07,C
3082607741,2,0.0,
3082607741,2,0.0,
3082607741,2,0.0,
3082607741,2,0.0,
3082607741,2,0.0,
4216649732,2,4.0991402854001664e-05,S
4216649732,2,2.721282226770573e-05,S
4216649732,2,1.1743996174992144e-05,S
4216649732,2,2.40358639012608e-05,S
4216649732,2,2.639956437415752e-05,S
371876130,2,0.0,
371876130,2,0.0,
371876130,2,0.0,
371876130,2,0.0,
371876130,2,0.0,
1978844073,2,0.0,O
1978844073,2,0.0,O
1978844073,2,0.0,O
1978844073,2,0.0,O
1978844073,2,0.0,O
1671692019,2,1.6318937628729407e-06,C
1671692019,2,-8.748550477432129e-07,C
1671692019,2,4.38959309008273e-07,C
1671692019,2,-2.413020420135789e-07,C
1671692019,2,5.500553757094295e-06,C
2070976245,2,1.7004298033278763e-05,C
2070976245,2,1.8346679785051848e-05,C
2070976245,2,1.659538537756699e-05,C
2070976245,2,1.7654738344561466e-05,C
2070976245,2,1.891014676923177e-05,C
845764036,2,2.815091819851831e-07,C
845764036,2,-2.8980567902923974e-08,C
845764036,2,-1.55279753868455e-07,C
845764036,2,-3.104897498889745e-07,C
845764036,2,1.262294281175955e-07,C
2559453089,2,3.0578535479813124e-06,C
2559453089,2,8.907051921936207e-07,C
2559453089,2,3.985078022430283e-06,C
2559453089,2,6.493258826187689e-07,C
2559453089,2,-1.401387049642169e-06,C
3286377484,2,0.0,
3286377484,2,0.0,
3286377484,2,0.0,
3286377484,2,0.0,
3286377484,2,0.0,
2200148275,2,0.0,N
2200148275,2,1.5511569707599845e-07,N
2200148275,2,0.0,N
2200148275,2,0.0,N
2200148275,2,0.0,N
1962383056,2,0.0,N
1962383056,2,0.0,N
1962383056,2,0.0,N
1962383056,2,0.0,N
1962383056,2,0.0,N
3012778962,2,9.899589443361154e-07,N
3012778962,2,-1.5530357354029758e-06,N
3012778962,2,5.038970162355577e-06,N
3012778962,2,1.6513020942897708e-06,N
3012778962,2,5.271662456389492e-06,N
1620258790,2,-2.713299803438693e-07,N
1620258790,2,-2.713299803438693e-07,N
1620258790,2,1.0179201642181168e-08,N
1620258790,2,-1.4510055222627385e-07,N
1620258790,2,1.0179201642181168e-08,N
3372254436,2,0.0,O
3372254436,2,7.692258776120439e-07,O
3372254436,2,-8.70502142634802e-08,O
3372254436,2,1.944589677217029e-07,O
3372254436,2,0.0,O
330223697,2,-6.600944564979019e-06,C
330223697,2,-5.794953230587284e-06,C
330223697,2,-1.568894942209284e-06,C
330223697,2,-6.377087166956931e-06,C
330223697,2,-6.872389520425244e-06,C
1208423463,2,1.2659648667093064e-05,C
1208423463,2,4.916689164997413e-06,C
1208423463,2,1.3390237180163808e-05,C
1208423463,2,6.1195383370986e-06,C
1208423463,2,3.7844322278548018e-06,C
141882433,2,1.6204074527442075e-06,C
141882433,2,4.260068672306411e-06,C
141882433,2,8.038972563443984e-06,C
141882433,2,8.038972563443984e-06,C
141882433,2,4.386367858271074e-06,C
3727977332,2,-5.925276831747137e-07,N
3727977332,2,-1.0480452493934029e-05,N
3727977332,2,-2.820521011401289e-07,N
3727977332,2,-9.429894452100962e-11,N
3727977332,2,-8.560751418330674e-06,N
535847852,2,1.6993819220746664e-06,C
535847852,2,-2.5536681798850495e-05,C
535847852,2,-1.8900956643523592e-05,C
535847852,2,-2.8870957114576247e-05,C
535847852,2,8.052057059057711e-06,C
422165373,2,0.0,C
422165373,2,-3.1939142604393497e-06,C
422165373,2,6.476309779906639e-07,C
422165373,2,-1.1711439499876785e-06,C
422165373,2,0.0,C
176403689,2,0.0,C
176403689,2,0.0,C
176403689,2,0.0,C
176403689,2,0.0,C
176403689,2,0.0,C
1735672143,2,-7.153490879903759e-07,C
1735672143,2,-2.6479999576734144e-05,C
1735672143,2,1.4717407597164382e-05,C
1735672143,2,0.0,C
1735672143,2,-9.574428246400188e-06,C
1266193593,2,2.2291477863502915e-07,C
1266193593,2,-1.3457249207421765e-06,C
1266193593,2,6.200387892693268e-07,C
1266193593,2,-5.511051607192188e-07,C
1266193593,2,-2.61631185017111e-07,C
29410177,2,0.0,
29410177,2,0.0,
29410177,2,0.0,
29410177,2,0.0,
29410177,2,0.0,
808416955,2,6.585870811260698e-06,S
808416955,2,-1.9049084773864293e-05,S
808416955,2,-1.4904738159127184e-05,S
808416955,2,-1.4904738159127184e-05,S
808416955,2,-1.0752232119089732e-05,S
1949014205,2,0.0,C
1949014205,2,0.0,C
1949014205,2,0.0,C
1949014205,2,0.0,C
1949014205,2,0.0,C
3431706413,2,0.0,
3431706413,2,0.0,
3431706413,2,0.0,
3431706413,2,0.0,
3431706413,2,0.0,
150310,2,0.0,C
150310,2,0.0,C
150310,2,-2.819578021956079e-07,C
150310,2,0.0,C
150310,2,0.0,C
465304290,2,6.416264918051879e-05,C
465304290,2,7.235171317699143e-07,C
465304290,2,2.358395136256228e-05,C
465304290,2,-4.197229681723348e-06,C
465304290,2,6.861586676199915e-05,C
3093061208,2,1.5882459519483275e-06,C
3093061208,2,1.6561117158883296e-06,C
3093061208,2,1.771361166665389e-06,C
3093061208,2,7.650194399468416e-07,C
3093061208,2,8.916206751261382e-07,C
3012865236,2,-2.819578021956079e-07,N
3012865236,2,-4.595277332906239e-06,N
3012865236,2,-4.595277332906239e-06,N
3012865236,2,2.8218218772919912e-08,N
3012865236,2,2.8218218772919912e-08,N
792968423,2,0.0,C
792968423,2,7.465960711128608e-07,C
792968423,2,8.142867289210112e-07,C
792968423,2,5.916852029537109e-07,C
792968423,2,1.0563095996559552e-06,C
170727310,2,-4.440161635830241e-06,C
170727310,2,2.949216868907735e-06,C
170727310,2,7.757014761248376e-06,C
170727310,2,9.40469560926742e-06,C
170727310,2,1.242778157013475e-05,C
2459558207,2,0.0,C
2459558207,2,-5.92447552083715e-07,C
2459558207,2,-5.92447552083715e-07,C
2459558207,2,0.0,C
2459558207,2,-5.92447552083715e-07,C
1323888424,2,0.0,
1323888424,2,0.0,
1323888424,2,0.0,
1323888424,2,0.0,
1323888424,2,0.0,
2975116251,2,-4.892778277744599e-06,N
2975116251,2,1.758451044717342e-06,N
2975116251,2,1.758451044717342e-06,N
2975116251,2,-8.609679290191505e-07,N
2975116251,2,1.758451044717342e-06,N
1819912581,2,2.34934802678579e-06,C
1819912581,2,9.739581277941507e-06,C
1819912581,2,-4.003827597802608e-06,C
1819912581,2,-2.451746565309415e-05,C
1819912581,2,-3.268984480471644e-05,C
335878828,2,0.0,
335878828,2,0.0,
335878828,2,0.0,
335878828,2,0.0,
335878828,2,0.0,
3975295864,2,-1.750229978545164e-05,C
3975295864,2,-4.496370709132329e-06,C
3975295864,2,1.6797193063368065e-06,C
3975295864,2,-5.789320864193689e-06,C
3975295864,2,-1.0160819317785869e-05,C
239116674,2,-4.352652595080407e-06,C
239116674,2,-3.2129086656451644e-07,C
239116674,2,-3.2129086656451644e-07,C
239116674,2,-9.0325150811036e-07,C
239116674,2,-5.498978534481357e-06,C
3538861869,2,-1.378764648665362e-06,C
3538861869,2,8.616296989939938e-06,C
3538861869,2,9.142116594110412e-06,C
3538861869,2,1.1682159864780974e-05,C
3538861869,2,1.7227896125827057e-05,C
934550081,2,0.0,N
934550081,2,0.0,N
934550081,2,0.0,N
934550081,2,0.0,N
934550081,2,0.0,N
3316027208,2,2.6351433365240373e-07,C
3316027208,2,1.1667658417627638e-06,C
3316027208,2,1.040229962406651e-06,C
3316027208,2,-2.444064196091035e-06,C
3316027208,2,-2.0174891982660884e-06,C
2865977551,2,7.502316058507e-07,S
2865977551,2,1.228260235324862e-05,S
2865977551,2,9.341769242444432e-06,S
2865977551,2,1.1846333174128296e-05,S
2865977551,2,1.2542406572354711e-06,S
3183067622,2,1.0425385212676531e-05,O
3183067622,2,-1.999928696977838e-05,O
3183067622,2,-4.372893525711637e-06,O
3183067622,2,1.9272930166262456e-06,O
3183067622,2,1.3007515734034247e-06,O
564293713,2,7.149725526874387e-06,S
564293713,2,3.5166617157926863e-06,S
564293713,2,1.6100248107020834e-06,S
564293713,2,1.789911938465151e-06,S
564293713,2,6.608325638524788e-08,S
1428903162,2,0.0,C
1428903162,2,0.0,C
1428903162,2,0.0,C
1428903162,2,0.0,C
1428903162,2,2.815091819851831e-07,C
1467524174,2,1.2930650277282948e-06,C
1467524174,2,0.0,C
1467524174,2,-4.468529526731151e-06,C
1467524174,2,1.2629918596466366e-07,C
1467524174,2,1.2930650277282948e-06,C
651269745,2,0.0,
651269745,2,0.0,
651269745,2,0.0,
651269745,2,0.0,
651269745,2,0.0,
3268335377,2,8.720281498633686e-08,N
3268335377,2,8.720281498633686e-08,N
3268335377,2,8.720281498633686e-08,N
3268335377,2,8.720281498633686e-08,N
3268335377,2,8.720281498633686e-08,N
1280488931,2,0.0,N
1280488931,2,0.0,N
1280488931,2,0.0,N
1280488931,2,0.0,N
1280488931,2,0.0,N
2098262959,2,0.0,
2098262959,2,0.0,
2098262959,2,0.0,
2098262959,2,0.0,
2098262959,2,0.0,
2485994647,2,3.101760209685278e-07,N
2485994647,2,2.039512676333365e-06,N
2485994647,2,0.0,N
2485994647,2,5.916852029537109e-07,N
2485994647,2,1.448275023747947e-06,N
3088984962,2,9.209433324015164e-07,C
3088984962,2,2.8218218772919912e-08,C
3088984962,2,1.172514385034372e-06,C
3088984962,2,2.711566855191985e-07,C
3088984962,2,-8.896347680024952e-07,C
3042542132,2,-5.725520766573095e-05,N
3042542132,2,-0.0001162108393764,N
3042542132,2,-6.42186249936727e-05,N
3042542132,2,-4.563857102932428e-05,N
3042542132,2,-4.963993861487309e-05,N
373109870,2,-3.692190445282392e-07,C
373109870,2,-3.692190445282392e-07,C
373109870,2,-3.692190445282392e-07,C
373109870,2,-5.532877825386098e-07,C
373109870,2,-5.532877825386098e-07,C
2677752761,2,1.448275023747947e-06,C
2677752761,2,5.2271789148855205e-06,C
2677752761,2,1.448275023747947e-06,C
2677752761,2,2.815091819851831e-07,C
2677752761,2,1.448275023747947e-06,C
3807907321,2,6.027644667759135e-05,O
3807907321,2,4.1713083567855407e-05,O
3807907321,2,5.691875025808004e-05,O
3807907321,2,4.201654181231959e-05,O
3807907321,2,4.16926143728567e-05,O
2587571567,2,1.0192717482750307e-05,C
2587571567,2,7.023053507715718e-07,C
2587571567,2,-3.1719310291762268e-06,C
2587571567,2,1.0465591087058072e-05,C
2587571567,2,6.4182579917445096e-06,C
3701504231,2,4.758142056682929e-06,N
3701504231,2,-4.5045561339589896e-06,N
3701504231,2,-1.1065413319149078e-06,N
3701504231,2,1.868632761179486e-05,N
3701504231,2,-2.6227593070910285e-06,N
369315086,2,5.813327064877263e-07,C
369315086,2,-2.8980567902923974e-08,C
369315086,2,-1.55279753868455e-07,C
369315086,2,2.815091819851831e-07,C
369315086,2,1.5506032389252938e-07,C
1965692378,2,-9.576685372297831e-06,N
1965692378,2,0.0,N
1965692378,2,0.0,N
1965692378,2,0.0,N
1965692378,2,-8.405541422310155e-06,N
1633777018,2,0.0,C
1633777018,2,4.262170094125953e-07,C
1633777018,2,8.720281498633686e-08,C
1633777018,2,4.262170094125953e-07,C
1633777018,2,2.711566855191985e-07,C
3757038672,2,-7.1120975322193705e-06,C
3757038672,2,2.0186883297511685e-06,C
3757038672,2,8.562760918746568e-07,C
3757038672,2,-7.997354191997819e-06,C
3757038672,2,-9.731965126166288e-06,C
2677858541,2,-1.4159592295876974e-05,C
2677858541,2,3.117826844239568e-05,C
2677858541,2,-4.471085663863839e-06,C
2677858541,2,1.6098140554518525e-05,C
2677858541,2,2.6594650133384204e-05,C
1446204275,2,-1.900042490522724e-05,C
1446204275,2,-2.117895505845263e-05,C
1446204275,2,-1.7390290420602438e-05,C
1446204275,2,-7.244065680847046e-06,C
1446204275,2,-6.994001530184584e-06,C
3589407776,2,2.607759941149028e-06,C
3589407776,2,-1.1711439499876785e-06,C
3589407776,2,-9.294727570103092e-06,C
3589407776,2,1.758451044717342e-06,C
3589407776,2,0.0,C
3083149185,2,0.0,
3083149185,2,0.0,
3083149185,2,0.0,
3083149185,2,0.0,
3083149185,2,0.0,
337875000,2,-2.889028523770862e-06,C
337875000,2,1.5048468288364827e-06,C
337875000,2,-4.965108431126061e-07,C
337875000,2,-6.323724788892884e-07,C
337875000,2,2.221830235044943e-06,C
3887884923,2,-1.1711439499876785e-06,C
3887884923,2,-1.1711439499876785e-06,C
3887884923,2,-1.1711439499876785e-06,C
3887884923,2,0.0,C
3887884923,2,-1.4531017521832862e-06,C
4256629345,2,5.190693931499471e-06,C
4256629345,2,7.2674430532833345e-06,C
4256629345,2,4.628780669277931e-06,C
4256629345,2,5.751732596349056e-06,C
4256629345,2,4.812734539810792e-06,C
662595032,2,2.89350714824041e-07,N
662595032,2,5.565384388362196e-06,N
662595032,2,1.6314201733320932e-06,N
662595032,2,2.223445572743614e-06,N
662595032,2,1.6881882954240812e-07,N
3777243454,2,7.397344478609225e-05,C
3777243454,2,6.049847307914268e-05,C
3777243454,2,5.408579575071071e-05,C
3777243454,2,6.996662726766172e-05,C
3777243454,2,4.721613932609416e-05,C
982949046,2,0.0,
982949046,2,0.0,
982949046,2,0.0,
982949046,2,0.0,
982949046,2,0.0,
267757375,2,0.0,
267757375,2,0.0,
267757375,2,0.0,
267757375,2,0.0,
267757375,2,0.0,
2157595070,2,0.0,
2157595070,2,0.0,
2157595070,2,0.0,
2157595070,2,0.0,
2157595070,2,0.0,
895910141,2,2.815091819851831e-07,C
895910141,2,0.0,C
895910141,2,0.0,C
895910141,2,-3.104897498889745e-07,C
895910141,2,-3.104897498889745e-07,C
3182041044,2,0.0,C
3182041044,2,0.0,C
3182041044,2,0.0,C
3182041044,2,0.0,C
3182041044,2,0.0,C
4105666400,2,-2.084030559016542e-05,C
4105666400,2,-1.1616459344981206e-05,C
4105666400,2,-1.908615445639014e-06,C
4105666400,2,8.623914204844776e-07,C
4105666400,2,-9.512261630365525e-06,C
1891839201,2,-3.897525331738282e-06,C
1891839201,2,1.0167915951726086e-06,C
1891839201,2,-1.0033673838711827e-05,C
1891839201,2,-5.021047329524866e-06,C
1891839201,2,-8.492802664643653e-06,C
2584230118,2,1.0252419404226285e-05,C
2584230118,2,4.83214014838744e-07,C
2584230118,2,1.443688213620918e-06,C
2584230118,2,9.9709102222411e-06,C
2584230118,2,1.7532382045387304e-06,C
3696402029,2,-3.468967077134826e-05,C
3696402029,2,1.4990915924240414e-06,C
3696402029,2,2.5163899825620187e-06,C
3696402029,2,-2.980526377552913e-05,C
3696402029,2,-1.3549237765867611e-06,C
1263988625,2,0.0,
1263988625,2,0.0,
1263988625,2,0.0,
1263988625,2,0.0,
1263988625,2,0.0,
829754261,2,-9.970752857559918e-06,C
829754261,2,-5.263365841587202e-06,C
829754261,2,-1.4749528163106663e-05,C
829754261,2,-1.2965416413147218e-07,C
829754261,2,-5.263365841587202e-06,C
2841547777,2,1.1667658417627638e-06,C
2841547777,2,-1.0017051332378638e-06,C
2841547777,2,1.1667658417627638e-06,C
2841547777,2,-1.2691478816504243e-06,C
2841547777,2,1.839538705328617e-07,C
3059129780,2,-6.797087944172137e-07,C
3059129780,2,1.7625309131890504e-07,C
3059129780,2,-4.012202952320167e-06,C
3059129780,2,2.173968083618756e-06,C
3059129780,2,-2.7454041220858e-06,C
3650394863,2,-6.311598177072275e-06,C
3650394863,2,-7.176176389678268e-06,C
3650394863,2,-6.496584169850446e-06,C
3650394863,2,-5.697270957609468e-07,C
3650394863,2,2.815091819851831e-07,C
3288032115,2,4.660704409447519e-06,C
3288032115,2,6.620467445934107e-06,C
3288032115,2,1.6252660903992577e-05,C
3288032115,2,-2.7815059649273846e-06,C
3288032115,2,-6.925720985363065e-06,C
1308598964,2,-9.824358879115085e-06,C
1308598964,2,-2.501003620889852e-05,C
1308598964,2,-6.214197658522408e-06,C
1308598964,2,-6.4566394496748045e-06,C
1308598964,2,-2.5895718160677365e-05,C
4081192417,2,0.0,
4081192417,2,0.0,
4081192417,2,0.0,
4081192417,2,0.0,
4081192417,2,0.0,
2085926208,2,0.0,
2085926208,2,0.0,
2085926208,2,0.0,
2085926208,2,0.0,
2085926208,2,0.0,
1852134816,2,-5.064793751222846e-05,C
1852134816,2,0.0009630420637825,C
1852134816,2,-4.5959237018680654e-05,C
1852134816,2,-4.891129751598798e-05,C
1852134816,2,0.0009538683161632,C
3628883864,2,-2.819578021956079e-07,C
3628883864,2,-2.819578021956079e-07,C
3628883864,2,-2.819578021956079e-07,C
3628883864,2,-4.3723755606319553e-07,C
3628883864,2,0.0,C
1228815484,2,4.868229722988782e-07,C
1228815484,2,-2.0141546049414448e-05,C
1228815484,2,-1.2772506204320952e-05,C
1228815484,2,-8.325679212779769e-06,C
1228815484,2,-8.366508363491162e-06,C
2863170677,2,0.0,C
2863170677,2,0.0,C
2863170677,2,2.815091819851831e-07,C
2863170677,2,5.916852029537109e-07,C
2863170677,2,2.815091819851831e-07,C
2126281302,2,-8.72612423334987e-08,C
2126281302,2,0.0,C
2126281302,2,-3.104897498889745e-07,C
2126281302,2,-1.258405192321177e-06,C
2126281302,2,-3.977509922216058e-07,C
3768390624,2,-2.1504707661016906e-06,C
3768390624,2,2.602746478039958e-05,C
3768390624,2,9.803565915253096e-06,C
3768390624,2,2.3770620864016663e-05,C
3768390624,2,-5.052312979219979e-06,C
2150151661,2,0.0,C
2150151661,2,0.0,C
2150151661,2,0.0,C
2150151661,2,0.0,C
2150151661,2,0.0,C
881868678,2,0.0,
881868678,2,0.0,
881868678,2,0.0,
881868678,2,0.0,
881868678,2,0.0,
1796784588,2,0.0,C
1796784588,2,0.0,C
1796784588,2,0.0,C
1796784588,2,0.0,C
1796784588,2,0.0,C
3892941493,2,2.3967744385020376e-06,N
3892941493,2,2.086462653401802e-06,N
3892941493,2,4.82122977608565e-08,N
3892941493,2,5.554699889292851e-06,N
3892941493,2,-1.06208542815546e-07,N
847307936,2,5.382294611960652e-06,C
847307936,2,1.5511569707599845e-07,C
847307936,2,1.5511569707599845e-07,C
847307936,2,1.5511569707599845e-07,C
847307936,2,8.848714699054815e-06,C
1514288082,2,0.0,
1514288082,2,0.0,
1514288082,2,0.0,
1514288082,2,0.0,
1514288082,2,0.0,
287232915,2,1.5506032389252938e-07,C
287232915,2,0.0,C
287232915,2,3.101760209685278e-07,C
287232915,2,3.101760209685278e-07,C
287232915,2,3.101760209685278e-07,C
3292836937,2,0.0,
3292836937,2,0.0,
3292836937,2,0.0,
3292836937,2,0.0,
3292836937,2,0.0,
89961214,2,8.132816160234986e-06,C
89961214,2,-1.971831934401494e-06,C
89961214,2,1.194547141993886e-05,C
89961214,2,4.903148989035197e-07,C
89961214,2,5.005957556322195e-06,C
1147977085,2,1.2714486722292286e-05,C
1147977085,2,9.443026093796e-06,C
1147977085,2,1.2680098274194494e-05,C
1147977085,2,1.1892615239094372e-05,C
1147977085,2,1.185022953246323e-05,C
636182019,2,0.0,C
636182019,2,0.0,C
636182019,2,0.0,C
636182019,2,0.0,C
636182019,2,0.0,C
799373156,2,8.712612640856578e-06,C
799373156,2,9.46624375574006e-06,C
799373156,2,2.581037277304271e-06,C
799373156,2,2.4848999443547945e-06,C
799373156,2,2.328944873399366e-06,C
636990493,2,0.0,
636990493,2,0.0,
636990493,2,0.0,
636990493,2,0.0,
636990493,2,0.0,
1078276907,2,-7.769023551420715e-07,C
1078276907,2,-1.5566350104311705e-07,C
1078276907,2,-1.5566350104311705e-07,C
1078276907,2,-7.088037125161165e-07,C
1078276907,2,-2.9213390235083986e-07,C
1421345390,2,0.0,C
1421345390,2,0.0,C
1421345390,2,2.711566855191985e-07,C
1421345390,2,0.0,C
1421345390,2,0.0,C
145374537,2,0.0,C
145374537,2,-1.7635915020713933e-06,C
145374537,2,-5.92447552083715e-07,C
145374537,2,-8.748550477432129e-07,C
145374537,2,9.090977837934548e-06,C
1256751600,2,-3.104897498889745e-07,C
1256751600,2,3.201924914209009e-06,C
1256751600,2,1.2929952698803593e-06,C
1256751600,2,-4.6593382095616587e-07,C
1256751600,2,5.916852029537109e-07,C
30707086,2,-3.2078635454962576e-06,C
30707086,2,-5.390713013353303e-06,C
30707086,2,-4.104310090449412e-06,C
30707086,2,-7.612597683855256e-06,C
30707086,2,-7.457237798896669e-06,C
454919045,2,-7.967336865945078e-06,N
454919045,2,-1.1161676388086147e-05,N
454919045,2,-1.4049785563290118e-05,N
454919045,2,-1.1326889718003136e-05,N
454919045,2,-5.972673172338107e-06,N
96001975,2,-9.576685372297831e-06,C
96001975,2,0.0,C
96001975,2,2.815091819851831e-07,C
96001975,2,-9.576685372297831e-06,C
96001975,2,-8.72612423334987e-08,C
3632480728,2,5.047946162694411e-06,C
3632480728,2,5.2327240530900335e-06,C
3632480728,2,4.15496372431403e-06,C
3632480728,2,4.049612419063271e-06,C
3632480728,2,4.854087346065593e-06,C
2543587995,2,2.2803084924818973e-06,N
2543587995,2,0.0,N
2543587995,2,-9.266509351329303e-06,N
2543587995,2,-9.576685372297831e-06,N
2543587995,2,-9.576685372297831e-06,N
2664622273,2,-1.08220874956216e-05,C
2664622273,2,-2.4248188659446723e-06,C
2664622273,2,-1.0542130183258808e-05,C
2664622273,2,-1.3736858297842824e-06,C
2664622273,2,2.232191899053521e-06,C
640282103,2,2.2291477863502915e-07,C
640282103,2,-1.4531017521832862e-06,C
640282103,2,-2.998317236968181e-06,C
640282103,2,-1.0724463593780702e-05,C
640282103,2,-3.4772243765086863e-06,C
552722929,2,7.465960711128608e-07,C
552722929,2,-5.423363950664544e-05,C
552722929,2,7.465960711128608e-07,C
552722929,2,1.0107286376461258e-05,C
552722929,2,5.916852029537109e-07,C
3304326854,2,0.0,C
3304326854,2,0.0,C
3304326854,2,0.0,C
3304326854,2,1.1667658417627638e-06,C
3304326854,2,2.815091819851831e-07,C
932711668,2,3.094840029040612e-06,N
932711668,2,2.368252934875289e-06,N
932711668,2,2.21304293885477e-06,N
932711668,2,4.94563632567023e-07,N
932711668,2,2.000493340883168e-06,N
932734850,2,-6.665671244038968e-06,N
932734850,2,-9.026835128225774e-06,N
932734850,2,-2.855407154635052e-06,N
932734850,2,-3.4406811198935128e-06,N
932734850,2,-1.0278578579354415e-05,N
3198482033,2,0.0,C
3198482033,2,0.0,C
3198482033,2,0.0,C
3198482033,2,0.0,C
3198482033,2,0.0,C
2843970853,2,5.45060766582537e-06,C
2843970853,2,6.104522266717552e-07,C
2843970853,2,2.7142009448873072e-05,C
2843970853,2,1.5702078625642706e-05,C
2843970853,2,2.4251367315508175e-05,C
1167268241,2,0.0,C
1167268241,2,0.0,C
1167268241,2,0.0,C
1167268241,2,0.0,C
1167268241,2,0.0,C
1968143303,2,-2.755182836446622e-06,C
1968143303,2,4.941298915013895e-07,C
1968143303,2,-1.272920246104224e-06,C
1968143303,2,-5.832164016051494e-08,C
1968143303,2,0.0,C
132611095,2,4.466469800588034e-06,C
132611095,2,-2.3080383729041573e-06,C
132611095,2,-1.997468491924184e-06,C
132611095,2,-3.591745383751954e-06,C
132611095,2,1.3408663470351053e-05,C
1067305901,2,0.0,C
1067305901,2,0.0,C
1067305901,2,0.0,C
1067305901,2,0.0,C
1067305901,2,1.839538705328617e-07,C
4232044298,2,0.0,C
4232044298,2,0.0,C
4232044298,2,0.0,C
4232044298,2,0.0,C
4232044298,2,0.0,C
3924990413,2,7.757014761248376e-06,C
3924990413,2,3.97811087011167e-06,C
3924990413,2,-8.494642517886501e-06,C
3924990413,2,8.038972563443984e-06,C
3924990413,2,3.97811087011167e-06,C
3163510888,2,2.1103231398035896e-06,C
3163510888,2,5.465799464949607e-06,C
3163510888,2,3.025519157478541e-06,C
3163510888,2,3.866186150924475e-06,C
3163510888,2,1.5203356500291185e-06,C
3370172965,2,0.0,C
3370172965,2,0.0,C
3370172965,2,0.0,C
3370172965,2,0.0,C
3370172965,2,0.0,C
1544255291,2,4.091178607660249e-06,C
1544255291,2,-4.77162482868769e-07,C
1544255291,2,2.0287958085339272e-06,C
1544255291,2,1.564144677718496e-06,C
1544255291,2,-1.8202332198839768e-06,C
3961613636,2,1.5506032389252938e-07,C
3961613636,2,4.365695058785799e-07,C
3961613636,2,-4.3723755606319553e-07,C
3961613636,2,7.176311374946023e-07,C
3961613636,2,0.0,C
50651170,2,0.0,C
50651170,2,0.0,C
50651170,2,0.0,C
50651170,2,0.0,C
50651170,2,0.0,C
3075896141,2,-2.0459989977317586e-06,C
3075896141,2,0.0,C
3075896141,2,0.0,C
3075896141,2,9.015479712536426e-07,C
3075896141,2,-1.4531017521832862e-06,C
172238518,2,0.0,C
172238518,2,0.0,C
172238518,2,0.0,C
172238518,2,0.0,C
172238518,2,0.0,C
2136803473,2,0.0,
2136803473,2,0.0,
2136803473,2,0.0,
2136803473,2,0.0,
2136803473,2,0.0,
1023209243,2,0.0,N
1023209243,2,0.0,N
1023209243,2,2.815091819851831e-07,N
1023209243,2,3.101760209685278e-07,N
1023209243,2,0.0,N
885408970,2,7.39654155439487e-07,O
885408970,2,-8.560751418330674e-06,O
885408970,2,1.0115558457422444e-06,O
885408970,2,1.0207157870555097e-06,O
885408970,2,2.649033467003008e-06,O
1213407188,2,1.1587693165161089e-07,C
1213407188,2,6.988927745080718e-06,C
1213407188,2,0.0,C
1213407188,2,3.0656297078058767e-06,C
1213407188,2,-1.3128237735934509e-06,C
4210054575,2,0.0002700478132972,N
4210054575,2,0.000101598241834,N
4210054575,2,0.0004632363500273,N
4210054575,2,9.243988771624485e-05,N
4210054575,2,0.0005056539262702,N
3871410344,2,0.0,N
3871410344,2,2.815091819851831e-07,N
3871410344,2,0.0,N
3871410344,2,-4.3723755606319553e-07,N
3871410344,2,-2.819578021956079e-07,N
1184436594,2,-1.0712745555248142e-05,C
1184436594,2,-1.9377684453893845e-06,C
1184436594,2,-1.073220284690448e-05,C
1184436594,2,-1.0857904593561916e-05,C
1184436594,2,-9.682357846770018e-06,C
3431706412,2,0.0,
3431706412,2,0.0,
3431706412,2,0.0,
3431706412,2,0.0,
3431706412,2,0.0,
2758632892,2,3.101760209685278e-07,C
2758632892,2,4.104788918438823e-06,C
2758632892,2,1.1667658417627638e-06,C
2758632892,2,4.365695058785799e-07,C
2758632892,2,3.468414141248599e-06,C
2131356872,2,-8.72612423334987e-08,C
2131356872,2,-8.72612423334987e-08,C
2131356872,2,-8.72612423334987e-08,C
2131356872,2,-8.72612423334987e-08,C
2131356872,2,0.0,C
3131896227,2,3.402003282956204e-05,C
3131896227,2,3.320231662218721e-05,C
3131896227,2,3.590273911677471e-05,C
3131896227,2,1.551159660954926e-05,C
3131896227,2,2.5196661466536825e-05,C
2739425568,2,4.748247924837509e-07,C
2739425568,2,1.482392029974154e-06,C
2739425568,2,4.748247924837509e-07,C
2739425568,2,1.181159498098161e-06,C
2739425568,2,2.468239213328227e-06,C
2917424199,2,-1.1711439499876785e-06,N
2917424199,2,-1.1711439499876785e-06,N
2917424199,2,-1.1711439499876785e-06,N
2917424199,2,-1.1711439499876785e-06,N
2917424199,2,-1.1711439499876785e-06,N
740717125,2,1.3610137814144482e-06,C
740717125,2,1.448275023747947e-06,C
740717125,2,-1.8210623228447425e-06,C
740717125,2,-4.945584878984777e-07,C
740717125,2,1.448275023747947e-06,C
2604399148,2,1.768720784766243e-05,C
2604399148,2,1.656053162149909e-05,C
2604399148,2,8.340562143251996e-06,C
2604399148,2,9.153017239396134e-06,C
2604399148,2,1.1659230109080897e-05,C
35816944,2,1.0313893477265771e-05,C
35816944,2,9.299607901693333e-06,C
35816944,2,6.593829837918917e-06,C
35816944,2,-5.943278810022386e-06,C
35816944,2,-2.695959787331684e-07,C
1623026378,2,0.0,C
1623026378,2,0.0,C
1623026378,2,-1.1711439499876785e-06,C
1623026378,2,-1.1711439499876785e-06,C
1623026378,2,0.0,C
1514095308,2,0.0,
1514095308,2,0.0,
1514095308,2,0.0,
1514095308,2,0.0,
1514095308,2,0.0,
1814116706,2,0.0,
1814116706,2,0.0,
1814116706,2,0.0,
1814116706,2,0.0,
1814116706,2,0.0,
3229069614,2,0.0,
3229069614,2,0.0,
3229069614,2,0.0,
3229069614,2,0.0,
3229069614,2,0.0,
269963113,2,0.0,
269963113,2,0.0,
269963113,2,0.0,
269963113,2,0.0,
269963113,2,0.0,
3375441982,2,0.0,
3375441982,2,0.0,
3375441982,2,0.0,
3375441982,2,0.0,
3375441982,2,0.0,
2537385504,2,0.0,C
2537385504,2,0.0,C
2537385504,2,0.0,C
2537385504,2,0.0,C
2537385504,2,0.0,C
1375082737,2,-6.17935396829165e-05,C
1375082737,2,-2.6541360682654468e-05,C
1375082737,2,-2.313485703353286e-05,C
1375082737,2,-7.019538701140155e-05,C
1375082737,2,6.020924967732253e-05,C
3972090239,2,-1.0195115408083433e-05,C
3972090239,2,1.9637293427418948e-05,C
3972090239,2,3.697816498403079e-05,C
3972090239,2,-3.0255108222999004e-05,C
3972090239,2,1.0341665603575375e-05,C
542715770,2,-2.9579478260689795e-06,C
542715770,2,-2.6764386440837964e-06,C
542715770,2,5.393894117627397e-06,C
542715770,2,5.393894117627397e-06,C
542715770,2,4.260068672306411e-06,C
1835135892,2,-1.1711439499876785e-06,C
1835135892,2,-8.896347680024952e-07,C
1835135892,2,-2.346690696779577e-06,C
1835135892,2,-1.1711439499876785e-06,C
1835135892,2,-5.484463480699177e-06,C
3850856377,2,-8.72612423334987e-08,C
3850856377,2,-8.72612423334987e-08,C
3850856377,2,0.0,C
3850856377,2,-8.72612423334987e-08,C
3850856377,2,-8.72612423334987e-08,C
3007422704,2,-2.713299803438693e-07,O
3007422704,2,-8.72612423334987e-08,O
3007422704,2,8.720281498633686e-08,O
3007422704,2,1.1667658417627638e-06,O
3007422704,2,-2.819578021956079e-07,O
2209842778,2,-2.5129931515589093e-06,N
2209842778,2,2.323668555474258e-06,N
2209842778,2,1.4950105690384949e-06,N
2209842778,2,-3.3166421089534173e-06,N
2209842778,2,-2.824365515351722e-06,N
2296764637,2,-8.60628908235829e-06,C
2296764637,2,-1.0132383601560609e-05,C
2296764637,2,-1.4554831603244556e-05,C
2296764637,2,-1.984188750307932e-06,C
2296764637,2,-1.2685244961987452e-05,C
3929393147,2,8.720281498633686e-08,C
3929393147,2,-1.5520999602051946e-07,C
3929393147,2,-3.392787340300227e-07,C
3929393147,2,0.0,C
3929393147,2,-1.5520999602051946e-07,C
2270589688,2,-9.685710001408956e-07,N
2270589688,2,3.8061808138806566e-06,N
2270589688,2,9.238012422860438e-06,N
2270589688,2,-7.844929495077167e-06,N
2270589688,2,1.4760256904579154e-05,N
2592252298,2,-2.661315092420454e-05,C
2592252298,2,-1.6761730552553034e-05,C
2592252298,2,-2.450598796572591e-05,C
2592252298,2,-2.893338437500153e-05,C
2592252298,2,-1.4244122422626786e-05,C
4116013187,2,1.0115558457422444e-06,C
4116013187,2,8.562760918746568e-07,C
4116013187,2,-3.104897498889745e-07,C
4116013187,2,-8.533231717648346e-07,C
4116013187,2,-4.84801206485086e-07,C
372117123,2,0.0,S
372117123,2,0.0,S
372117123,2,0.0,S
372117123,2,0.0,S
372117123,2,0.0,S
2709179886,2,2.711566855191985e-07,C
2709179886,2,2.613430181135773e-07,C
2709179886,2,-9.815708760553545e-09,C
2709179886,2,4.45242482293752e-07,C
2709179886,2,2.708952210059637e-07,C
228862830,2,-4.3723755606319553e-07,N
228862830,2,0.0,N
228862830,2,-4.3723755606319553e-07,N
228862830,2,-3.104897498889745e-07,N
228862830,2,-9.621162900767116e-07,N
2300762321,2,-4.981408039391594e-06,N
2300762321,2,4.260068672306411e-06,N
2300762321,2,-3.810264089404783e-06,N
2300762321,2,4.260068672306411e-06,N
2300762321,2,-3.810264089404783e-06,N
4081192418,2,0.0,
4081192418,2,0.0,
4081192418,2,0.0,
4081192418,2,0.0,
4081192418,2,0.0,
4120224926,2,7.191748999784212e-06,C
4120224926,2,2.043394643293922e-06,C
4120224926,2,7.757014761248376e-06,C
4120224926,2,-1.641701202186735e-07,C
4120224926,2,6.275381061372591e-06,C
1090571167,2,-0.000908359149731,N
1090571167,2,-0.0008807447767347,N
1090571167,2,-0.000924950127874,N
1090571167,2,-0.0009118867595124,N
1090571167,2,-0.0009001768933204,N
369500293,2,1.6033907208239451e-06,C
369500293,2,3.623624137269119e-06,C
369500293,2,5.2271789148855205e-06,C
369500293,2,1.262294281175955e-07,C
369500293,2,-1.6370777709438442e-06,C
3873306213,2,8.25636144591562e-06,N
3873306213,2,3.3416663350735107e-06,N
3873306213,2,5.952802216908394e-06,N
3873306213,2,4.790389979031882e-06,N
3873306213,2,4.790389979031882e-06,N
600377156,2,0.0,C
600377156,2,0.0,C
600377156,2,0.0,C
600377156,2,0.0,C
600377156,2,0.0,C
1946997629,2,0.0,
1946997629,2,0.0,
1946997629,2,0.0,
1946997629,2,0.0,
1946997629,2,0.0,
1044537682,2,0.0,
1044537682,2,0.0,
1044537682,2,0.0,
1044537682,2,0.0,
1044537682,2,0.0,
2077658817,2,-3.1222749714262046e-06,O
2077658817,2,-2.966830900358146e-06,O
2077658817,2,-8.669962938791416e-06,O
2077658817,2,6.284737456840883e-07,O
2077658817,2,3.471462682175241e-06,O
264974063,2,-1.5938367542831303e-05,N
264974063,2,-2.1550073776694344e-05,N
264974063,2,-1.7407681989899115e-05,N
264974063,2,-1.1508963590766558e-05,N
264974063,2,-2.226703030986776e-05,N
3792822921,2,0.0,
3792822921,2,0.0,
3792822921,2,0.0,
3792822921,2,0.0,
3792822921,2,0.0,
2575624905,2,0.0,C
2575624905,2,0.0,C
2575624905,2,0.0,C
2575624905,2,3.101760209685278e-07,C
2575624905,2,0.0,C
1640551393,2,-1.6083117482029385e-06,C
1640551393,2,-4.3716779821612733e-07,C
1640551393,2,-1.5520999602051946e-07,C
1640551393,2,-1.5520999602051946e-07,C
1640551393,2,-1.3263539460081975e-06,C
3528517994,2,1.9210863795677754e-06,C
3528517994,2,3.079169335365624e-06,C
3528517994,2,2.1447534406682928e-06,C
3528517994,2,2.6978900766107955e-06,C
3528517994,2,7.735824820512271e-07,C
692277943,2,-1.0238870663375683e-05,N
692277943,2,1.563223351874754e-07,N
692277943,2,-1.040371358190361e-05,N
692277943,2,-1.0626124836131574e-05,N
692277943,2,-8.611727579351316e-07,N
990985258,2,0.0,
990985258,2,0.0,
990985258,2,0.0,
990985258,2,0.0,
990985258,2,0.0,
389385568,2,0.0,
389385568,2,0.0,
389385568,2,0.0,
389385568,2,0.0,
389385568,2,0.0,
597336504,2,4.928693495892186e-07,C
597336504,2,2.8218218772919912e-08,C
597336504,2,-5.643652978551059e-07,C
597336504,2,2.8218218772919912e-08,C
597336504,2,-9.927840872742817e-08,C
744747118,2,0.0,S
744747118,2,0.0,S
744747118,2,0.0,S
744747118,2,-2.713299803438693e-07,S
744747118,2,5.916852029537109e-07,S
1740651977,2,-2.424712383540181e-07,C
1740651977,2,-2.713299803438693e-07,C
1740651977,2,-9.800012200919877e-07,C
1740651977,2,0.0,C
1740651977,2,-6.117487689697582e-07,C
1198890718,2,0.0,
1198890718,2,0.0,
1198890718,2,0.0,
1198890718,2,0.0,
1198890718,2,0.0,
544863012,2,0.0,C
544863012,2,0.0,C
544863012,2,4.366248790603142e-07,C
544863012,2,4.366248790603142e-07,C
544863012,2,0.0,C
2127647960,2,0.0,C
2127647960,2,-1.55279753868455e-07,C
2127647960,2,1.1667658417627638e-06,C
2127647960,2,1.1667658417627638e-06,C
2127647960,2,0.0,C
3372972590,2,5.916852029537109e-07,N
3372972590,2,2.815091819851831e-07,N
3372972590,2,0.0,N
3372972590,2,2.815091819851831e-07,N
3372972590,2,-5.92447552083715e-07,N
1145656637,2,0.0,
1145656637,2,0.0,
1145656637,2,0.0,
1145656637,2,0.0,
1145656637,2,0.0,
3781690415,2,-7.196450517226935e-07,C
3781690415,2,1.1667658417627638e-06,C
3781690415,2,1.448275023747947e-06,C
3781690415,2,-4.3723755606319553e-07,C
3781690415,2,1.448275023747947e-06,C
2211843251,2,0.0,C
2211843251,2,0.0,C
2211843251,2,0.0,C
2211843251,2,0.0,C
2211843251,2,0.0,C
1378792052,2,-2.819578021956079e-07,C
1378792052,2,-2.819578021956079e-07,C
1378792052,2,-2.819578021956079e-07,C
1378792052,2,-2.819578021956079e-07,C
1378792052,2,-2.819578021956079e-07,C
4240369074,2,-3.5956330200342945e-06,C
4240369074,2,1.1667658417627638e-06,C
4240369074,2,-8.123583620115414e-06,C
4240369074,2,-4.766776970021973e-06,C
4240369074,2,0.0,C
3209892106,2,0.0,N
3209892106,2,0.0,N
3209892106,2,0.0,N
3209892106,2,0.0,N
3209892106,2,0.0,N
2762211251,2,-9.429894452100962e-11,S
2762211251,2,-1.1461213996703109e-06,S
2762211251,2,4.650868891276777e-07,S
2762211251,2,-1.5556186241756295e-06,S
2762211251,2,-1.5520999602051946e-07,S
990985259,2,0.0,
990985259,2,0.0,
990985259,2,0.0,
990985259,2,0.0,
990985259,2,0.0,
4256676941,2,0.0,N
4256676941,2,0.0,N
4256676941,2,0.0,N
4256676941,2,0.0,N
4256676941,2,0.0,N
3617179377,2,5.84721770415398e-06,C
3617179377,2,1.1465652882854116e-08,C
3617179377,2,7.33660802039373e-06,C
3617179377,2,4.411190508973352e-06,C
3617179377,2,7.88085671225413e-06,C
592655526,2,7.068935827308706e-07,C
592655526,2,-5.532877825386098e-07,C
592655526,2,1.1623110768299585e-07,C
592655526,2,1.4804913460357907e-06,C
592655526,2,-2.0343262974349685e-07,C
2409787606,2,-3.104897498889745e-07,C
2409787606,2,2.815091819851831e-07,C
2409787606,2,0.0,C
2409787606,2,0.0,C
2409787606,2,2.815091819851831e-07,C
2113520109,2,9.49025723596085e-07,C
2113520109,2,2.9112340963876465e-07,C
2113520109,2,-9.795423068737971e-07,C
2113520109,2,1.511596537198158e-06,C
2113520109,2,1.0563363337700096e-06,C
1250165012,2,-2.925299018530572e-05,C
1250165012,2,-3.010292161708793e-05,C
1250165012,2,-1.887455165356777e-05,C
1250165012,2,-1.3267962439451018e-05,C
1250165012,2,-1.3160905290570714e-05,C
1238592536,2,-4.3823470523918565e-06,C
1238592536,2,-3.943074011356247e-06,C
1238592536,2,2.154876630433913e-06,C
1238592536,2,-8.876602320432789e-07,C
1238592536,2,-9.14547547269974e-07,C
2213350725,2,-1.8186610132595385e-06,C
2213350725,2,-1.906097890392276e-06,C
2213350725,2,-2.5290026410326044e-06,C
2213350725,2,-2.8397108223759265e-06,C
2213350725,2,-2.3728986860392653e-06,C
1915080917,2,2.596958824473486e-06,C
1915080917,2,1.8541195404848942e-05,C
1915080917,2,-3.2129086656451644e-07,C
1915080917,2,-3.0306069994491883e-06,C
1915080917,2,3.036959644218788e-06,C
3651174070,2,-4.636204812870359e-07,C
3651174070,2,1.521154963338156e-06,C
3651174070,2,-3.693133434736276e-07,C
3651174070,2,-3.8074830239131705e-06,C
3651174070,2,-8.862466619867851e-06,C
1365279474,2,0.0,C
1365279474,2,0.0,C
1365279474,2,0.0,C
1365279474,2,0.0,C
1365279474,2,0.0,C
1583009052,2,0.0,C
1583009052,2,0.0,C
1583009052,2,0.0,C
1583009052,2,0.0,C
1583009052,2,0.0,C
1499666286,2,0.0,
1499666286,2,0.0,
1499666286,2,0.0,
1499666286,2,0.0,
1499666286,2,0.0,
1191280979,2,0.0,
1191280979,2,0.0,
1191280979,2,0.0,
1191280979,2,0.0,
1191280979,2,0.0,
3457964313,2,0.0002342790146338,N
3457964313,2,0.0001859327347437,N
3457964313,2,4.6180917515192994e-05,N
3457964313,2,1.027037948645327e-05,N
3457964313,2,4.558739027626935e-05,N
2881111452,2,0.0,
2881111452,2,0.0,
2881111452,2,0.0,
2881111452,2,0.0,
2881111452,2,0.0,
423609967,2,4.971080833911668e-05,C
423609967,2,0.0001232608790849,C
423609967,2,0.0001134503793579,C
423609967,2,0.0001185919348724,C
423609967,2,5.15889192321331e-05,C
3300110909,2,-5.361819466714705e-06,N
3300110909,2,-3.034949899923325e-06,N
3300110909,2,-7.992285333787916e-06,N
3300110909,2,-3.789778768930989e-06,N
3300110909,2,-1.0641358388673377e-06,N
3345491492,2,0.0,N
3345491492,2,0.0,N
3345491492,2,0.0,N
3345491492,2,0.0,N
3345491492,2,0.0,N
1534595042,2,-1.8215107227886535e-06,C
1534595042,2,3.097057065448369e-07,C
1534595042,2,-8.82411971720419e-07,C
1534595042,2,-1.251339483978979e-06,C
1534595042,2,-3.006683751329703e-07,C
2014255590,2,0.0,N
2014255590,2,0.0,N
2014255590,2,0.0,N
2014255590,2,0.0,N
2014255590,2,0.0,N
362715007,2,0.0,C
362715007,2,0.0,C
362715007,2,0.0,C
362715007,2,0.0,C
362715007,2,0.0,C
2654043257,2,3.973788359548648e-07,N
2654043257,2,8.720281498633686e-08,N
2654043257,2,3.973788359548648e-07,N
2654043257,2,3.101760209685278e-07,N
2654043257,2,6.200387892693268e-07,N
720253145,2,0.0,N
720253145,2,3.778903891136706e-06,N
720253145,2,0.0,N
720253145,2,0.0,N
720253145,2,0.0,N
1342596238,2,0.0,C
1342596238,2,0.0,C
1342596238,2,0.0,C
1342596238,2,0.0,C
1342596238,2,0.0,C
1505769767,2,-1.840687380103706e-07,C
1505769767,2,-1.840687380103706e-07,C
1505769767,2,-1.840687380103706e-07,C
1505769767,2,-1.840687380103706e-07,C
1505769767,2,-1.840687380103706e-07,C
4129558839,2,-9.815708760553545e-09,N
4129558839,2,1.7419857181212586e-07,N
4129558839,2,2.613430181135773e-07,N
4129558839,2,1.7419857181212586e-07,N
4129558839,2,-9.815708760553545e-09,N
1673980810,2,7.308355507008261e-05,O
1673980810,2,5.124241006096517e-05,O
1673980810,2,-0.0001316737766998,O
1673980810,2,0.0001293118575931,O
1673980810,2,4.543702758073864e-05,O
458195553,2,4.6637119307047295e-06,N
458195553,2,0.0,N
458195553,2,4.945669732900337e-06,N
458195553,2,4.945669732900337e-06,N
458195553,2,0.0,N
3083149214,2,0.0,
3083149214,2,0.0,
3083149214,2,0.0,
3083149214,2,0.0,
3083149214,2,0.0,
564807139,2,2.239242192725397e-05,C
564807139,2,1.3049876420165828e-05,C
564807139,2,2.5205876321195662e-05,C
564807139,2,1.4701042507344645e-05,C
564807139,2,1.4758624006357137e-05,C
57405021,2,0.0,
57405021,2,0.0,
57405021,2,0.0,
57405021,2,0.0,
57405021,2,0.0,
264906369,2,3.8846040625525886e-08,C
264906369,2,5.916852029537109e-07,C
264906369,2,2.910823776571328e-07,C
264906369,2,5.813327064877263e-07,C
264906369,2,7.465960711128608e-07,C
906327634,2,0.0,N
906327634,2,0.0,N
906327634,2,0.0,N
906327634,2,0.0,N
906327634,2,0.0,N
3203925050,2,0.0,C
3203925050,2,0.0,C
3203925050,2,0.0,C
3203925050,2,0.0,C
3203925050,2,0.0,C
1238701800,2,0.0,C
1238701800,2,0.0,C
1238701800,2,0.0,C
1238701800,2,0.0,C
1238701800,2,0.0,C
817554650,2,0.0,
817554650,2,0.0,
817554650,2,0.0,
817554650,2,0.0,
817554650,2,0.0,
3210014657,2,-2.4218592325321933e-06,N
3210014657,2,-1.1856590037707254e-06,N
3210014657,2,-2.461641072177591e-06,N
3210014657,2,-2.901214978924017e-06,N
3210014657,2,5.822224708341289e-08,N
3869736299,2,-5.532877825386098e-07,C
3869736299,2,4.581983053565664e-07,C
3869736299,2,6.134780592250214e-07,C
3869736299,2,1.5506032389252938e-07,C
3869736299,2,6.134780592250214e-07,C
443741425,2,2.6478664039484776e-05,N
443741425,2,1.8883197438077093e-05,N
443741425,2,-3.1756143879426574e-06,N
443741425,2,1.3523103075926794e-05,N
443741425,2,1.7207396718933732e-05,N
252812893,2,0.0,
252812893,2,0.0,
252812893,2,0.0,
252812893,2,0.0,
252812893,2,0.0,
1352167592,2,-1.053019712182572e-05,C
1352167592,2,-1.76128422379844e-06,C
1352167592,2,-1.0785322210903926e-05,C
1352167592,2,-1.2570095166649677e-05,C
1352167592,2,-8.29458013132476e-06,C
2030757576,2,2.815091819851831e-07,C
2030757576,2,5.914803740377297e-07,C
2030757576,2,5.914803740377297e-07,C
2030757576,2,0.0,C
2030757576,2,2.8218218772919912e-08,C
3541689698,2,0.0,
3541689698,2,0.0,
3541689698,2,0.0,
3541689698,2,0.0,
3541689698,2,0.0,
2250143559,2,-2.4829756600959485e-07,C
2250143559,2,-4.380553981219414e-06,C
2250143559,2,5.957212636374665e-06,C
2250143559,2,1.6237403741015122e-06,C
2250143559,2,5.191924846411136e-07,C
2144345290,2,-8.72612423334987e-08,N
2144345290,2,-8.72612423334987e-08,N
2144345290,2,-3.977509922216058e-07,N
2144345290,2,-3.977509922216058e-07,N
2144345290,2,-8.72612423334987e-08,N
1849554589,2,-8.123583620115414e-06,N
1849554589,2,-8.123583620115414e-06,N
1849554589,2,-8.123583620115414e-06,N
1849554589,2,0.0,N
1849554589,2,0.0,N
2271158283,2,1.6033907208239451e-06,C
2271158283,2,1.642072964515122e-06,C
2271158283,2,-8.439546091126154e-07,C
2271158283,2,5.075735786562105e-07,C
2271158283,2,1.13778527385984e-06,C
1445706287,2,-2.820521011401289e-07,C
1445706287,2,1.448275023747947e-06,C
1445706287,2,7.176865106763367e-07,C
1445706287,2,-4.3716779821612733e-07,C
1445706287,2,8.726384108179858e-07,C
3385400514,2,-3.533262752317308e-06,C
3385400514,2,-2.230067735741262e-06,C
3385400514,2,-4.484976315472823e-06,C
3385400514,2,-1.7357286778178424e-06,C
3385400514,2,-5.263903948500397e-06,C
621690156,2,2.239384408050417e-05,C
621690156,2,1.2489033593374686e-05,C
621690156,2,2.239384408050417e-05,C
621690156,2,2.2238892180363387e-05,C
621690156,2,2.208398131220424e-05,C
1214058429,2,2.2688683042009116e-05,C
1214058429,2,2.0376822271512066e-05,C
1214058429,2,9.088714194589733e-06,C
1214058429,2,7.767286682139503e-06,C
1214058429,2,8.076859220986117e-06,C
3599391724,2,-1.66080870543997e-07,C
3599391724,2,-7.084110169239266e-07,C
3599391724,2,-7.765162900940856e-07,C
3599391724,2,1.730379938702162e-07,C
3599391724,2,-2.2465457100509514e-07,C
3992738647,2,0.0,C
3992738647,2,0.0,C
3992738647,2,0.0,C
3992738647,2,0.0,C
3992738647,2,0.0,C
1637770740,2,-1.55279753868455e-07,C
1637770740,2,5.916852029537109e-07,C
1637770740,2,2.8128975201012485e-07,C
1637770740,2,7.176311374946023e-07,C
1637770740,2,0.0,C
81315441,2,6.114449621424933e-06,C
81315441,2,1.7440966423780055e-05,C
81315441,2,1.5656802230791522e-05,C
81315441,2,2.159237904959029e-05,C
81315441,2,2.4908713863614623e-05,C
3145023872,2,-1.6749072263991596e-06,C
3145023872,2,-2.578258000333379e-06,C
3145023872,2,-1.7720467397229142e-06,C
3145023872,2,-5.629564032924583e-06,C
3145023872,2,-1.4035642306340845e-06,C
3135357859,2,0.0,N
3135357859,2,-3.104897498889745e-07,N
3135357859,2,0.0,N
3135357859,2,9.79742360816046e-06,N
3135357859,2,1.5506032389252938e-07,N
4078658161,2,6.886433166607836e-07,C
4078658161,2,6.886433166607836e-07,C
4078658161,2,3.784672956922558e-07,C
4078658161,2,3.784672956922558e-07,C
4078658161,2,6.886433166607836e-07,C
2064788354,2,-2.6461194127360213e-06,C
2064788354,2,-6.133000764080732e-05,C
2064788354,2,4.254763379799888e-06,C
2064788354,2,-6.41588257681569e-05,C
2064788354,2,-2.1123999755954734e-06,C
3134606292,2,0.0,
3134606292,2,0.0,
3134606292,2,0.0,
3134606292,2,0.0,
3134606292,2,0.0,
1797524254,2,0.0,
1797524254,2,0.0,
1797524254,2,0.0,
1797524254,2,0.0,
1797524254,2,0.0,
77081066,2,0.0,C
77081066,2,0.0,C
77081066,2,0.0,C
77081066,2,0.0,C
77081066,2,0.0,C
3594356142,2,0.0,C
3594356142,2,0.0,C
3594356142,2,3.101760209685278e-07,C
3594356142,2,0.0,C
3594356142,2,-1.840687380103706e-07,C
3313841562,2,0.0,C
3313841562,2,0.0,C
3313841562,2,0.0,C
3313841562,2,0.0,C
3313841562,2,0.0,C
2506328221,2,-4.092496007799748e-07,C
2506328221,2,-3.1939142604393497e-06,C
2506328221,2,-3.908760757484302e-06,C
2506328221,2,7.575162409836564e-07,C
2506328221,2,-2.018367513647451e-06,C
517432093,2,0.0,C
517432093,2,0.0,C
517432093,2,0.0,C
517432093,2,0.0,C
517432093,2,0.0,C
1169352347,2,-1.9083700808097785e-05,N
1169352347,2,-3.377303737036978e-05,N
1169352347,2,-2.909396846922669e-05,N
1169352347,2,-3.312142954311342e-05,N
1169352347,2,-1.1237674874587517e-05,N
3010410747,2,-1.7003696359328517e-05,N
3010410747,2,-9.561413334738776e-06,N
3010410747,2,-1.483762777548716e-05,N
3010410747,2,-7.068920818648593e-06,N
3010410747,2,-6.6076149093383454e-06,N
1693589848,2,2.8044876509069824e-06,N
1693589848,2,3.395278819565313e-06,N
1693589848,2,3.085102798596785e-06,N
1693589848,2,3.1146636718755102e-06,N
1693589848,2,3.1146636718755102e-06,N
4081436575,2,-1.143034154966506e-06,C
4081436575,2,-8.897290669470162e-07,C
4081436575,2,-1.3263539460081975e-06,C
4081436575,2,3.100675972167802e-07,C
4081436575,2,7.466371030944927e-07,C
2975316496,2,0.0,C
2975316496,2,1.1667658417627638e-06,C
2975316496,2,1.1667658417627638e-06,C
2975316496,2,1.1667658417627638e-06,C
2975316496,2,0.0,C
3674630670,2,0.0,C
3674630670,2,0.0,C
3674630670,2,0.0,C
3674630670,2,3.101760209685278e-07,C
3674630670,2,0.0,C
3350945806,2,0.000725166223847,C
3350945806,2,0.0007751441108695,C
3350945806,2,0.0008090702891895,C
3350945806,2,0.0007256039110965,C
3350945806,2,0.0007256039110965,C
1397513080,2,0.0,O
1397513080,2,0.0,O
1397513080,2,0.0,O
1397513080,2,0.0,O
1397513080,2,0.0,O
3126934625,2,-3.3271595975018983e-06,C
3126934625,2,2.4204300950207355e-06,C
3126934625,2,1.348720958319061e-07,C
3126934625,2,-6.483864197151176e-06,C
3126934625,2,1.2881224892282925e-06,C
3995362948,2,1.758451044717342e-06,N
3995362948,2,8.848080395680233e-07,N
3995362948,2,-4.3723755606319553e-07,N
3995362948,2,1.6033353476413437e-06,N
3995362948,2,-8.748550477432129e-07,N
1059124080,2,0.0,
1059124080,2,0.0,
1059124080,2,0.0,
1059124080,2,0.0,
1059124080,2,0.0,
1153930374,2,1.1667658417627638e-06,C
1153930374,2,1.1667658417627638e-06,C
1153930374,2,6.108081970775982e-06,C
1153930374,2,1.1667658417627638e-06,C
1153930374,2,1.1667658417627638e-06,C
1103832125,2,0.0,C
1103832125,2,0.0,C
1103832125,2,0.0,C
1103832125,2,0.0,C
1103832125,2,0.0,C
3577933307,2,0.0,
3577933307,2,0.0,
3577933307,2,0.0,
3577933307,2,0.0,
3577933307,2,0.0,
3988861584,2,7.828073219989622e-06,C
3988861584,2,8.30323225005803e-06,C
3988861584,2,1.6068108127922573e-05,C
3988861584,2,6.889250888103202e-06,C
3988861584,2,4.299846926180372e-06,C
2572035617,2,0.0,N
2572035617,2,0.0,N
2572035617,2,0.0,N
2572035617,2,0.0,N
2572035617,2,0.0,N
3346153511,2,0.0,
3346153511,2,0.0,
3346153511,2,0.0,
3346153511,2,0.0,
3346153511,2,0.0,
2918201879,2,3.667621120222696e-06,C
2918201879,2,1.3390414595479752e-05,C
2918201879,2,5.144876711874434e-06,C
2918201879,2,-5.350627083919833e-06,C
2918201879,2,1.1807742780866291e-05,C
194638448,2,4.060413073121889e-06,C
194638448,2,-2.346690696779577e-06,C
194638448,2,5.916852029537109e-07,C
194638448,2,2.815091819851831e-07,C
194638448,2,-2.346690696779577e-06,C
869152089,2,6.200387892693268e-07,C
869152089,2,-7.060570608600006e-07,C
869152089,2,-1.0160836260942815e-06,C
869152089,2,-8.609679290191505e-07,C
869152089,2,-1.2980414282898894e-06,C
3804745459,2,0.0,
3804745459,2,0.0,
3804745459,2,0.0,
3804745459,2,0.0,
3804745459,2,0.0,
3755128710,2,0.0001697458349262,C
3755128710,2,0.0001031692879891,C
3755128710,2,7.559450800783459e-05,C
3755128710,2,8.805161508309602e-05,C
3755128710,2,0.0001122312772556,C
1713195601,2,0.0,C
1713195601,2,0.0,C
1713195601,2,0.0,C
1713195601,2,0.0,C
1713195601,2,0.0,C
1568606682,2,2.2093056186993365e-05,C
1568606682,2,0.0001521113413668,C
1568606682,2,0.0001359122971123,C
1568606682,2,8.160980089787044e-05,C
1568606682,2,9.605066127021163e-05,C
2059730245,2,4.651279211093096e-07,C
2059730245,2,4.651279211093096e-07,C
2059730245,2,-1.3678811892686368e-06,C
2059730245,2,7.466371030944927e-07,C
2059730245,2,1.9379794076630766e-07,C
2617658656,2,-5.498978534481357e-06,C
2617658656,2,-5.810097174836944e-06,C
2617658656,2,-1.4092706873180053e-06,C
2617658656,2,-5.937445449512475e-06,C
2617658656,2,-8.748550477432129e-07,C
836300471,2,0.0,C
836300471,2,-2.713299803438693e-07,C
836300471,2,-8.72612423334987e-08,C
836300471,2,0.0,C
836300471,2,4.941298915013895e-07,C
3490910321,2,0.0,C
3490910321,2,0.0,C
3490910321,2,0.0,C
3490910321,2,5.421402423664082e-07,C
3490910321,2,0.0,C
3255046070,2,-5.92447552083715e-07,C
3255046070,2,0.0,C
3255046070,2,0.0,C
3255046070,2,0.0,C
3255046070,2,0.0,C
2198820481,2,0.0,N
2198820481,2,-8.72612423334987e-08,N
2198820481,2,-8.72612423334987e-08,N
2198820481,2,-8.72612423334987e-08,N
2198820481,2,-8.72612423334987e-08,N
104625121,2,-2.248976428851669e-06,N
104625121,2,-7.088037125161165e-07,N
104625121,2,-5.92447552083715e-07,N
104625121,2,-1.4763293925473472e-06,N
104625121,2,-6.797087944172137e-07,N
3103858517,2,0.0,C
3103858517,2,0.0,C
3103858517,2,0.0,C
3103858517,2,0.0,C
3103858517,2,0.0,C
1390475220,2,8.720281498633686e-08,C
1390475220,2,8.720281498633686e-08,C
1390475220,2,0.0,C
1390475220,2,8.720281498633686e-08,C
1390475220,2,0.0,C
4006278292,2,1.5506032389252938e-07,N
4006278292,2,1.4005221499213162e-05,N
4006278292,2,9.79742360816046e-06,N
4006278292,2,1.5506032389252938e-07,N
4006278292,2,1.5506032389252938e-07,N
1789200865,2,1.803550398657948e-06,C
1789200865,2,1.7270761794568185e-06,C
1789200865,2,-2.006713690746835e-06,C
1789200865,2,-1.2216633699978566e-06,C
1789200865,2,1.3511260927136571e-05,C
2291264872,2,3.715177946171308e-06,C
2291264872,2,1.16125672351957e-06,C
2291264872,2,6.921957243682768e-06,C
2291264872,2,2.9491493736743743e-06,C
2291264872,2,-6.898911211021541e-07,C
2918205364,2,-6.085731363864727e-07,C
2918205364,2,3.778903891136706e-06,C
2918205364,2,2.815091819851831e-07,C
2918205364,2,-8.896347680024952e-07,C
2918205364,2,-1.4531017521832862e-06,C
3798139026,2,-5.295014065389257e-06,C
3798139026,2,-5.119678317204966e-06,C
3798139026,2,-5.391644479856191e-06,C
3798139026,2,-7.258768777240222e-06,C
3798139026,2,-5.8777470018193945e-06,C
4223976160,2,9.951121902634053e-06,C
4223976160,2,9.486797588306554e-06,C
4223976160,2,8.81379971522881e-06,C
4223976160,2,8.504100484553294e-06,C
4223976160,2,9.768306770291738e-06,C
1511206547,2,3.101760209685278e-07,C
1511206547,2,-1.6956427483843723e-06,C
1511206547,2,-6.799428694638857e-07,C
1511206547,2,1.5506032389252938e-07,C
1511206547,2,-1.1711439499876785e-06,C
954800030,2,0.0,
954800030,2,0.0,
954800030,2,0.0,
954800030,2,0.0,
954800030,2,0.0,
2172997423,2,1.1667658417627638e-06,C
2172997423,2,1.1667658417627638e-06,C
2172997423,2,0.0,C
2172997423,2,0.0,C
2172997423,2,1.1667658417627638e-06,C
1918025650,2,0.0,C
1918025650,2,0.0,C
1918025650,2,0.0,C
1918025650,2,0.0,C
1918025650,2,0.0,C
1491315937,2,-5.818197302319764e-07,C
1491315937,2,0.0,C
1491315937,2,0.0,C
1491315937,2,-1.55279753868455e-07,C
1491315937,2,0.0,C
1271427701,2,1.7367305275555606e-06,C
1271427701,2,6.278757002057579e-06,C
1271427701,2,5.204830462665622e-06,C
1271427701,2,3.487261035437124e-06,C
1271427701,2,1.7367305275555606e-06,C
876016289,2,0.0,C
876016289,2,0.0,C
876016289,2,0.0,C
876016289,2,0.0,C
876016289,2,0.0,C
759348397,2,2.0683138130172737e-06,S
759348397,2,4.370589094090417e-06,S
759348397,2,4.089079912106101e-06,S
759348397,2,-1.1711439499876785e-06,S
759348397,2,4.650868891276777e-07,S
3886074185,2,1.5506032389252938e-07,C
3886074185,2,1.5506032389252938e-07,C
3886074185,2,1.5506032389252938e-07,C
3886074185,2,3.101760209685278e-07,C
3886074185,2,1.5506032389252938e-07,C
3977047921,2,-2.819578021956079e-07,N
3977047921,2,0.0,N
3977047921,2,0.0,N
3977047921,2,0.0,N
3977047921,2,0.0,N
3386795352,2,0.0,C
3386795352,2,0.0,C
3386795352,2,0.0,C
3386795352,2,0.0,C
3386795352,2,0.0,C
2640652321,2,-5.138597047845209e-07,C
2640652321,2,-6.593947941037348e-07,C
2640652321,2,-4.750959981284983e-07,C
2640652321,2,6.490817916421712e-07,C
2640652321,2,-2.0353401168887042e-07,C
3644443517,2,0.0,
3644443517,2,0.0,
3644443517,2,0.0,
3644443517,2,0.0,
3644443517,2,0.0,
805268291,2,6.593758607618613e-07,C
805268291,2,-8.938867504726042e-07,C
805268291,2,1.3305353722403712e-06,C
805268291,2,2.83843611933142e-07,C
805268291,2,-1.2224402566119244e-06,C
994494548,2,0.0,C
994494548,2,0.0,C
994494548,2,0.0,C
994494548,2,0.0,C
994494548,2,0.0,C
3889081300,2,-1.5520999602051946e-07,C
3889081300,2,1.5511569707599845e-07,C
3889081300,2,-1.5520999602051946e-07,C
3889081300,2,-3.104897498889745e-07,C
3889081300,2,-1.5520999602051946e-07,C
3119383463,2,4.680329356747566e-06,C
3119383463,2,4.9613909883635884e-06,C
3119383463,2,5.242006136053391e-06,C
3119383463,2,6.835651432945088e-06,C
3119383463,2,9.014254656108596e-07,C
4142616092,2,-1.380929152599089e-07,C
4142616092,2,-7.312768741602263e-07,C
4142616092,2,-9.737594430158855e-07,C
4142616092,2,-8.184796891474305e-07,C
4142616092,2,-1.380929152599089e-07,C
3633569943,2,0.0,C
3633569943,2,0.0,C
3633569943,2,0.0,C
3633569943,2,3.101760209685278e-07,C
3633569943,2,0.0,C
2810558781,2,-8.72612423334987e-08,C
2810558781,2,0.0,C
2810558781,2,0.0,C
2810558781,2,-8.72612423334987e-08,C
2810558781,2,0.0,C
643572069,2,-4.399919165032351e-05,C
643572069,2,2.2686352437666785e-05,C
643572069,2,-1.088036231255106e-05,C
643572069,2,-1.1554602484135056e-05,C
643572069,2,-7.415263069318265e-06,C
307525970,2,0.0,C
307525970,2,0.0,C
307525970,2,0.0,C
307525970,2,0.0,C
307525970,2,0.0,C
230478851,2,0.0007246184084357,C
230478851,2,-0.0003387024699257,C
230478851,2,-0.0004832599868446,C
230478851,2,0.0009404103833843,C
230478851,2,1.9586332618211008e-05,C
3353919692,2,0.0,
3353919692,2,0.0,
3353919692,2,0.0,
3353919692,2,0.0,
3353919692,2,0.0,
4201996000,2,0.0,
4201996000,2,0.0,
4201996000,2,0.0,
4201996000,2,0.0,
4201996000,2,0.0,
1523193891,2,0.0,
1523193891,2,0.0,
1523193891,2,0.0,
1523193891,2,0.0,
1523193891,2,0.0,
2806469715,2,0.0,
2806469715,2,0.0,
2806469715,2,0.0,
2806469715,2,0.0,
2806469715,2,0.0,
3705007549,2,0.0,
3705007549,2,0.0,
3705007549,2,0.0,
3705007549,2,0.0,
3705007549,2,0.0,
1445715347,2,1.0276987347105151e-06,C
1445715347,2,-8.94536393337541e-06,C
1445715347,2,-9.692899655565704e-06,C
1445715347,2,7.466371030944927e-07,C
1445715347,2,-9.226873115360593e-06,C
4232889011,2,-8.72612423334987e-08,O
4232889011,2,-4.266097342114569e-07,O
4232889011,2,-6.807693888125077e-08,O
4232889011,2,-1.55279753868455e-07,O
4232889011,2,-1.840687380103706e-07,O
1932106328,2,-1.2689747830221118e-07,C
1932106328,2,2.815091819851831e-07,C
1932106328,2,0.0,C
1932106328,2,1.5506032389252938e-07,C
1932106328,2,0.0,C
UNK,2,0.000222552055871,
UNK,2,0.0012090504734515,
UNK,2,0.0004083509157369,
UNK,2,8.105735032264659e-05,
UNK,2,0.0005516729288865,
3218693969,3,0.0012758980025114617,C
3218693969,3,0.0013193951596428633,C
3218693969,3,0.00034685127602485967,C
3218693969,3,0.0016017208356701347,C
3218693969,3,0.0005353632099834105,C
3217380708,3,-0.00022123096512076564,C
3217380708,3,0.000988778584965243,C
3217380708,3,0.0004150068803349975,C
3217380708,3,0.0011006893424855167,C
3217380708,3,0.00109885434052055,C
951226070,3,0.0004984089306637714,C
951226070,3,-0.0007938669450015274,C
951226070,3,-0.0003000679211710225,C
951226070,3,-0.0003875783747912115,C
951226070,3,-0.0005946992100745729,C
2968968094,3,-0.001047679514924845,C
2968968094,3,-0.001611890650408912,C
2968968094,3,-0.003717966006923694,C
2968968094,3,-0.001985996627828236,C
2968968094,3,-0.002126076494525961,C
2245384272,3,-0.0010600939775118647,C
2245384272,3,-0.0008431179588848405,C
2245384272,3,0.0006816505214795815,C
2245384272,3,-0.0005280785035616971,C
2245384272,3,-0.0005334198244089858,C
864942730,3,-0.0013922147249667612,O
864942730,3,-0.00011323052387547661,O
864942730,3,0.00010872629155884387,O
864942730,3,0.0007893404798947293,O
864942730,3,-0.00010528202226097252,O
2246728737,3,4.673932866041536e-06,C
2246728737,3,-0.0003872699178398397,C
2246728737,3,0.0006351373348228561,C
2246728737,3,0.0010690264212934496,C
2246728737,3,-0.0017323715614662762,C
98513984,3,0.00032171670432128586,C
98513984,3,0.002498775174452306,C
98513984,3,0.00014130143372564387,C
98513984,3,0.0018718478104111837,C
98513984,3,0.0005616855749327031,C
2041434490,3,-1.6432131014760057e-05,N
2041434490,3,-0.0007544221788300508,N
2041434490,3,-0.00119144366568286,N
2041434490,3,-0.0014627652017181608,N
2041434490,3,-0.0012198910944833576,N
2246699815,3,0.0007240399129497992,C
2246699815,3,-0.0004869074749515069,C
2246699815,3,-0.00021397440506279973,C
2246699815,3,0.0001643971108009892,C
2246699815,3,0.0007958356661356674,C
994485099,3,0.0001798591574180457,C
994485099,3,0.0007387852137453179,C
994485099,3,0.0008314816168855169,C
994485099,3,0.0003318297268222088,C
994485099,3,-0.0007532811747818814,C
1510328189,3,0.0006227603533935592,O
1510328189,3,0.00049582785813794,O
1510328189,3,-0.00035349331340337777,O
1510328189,3,7.478627938391907e-05,O
1510328189,3,0.000600782360922503,O
3999906991,3,0.0012809095475207182,C
3999906991,3,0.00022655839763890614,C
3999906991,3,-0.00014556136815224198,C
3999906991,3,0.00015646699049846977,C
3999906991,3,0.002062652935006162,C
2976033787,3,-0.0005280287055269457,C
2976033787,3,0.0002449435208193946,C
2976033787,3,0.0008814249718990591,C
2976033787,3,-0.0027323575072084466,C
2976033787,3,-0.0017378311244341839,C
2092489639,3,-0.0006689867233567095,N
2092489639,3,-0.002739367360979149,N
2092489639,3,-0.0017723426528373915,N
2092489639,3,-0.0004960531333308565,N
2092489639,3,-0.0029574752325470383,N
847961216,3,0.0012430395934417355,N
847961216,3,0.00021695950214424553,N
847961216,3,-0.0007729062995561874,N
847961216,3,7.750329585315754e-05,N
847961216,3,-0.0004396520791047232,N
882399112,3,-2.668897825245861e-05,F
882399112,3,1.5536269959866983e-05,F
882399112,3,-0.00010179441660099035,F
882399112,3,3.384623934036754e-06,F
882399112,3,3.0226239102287833e-05,F
2803848648,3,-0.0011885697625894903,C
2803848648,3,-0.0013127261427201466,C
2803848648,3,-0.0011200548377387001,C
2803848648,3,-0.0013667215480072503,C
2803848648,3,-0.0006737960063452151,C
2117068077,3,2.3905816942566827e-05,C
2117068077,3,3.1726227102383056e-05,C
2117068077,3,9.457482311096312e-05,C
2117068077,3,-0.0002704227544615221,C
2117068077,3,0.00011227765810304258,C
864674487,3,0.0009376706742898477,O
864674487,3,0.001280828476565076,O
864674487,3,0.00021475230416013666,O
864674487,3,0.0016463750319489759,O
864674487,3,0.001353699718754679,O
864662311,3,0.0006401024952236191,O
864662311,3,9.34785963333188e-05,O
864662311,3,-0.00014528162973363734,O
864662311,3,-0.0005066314333487375,O
864662311,3,0.0002089234503446502,O
2245273601,3,0.0002535447746027713,C
2245273601,3,0.00014082544585648869,C
2245273601,3,0.0001209031198134182,C
2245273601,3,0.00016859218556529876,C
2245273601,3,3.2684524023211814e-07,C
1100037548,3,-4.348364049399506e-05,N
1100037548,3,0.0004789032917156596,N
1100037548,3,-8.066506543697588e-05,N
1100037548,3,-0.00020982995154768258,N
1100037548,3,-0.00023920908749820897,N
485463469,3,0.0,F
485463469,3,0.0,F
485463469,3,0.0,F
485463469,3,0.0,F
485463469,3,0.0,F
1101907775,3,0.00013939926025854227,N
1101907775,3,-0.00016656144262554816,N
1101907775,3,-9.819674421299683e-05,N
1101907775,3,-3.2103659340851354e-06,N
1101907775,3,-0.0001806394142326636,N
10565946,3,-6.327310294498498e-05,O
10565946,3,0.0004725134341495166,O
10565946,3,-0.00011756985247047234,O
10565946,3,0.0005336359074601758,O
10565946,3,0.00010512903609041432,O
2076190208,3,7.191538113881374e-05,O
2076190208,3,-5.9281009953846345e-05,O
2076190208,3,0.0005052759286234155,O
2076190208,3,0.0004370624607074247,O
2076190208,3,0.0003345579905255063,O
2142032900,3,-0.000165753317653344,C
2142032900,3,5.954094170689851e-05,C
2142032900,3,0.0005774385445461916,C
2142032900,3,-0.00030222175299966444,C
2142032900,3,-0.000348960102782259,C
2132511834,3,0.0013327725659456266,N
2132511834,3,0.0007747227909124035,N
2132511834,3,0.00020697350481010436,N
2132511834,3,0.0010417285951250382,N
2132511834,3,0.0010651053665120926,N
1312131881,3,0.0,C
1312131881,3,0.0,C
1312131881,3,0.0,C
1312131881,3,0.0,C
1312131881,3,0.0,C
2353112200,3,-3.358576680904425e-05,C
2353112200,3,-0.00014962905965065255,C
2353112200,3,-0.00010769175175022981,C
2353112200,3,-5.7808047838768875e-05,C
2353112200,3,-0.00013735307380446232,C
4121755354,3,-0.0001610734336907147,C
4121755354,3,-0.00023574503520001726,C
4121755354,3,-0.00015690180363071501,C
4121755354,3,0.00014510288762827495,C
4121755354,3,-9.124390691618925e-05,C
1054767590,3,-0.00015627587989187203,C
1054767590,3,-4.9189729584640796e-05,C
1054767590,3,5.714841632154313e-05,C
1054767590,3,-1.5609352175557575e-05,C
1054767590,3,-7.652441070146905e-05,C
3537119515,3,-3.279439651001151e-05,C
3537119515,3,-0.000123075100728752,C
3537119515,3,1.4840764267914919e-05,C
3537119515,3,8.72973160980818e-06,C
3537119515,3,2.415321243349859e-05,C
1510461303,3,-4.2897400449048995e-06,C
1510461303,3,-1.3519321358101619e-05,C
1510461303,3,1.1352393181068496e-05,C
1510461303,3,2.1558362004533635e-05,C
1510461303,3,1.6577060437741875e-05,C
4216335232,3,0.00032034801140231727,C
4216335232,3,0.00041335948383161136,C
4216335232,3,0.0002478222182753795,C
4216335232,3,0.00020202547914724856,C
4216335232,3,0.00017385397104942735,C
3189457552,3,0.00039568359131178076,O
3189457552,3,-0.00013584359760885484,O
3189457552,3,-0.0003716921636711754,O
3189457552,3,-0.00039202390957217975,O
3189457552,3,-0.0006482694286270366,O
2228063684,3,-0.0024478231743359016,O
2228063684,3,-0.001496325531567545,O
2228063684,3,-0.002159216599024431,O
2228063684,3,-0.0028926233927066905,O
2228063684,3,-0.0022985832854442705,O
3777168895,3,5.845789897602344e-05,C
3777168895,3,3.769843915846227e-05,C
3777168895,3,6.54483780603704e-05,C
3777168895,3,0.00016919235484033623,C
3777168895,3,0.00020570996079682068,C
1016841875,3,0.0010070255138137797,Cl
1016841875,3,-0.0017467207644158468,Cl
1016841875,3,0.001024264978910192,Cl
1016841875,3,0.0001508370521664847,Cl
1016841875,3,-0.0016417126026459332,Cl
422715066,3,-0.002244500400823463,C
422715066,3,-0.0013600360414953005,C
422715066,3,-0.002259989476023048,C
422715066,3,-0.0024077127618715426,C
422715066,3,-0.0023828992553810713,C
3452535345,3,-2.7590473213868344e-05,Cl
3452535345,3,0.00010455579258540713,Cl
3452535345,3,-0.00020032892152615882,Cl
3452535345,3,-9.097668864729846e-05,Cl
3452535345,3,0.00014729931917083477,Cl
1429883190,3,1.0618977248990497e-05,C
1429883190,3,9.689634499292568e-05,C
1429883190,3,-1.9318025352771037e-05,C
1429883190,3,1.6798975651407047e-05,C
1429883190,3,1.722102233472564e-05,C
2763854213,3,0.002116343713199827,C
2763854213,3,3.6324572636052196e-05,C
2763854213,3,0.0009197832344981539,C
2763854213,3,-0.000139081586351451,C
2763854213,3,0.000457817120333227,C
2424973678,3,-1.5513508995443e-05,C
2424973678,3,3.0264805110324228e-05,C
2424973678,3,3.858470246331097e-05,C
2424973678,3,4.123418394345532e-05,C
2424973678,3,1.7818665848745238e-05,C
847957139,3,3.664494208489161e-05,N
847957139,3,-0.00018335791953373766,N
847957139,3,-0.00014222830202504332,N
847957139,3,-8.585306782724414e-06,N
847957139,3,-3.641265992865468e-05,N
1182622762,3,-6.84031997476315e-05,C
1182622762,3,-3.536848615392704e-05,C
1182622762,3,-8.641265613847787e-05,C
1182622762,3,-9.201425798924072e-05,C
1182622762,3,-0.0001424504025064957,C
1857396528,3,1.8554705052194198e-05,C
1857396528,3,2.4312807324103694e-05,C
1857396528,3,-2.2613162880645923e-05,C
1857396528,3,9.471213273201662e-06,C
1857396528,3,1.3525049878462814e-05,C
3337745083,3,5.6774582845609337e-05,F
3337745083,3,2.340111604878098e-06,F
3337745083,3,6.815303146475576e-05,F
3337745083,3,6.882189886698101e-05,F
3337745083,3,-5.252603033573458e-06,F
4222851645,3,1.2648776939445591e-05,C
4222851645,3,-3.2316334944167135e-05,C
4222851645,3,2.2081205184166716e-05,C
4222851645,3,4.96828538798684e-06,C
4222851645,3,1.3875720141618211e-05,C
3975275337,3,-1.557420739819841e-05,C
3975275337,3,-0.0007083225955547192,C
3975275337,3,0.00021008817762866155,C
3975275337,3,-0.0006907084882947778,C
3975275337,3,-0.0004494331508524529,C
3692055567,3,9.166668087297325e-05,C
3692055567,3,0.00013094659806928838,C
3692055567,3,0.00025701195976719077,C
3692055567,3,0.00015027393955493844,C
3692055567,3,8.489859515777888e-05,C
2944555726,3,-0.0008333419496754577,C
2944555726,3,-0.0004581366620063955,C
2944555726,3,-0.00012781037517234362,C
2944555726,3,-0.00021829494816144428,C
2944555726,3,0.0001771487851822233,C
2245277810,3,5.885196560123998e-05,C
2245277810,3,5.6774582845609337e-05,C
2245277810,3,7.21714097683436e-05,C
2245277810,3,5.9302979905083084e-05,C
2245277810,3,4.482046134957583e-05,C
3983062349,3,-0.0015983059752807914,C
3983062349,3,-0.0011001571968446075,C
3983062349,3,-0.0011444968860791303,C
3983062349,3,-0.0013553175921184948,C
3983062349,3,-0.0013283314597575483,C
2246340824,3,-2.9531516450196152e-05,C
2246340824,3,0.00011893846890064907,C
2246340824,3,-2.9428243257585696e-05,C
2246340824,3,1.9602925532572965e-05,C
2246340824,3,-4.252863180225115e-05,C
2976816164,3,-6.117388528348658e-05,C
2976816164,3,-9.488654700118455e-05,C
2976816164,3,-7.039044441477932e-05,C
2976816164,3,-4.110429917483435e-06,C
2976816164,3,-6.0293523777125296e-05,C
3776905034,3,0.0002269515873151006,C
3776905034,3,0.00010764238038614947,C
3776905034,3,-9.351016498604717e-05,C
3776905034,3,3.4284924692869895e-05,C
3776905034,3,-1.4821886478690732e-05,C
3542456614,3,0.00198891828369772,C
3542456614,3,0.001966099087622625,C
3542456614,3,0.0008933216174168354,C
3542456614,3,0.001831600593026816,C
3542456614,3,0.0017358098140022498,C
3537123720,3,2.7898484133819998e-05,C
3537123720,3,7.5422382717800496e-06,C
3537123720,3,2.5881878519439655e-05,C
3537123720,3,3.730343262945551e-05,C
3537123720,3,2.1509851569557342e-05,C
1637836422,3,4.442411246602905e-05,C
1637836422,3,4.288519006314523e-05,C
1637836422,3,2.0761919908105636e-06,C
1637836422,3,6.081651288942537e-05,C
1637836422,3,3.5909854638679906e-06,C
3162837314,3,0.0005126202922786892,C
3162837314,3,0.0003200554743749357,C
3162837314,3,0.0012157188266314943,C
3162837314,3,0.0006675279877972591,C
3162837314,3,0.00031198303221839294,C
3982076256,3,0.00017086393234509202,C
3982076256,3,4.494037999125747e-05,C
3982076256,3,2.707651078333491e-05,C
3982076256,3,8.393323501950864e-05,C
3982076256,3,0.00014362524806892877,C
1362518133,3,-5.590608844870115e-06,N
1362518133,3,-5.590608844870115e-06,N
1362518133,3,1.2086632458590402e-05,N
1362518133,3,-2.5647437500390252e-06,N
1362518133,3,1.1625511113800072e-05,N
1135286194,3,0.00010644554557869088,C
1135286194,3,-0.00011227078063020049,C
1135286194,3,-0.00018191353194489147,C
1135286194,3,-0.00020236427273211642,C
1135286194,3,8.197648191844362e-05,C
1790668568,3,0.00026984697501893605,N
1790668568,3,0.00037157251714511376,N
1790668568,3,0.0007144395273541585,N
1790668568,3,-0.0002865608630721536,N
1790668568,3,0.000608493490102808,N
3124581743,3,-8.549874927816017e-06,C
3124581743,3,0.0001585880115687853,C
3124581743,3,6.978666654159499e-05,C
3124581743,3,-2.508735743695159e-05,C
3124581743,3,0.0002571679223644513,C
2119439498,3,1.9998779947785414e-05,C
2119439498,3,2.1509851569557342e-05,C
2119439498,3,6.915629322267608e-06,C
2119439498,3,-1.7474691475137527e-05,C
2119439498,3,2.4065435520491396e-05,C
1533864325,3,1.4642732682264292e-05,O
1533864325,3,7.378096706899852e-05,O
1533864325,3,-2.2929663080506826e-05,O
1533864325,3,-1.4858823105890276e-05,O
1533864325,3,1.3739518781932802e-06,O
4278941385,3,-1.2335994841305292e-05,C
4278941385,3,-1.2335994841305292e-05,C
4278941385,3,0.0,C
4278941385,3,-8.261881798391976e-06,C
4278941385,3,-1.3858273387833478e-05,C
3918336191,3,0.0004625173551695812,C
3918336191,3,0.00046375080167638215,C
3918336191,3,0.0005258874260725532,C
3918336191,3,0.00039384356385433264,C
3918336191,3,0.00032352781077788547,C
2560252747,3,-6.49464698031961e-05,C
2560252747,3,-0.0001050633068339843,C
2560252747,3,-9.592784289684173e-05,C
2560252747,3,-8.784973092265495e-05,C
2560252747,3,-9.425136829785928e-05,C
999334238,3,-0.0012288531923760927,S
999334238,3,-0.0006597954387843642,S
999334238,3,-0.0006902353225051207,S
999334238,3,-0.0012230597053151885,S
999334238,3,0.00012292595976848286,S
1173125914,3,6.144872923904976e-05,C
1173125914,3,5.49817744188285e-05,C
1173125914,3,9.414975549796104e-05,C
1173125914,3,4.5109505508414416e-05,C
1173125914,3,0.0001389287908098915,C
2994748777,3,-0.0002712489829833648,C
2994748777,3,-0.00017848953582466284,C
2994748777,3,-0.00025240555305827694,C
2994748777,3,-0.00023993118918320955,C
2994748777,3,-0.00016356128693640476,C
3351556771,3,-0.0001704574045658519,S
3351556771,3,-0.00022862469088509065,S
3351556771,3,-0.00026552862769395336,S
3351556771,3,-0.00043880191701788085,S
3351556771,3,-0.0004980396332663201,S
2509211297,3,-1.9556492773688608e-05,C
2509211297,3,-0.00016785295967048502,C
2509211297,3,-6.902196279461037e-05,C
2509211297,3,9.35505371043796e-06,C
2509211297,3,8.93439606141546e-05,C
848128881,3,-0.0002861548364169082,N
848128881,3,-4.7073690197785983e-05,N
848128881,3,-0.00017042589548323453,N
848128881,3,-9.372413325887778e-05,N
848128881,3,-0.0003978514714070413,N
2246703798,3,8.620640637599375e-06,C
2246703798,3,1.4802351260188862e-05,C
2246703798,3,4.701727871054412e-06,C
2246703798,3,2.8846035889488336e-05,C
2246703798,3,-2.448641729043549e-06,C
1276993226,3,4.866387688787395e-05,C
1276993226,3,3.850707382860481e-05,C
1276993226,3,1.9382187358522873e-05,C
1276993226,3,0.00012233796882362997,C
1276993226,3,1.523575438636994e-05,C
2984966880,3,-2.672738555465487e-05,C
2984966880,3,-2.6509932826521837e-05,C
2984966880,3,-0.00017041282707053185,C
2984966880,3,0.0002516369032444137,C
2984966880,3,2.245203442561086e-06,C
3315826729,3,5.316468651669383e-05,C
3315826729,3,3.254084410870585e-05,C
3315826729,3,-0.00011950032303153536,C
3315826729,3,-9.127451882074908e-05,C
3315826729,3,0.00010449830621553705,C
2115476908,3,3.2347176672289923e-06,O
2115476908,3,0.00040557520925103493,O
2115476908,3,0.0005435403917174488,O
2115476908,3,0.00013146241351706233,O
2115476908,3,0.0003949351010204003,O
717512901,3,-8.486260812703636e-05,N
717512901,3,-3.49771337485507e-05,N
717512901,3,-0.0001543224410442117,N
717512901,3,-5.651340584164437e-05,N
717512901,3,-4.263387493316437e-05,N
2245900962,3,0.00016425512161669705,C
2245900962,3,9.614348661420892e-05,C
2245900962,3,0.0001177238623926366,C
2245900962,3,3.629619028555804e-05,C
2245900962,3,3.14627634158092e-05,C
3848534832,3,-5.858934842691878e-05,C
3848534832,3,-9.338513592791961e-05,C
3848534832,3,-1.9815736739271436e-05,C
3848534832,3,-2.97752225565575e-05,C
3848534832,3,8.486409373604717e-06,C
3182824521,3,0.00011362711094620864,C
3182824521,3,4.446666413474715e-06,C
3182824521,3,-0.00010733163111994667,C
3182824521,3,-6.88261620161567e-05,C
3182824521,3,-0.00010652437481363866,C
26234434,3,9.828358251464872e-06,O
26234434,3,9.555100255525042e-05,O
26234434,3,-4.4601611491015825e-05,O
26234434,3,-8.767388127559582e-05,O
26234434,3,-0.00010670858228757109,O
288315894,3,0.00030697335655839684,S
288315894,3,2.2892293730886887e-05,S
288315894,3,-2.672738555465487e-05,S
288315894,3,0.00027782773544326317,S
288315894,3,7.376180250744796e-05,S
2811394787,3,1.3140304586857499e-05,C
2811394787,3,1.3250204773974927e-06,C
2811394787,3,-1.6276172973617165e-05,C
2811394787,3,1.1625511113800072e-05,C
2811394787,3,-1.9309495538653854e-05,C
19852674,3,4.062947421487606e-06,C
19852674,3,5.102057085641654e-06,C
19852674,3,5.1634023480835387e-05,C
19852674,3,4.788498030198693e-05,C
19852674,3,6.609420556195206e-06,C
1861965050,3,-7.876335992725372e-05,C
1861965050,3,-6.233015188333857e-05,C
1861965050,3,-5.558339915581745e-05,C
1861965050,3,-6.900210994730503e-05,C
1861965050,3,-2.1886113845712846e-05,C
2423543607,3,1.7206960159561746e-05,C
2423543607,3,2.7830273729276614e-05,C
2423543607,3,-9.108695329594976e-06,C
2423543607,3,-1.4765101351843501e-05,C
2423543607,3,2.0914644407009006e-05,C
1257718710,3,3.396276190453795e-05,C
1257718710,3,-0.0005725588026397298,C
1257718710,3,-0.0014947896646776426,C
1257718710,3,0.00014736586494521094,C
1257718710,3,-0.0002476289060579506,C
2784506312,3,6.965909930782901e-05,C
2784506312,3,8.656653833756349e-05,C
2784506312,3,-2.399808131456349e-05,C
2784506312,3,-1.4972330763581704e-06,C
2784506312,3,5.1955644790564054e-05,C
3818546315,3,-1.5110716217719283e-06,C
3818546315,3,6.622697746487202e-05,C
3818546315,3,2.1509851569557342e-05,C
3818546315,3,2.3017215040110894e-05,C
3818546315,3,9.058760192637814e-05,C
3657471097,3,-2.286566188605156e-05,C
3657471097,3,-6.824645771596333e-05,C
3657471097,3,-0.00020921544108327972,C
3657471097,3,-7.326296584505426e-06,C
3657471097,3,-2.2064326874939033e-05,C
2360741695,3,8.185282055238503e-05,C
2360741695,3,1.5097664881388168e-05,C
2360741695,3,2.576077426493656e-05,C
2360741695,3,8.434067872283534e-05,C
2360741695,3,3.089479268168771e-05,C
551287920,3,1.065050046117344e-05,C
551287920,3,2.540361948421936e-05,C
551287920,3,1.884514494266895e-05,C
551287920,3,1.688257839529278e-05,C
551287920,3,5.566616373730085e-06,C
1842898132,3,-4.429520730126618e-05,C
1842898132,3,-1.780323187971361e-05,C
1842898132,3,4.5647688555069954e-05,C
1842898132,3,-2.2050186223535745e-05,C
1842898132,3,-4.948960773759614e-05,C
2832976762,3,5.754044060883069e-05,C
2832976762,3,3.625340829532808e-05,C
2832976762,3,1.0375323697546165e-05,C
2832976762,3,9.655000720303064e-06,C
2832976762,3,6.987336430050971e-05,C
2309124039,3,-0.0004460387509805652,C
2309124039,3,-0.00012164844501748838,C
2309124039,3,-0.00023777603539210102,C
2309124039,3,-0.00020886776302854806,C
2309124039,3,-0.00019723132060643807,C
2591432844,3,2.0217992582359512e-05,N
2591432844,3,3.1122929078091985e-05,N
2591432844,3,2.1260796764824633e-05,N
2591432844,3,2.8119272125752548e-05,N
2591432844,3,5.527091389336512e-05,N
963029399,3,-0.00011218736795413214,N
963029399,3,-0.00021862760473209848,N
963029399,3,-0.00013310457617331586,N
963029399,3,-0.0001808792093970328,N
963029399,3,-0.00020990640752655693,N
3884454603,3,-0.002546670927330989,C
3884454603,3,-0.0026971432134892306,C
3884454603,3,-0.0012855234615038492,C
3884454603,3,-0.0029077764114608246,C
3884454603,3,-0.00031582752611132754,C
4089138501,3,4.350790653780655e-05,C
4089138501,3,9.140330996040662e-05,C
4089138501,3,4.008102301108346e-05,C
4089138501,3,3.7552625951609714e-05,C
4089138501,3,3.904529248095062e-05,C
932712697,3,-0.0007735533829821423,O
932712697,3,0.00010728379992088789,O
932712697,3,1.4772723191055354e-05,O
932712697,3,-0.00025940402151243894,O
932712697,3,8.122063980492249e-05,O
1634606847,3,-3.0258650948293553e-06,N
1634606847,3,-3.391541574540753e-05,N
1634606847,3,2.7338672418934784e-05,N
1634606847,3,-5.590608844870115e-06,N
1634606847,3,4.062947421487606e-06,N
3624155,3,8.237361138725176e-05,C
3624155,3,5.8382499871221724e-05,C
3624155,3,0.00012151444251071175,C
3624155,3,0.00015686717026670762,C
3624155,3,4.485470430085764e-06,C
161963127,3,1.5073634705535521e-06,C
161963127,3,1.5073634705535521e-06,C
161963127,3,1.5073634705535521e-06,C
161963127,3,1.5073634705535521e-06,C
161963127,3,4.062947421487606e-06,C
2257970297,3,0.00021496582859998562,C
2257970297,3,8.480564835629083e-05,C
2257970297,3,0.00031945938231318916,C
2257970297,3,0.00022123262826159555,C
2257970297,3,0.0002231003301322058,C
787069595,3,3.629593041459302e-05,C
787069595,3,0.0001425211421449725,C
787069595,3,9.116185828000715e-05,C
787069595,3,2.919783004290931e-05,C
787069595,3,1.6062460831196834e-05,C
517457164,3,0.0,C
517457164,3,0.0,C
517457164,3,0.0,C
517457164,3,0.0,C
517457164,3,0.0,C
3207567135,3,2.862982804619635e-05,C
3207567135,3,-4.203598502333129e-05,C
3207567135,3,2.4990668711328407e-05,C
3207567135,3,6.292922682400205e-05,C
3207567135,3,-6.928606042408761e-06,C
435232729,3,-1.9940536558083963e-05,N
435232729,3,3.525767614528941e-05,N
435232729,3,2.7071700399295892e-05,N
435232729,3,0.0001893681704963103,N
435232729,3,0.0001792353958732949,N
2806018737,3,-2.697263810163067e-05,C
2806018737,3,-2.9272256254901305e-05,C
2806018737,3,-4.399857208788743e-05,C
2806018737,3,-4.039303785997178e-05,C
2806018737,3,-2.3998081314565226e-05,C
4008337421,3,8.769091983369497e-05,C
4008337421,3,0.00015029722849595282,C
4008337421,3,7.713242671045922e-07,C
4008337421,3,0.00010976200961825694,C
4008337421,3,5.1226139470075815e-05,C
3026394695,3,2.4065435520491396e-05,C
3026394695,3,1.7206960159561746e-05,C
3026394695,3,-9.302672276266868e-06,C
3026394695,3,-8.062790186787183e-07,C
3026394695,3,2.4065435520491396e-05,C
2296565457,3,0.00016421619228438114,N
2296565457,3,0.00013450903031929015,N
2296565457,3,0.00018050701063011994,N
2296565457,3,5.515976460081749e-05,N
2296565457,3,3.059868650170418e-05,N
2089117413,3,4.012710134725789e-05,C
2089117413,3,-1.1049316069162984e-05,C
2089117413,3,0.0009145131440082537,C
2089117413,3,0.0009062823344939547,C
2089117413,3,-4.69335182931626e-05,C
572760528,3,5.40455770049568e-06,C
572760528,3,1.7552781437396234e-05,C
572760528,3,-2.638024253504706e-06,C
572760528,3,-3.868106354706566e-05,C
572760528,3,-4.667923624681464e-05,C
3002759401,3,-8.316965774037531e-05,C
3002759401,3,2.192388325193348e-05,C
3002759401,3,-7.390232073921713e-05,C
3002759401,3,-7.365900700519526e-05,C
3002759401,3,-8.08009481923725e-05,C
3118255683,3,2.4312807324103694e-05,N
3118255683,3,2.7638247986161088e-05,N
3118255683,3,-5.8281392688432423e-05,N
3118255683,3,7.84531971927769e-05,N
3118255683,3,6.135780361197184e-05,N
74537039,3,-8.164561728663325e-06,C
74537039,3,5.171003136322794e-06,C
74537039,3,5.171003136322794e-06,C
74537039,3,-1.0747773435777416e-05,C
74537039,3,-1.0747773435777416e-05,C
2473389857,3,6.455350813174172e-05,C
2473389857,3,-5.026740672107663e-05,C
2473389857,3,-1.8649569953468892e-05,C
2473389857,3,-0.00020743023337432658,C
2473389857,3,-2.597822411362985e-05,C
899522707,3,0.0,
899522707,3,0.0,
899522707,3,0.0,
899522707,3,0.0,
899522707,3,0.0,
675765711,3,0.0,C
675765711,3,0.0,C
675765711,3,0.0,C
675765711,3,0.0,C
675765711,3,0.0,C
1313967653,3,0.0001381990087656387,C
1313967653,3,3.883382411057519e-05,C
1313967653,3,-6.14883638676636e-06,C
1313967653,3,4.466270858538915e-05,C
1313967653,3,5.649286535717307e-05,C
3855312692,3,0.0,C
3855312692,3,0.0,C
3855312692,3,0.0,C
3855312692,3,0.0,C
3855312692,3,0.0,C
1083852209,3,-0.00014300109179404136,N
1083852209,3,-0.0001256702232620855,N
1083852209,3,-3.091417279086489e-05,N
1083852209,3,-0.00013784559357324713,N
1083852209,3,-0.00014920452243976506,N
2905660137,3,-1.027749229188038e-05,C
2905660137,3,-1.5110716217719283e-06,C
2905660137,3,-2.504259364372388e-05,C
2905660137,3,-4.248750046611377e-05,C
2905660137,3,-7.093638952900341e-05,C
3579962709,3,1.163907572992659e-05,C
3579962709,3,1.5073634705535521e-06,C
3579962709,3,1.9462766728539638e-06,C
3579962709,3,-2.5647437500390252e-06,C
3579962709,3,-4.0758153718109535e-06,C
4041573576,3,-0.00015743866202188456,C
4041573576,3,-7.895279845032688e-05,C
4041573576,3,-9.890463108050071e-05,C
4041573576,3,0.0001754676594911929,C
4041573576,3,-0.00013575720339479777,C
64070612,3,9.810122273020208e-05,C
64070612,3,0.0001913481408206321,C
64070612,3,4.89151377895472e-05,C
64070612,3,0.0001750124691550347,C
64070612,3,0.00014019401724795627,C
729796064,3,-4.5065880392842345e-05,C
729796064,3,-5.423638262782443e-05,C
729796064,3,4.062947421487606e-06,C
729796064,3,-4.601318454867595e-05,C
729796064,3,-6.347956462754781e-06,C
1070821685,3,1.4651376208631162e-05,C
1070821685,3,-4.0758153718109535e-06,C
1070821685,3,0.0,C
1070821685,3,-1.2930297288327175e-05,C
1070821685,3,2.4783088468002465e-05,C
3820826669,3,-5.779917765194598e-06,C
3820826669,3,4.0116350351823704e-05,C
3820826669,3,-2.5009528650268842e-05,C
3820826669,3,-4.994300257655376e-05,C
3820826669,3,0.00017323306463748207,C
2223687999,3,-0.0019709875001391267,C
2223687999,3,-0.0006358722079307499,C
2223687999,3,-0.001101491765394584,C
2223687999,3,-0.0004118272609908904,C
2223687999,3,-0.000561126461043459,C
2435680164,3,6.416717774989159e-05,N
2435680164,3,-1.8996970021667448e-05,N
2435680164,3,0.00010144760859260964,N
2435680164,3,9.938686546503636e-05,N
2435680164,3,6.322332051253259e-05,N
600629739,3,-4.58159076154839e-05,N
600629739,3,1.0291330837294138e-05,N
600629739,3,6.793107132968892e-05,N
600629739,3,4.338500280187327e-05,N
600629739,3,2.78564712324382e-05,N
2370996728,3,-1.7580888788162538e-05,C
2370996728,3,-6.384036334964628e-05,C
2370996728,3,-9.525589640424839e-06,C
2370996728,3,3.9568692822936416e-05,C
2370996728,3,-3.491391919039147e-05,C
266675433,3,0.0,O
266675433,3,0.0,O
266675433,3,0.0,O
266675433,3,0.0,O
266675433,3,2.4783088468002465e-05,O
2720313463,3,-3.868106354706566e-05,C
2720313463,3,-3.196308469155355e-05,C
2720313463,3,-1.248145062127462e-05,C
2720313463,3,-1.7511105795006005e-05,C
2720313463,3,-2.3083444024544694e-05,C
847433064,3,-0.00011981112437877729,N
847433064,3,-4.6648247491815065e-05,N
847433064,3,-7.360888240218882e-05,N
847433064,3,-4.0189345415249725e-05,N
847433064,3,-3.2338780036923753e-06,N
2551483158,3,-3.126025621918646e-06,N
2551483158,3,8.18203555912056e-06,N
2551483158,3,5.3650862733976845e-05,N
2551483158,3,4.825193610499129e-06,N
2551483158,3,1.8460246652477613e-05,N
3933537673,3,-1.5110716217719283e-06,C
3933537673,3,-1.5110716217719283e-06,C
3933537673,3,-1.5110716217719283e-06,C
3933537673,3,-1.5110716217719283e-06,C
3933537673,3,-1.5110716217719283e-06,C
3458774156,3,0.0005779211077726765,N
3458774156,3,0.00015403093671118723,N
3458774156,3,0.00018861014367716963,N
3458774156,3,0.000245765198101067,N
3458774156,3,5.579395434802785e-05,N
642367021,3,2.1382555895404706e-05,C
642367021,3,8.11308950843942e-06,C
642367021,3,1.884514494266895e-05,C
642367021,3,5.44840418500378e-05,C
642367021,3,1.3646809009042887e-05,C
847336149,3,0.0028107663713387585,N
847336149,3,0.0028191616913764176,N
847336149,3,0.001915660083002993,N
847336149,3,0.0013100480014006368,N
847336149,3,0.0013913154798712328,N
3182177290,3,4.062947421487606e-06,C
3182177290,3,4.062947421487606e-06,C
3182177290,3,0.0,C
3182177290,3,4.062947421487606e-06,C
3182177290,3,4.062947421487606e-06,C
1167322652,3,2.7830273729276614e-05,C
1167322652,3,4.062947421487606e-06,C
1167322652,3,4.613602943546319e-06,C
1167322652,3,9.824811528075066e-05,C
1167322652,3,6.350572714795139e-05,C
3796841743,3,-1.1882550369863784e-05,C
3796841743,3,-3.080366856208008e-05,C
3796841743,3,9.836255992643275e-05,C
3796841743,3,-2.9797419267611758e-05,C
3796841743,3,0.000535272854435281,C
1730555933,3,-1.0356344404533965e-05,C
1730555933,3,-8.848980933980413e-06,C
1730555933,3,1.8554705052194198e-05,C
1730555933,3,1.5073634705535521e-06,C
1730555933,3,2.1110289003126517e-05,C
1583799011,3,-1.4765101351843501e-05,C
1583799011,3,-1.732984510188426e-05,C
1583799011,3,1.163907572992659e-05,C
1583799011,3,-1.732984510188426e-05,C
1583799011,3,1.163907572992659e-05,C
3908647167,3,5.5170885768490024e-05,C
3908647167,3,-7.639471410773001e-05,C
3908647167,3,-2.7355945590817193e-05,C
3908647167,3,-2.2506431308440614e-05,C
3908647167,3,-4.257817303610599e-05,C
271903915,3,0.0,N
271903915,3,0.0,N
271903915,3,0.0,N
271903915,3,0.0,N
271903915,3,0.0,N
2447826885,3,8.620640637599375e-06,C
2447826885,3,1.163907572992659e-05,C
2447826885,3,1.163907572992659e-05,C
2447826885,3,1.0445123291603908e-06,C
2447826885,3,1.163907572992659e-05,C
1791271074,3,6.919850929018936e-05,S
1791271074,3,3.0134606523572055e-05,S
1791271074,3,5.7970368846287784e-05,S
1791271074,3,-2.918491389208161e-05,S
1791271074,3,-0.00014223837191065444,S
3976623167,3,6.35100912577298e-06,C
3976623167,3,1.2602064585649775e-05,C
3976623167,3,-2.86739268070043e-05,C
3976623167,3,2.0336162393960397e-05,C
3976623167,3,4.29990925663766e-05,C
966311396,3,-7.68044203935253e-06,C
966311396,3,2.1073867864027096e-05,C
966311396,3,3.0897475008371394e-05,C
966311396,3,5.051750218362447e-05,C
966311396,3,2.6434487083254465e-05,C
1323467736,3,7.055668435330953e-05,C
1323467736,3,0.00010309363946307219,C
1323467736,3,0.00016458999667006997,C
1323467736,3,6.039592324441623e-05,C
1323467736,3,0.00017901817570965817,C
411967733,3,6.483674752316357e-05,C
411967733,3,4.3738839167507815e-06,C
411967733,3,1.8020692925791934e-05,C
411967733,3,1.912097984203484e-05,C
411967733,3,4.768114367771463e-05,C
3545365497,3,-1.0706307134181886e-05,C
3545365497,3,6.357003198956962e-05,C
3545365497,3,-1.8442054020543705e-05,C
3545365497,3,-4.466479552647784e-05,C
3545365497,3,-5.490599789334527e-05,C
3796359118,3,-0.000285427517084276,C
3796359118,3,-0.00032260412011459773,C
3796359118,3,-0.0009275982049180443,C
3796359118,3,-0.00035046954883116536,C
3796359118,3,-1.4900738591344317e-05,C
36538691,3,3.4482356221358576e-05,C
36538691,3,-7.109137936849377e-06,C
36538691,3,-5.106489155559321e-06,C
36538691,3,1.144048829057609e-05,C
36538691,3,1.8242361672499152e-05,C
2649902721,3,1.5695888537789818e-05,C
2649902721,3,0.0,C
2649902721,3,0.0,C
2649902721,3,0.0,C
2649902721,3,-1.5110716217719283e-06,C
994237755,3,5.102057085641654e-06,C
994237755,3,-1.5110716217719283e-06,C
994237755,3,5.102057085641654e-06,C
994237755,3,2.555583950934054e-06,C
994237755,3,1.0445123291603908e-06,C
1961848637,3,1.9767124010049153e-05,C
1961848637,3,1.4651376208631162e-05,C
1961848637,3,1.0859786307576558e-06,C
1961848637,3,1.1340423066007882e-05,C
1961848637,3,3.6599315145491307e-06,C
3004333805,3,0.0,C
3004333805,3,1.7206960159561746e-05,C
3004333805,3,0.0,C
3004333805,3,0.0,C
3004333805,3,0.0,C
4033380444,3,3.126653511182666e-05,C
4033380444,3,3.786068158134065e-05,C
4033380444,3,0.00014046983831455216,C
4033380444,3,3.7253833653121474e-05,C
4033380444,3,6.500604564063303e-05,C
619920801,3,5.599070485206442e-05,C
619920801,3,0.0001243890699585675,C
619920801,3,0.00023373777700656274,C
619920801,3,-7.82863895158678e-05,C
619920801,3,9.700819699515369e-05,C
3334525955,3,-8.10416148030145e-06,C
3334525955,3,-1.330335738671147e-05,C
3334525955,3,1.6049112485153755e-05,C
3334525955,3,-7.721908340948061e-06,C
3334525955,3,-1.8762064611002605e-05,C
3994088662,3,-2.4314432360710708e-05,C
3994088662,3,4.29851181748854e-05,C
3994088662,3,0.00015065193148894578,C
3994088662,3,-6.164148815108843e-05,C
3994088662,3,-0.00019297058983001186,C
3596485316,3,7.066604373825308e-06,C
3596485316,3,1.5073634705535521e-06,C
3596485316,3,1.5073634705535521e-06,C
3596485316,3,8.562924921599532e-06,C
3596485316,3,1.5073634705535521e-06,C
171200514,3,-0.00011131458778547605,C
171200514,3,-7.755455316507502e-05,C
171200514,3,-7.248763944575111e-05,C
171200514,3,-4.085063379136514e-05,C
171200514,3,-7.898757711215752e-05,C
970433791,3,-4.270151321214902e-06,C
970433791,3,-0.00013019752095098577,C
970433791,3,-8.635986819334474e-05,C
970433791,3,9.329447213161403e-05,C
970433791,3,-8.934885527045987e-05,C
685125387,3,-5.590608844870115e-06,C
685125387,3,1.5073634705535521e-06,C
685125387,3,1.5073634705535521e-06,C
685125387,3,1.5073634705535521e-06,C
685125387,3,-1.5110716217719283e-06,C
2835079913,3,-3.191841341536328e-05,C
2835079913,3,2.919783004290931e-05,C
2835079913,3,-3.429257395899665e-05,C
2835079913,3,9.661431115474267e-06,C
2835079913,3,-4.544394186810352e-06,C
1352399629,3,0.0001200435874429244,O
1352399629,3,0.0002152576723079315,O
1352399629,3,4.987787998389677e-05,O
1352399629,3,-0.00036036429017687575,O
1352399629,3,0.0003301283079621955,O
416356657,3,8.11308950843942e-06,C
416356657,3,8.11308950843942e-06,C
416356657,3,4.062947421487606e-06,C
416356657,3,8.11308950843942e-06,C
416356657,3,8.11308950843942e-06,C
1535166686,3,2.4113945955465954e-05,O
1535166686,3,-7.79160065449494e-06,O
1535166686,3,6.915629322267608e-06,O
1535166686,3,1.2482245695997693e-05,O
1535166686,3,1.8554705052194198e-05,O
589930590,3,-0.00029454759739137686,C
589930590,3,-6.955586711785908e-05,C
589930590,3,-0.0006689827236522027,C
589930590,3,-0.0002523564686040796,C
589930590,3,-0.00011317495752308053,C
2463614838,3,6.609420556195206e-06,C
2463614838,3,1.0445123291603908e-06,C
2463614838,3,-3.0258650948293553e-06,C
2463614838,3,1.0445123291603908e-06,C
2463614838,3,5.102057085641654e-06,C
1871221615,3,-2.222181866335174e-05,C
1871221615,3,0.000956558333436352,C
1871221615,3,0.0009560770834183049,C
1871221615,3,-3.147609464169282e-05,C
1871221615,3,0.0009474647124016024,C
3482873808,3,0.0002827993099208236,C
3482873808,3,-0.0012533124640379464,C
3482873808,3,3.174592707195015e-05,C
3482873808,3,4.139824737119796e-05,C
3482873808,3,-0.0012464053264530893,C
553412256,3,3.221431823026942e-05,C
553412256,3,5.9556295395286896e-05,C
553412256,3,7.276442642619244e-05,C
553412256,3,-5.876927925359959e-06,C
553412256,3,4.981837619510987e-05,C
135980867,3,0.0,C
135980867,3,0.0,C
135980867,3,0.0,C
135980867,3,0.0,C
135980867,3,0.0,C
1445852595,3,-2.64839729519524e-05,C
1445852595,3,-2.5512874787622652e-05,C
1445852595,3,2.8846035889488336e-05,C
1445852595,3,5.881247387304334e-06,C
1445852595,3,-1.0747773435777416e-05,C
2434373675,3,-1.5992900955564757e-05,N
2434373675,3,-2.365970179124717e-05,N
2434373675,3,9.471213273201662e-06,N
2434373675,3,-3.9700903769078824e-05,N
2434373675,3,-2.6233654675038645e-05,N
2939120473,3,1.2086632458590402e-05,C
2939120473,3,1.3140304586857499e-05,C
2939120473,3,2.3272016846230537e-05,C
2939120473,3,2.2218344717961705e-05,C
2939120473,3,2.4783088468002465e-05,C
3203709451,3,-0.00020403281199506823,O
3203709451,3,-0.0001357605702485016,O
3203709451,3,-3.175002524248918e-05,O
3203709451,3,-0.0001570749048756346,O
3203709451,3,-0.0003570216411628146,O
368531313,3,-9.17778327928255e-06,C
368531313,3,-4.191156695195104e-05,C
368531313,3,8.11308950843942e-06,C
368531313,3,3.289617797644015e-05,C
368531313,3,1.0445123291603908e-06,C
3176806076,3,2.3726067597304445e-05,C
3176806076,3,-4.376494763450901e-05,C
3176806076,3,-7.699822957800417e-05,C
3176806076,3,-5.447766331160078e-05,C
3176806076,3,-0.0001038583048911107,C
2614860224,3,-0.00013360159975349915,C
2614860224,3,-0.00016835570525755052,C
2614860224,3,-0.00012248049413378717,C
2614860224,3,2.14841054404398e-05,C
2614860224,3,-9.504094319678566e-05,C
2297887526,3,5.566616373730085e-06,N
2297887526,3,1.2150488461270398e-05,N
2297887526,3,1.6158739679184714e-05,N
2297887526,3,4.062947421487606e-06,N
2297887526,3,2.426445371716407e-05,N
623728226,3,3.194494526862282e-05,C
623728226,3,6.609420556195206e-06,C
623728226,3,4.893513288892204e-05,C
623728226,3,1.8244801767810723e-05,C
623728226,3,4.59314759365826e-05,C
603510687,3,2.2081205184166716e-05,C
603510687,3,-1.1205369367172507e-05,C
603510687,3,-1.9436962794088658e-05,C
603510687,3,-1.2731411272282056e-05,C
603510687,3,1.825605238827549e-05,C
725322217,3,7.279088775205209e-05,C
725322217,3,0.00011959599890811346,C
725322217,3,-4.4116688707372675e-05,C
725322217,3,0.00034908394728852023,C
725322217,3,0.00015189815049692062,C
434423882,3,-2.035571019671535e-05,C
434423882,3,-2.597047071901601e-05,C
434423882,3,-1.2564109542220411e-05,C
434423882,3,-2.035571019671535e-05,C
434423882,3,-7.488254327604055e-07,C
548743766,3,-2.2389689623064646e-05,C
548743766,3,1.179869430784769e-05,C
548743766,3,2.555583950934054e-06,C
548743766,3,1.584883639480124e-05,C
548743766,3,4.062947421487606e-06,C
1399127774,3,4.236924064166328e-05,C
1399127774,3,3.9840843582189533e-05,C
1399127774,3,2.4065435520491396e-05,C
1399127774,3,6.445348178370572e-06,C
1399127774,3,2.5301876669802867e-05,C
2629723425,3,2.6394815181575784e-05,C
2629723425,3,-2.4361946645430968e-05,C
2629723425,3,-3.070264470367984e-05,C
2629723425,3,0.0,C
2629723425,3,-3.126025621918646e-06,C
1542633699,3,-5.590608844870115e-06,O
1542633699,3,-8.164561728663325e-06,O
1542633699,3,6.266089495124416e-07,O
1542633699,3,5.2049938597193215e-05,O
1542633699,3,4.1877639331319716e-05,O
1824088295,3,0.0020224781097509517,C
1824088295,3,-7.793905319723737e-05,C
1824088295,3,0.002008337233421642,C
1824088295,3,-1.2209517400911182e-05,C
1824088295,3,-2.0057578929713604e-05,C
1078211001,3,4.895695555810417e-06,O
1078211001,3,3.124200126249782e-05,O
1078211001,3,1.0167865097849421e-05,O
1078211001,3,1.041724075084155e-05,O
1078211001,3,6.887284866249205e-06,O
579286581,3,-1.5110716217719283e-06,C
579286581,3,0.0,C
579286581,3,-7.592714638449821e-06,C
579286581,3,2.7596291701825412e-05,C
579286581,3,-2.203156122092785e-05,C
476060908,3,0.0,C
476060908,3,0.0,C
476060908,3,0.0,C
476060908,3,0.0,C
476060908,3,0.0,C
2154935424,3,-5.9836268453242886e-05,O
2154935424,3,5.5340707395054936e-05,O
2154935424,3,9.115308296746283e-06,O
2154935424,3,-4.230245759777665e-05,O
2154935424,3,7.769796702071508e-05,O
4256524850,3,-2.5257669028286647e-05,C
4256524850,3,6.007340970667213e-06,C
4256524850,3,0.0001005404611746051,C
4256524850,3,7.640167333228601e-05,C
4256524850,3,0.00013964684929998472,C
3980805843,3,0.0019455746825633464,C
3980805843,3,0.0019796778549642036,C
3980805843,3,0.0011237825648517576,C
3980805843,3,-0.00016381789507213113,C
3980805843,3,-0.001528629554001435,C
3594646603,3,-0.00012171749205587556,C
3594646603,3,-0.00015440077344823847,C
3594646603,3,-9.245056954877186e-05,C
3594646603,3,-0.00012258524185767422,C
3594646603,3,-8.139211750710952e-05,C
4036277955,3,2.0882175358618096e-05,C
4036277955,3,-2.4377132167774027e-05,C
4036277955,3,-3.2022010835694795e-05,C
4036277955,3,-4.420743430319854e-05,C
4036277955,3,-4.61218983117441e-06,C
3554022385,3,-2.5647437500390252e-06,C
3554022385,3,2.0217992582359512e-05,C
3554022385,3,2.171798058245647e-05,C
3554022385,3,1.7662408631427193e-05,C
3554022385,3,5.235207124302567e-05,C
571978829,3,2.0707273096189777e-05,C
571978829,3,4.1454623255773176e-05,C
571978829,3,-1.4441368910100838e-05,C
571978829,3,-3.666009613056964e-05,C
571978829,3,5.2495550341168096e-05,C
4011293459,3,3.6599315145491307e-06,C
4011293459,3,5.171003136322794e-06,C
4011293459,3,2.1451380414917037e-06,C
4011293459,3,-9.683090820642587e-06,C
4011293459,3,-9.683090820642587e-06,C
1378530689,3,0.0,
1378530689,3,0.0,
1378530689,3,0.0,
1378530689,3,0.0,
1378530689,3,0.0,
1858577693,3,4.768114367771463e-05,C
1858577693,3,-3.6687955783319334e-05,C
1858577693,3,-1.4772242613375272e-05,C
1858577693,3,-2.6359688318825653e-05,C
1858577693,3,-2.35724532624184e-05,C
3120642300,3,0.0005490825218202305,C
3120642300,3,0.0006471274742286346,C
3120642300,3,-0.0002188482519655255,C
3120642300,3,-0.00032534262072100514,C
3120642300,3,-1.1802034827496782e-06,C
2594220197,3,-3.374506630156836e-05,C
2594220197,3,3.0749012649178634e-05,C
2594220197,3,4.9639179134105746e-05,C
2594220197,3,3.747134329847371e-05,C
2594220197,3,3.618873709030149e-05,C
1693331843,3,9.07433197988583e-06,N
1693331843,3,1.163907572992659e-05,N
1693331843,3,1.4194659680857175e-05,N
1693331843,3,7.566968509332278e-06,N
1693331843,3,4.993015625539068e-06,N
1868602760,3,6.929467867681366e-06,N
1868602760,3,2.980685449363585e-07,N
1868602760,3,-3.063320248859573e-05,N
1868602760,3,4.983264013056973e-05,N
1868602760,3,1.8020692925791934e-05,N
1842114921,3,-9.507387815604895e-06,C
1842114921,3,2.3131715638176342e-05,C
1842114921,3,-4.347445754622828e-05,C
1842114921,3,1.866980023900594e-05,C
1842114921,3,2.6586106666171005e-07,C
2021812431,3,4.062947421487606e-06,N
2021812431,3,7.735746886363554e-06,N
2021812431,3,2.555583950934054e-06,N
2021812431,3,0.0,N
2021812431,3,4.062947421487606e-06,N
4197146180,3,-0.001923135037169189,O
4197146180,3,-0.00021261222223241394,O
4197146180,3,-0.0007831945144141268,O
4197146180,3,-0.0015602671402584166,O
4197146180,3,-0.0012044037529549568,O
3121777292,3,1.4651376208631162e-05,N
3121777292,3,0.0,N
3121777292,3,0.0,N
3121777292,3,1.4651376208631162e-05,N
3121777292,3,0.0,N
2752034647,3,4.062947421487606e-06,C
2752034647,3,4.062947421487606e-06,C
2752034647,3,5.566616373730085e-06,C
2752034647,3,4.062947421487606e-06,C
2752034647,3,4.062947421487606e-06,C
3614376044,3,0.0,C
3614376044,3,0.0,C
3614376044,3,0.0,C
3614376044,3,0.0,C
3614376044,3,0.0,C
3266129148,3,0.0,S
3266129148,3,0.0,S
3266129148,3,0.0,S
3266129148,3,0.0,S
3266129148,3,0.0,S
3346539298,3,-2.0535392750478318e-05,N
3346539298,3,5.559599874739932e-05,N
3346539298,3,6.722249252744811e-05,N
3346539298,3,-3.74536259783783e-05,N
3346539298,3,-9.303474552535551e-05,N
2513428378,3,1.409109046491934e-05,C
2513428378,3,7.066604373825308e-06,C
2513428378,3,7.066604373825308e-06,C
2513428378,3,5.566616373730085e-06,C
2513428378,3,6.007340970667213e-06,C
2827868305,3,7.2869112803797265e-06,C
2827868305,3,0.0002853140289100454,C
2827868305,3,2.385865364057209e-05,C
2827868305,3,-0.0018427163330838464,C
2827868305,3,-0.012052336110526033,C
1153219603,3,-1.345472951409625e-05,C
1153219603,3,7.711070044180007e-05,C
1153219603,3,4.8917192961692516e-05,C
1153219603,3,7.69116366376079e-05,C
1153219603,3,5.858249042782135e-06,C
516041383,3,-2.5647437500390252e-06,C
516041383,3,-7.79160065449494e-06,C
516041383,3,-7.79160065449494e-06,C
516041383,3,0.0,C
516041383,3,-2.5647437500390252e-06,C
312306367,3,0.00018443565124679623,C
312306367,3,4.2411568593081483e-05,C
312306367,3,8.158040614433988e-05,C
312306367,3,6.896111881186939e-05,C
312306367,3,6.264621014465468e-05,C
3925172229,3,0.00012757727974495488,C
3925172229,3,7.748911066110878e-05,C
3925172229,3,5.65565657869669e-05,C
3925172229,3,0.00048776661612986126,C
3925172229,3,0.0004997935866576288,C
118059098,3,6.609420556195206e-06,C
118059098,3,1.584883639480124e-05,C
118059098,3,-1.4758304330696193e-05,C
118059098,3,3.5909854638679906e-06,C
118059098,3,6.609420556195206e-06,C
3981762496,3,6.701054317834881e-05,C
3981762496,3,7.499621370954043e-05,C
3981762496,3,1.9020738672600318e-05,C
3981762496,3,7.42550753470364e-07,C
3981762496,3,-2.370764313273932e-06,C
2122981102,3,0.0,
2122981102,3,0.0,
2122981102,3,0.0,
2122981102,3,0.0,
2122981102,3,0.0,
1506563592,3,8.11308950843942e-06,C
1506563592,3,-2.5647437500390252e-06,C
1506563592,3,5.566616373730085e-06,C
1506563592,3,-1.057380279485473e-06,C
1506563592,3,-1.057380279485473e-06,C
2604440622,3,-2.14148696074494e-05,C
2604440622,3,1.2837803972003473e-05,C
2604440622,3,-7.443781841247332e-06,C
2604440622,3,2.8846035889488336e-05,C
2604440622,3,2.0423043096667176e-05,C
1717044408,3,-1.4821886478690732e-05,C
1717044408,3,-2.5647437500390252e-06,C
1717044408,3,-4.808731844473807e-05,C
1717044408,3,3.4460068414586542e-06,C
1717044408,3,1.7566129783441048e-05,C
2646219661,3,-7.79160065449494e-06,C
2646219661,3,0.0,C
2646219661,3,-2.3106223633892822e-05,C
2646219661,3,1.5073634705535521e-06,C
2646219661,3,-4.0758153718109535e-06,C
128522177,3,0.002029400621467902,C
128522177,3,0.0021891111640976544,C
128522177,3,0.0005825804126812825,C
128522177,3,0.0019959993032403825,C
128522177,3,0.002042244335629469,C
2459741777,3,3.1392509024195936e-05,O
2459741777,3,3.1392509024195936e-05,O
2459741777,3,4.825193610499129e-06,O
2459741777,3,-3.0258650948293553e-06,O
2459741777,3,4.825193610499129e-06,O
3612926680,3,0.00011330845307421476,Br
3612926680,3,2.400435225998615e-05,Br
3612926680,3,4.202723891181398e-06,Br
3612926680,3,5.055428771498505e-05,Br
3612926680,3,8.941116149654635e-05,Br
1792562719,3,-0.00023029671199555762,S
1792562719,3,-0.00016285319565828918,S
1792562719,3,-0.0002755716299375193,S
1792562719,3,-0.00010307470237254368,S
1792562719,3,-0.0001907876392993977,S
868576692,3,0.0,
868576692,3,0.0,
868576692,3,0.0,
868576692,3,0.0,
868576692,3,0.0,
1999904870,3,-1.0356344404533965e-05,C
1999904870,3,1.4482597831599886e-05,C
1999904870,3,1.0131712259373038e-05,C
1999904870,3,0.0,C
1999904870,3,0.0,C
3532053313,3,0.0,S
3532053313,3,1.7206960159561746e-05,S
3532053313,3,1.4651376208631162e-05,S
3532053313,3,1.4651376208631162e-05,S
3532053313,3,0.0,S
592593828,3,-2.6895435688532865e-06,C
592593828,3,6.929467867681366e-06,C
592593828,3,5.9617605337777824e-05,C
592593828,3,-2.7196764421779512e-05,C
592593828,3,-1.3563470192486798e-05,C
3632350815,3,-2.2929663080506826e-05,Br
3632350815,3,0.0,Br
3632350815,3,-6.747088325334549e-06,Br
3632350815,3,2.8461807640833142e-05,Br
3632350815,3,-2.1532174915754945e-05,Br
3025629386,3,-6.649768255605898e-06,C
3025629386,3,-1.0314428919079924e-05,C
3025629386,3,-1.5110716217719283e-06,C
3025629386,3,-1.1825500540851852e-05,C
3025629386,3,-2.5647437500390252e-06,C
3594696610,3,-4.0758153718109535e-06,C
3594696610,3,0.0,C
3594696610,3,-4.0758153718109535e-06,C
3594696610,3,0.0,C
3594696610,3,0.0,C
2212573984,3,-0.0008117558722754159,S
2212573984,3,-0.0020796151126476117,S
2212573984,3,-0.0019618975118994558,S
2212573984,3,-0.0019965871685279253,S
2212573984,3,-0.0019358720425232089,S
3157481675,3,-1.6927260547486278e-05,C
3157481675,3,2.2764465717068846e-05,C
3157481675,3,-2.1644027834426954e-06,C
3157481675,3,-4.7735337627015026e-05,C
3157481675,3,4.3738839167507815e-06,C
669222828,3,0.0,C
669222828,3,0.0,C
669222828,3,0.0,C
669222828,3,0.0,C
669222828,3,0.0,C
1856075173,3,0.0,C
1856075173,3,0.0,C
1856075173,3,0.0,C
1856075173,3,0.0,C
1856075173,3,0.0,C
618671879,3,0.00026758021562554076,C
618671879,3,0.00020463082439814428,C
618671879,3,-0.0010291406094619857,C
618671879,3,-0.0010126420597014203,C
618671879,3,-0.00035292298078144074,C
714893496,3,-0.00010224418356775261,C
714893496,3,-6.30806094438878e-05,C
714893496,3,-0.0001233951968418641,C
714893496,3,-7.365926172358747e-05,C
714893496,3,-7.285718767134283e-05,C
1685248591,3,1.2502947394830294e-05,C
1685248591,3,2.3010147345549348e-05,C
1685248591,3,4.461301076266397e-05,C
1685248591,3,3.325538264704886e-05,C
1685248591,3,2.861569873409929e-05,C
2931695851,3,0.0002584759542898999,C
2931695851,3,0.00013003701989947915,C
2931695851,3,0.00019028638392788125,C
2931695851,3,0.00022598053279416098,C
2931695851,3,0.00015053682137764184,C
2222715027,3,-2.638815069434461e-05,O
2222715027,3,7.486684269078676e-05,O
2222715027,3,-6.0590085034383304e-05,O
2222715027,3,2.4462333769278977e-05,O
2222715027,3,-4.094364957558938e-05,O
1026928756,3,-0.000276534755451488,S
1026928756,3,-0.0006910225059696892,S
1026928756,3,-0.0007238553526355083,S
1026928756,3,-9.503311023276173e-05,S
1026928756,3,-0.00036673976144513745,S
458993620,3,0.0019911921012666905,N
458993620,3,0.0020009626270824487,N
458993620,3,0.0020062879953572045,N
458993620,3,0.002005213012624114,N
458993620,3,0.0020119239283399887,N
1549284008,3,-5.3895748907756974e-05,C
1549284008,3,-4.33170966280573e-05,C
1549284008,3,-6.05255753878195e-06,C
1549284008,3,-5.6460492657797734e-05,C
1549284008,3,-9.615357557121902e-05,C
3510196525,3,4.062947421487606e-06,N
3510196525,3,4.062947421487606e-06,N
3510196525,3,4.062947421487606e-06,N
3510196525,3,4.062947421487606e-06,N
3510196525,3,2.8846035889488336e-05,N
909362583,3,-3.0258650948293553e-06,C
909362583,3,0.0,C
909362583,3,0.0,C
909362583,3,-1.5110716217719283e-06,C
909362583,3,0.0,C
2556855854,3,-2.609997392321109e-05,C
2556855854,3,-2.9155742968540316e-06,C
2556855854,3,-1.1334872571367588e-05,C
2556855854,3,-3.1383291701974486e-05,C
2556855854,3,2.7076467943287427e-05,C
3888780669,3,-0.00019479432640679556,O
3888780669,3,-0.0022107428042432205,O
3888780669,3,0.00040240475947488,O
3888780669,3,-0.0016920294598294899,O
3888780669,3,-0.0003563536776029271,O
2448572767,3,0.0,
2448572767,3,0.0,
2448572767,3,0.0,
2448572767,3,0.0,
2448572767,3,0.0,
932692620,3,0.0,C
932692620,3,0.0,C
932692620,3,0.0,C
932692620,3,0.0,C
932692620,3,0.0,C
92620239,3,4.993015625539068e-06,C
92620239,3,1.9644391834168495e-05,C
92620239,3,3.48194400376714e-06,C
92620239,3,-6.649768255605898e-06,C
92620239,3,-1.4765101351843501e-05,C
443932914,3,1.8714323630115298e-05,N
443932914,3,0.0,N
443932914,3,0.0,N
443932914,3,1.8714323630115298e-05,N
443932914,3,0.0,N
586636525,3,1.5073634705535521e-06,C
586636525,3,1.5073634705535521e-06,C
586636525,3,0.0,C
586636525,3,0.0,C
586636525,3,0.0,C
3462479532,3,-1.7622804273618314e-05,C
3462479532,3,-1.1867416026305894e-05,C
3462479532,3,1.2602064585649775e-05,C
3462479532,3,-1.5110716217719283e-06,C
3462479532,3,5.566616373730085e-06,C
2222621677,3,1.5989961302153438e-05,O
2222621677,3,1.3646809009042887e-05,O
2222621677,3,1.9462766728539638e-06,O
2222621677,3,1.5073634705535521e-06,O
2222621677,3,-2.4124234502417852e-05,O
328936174,3,-1.6892765562879705e-05,C
328936174,3,1.64893911827977e-05,C
328936174,3,-4.3122186296373766e-05,C
328936174,3,3.8965869288745333e-05,C
328936174,3,-1.1907918718474797e-06,C
2154777022,3,1.5073634705535521e-06,C
2154777022,3,0.0,C
2154777022,3,0.0,C
2154777022,3,1.5073634705535521e-06,C
2154777022,3,5.566616373730085e-06,C
3992410619,3,-4.780568231697174e-06,C
3992410619,3,1.3787943228611016e-05,C
3992410619,3,-4.159614439126422e-05,C
3992410619,3,-3.86251803479766e-05,C
3992410619,3,-1.9126473225862528e-05,C
3750444818,3,0.0005260790801025778,C
3750444818,3,0.0006707725365555301,C
3750444818,3,0.0005060450938773496,C
3750444818,3,0.00011240654771819784,C
3750444818,3,0.0007006603579454464,C
2975126068,3,-0.00019349165385093917,N
2975126068,3,-5.599245678465821e-05,N
2975126068,3,-9.124981287935395e-05,N
2975126068,3,-0.0001082332784882959,N
2975126068,3,-7.676130853984456e-05,N
2477914203,3,-1.8840916723657924e-05,N
2477914203,3,1.5073634705535521e-06,N
2477914203,3,-4.399857208788743e-05,N
2477914203,3,-1.8840916723657924e-05,N
2477914203,3,-1.8840916723657924e-05,N
353395765,3,2.618586005851027e-05,C
353395765,3,3.300376713824375e-05,C
353395765,3,3.896417487538571e-05,C
353395765,3,3.2285416972581416e-05,C
353395765,3,-3.535309112009076e-05,C
69470421,3,0.0,C
69470421,3,0.0,C
69470421,3,0.0,C
69470421,3,0.0,C
69470421,3,0.0,C
540046244,3,2.4252938291505904e-06,C
540046244,3,4.3235039007966103e-07,C
540046244,3,1.841148133690032e-05,C
540046244,3,-3.925739753145481e-05,C
540046244,3,3.537610073053865e-05,C
4261830945,3,-0.00012881327772052038,C
4261830945,3,-0.00020171843102067058,C
4261830945,3,-5.8725800308041115e-05,C
4261830945,3,-0.0002520976308370091,C
4261830945,3,-0.00011554411338916826,C
3904721945,3,-7.269879249972508e-05,C
3904721945,3,-4.067779822659011e-05,C
3904721945,3,-0.00013671207797493964,C
3904721945,3,-3.734925876044959e-05,C
3904721945,3,-4.466479552647784e-05,C
4055698890,3,2.594458829169831e-05,N
4055698890,3,2.0761919908105636e-06,N
4055698890,3,-1.827619013424972e-05,N
4055698890,3,-2.0831774085183774e-05,N
4055698890,3,1.0167865097849421e-05,N
1738265797,3,1.5073634705535521e-06,C
1738265797,3,-7.98510926907671e-06,C
1738265797,3,1.3774104683197258e-05,C
1738265797,3,-4.661085439542148e-06,C
1738265797,3,-2.6387435619074778e-05,C
2014543234,3,6.591923506279497e-05,C
2014543234,3,9.809671068301135e-06,C
2014543234,3,-2.0018332740148054e-05,C
2014543234,3,-4.11798634939696e-05,C
2014543234,3,0.00010430851024660105,C
2697110228,3,5.858031882009784e-05,C
2697110228,3,5.902634617232019e-05,C
2697110228,3,0.00010578465356118373,C
2697110228,3,8.961772111985497e-05,C
2697110228,3,0.00011238416071438634,C
694069322,3,2.321430113022896e-05,N
694069322,3,-5.900447202775681e-05,N
694069322,3,-7.599465964805603e-05,N
694069322,3,-6.939993603307347e-05,N
694069322,3,0.0020062879953572045,N
3120784405,3,-5.558339915581745e-05,C
3120784405,3,-2.4432586980420445e-05,C
3120784405,3,-3.4401726794299967e-05,C
3120784405,3,-5.236016703560886e-06,C
3120784405,3,-5.236016703560886e-06,C
2574917850,3,0.0,C
2574917850,3,-1.5110716217719283e-06,C
2574917850,3,-1.5110716217719283e-06,C
2574917850,3,-1.5110716217719283e-06,C
2574917850,3,-1.5110716217719283e-06,C
644322065,3,2.8846035889488336e-05,C
644322065,3,0.0,C
644322065,3,0.0,C
644322065,3,0.0,C
644322065,3,0.0,C
4068239769,3,0.0,S
4068239769,3,0.0,S
4068239769,3,0.0,S
4068239769,3,0.0,S
4068239769,3,0.0,S
606428793,3,0.0,C
606428793,3,0.0,C
606428793,3,0.0,C
606428793,3,0.0,C
606428793,3,0.0,C
3304582332,3,0.0,C
3304582332,3,0.0,C
3304582332,3,0.0,C
3304582332,3,0.0,C
3304582332,3,0.0,C
3920757710,3,3.242255650637814e-05,C
3920757710,3,1.4678885520744145e-05,C
3920757710,3,4.7944816590010306e-05,C
3920757710,3,3.439616597653711e-05,C
3920757710,3,7.294872346032266e-05,C
2923200147,3,8.444123620358554e-05,C
2923200147,3,4.7274520318123583e-05,C
2923200147,3,3.255306514336406e-05,C
2923200147,3,6.986685201157243e-05,C
2923200147,3,2.7480536654267765e-05,C
1349404210,3,6.642370785913537e-05,N
1349404210,3,-6.712729956585492e-06,N
1349404210,3,4.7683235782261524e-05,N
1349404210,3,-1.345472951409625e-05,N
1349404210,3,-8.54695336357375e-06,N
2238101436,3,-1.7250992989230676e-05,C
2238101436,3,-3.696647054433899e-05,C
2238101436,3,-1.027749229188038e-05,C
2238101436,3,-1.7250992989230676e-05,C
2238101436,3,-1.7250992989230676e-05,C
310913359,3,-7.79160065449494e-06,C
310913359,3,-1.1867416026305894e-05,C
310913359,3,6.915629322267608e-06,C
310913359,3,6.915629322267608e-06,C
310913359,3,-1.0356344404533965e-05,C
4086265842,3,8.076628461855563e-05,C
4086265842,3,7.80569355445411e-05,C
4086265842,3,1.526046217650845e-05,C
4086265842,3,4.204826701262321e-05,C
4086265842,3,9.046182511942592e-05,C
3328145258,3,6.224675264589891e-06,C
3328145258,3,2.6394815181575784e-05,C
3328145258,3,6.224675264589891e-06,C
3328145258,3,4.709881791532464e-06,C
3328145258,3,0.0,C
3045022511,3,4.338500280187327e-05,S
3045022511,3,3.110961878111801e-05,S
3045022511,3,5.0191463243275114e-05,S
3045022511,3,2.8233813854515802e-05,S
3045022511,3,-3.95092637482837e-06,S
910450790,3,3.8974431012009716e-05,C
910450790,3,0.00014040213827090815,C
910450790,3,9.260927472027475e-05,C
910450790,3,6.488755646443835e-05,C
910450790,3,0.0001222173003457335,C
1216095805,3,-1.8840916723657924e-05,C
1216095805,3,-2.2929663080506826e-05,C
1216095805,3,1.5073634705535521e-06,C
1216095805,3,1.5073634705535521e-06,C
1216095805,3,-2.035571019671535e-05,C
2187394687,3,-0.0005786813927795911,C
2187394687,3,0.001763417173511069,C
2187394687,3,-0.0005481871154971209,C
2187394687,3,-0.0005720131565669119,C
2187394687,3,-0.0005471223597471771,C
544755086,3,-2.5647437500390252e-06,C
544755086,3,0.0,C
544755086,3,1.5073634705535521e-06,C
544755086,3,-2.5647437500390252e-06,C
544755086,3,-1.057380279485473e-06,C
2425865203,3,2.7338672418934784e-05,C
2425865203,3,0.0,C
2425865203,3,1.5073634705535521e-06,C
2425865203,3,2.7338672418934784e-05,C
2425865203,3,1.5073634705535521e-06,C
1558658757,3,4.062947421487606e-06,C
1558658757,3,5.566616373730085e-06,C
1558658757,3,9.613077508534643e-06,C
1558658757,3,3.693357692927113e-05,C
1558658757,3,3.289617797644015e-05,C
68675643,3,0.0,C
68675643,3,0.0,C
68675643,3,0.0,C
68675643,3,0.0,C
68675643,3,0.0,C
2905822145,3,-2.1482861659052888e-05,C
2905822145,3,-2.8456362356403184e-05,C
2905822145,3,4.131562906172295e-06,C
2905822145,3,-1.1049316069162984e-05,C
2905822145,3,7.356921314363545e-05,C
2284773903,3,3.034970484173255e-05,C
2284773903,3,2.4783088468002465e-05,C
2284773903,3,2.779412089080023e-05,C
2284773903,3,2.6290451938556017e-05,C
2284773903,3,2.4783088468002465e-05,C
3835273908,3,4.350885572228583e-06,C
3835273908,3,1.3250204773974927e-06,C
3835273908,3,-1.9350861458176938e-07,C
3835273908,3,2.8398139504566544e-06,C
3835273908,3,2.045247129007187e-05,C
3249398244,3,-1.5110716217719283e-06,C
3249398244,3,0.0,C
3249398244,3,-1.5110716217719283e-06,C
3249398244,3,0.0,C
3249398244,3,-1.5110716217719283e-06,C
3772302167,3,-2.353523017317033e-05,C
3772302167,3,-4.0758153718109535e-06,C
3772302167,3,3.62569474948414e-05,C
3772302167,3,4.861983246503415e-06,C
3772302167,3,2.061730038980733e-05,C
2510215966,3,-1.070215393035763e-05,C
2510215966,3,-4.417916746417977e-06,C
2510215966,3,-3.8878244386914354e-05,C
2510215966,3,-2.951911123633827e-05,C
2510215966,3,-1.070215393035763e-05,C
3406201864,3,7.78472950477109e-06,C
3406201864,3,-2.9813707835765757e-05,C
3406201864,3,-8.341215173169464e-05,C
3406201864,3,1.0980668848300373e-05,C
3406201864,3,-5.11019691086332e-05,C
3684013815,3,-6.030916185921671e-05,C
3684013815,3,-2.0570932444308535e-05,C
3684013815,3,-2.7106266803271148e-05,C
3684013815,3,-4.770786115260335e-05,C
3684013815,3,-1.431647991311652e-05,C
787341104,3,4.062947421487606e-06,C
787341104,3,0.0,C
787341104,3,0.0,C
787341104,3,0.0,C
787341104,3,0.0,C
1256946769,3,3.011032422797766e-06,N
1256946769,3,-2.5647437500390252e-06,N
1256946769,3,-2.760733739376464e-05,N
1256946769,3,-2.9118409015538305e-05,N
1256946769,3,-3.803377884929564e-05,N
2110118862,3,-4.328006455444483e-05,C
2110118862,3,-1.0254080928950512e-05,C
2110118862,3,-3.992275671607301e-05,C
2110118862,3,-5.067053015185216e-05,C
2110118862,3,-2.7496512624127292e-05,C
1899422126,3,0.0,C
1899422126,3,-7.79160065449494e-06,C
1899422126,3,-7.79160065449494e-06,C
1899422126,3,-7.79160065449494e-06,C
1899422126,3,-7.79160065449494e-06,C
3727960280,3,0.0,C
3727960280,3,0.0,C
3727960280,3,0.0,C
3727960280,3,0.0,C
3727960280,3,0.0,C
4023654873,3,2.8398139504566544e-06,C
4023654873,3,9.471213273201662e-06,C
4023654873,3,-2.7752183767019642e-05,C
4023654873,3,-1.6927260547486278e-05,C
4023654873,3,8.42299279282116e-06,C
467603055,3,-0.00011096934526054654,C
467603055,3,-8.615545690394445e-05,C
467603055,3,3.034970484173255e-05,C
467603055,3,-1.6418478313256005e-05,C
467603055,3,-4.906685301526645e-05,C
409801989,3,-7.139773254126631e-05,C
409801989,3,-1.5058060523577554e-05,C
409801989,3,-2.156626890294916e-05,C
409801989,3,1.1145759094416396e-05,C
409801989,3,5.20106195198676e-06,C
1289643292,3,0.0,N
1289643292,3,1.5073634705535521e-06,N
1289643292,3,0.0,N
1289643292,3,0.0,N
1289643292,3,1.5073634705535521e-06,N
3011598321,3,2.555583950934054e-06,C
3011598321,3,4.062947421487606e-06,C
3011598321,3,-2.504259364372388e-05,C
3011598321,3,-8.770128821326828e-06,C
3011598321,3,1.5073634705535521e-06,C
3460898310,3,0.00010096632988088224,N
3460898310,3,0.00011801304564255152,N
3460898310,3,0.00026119752885928396,N
3460898310,3,0.00016712407406553782,N
3460898310,3,9.479337617946185e-05,N
2971716993,3,-1.7474691475137527e-05,N
2971716993,3,-1.5956162383158265e-05,N
2971716993,3,-1.0356344404533965e-05,N
2971716993,3,-8.848980933980413e-06,N
2971716993,3,-1.8539374090272356e-05,N
1556668346,3,-5.16382962238264e-05,N
1556668346,3,-3.535840139892374e-05,N
1556668346,3,-9.435606627391895e-05,N
1556668346,3,2.980685449363585e-07,N
1556668346,3,-4.657695201461601e-05,N
4022716898,3,-4.0758153718109535e-06,C
4022716898,3,-2.5647437500390252e-06,C
4022716898,3,-4.0758153718109535e-06,C
4022716898,3,-2.5647437500390252e-06,C
4022716898,3,-2.5647437500390252e-06,C
2458968089,3,0.0,C
2458968089,3,0.0,C
2458968089,3,0.0,C
2458968089,3,4.062947421487606e-06,C
2458968089,3,0.0,C
4164236649,3,-6.00580358624328e-05,C
4164236649,3,-1.4765101351843501e-05,C
4164236649,3,-3.841539324551946e-05,C
4164236649,3,1.1395888110891234e-06,C
4164236649,3,-4.248750046611377e-05,C
2154975788,3,0.0,C
2154975788,3,0.0,C
2154975788,3,0.0,C
2154975788,3,0.0,C
2154975788,3,0.0,C
3248686995,3,4.6858215718873636e-05,C
3248686995,3,3.011032422797766e-06,C
3248686995,3,3.060162438178575e-05,C
3248686995,3,4.59314759365826e-05,C
3248686995,3,-1.4353307663694803e-05,C
3909974435,3,0.0,C
3909974435,3,0.0,C
3909974435,3,0.0,C
3909974435,3,0.0,C
3909974435,3,0.0,C
3012080282,3,8.42299279282116e-06,C
3012080282,3,2.0058374004438412e-05,C
3012080282,3,4.062947421487606e-06,C
3012080282,3,1.0978576743755214e-05,C
3012080282,3,1.5073634705535521e-06,C
3462333187,3,1.2482245695997693e-05,C
3462333187,3,8.42299279282116e-06,C
3462333187,3,1.0978576743755214e-05,C
3462333187,3,9.926661745065374e-06,C
3462333187,3,1.2482245695997693e-05,C
1229325558,3,-4.583817774871102e-05,N
1229325558,3,3.9245934571956534e-05,N
1229325558,3,4.328143358593543e-05,N
1229325558,3,4.07349604512261e-05,N
1229325558,3,-1.2502476572645235e-05,N
3599139274,3,0.0,C
3599139274,3,6.915629322267608e-06,C
3599139274,3,6.915629322267608e-06,C
3599139274,3,0.0,C
3599139274,3,6.915629322267608e-06,C
806369437,3,0.0,C
806369437,3,0.0,C
806369437,3,0.0,C
806369437,3,0.0,C
806369437,3,0.0,C
2395259406,3,-2.2650423760385216e-05,C
2395259406,3,-1.9200545961217674e-05,C
2395259406,3,-1.1422933817773623e-05,C
2395259406,3,-7.721908340946326e-06,C
2395259406,3,-1.8106029573574864e-05,C
864942795,3,2.555583950934054e-06,O
864942795,3,1.0445123291603908e-06,O
864942795,3,2.3376380089250304e-05,O
864942795,3,2.4887451711022232e-05,O
864942795,3,-3.0258650948293553e-06,O
1785683843,3,-4.702811438970361e-07,C
1785683843,3,1.672756819943999e-05,C
1785683843,3,-3.0258650948293553e-06,C
1785683843,3,5.102057085641654e-06,C
1785683843,3,-1.988810235878033e-06,C
2516197204,3,0.0,C
2516197204,3,0.0,C
2516197204,3,0.0,C
2516197204,3,2.555583950934054e-06,C
2516197204,3,9.613077508534643e-06,C
2295519362,3,5.251449788528165e-05,C
2295519362,3,0.00010353756238883245,C
2295519362,3,6.32167768689542e-05,C
2295519362,3,4.488867175411748e-05,C
2295519362,3,6.930553697603523e-05,C
2598322190,3,-1.0747773435779151e-05,C
2598322190,3,-1.4353307663694803e-05,C
2598322190,3,-4.0758153718109535e-06,C
2598322190,3,2.555583950934054e-06,C
2598322190,3,0.0,C
3153477100,3,0.0,C
3153477100,3,0.0,C
3153477100,3,0.0,C
3153477100,3,0.0,C
3153477100,3,0.0,C
2192318254,3,0.0,
2192318254,3,0.0,
2192318254,3,0.0,
2192318254,3,0.0,
2192318254,3,0.0,
1619222458,3,2.0217992582359512e-05,C
1619222458,3,2.2764465717068846e-05,C
1619222458,3,2.2764465717068846e-05,C
1619222458,3,-1.5110716217719283e-06,C
1619222458,3,-1.5110716217719283e-06,C
3824063894,3,4.062947421487606e-06,C
3824063894,3,1.734882439489646e-05,C
3824063894,3,2.2875222424745614e-05,C
3824063894,3,1.179869430784769e-05,C
3824063894,3,1.2602064585649775e-05,C
885026269,3,-1.7130959085839143e-05,C
885026269,3,5.566616373730085e-06,C
885026269,3,4.983264013056973e-05,C
885026269,3,-2.5647437500390252e-06,C
885026269,3,2.534290018288768e-05,C
472281497,3,0.0,C
472281497,3,1.5073634705535521e-06,C
472281497,3,1.5073634705535521e-06,C
472281497,3,-2.5647437500390252e-06,C
472281497,3,-4.0758153718109535e-06,C
2599973650,3,0.0,N
2599973650,3,0.0,N
2599973650,3,0.0,N
2599973650,3,0.0,N
2599973650,3,0.0,N
1582607016,3,0.0,C
1582607016,3,0.0,C
1582607016,3,0.0,C
1582607016,3,0.0,C
1582607016,3,-1.5110716217719283e-06,C
1564511222,3,-3.47256844643682e-05,C
1564511222,3,1.5002957759920055e-06,C
1564511222,3,1.7206960159561746e-05,C
1564511222,3,-4.702811438970361e-07,C
1564511222,3,-2.7496512624127292e-05,C
3291149959,3,0.0,C
3291149959,3,0.0,C
3291149959,3,0.0,C
3291149959,3,0.0,C
3291149959,3,0.0,C
717151242,3,2.6729365140854694e-05,O
717151242,3,7.684179067315132e-05,O
717151242,3,2.6729365140854694e-05,O
717151242,3,4.511020422894724e-06,O
717151242,3,2.2218344717961705e-05,O
2664995851,3,-1.0356344404533965e-05,C
2664995851,3,0.0,C
2664995851,3,6.915629322267608e-06,C
2664995851,3,0.0,C
2664995851,3,0.0,C
4239037249,3,-3.0258650948293553e-06,C
4239037249,3,-4.288148423015059e-07,C
4239037249,3,-1.5314622979397882e-05,C
4239037249,3,2.1451380414917037e-06,C
4239037249,3,3.5978676769131065e-05,C
166544320,3,-3.4275573606445606e-05,C
166544320,3,1.0978576743755214e-05,C
166544320,3,1.9162396631522416e-05,C
166544320,3,-4.295125346719282e-05,C
166544320,3,-3.3360936316425074e-05,C
2369690741,3,-3.841539324551946e-05,C
2369690741,3,-3.5455398922567063e-05,C
2369690741,3,-1.806909294637532e-05,C
2369690741,3,-5.579073513562252e-05,C
2369690741,3,-2.952365972992005e-06,C
3234104871,3,0.0,C
3234104871,3,0.0,C
3234104871,3,0.0,C
3234104871,3,0.0,C
3234104871,3,0.0,C
616374597,3,7.898952337135126e-05,C
616374597,3,7.942375236863648e-05,C
616374597,3,0.000121731448830412,C
616374597,3,2.813296284153062e-05,C
616374597,3,0.0001233944317589027,C
2974534217,3,1.5073634705535521e-06,C
2974534217,3,0.0,C
2974534217,3,1.5073634705535521e-06,C
2974534217,3,0.0,C
2974534217,3,0.0,C
828793177,3,2.555583950934054e-06,N
828793177,3,8.11308950843942e-06,N
828793177,3,2.2764465717068846e-05,N
828793177,3,1.7206960159561746e-05,N
828793177,3,1.0445123291603908e-06,N
368713488,3,-0.0018195432184843086,C
368713488,3,-0.0027309282187596394,C
368713488,3,-0.0017595133410808362,C
368713488,3,-0.001697831724094533,C
368713488,3,-0.002026183958059898,C
3177362943,3,0.0,C
3177362943,3,-1.5110716217719283e-06,C
3177362943,3,0.0,C
3177362943,3,0.0,C
3177362943,3,0.0,C
912632640,3,0.0,C
912632640,3,9.613077508534643e-06,C
912632640,3,5.566616373730085e-06,C
912632640,3,0.0,C
912632640,3,5.566616373730085e-06,C
214126897,3,0.0,C
214126897,3,0.0,C
214126897,3,0.0,C
214126897,3,0.0,C
214126897,3,4.062947421487606e-06,C
4212936508,3,-4.557657589342873e-05,N
4212936508,3,-3.1383291701974486e-05,N
4212936508,3,-2.9552914681393525e-05,N
4212936508,3,-3.691172429327698e-05,N
4212936508,3,-2.5647437500390252e-06,N
3376021752,3,0.00010408144723700937,O
3376021752,3,0.00015381587765641268,O
3376021752,3,0.00011260941705738044,O
3376021752,3,0.00013135430936769658,O
3376021752,3,0.0002363171447916368,O
2987120039,3,-4.172367058773857e-05,C
2987120039,3,-3.250497239993752e-06,C
2987120039,3,-6.561242034094049e-05,C
2987120039,3,2.217842931553568e-05,C
2987120039,3,1.3373636020741833e-05,C
3816921572,3,0.0,C
3816921572,3,0.0,C
3816921572,3,0.0,C
3816921572,3,0.0,C
3816921572,3,0.0,C
203749390,3,4.9106143271382754e-05,C
203749390,3,5.426720371038557e-05,C
203749390,3,4.003033912158491e-06,C
203749390,3,0.00013633550704677828,C
203749390,3,-6.22491571577316e-07,C
992462230,3,5.525288593560829e-05,C
992462230,3,3.3165036372635737e-06,C
992462230,3,3.334070396434838e-05,C
992462230,3,4.3923478645038067e-05,C
992462230,3,5.8256542887947724e-05,C
1506993418,3,1.7206960159561746e-05,C
1506993418,3,-2.1874239288694614e-05,C
1506993418,3,0.0,C
1506993418,3,-3.0258650948293553e-06,C
1506993418,3,-3.0258650948293553e-06,C
1486598263,3,2.8846035889488336e-05,C
1486598263,3,0.0,C
1486598263,3,0.0,C
1486598263,3,0.0,C
1486598263,3,0.0,C
1914416804,3,1.9156898477127107e-05,N
1914416804,3,-7.79160065449494e-06,N
1914416804,3,4.5493595882097754e-05,N
1914416804,3,4.845356379604496e-05,N
1914416804,3,3.5293673218183066e-05,N
54936104,3,2.5710958128541753e-05,C
54936104,3,9.869352545882268e-05,C
54936104,3,-9.154018438990545e-05,C
54936104,3,-7.382057838551878e-05,C
54936104,3,-7.985170836183157e-05,C
3090652201,3,0.0,C
3090652201,3,0.0,C
3090652201,3,1.5073634705535521e-06,C
3090652201,3,0.0,C
3090652201,3,1.5073634705535521e-06,C
2987687375,3,-1.5110716217719283e-06,C
2987687375,3,0.0,C
2987687375,3,-1.5110716217719283e-06,C
2987687375,3,2.555583950934054e-06,C
2987687375,3,-1.5110716217719283e-06,C
2296493092,3,-1.027749229188038e-05,N
2296493092,3,-3.696647054433899e-05,N
2296493092,3,-3.696647054433899e-05,N
2296493092,3,-1.806909294637532e-05,N
2296493092,3,-1.806909294637532e-05,N
668520641,3,1.5073634705535521e-06,C
668520641,3,-2.5647437500390252e-06,C
668520641,3,-2.2929663080506826e-05,C
668520641,3,0.0,C
668520641,3,1.8714323630115298e-05,C
848127915,3,0.0,N
848127915,3,0.0,N
848127915,3,0.0,N
848127915,3,0.0,N
848127915,3,0.0,N
2378775366,3,0.0,O
2378775366,3,0.0,O
2378775366,3,0.0,O
2378775366,3,0.0,O
2378775366,3,0.0,O
2592785365,3,0.0,N
2592785365,3,0.0,N
2592785365,3,0.0,N
2592785365,3,0.0,N
2592785365,3,0.0,N
460073430,3,0.0,C
460073430,3,0.0,C
460073430,3,0.0,C
460073430,3,0.0,C
460073430,3,0.0,C
2378779377,3,0.0,O
2378779377,3,0.0,O
2378779377,3,0.0,O
2378779377,3,0.0,O
2378779377,3,0.0,O
4194366826,3,5.145890193444455e-05,C
4194366826,3,2.6799090952952728e-05,C
4194366826,3,4.077944152537302e-05,C
4194366826,3,5.577423791695672e-05,C
4194366826,3,1.9882991827660512e-05,C
1136130381,3,-9.683090820642587e-06,C
1136130381,3,-1.1205369367172507e-05,C
1136130381,3,2.2408583866208656e-05,C
1136130381,3,-3.832144113509808e-06,C
1136130381,3,-1.5942173872107376e-05,C
1646750527,3,0.00011775917036109355,C
1646750527,3,0.0003068672761748232,C
1646750527,3,6.772329801264451e-05,C
1646750527,3,-0.000123433319719677,C
1646750527,3,-4.909871218584244e-06,C
1163692816,3,2.1382555895404706e-05,N
1163692816,3,2.540361948421936e-05,N
1163692816,3,1.4651376208631162e-05,N
1163692816,3,2.555583950934054e-06,N
1163692816,3,1.7206960159561746e-05,N
1840994228,3,0.0024946431266275847,C
1840994228,3,-0.000756845671245579,C
1840994228,3,-0.00017955530997844707,C
1840994228,3,-0.00014694744916713028,C
1840994228,3,-0.000857229280375996,C
2609658248,3,-3.6526415378742086e-05,C
2609658248,3,3.228744157328378e-05,C
2609658248,3,2.597945520296102e-05,C
2609658248,3,7.307568673684678e-05,C
2609658248,3,3.034970484173255e-05,C
2353583745,3,-0.00010676727205373784,C
2353583745,3,-4.506145334990698e-05,C
2353583745,3,-7.0610941271948e-05,C
2353583745,3,-2.8481898225218502e-05,C
2353583745,3,-0.00012743131835535673,C
3443041413,3,-2.2929663080506826e-05,C
3443041413,3,-2.2929663080506826e-05,C
3443041413,3,-1.0356344404533965e-05,C
3443041413,3,1.3593995929143954e-05,C
3443041413,3,-3.640174395493426e-05,C
3286720230,3,3.903602772852011e-06,C
3286720230,3,-6.78898249898939e-05,C
3286720230,3,2.159982465534116e-06,C
3286720230,3,-4.0758153718109535e-06,C
3286720230,3,8.78025921552221e-06,C
1449131080,3,0.0001347268164302159,C
1449131080,3,0.00015446967765241158,C
1449131080,3,0.0001157192495173506,C
1449131080,3,8.767931669117698e-05,C
1449131080,3,0.00018414765429226095,C
636971230,3,1.1456732736768796e-05,C
636971230,3,-1.1867416026305894e-05,C
636971230,3,-5.590608844870115e-06,C
636971230,3,1.3250204773974927e-06,C
636971230,3,-1.1867416026305894e-05,C
2251845666,3,2.939669141154705e-05,C
2251845666,3,-2.145160817985589e-05,C
2251845666,3,-2.8553682426131835e-05,C
2251845666,3,3.9358208218865515e-05,C
2251845666,3,-4.248750046611377e-05,C
305828102,3,0.0,C
305828102,3,0.0,C
305828102,3,0.0,C
305828102,3,0.0,C
305828102,3,0.0,C
2810604122,3,0.0,C
2810604122,3,0.0,C
2810604122,3,0.0,C
2810604122,3,0.0,C
2810604122,3,0.0,C
979999009,3,0.0,C
979999009,3,2.555583950934054e-06,C
979999009,3,2.555583950934054e-06,C
979999009,3,2.555583950934054e-06,C
979999009,3,2.555583950934054e-06,C
4083722611,3,-1.1395784634682729e-05,C
4083722611,3,1.1105063603522591e-05,C
4083722611,3,1.4345167442557025e-05,C
4083722611,3,3.3441265816397045e-05,C
4083722611,3,2.5603116801213577e-06,C
849275503,3,-1.4367245946372148e-05,N
849275503,3,1.740177920736205e-05,N
849275503,3,-1.1774725368240285e-05,N
849275503,3,-3.790677811914278e-06,N
849275503,3,-9.191513661124459e-06,N
3533643770,3,3.4197147779860965e-05,C
3533643770,3,1.4651376208631162e-05,C
3533643770,3,4.8679666335368216e-05,C
3533643770,3,4.461301076266397e-05,C
3533643770,3,4.1877639331319716e-05,C
594486406,3,0.0,
594486406,3,0.0,
594486406,3,0.0,
594486406,3,0.0,
594486406,3,0.0,
2697642734,3,-1.9309495538653854e-05,O
2697642734,3,-1.5235382495742272e-05,O
2697642734,3,-1.5235382495742272e-05,O
2697642734,3,-5.928988368189905e-06,O
2697642734,3,1.1326732350231544e-05,O
3345225135,3,2.7076467943287427e-05,N
3345225135,3,2.8846035889488336e-05,N
3345225135,3,3.314892729948393e-05,N
3345225135,3,5.977089139347705e-05,N
3345225135,3,5.192411996603717e-05,N
1348783936,3,-8.848980933980413e-06,C
1348783936,3,-2.4718861201981218e-05,C
1348783936,3,9.436121412366612e-05,C
1348783936,3,-4.780568231697174e-06,C
1348783936,3,4.997255584156084e-05,C
3848368466,3,-2.5647437500390252e-06,C
3848368466,3,-2.5647437500390252e-06,C
3848368466,3,-2.5647437500390252e-06,C
3848368466,3,0.0,C
3848368466,3,-2.5647437500390252e-06,C
4130182993,3,2.3725708188515257e-05,C
4130182993,3,-3.0258650948293553e-06,C
4130182993,3,2.4783088468002465e-05,C
4130182993,3,2.0707273096189777e-05,C
4130182993,3,4.7435144888826816e-05,C
994637429,3,0.0,N
994637429,3,0.0,N
994637429,3,0.0,N
994637429,3,0.0,N
994637429,3,0.0,N
1868697328,3,0.0,
1868697328,3,0.0,
1868697328,3,0.0,
1868697328,3,0.0,
1868697328,3,0.0,
485458970,3,0.0,F
485458970,3,0.0,F
485458970,3,0.0,F
485458970,3,0.0,F
485458970,3,0.0,F
1971534293,3,-3.696647054433899e-05,O
1971534293,3,-1.1821800982997344e-06,O
1971534293,3,-7.79160065449494e-06,O
1971534293,3,2.555583950934054e-06,O
1971534293,3,-9.302672276266868e-06,O
2667063169,3,0.0,O
2667063169,3,1.4651376208631162e-05,O
2667063169,3,0.0,O
2667063169,3,0.0,O
2667063169,3,1.4651376208631162e-05,O
831463242,3,8.11308950843942e-06,N
831463242,3,8.11308950843942e-06,N
831463242,3,3.842989747704362e-05,N
831463242,3,8.11308950843942e-06,N
831463242,3,3.289617797644015e-05,N
473978627,3,0.00011310099966403177,C
473978627,3,9.885272394682086e-05,C
473978627,3,5.638545181844805e-05,C
473978627,3,1.7597448293858037e-05,C
473978627,3,5.2351720317939804e-05,C
2251883808,3,-2.9262395032703115e-05,C
2251883808,3,6.486814479966102e-06,C
2251883808,3,-2.35724532624184e-05,C
2251883808,3,6.87594491047272e-06,C
2251883808,3,-3.0807464715346816e-05,C
2959332130,3,0.0,C
2959332130,3,0.0,C
2959332130,3,0.0,C
2959332130,3,0.0,C
2959332130,3,0.0,C
256204769,3,0.0,C
256204769,3,0.0,C
256204769,3,0.0,C
256204769,3,0.0,C
256204769,3,0.0,C
2194376677,3,-1.057380279485473e-06,C
2194376677,3,-9.23297996271999e-06,C
2194376677,3,-8.164561728663325e-06,C
2194376677,3,6.929467867681366e-06,C
2194376677,3,-1.1788563913654043e-05,C
800085213,3,-1.3188045567744805e-05,C
800085213,3,-2.2487009692791562e-05,C
800085213,3,-2.863209796664587e-05,C
800085213,3,-2.6553665265497545e-05,C
800085213,3,1.9355817236492434e-05,C
3705139132,3,0.0,C
3705139132,3,0.0,C
3705139132,3,0.0,C
3705139132,3,0.0,C
3705139132,3,0.0,C
2834566420,3,0.0,C
2834566420,3,0.0,C
2834566420,3,0.0,C
2834566420,3,0.0,C
2834566420,3,0.0,C
3341916169,3,-3.169236189932978e-05,C
3341916169,3,-3.838288765763663e-05,C
3341916169,3,-3.838288765763663e-05,C
3341916169,3,-3.579036707950303e-05,C
3341916169,3,-1.951047225460037e-05,C
1186654798,3,0.0,C
1186654798,3,0.0,C
1186654798,3,4.062947421487606e-06,C
1186654798,3,0.0,C
1186654798,3,0.0,C
215394313,3,0.0,C
215394313,3,2.8846035889488336e-05,C
215394313,3,3.034970484173255e-05,C
215394313,3,2.7338672418934784e-05,C
215394313,3,0.0,C
816543468,3,0.0,
816543468,3,0.0,
816543468,3,0.0,
816543468,3,0.0,
816543468,3,0.0,
3796970912,3,-2.6927315756698073e-05,C
3796970912,3,2.2794278232124432e-05,C
3796970912,3,2.7097169642118293e-05,C
3796970912,3,-4.314101160898462e-05,C
3796970912,3,-2.3961605678832903e-05,C
3028039221,3,1.5073634705535521e-06,N
3028039221,3,0.0,N
3028039221,3,-2.9118409015538305e-05,N
3028039221,3,-2.9118409015538305e-05,N
3028039221,3,-2.9118409015538305e-05,N
2261212172,3,0.0,
2261212172,3,0.0,
2261212172,3,0.0,
2261212172,3,0.0,
2261212172,3,0.0,
4182960975,3,0.0,C
4182960975,3,0.0,C
4182960975,3,0.0,C
4182960975,3,0.0,C
4182960975,3,3.011032422797766e-06,C
2438720939,3,0.0,
2438720939,3,0.0,
2438720939,3,0.0,
2438720939,3,0.0,
2438720939,3,0.0,
1033192140,3,0.0,
1033192140,3,0.0,
1033192140,3,0.0,
1033192140,3,0.0,
1033192140,3,0.0,
1630528126,3,-5.83139899067147e-05,C
1630528126,3,-1.704400223286398e-05,C
1630528126,3,-6.649768255605898e-06,C
1630528126,3,-2.2929663080506826e-05,C
1630528126,3,-3.432720270036757e-05,C
3974650111,3,-2.504259364372388e-05,C
3974650111,3,0.0,C
3974650111,3,0.0,C
3974650111,3,-4.0758153718109535e-06,C
3974650111,3,-2.504259364372388e-05,C
1910766508,3,-7.79160065449494e-06,C
1910766508,3,1.2482245695997693e-05,C
1910766508,3,4.062947421487606e-06,C
1910766508,3,-2.2144908318189743e-05,C
1910766508,3,1.652870683080225e-05,C
4081537576,3,4.062947421487606e-06,C
4081537576,3,-1.2564109542220411e-05,C
4081537576,3,-1.6276172973617165e-05,C
4081537576,3,-2.910553275864425e-06,C
4081537576,3,1.5073634705535521e-06,C
1255595680,3,-2.2761818543088827e-05,C
1255595680,3,6.978724764276217e-05,C
1255595680,3,2.8092275081581172e-05,C
1255595680,3,3.098866123616567e-05,C
1255595680,3,7.870329553700921e-05,C
1630260676,3,0.0,C
1630260676,3,0.0,C
1630260676,3,0.0,C
1630260676,3,0.0,C
1630260676,3,0.0,C
3129492592,3,0.0,C
3129492592,3,-1.5110716217719283e-06,C
3129492592,3,0.0,C
3129492592,3,0.0,C
3129492592,3,-1.5110716217719283e-06,C
781912670,3,-2.5647437500390252e-06,C
781912670,3,0.0,C
781912670,3,-4.0758153718109535e-06,C
781912670,3,0.0,C
781912670,3,0.0,C
2487927669,3,7.443949917728537e-05,C
2487927669,3,9.186366086036575e-05,C
2487927669,3,0.00014809521178898132,C
2487927669,3,8.886735231249804e-05,C
2487927669,3,7.038024627411057e-05,C
3787488754,3,0.0,C
3787488754,3,0.0,C
3787488754,3,0.0,C
3787488754,3,0.0,C
3787488754,3,0.0,C
2308348490,3,2.365676213783585e-05,C
2308348490,3,1.3525049878462814e-05,C
2308348490,3,1.0980668848300373e-05,C
2308348490,3,2.1039570425660306e-05,C
2308348490,3,3.334601338960026e-05,C
2333272823,3,0.0,C
2333272823,3,0.0,C
2333272823,3,0.0,C
2333272823,3,0.0,C
2333272823,3,0.0,C
2812398603,3,-2.1644027834426954e-06,C
2812398603,3,2.555583950934054e-06,C
2812398603,3,0.0,C
2812398603,3,1.065050046117344e-05,C
2812398603,3,-2.504259364372388e-05,C
2999514534,3,1.5073634705535521e-06,C
2999514534,3,1.5073634705535521e-06,C
2999514534,3,1.5073634705535521e-06,C
2999514534,3,1.5073634705535521e-06,C
2999514534,3,1.5073634705535521e-06,C
3222770065,3,0.0,C
3222770065,3,-6.973500697348561e-06,C
3222770065,3,0.0,C
3222770065,3,0.0,C
3222770065,3,0.0,C
3491109101,3,0.0,C
3491109101,3,0.0,C
3491109101,3,0.0,C
3491109101,3,0.0,C
3491109101,3,0.0,C
1255626466,3,0.0,N
1255626466,3,0.0,N
1255626466,3,0.0,N
1255626466,3,0.0,N
1255626466,3,0.0,N
3289231689,3,0.0,C
3289231689,3,-1.5110716217719283e-06,C
3289231689,3,2.555583950934054e-06,C
3289231689,3,2.555583950934054e-06,C
3289231689,3,2.555583950934054e-06,C
3745584548,3,1.5073634705535521e-06,C
3745584548,3,1.6158739679184714e-05,C
3745584548,3,1.6158739679184714e-05,C
3745584548,3,1.6158739679184714e-05,C
3745584548,3,1.6158739679184714e-05,C
1914229733,3,-1.5110716217719283e-06,C
1914229733,3,0.0,C
1914229733,3,-1.5110716217719283e-06,C
1914229733,3,-1.5110716217719283e-06,C
1914229733,3,0.0,C
216545222,3,-6.066672733338538e-06,N
216545222,3,-3.0258650948293553e-06,N
216545222,3,-4.544394186810352e-06,N
216545222,3,-6.066672733338538e-06,N
216545222,3,-3.0258650948293553e-06,N
2331740049,3,0.0,N
2331740049,3,-1.5110716217719283e-06,N
2331740049,3,0.0,N
2331740049,3,-1.5110716217719283e-06,N
2331740049,3,0.0,N
2355446912,3,1.0291330837294138e-05,C
2355446912,3,2.555583950934054e-06,C
2355446912,3,-3.063320248859573e-05,C
2355446912,3,-2.1326808361043365e-05,C
2355446912,3,0.0,C
859799282,3,1.6471399402490788e-06,C
859799282,3,1.0131712259373038e-05,C
859799282,3,-1.0223997937344048e-05,C
859799282,3,6.055896887558615e-06,C
859799282,3,-1.4765101351843501e-05,C
3811375594,3,1.5698328633101388e-05,C
3811375594,3,1.674113281556651e-05,C
3811375594,3,2.4476879701928328e-05,C
3811375594,3,5.713795512955061e-06,C
3811375594,3,1.4194659680857175e-05,C
144568923,3,0.0,C
144568923,3,0.0,C
144568923,3,0.0,C
144568923,3,0.0,C
144568923,3,0.0,C
2557045420,3,1.0291330837294138e-05,N
2557045420,3,1.7206960159561746e-05,N
2557045420,3,-1.5110716217719283e-06,N
2557045420,3,1.7206960159561746e-05,N
2557045420,3,1.7206960159561746e-05,N
4265716399,3,5.890415239439076e-05,N
4265716399,3,4.090632279368442e-05,N
4265716399,3,3.1537721659403994e-05,N
4265716399,3,2.182683735128116e-05,N
4265716399,3,7.588107088522984e-05,N
778974661,3,0.0,C
778974661,3,0.0,C
778974661,3,0.0,C
778974661,3,0.0,C
778974661,3,0.0,C
3914061263,3,0.0,C
3914061263,3,-1.027749229188038e-05,C
3914061263,3,0.0,C
3914061263,3,0.0,C
3914061263,3,0.0,C
3330819572,3,-1.6276172973617165e-05,C
3330819572,3,-2.035571019671535e-05,C
3330819572,3,-4.039303785997178e-05,C
3330819572,3,-1.325773788128995e-05,C
3330819572,3,-2.5873018267202896e-05,C
1674219510,3,1.0575560836816739e-05,C
1674219510,3,1.7206960159561746e-05,C
1674219510,3,9.060767363759312e-06,C
1674219510,3,1.4651376208631162e-05,C
1674219510,3,1.4651376208631162e-05,C
2170404731,3,-1.6276172973617165e-05,C
2170404731,3,-5.4937032992846e-05,C
2170404731,3,-2.0057578929713604e-05,C
2170404731,3,-5.0853760150825975e-05,C
2170404731,3,-2.4124234502417852e-05,C
3116051204,3,0.0,C
3116051204,3,0.0,C
3116051204,3,0.0,C
3116051204,3,0.0,C
3116051204,3,0.0,C
493191496,3,0.0,C
493191496,3,1.5073634705535521e-06,C
493191496,3,0.0,C
493191496,3,0.0,C
493191496,3,-1.5110716217719283e-06,C
851463431,3,0.0,C
851463431,3,0.0,C
851463431,3,0.0,C
851463431,3,0.0,C
851463431,3,0.0,C
2839110432,3,0.0,C
2839110432,3,0.0,C
2839110432,3,-7.79160065449494e-06,C
2839110432,3,-7.79160065449494e-06,C
2839110432,3,-7.79160065449494e-06,C
1913726790,3,1.8714323630115298e-05,C
1913726790,3,3.32532905425037e-05,C
1913726790,3,1.8714323630115298e-05,C
1913726790,3,1.179869430784769e-05,C
1913726790,3,4.062947421487606e-06,C
512485612,3,0.0,
512485612,3,0.0,
512485612,3,0.0,
512485612,3,0.0,
512485612,3,0.0,
3631761933,3,-2.9722300817497035e-05,C
3631761933,3,-2.9722300817497035e-05,C
3631761933,3,-2.8203771725517773e-05,C
3631761933,3,-2.8203771725517773e-05,C
3631761933,3,-2.668897825245861e-05,C
3254486562,3,0.0002226233453670283,C
3254486562,3,0.0003415877636019334,C
3254486562,3,9.175497850233416e-05,C
3254486562,3,0.00034309143255417673,C
3254486562,3,0.0001611282290236854,C
1163048604,3,-2.504259364372388e-05,C
1163048604,3,-3.546903509925661e-05,C
1163048604,3,0.0,C
1163048604,3,-1.7250992989230676e-05,C
1163048604,3,-3.803377884929564e-05,C
265892994,3,0.0,O
265892994,3,0.0,O
265892994,3,0.0,O
265892994,3,0.0,O
265892994,3,0.0,O
2328129879,3,-0.00011445389143230691,O
2328129879,3,0.00014618445060138232,O
2328129879,3,-0.00013710104223870617,O
2328129879,3,-9.77644725928227e-05,O
2328129879,3,-1.4765101351843501e-05,O
3048383039,3,-5.006350166642318e-06,C
3048383039,3,0.00015317433832307947,C
3048383039,3,-3.742069572235107e-05,C
3048383039,3,0.00016371020879770055,C
3048383039,3,0.00020862117552649957,C
1222631225,3,1.1109398056307132e-05,C
1222631225,3,-9.198484978113416e-06,C
1222631225,3,7.066604373825308e-06,C
1222631225,3,1.5073634705535521e-06,C
1222631225,3,-2.1874239288694614e-05,C
1272192549,3,-8.164561728663325e-06,C
1272192549,3,-6.649768255605898e-06,C
1272192549,3,-5.590608844870115e-06,C
1272192549,3,-6.649768255605898e-06,C
1272192549,3,-6.649768255605898e-06,C
222023415,3,-1.1481914110718361e-05,N
222023415,3,0.00010072910541690603,N
222023415,3,9.798005683132709e-05,N
222023415,3,0.00010525937347551778,N
222023415,3,5.7734459554956846e-05,N
617798156,3,0.0,O
617798156,3,0.0,O
617798156,3,0.0,O
617798156,3,0.0,O
617798156,3,0.0,O
190140222,3,0.0,N
190140222,3,0.0,N
190140222,3,0.0,N
190140222,3,0.0,N
190140222,3,0.0,N
4180801603,3,0.0,C
4180801603,3,-1.284223604192114e-05,C
4180801603,3,-1.284223604192114e-05,C
4180801603,3,2.8846035889488336e-05,C
4180801603,3,2.8846035889488336e-05,C
3984860707,3,-1.2148935903590757e-05,S
3984860707,3,1.3838545413757952e-08,S
3984860707,3,2.5603116801213577e-06,S
3984860707,3,1.3838545413757952e-08,S
3984860707,3,-1.027749229188038e-05,S
3462308225,3,0.00011370142453733315,C
3462308225,3,0.00022114169232756616,C
3462308225,3,9.200126333825352e-05,C
3462308225,3,0.00019505966984669203,C
3462308225,3,0.00014150664985539824,C
2355616982,3,1.163907572992659e-05,C
2355616982,3,-2.760733739376464e-05,C
2355616982,3,-1.582248163133071e-05,C
2355616982,3,-5.3711337790361344e-05,C
2355616982,3,-2.035571019671535e-05,C
4042373501,3,-1.5110716217719283e-06,C
4042373501,3,-2.1874239288694614e-05,C
4042373501,3,-3.0258650948293553e-06,C
4042373501,3,-3.0258650948293553e-06,C
4042373501,3,-5.928988368189905e-06,C
736514702,3,-1.947343934280768e-06,O
736514702,3,-1.2266302527758413e-05,O
736514702,3,6.266089495124416e-07,O
736514702,3,2.3839231230643465e-05,O
736514702,3,3.953814934001473e-06,O
65941455,3,2.4141066373573397e-05,C
65941455,3,0.00013387230521624827,C
65941455,3,-3.418112464586599e-05,C
65941455,3,0.00011152209975875526,C
65941455,3,7.137724222443416e-05,C
2411289135,3,0.0,
2411289135,3,0.0,
2411289135,3,0.0,
2411289135,3,0.0,
2411289135,3,0.0,
661888323,3,0.0,C
661888323,3,0.0,C
661888323,3,0.0,C
661888323,3,0.0,C
661888323,3,0.0,C
1909986973,3,-6.18943444961606e-05,C
1909986973,3,-4.295765889280982e-05,C
1909986973,3,-3.802935180636027e-05,C
1909986973,3,7.960920910413637e-05,C
1909986973,3,-4.085063379136514e-05,C
984189120,3,0.0,
984189120,3,0.0,
984189120,3,0.0,
984189120,3,0.0,
984189120,3,0.0,
237615532,3,-1.4765101351843501e-05,C
237615532,3,4.062947421487606e-06,C
237615532,3,5.566616373730085e-06,C
237615532,3,-1.4765101351843501e-05,C
237615532,3,-1.4765101351843501e-05,C
3598064087,3,-1.5110716217719283e-06,C
3598064087,3,0.0,C
3598064087,3,0.0,C
3598064087,3,0.0,C
3598064087,3,-1.5110716217719283e-06,C
1795978025,3,2.0217992582359512e-05,C
1795978025,3,1.6158739679184714e-05,C
1795978025,3,1.0978576743755214e-05,C
1795978025,3,5.378106437690239e-05,C
1795978025,3,4.893513288892204e-05,C
2235918822,3,0.0,
2235918822,3,0.0,
2235918822,3,0.0,
2235918822,3,0.0,
2235918822,3,0.0,
1876820278,3,1.0445123291603908e-06,C
1876820278,3,5.855208354547947e-06,C
1876820278,3,-3.2805802316002164e-06,C
1876820278,3,4.467157969156692e-05,C
1876820278,3,1.0903036526475895e-05,C
698395004,3,-3.0258650948293553e-06,C
698395004,3,-3.0258650948293553e-06,C
698395004,3,-7.109137936849377e-06,C
698395004,3,-5.590608844870115e-06,C
698395004,3,-3.0258650948293553e-06,C
1207774339,3,-2.8425842088359438e-05,C
1207774339,3,2.813296284153062e-05,C
1207774339,3,5.386039582665203e-05,C
1207774339,3,9.811938877172383e-06,C
1207774339,3,4.142977219572658e-05,C
431202968,3,4.062947421487606e-06,O
431202968,3,1.8714323630115298e-05,O
431202968,3,4.062947421487606e-06,O
431202968,3,0.0,O
431202968,3,3.011032422797766e-06,O
833901780,3,-5.590608844870115e-06,N
833901780,3,5.102057085641654e-06,N
833901780,3,-2.436013092608179e-05,N
833901780,3,-4.0758153718109535e-06,N
833901780,3,-2.0276858084061766e-05,N
1821698485,3,-1.6423017137872503e-05,C
1821698485,3,1.2502947394830294e-05,C
1821698485,3,5.352800767466012e-05,C
1821698485,3,3.84747507543165e-06,C
1821698485,3,-4.7716483027801515e-06,C
1906719888,3,0.0,C
1906719888,3,0.0,C
1906719888,3,0.0,C
1906719888,3,0.0,C
1906719888,3,0.0,C
2809361097,3,0.0,C
2809361097,3,4.062947421487606e-06,C
2809361097,3,4.062947421487606e-06,C
2809361097,3,1.5073634705535521e-06,C
2809361097,3,4.062947421487606e-06,C
2036328569,3,6.54483780603704e-05,C
2036328569,3,4.511020422894724e-06,C
2036328569,3,0.00010819460134616193,C
2036328569,3,-2.4596304970966876e-05,C
2036328569,3,8.596516331957696e-05,C
2512623809,3,4.062947421487606e-06,C
2512623809,3,0.0,C
2512623809,3,1.5073634705535521e-06,C
2512623809,3,0.0,C
2512623809,3,4.062947421487606e-06,C
2817106133,3,0.0,
2817106133,3,0.0,
2817106133,3,0.0,
2817106133,3,0.0,
2817106133,3,0.0,
1754248939,3,-1.8840916723657924e-05,C
1754248939,3,4.825193610499129e-06,C
1754248939,3,-2.910553275864425e-06,C
1754248939,3,-1.8840916723657924e-05,C
1754248939,3,-1.5110716217719283e-06,C
2635303940,3,-4.0758153718109535e-06,C
2635303940,3,0.0,C
2635303940,3,0.0,C
2635303940,3,-4.0758153718109535e-06,C
2635303940,3,1.5073634705535521e-06,C
1396348621,3,0.0,C
1396348621,3,0.0,C
1396348621,3,4.062947421487606e-06,C
1396348621,3,0.0,C
1396348621,3,0.0,C
2479916646,3,6.609420556195206e-06,C
2479916646,3,6.609420556195206e-06,C
2479916646,3,4.062947421487606e-06,C
2479916646,3,2.555583950934054e-06,C
2479916646,3,0.0,C
4282315164,3,5.273997397194086e-05,N
4282315164,3,1.3982233696092916e-05,N
4282315164,3,4.8270065246582006e-05,N
4282315164,3,5.273997397194086e-05,N
4282315164,3,2.2055104860651403e-05,N
2486266314,3,0.0,C
2486266314,3,0.0,C
2486266314,3,0.0,C
2486266314,3,0.0,C
2486266314,3,0.0,C
1019269664,3,0.0,N
1019269664,3,0.0,N
1019269664,3,0.0,N
1019269664,3,0.0,N
1019269664,3,0.0,N
3118635600,3,0.0,C
3118635600,3,0.0,C
3118635600,3,0.0,C
3118635600,3,0.0,C
3118635600,3,0.0,C
3218370331,3,0.0,
3218370331,3,0.0,
3218370331,3,0.0,
3218370331,3,0.0,
3218370331,3,0.0,
3044392905,3,2.9441200683011717e-05,N
3044392905,3,9.581600365358295e-05,N
3044392905,3,0.00014169714748961133,N
3044392905,3,-6.68650682801239e-06,N
3044392905,3,2.1572200549947393e-05,N
4194776273,3,3.687851823257031e-05,O
4194776273,3,2.015607107702655e-05,O
4194776273,3,6.220743768342932e-05,O
4194776273,3,4.022825806481757e-05,O
4194776273,3,7.191743299798416e-05,O
263215426,3,1.5073634705535521e-06,C
263215426,3,0.0,C
263215426,3,1.8714323630115298e-05,C
263215426,3,0.0,C
263215426,3,0.0,C
2753863138,3,-4.0758153718109535e-06,C
2753863138,3,-4.0758153718109535e-06,C
2753863138,3,-4.0758153718109535e-06,C
2753863138,3,-4.0758153718109535e-06,C
2753863138,3,-4.0758153718109535e-06,C
2699298541,3,0.0,C
2699298541,3,0.0,C
2699298541,3,0.0,C
2699298541,3,0.0,C
2699298541,3,0.0,C
3308404410,3,-3.766530403214244e-05,C
3308404410,3,-1.5191040744568646e-05,C
3308404410,3,-2.1112867104655653e-05,C
3308404410,3,-1.1574622657264597e-05,C
3308404410,3,1.5919242724687227e-05,C
1446633534,3,0.0,C
1446633534,3,0.0,C
1446633534,3,0.0,C
1446633534,3,0.0,C
1446633534,3,0.0,C
2756489526,3,0.0,C
2756489526,3,0.0,C
2756489526,3,0.0,C
2756489526,3,0.0,C
2756489526,3,0.0,C
913310822,3,2.0217992582359512e-05,C
913310822,3,2.680186466989809e-05,C
913310822,3,2.426445371716407e-05,C
913310822,3,2.426445371716407e-05,C
913310822,3,6.609420556195206e-06,C
3561946030,3,-7.109137936849377e-06,N
3561946030,3,-7.109137936849377e-06,N
3561946030,3,-5.590608844870115e-06,N
3561946030,3,-5.590608844870115e-06,N
3561946030,3,-1.4765101351843501e-05,N
3292836938,3,0.0,
3292836938,3,0.0,
3292836938,3,0.0,
3292836938,3,0.0,
3292836938,3,0.0,
3194612514,3,-0.0006854843448965073,O
3194612514,3,-0.0008005277287537263,O
3194612514,3,-0.0008230374994109418,O
3194612514,3,-0.0003545872731919239,O
3194612514,3,-0.00036939962548647107,O
1822332700,3,3.091148488460621e-05,C
1822332700,3,-8.631416483377563e-06,C
1822332700,3,0.0,C
1822332700,3,1.0445123291603908e-06,C
1822332700,3,-3.0258650948293553e-06,C
2215059400,3,-2.8203771725517773e-05,O
2215059400,3,4.0999174783909464e-05,O
2215059400,3,-4.3096566507278e-06,O
2215059400,3,-3.666492791095689e-05,O
2215059400,3,6.915629322267608e-06,O
773709216,3,5.566616373730085e-06,C
773709216,3,0.0,C
773709216,3,1.5073634705535521e-06,C
773709216,3,0.0,C
773709216,3,-4.0758153718109535e-06,C
2530377886,3,1.688257839529278e-05,N
2530377886,3,0.0001254565828187719,N
2530377886,3,2.9971335798465587e-05,N
2530377886,3,6.829356269276443e-05,N
2530377886,3,5.75668090307211e-05,N
2850656190,3,1.5073634705535521e-06,C
2850656190,3,0.0,C
2850656190,3,3.011032422797766e-06,C
2850656190,3,3.011032422797766e-06,C
2850656190,3,1.6158739679184714e-05,C
1376881293,3,5.566616373730085e-06,C
1376881293,3,0.0,C
1376881293,3,2.555583950934054e-06,C
1376881293,3,8.11308950843942e-06,C
1376881293,3,0.0,C
1214060489,3,0.0,C
1214060489,3,7.735746886363554e-06,C
1214060489,3,2.555583950934054e-06,C
1214060489,3,-1.5110716217719283e-06,C
1214060489,3,1.5073634705535521e-06,C
4203454020,3,4.062947421487606e-06,C
4203454020,3,0.0,C
4203454020,3,-1.5110716217719283e-06,C
4203454020,3,-1.5110716217719283e-06,C
4203454020,3,4.062947421487606e-06,C
3034212252,3,-2.881686638215447e-05,C
3034212252,3,-0.0001332312641042794,C
3034212252,3,-3.579036707950303e-05,C
3034212252,3,-9.709985538273319e-05,C
3034212252,3,-0.00012690282782892165,C
3044751281,3,-3.291345114832256e-05,N
3044751281,3,-3.496973587847896e-06,N
3044751281,3,-4.198473995746868e-05,N
3044751281,3,-8.770128821326828e-06,N
3044751281,3,-4.349210342802223e-05,N
1292826808,3,0.0,C
1292826808,3,0.0,C
1292826808,3,0.0,C
1292826808,3,0.0,C
1292826808,3,0.0,C
950023157,3,-2.828280984044744e-05,C
950023157,3,2.4842616236978726e-05,C
950023157,3,-6.571581793340768e-05,C
950023157,3,3.953679274640992e-06,C
950023157,3,2.561079988500775e-05,C
1187730664,3,7.566968509332278e-06,C
1187730664,3,6.055896887558615e-06,C
1187730664,3,7.566968509332278e-06,C
1187730664,3,-1.8840916723657924e-05,C
1187730664,3,0.0,C
4039837947,3,0.0,
4039837947,3,0.0,
4039837947,3,0.0,
4039837947,3,0.0,
4039837947,3,0.0,
773607102,3,0.0,C
773607102,3,0.0,C
773607102,3,7.735746886363554e-06,C
773607102,3,0.0,C
773607102,3,1.5073634705535521e-06,C
2246997334,3,1.5698328633101388e-05,C
2246997334,3,1.674113281556651e-05,C
2246997334,3,9.661431115474267e-06,C
2246997334,3,1.674113281556651e-05,C
2246997334,3,8.620640637599375e-06,C
714711401,3,-2.5647437500390252e-06,C
714711401,3,0.0,C
714711401,3,-8.164561728663325e-06,C
714711401,3,0.0,C
714711401,3,1.4651376208631162e-05,C
1710869618,3,1.4651376208631162e-05,C
1710869618,3,-5.138696633832235e-06,C
1710869618,3,1.4651376208631162e-05,C
1710869618,3,3.932205538038913e-05,C
1710869618,3,-1.4765101351843501e-05,C
2549196227,3,6.224675264589891e-06,C
2549196227,3,0.0,C
2549196227,3,0.0,C
2549196227,3,-1.5110716217719283e-06,C
2549196227,3,0.0,C
2856245513,3,5.171003136322794e-06,C
2856245513,3,1.9767124010049153e-05,C
2856245513,3,3.6599315145491307e-06,C
2856245513,3,9.243110356917106e-06,C
2856245513,3,-4.0758153718109535e-06,C
1999077141,3,0.0,
1999077141,3,0.0,
1999077141,3,0.0,
1999077141,3,0.0,
1999077141,3,0.0,
817588605,3,-7.721908340948061e-06,C
817588605,3,-4.915090489840748e-05,C
817588605,3,-1.1643166383652065e-05,C
817588605,3,-2.7677434444761673e-05,C
817588605,3,-8.770128821326828e-06,C
3430642422,3,3.702243379632639e-05,C
3430642422,3,-1.704319983854459e-05,C
3430642422,3,-3.394803545201351e-05,C
3430642422,3,1.1140399252729596e-05,C
3430642422,3,5.368594051983339e-06,C
1528304983,3,1.3140304586857499e-05,N
1528304983,3,6.224675264589891e-06,N
1528304983,3,-1.5110716217719283e-06,N
1528304983,3,8.11308950843942e-06,N
1528304983,3,1.7206960159561746e-05,N
3873941611,3,6.915629322267608e-06,C
3873941611,3,-2.5647437500390252e-06,C
3873941611,3,6.915629322267608e-06,C
3873941611,3,6.915629322267608e-06,C
3873941611,3,0.0,C
2687950697,3,3.095250839768929e-05,C
2687950697,3,2.4783088468002465e-05,C
2687950697,3,4.1877639331319716e-05,C
2687950697,3,1.8714323630115298e-05,C
2687950697,3,2.1757223373171375e-05,C
109461427,3,-4.871766230853114e-05,C
109461427,3,-1.732984510188426e-05,C
109461427,3,-4.871766230853114e-05,C
109461427,3,-4.871766230853114e-05,C
109461427,3,-8.453597729269138e-05,C
2950679810,3,4.062947421487606e-06,O
2950679810,3,-4.0758153718109535e-06,O
2950679810,3,4.062947421487606e-06,O
2950679810,3,1.5073634705535521e-06,O
2950679810,3,0.0,O
2914536168,3,0.0,C
2914536168,3,0.0,C
2914536168,3,0.0,C
2914536168,3,0.0,C
2914536168,3,0.0,C
1530636652,3,0.0,C
1530636652,3,0.0,C
1530636652,3,0.0,C
1530636652,3,0.0,C
1530636652,3,0.0,C
3043679972,3,0.0,
3043679972,3,0.0,
3043679972,3,0.0,
3043679972,3,0.0,
3043679972,3,0.0,
2529809651,3,0.0,C
2529809651,3,0.0,C
2529809651,3,0.0,C
2529809651,3,0.0,C
2529809651,3,0.0,C
1924383628,3,1.5073634705535521e-06,C
1924383628,3,-2.5647437500390252e-06,C
1924383628,3,-1.8840916723657924e-05,C
1924383628,3,1.5073634705535521e-06,C
1924383628,3,-5.590608844870115e-06,C
4003049590,3,-5.590608844870115e-06,C
4003049590,3,0.0,C
4003049590,3,0.0,C
4003049590,3,-1.5110716217719283e-06,C
4003049590,3,3.6599315145491307e-06,C
1026654305,3,-8.533815018755414e-06,S
1026654305,3,1.678513710599329e-05,S
1026654305,3,1.3774104683197258e-05,S
1026654305,3,-2.3870429539975258e-06,S
1026654305,3,-1.971547755511005e-05,S
1542631284,3,0.0,O
1542631284,3,0.0,O
1542631284,3,1.7047341581640646e-05,O
1542631284,3,-1.5110716217719283e-06,O
1542631284,3,6.915629322267608e-06,O
1349670121,3,0.0,C
1349670121,3,0.0,C
1349670121,3,0.0,C
1349670121,3,0.0,C
1349670121,3,0.0,C
895118200,3,-3.063320248859573e-05,N
895118200,3,1.3140304586857499e-05,N
895118200,3,3.57997636772113e-05,N
895118200,3,2.555583950934054e-06,N
895118200,3,-1.5110716217719283e-06,N
269171368,3,-0.0007772641972590352,C
269171368,3,-6.559896227108751e-05,C
269171368,3,-0.000751146318641897,C
269171368,3,-0.000214973448914281,C
269171368,3,-6.5746577567527e-05,C
1583930800,3,-7.79160065449494e-06,C
1583930800,3,-7.79160065449494e-06,C
1583930800,3,6.915629322267608e-06,C
1583930800,3,6.915629322267608e-06,C
1583930800,3,6.915629322267608e-06,C
738150152,3,0.0,O
738150152,3,0.0,O
738150152,3,0.0,O
738150152,3,0.0,O
738150152,3,0.0,O
1168541985,3,6.43688360347696e-05,C
1168541985,3,6.43688360347696e-05,C
1168541985,3,7.960141651427999e-06,C
1168541985,3,8.78025921552221e-06,C
1168541985,3,-4.702811438970361e-07,C
2747850234,3,1.0445123291603908e-06,C
2747850234,3,6.609420556195206e-06,C
2747850234,3,2.555583950934054e-06,C
2747850234,3,5.102057085641654e-06,C
2747850234,3,2.555583950934054e-06,C
3134313966,3,-2.5647437500390252e-06,O
3134313966,3,-8.164561728663325e-06,O
3134313966,3,-6.649768255605898e-06,O
3134313966,3,-8.631416483377563e-06,O
3134313966,3,-8.956695970174788e-07,O
1503972698,3,0.0,C
1503972698,3,-4.0758153718109535e-06,C
1503972698,3,0.0,C
1503972698,3,0.0,C
1503972698,3,0.0,C
892756502,3,1.5073634705535521e-06,C
892756502,3,1.5073634705535521e-06,C
892756502,3,3.011032422797766e-06,C
892756502,3,3.011032422797766e-06,C
892756502,3,3.011032422797766e-06,C
3136829774,3,-2.504259364372388e-05,N
3136829774,3,0.0,N
3136829774,3,-2.504259364372388e-05,N
3136829774,3,0.0,N
3136829774,3,0.0,N
3143719699,3,8.203213388119704e-05,C
3143719699,3,9.379499657507194e-05,C
3143719699,3,6.59352537170383e-05,C
3143719699,3,5.833193851714075e-05,C
3143719699,3,9.00053000411679e-05,C
1360035982,3,0.0,N
1360035982,3,0.0,N
1360035982,3,0.0,N
1360035982,3,0.0,N
1360035982,3,0.0,N
908339072,3,-7.721908340946326e-06,C
908339072,3,1.802502737857474e-05,C
908339072,3,-1.4765101351843501e-05,C
908339072,3,1.6158739679184714e-05,C
908339072,3,-8.631416483377563e-06,C
974827889,3,0.0,C
974827889,3,0.0,C
974827889,3,0.0,C
974827889,3,0.0,C
974827889,3,0.0,C
1343371647,3,3.154737409123698e-05,N
1343371647,3,-4.0758153718109535e-06,N
1343371647,3,1.9744789767905946e-05,N
1343371647,3,1.7047341581640646e-05,N
1343371647,3,-2.3173506404523814e-06,N
2669055056,3,-2.5647437500390252e-06,N
2669055056,3,1.5073634705535521e-06,N
2669055056,3,-6.649768255605898e-06,N
2669055056,3,-1.057380279485473e-06,N
2669055056,3,-1.057380279485473e-06,N
2341585586,3,0.0,N
2341585586,3,0.0,N
2341585586,3,0.0,N
2341585586,3,0.0,N
2341585586,3,0.0,N
934540015,3,-2.5647437500390252e-06,C
934540015,3,4.062947421487606e-06,C
934540015,3,-1.057380279485473e-06,C
934540015,3,4.062947421487606e-06,C
934540015,3,6.609420556195206e-06,C
3794207567,3,-3.432720270036757e-05,C
3794207567,3,2.1451380414917037e-06,C
3794207567,3,-2.6553665265497545e-05,C
3794207567,3,1.584883639480124e-05,C
3794207567,3,1.6741258915218063e-05,C
3278587996,3,0.0,C
3278587996,3,0.0,C
3278587996,3,0.0,C
3278587996,3,1.5073634705535521e-06,C
3278587996,3,0.0,C
4223108416,3,0.0,C
4223108416,3,0.0,C
4223108416,3,0.0,C
4223108416,3,0.0,C
4223108416,3,0.0,C
1131570738,3,0.0,N
1131570738,3,1.5073634705535521e-06,N
1131570738,3,1.5073634705535521e-06,N
1131570738,3,1.5073634705535521e-06,N
1131570738,3,3.011032422797766e-06,N
2258843522,3,1.5695888537789818e-05,C
2258843522,3,1.418109506473239e-05,C
2258843522,3,3.8803420629550736e-05,C
2258843522,3,1.8714323630115298e-05,C
2258843522,3,5.173128576466644e-05,C
4257302536,3,0.0,N
4257302536,3,8.11308950843942e-06,N
4257302536,3,-1.027749229188038e-05,N
4257302536,3,1.5073634705535521e-06,N
4257302536,3,1.6158739679184714e-05,N
2840370843,3,-9.232064944833182e-05,C
2840370843,3,-9.868740638318413e-05,C
2840370843,3,-4.87608611881192e-05,C
2840370843,3,-0.00012850311039967928,C
2840370843,3,-8.571300703431352e-05,C
1420730566,3,-7.109137936849377e-06,C
1420730566,3,-1.5110716217719283e-06,C
1420730566,3,0.0,C
1420730566,3,-5.590608844870115e-06,C
1420730566,3,0.0,C
434045476,3,0.0,O
434045476,3,0.0,O
434045476,3,0.0,O
434045476,3,0.0,O
434045476,3,0.0,O
894436332,3,0.0,N
894436332,3,0.0,N
894436332,3,2.8846035889488336e-05,N
894436332,3,2.8846035889488336e-05,N
894436332,3,2.8846035889488336e-05,N
3117292559,3,1.4651376208631162e-05,C
3117292559,3,1.4651376208631162e-05,C
3117292559,3,1.7662408631427193e-05,C
3117292559,3,1.4651376208631162e-05,C
3117292559,3,1.3593995929143954e-05,C
1923187777,3,0.0,N
1923187777,3,-6.214544870394509e-06,N
1923187777,3,5.5713441029191235e-06,N
1923187777,3,8.11308950843942e-06,N
1923187777,3,-6.214544870394509e-06,N
2530048747,3,-3.289065517252804e-05,N
2530048747,3,-3.5455398922567063e-05,N
2530048747,3,-1.806909294637532e-05,N
2530048747,3,-3.320715537238894e-05,N
2530048747,3,-1.5956162383158265e-05,N
622481563,3,4.062947421487606e-06,C
622481563,3,0.0,C
622481563,3,4.062947421487606e-06,C
622481563,3,0.0,C
622481563,3,4.062947421487606e-06,C
1922070456,3,0.0,C
1922070456,3,0.0,C
1922070456,3,0.0,C
1922070456,3,0.0,C
1922070456,3,0.0,C
3995043796,3,-2.153204379578763e-06,C
3995043796,3,-0.0001413316317873045,C
3995043796,3,-0.00012001985905556525,C
3995043796,3,-0.00017792137022470955,C
3995043796,3,-5.794805169024621e-05,C
2065735937,3,7.094822514879667e-05,C
2065735937,3,3.9840843582189533e-05,C
2065735937,3,4.4064484928985764e-05,C
2065735937,3,4.59314759365826e-05,C
2065735937,3,7.347213923476238e-05,C
3308295291,3,-1.0235104482801682e-05,C
3308295291,3,1.8091401667100215e-06,C
3308295291,3,-1.027749229188038e-05,C
3308295291,3,-8.072693673965084e-06,C
3308295291,3,3.496612391315143e-06,C
584893129,3,0.0,C
584893129,3,1.5073634705535521e-06,C
584893129,3,-2.5647437500390252e-06,C
584893129,3,-1.8840916723657924e-05,C
584893129,3,1.5073634705535521e-06,C
413654173,3,0.0,C
413654173,3,0.0,C
413654173,3,0.0,C
413654173,3,-4.0758153718109535e-06,C
413654173,3,0.0,C
68671624,3,0.0,
68671624,3,0.0,
68671624,3,0.0,
68671624,3,0.0,
68671624,3,0.0,
2488692798,3,1.5073634705535521e-06,C
2488692798,3,0.0,C
2488692798,3,1.5073634705535521e-06,C
2488692798,3,1.5073634705535521e-06,C
2488692798,3,4.062947421487606e-06,C
3084241488,3,2.555583950934054e-06,C
3084241488,3,2.555583950934054e-06,C
3084241488,3,2.555583950934054e-06,C
3084241488,3,2.555583950934054e-06,C
3084241488,3,2.555583950934054e-06,C
4158944142,3,1.2486973425188466e-05,C
4158944142,3,9.940500290479132e-06,C
4158944142,3,-2.0979646222239745e-05,C
4158944142,3,3.730343262945551e-05,C
4158944142,3,-4.399857208788743e-05,C
1469940320,3,0.0,C
1469940320,3,0.0,C
1469940320,3,0.0,C
1469940320,3,0.0,C
1469940320,3,0.0,C
662511025,3,-1.732984510188426e-05,N
662511025,3,-2.5647437500390252e-06,N
662511025,3,-6.284237183941388e-06,N
662511025,3,-2.5647437500390252e-06,N
662511025,3,-7.79160065449494e-06,N
2908279847,3,0.0,C
2908279847,3,0.0,C
2908279847,3,0.0,C
2908279847,3,0.0,C
2908279847,3,0.0,C
68650007,3,-5.01154175358582e-05,C
68650007,3,3.289617797644015e-05,C
68650007,3,1.824928073436774e-05,C
68650007,3,1.3595240723597232e-05,C
68650007,3,-3.602120629912081e-05,C
3337420400,3,-8.484572319122224e-06,C
3337420400,3,-6.973500697348561e-06,C
3337420400,3,-1.2564109542220411e-05,C
3337420400,3,-1.4765101351843501e-05,C
3337420400,3,7.622461890115229e-07,C
1979311206,3,0.0,O
1979311206,3,0.0,O
1979311206,3,0.0,O
1979311206,3,0.0,O
1979311206,3,0.0,O
2849741637,3,1.5073634705535521e-06,C
2849741637,3,1.5073634705535521e-06,C
2849741637,3,0.0,C
2849741637,3,1.5073634705535521e-06,C
2849741637,3,3.011032422797766e-06,C
1664608228,3,0.0,C
1664608228,3,0.0,C
1664608228,3,0.0,C
1664608228,3,0.0,C
1664608228,3,0.0,C
1121298566,3,-4.586327626155892e-05,C
1121298566,3,-5.173411660552331e-05,C
1121298566,3,-6.413777924589234e-05,C
1121298566,3,-8.325292424166131e-05,C
1121298566,3,-3.320715537238894e-05,C
3531344838,3,0.0,S
3531344838,3,-4.0758153718109535e-06,S
3531344838,3,0.0,S
3531344838,3,0.0,S
3531344838,3,0.0,S
3273018953,3,3.034970484173255e-05,C
3273018953,3,0.0,C
3273018953,3,1.5073634705535521e-06,C
3273018953,3,1.5073634705535521e-06,C
3273018953,3,1.5073634705535521e-06,C
2034850751,3,0.0,C
2034850751,3,0.0,C
2034850751,3,0.0,C
2034850751,3,0.0,C
2034850751,3,0.0,C
4104822550,3,0.0,C
4104822550,3,0.0,C
4104822550,3,0.0,C
4104822550,3,0.0,C
4104822550,3,0.0,C
1704599822,3,0.0,C
1704599822,3,0.0,C
1704599822,3,0.0,C
1704599822,3,0.0,C
1704599822,3,0.0,C
3019519651,3,0.0,C
3019519651,3,0.0,C
3019519651,3,0.0,C
3019519651,3,0.0,C
3019519651,3,0.0,C
3781885420,3,0.0,N
3781885420,3,0.0,N
3781885420,3,0.0,N
3781885420,3,0.0,N
3781885420,3,0.0,N
579898624,3,0.0,C
579898624,3,0.0,C
579898624,3,0.0,C
579898624,3,4.062947421487606e-06,C
579898624,3,0.0,C
899522708,3,0.0,
899522708,3,0.0,
899522708,3,0.0,
899522708,3,0.0,
899522708,3,0.0,
550081331,3,-2.504259364372388e-05,C
550081331,3,-1.7250992989230676e-05,C
550081331,3,2.555583950934054e-06,C
550081331,3,3.011032422797766e-06,C
550081331,3,2.555583950934054e-06,C
104363044,3,-3.9544850471067566e-05,N
104363044,3,-3.063320248859573e-05,N
104363044,3,-3.9544850471067566e-05,N
104363044,3,-4.105964394412673e-05,N
104363044,3,-3.9544850471067566e-05,N
2072239802,3,0.00012077800748331972,C
2072239802,3,9.87355791245946e-05,C
2072239802,3,4.958036897659626e-05,C
2072239802,3,7.876121669027521e-05,C
2072239802,3,-0.00021860614594399613,C
3394178578,3,0.0,C
3394178578,3,0.0,C
3394178578,3,0.0,C
3394178578,3,0.0,C
3394178578,3,0.0,C
2013664411,3,0.0,C
2013664411,3,0.0,C
2013664411,3,0.0,C
2013664411,3,0.0,C
2013664411,3,0.0,C
3346582092,3,-7.109137936849377e-06,N
3346582092,3,0.0009569772121364017,N
3346582092,3,0.0009154660774484038,N
3346582092,3,-0.00034725330184183327,N
3346582092,3,-6.066672733338538e-06,N
4291484675,3,0.0,N
4291484675,3,0.0,N
4291484675,3,0.0,N
4291484675,3,0.0,N
4291484675,3,0.0,N
3275683399,3,0.0,N
3275683399,3,2.4783088468002465e-05,N
3275683399,3,0.0,N
3275683399,3,0.0,N
3275683399,3,2.4783088468002465e-05,N
2775257855,3,0.0,C
2775257855,3,0.0,C
2775257855,3,0.0,C
2775257855,3,0.0,C
2775257855,3,0.0,C
2810421479,3,0.0,O
2810421479,3,0.0,O
2810421479,3,0.0,O
2810421479,3,0.0,O
2810421479,3,0.0,O
2662374534,3,0.0,
2662374534,3,0.0,
2662374534,3,0.0,
2662374534,3,0.0,
2662374534,3,0.0,
3461773897,3,-0.0014984390834474632,N
3461773897,3,-0.0003242287937714784,N
3461773897,3,-0.0018659795308793494,N
3461773897,3,-0.0018169106108163902,N
3461773897,3,-0.0003196292943769413,N
344019891,3,-3.2571349773719005e-05,N
344019891,3,-2.8495534401906317e-05,N
344019891,3,2.8720061977119057e-05,N
344019891,3,-8.826995158531421e-05,N
344019891,3,-7.356895949092376e-05,N
3402570011,3,0.0,
3402570011,3,0.0,
3402570011,3,0.0,
3402570011,3,0.0,
3402570011,3,0.0,
1199016914,3,0.0,C
1199016914,3,1.179869430784769e-05,C
1199016914,3,4.062947421487606e-06,C
1199016914,3,1.179869430784769e-05,C
1199016914,3,5.566616373730085e-06,C
1714595447,3,3.034970484173255e-05,C
1714595447,3,1.5698328633101388e-05,C
1714595447,3,3.732768450563986e-05,C
1714595447,3,2.8846035889488336e-05,C
1714595447,3,4.0338716928435894e-05,C
871396902,3,0.0,C
871396902,3,0.0,C
871396902,3,0.0,C
871396902,3,0.0,C
871396902,3,0.0,C
2845936339,3,0.0,C
2845936339,3,0.0,C
2845936339,3,0.0,C
2845936339,3,0.0,C
2845936339,3,0.0,C
3880022399,3,0.0,C
3880022399,3,0.0,C
3880022399,3,0.0,C
3880022399,3,0.0,C
3880022399,3,0.0,C
410310586,3,0.0,C
410310586,3,0.0,C
410310586,3,0.0,C
410310586,3,0.0,C
410310586,3,0.0,C
2612409031,3,-4.0758153718109535e-06,C
2612409031,3,-4.0758153718109535e-06,C
2612409031,3,-4.0758153718109535e-06,C
2612409031,3,-4.0758153718109535e-06,C
2612409031,3,-4.0758153718109535e-06,C
2375987095,3,-2.5647437500390252e-06,C
2375987095,3,-7.109137936849377e-06,C
2375987095,3,-4.0758153718109535e-06,C
2375987095,3,0.0,C
2375987095,3,1.5073634705535521e-06,C
1294138518,3,0.0,S
1294138518,3,0.0,S
1294138518,3,-1.5110716217719283e-06,S
1294138518,3,-1.5110716217719283e-06,S
1294138518,3,-1.5110716217719283e-06,S
293971392,3,-4.633389092472198e-06,N
293971392,3,2.7480536654267765e-05,N
293971392,3,-3.90752305629901e-05,N
293971392,3,-9.646714434121545e-06,N
293971392,3,-3.0261325600600478e-05,N
4036774035,3,4.062947421487606e-06,C
4036774035,3,-2.6508078813542238e-05,C
4036774035,3,2.680186466989809e-05,C
4036774035,3,-3.992275671607301e-05,C
4036774035,3,-2.8011747765784717e-05,C
1010142783,3,3.011032422797766e-06,O
1010142783,3,1.1426649745162332e-05,O
1010142783,3,2.680186466989809e-05,O
1010142783,3,5.858249042782135e-06,O
1010142783,3,4.536554918953273e-05,O
3120364749,3,0.0,
3120364749,3,0.0,
3120364749,3,0.0,
3120364749,3,0.0,
3120364749,3,0.0,
3662562115,3,-7.721908340946326e-06,C
3662562115,3,4.511020422894724e-06,C
3662562115,3,5.566616373730085e-06,C
3662562115,3,1.7662408631427193e-05,C
3662562115,3,-2.5647437500390252e-06,C
3921298496,3,0.0,C
3921298496,3,0.0,C
3921298496,3,0.0,C
3921298496,3,0.0,C
3921298496,3,0.0,C
737501821,3,0.0,C
737501821,3,0.0,C
737501821,3,0.0,C
737501821,3,0.0,C
737501821,3,0.0,C
2024004397,3,-1.9960583112524702e-05,N
2024004397,3,1.3140304586857499e-05,N
2024004397,3,-3.579036707950303e-05,N
2024004397,3,-8.770128821326828e-06,N
2024004397,3,2.1260796764824633e-05,N
751208592,3,-1.5110716217719283e-06,C
751208592,3,-5.590608844870115e-06,C
751208592,3,-1.5110716217719283e-06,C
751208592,3,-1.5110716217719283e-06,C
751208592,3,-1.5110716217719283e-06,C
3953445033,3,0.0,S
3953445033,3,1.5073634705535521e-06,S
3953445033,3,1.5073634705535521e-06,S
3953445033,3,4.062947421487606e-06,S
3953445033,3,1.5073634705535521e-06,S
497870099,3,1.0106982021819075e-05,C
497870099,3,4.96828538798684e-06,C
497870099,3,2.1451380414917037e-06,C
497870099,3,4.709881791532464e-06,C
497870099,3,1.838624734753526e-05,C
3417531975,3,0.0,C
3417531975,3,0.0,C
3417531975,3,0.0,C
3417531975,3,0.0,C
3417531975,3,0.0,C
1044405971,3,0.0,C
1044405971,3,0.0,C
1044405971,3,0.0,C
1044405971,3,0.0,C
1044405971,3,0.0,C
2394338241,3,4.062947421487606e-06,C
2394338241,3,4.062947421487606e-06,C
2394338241,3,4.062947421487606e-06,C
2394338241,3,4.062947421487606e-06,C
2394338241,3,5.566616373730085e-06,C
1271691605,3,0.000537704545563766,S
1271691605,3,0.00048296710308283995,S
1271691605,3,0.0007837778800382014,S
1271691605,3,0.0008410853198155257,S
1271691605,3,0.000697041567076024,S
3643491447,3,0.0,C
3643491447,3,0.0,C
3643491447,3,0.0,C
3643491447,3,0.0,C
3643491447,3,0.0,C
21411075,3,0.0,C
21411075,3,1.4651376208631162e-05,C
21411075,3,0.0,C
21411075,3,0.0,C
21411075,3,1.4651376208631162e-05,C
413381818,3,0.0,C
413381818,3,0.0,C
413381818,3,0.0,C
413381818,3,0.0,C
413381818,3,0.0,C
3082607741,3,0.0,
3082607741,3,0.0,
3082607741,3,0.0,
3082607741,3,0.0,
3082607741,3,0.0,
4216649732,3,7.603670983481227e-05,S
4216649732,3,0.00010043136542266934,S
4216649732,3,0.00011207588542422493,S
4216649732,3,5.7527546326163054e-05,S
4216649732,3,0.00011045123883693733,S
371876130,3,0.0,
371876130,3,0.0,
371876130,3,0.0,
371876130,3,0.0,
371876130,3,0.0,
1978844073,3,0.0,O
1978844073,3,0.0,O
1978844073,3,0.0,O
1978844073,3,0.0,O
1978844073,3,0.0,O
1671692019,3,-1.4353307663694803e-05,C
1671692019,3,-2.6553665265497545e-05,C
1671692019,3,0.0,C
1671692019,3,0.0,C
1671692019,3,0.0,C
2070976245,3,2.555583950934054e-06,C
2070976245,3,-3.0258650948293553e-06,C
2070976245,3,2.555583950934054e-06,C
2070976245,3,2.555583950934054e-06,C
2070976245,3,-3.0258650948293553e-06,C
845764036,3,2.555583950934054e-06,C
845764036,3,0.0,C
845764036,3,2.555583950934054e-06,C
845764036,3,0.0,C
845764036,3,0.0,C
2559453089,3,5.506097101999098e-05,C
2559453089,3,4.59314759365826e-05,C
2559453089,3,4.0299741177323226e-05,C
2559453089,3,6.035932907179353e-05,C
2559453089,3,4.59314759365826e-05,C
3286377484,3,0.0,
3286377484,3,0.0,
3286377484,3,0.0,
3286377484,3,0.0,
3286377484,3,0.0,
2200148275,3,-0.0012264429039324926,N
2200148275,3,-0.0002564102564102562,N
2200148275,3,-0.0013087087401059561,N
2200148275,3,-0.0013087087401059561,N
2200148275,3,0.0004380391790463735,N
1962383056,3,-2.5647437500390252e-06,N
1962383056,3,-2.5647437500390252e-06,N
1962383056,3,-4.0758153718109535e-06,N
1962383056,3,-2.5647437500390252e-06,N
1962383056,3,-2.5647437500390252e-06,N
3012778962,3,-3.47256844643682e-05,N
3012778962,3,-1.586810113675223e-05,N
3012778962,3,-1.5110716217719283e-06,N
3012778962,3,-1.586810113675223e-05,N
3012778962,3,-1.4765101351843501e-05,N
1620258790,3,0.0,N
1620258790,3,0.0,N
1620258790,3,0.0,N
1620258790,3,0.0,N
1620258790,3,0.0,N
3372254436,3,-4.0758153718109535e-06,O
3372254436,3,0.0,O
3372254436,3,-4.0758153718109535e-06,O
3372254436,3,0.0,O
3372254436,3,-4.0758153718109535e-06,O
330223697,3,5.102057085641654e-06,C
330223697,3,2.555583950934054e-06,C
330223697,3,-5.590608844870115e-06,C
330223697,3,-3.0258650948293553e-06,C
330223697,3,1.418109506473239e-05,C
1208423463,3,2.0420214299689265e-05,C
1208423463,3,-1.1334872571367588e-05,C
1208423463,3,5.472759431253589e-05,C
1208423463,3,5.202184427854743e-05,C
1208423463,3,-2.5647437500390252e-06,C
141882433,3,-1.6423017137872503e-05,C
141882433,3,1.0978576743755214e-05,C
141882433,3,7.960141651427999e-06,C
141882433,3,-8.261881798391976e-06,C
141882433,3,-1.0817465749324295e-05,C
3727977332,3,-1.5110716217719283e-06,N
3727977332,3,-5.590608844870115e-06,N
3727977332,3,-1.5110716217719283e-06,N
3727977332,3,0.0,N
3727977332,3,2.555583950934054e-06,N
535847852,3,-3.0258650948293553e-06,C
535847852,3,0.0,C
535847852,3,-1.732984510188426e-05,C
535847852,3,-7.109137936849377e-06,C
535847852,3,-2.035571019671535e-05,C
422165373,3,0.0,C
422165373,3,0.0,C
422165373,3,0.0,C
422165373,3,4.062947421487606e-06,C
422165373,3,0.0,C
176403689,3,0.0,C
176403689,3,0.0,C
176403689,3,0.0,C
176403689,3,0.0,C
176403689,3,0.0,C
1735672143,3,5.566616373730085e-06,C
1735672143,3,6.609420556195206e-06,C
1735672143,3,6.609420556195206e-06,C
1735672143,3,-1.5110716217719283e-06,C
1735672143,3,8.11308950843942e-06,C
1266193593,3,1.7047341581640646e-05,C
1266193593,3,1.7047341581640646e-05,C
1266193593,3,1.7047341581640646e-05,C
1266193593,3,6.915629322267608e-06,C
1266193593,3,6.915629322267608e-06,C
29410177,3,0.0,
29410177,3,0.0,
29410177,3,0.0,
29410177,3,0.0,
29410177,3,0.0,
808416955,3,-2.035571019671535e-05,S
808416955,3,7.735746886363554e-06,S
808416955,3,-1.8840916723657924e-05,S
808416955,3,-2.2929663080506826e-05,S
808416955,3,-2.035571019671535e-05,S
1949014205,3,0.0,C
1949014205,3,0.0,C
1949014205,3,0.0,C
1949014205,3,0.0,C
1949014205,3,0.0,C
3431706413,3,0.0,
3431706413,3,0.0,
3431706413,3,0.0,
3431706413,3,0.0,
3431706413,3,0.0,
150310,3,0.0,C
150310,3,2.8846035889488336e-05,C
150310,3,5.566616373730085e-06,C
150310,3,9.243110356917106e-06,C
150310,3,3.907300057565469e-05,C
465304290,3,1.734882439489646e-05,C
465304290,3,2.6760213677024663e-05,C
465304290,3,3.702435762286023e-05,C
465304290,3,1.7198316633198346e-05,C
465304290,3,3.0469523731382897e-05,C
3093061208,3,0.0,C
3093061208,3,-1.5110716217719283e-06,C
3093061208,3,-1.5110716217719283e-06,C
3093061208,3,-1.5110716217719283e-06,C
3093061208,3,-1.5110716217719283e-06,C
3012865236,3,0.0,N
3012865236,3,-2.5647437500390252e-06,N
3012865236,3,-1.284223604192114e-05,N
3012865236,3,-1.284223604192114e-05,N
3012865236,3,-1.4353307663694803e-05,N
792968423,3,0.0,C
792968423,3,0.0,C
792968423,3,2.8846035889488336e-05,C
792968423,3,2.8846035889488336e-05,C
792968423,3,1.5073634705535521e-06,C
170727310,3,-1.9784847117556778e-05,C
170727310,3,-6.565330203411532e-06,C
170727310,3,2.1572200549947393e-05,C
170727310,3,-1.31091268322156e-05,C
170727310,3,4.207665752799586e-05,C
2459558207,3,0.0,C
2459558207,3,0.0,C
2459558207,3,2.555583950934054e-06,C
2459558207,3,2.555583950934054e-06,C
2459558207,3,2.555583950934054e-06,C
1323888424,3,0.0,
1323888424,3,0.0,
1323888424,3,0.0,
1323888424,3,0.0,
1323888424,3,0.0,
2975116251,3,-2.2487009692793297e-05,N
2975116251,3,-5.034919817160574e-05,N
2975116251,3,0.0,N
2975116251,3,-2.504259364372388e-05,N
2975116251,3,-2.2487009692793297e-05,N
1819912581,3,2.2764465717068846e-05,C
1819912581,3,-1.5110716217719283e-06,C
1819912581,3,1.4651376208631162e-05,C
1819912581,3,9.926661745065374e-06,C
1819912581,3,2.894128831628512e-05,C
335878828,3,0.0,
335878828,3,0.0,
335878828,3,0.0,
335878828,3,0.0,
335878828,3,0.0,
3975295864,3,-1.7774252451684472e-05,C
3975295864,3,-6.695799468004263e-05,C
3975295864,3,-5.190371042780931e-05,C
3975295864,3,-5.190371042780931e-05,C
3975295864,3,-4.7445561768054076e-05,C
239116674,3,-1.5110716217719283e-06,C
239116674,3,-1.8840916723657924e-05,C
239116674,3,0.0,C
239116674,3,-1.5110716217719283e-06,C
239116674,3,-2.035571019671535e-05,C
3538861869,3,-7.109137936849377e-06,C
3538861869,3,1.1625511113800072e-05,C
3538861869,3,-1.027749229188038e-05,C
3538861869,3,-5.590608844870115e-06,C
3538861869,3,-1.4821886478690732e-05,C
934550081,3,0.0,N
934550081,3,0.0,N
934550081,3,0.0,N
934550081,3,-4.0758153718109535e-06,N
934550081,3,0.0,N
3316027208,3,0.0,C
3316027208,3,0.0,C
3316027208,3,0.0,C
3316027208,3,0.0,C
3316027208,3,0.0,C
2865977551,3,6.422618397957866e-05,S
2865977551,3,-6.566382115100362e-05,S
2865977551,3,5.035557979625287e-05,S
2865977551,3,5.3087229376309886e-05,S
2865977551,3,-7.876335992725372e-05,S
3183067622,3,2.2331867760089913e-05,O
3183067622,3,3.937175320311431e-05,O
3183067622,3,1.7206960159561746e-05,O
3183067622,3,1.1326732350231544e-05,O
3183067622,3,3.011032422797766e-06,O
564293713,3,6.915629322267608e-06,S
564293713,3,2.4065435520491396e-05,S
564293713,3,6.915629322267608e-06,S
564293713,3,6.915629322267608e-06,S
564293713,3,6.915629322267608e-06,S
1428903162,3,0.0,C
1428903162,3,0.0,C
1428903162,3,0.0,C
1428903162,3,0.0,C
1428903162,3,0.0,C
1467524174,3,0.0,C
1467524174,3,0.0,C
1467524174,3,0.0,C
1467524174,3,0.0,C
1467524174,3,0.0,C
651269745,3,0.0,
651269745,3,0.0,
651269745,3,0.0,
651269745,3,0.0,
651269745,3,0.0,
3268335377,3,0.0,N
3268335377,3,0.0,N
3268335377,3,0.0,N
3268335377,3,0.0,N
3268335377,3,0.0,N
1280488931,3,0.0,N
1280488931,3,0.0,N
1280488931,3,0.0,N
1280488931,3,0.0,N
1280488931,3,0.0,N
2098262959,3,0.0,
2098262959,3,0.0,
2098262959,3,0.0,
2098262959,3,0.0,
2098262959,3,0.0,
2485994647,3,5.566616373730085e-06,N
2485994647,3,2.8846035889488336e-05,N
2485994647,3,0.0,N
2485994647,3,5.566616373730085e-06,N
2485994647,3,1.5073634705535521e-06,N
3088984962,3,0.0,C
3088984962,3,0.0,C
3088984962,3,0.0,C
3088984962,3,0.0,C
3088984962,3,0.0,C
3042542132,3,-2.5647437500390252e-06,N
3042542132,3,-4.720659068675921e-05,N
3042542132,3,-2.2078295914862087e-05,N
3042542132,3,-4.0758153718109535e-06,N
3042542132,3,-4.871766230853114e-05,N
373109870,3,2.9190343121016094e-05,C
373109870,3,2.9190343121016094e-05,C
373109870,3,3.932205538038913e-05,C
373109870,3,2.9190343121016094e-05,C
373109870,3,3.599237012506459e-05,C
2677752761,3,0.0,C
2677752761,3,0.0,C
2677752761,3,0.0,C
2677752761,3,0.0,C
2677752761,3,0.0,C
3807907321,3,8.11308950843942e-06,O
3807907321,3,0.0,O
3807907321,3,7.735746886363554e-06,O
3807907321,3,1.163907572992659e-05,O
3807907321,3,-6.973500697348561e-06,O
2587571567,3,-2.158018172878154e-05,C
2587571567,3,1.0506614786135599e-05,C
2587571567,3,-1.5314622979397882e-05,C
2587571567,3,-9.302672276266868e-06,C
2587571567,3,-1.9350861458176938e-07,C
3701504231,3,-2.14148696074494e-05,N
3701504231,3,-8.206255209975213e-05,N
3701504231,3,2.870542782136727e-05,N
3701504231,3,5.892414497562712e-05,N
3701504231,3,7.105847164541948e-06,N
369315086,3,6.915629322267608e-06,C
369315086,3,-1.806909294637532e-05,C
369315086,3,6.915629322267608e-06,C
369315086,3,6.915629322267608e-06,C
369315086,3,6.915629322267608e-06,C
1965692378,3,0.0,N
1965692378,3,0.0,N
1965692378,3,0.0,N
1965692378,3,0.0,N
1965692378,3,0.0,N
1633777018,3,0.0,C
1633777018,3,0.0,C
1633777018,3,0.0,C
1633777018,3,0.0,C
1633777018,3,0.0,C
3757038672,3,1.5073634705535521e-06,C
3757038672,3,2.0217992582359512e-05,C
3757038672,3,3.289617797644015e-05,C
3757038672,3,1.5073634705535521e-06,C
3757038672,3,1.163907572992659e-05,C
2677858541,3,3.274073692242224e-05,C
2677858541,3,-4.5527001737632675e-05,C
2677858541,3,8.108755055654879e-06,C
2677858541,3,6.545444291036415e-05,C
2677858541,3,2.5027605338526215e-05,C
1446204275,3,0.0006582769950554141,C
1446204275,3,-1.7975989269898573e-05,C
1446204275,3,-4.710875918150295e-06,C
1446204275,3,-9.268724870208425e-05,C
1446204275,3,0.00015188815968444382,C
3589407776,3,0.0,C
3589407776,3,0.0,C
3589407776,3,0.0,C
3589407776,3,0.0,C
3589407776,3,0.0,C
3083149185,3,0.0,
3083149185,3,0.0,
3083149185,3,0.0,
3083149185,3,0.0,
3083149185,3,0.0,
337875000,3,-3.0258650948293553e-06,C
337875000,3,-1.779096644667459e-05,C
337875000,3,7.105847164541948e-06,C
337875000,3,-1.779096644667459e-05,C
337875000,3,7.105847164541948e-06,C
3887884923,3,1.4651376208631162e-05,C
3887884923,3,1.4651376208631162e-05,C
3887884923,3,1.4651376208631162e-05,C
3887884923,3,1.4651376208631162e-05,C
3887884923,3,0.0,C
4256629345,3,1.3774104683197258e-05,C
4256629345,3,1.6329688634127842e-05,C
4256629345,3,1.6329688634127842e-05,C
4256629345,3,1.6329688634127842e-05,C
4256629345,3,1.3774104683197258e-05,C
662595032,3,-4.6137301586469254e-05,N
662595032,3,1.586252711057931e-05,N
662595032,3,-5.023718563515467e-05,N
662595032,3,-8.770128821326828e-06,N
662595032,3,-2.5340474812262856e-05,N
3777243454,3,5.4014485885378605e-05,C
3777243454,3,0.00010494236864197221,C
3777243454,3,7.24445456965709e-05,C
3777243454,3,8.640044598031554e-05,C
3777243454,3,5.979340232474366e-05,C
982949046,3,0.0,
982949046,3,0.0,
982949046,3,0.0,
982949046,3,0.0,
982949046,3,0.0,
267757375,3,0.0,
267757375,3,0.0,
267757375,3,0.0,
267757375,3,0.0,
267757375,3,0.0,
2157595070,3,0.0,
2157595070,3,0.0,
2157595070,3,0.0,
2157595070,3,0.0,
2157595070,3,0.0,
895910141,3,-1.0356344404533965e-05,C
895910141,3,0.0,C
895910141,3,0.0,C
895910141,3,6.915629322267608e-06,C
895910141,3,6.915629322267608e-06,C
3182041044,3,0.0,C
3182041044,3,0.0,C
3182041044,3,0.0,C
3182041044,3,0.0,C
3182041044,3,0.0,C
4105666400,3,8.11308950843942e-06,C
4105666400,3,1.2150488461270398e-05,C
4105666400,3,4.511020422894724e-06,C
4105666400,3,1.2602064585649775e-05,C
4105666400,3,8.562924921599532e-06,C
1891839201,3,-4.0758153718109535e-06,C
1891839201,3,7.735746886363554e-06,C
1891839201,3,-5.590608844870115e-06,C
1891839201,3,-5.590608844870115e-06,C
1891839201,3,-2.5647437500390252e-06,C
2584230118,3,-2.14148696074494e-05,C
2584230118,3,-2.14148696074494e-05,C
2584230118,3,-2.5512874787622652e-05,C
2584230118,3,-6.649768255605898e-06,C
2584230118,3,-1.0747773435777416e-05,C
3696402029,3,-5.590608844870115e-06,C
3696402029,3,-2.035571019671535e-05,C
3696402029,3,-3.0258650948293553e-06,C
3696402029,3,1.1625511113800072e-05,C
3696402029,3,-7.109137936849377e-06,C
1263988625,3,0.0,
1263988625,3,0.0,
1263988625,3,0.0,
1263988625,3,0.0,
1263988625,3,0.0,
829754261,3,-5.766471868987391e-06,C
829754261,3,-8.770128821326828e-06,C
829754261,3,-7.266459869082614e-06,C
829754261,3,-2.1644027834426954e-06,C
829754261,3,-7.266459869082614e-06,C
2841547777,3,0.0,C
2841547777,3,0.0,C
2841547777,3,0.0,C
2841547777,3,0.0,C
2841547777,3,0.0,C
3059129780,3,6.915629322267608e-06,C
3059129780,3,0.0,C
3059129780,3,0.0,C
3059129780,3,6.915629322267608e-06,C
3059129780,3,-1.1867416026305894e-05,C
3650394863,3,2.8846035889488336e-05,C
3650394863,3,-1.732984510188426e-05,C
3650394863,3,-5.590608844870115e-06,C
3650394863,3,0.0,C
3650394863,3,-1.732984510188426e-05,C
3288032115,3,-3.6680717356851744e-06,C
3288032115,3,1.7841779833872168e-05,C
3288032115,3,4.753536364520555e-05,C
3288032115,3,2.4014907914777367e-05,C
3288032115,3,-1.130660782951154e-06,C
1308598964,3,-2.5512874787622652e-05,C
1308598964,3,-2.6808810058599752e-06,C
1308598964,3,7.142000003020066e-06,C
1308598964,3,-4.391608662105036e-05,C
1308598964,3,-7.109137936849377e-06,C
4081192417,3,0.0,
4081192417,3,0.0,
4081192417,3,0.0,
4081192417,3,0.0,
4081192417,3,0.0,
2085926208,3,0.0,
2085926208,3,0.0,
2085926208,3,0.0,
2085926208,3,0.0,
2085926208,3,0.0,
1852134816,3,-8.002672924959861e-05,C
1852134816,3,-9.490741447444953e-05,C
1852134816,3,-5.406487006383645e-05,C
1852134816,3,-0.00012399228397268897,C
1852134816,3,-4.621680853503403e-05,C
3628883864,3,-5.590608844870115e-06,C
3628883864,3,4.3738839167507815e-06,C
3628883864,3,2.3272016846230537e-05,C
3628883864,3,-8.164561728663325e-06,C
3628883864,3,-1.5110716217719283e-06,C
1228815484,3,-3.0258650948293553e-06,C
1228815484,3,4.062947421487606e-06,C
1228815484,3,0.0,C
1228815484,3,4.062947421487606e-06,C
1228815484,3,-8.164561728663325e-06,C
2863170677,3,-1.5110716217719283e-06,C
2863170677,3,-1.5110716217719283e-06,C
2863170677,3,-1.5110716217719283e-06,C
2863170677,3,0.0,C
2863170677,3,0.0,C
2126281302,3,0.0,C
2126281302,3,0.0,C
2126281302,3,0.0,C
2126281302,3,0.0,C
2126281302,3,0.0,C
3768390624,3,-1.947343934280768e-06,C
3768390624,3,1.9192479623130615e-05,C
3768390624,3,-1.7460702964088373e-05,C
3768390624,3,3.115749365172407e-05,C
3768390624,3,-4.098476751583299e-05,C
2150151661,3,1.8714323630115298e-05,C
2150151661,3,1.8714323630115298e-05,C
2150151661,3,0.0,C
2150151661,3,1.179869430784769e-05,C
2150151661,3,0.0,C
881868678,3,0.0,
881868678,3,0.0,
881868678,3,0.0,
881868678,3,0.0,
881868678,3,0.0,
1796784588,3,0.0,C
1796784588,3,0.0,C
1796784588,3,-1.325773788128995e-05,C
1796784588,3,0.0,C
1796784588,3,0.0,C
3892941493,3,-2.5647437500390252e-06,N
3892941493,3,0.0,N
3892941493,3,-2.5647437500390252e-06,N
3892941493,3,0.0,N
3892941493,3,0.0,N
847307936,3,1.4651376208631162e-05,C
847307936,3,1.5695888537789818e-05,C
847307936,3,1.3140304586857499e-05,C
847307936,3,1.7206960159561746e-05,C
847307936,3,1.7206960159561746e-05,C
1514288082,3,0.0,
1514288082,3,0.0,
1514288082,3,0.0,
1514288082,3,0.0,
1514288082,3,0.0,
287232915,3,0.0,C
287232915,3,0.0,C
287232915,3,0.0,C
287232915,3,0.0,C
287232915,3,0.0,C
3292836937,3,0.0,
3292836937,3,0.0,
3292836937,3,0.0,
3292836937,3,0.0,
3292836937,3,0.0,
89961214,3,0.0,C
89961214,3,0.0,C
89961214,3,1.4651376208631162e-05,C
89961214,3,1.4651376208631162e-05,C
89961214,3,0.0,C
1147977085,3,-1.7332257214489402e-05,C
1147977085,3,-2.7609749506371517e-05,C
1147977085,3,-1.3220888235179404e-05,C
1147977085,3,-2.7609749506371517e-05,C
1147977085,3,-2.1964769916929874e-05,C
636182019,3,0.0,C
636182019,3,0.0,C
636182019,3,0.0,C
636182019,3,0.0,C
636182019,3,0.0,C
799373156,3,-2.5647437500390252e-06,C
799373156,3,4.462886727587406e-07,C
799373156,3,-2.5647437500390252e-06,C
799373156,3,5.566616373730085e-06,C
799373156,3,4.462886727587406e-07,C
636990493,3,0.0,
636990493,3,0.0,
636990493,3,0.0,
636990493,3,0.0,
636990493,3,0.0,
1078276907,3,5.102057085641654e-06,C
1078276907,3,6.609420556195206e-06,C
1078276907,3,2.9885145553642384e-05,C
1078276907,3,-8.155680795648296e-06,C
1078276907,3,-1.4765101351843501e-05,C
1421345390,3,0.0,C
1421345390,3,0.0,C
1421345390,3,0.0,C
1421345390,3,0.0,C
1421345390,3,0.0,C
145374537,3,0.0,C
145374537,3,-3.063320248859573e-05,C
145374537,3,-1.7250992989230676e-05,C
145374537,3,-1.027749229188038e-05,C
145374537,3,-2.504259364372388e-05,C
1256751600,3,-1.7250992989230676e-05,C
1256751600,3,-1.7250992989230676e-05,C
1256751600,3,-1.7250992989230676e-05,C
1256751600,3,-1.7250992989230676e-05,C
1256751600,3,-2.541745405518561e-06,C
30707086,3,3.417760278661558e-06,C
30707086,3,-3.4407150822663574e-06,C
30707086,3,7.027016357860974e-06,C
30707086,3,4.471432406928655e-06,C
30707086,3,5.982504028702318e-06,C
454919045,3,-5.1754352062387265e-06,N
454919045,3,-6.534578068413156e-05,N
454919045,3,-6.418852846603283e-05,N
454919045,3,-9.64615647698619e-07,N
454919045,3,-1.0954577608062593e-05,N
96001975,3,0.0,C
96001975,3,4.062947421487606e-06,C
96001975,3,0.0,C
96001975,3,4.062947421487606e-06,C
96001975,3,0.0,C
3632480728,3,3.392991997693169e-05,C
3632480728,3,3.242255650637814e-05,C
3632480728,3,3.242255650637814e-05,C
3632480728,3,2.8374073931870455e-05,C
3632480728,3,6.138937655397574e-05,C
2543587995,3,0.0,N
2543587995,3,0.0,N
2543587995,3,0.0,N
2543587995,3,0.0,N
2543587995,3,0.0,N
2664622273,3,1.5695888537789818e-05,C
2664622273,3,1.5695888537789818e-05,C
2664622273,3,1.7206960159561746e-05,C
2664622273,3,1.7206960159561746e-05,C
2664622273,3,0.0,C
640282103,3,-1.5110716217719283e-06,C
640282103,3,0.0,C
640282103,3,-1.5110716217719283e-06,C
640282103,3,-3.0258650948293553e-06,C
640282103,3,0.0,C
552722929,3,6.609420556195206e-06,C
552722929,3,6.609420556195206e-06,C
552722929,3,5.102057085641654e-06,C
552722929,3,5.102057085641654e-06,C
552722929,3,6.609420556195206e-06,C
3304326854,3,0.0,C
3304326854,3,5.566616373730085e-06,C
3304326854,3,-3.728653233007334e-06,C
3304326854,3,-7.79160065449494e-06,C
3304326854,3,0.0,C
932711668,3,1.179869430784769e-05,N
932711668,3,1.0291330837294138e-05,N
932711668,3,1.3302363260091904e-05,N
932711668,3,-4.0758153718109535e-06,N
932711668,3,1.5073634705535521e-06,N
932734850,3,3.833717462994532e-05,N
932734850,3,2.1260796764824633e-05,N
932734850,3,3.9840843582189533e-05,N
932734850,3,2.1260796764824633e-05,N
932734850,3,1.7206960159561746e-05,N
3198482033,3,2.555583950934054e-06,C
3198482033,3,0.0,C
3198482033,3,0.0,C
3198482033,3,0.0,C
3198482033,3,2.555583950934054e-06,C
2843970853,3,-2.2487009692793297e-05,C
2843970853,3,2.555583950934054e-06,C
2843970853,3,-7.721908340948061e-06,C
2843970853,3,2.555583950934054e-06,C
2843970853,3,-6.214544870394509e-06,C
1167268241,3,0.0,C
1167268241,3,0.0,C
1167268241,3,0.0,C
1167268241,3,0.0,C
1167268241,3,0.0,C
1968143303,3,0.0,C
1968143303,3,2.555583950934054e-06,C
1968143303,3,2.555583950934054e-06,C
1968143303,3,-2.9118409015538305e-05,C
1968143303,3,-2.2487009692793297e-05,C
132611095,3,4.062947421487606e-06,C
132611095,3,1.2687296210303622e-05,C
132611095,3,1.4194659680857175e-05,C
132611095,3,4.062947421487606e-06,C
132611095,3,4.062947421487606e-06,C
1067305901,3,-5.138696633832235e-06,C
1067305901,3,-1.057380279485473e-06,C
1067305901,3,-2.5647437500390252e-06,C
1067305901,3,0.0,C
1067305901,3,1.5073634705535521e-06,C
4232044298,3,0.0,C
4232044298,3,0.0,C
4232044298,3,0.0,C
4232044298,3,0.0,C
4232044298,3,0.0,C
3924990413,3,5.93467811981982e-07,C
3924990413,3,2.8387764647648528e-05,C
3924990413,3,1.3234646719165188e-07,C
3924990413,3,6.099984101974251e-05,C
3924990413,3,3.022574322521926e-06,C
3163510888,3,-7.79160065449494e-06,C
3163510888,3,1.5073634705535521e-06,C
3163510888,3,0.0,C
3163510888,3,0.0,C
3163510888,3,0.0,C
3370172965,3,-4.0758153718109535e-06,C
3370172965,3,0.0,C
3370172965,3,0.0,C
3370172965,3,0.0,C
3370172965,3,-4.0758153718109535e-06,C
1544255291,3,-6.014667966059567e-06,C
1544255291,3,1.1209360933156498e-05,C
1544255291,3,-1.157671476181149e-05,C
1544255291,3,3.186976089260274e-06,C
1544255291,3,1.528146815375081e-05,C
3961613636,3,9.613077508534643e-06,C
3961613636,3,1.5073634705535521e-06,C
3961613636,3,1.5073634705535521e-06,C
3961613636,3,1.5073634705535521e-06,C
3961613636,3,4.062947421487606e-06,C
50651170,3,0.0,C
50651170,3,0.0,C
50651170,3,0.0,C
50651170,3,0.0,C
50651170,3,0.0,C
3075896141,3,0.0,C
3075896141,3,0.0,C
3075896141,3,0.0,C
3075896141,3,0.0,C
3075896141,3,0.0,C
172238518,3,0.0,C
172238518,3,0.0,C
172238518,3,0.0,C
172238518,3,0.0,C
172238518,3,0.0,C
2136803473,3,0.0,
2136803473,3,0.0,
2136803473,3,0.0,
2136803473,3,0.0,
2136803473,3,0.0,
1023209243,3,4.062947421487606e-06,N
1023209243,3,1.5073634705535521e-06,N
1023209243,3,4.062947421487606e-06,N
1023209243,3,4.062947421487606e-06,N
1023209243,3,1.5073634705535521e-06,N
885408970,3,-4.0758153718109535e-06,O
885408970,3,-2.5647437500390252e-06,O
885408970,3,-4.0758153718109535e-06,O
885408970,3,-1.057380279485473e-06,O
885408970,3,0.0,O
1213407188,3,2.597050252529584e-06,C
1213407188,3,-6.649768255605898e-06,C
1213407188,3,6.486814479966102e-06,C
1213407188,3,-2.5647437500390252e-06,C
1213407188,3,-8.164561728663325e-06,C
4210054575,3,2.8846035889488336e-05,N
4210054575,3,2.8846035889488336e-05,N
4210054575,3,2.8846035889488336e-05,N
4210054575,3,2.8846035889488336e-05,N
4210054575,3,2.8846035889488336e-05,N
3871410344,3,-1.027749229188038e-05,N
3871410344,3,-1.027749229188038e-05,N
3871410344,3,-8.770128821326828e-06,N
3871410344,3,-2.504259364372388e-05,N
3871410344,3,1.5073634705535521e-06,N
1184436594,3,4.062947421487606e-06,C
1184436594,3,6.609420556195206e-06,C
1184436594,3,1.5073634705535521e-06,C
1184436594,3,0.0,C
1184436594,3,1.5073634705535521e-06,C
3431706412,3,0.0,
3431706412,3,0.0,
3431706412,3,0.0,
3431706412,3,0.0,
3431706412,3,0.0,
2758632892,3,1.4642732682264292e-05,C
2758632892,3,1.163907572992659e-05,C
2758632892,3,1.4194659680857175e-05,C
2758632892,3,1.4194659680857175e-05,C
2758632892,3,7.566968509332278e-06,C
2131356872,3,0.0,C
2131356872,3,0.0,C
2131356872,3,0.0,C
2131356872,3,0.0,C
2131356872,3,0.0,C
3131896227,3,-5.138696633832235e-06,C
3131896227,3,3.2283095968010586e-05,C
3131896227,3,-5.138696633832235e-06,C
3131896227,3,-6.649768255605898e-06,C
3131896227,3,-3.68680941845792e-05,C
2739425568,3,2.0217992582359512e-05,C
2739425568,3,2.0217992582359512e-05,C
2739425568,3,3.0444957268527598e-05,C
2739425568,3,1.8714323630115298e-05,C
2739425568,3,1.6158739679184714e-05,C
2917424199,3,0.0,N
2917424199,3,0.0,N
2917424199,3,0.0,N
2917424199,3,0.0,N
2917424199,3,0.0,N
740717125,3,0.0,C
740717125,3,0.0,C
740717125,3,0.0,C
740717125,3,0.0,C
740717125,3,0.0,C
2604399148,3,1.6062460831196834e-05,C
2604399148,3,2.7830273729276614e-05,C
2604399148,3,2.4065435520491396e-05,C
2604399148,3,1.5028718830707027e-05,C
2604399148,3,-5.236016703560886e-06,C
35816944,3,4.2715001522761545e-05,C
35816944,3,3.792495608213875e-05,C
35816944,3,7.331141110433759e-05,C
35816944,3,-8.76969013644327e-06,C
35816944,3,5.954200097598762e-05,C
1623026378,3,-1.4765101351843501e-05,C
1623026378,3,0.0,C
1623026378,3,0.0,C
1623026378,3,0.0,C
1623026378,3,0.0,C
1514095308,3,0.0,
1514095308,3,0.0,
1514095308,3,0.0,
1514095308,3,0.0,
1514095308,3,0.0,
1814116706,3,0.0,
1814116706,3,0.0,
1814116706,3,0.0,
1814116706,3,0.0,
1814116706,3,0.0,
3229069614,3,0.0,
3229069614,3,0.0,
3229069614,3,0.0,
3229069614,3,0.0,
3229069614,3,0.0,
269963113,3,0.0,
269963113,3,0.0,
269963113,3,0.0,
269963113,3,0.0,
269963113,3,0.0,
3375441982,3,0.0,
3375441982,3,0.0,
3375441982,3,0.0,
3375441982,3,0.0,
3375441982,3,0.0,
2537385504,3,0.0,C
2537385504,3,0.0,C
2537385504,3,0.0,C
2537385504,3,0.0,C
2537385504,3,0.0,C
1375082737,3,-4.320508409160796e-05,C
1375082737,3,-1.240379048566935e-05,C
1375082737,3,-2.4596304970966876e-05,C
1375082737,3,3.4425972206264532e-06,C
1375082737,3,2.3054682552306124e-05,C
3972090239,3,1.2971526209826223e-05,C
3972090239,3,-4.0758153718109535e-06,C
3972090239,3,2.680186466989809e-05,C
3972090239,3,8.882779852977321e-06,C
3972090239,3,7.814361618920657e-06,C
542715770,3,0.0,C
542715770,3,0.0,C
542715770,3,0.0,C
542715770,3,0.0,C
542715770,3,0.0,C
1835135892,3,-1.4765101351843501e-05,C
1835135892,3,-1.4765101351843501e-05,C
1835135892,3,-1.8840916723657924e-05,C
1835135892,3,-1.4765101351843501e-05,C
1835135892,3,-1.8840916723657924e-05,C
3850856377,3,0.0,C
3850856377,3,0.0,C
3850856377,3,0.0,C
3850856377,3,0.0,C
3850856377,3,0.0,C
3007422704,3,0.0,O
3007422704,3,0.0,O
3007422704,3,0.0,O
3007422704,3,0.0,O
3007422704,3,0.0,O
2209842778,3,-2.806845873855497e-05,N
2209842778,3,-5.958217813432573e-05,N
2209842778,3,-5.699896642721164e-05,N
2209842778,3,-7.351034241279489e-05,N
2209842778,3,-3.546903509925661e-05,N
2296764637,3,1.652870683080225e-05,C
2296764637,3,1.4651376208631162e-05,C
2296764637,3,4.163057591563546e-05,C
2296764637,3,6.481871956540673e-05,C
2296764637,3,1.743403619774639e-05,C
3929393147,3,0.0,C
3929393147,3,0.0,C
3929393147,3,0.0,C
3929393147,3,0.0,C
3929393147,3,0.0,C
2270589688,3,-8.631416483377563e-06,N
2270589688,3,5.171003136322794e-06,N
2270589688,3,2.1451380414917037e-06,N
2270589688,3,0.0,N
2270589688,3,0.0,N
2592252298,3,-1.8840916723657924e-05,C
2592252298,3,-6.973500697348561e-06,C
2592252298,3,1.3302363260091904e-05,C
2592252298,3,0.0,C
2592252298,3,1.5073634705535521e-06,C
4116013187,3,1.5073634705535521e-06,C
4116013187,3,1.5073634705535521e-06,C
4116013187,3,0.0,C
4116013187,3,1.5073634705535521e-06,C
4116013187,3,0.0,C
372117123,3,0.0,S
372117123,3,0.0,S
372117123,3,0.0,S
372117123,3,0.0,S
372117123,3,0.0,S
2709179886,3,1.5073634705535521e-06,C
2709179886,3,1.5073634705535521e-06,C
2709179886,3,1.5073634705535521e-06,C
2709179886,3,1.5073634705535521e-06,C
2709179886,3,1.5073634705535521e-06,C
228862830,3,0.0,N
228862830,3,0.0,N
228862830,3,0.0,N
228862830,3,0.0,N
228862830,3,0.0,N
2300762321,3,0.0,N
2300762321,3,0.0,N
2300762321,3,0.0,N
2300762321,3,0.0,N
2300762321,3,0.0,N
4081192418,3,0.0,
4081192418,3,0.0,
4081192418,3,0.0,
4081192418,3,0.0,
4081192418,3,0.0,
4120224926,3,-1.891419722712187e-05,C
4120224926,3,-5.7510985876639206e-05,C
4120224926,3,-1.497369484227025e-05,C
4120224926,3,-7.408754867540071e-05,C
4120224926,3,-4.2094796950924857e-05,C
1090571167,3,-1.2930297288327175e-05,N
1090571167,3,-2.4718861201981218e-05,N
1090571167,3,-6.284237183941388e-06,N
1090571167,3,6.915629322267608e-06,N
1090571167,3,0.0,N
369500293,3,1.7206960159561746e-05,C
369500293,3,2.606673889899401e-05,C
369500293,3,1.5695888537789818e-05,C
369500293,3,-9.663044266201848e-06,C
369500293,3,-1.6276172973617165e-05,C
3873306213,3,4.062947421487606e-06,N
3873306213,3,4.062947421487606e-06,N
3873306213,3,0.0,N
3873306213,3,-1.8840916723657924e-05,N
3873306213,3,5.566616373730085e-06,N
600377156,3,0.0,C
600377156,3,0.0,C
600377156,3,0.0,C
600377156,3,0.0,C
600377156,3,0.0,C
1946997629,3,0.0,
1946997629,3,0.0,
1946997629,3,0.0,
1946997629,3,0.0,
1946997629,3,0.0,
1044537682,3,0.0,
1044537682,3,0.0,
1044537682,3,0.0,
1044537682,3,0.0,
1044537682,3,0.0,
2077658817,3,1.5073634705535521e-06,O
2077658817,3,-2.127664211034469e-06,O
2077658817,3,-3.6313331632786827e-06,O
2077658817,3,-1.057380279485473e-06,O
2077658817,3,4.511020422894724e-06,O
264974063,3,-4.0758153718109535e-06,N
264974063,3,-2.5647437500390252e-06,N
264974063,3,-4.0758153718109535e-06,N
264974063,3,-2.5647437500390252e-06,N
264974063,3,-4.0758153718109535e-06,N
3792822921,3,0.0,
3792822921,3,0.0,
3792822921,3,0.0,
3792822921,3,0.0,
3792822921,3,0.0,
2575624905,3,0.0,C
2575624905,3,0.0,C
2575624905,3,0.0,C
2575624905,3,0.0,C
2575624905,3,0.0,C
1640551393,3,0.0,C
1640551393,3,4.062947421487606e-06,C
1640551393,3,1.5073634705535521e-06,C
1640551393,3,0.0,C
1640551393,3,0.0,C
3528517994,3,1.179869430784769e-05,C
3528517994,3,0.0,C
3528517994,3,0.0,C
3528517994,3,0.0,C
3528517994,3,0.0,C
692277943,3,0.0,N
692277943,3,0.0,N
692277943,3,0.0,N
692277943,3,1.7206960159561746e-05,N
692277943,3,0.0,N
990985258,3,0.0,
990985258,3,0.0,
990985258,3,0.0,
990985258,3,0.0,
990985258,3,0.0,
389385568,3,0.0,
389385568,3,0.0,
389385568,3,0.0,
389385568,3,0.0,
389385568,3,0.0,
597336504,3,0.0,C
597336504,3,0.0,C
597336504,3,0.0,C
597336504,3,1.5073634705535521e-06,C
597336504,3,0.0,C
744747118,3,0.0,S
744747118,3,0.0,S
744747118,3,0.0,S
744747118,3,0.0,S
744747118,3,0.0,S
1740651977,3,2.0761919908105636e-06,C
1740651977,3,1.0445123291603908e-06,C
1740651977,3,2.0761919908105636e-06,C
1740651977,3,1.065050046117344e-05,C
1740651977,3,-1.988810235878033e-06,C
1198890718,3,0.0,
1198890718,3,0.0,
1198890718,3,0.0,
1198890718,3,0.0,
1198890718,3,0.0,
544863012,3,0.0,C
544863012,3,0.0,C
544863012,3,0.0,C
544863012,3,0.0,C
544863012,3,0.0,C
2127647960,3,-4.0758153718109535e-06,C
2127647960,3,-4.0758153718109535e-06,C
2127647960,3,-4.0758153718109535e-06,C
2127647960,3,-4.0758153718109535e-06,C
2127647960,3,-4.0758153718109535e-06,C
3372972590,3,0.0,N
3372972590,3,0.0,N
3372972590,3,0.0,N
3372972590,3,0.0,N
3372972590,3,0.0,N
1145656637,3,0.0,
1145656637,3,0.0,
1145656637,3,0.0,
1145656637,3,0.0,
1145656637,3,0.0,
3781690415,3,0.0,C
3781690415,3,1.5073634705535521e-06,C
3781690415,3,0.0,C
3781690415,3,0.0,C
3781690415,3,0.0,C
2211843251,3,4.062947421487606e-06,C
2211843251,3,0.0,C
2211843251,3,1.5073634705535521e-06,C
2211843251,3,1.5073634705535521e-06,C
2211843251,3,1.5073634705535521e-06,C
1378792052,3,0.0,C
1378792052,3,0.0,C
1378792052,3,0.0,C
1378792052,3,0.0,C
1378792052,3,0.0,C
4240369074,3,-1.5110716217719283e-06,C
4240369074,3,0.0,C
4240369074,3,0.0,C
4240369074,3,0.0,C
4240369074,3,2.555583950934054e-06,C
3209892106,3,0.0,N
3209892106,3,-4.0758153718109535e-06,N
3209892106,3,-4.0758153718109535e-06,N
3209892106,3,-4.0758153718109535e-06,N
3209892106,3,0.0,N
2762211251,3,0.0,S
2762211251,3,0.0,S
2762211251,3,0.0,S
2762211251,3,0.0,S
2762211251,3,0.0,S
990985259,3,0.0,
990985259,3,0.0,
990985259,3,0.0,
990985259,3,0.0,
990985259,3,0.0,
4256676941,3,-4.0758153718109535e-06,N
4256676941,3,-4.0758153718109535e-06,N
4256676941,3,-4.0758153718109535e-06,N
4256676941,3,-5.590608844870115e-06,N
4256676941,3,-5.590608844870115e-06,N
3617179377,3,1.5698328633101388e-05,C
3617179377,3,3.439616597653711e-05,C
3617179377,3,3.439616597653711e-05,C
3617179377,3,3.439616597653711e-05,C
3617179377,3,3.439616597653711e-05,C
592655526,3,5.566616373730085e-06,C
592655526,3,-1.5110716217719283e-06,C
592655526,3,3.62569474948414e-05,C
592655526,3,5.566616373730085e-06,C
592655526,3,3.7753268042615626e-05,C
2409787606,3,0.0,C
2409787606,3,0.0,C
2409787606,3,0.0,C
2409787606,3,0.0,C
2409787606,3,0.0,C
2113520109,3,0.0,C
2113520109,3,0.0,C
2113520109,3,0.0,C
2113520109,3,1.5073634705535521e-06,C
2113520109,3,0.0,C
1250165012,3,0.0,C
1250165012,3,0.0,C
1250165012,3,0.0,C
1250165012,3,0.0,C
1250165012,3,0.0,C
1238592536,3,0.0,C
1238592536,3,0.0,C
1238592536,3,0.0,C
1238592536,3,0.0,C
1238592536,3,0.0,C
2213350725,3,6.915629322267608e-06,C
2213350725,3,6.915629322267608e-06,C
2213350725,3,6.915629322267608e-06,C
2213350725,3,6.915629322267608e-06,C
2213350725,3,6.915629322267608e-06,C
1915080917,3,5.171003136322794e-06,C
1915080917,3,4.3833075803280386e-05,C
1915080917,3,2.3839231230643465e-05,C
1915080917,3,5.171003136322794e-06,C
1915080917,3,8.934396061415287e-05,C
3651174070,3,-2.9118409015538305e-05,C
3651174070,3,-2.609997392321109e-05,C
3651174070,3,-2.760733739376464e-05,C
3651174070,3,-3.169236189932978e-05,C
3651174070,3,-2.6553665265497545e-05,C
1365279474,3,0.0,C
1365279474,3,0.0,C
1365279474,3,0.0,C
1365279474,3,0.0,C
1365279474,3,0.0,C
1583009052,3,0.0,C
1583009052,3,0.0,C
1583009052,3,0.0,C
1583009052,3,0.0,C
1583009052,3,0.0,C
1499666286,3,0.0,
1499666286,3,0.0,
1499666286,3,0.0,
1499666286,3,0.0,
1499666286,3,0.0,
1191280979,3,0.0,
1191280979,3,0.0,
1191280979,3,0.0,
1191280979,3,0.0,
1191280979,3,0.0,
3457964313,3,1.912097984203484e-05,N
3457964313,3,1.7620991841937883e-05,N
3457964313,3,2.7898484133819998e-05,N
3457964313,3,-1.1754068929045736e-05,N
3457964313,3,4.6928701727920463e-07,N
2881111452,3,0.0,
2881111452,3,0.0,
2881111452,3,0.0,
2881111452,3,0.0,
2881111452,3,0.0,
423609967,3,2.331060978001849e-05,C
423609967,3,2.8517959606906562e-05,C
423609967,3,5.0947306623222444e-05,C
423609967,3,2.598054865417254e-05,C
423609967,3,3.728573757768791e-05,C
3300110909,3,0.0,N
3300110909,3,4.062947421487606e-06,N
3300110909,3,0.0,N
3300110909,3,0.0,N
3300110909,3,4.062947421487606e-06,N
3345491492,3,0.0,N
3345491492,3,0.0,N
3345491492,3,0.0,N
3345491492,3,0.0,N
3345491492,3,0.0,N
1534595042,3,-7.79160065449494e-06,C
1534595042,3,1.0131712259373038e-05,C
1534595042,3,2.4783088468002465e-05,C
1534595042,3,-7.79160065449494e-06,C
1534595042,3,2.4783088468002465e-05,C
2014255590,3,0.0,N
2014255590,3,0.0,N
2014255590,3,0.0,N
2014255590,3,0.0,N
2014255590,3,0.0,N
362715007,3,0.0,C
362715007,3,0.0,C
362715007,3,0.0,C
362715007,3,0.0,C
362715007,3,0.0,C
2654043257,3,0.0,N
2654043257,3,2.555583950934054e-06,N
2654043257,3,1.5073634705535521e-06,N
2654043257,3,2.555583950934054e-06,N
2654043257,3,1.5073634705535521e-06,N
720253145,3,0.0,N
720253145,3,1.4651376208631162e-05,N
720253145,3,1.4651376208631162e-05,N
720253145,3,-2.5647437500390252e-06,N
720253145,3,1.4651376208631162e-05,N
1342596238,3,0.0,C
1342596238,3,0.0,C
1342596238,3,0.0,C
1342596238,3,0.0,C
1342596238,3,0.0,C
1505769767,3,-1.5110716217719283e-06,C
1505769767,3,0.0,C
1505769767,3,0.0,C
1505769767,3,0.0,C
1505769767,3,0.0,C
4129558839,3,0.0,N
4129558839,3,0.0,N
4129558839,3,0.0,N
4129558839,3,0.0,N
4129558839,3,0.0,N
1673980810,3,-8.608418138857099e-06,O
1673980810,3,-1.0747773435779151e-05,O
1673980810,3,-2.5939950450973998e-05,O
1673980810,3,3.427780275478201e-05,O
1673980810,3,-2.3173506404523814e-06,O
458195553,3,0.0,N
458195553,3,0.0,N
458195553,3,0.0,N
458195553,3,0.0,N
458195553,3,0.0,N
3083149214,3,0.0,
3083149214,3,0.0,
3083149214,3,0.0,
3083149214,3,0.0,
3083149214,3,0.0,
564807139,3,-1.806909294637532e-05,C
564807139,3,-3.9540423428133936e-05,C
564807139,3,-3.289065517252804e-05,C
564807139,3,1.4651376208631162e-05,C
564807139,3,-1.027749229188038e-05,C
57405021,3,0.0,
57405021,3,0.0,
57405021,3,0.0,
57405021,3,0.0,
57405021,3,0.0,
264906369,3,0.0,C
264906369,3,0.0,C
264906369,3,0.0,C
264906369,3,0.0,C
264906369,3,0.0,C
906327634,3,0.0,N
906327634,3,0.0,N
906327634,3,0.0,N
906327634,3,0.0,N
906327634,3,0.0,N
3203925050,3,0.0,C
3203925050,3,0.0,C
3203925050,3,0.0,C
3203925050,3,0.0,C
3203925050,3,0.0,C
1238701800,3,0.0,C
1238701800,3,0.0,C
1238701800,3,0.0,C
1238701800,3,0.0,C
1238701800,3,0.0,C
817554650,3,0.0,
817554650,3,0.0,
817554650,3,0.0,
817554650,3,0.0,
817554650,3,0.0,
3210014657,3,2.6586106666171005e-07,N
3210014657,3,-2.0778358817129597e-05,N
3210014657,3,-3.113436239697391e-05,N
3210014657,3,-5.3677804572405466e-05,N
3210014657,3,-1.4006145524887714e-05,N
3869736299,3,-1.027749229188038e-05,C
3869736299,3,-1.1788563913654043e-05,C
3869736299,3,-1.027749229188038e-05,C
3869736299,3,-2.760733739376464e-05,C
3869736299,3,-1.027749229188038e-05,C
443741425,3,9.060767363759312e-06,N
443741425,3,-1.1205369367172507e-05,N
443741425,3,1.4651376208631162e-05,N
443741425,3,1.3140304586857499e-05,N
443741425,3,-1.0747773435777416e-05,N
252812893,3,0.0,
252812893,3,0.0,
252812893,3,0.0,
252812893,3,0.0,
252812893,3,0.0,
1352167592,3,-1.5110716217719283e-06,C
1352167592,3,-1.5110716217719283e-06,C
1352167592,3,-1.5110716217719283e-06,C
1352167592,3,-1.5110716217719283e-06,C
1352167592,3,-1.5110716217719283e-06,C
2030757576,3,0.0,C
2030757576,3,0.0,C
2030757576,3,0.0,C
2030757576,3,0.0,C
2030757576,3,0.0,C
3541689698,3,0.0,
3541689698,3,0.0,
3541689698,3,0.0,
3541689698,3,0.0,
3541689698,3,0.0,
2250143559,3,-2.504259364372388e-05,C
2250143559,3,-2.504259364372388e-05,C
2250143559,3,-2.504259364372388e-05,C
2250143559,3,-2.504259364372388e-05,C
2250143559,3,-2.504259364372388e-05,C
2144345290,3,0.0,N
2144345290,3,9.243110356917106e-06,N
2144345290,3,0.0,N
2144345290,3,-1.5110716217719283e-06,N
2144345290,3,-1.5110716217719283e-06,N
1849554589,3,0.0,N
1849554589,3,2.555583950934054e-06,N
1849554589,3,0.0,N
1849554589,3,0.0,N
1849554589,3,2.555583950934054e-06,N
2271158283,3,-1.5416188925712615e-05,C
2271158283,3,-2.9118409015538305e-05,C
2271158283,3,-3.320715537238894e-05,C
2271158283,3,-3.47256844643682e-05,C
2271158283,3,2.555583950934054e-06,C
1445706287,3,0.0,C
1445706287,3,0.0,C
1445706287,3,5.566616373730085e-06,C
1445706287,3,1.5073634705535521e-06,C
1445706287,3,3.011032422797766e-06,C
3385400514,3,-3.320715537238894e-05,C
3385400514,3,-3.169236189932978e-05,C
3385400514,3,-3.169236189932978e-05,C
3385400514,3,-4.702811438970361e-07,C
3385400514,3,-3.018129027755785e-05,C
621690156,3,-9.538244447389321e-06,C
621690156,3,-1.5110716217719283e-06,C
621690156,3,1.5073634705535521e-06,C
621690156,3,1.5073634705535521e-06,C
621690156,3,-2.14148696074494e-05,C
1214058429,3,2.8846035889488336e-05,C
1214058429,3,1.8714323630115298e-05,C
1214058429,3,4.062947421487606e-06,C
1214058429,3,4.062947421487606e-06,C
1214058429,3,0.0,C
3599391724,3,0.0,C
3599391724,3,0.0,C
3599391724,3,0.0,C
3599391724,3,0.0,C
3599391724,3,0.0,C
3992738647,3,0.0,C
3992738647,3,0.0,C
3992738647,3,0.0,C
3992738647,3,0.0,C
3992738647,3,0.0,C
1637770740,3,0.0,C
1637770740,3,0.0,C
1637770740,3,0.0,C
1637770740,3,0.0,C
1637770740,3,0.0,C
81315441,3,-2.926293113625182e-05,C
81315441,3,1.5073634705535521e-06,C
81315441,3,-2.2613162880645923e-05,C
81315441,3,-1.325773788128995e-05,C
81315441,3,-1.732984510188426e-05,C
3145023872,3,1.5073634705535521e-06,C
3145023872,3,0.0,C
3145023872,3,0.0,C
3145023872,3,0.0,C
3145023872,3,0.0,C
3135357859,3,2.555583950934054e-06,N
3135357859,3,-1.5110716217719283e-06,N
3135357859,3,2.555583950934054e-06,N
3135357859,3,0.0,N
3135357859,3,1.5073634705535521e-06,N
4078658161,3,0.0,C
4078658161,3,0.0,C
4078658161,3,0.0,C
4078658161,3,0.0,C
4078658161,3,0.0,C
2064788354,3,1.4194659680857175e-05,C
2064788354,3,2.1930406567220728e-05,C
2064788354,3,1.0131712259373038e-05,C
2064788354,3,1.4194659680857175e-05,C
2064788354,3,1.2687296210303622e-05,C
3134606292,3,0.0,
3134606292,3,0.0,
3134606292,3,0.0,
3134606292,3,0.0,
3134606292,3,0.0,
1797524254,3,0.0,
1797524254,3,0.0,
1797524254,3,0.0,
1797524254,3,0.0,
1797524254,3,0.0,
77081066,3,0.0,C
77081066,3,0.0,C
77081066,3,0.0,C
77081066,3,0.0,C
77081066,3,0.0,C
3594356142,3,0.0,C
3594356142,3,0.0,C
3594356142,3,0.0,C
3594356142,3,0.0,C
3594356142,3,0.0,C
3313841562,3,0.0,C
3313841562,3,0.0,C
3313841562,3,0.0,C
3313841562,3,0.0,C
3313841562,3,0.0,C
2506328221,3,2.8846035889488336e-05,C
2506328221,3,2.8846035889488336e-05,C
2506328221,3,2.8846035889488336e-05,C
2506328221,3,2.8846035889488336e-05,C
2506328221,3,2.8846035889488336e-05,C
517432093,3,0.0,C
517432093,3,0.0,C
517432093,3,0.0,C
517432093,3,0.0,C
517432093,3,0.0,C
1169352347,3,1.7206960159561746e-05,N
1169352347,3,-4.294973720125536e-05,N
1169352347,3,-4.0758153718109535e-06,N
1169352347,3,-1.3788581074286599e-05,N
1169352347,3,-1.330335738671147e-05,N
3010410747,3,2.8846035889488336e-05,N
3010410747,3,6.295787647613536e-05,N
3010410747,3,3.289617797644015e-05,N
3010410747,3,5.566616373730085e-06,N
3010410747,3,3.439616597653711e-05,N
1693589848,3,0.0,N
1693589848,3,0.0,N
1693589848,3,0.0,N
1693589848,3,0.0,N
1693589848,3,0.0,N
4081436575,3,4.062947421487606e-06,C
4081436575,3,9.146831508929226e-06,C
4081436575,3,2.555583950934054e-06,C
4081436575,3,2.555583950934054e-06,C
4081436575,3,6.609420556195206e-06,C
2975316496,3,0.0,C
2975316496,3,0.0,C
2975316496,3,0.0,C
2975316496,3,0.0,C
2975316496,3,0.0,C
3674630670,3,-5.590608844870115e-06,C
3674630670,3,-5.590608844870115e-06,C
3674630670,3,-5.590608844870115e-06,C
3674630670,3,0.0,C
3674630670,3,-1.5110716217719283e-06,C
3350945806,3,0.0,C
3350945806,3,4.062947421487606e-06,C
3350945806,3,0.0,C
3350945806,3,-2.5647437500390252e-06,C
3350945806,3,0.0,C
1397513080,3,2.8846035889488336e-05,O
1397513080,3,4.062947421487606e-06,O
1397513080,3,0.0,O
1397513080,3,2.8846035889488336e-05,O
1397513080,3,2.8846035889488336e-05,O
3126934625,3,3.011032422797766e-06,C
3126934625,3,0.0,C
3126934625,3,1.5073634705535521e-06,C
3126934625,3,3.011032422797766e-06,C
3126934625,3,4.462886727587406e-07,C
3995362948,3,1.5073634705535521e-06,N
3995362948,3,-9.538244447389321e-06,N
3995362948,3,-4.0758153718109535e-06,N
3995362948,3,1.163907572992659e-05,N
3995362948,3,2.6290451938556017e-05,N
1059124080,3,0.0,
1059124080,3,0.0,
1059124080,3,0.0,
1059124080,3,0.0,
1059124080,3,0.0,
1153930374,3,-0.0012620891054575655,C
1153930374,3,-0.0014044125354522267,C
1153930374,3,-0.0014044125354522267,C
1153930374,3,0.001784913130546524,C
1153930374,3,-0.0014044125354522267,C
1103832125,3,0.0,C
1103832125,3,0.0,C
1103832125,3,0.0,C
1103832125,3,0.0,C
1103832125,3,0.0,C
3577933307,3,0.0,
3577933307,3,0.0,
3577933307,3,0.0,
3577933307,3,0.0,
3577933307,3,0.0,
3988861584,3,2.3725708188515257e-05,C
3988861584,3,2.4783088468002465e-05,C
3988861584,3,2.0707273096189777e-05,C
3988861584,3,9.512679574797192e-06,C
3988861584,3,1.2086632458590402e-05,C
2572035617,3,0.0,N
2572035617,3,0.0,N
2572035617,3,0.0,N
2572035617,3,0.0,N
2572035617,3,-1.5110716217719283e-06,N
3346153511,3,0.0,
3346153511,3,0.0,
3346153511,3,0.0,
3346153511,3,0.0,
3346153511,3,0.0,
2918201879,3,-5.537094219416894e-06,C
2918201879,3,-1.7673673976582177e-05,C
2918201879,3,2.516043109007833e-05,C
2918201879,3,1.626010867597505e-05,C
2918201879,3,4.686679931677207e-07,C
194638448,3,-2.504259364372388e-05,C
194638448,3,-2.760733739376464e-05,C
194638448,3,-2.504259364372388e-05,C
194638448,3,-2.504259364372388e-05,C
194638448,3,-2.9118409015538305e-05,C
869152089,3,-1.4765101351843501e-05,C
869152089,3,-2.4448192172487823e-05,C
869152089,3,1.5073634705535521e-06,C
869152089,3,-1.8840916723657924e-05,C
869152089,3,-2.5512874787622652e-05,C
3804745459,3,0.0,
3804745459,3,0.0,
3804745459,3,0.0,
3804745459,3,0.0,
3804745459,3,0.0,
3755128710,3,0.0001072382371781009,C
3755128710,3,6.789511096721296e-05,C
3755128710,3,6.599747088574179e-05,C
3755128710,3,2.9748006019847395e-05,C
3755128710,3,0.00011484205303756607,C
1713195601,3,0.0,C
1713195601,3,0.0,C
1713195601,3,0.0,C
1713195601,3,0.0,C
1713195601,3,0.0,C
1568606682,3,4.620379269099431e-05,C
1568606682,3,9.97608106442123e-05,C
1568606682,3,8.912100457312243e-05,C
1568606682,3,8.108755055654879e-06,C
1568606682,3,1.9162396631522416e-05,C
2059730245,3,-1.5110716217719283e-06,C
2059730245,3,-4.702811438970361e-07,C
2059730245,3,-4.702811438970361e-07,C
2059730245,3,2.7433924845731567e-05,C
2059730245,3,-4.702811438970361e-07,C
2617658656,3,0.0,C
2617658656,3,0.0,C
2617658656,3,0.0,C
2617658656,3,0.0,C
2617658656,3,0.0,C
836300471,3,0.0,C
836300471,3,0.0,C
836300471,3,0.0,C
836300471,3,0.0,C
836300471,3,0.0,C
3490910321,3,0.0,C
3490910321,3,0.0,C
3490910321,3,0.0,C
3490910321,3,0.0,C
3490910321,3,0.0,C
3255046070,3,0.0,C
3255046070,3,0.0,C
3255046070,3,0.0,C
3255046070,3,0.0,C
3255046070,3,0.0,C
2198820481,3,0.0,N
2198820481,3,0.0,N
2198820481,3,-1.5110716217719283e-06,N
2198820481,3,0.0,N
2198820481,3,0.0,N
104625121,3,1.3140304586857499e-05,N
104625121,3,1.3140304586857499e-05,N
104625121,3,1.3140304586857499e-05,N
104625121,3,1.1625511113800072e-05,N
104625121,3,-1.5110716217719283e-06,N
3103858517,3,-2.6553665265497545e-05,C
3103858517,3,-1.5110716217719283e-06,C
3103858517,3,-2.504259364372388e-05,C
3103858517,3,-1.5110716217719283e-06,C
3103858517,3,-1.5110716217719283e-06,C
1390475220,3,-1.5110716217719283e-06,C
1390475220,3,-1.5110716217719283e-06,C
1390475220,3,-1.5110716217719283e-06,C
1390475220,3,-1.5110716217719283e-06,C
1390475220,3,-1.5110716217719283e-06,C
4006278292,3,0.0,N
4006278292,3,0.0,N
4006278292,3,0.0,N
4006278292,3,0.0,N
4006278292,3,0.0,N
1789200865,3,0.0,C
1789200865,3,0.0,C
1789200865,3,0.0,C
1789200865,3,0.0,C
1789200865,3,0.0,C
2291264872,3,1.734882439489646e-05,C
2291264872,3,6.095869120619629e-05,C
2291264872,3,2.701429065466235e-05,C
2291264872,3,8.854871189082486e-05,C
2291264872,3,2.7624142688002437e-05,C
2918205364,3,0.0,C
2918205364,3,0.0,C
2918205364,3,0.0,C
2918205364,3,0.0,C
2918205364,3,0.0,C
3798139026,3,-3.546903509925661e-05,C
3798139026,3,-2.353523017317033e-05,C
3798139026,3,-2.504259364372388e-05,C
3798139026,3,-2.504259364372388e-05,C
3798139026,3,-2.504259364372388e-05,C
4223976160,3,1.4651376208631162e-05,C
4223976160,3,2.4783088468002465e-05,C
4223976160,3,-2.5647437500390252e-06,C
4223976160,3,-1.5110716217719283e-06,C
4223976160,3,1.2086632458590402e-05,C
1511206547,3,0.0,C
1511206547,3,-3.0258650948293553e-06,C
1511206547,3,-3.0258650948293553e-06,C
1511206547,3,0.0,C
1511206547,3,-3.0258650948293553e-06,C
954800030,3,0.0,
954800030,3,0.0,
954800030,3,0.0,
954800030,3,0.0,
954800030,3,0.0,
2172997423,3,4.062947421487606e-06,C
2172997423,3,0.0,C
2172997423,3,-1.5110716217719283e-06,C
2172997423,3,0.0,C
2172997423,3,1.0291330837294138e-05,C
1918025650,3,0.0,C
1918025650,3,0.0,C
1918025650,3,0.0,C
1918025650,3,0.0,C
1918025650,3,0.0,C
1491315937,3,-5.138696633832235e-06,C
1491315937,3,-3.114620300426196e-05,C
1491315937,3,-3.114620300426196e-05,C
1491315937,3,-2.8105395365754515e-05,C
1491315937,3,-2.9623924457733777e-05,C
1271427701,3,1.5073634705535521e-06,C
1271427701,3,1.6158739679184714e-05,C
1271427701,3,-1.027749229188038e-05,C
1271427701,3,0.0,C
1271427701,3,-2.504259364372388e-05,C
876016289,3,4.062947421487606e-06,C
876016289,3,0.0,C
876016289,3,0.0,C
876016289,3,0.0,C
876016289,3,0.0,C
759348397,3,-1.5110716217719283e-06,S
759348397,3,0.0,S
759348397,3,4.062947421487606e-06,S
759348397,3,-1.5110716217719283e-06,S
759348397,3,-1.5110716217719283e-06,S
3886074185,3,6.224675264589891e-06,C
3886074185,3,6.224675264589891e-06,C
3886074185,3,-1.5110716217719283e-06,C
3886074185,3,1.4651376208631162e-05,C
3886074185,3,6.224675264589891e-06,C
3977047921,3,0.0,N
3977047921,3,0.0,N
3977047921,3,0.0,N
3977047921,3,0.0,N
3977047921,3,0.0,N
3386795352,3,0.0,C
3386795352,3,0.0,C
3386795352,3,0.0,C
3386795352,3,0.0,C
3386795352,3,0.0,C
2640652321,3,-1.5110716217719283e-06,C
2640652321,3,0.0,C
2640652321,3,0.0,C
2640652321,3,0.0,C
2640652321,3,-1.5110716217719283e-06,C
3644443517,3,0.0,
3644443517,3,0.0,
3644443517,3,0.0,
3644443517,3,0.0,
3644443517,3,0.0,
805268291,3,2.555583950934054e-06,C
805268291,3,0.0,C
805268291,3,1.8714323630115298e-05,C
805268291,3,1.8714323630115298e-05,C
805268291,3,0.0,C
994494548,3,-4.0758153718109535e-06,C
994494548,3,-4.0758153718109535e-06,C
994494548,3,1.3140304586857499e-05,C
994494548,3,1.4651376208631162e-05,C
994494548,3,1.3140304586857499e-05,C
3889081300,3,1.1625511113800072e-05,C
3889081300,3,1.1625511113800072e-05,C
3889081300,3,1.1625511113800072e-05,C
3889081300,3,-3.0258650948293553e-06,C
3889081300,3,1.1625511113800072e-05,C
3119383463,3,2.555583950934054e-06,C
3119383463,3,2.555583950934054e-06,C
3119383463,3,2.555583950934054e-06,C
3119383463,3,2.555583950934054e-06,C
3119383463,3,2.555583950934054e-06,C
4142616092,3,0.0,C
4142616092,3,0.0,C
4142616092,3,0.0,C
4142616092,3,0.0,C
4142616092,3,0.0,C
3633569943,3,-7.79160065449494e-06,C
3633569943,3,0.0,C
3633569943,3,6.915629322267608e-06,C
3633569943,3,6.915629322267608e-06,C
3633569943,3,6.915629322267608e-06,C
2810558781,3,0.0,C
2810558781,3,0.0,C
2810558781,3,0.0,C
2810558781,3,0.0,C
2810558781,3,0.0,C
643572069,3,5.860022396847117e-05,C
643572069,3,2.0707273096189777e-05,C
643572069,3,-9.23297996271999e-06,C
643572069,3,4.488867175411748e-05,C
643572069,3,-1.362326895295446e-05,C
307525970,3,0.0,C
307525970,3,0.0,C
307525970,3,0.0,C
307525970,3,0.0,C
307525970,3,0.0,C
230478851,3,1.4482597831599886e-05,C
230478851,3,0.0,C
230478851,3,-2.5647437500390252e-06,C
230478851,3,-2.1131894668405954e-05,C
230478851,3,-2.5647437500390252e-06,C
3353919692,3,0.0,
3353919692,3,0.0,
3353919692,3,0.0,
3353919692,3,0.0,
3353919692,3,0.0,
4201996000,3,0.0,
4201996000,3,0.0,
4201996000,3,0.0,
4201996000,3,0.0,
4201996000,3,0.0,
1523193891,3,0.0,
1523193891,3,0.0,
1523193891,3,0.0,
1523193891,3,0.0,
1523193891,3,0.0,
2806469715,3,0.0,
2806469715,3,0.0,
2806469715,3,0.0,
2806469715,3,0.0,
2806469715,3,0.0,
3705007549,3,0.0,
3705007549,3,0.0,
3705007549,3,0.0,
3705007549,3,0.0,
3705007549,3,0.0,
1445715347,3,3.011032422797766e-06,C
1445715347,3,4.062947421487606e-06,C
1445715347,3,1.5073634705535521e-06,C
1445715347,3,0.0,C
1445715347,3,0.0,C
4232889011,3,5.40455770049568e-06,O
4232889011,3,5.40455770049568e-06,O
4232889011,3,6.915629322267608e-06,O
4232889011,3,9.471213273201662e-06,O
4232889011,3,5.40455770049568e-06,O
1932106328,3,-2.760733739376464e-05,C
1932106328,3,-1.284223604192114e-05,C
1932106328,3,-8.770128821326828e-06,C
1932106328,3,-1.027749229188038e-05,C
1932106328,3,-2.760733739376464e-05,C
UNK,3,1.389772039233142e-05,
UNK,3,-0.0007874152381010316,
UNK,3,0.001544506817604153,
UNK,3,0.0005543282726501999,
UNK,3,0.002507716514044438,
3218693969,4,-2.2471115869920465e-05,C
3218693969,4,2.2593113699200234e-05,C
3218693969,4,7.628306412856608e-05,C
3218693969,4,-6.718102581324318e-05,C
3218693969,4,1.9676336224221363e-05,C
3217380708,4,1.75667614279939e-05,C
3217380708,4,-7.960078917640021e-05,C
3217380708,4,3.7979340710522346e-05,C
3217380708,4,2.3500993768430694e-05,C
3217380708,4,9.638888285274944e-06,C
951226070,4,-0.0002702056474838087,C
951226070,4,-6.488905186675053e-05,C
951226070,4,-5.0189414847495945e-05,C
951226070,4,-0.0001740633208635674,C
951226070,4,-8.343943610500935e-05,C
2968968094,4,1.2793347328387498e-05,C
2968968094,4,2.116832656495326e-05,C
2968968094,4,3.2739490634546824e-05,C
2968968094,4,3.3429816318300033e-07,C
2968968094,4,3.033586445972086e-05,C
2245384272,4,3.582488738504376e-05,C
2245384272,4,9.012253095518324e-05,C
2245384272,4,5.4727291983365295e-05,C
2245384272,4,-8.842694711605524e-06,C
2245384272,4,0.0001408329634534607,C
864942730,4,-2.267040559726305e-05,O
864942730,4,-0.00011370753080343441,O
864942730,4,-9.970170041245763e-05,O
864942730,4,1.937573479307477e-06,O
864942730,4,-2.4946926941044403e-05,O
2246728737,4,2.209055927091387e-05,C
2246728737,4,4.319417559453401e-05,C
2246728737,4,4.606043867114509e-05,C
2246728737,4,1.9241686375875327e-05,C
2246728737,4,2.321153577262416e-05,C
98513984,4,-0.00023705634565265735,C
98513984,4,-0.0001466186641001818,C
98513984,4,-4.1619518817276584e-05,C
98513984,4,-9.468585096361636e-05,C
98513984,4,-0.0001246901539841605,C
2041434490,4,2.9071989571216724e-05,N
2041434490,4,6.302317674132291e-05,N
2041434490,4,7.267933556064912e-05,N
2041434490,4,2.1652174433901394e-05,N
2041434490,4,4.527894905646422e-05,N
2246699815,4,-2.7852161489858246e-05,C
2246699815,4,7.62232611491425e-05,C
2246699815,4,6.4915099822478e-05,C
2246699815,4,-6.487976170519534e-05,C
2246699815,4,-6.18928349176305e-05,C
994485099,4,-1.2691378457711355e-05,C
994485099,4,-4.6850566347481255e-05,C
994485099,4,2.7178586200564316e-05,C
994485099,4,-5.50258539269721e-05,C
994485099,4,-9.269839916605177e-05,C
1510328189,4,6.765387895666026e-05,O
1510328189,4,-0.0002347788036566956,O
1510328189,4,2.829629471625696e-05,O
1510328189,4,6.51462115738642e-05,O
1510328189,4,-0.00023865119583220623,O
3999906991,4,2.5263846181694787e-05,C
3999906991,4,-1.3955308790842462e-05,C
3999906991,4,5.802059014491058e-06,C
3999906991,4,-3.0499684938885795e-06,C
3999906991,4,6.841863790307129e-06,C
2976033787,4,-0.00029235523275053955,C
2976033787,4,-0.0002866729409819221,C
2976033787,4,-0.0004402243146418897,C
2976033787,4,-0.00044360346726937845,C
2976033787,4,-0.0004391473201957787,C
2092489639,4,7.163339907916618e-06,N
2092489639,4,6.291162455721207e-05,N
2092489639,4,-1.9241995376237516e-05,N
2092489639,4,-5.441192257616637e-05,N
2092489639,4,-4.912868953466966e-05,N
847961216,4,-0.00023720989406744416,N
847961216,4,9.455252516278297e-06,N
847961216,4,-0.0002119325833260994,N
847961216,4,-0.00018104245988269938,N
847961216,4,-0.00018791707857867363,N
882399112,4,6.24364689467841e-06,F
882399112,4,6.77562058414038e-06,F
882399112,4,7.53824292572345e-06,F
882399112,4,2.6676473576009354e-06,F
882399112,4,6.4756790958452395e-06,F
2803848648,4,-1.2759566625238907e-05,C
2803848648,4,1.2022239462517945e-06,C
2803848648,4,0.00013690643265771847,C
2803848648,4,-1.1458833210574969e-07,C
2803848648,4,-1.8504629621635777e-05,C
2117068077,4,1.5373696279727834e-06,C
2117068077,4,1.5689389976346075e-06,C
2117068077,4,-4.631182613643774e-06,C
2117068077,4,9.55741300166465e-06,C
2117068077,4,2.0087406340405997e-05,C
864674487,4,-1.600430481734521e-05,O
864674487,4,-2.882612106042126e-06,O
864674487,4,-3.866942333061868e-05,O
864674487,4,-3.0336609507679085e-05,O
864674487,4,-2.703150533466805e-05,O
864662311,4,1.5229452905469055e-05,O
864662311,4,-4.285270729375646e-05,O
864662311,4,-4.16918341637196e-05,O
864662311,4,-5.280349323485371e-07,O
864662311,4,-3.685274131900139e-05,O
2245273601,4,-8.82832671027364e-06,C
2245273601,4,-1.4639801762702338e-05,C
2245273601,4,-4.954960613926668e-06,C
2245273601,4,3.339164074937437e-06,C
2245273601,4,-7.055689583649683e-06,C
1100037548,4,3.6466260267609737e-06,N
1100037548,4,1.7445843414834114e-05,N
1100037548,4,4.672736366043715e-06,N
1100037548,4,-5.050807846055392e-06,N
1100037548,4,1.1677526976113222e-06,N
485463469,4,0.0,F
485463469,4,4.3904584899959187e-07,F
485463469,4,7.002856933005768e-07,F
485463469,4,-2.5065939085987254e-07,F
485463469,4,-2.5065939085987254e-07,F
1101907775,4,4.997464807037985e-06,N
1101907775,4,6.08706036772373e-06,N
1101907775,4,-1.977079078652774e-05,N
1101907775,4,7.784192790022924e-06,N
1101907775,4,-1.5720835744308277e-05,N
10565946,4,4.563872191175149e-06,O
10565946,4,3.1978131552223323e-06,O
10565946,4,-7.306857322431255e-08,O
10565946,4,2.8093463061919406e-05,O
10565946,4,-1.0328813935690535e-05,O
2076190208,4,-5.599841566531101e-06,O
2076190208,4,-8.31554470927861e-06,O
2076190208,4,-5.9886110816019435e-06,O
2076190208,4,2.851052698883347e-07,O
2076190208,4,5.439811847496442e-06,O
2142032900,4,2.5345622105287825e-05,C
2142032900,4,0.00016009547406295823,C
2142032900,4,0.00014372779115214007,C
2142032900,4,0.00014912682246943877,C
2142032900,4,0.00014832922435633797,C
2132511834,4,-2.1874032671947248e-05,N
2132511834,4,5.503991897654742e-06,N
2132511834,4,-2.3461455336451064e-05,N
2132511834,4,2.1098135775777117e-05,N
2132511834,4,9.392510374996079e-05,N
1312131881,4,0.0,C
1312131881,4,3.435021744639926e-07,C
1312131881,4,1.5538928901611716e-07,C
1312131881,4,0.0,C
1312131881,4,4.3904584899959187e-07,C
2353112200,4,-0.000524866040905687,C
2353112200,4,-0.0007343719045481878,C
2353112200,4,-0.0005292693964484884,C
2353112200,4,-0.0005338907990085342,C
2353112200,4,-0.0006932122899715332,C
4121755354,4,5.978640503343088e-06,C
4121755354,4,1.3608502605757817e-05,C
4121755354,4,1.8366097488166106e-05,C
4121755354,4,1.6856742964637284e-05,C
4121755354,4,6.249163750217759e-05,C
1054767590,4,-1.1888462910279816e-05,C
1054767590,4,-1.4689345580490894e-05,C
1054767590,4,1.5749601236796258e-06,C
1054767590,4,-1.0071839484914477e-05,C
1054767590,4,-1.0572658592129108e-05,C
3537119515,4,-9.851640422443115e-06,C
3537119515,4,-1.577977189826129e-05,C
3537119515,4,-1.5172581798964403e-06,C
3537119515,4,-8.179710511990474e-07,C
3537119515,4,7.072170017836943e-08,C
1510461303,4,6.675882705509638e-07,C
1510461303,4,-8.10926708613431e-06,C
1510461303,4,-3.1217490720548448e-06,C
1510461303,4,5.598119898411833e-06,C
1510461303,4,1.168419203696671e-06,C
4216335232,4,1.1667717230228695e-05,C
4216335232,4,7.584635421515251e-06,C
4216335232,4,6.618324099496708e-06,C
4216335232,4,8.030512851480483e-06,C
4216335232,4,7.748435405995676e-06,C
3189457552,4,3.2916102502815936e-05,O
3189457552,4,-8.321788074252168e-05,O
3189457552,4,2.2800842820758184e-05,O
3189457552,4,4.674829969659837e-05,O
3189457552,4,-3.1992919526753136e-07,O
2228063684,4,2.249834730841914e-06,O
2228063684,4,-2.2966517160047557e-05,O
2228063684,4,-5.9703539028372644e-06,O
2228063684,4,-1.6431182277182408e-05,O
2228063684,4,4.3240189371109884e-07,O
3777168895,4,6.0032271022910505e-06,C
3777168895,4,-4.0812838271193225e-07,C
3777168895,4,3.7508887305208807e-06,C
3777168895,4,4.6538105841341815e-06,C
3777168895,4,1.0521057216503118e-05,C
1016841875,4,-7.319512639055543e-06,Cl
1016841875,4,-2.2075189190285706e-06,Cl
1016841875,4,-1.1985661403951953e-06,Cl
1016841875,4,-1.0606837919300812e-05,Cl
1016841875,4,4.0753238638672334e-06,Cl
422715066,4,5.203127507034944e-06,C
422715066,4,-2.0465115680720538e-05,C
422715066,4,-2.0297193466269547e-05,C
422715066,4,-3.3145277410760645e-05,C
422715066,4,-3.193280413628244e-05,C
3452535345,4,-5.659426268833905e-06,Cl
3452535345,4,1.6298590356173329e-06,Cl
3452535345,4,-8.519628917731063e-06,Cl
3452535345,4,8.716667211609288e-06,Cl
3452535345,4,1.4052983164380278e-05,Cl
1429883190,4,1.7862610714788202e-06,C
1429883190,4,2.144822570129346e-06,C
1429883190,4,-6.932309322548336e-07,C
1429883190,4,4.7242798952976985e-06,C
1429883190,4,4.060019237357758e-06,C
2763854213,4,-5.3166730694846316e-05,C
2763854213,4,-4.1733735799743144e-05,C
2763854213,4,-0.00017857943564663758,C
2763854213,4,-4.596461162704492e-05,C
2763854213,4,-3.836224959611039e-05,C
2424973678,4,1.995916752463951e-06,C
2424973678,4,5.369488763839157e-06,C
2424973678,4,1.9674246277843945e-06,C
2424973678,4,8.491145813912821e-06,C
2424973678,4,6.896495975551153e-06,C
847957139,4,4.824744639426136e-06,N
847957139,4,1.0003347848742614e-05,N
847957139,4,8.278020631611888e-06,N
847957139,4,6.0913837303874785e-06,N
847957139,4,8.79678149082663e-06,N
1182622762,4,2.6990552648615846e-05,C
1182622762,4,3.1007174775699985e-05,C
1182622762,4,2.8088807393186277e-05,C
1182622762,4,2.429109128168432e-05,C
1182622762,4,2.8657457392054645e-05,C
1857396528,4,7.698436906506193e-07,C
1857396528,4,-1.0026108521992826e-06,C
1857396528,4,-1.912087887547464e-06,C
1857396528,4,-2.0927084292583775e-06,C
1857396528,4,-1.912087887547464e-06,C
3337745083,4,5.648270748421537e-06,F
3337745083,4,1.9131932155478162e-06,F
3337745083,4,5.559830312564179e-06,F
3337745083,4,9.285210844484169e-06,F
3337745083,4,-2.214208558093053e-06,F
4222851645,4,-1.3925958859167982e-06,C
4222851645,4,-9.29838646422914e-07,C
4222851645,4,2.3798030744787146e-06,C
4222851645,4,-2.6158494317082143e-07,C
4222851645,4,1.3994762628353943e-06,C
3975275337,4,-2.710275970148725e-05,C
3975275337,4,-2.7429684703602448e-05,C
3975275337,4,-2.0788151029069776e-05,C
3975275337,4,-1.991838314934326e-05,C
3975275337,4,-3.536078939190201e-05,C
3692055567,4,1.0896962625892015e-05,C
3692055567,4,6.681589988868225e-06,C
3692055567,4,1.865006132912867e-05,C
3692055567,4,8.402386737587069e-06,C
3692055567,4,2.4558490890175776e-06,C
2944555726,4,-5.554356787168882e-06,C
2944555726,4,-1.0480924829498568e-05,C
2944555726,4,-2.405585202354052e-06,C
2944555726,4,8.556567857010387e-07,C
2944555726,4,5.941364165865624e-06,C
2245277810,4,2.2292807503802685e-06,C
2245277810,4,2.7516300295843312e-06,C
2245277810,4,-1.670475534259596e-07,C
2245277810,4,1.9612320701428102e-06,C
2245277810,4,5.5263964078462735e-06,C
3983062349,4,3.0327381834201975e-05,C
3983062349,4,5.2758736648077145e-05,C
3983062349,4,5.291979450231985e-05,C
3983062349,4,4.345471366391145e-05,C
3983062349,4,4.160574366944927e-05,C
2246340824,4,1.269497557432244e-06,C
2246340824,4,1.23830267919991e-05,C
2246340824,4,2.3982783326848348e-06,C
2246340824,4,7.135737522086065e-06,C
2246340824,4,2.9409970181768896e-06,C
2976816164,4,7.344258140005522e-06,C
2976816164,4,6.8864710820008834e-06,C
2976816164,4,6.656760517805699e-06,C
2976816164,4,5.901066242278586e-06,C
2976816164,4,8.536416303545416e-06,C
3776905034,4,1.4332807834656304e-05,C
3776905034,4,4.653960335374886e-06,C
3776905034,4,-7.8011983045247e-06,C
3776905034,4,1.632975534970188e-06,C
3776905034,4,-3.6715784355156444e-06,C
3542456614,4,7.936930793613073e-05,C
3542456614,4,9.783670308550346e-05,C
3542456614,4,7.067238101291884e-05,C
3542456614,4,2.4975931928822304e-05,C
3542456614,4,0.00011824315741378391,C
3537123720,4,2.855859052798256e-06,C
3537123720,4,1.9008458842170468e-06,C
3537123720,4,7.002856933005768e-07,C
3537123720,4,4.418319709247314e-06,C
3537123720,4,2.4013239972146567e-06,C
1637836422,4,5.758736878611753e-06,C
1637836422,4,3.6974567141107462e-06,C
1637836422,4,3.8098774841600035e-06,C
1637836422,4,7.47220043365894e-06,C
1637836422,4,4.038373236088782e-06,C
3162837314,4,9.36979821410935e-06,C
3162837314,4,5.577932947575196e-06,C
3162837314,4,1.2941187265111224e-05,C
3162837314,4,5.257078962321322e-06,C
3162837314,4,3.3821941110658872e-06,C
3982076256,4,-4.334087918866133e-07,C
3982076256,4,-1.919794390550485e-06,C
3982076256,4,-4.645042899767025e-06,C
3982076256,4,-1.0804539602063228e-06,C
3982076256,4,-1.0379391758323295e-06,C
1362518133,4,-9.123448148728834e-07,N
1362518133,4,-9.123448148728834e-07,N
1362518133,4,-2.3467764393447516e-06,N
1362518133,4,-2.9629280714714695e-06,N
1362518133,4,-6.220907946421963e-06,N
1135286194,4,-0.0014343141648739525,C
1135286194,4,-0.00044662830586755277,C
1135286194,4,-0.0007829833104971329,C
1135286194,4,-0.0012120751102867719,C
1135286194,4,-0.0008458067829349336,C
1790668568,4,4.6707150049936016e-05,N
1790668568,4,5.138214197741853e-05,N
1790668568,4,5.849007293200507e-05,N
1790668568,4,0.00014860782480930704,N
1790668568,4,5.063014666768133e-05,N
3124581743,4,5.620072422729723e-06,C
3124581743,4,1.6235691351809863e-05,C
3124581743,4,6.496985872909283e-06,C
3124581743,4,7.1189228081402e-06,C
3124581743,4,2.270328577953242e-05,C
2119439498,4,-1.048417217631558e-06,C
2119439498,4,4.5755929769988185e-07,C
2119439498,4,-1.5454635034634068e-06,C
2119439498,4,-1.7511879047403013e-06,C
2119439498,4,-4.291881529729438e-08,C
1533864325,4,7.635625321579867e-07,O
1533864325,4,5.131158333563073e-06,O
1533864325,4,-4.889333468450661e-06,O
1533864325,4,-1.6008219600942113e-06,O
1533864325,4,1.533553477481471e-06,O
4278941385,4,3.970916644538761e-06,C
4278941385,4,6.008277567780664e-06,C
4278941385,4,5.789201856967741e-06,C
4278941385,4,1.3774189761626802e-06,C
4278941385,4,2.555429453579474e-06,C
3918336191,4,5.522991153762745e-05,C
3918336191,4,5.967929684093159e-05,C
3918336191,4,7.051887534164909e-05,C
3918336191,4,7.557642682444509e-05,C
3918336191,4,8.141327966803853e-05,C
2560252747,4,3.3796978069744986e-06,C
2560252747,4,-5.873305183494784e-06,C
2560252747,4,-1.682288174166633e-07,C
2560252747,4,-9.859628091950278e-06,C
2560252747,4,-2.6987264281569737e-06,C
999334238,4,-7.840085587166278e-05,S
999334238,4,1.863217391018593e-05,S
999334238,4,3.6163406763045636e-06,S
999334238,4,1.4343655081934872e-05,S
999334238,4,1.4554364123636363e-05,S
1173125914,4,4.559961412893424e-06,C
1173125914,4,1.0314250486942803e-05,C
1173125914,4,1.032672298713626e-05,C
1173125914,4,1.0298094559740628e-05,C
1173125914,4,1.5885974152464195e-05,C
2994748777,4,-3.4277529949930385e-05,C
2994748777,4,-0.00020073576543492948,C
2994748777,4,-4.993830573972089e-05,C
2994748777,4,-0.0001918469519036005,C
2994748777,4,-6.386887528536255e-05,C
3351556771,4,0.00010378811179966724,S
3351556771,4,0.00011040681937314611,S
3351556771,4,0.00011913564962161239,S
3351556771,4,0.00011103177771444855,S
3351556771,4,0.00011676626661593064,S
2509211297,4,3.288136851476494e-07,C
2509211297,4,-3.878781706738313e-06,C
2509211297,4,-2.800181451000994e-06,C
2509211297,4,1.1357733741880222e-06,C
2509211297,4,1.1357733741880222e-06,C
848128881,4,-2.3926042572067034e-07,N
848128881,4,-3.489068179162152e-06,N
848128881,4,-4.996586370641662e-06,N
848128881,4,-5.444926998449421e-06,N
848128881,4,-4.9206353103417155e-06,N
2246703798,4,1.0467419574735314e-06,C
2246703798,4,6.078989460735207e-07,C
2246703798,4,1.850892571029529e-06,C
2246703798,4,1.4023528105118824e-06,C
2246703798,4,9.514718556295591e-07,C
1276993226,4,1.3093080416369139e-05,C
1276993226,4,5.208293605806803e-06,C
1276993226,4,4.438593788352093e-06,C
1276993226,4,1.93906428814655e-05,C
1276993226,4,0.00016217096238694021,C
2984966880,4,-2.70820561653045e-07,C
2984966880,4,3.264761970220645e-07,C
2984966880,4,-2.1153757747661376e-06,C
2984966880,4,-0.0001506472941007241,C
2984966880,4,-0.000196088780429485,C
3315826729,4,-9.200991904352671e-05,C
3315826729,4,1.1521201759670616e-05,C
3315826729,4,1.6623458512602567e-05,C
3315826729,4,1.2554250352262049e-05,C
3315826729,4,-0.00010313192034212132,C
2115476908,4,-0.00011348972259762392,O
2115476908,4,-9.430866994360795e-05,O
2115476908,4,-9.002237229686449e-05,O
2115476908,4,-3.2259388782876746e-05,O
2115476908,4,-9.459215534433712e-05,O
717512901,4,-1.8373437434933025e-05,N
717512901,4,-2.193255946207639e-05,N
717512901,4,-2.2230216650325754e-05,N
717512901,4,-2.628159651814322e-05,N
717512901,4,-4.3095026844939405e-06,N
2245900962,4,-0.00014103925407390637,C
2245900962,4,-3.813106093008504e-05,C
2245900962,4,-9.65221096195716e-05,C
2245900962,4,-5.0993699723664255e-05,C
2245900962,4,-9.16833517309295e-05,C
3848534832,4,-2.145753947950784e-06,C
3848534832,4,5.1106089282325e-07,C
3848534832,4,3.978350295277995e-07,C
3848534832,4,3.853256625483727e-06,C
3848534832,4,3.2803448400974856e-06,C
3182824521,4,2.092687069121281e-05,C
3182824521,4,1.862032890183503e-05,C
3182824521,4,1.6399638786106533e-05,C
3182824521,4,1.195684659829237e-05,C
3182824521,4,2.231707209783551e-05,C
26234434,4,-3.643471030706155e-05,O
26234434,4,-3.7001273985582317e-05,O
26234434,4,-0.00012125356540503875,O
26234434,4,-4.1432730625806484e-05,O
26234434,4,0.00022717906430477905,O
288315894,4,8.774323033435092e-06,S
288315894,4,7.209316996605172e-06,S
288315894,4,7.505775688204305e-06,S
288315894,4,9.646634953884483e-06,S
288315894,4,9.873452557444514e-06,S
2811394787,4,3.4618818653756045e-07,C
2811394787,4,-2.1584169633713166e-06,C
2811394787,4,7.015841061862489e-07,C
2811394787,4,-1.3897721575313517e-06,C
2811394787,4,-3.1012403545025054e-06,C
19852674,4,1.396668802082588e-06,C
19852674,4,-4.740339305698161e-07,C
19852674,4,4.156439902849342e-06,C
19852674,4,7.335937218246177e-06,C
19852674,4,2.534015061319162e-06,C
1861965050,4,-1.4546417078525626e-06,C
1861965050,4,-1.1700697266925093e-06,C
1861965050,4,-2.0007498087138646e-06,C
1861965050,4,-1.6101432383491127e-06,C
1861965050,4,1.4097321804232375e-06,C
2423543607,4,-7.31984850311021e-08,C
2423543607,4,4.3904584899959187e-07,C
2423543607,4,-1.6837845653394981e-06,C
2423543607,4,2.224338785864269e-06,C
2423543607,4,2.099809402846594e-07,C
1257718710,4,0.00015352832592436085,C
1257718710,4,0.00015274026820789703,C
1257718710,4,0.00014633847046744146,C
1257718710,4,1.2408934362615918e-05,C
1257718710,4,1.5201703013389533e-05,C
2784506312,4,1.1277200018680947e-06,C
2784506312,4,2.5242011274404993e-06,C
2784506312,4,4.3904584899959187e-07,C
2784506312,4,4.3904584899959187e-07,C
2784506312,4,1.8265062051376138e-06,C
3818546315,4,5.341775608540137e-06,C
3818546315,4,6.01560912902744e-06,C
3818546315,4,2.4509053509346075e-06,C
3818546315,4,1.0226133851931607e-06,C
3818546315,4,3.3588037841496624e-06,C
3657471097,4,0.00014836634438748298,C
3657471097,4,0.00014732447499081307,C
3657471097,4,0.00014482739243703116,C
3657471097,4,6.989704324733732e-06,C
3657471097,4,5.9444239987600615e-06,C
2360741695,4,1.1952733141610758e-05,C
2360741695,4,1.0743307424739001e-05,C
2360741695,4,9.806864269657802e-06,C
2360741695,4,9.401995753853531e-06,C
2360741695,4,4.287826969528183e-06,C
551287920,4,3.766098152448291e-06,C
551287920,4,3.3903657530893073e-06,C
551287920,4,4.043110585564809e-06,C
551287920,4,-1.980637069703365e-07,C
551287920,4,6.902320113285742e-07,C
1842898132,4,8.318092423070279e-07,C
1842898132,4,-2.1348355059430668e-08,C
1842898132,4,1.0195102442049154e-05,C
1842898132,4,3.568946007092991e-06,C
1842898132,4,1.5462699552155727e-06,C
2832976762,4,4.604105813696196e-06,C
2832976762,4,3.657828409644494e-06,C
2832976762,4,2.0761868428176376e-06,C
2832976762,4,3.113839166444133e-06,C
2832976762,4,6.618688105374448e-06,C
2309124039,4,9.803649239832103e-08,C
2309124039,4,8.715064196460282e-06,C
2309124039,4,5.6456465058285586e-06,C
2309124039,4,7.121332075392698e-06,C
2309124039,4,5.074653657769282e-06,C
2591432844,4,1.730697927795552e-06,N
2591432844,4,4.343345851105318e-06,N
2591432844,4,3.322154089115646e-06,N
2591432844,4,4.4983745724591195e-06,N
2591432844,4,5.472512764169955e-06,N
963029399,4,-4.448530162263261e-06,N
963029399,4,-1.0332176442484154e-05,N
963029399,4,-7.0930979488483675e-06,N
963029399,4,-8.909539325080993e-06,N
963029399,4,-1.1743454404165377e-05,N
3884454603,4,5.9767227290066175e-06,C
3884454603,4,2.2049836512693863e-07,C
3884454603,4,2.9119373080401835e-06,C
3884454603,4,3.5595526944498697e-07,C
3884454603,4,-2.383727496307886e-06,C
4089138501,4,6.6069496523759805e-06,C
4089138501,4,9.21893364168769e-06,C
4089138501,4,1.5499206892344818e-06,C
4089138501,4,9.773181674177034e-06,C
4089138501,4,8.891092204737355e-06,C
932712697,4,-5.172269961532198e-06,O
932712697,4,-4.3064199100419955e-06,O
932712697,4,-7.906944401953357e-06,O
932712697,4,-8.846957583407821e-06,O
932712697,4,-8.732159334978382e-07,O
1634606847,4,0.00014127332188962967,N
1634606847,4,5.453053985943635e-06,N
1634606847,4,0.00014167247387406414,N
1634606847,4,-2.0019261141735866e-06,N
1634606847,4,9.361435963025928e-07,N
3624155,4,8.19565194785975e-06,C
3624155,4,6.062812371200295e-06,C
3624155,4,9.157937141234928e-06,C
3624155,4,1.6840999706491805e-05,C
3624155,4,4.31939192124765e-06,C
161963127,4,0.0,C
161963127,4,1.5538928901611716e-07,C
161963127,4,1.5538928901611716e-07,C
161963127,4,1.5538928901611716e-07,C
161963127,4,1.5538928901611716e-07,C
2257970297,4,5.773067207941185e-06,C
2257970297,4,3.4357797879707233e-07,C
2257970297,4,9.166216506900637e-06,C
2257970297,4,5.684918309463785e-06,C
2257970297,4,2.6654219475511203e-06,C
787069595,4,-8.645461472046824e-06,C
787069595,4,3.547765232133314e-06,C
787069595,4,-1.409724563581835e-06,C
787069595,4,5.13898248642947e-07,C
787069595,4,-3.458543437698941e-07,C
517457164,4,-2.6833941578117103e-06,C
517457164,4,-4.892494297225594e-06,C
517457164,4,-4.596191741940625e-06,C
517457164,4,2.207161681287012e-08,C
517457164,4,-1.7388750961446799e-06,C
3207567135,4,3.857347704299069e-06,C
3207567135,4,-2.0204011854942604e-06,C
3207567135,4,-1.4131588278684139e-06,C
3207567135,4,4.3187015308240005e-06,C
3207567135,4,4.778364567174179e-06,C
435232729,4,5.944997979774255e-06,N
435232729,4,1.1326834252358472e-05,N
435232729,4,1.3285244872987372e-05,N
435232729,4,2.959590321492526e-05,N
435232729,4,3.061996808193489e-05,N
2806018737,4,5.906590434479487e-06,C
2806018737,4,-1.5588940643425538e-06,C
2806018737,4,-2.010930601381751e-07,C
2806018737,4,5.881010154871417e-07,C
2806018737,4,-1.606975889291819e-06,C
4008337421,4,8.31460727878687e-06,C
4008337421,4,4.176158669231015e-06,C
4008337421,4,1.7733159397308098e-06,C
4008337421,4,2.9491899280985594e-06,C
4008337421,4,1.91742912951918e-06,C
3026394695,4,-0.00011759528479184859,C
3026394695,4,-0.00011530537443862855,C
3026394695,4,-0.00011856419884951524,C
3026394695,4,-3.81637114887875e-05,C
3026394695,4,-0.00011731337179593428,C
2296565457,4,2.65935278971419e-05,N
2296565457,4,1.5424988153784486e-05,N
2296565457,4,2.166092557259248e-05,N
2296565457,4,1.5320152548168415e-05,N
2296565457,4,8.212634839458843e-06,N
2089117413,4,1.561800355401972e-05,C
2089117413,4,3.5140732155635075e-05,C
2089117413,4,0.00016834851757811017,C
2089117413,4,4.677223718348167e-05,C
2089117413,4,2.5676709256270552e-05,C
572760528,4,9.189518211741039e-07,C
572760528,4,1.3148873496083777e-06,C
572760528,4,-7.333766938104162e-07,C
572760528,4,-9.953074201181702e-07,C
572760528,4,-3.754572913158014e-06,C
3002759401,4,-1.6184442778847691e-06,C
3002759401,4,-3.375589034031526e-08,C
3002759401,4,-4.978893080728394e-07,C
3002759401,4,-1.416106164549985e-06,C
3002759401,4,-2.8129741897100612e-06,C
3118255683,4,2.927480798995026e-07,N
3118255683,4,3.1080807236698663e-06,N
3118255683,4,7.537335099136542e-07,N
3118255683,4,1.105164129255095e-05,N
3118255683,4,1.99465832094025e-06,N
74537039,4,5.340355712117259e-07,C
74537039,4,1.7746090582898728e-07,C
74537039,4,-7.01383430823637e-07,C
74537039,4,-4.5100441959538586e-07,C
74537039,4,-7.01383430823637e-07,C
2473389857,4,-7.718551900757825e-06,C
2473389857,4,-1.2784392977178852e-05,C
2473389857,4,-8.96010973995792e-06,C
2473389857,4,-1.680525218613802e-05,C
2473389857,4,-1.175341530565031e-05,C
899522707,4,0.0,
899522707,4,0.0,
899522707,4,0.0,
899522707,4,0.0,
899522707,4,0.0,
675765711,4,0.0,C
675765711,4,0.0,C
675765711,4,0.0,C
675765711,4,0.0,C
675765711,4,0.0,C
1313967653,4,6.168166181947949e-06,C
1313967653,4,1.0513489218946575e-05,C
1313967653,4,8.216321489031703e-06,C
1313967653,4,9.358618868155616e-06,C
1313967653,4,6.945363369660704e-06,C
3855312692,4,-5.015996325783735e-07,C
3855312692,4,-5.957370977408526e-07,C
3855312692,4,-2.5065939085987254e-07,C
3855312692,4,4.3904584899959187e-07,C
3855312692,4,1.8838645813950249e-07,C
1083852209,4,-1.0455194308621202e-05,N
1083852209,4,-3.263000504884206e-06,N
1083852209,4,6.947471561063838e-07,N
1083852209,4,-5.657791592943813e-06,N
1083852209,4,-4.54712568666543e-06,N
2905660137,4,0.0,C
2905660137,4,-5.957370977408526e-07,C
2905660137,4,0.0,C
2905660137,4,4.3904584899959187e-07,C
2905660137,4,-5.957370977408526e-07,C
3579962709,4,8.601199322482572e-07,C
3579962709,4,-2.4395066341986998e-06,C
3579962709,4,4.426292847009962e-06,C
3579962709,4,-2.7771547182094125e-06,C
3579962709,4,-5.541115926004439e-07,C
4041573576,4,6.120557875166285e-07,C
4041573576,4,-3.52677451442851e-06,C
4041573576,4,-3.384588269664257e-06,C
4041573576,4,4.02117425364612e-06,C
4041573576,4,-3.4811607495573854e-06,C
64070612,4,1.950986587733513e-06,C
64070612,4,4.24083125459703e-06,C
64070612,4,1.4616592341925357e-06,C
64070612,4,1.8601105961596302e-06,C
64070612,4,2.612398443012018e-07,C
729796064,4,3.994135747336768e-06,C
729796064,4,7.019198206287356e-06,C
729796064,4,4.605469200251542e-06,C
729796064,4,9.97290372374191e-06,C
729796064,4,5.344778122847848e-06,C
1070821685,4,4.3904584899959187e-07,C
1070821685,4,4.3904584899959187e-07,C
1070821685,4,4.3904584899959187e-07,C
1070821685,4,4.3904584899959187e-07,C
1070821685,4,4.3904584899959187e-07,C
3820826669,4,7.509218667755939e-06,C
3820826669,4,5.881693774497168e-06,C
3820826669,4,5.464721884029279e-06,C
3820826669,4,2.1726610649574866e-06,C
3820826669,4,8.59725499682655e-06,C
2223687999,4,-1.8608523764898242e-05,C
2223687999,4,-1.5310011708384846e-05,C
2223687999,4,-1.976885810535487e-05,C
2223687999,4,-1.647408614551633e-05,C
2223687999,4,-1.377554344712535e-05,C
2435680164,4,5.747787472646943e-06,N
2435680164,4,3.501869336534555e-06,N
2435680164,4,1.6632879487529176e-05,N
2435680164,4,1.4499667438856636e-05,N
2435680164,4,6.744249160748391e-06,N
600629739,4,1.3244465487266283e-06,N
600629739,4,-5.030056771985168e-07,N
600629739,4,3.4290208984928943e-06,N
600629739,4,1.5120898282741137e-06,N
600629739,4,3.4290208984928943e-06,N
2370996728,4,2.7217965963997545e-07,C
2370996728,4,2.3521786801223004e-06,C
2370996728,4,8.882390144432373e-06,C
2370996728,4,2.1413505200398517e-07,C
2370996728,4,4.115860984256394e-06,C
266675433,4,2.1866612787352704e-07,O
266675433,4,-7.333766938104162e-07,O
266675433,4,-7.333766938104162e-07,O
266675433,4,2.1866612787352704e-07,O
266675433,4,-7.333766938104162e-07,O
2720313463,4,1.9461143779544825e-05,C
2720313463,4,8.165954170219914e-06,C
2720313463,4,9.935496208399869e-06,C
2720313463,4,1.5020220902174511e-05,C
2720313463,4,1.0607129920802132e-05,C
847433064,4,1.391970746811278e-05,N
847433064,4,1.333807991860201e-05,N
847433064,4,5.883649655352664e-06,N
847433064,4,8.025886328010857e-05,N
847433064,4,9.981698520214596e-06,N
2551483158,4,-2.863013415177365e-05,N
2551483158,4,-2.4763004589373715e-05,N
2551483158,4,-1.6043136305237153e-05,N
2551483158,4,-3.213765289119923e-05,N
2551483158,4,2.1937656705721788e-05,N
3933537673,4,8.745335298868204e-07,C
3933537673,4,1.3133058061947853e-06,C
3933537673,4,8.745335298868204e-07,C
3933537673,4,4.057683002445852e-07,C
3933537673,4,-2.953408335111367e-07,C
3458774156,4,4.901664426882951e-05,N
3458774156,4,0.00014856579013064518,N
3458774156,4,4.085591246327878e-05,N
3458774156,4,0.00015035149055013736,N
3458774156,4,0.00013104303042775793,N
642367021,4,2.8365655998325787e-07,C
642367021,4,-5.957370977408526e-07,C
642367021,4,7.002856933005768e-07,C
642367021,4,7.002856933005768e-07,C
642367021,4,1.2115601324236107e-06,C
847336149,4,-6.329897766971671e-06,N
847336149,4,-7.639333813692873e-06,N
847336149,4,-6.665886199377436e-06,N
847336149,4,-9.192503752291498e-06,N
847336149,4,-7.5094873606261926e-06,N
3182177290,4,2.8364426213130668e-06,C
3182177290,4,1.8877113626095555e-06,C
3182177290,4,4.978075202237767e-07,C
3182177290,4,1.387792599408461e-06,C
3182177290,4,2.8364426213130668e-06,C
1167322652,4,1.3448104475997837e-06,C
1167322652,4,-5.451336629394565e-06,C
1167322652,4,-4.777409716998906e-06,C
1167322652,4,6.6106355506572335e-06,C
1167322652,4,1.264040645155163e-06,C
3796841743,4,1.1071768427926192e-05,C
3796841743,4,8.353957073599632e-06,C
3796841743,4,1.1690260326405362e-05,C
3796841743,4,1.1442383699559935e-05,C
3796841743,4,1.973104105456344e-05,C
1730555933,4,0.0,C
1730555933,4,0.0,C
1730555933,4,0.0,C
1730555933,4,0.0,C
1730555933,4,0.0,C
1583799011,4,5.94407485934997e-07,C
1583799011,4,-1.275442156887293e-07,C
1583799011,4,3.112280606192355e-07,C
1583799011,4,-1.7689151791491255e-06,C
1583799011,4,-1.2985410421766097e-06,C
3908647167,4,6.028723325457192e-06,C
3908647167,4,-7.10794180844472e-07,C
3908647167,4,5.58841869925707e-06,C
3908647167,4,4.166426591509622e-06,C
3908647167,4,-1.0077278735313305e-06,C
271903915,4,0.0,N
271903915,4,0.0,N
271903915,4,0.0,N
271903915,4,0.0,N
271903915,4,0.0,N
2447826885,4,-1.2226067132256081e-06,C
2447826885,4,0.0,C
2447826885,4,-2.2805519931706937e-06,C
2447826885,4,2.724506280409045e-07,C
2447826885,4,2.087401633031963e-06,C
1791271074,4,-2.145896344571494e-05,S
1791271074,4,0.000104616071667421,S
1791271074,4,0.00013345876156029913,S
1791271074,4,8.8745678167102e-05,S
1791271074,4,0.00013170558978476245,S
3976623167,4,1.102955848829995e-06,C
3976623167,4,-2.1013411646126322e-07,C
3976623167,4,1.013941543386021e-06,C
3976623167,4,1.7777766680522524e-06,C
3976623167,4,3.978304143897101e-06,C
966311396,4,9.171072463144952e-07,C
966311396,4,2.6463707877646698e-06,C
966311396,4,3.082628166803901e-06,C
966311396,4,5.860392515004333e-06,C
966311396,4,1.1867545899862247e-06,C
1323467736,4,2.129073094090045e-06,C
1323467736,4,8.228704602630463e-07,C
1323467736,4,6.1442013475057535e-06,C
1323467736,4,-8.297510897584646e-07,C
1323467736,4,8.545213463592716e-06,C
411967733,4,-1.6435361276348655e-06,C
411967733,4,1.4302262602969209e-06,C
411967733,4,-7.333766938104162e-07,C
411967733,4,2.357085426412395e-06,C
411967733,4,-2.2759735291708397e-06,C
3545365497,4,-9.9116276164107e-07,C
3545365497,4,-1.845176806766595e-06,C
3545365497,4,-2.1281103114714414e-06,C
3545365497,4,9.460688450350745e-07,C
3545365497,4,-8.23360982730309e-06,C
3796359118,4,-2.03205417135849e-06,C
3796359118,4,-3.1606167268573987e-06,C
3796359118,4,4.3407883002707925e-06,C
3796359118,4,4.9240846576403905e-06,C
3796359118,4,1.7917538093232405e-06,C
36538691,4,-0.0005741781455035791,C
36538691,4,-3.4686511559530765e-05,C
36538691,4,-0.0005732903832048829,C
36538691,4,-3.2664373920144154e-05,C
36538691,4,-0.0005771188615831709,C
2649902721,4,4.3904584899959187e-07,C
2649902721,4,0.0,C
2649902721,4,4.3904584899959187e-07,C
2649902721,4,4.3904584899959187e-07,C
2649902721,4,4.3904584899959187e-07,C
994237755,4,2.612398443012018e-07,C
994237755,4,-4.0494931731948833e-07,C
994237755,4,7.635625321579867e-07,C
994237755,4,2.8365655998325787e-07,C
994237755,4,3.24242386090046e-07,C
1961848637,4,-1.548810249514922e-06,C
1961848637,4,5.340355712117259e-07,C
1961848637,4,-2.2092670961466106e-06,C
1961848637,4,-1.548810249514922e-06,C
1961848637,4,7.952754155129277e-07,C
3004333805,4,0.0,C
3004333805,4,2.5037901122846803e-07,C
3004333805,4,0.0,C
3004333805,4,0.0,C
3004333805,4,1.3889598461690796e-06,C
4033380444,4,3.2594242925952296e-06,C
4033380444,4,2.087258119338846e-06,C
4033380444,4,5.570791878382192e-06,C
4033380444,4,6.4944684037419095e-06,C
4033380444,4,6.5913467281607414e-06,C
619920801,4,-0.00011246803829612724,C
619920801,4,-0.00011581431836417411,C
619920801,4,-0.00011669300809939286,C
619920801,4,-0.00012118301007890296,C
619920801,4,-0.0001142154720564603,C
3334525955,4,-3.891291588593339e-07,C
3334525955,4,1.3778191036370197e-06,C
3334525955,4,6.1189460877713285e-06,C
3334525955,4,-1.8875475200018886e-07,C
3334525955,4,-2.5320271742953343e-06,C
3994088662,4,0.0001221365321233234,C
3994088662,4,-2.5289704667675727e-05,C
3994088662,4,-1.910911012199595e-05,C
3994088662,4,-2.2179537459091547e-05,C
3994088662,4,0.0001888464010484771,C
3596485316,4,3.689572590645984e-06,C
3596485316,4,6.775245612118848e-07,C
3596485316,4,2.526951078253136e-07,C
3596485316,4,4.199600887361656e-06,C
3596485316,4,1.5769311708440856e-06,C
171200514,4,6.155891749746404e-06,C
171200514,4,-2.947009467789072e-06,C
171200514,4,1.5884170244454248e-06,C
171200514,4,-2.501707248500455e-06,C
171200514,4,-4.483598081026548e-06,C
970433791,4,-9.915636352864922e-05,C
970433791,4,-2.5658570816226118e-05,C
970433791,4,-4.1712131489073925e-05,C
970433791,4,-2.9338111954140683e-05,C
970433791,4,-3.954813872580139e-05,C
685125387,4,-4.73918808228317e-06,C
685125387,4,1.6464884635145408e-06,C
685125387,4,8.856742724188803e-07,C
685125387,4,1.2825628673282866e-06,C
685125387,4,-5.572715598188907e-07,C
2835079913,4,-3.8009542824256337e-06,C
2835079913,4,1.787615732172336e-06,C
2835079913,4,-2.0509720560922713e-06,C
2835079913,4,1.473973906925257e-06,C
2835079913,4,-1.0747867719212642e-06,C
1352399629,4,3.165104437522501e-06,O
1352399629,4,2.4381203966548914e-06,O
1352399629,4,1.1806883014994947e-06,O
1352399629,4,5.7831867492641464e-06,O
1352399629,4,3.0110758190051833e-06,O
416356657,4,5.116188555292361e-07,C
416356657,4,9.80384085171905e-07,C
416356657,4,5.116188555292361e-07,C
416356657,4,5.116188555292361e-07,C
416356657,4,5.116188555292361e-07,C
1535166686,4,4.486248853905958e-06,O
1535166686,4,4.927077671649117e-06,O
1535166686,4,6.103717391354579e-06,O
1535166686,4,4.3031396370083255e-06,O
1535166686,4,3.3137684107627675e-06,O
589930590,4,-6.122318494403492e-08,C
589930590,4,-2.3581133931490847e-06,C
589930590,4,-6.732053254321921e-06,C
589930590,4,-3.0688675396490107e-06,C
589930590,4,-5.675207763826667e-07,C
2463614838,4,-4.6283604413421484e-07,C
2463614838,4,-4.920074338802746e-07,C
2463614838,4,-1.4786975712005254e-06,C
2463614838,4,-2.4818977798662153e-06,C
2463614838,4,-3.366181448639406e-07,C
1871221615,4,1.5138603065871156e-06,C
1871221615,4,9.471542514400202e-08,C
1871221615,4,3.098947315349418e-06,C
1871221615,4,2.4324775307730823e-06,C
1871221615,4,1.565266360836412e-06,C
3482873808,4,9.506647045290448e-07,C
3482873808,4,2.190696715650888e-06,C
3482873808,4,2.8059865241065844e-06,C
3482873808,4,3.576287540712087e-06,C
3482873808,4,2.1186205037060975e-06,C
553412256,4,5.222111466713503e-06,C
553412256,4,3.5895423315928515e-06,C
553412256,4,-1.2006449711158239e-06,C
553412256,4,-2.002553999570474e-06,C
553412256,4,3.5541140004167592e-06,C
135980867,4,0.0,C
135980867,4,0.0,C
135980867,4,0.0,C
135980867,4,0.0,C
135980867,4,0.0,C
1445852595,4,-2.633050554375722e-06,C
1445852595,4,-2.157785905688211e-06,C
1445852595,4,1.7035130889710842e-06,C
1445852595,4,1.0533024064375562e-06,C
1445852595,4,3.650966566091495e-07,C
2434373675,4,-3.351292113388561e-07,N
2434373675,4,-2.418965614324302e-06,N
2434373675,4,1.7746090582898728e-07,N
2434373675,4,-1.6435361276348655e-06,N
2434373675,4,7.002856933005768e-07,N
2939120473,4,4.3904584899959187e-07,C
2939120473,4,0.0,C
2939120473,4,-2.5065939085987254e-07,C
2939120473,4,0.0,C
2939120473,4,0.0,C
3203709451,4,0.00014984589574304876,O
3203709451,4,0.00014764699170422804,O
3203709451,4,-4.908541162515923e-07,O
3203709451,4,0.00014849775848880826,O
3203709451,4,-3.977609208038893e-06,O
368531313,4,-2.374362426659296e-05,C
368531313,4,-2.815157128336818e-05,C
368531313,4,6.543191169610871e-06,C
368531313,4,-4.502498623999707e-06,C
368531313,4,1.7871538267014327e-06,C
3176806076,4,5.357602708699893e-06,C
3176806076,4,8.064953416957264e-06,C
3176806076,4,2.821675976118253e-06,C
3176806076,4,5.6791635778216144e-06,C
3176806076,4,2.6886731274422798e-06,C
2614860224,4,-7.819984408747281e-07,C
2614860224,4,-1.8400280231501212e-06,C
2614860224,4,1.3251921412249599e-06,C
2614860224,4,2.8159386792701423e-06,C
2614860224,4,3.6538596478877597e-07,C
2297887526,4,3.0724229161814727e-06,N
2297887526,4,5.919291256270467e-06,N
2297887526,4,2.16713867515813e-06,N
2297887526,4,2.8961904491966225e-06,N
2297887526,4,5.3510587127137375e-06,N
623728226,4,-2.1776834160996614e-06,C
623728226,4,-4.1083868515163786e-06,C
623728226,4,-1.39211008129826e-06,C
623728226,4,-8.551950156981611e-07,C
623728226,4,-2.4679683962270608e-06,C
603510687,4,5.746213973182972e-07,C
603510687,4,-2.662883709728071e-06,C
603510687,4,-1.8941947642478127e-07,C
603510687,4,-6.586692632829828e-07,C
603510687,4,3.576287540712087e-06,C
725322217,4,8.233678454273516e-08,C
725322217,4,3.650966566091495e-07,C
725322217,4,-1.1320032085627985e-06,C
725322217,4,3.405739843228726e-06,C
725322217,4,-2.0007498087138646e-06,C
434423882,4,1.013941543386021e-06,C
434423882,4,6.346744203919365e-07,C
434423882,4,8.58277957301555e-07,C
434423882,4,2.2462082808901666e-06,C
434423882,4,1.6076259740423898e-06,C
548743766,4,-1.4649137897097646e-06,C
548743766,4,-2.6158494317082143e-07,C
548743766,4,2.1866612787352704e-07,C
548743766,4,9.189518211741039e-07,C
548743766,4,8.761737438790079e-07,C
1399127774,4,-1.1602688958609227e-06,C
1399127774,4,-9.093286541428554e-07,C
1399127774,4,-7.20470408208107e-07,C
1399127774,4,-4.6953016649003976e-07,C
1399127774,4,-7.20470408208107e-07,C
2629723425,4,0.0,C
2629723425,4,0.0,C
2629723425,4,0.0,C
2629723425,4,0.0,C
2629723425,4,4.3904584899959187e-07,C
1542633699,4,-7.166015021811125e-06,O
1542633699,4,-6.446605265415925e-06,O
1542633699,4,-5.738994485378736e-06,O
1542633699,4,-6.698673644005022e-06,O
1542633699,4,-3.0905487631281182e-06,O
1824088295,4,-2.6375790636776458e-06,C
1824088295,4,8.642200988112983e-07,C
1824088295,4,-2.2173536902321545e-06,C
1824088295,4,-3.137252459403921e-07,C
1824088295,4,5.626536896097788e-07,C
1078211001,4,-1.0983795744385098e-05,O
1078211001,4,1.5155827357078884e-06,O
1078211001,4,9.359822199734311e-06,O
1078211001,4,1.2908328246383043e-05,O
1078211001,4,7.778863799494558e-06,O
579286581,4,-2.724408236188299e-06,C
579286581,4,-2.9689713664658897e-06,C
579286581,4,-8.848006352947567e-06,C
579286581,4,-4.6410620382561496e-07,C
579286581,4,-8.162771824912068e-07,C
476060908,4,1.5538928901611716e-07,C
476060908,4,1.5538928901611716e-07,C
476060908,4,1.5538928901611716e-07,C
476060908,4,1.5538928901611716e-07,C
476060908,4,1.5538928901611716e-07,C
2154935424,4,-7.016059981899969e-06,O
2154935424,4,9.557953426200718e-07,O
2154935424,4,-8.376454298519853e-07,O
2154935424,4,-6.04816004469693e-07,O
2154935424,4,3.622891342478342e-06,O
4256524850,4,-1.0277858948301317e-06,C
4256524850,4,4.740189343444175e-06,C
4256524850,4,2.952546543256475e-06,C
4256524850,4,1.3032629535769061e-06,C
4256524850,4,2.409158482656994e-06,C
3980805843,4,-2.2084053624958112e-06,C
3980805843,4,-5.010588788424003e-06,C
3980805843,4,-9.913322292489854e-07,C
3980805843,4,8.483002940941863e-07,C
3980805843,4,1.9113183837716607e-06,C
3594646603,4,-2.8142455920851517e-07,C
3594646603,4,8.229410497916263e-07,C
3594646603,4,1.8474951213585424e-06,C
3594646603,4,1.3492918209145367e-07,C
3594646603,4,8.869078258980784e-07,C
4036277955,4,2.8474536242972456e-06,C
4036277955,4,4.066375807936905e-06,C
4036277955,4,2.965307980069354e-06,C
4036277955,4,1.3994762628353943e-06,C
4036277955,4,1.8577250758115317e-06,C
3554022385,4,3.5754606412424002e-06,C
3554022385,4,3.038376091256791e-06,C
3554022385,4,4.2583543625491094e-06,C
3554022385,4,5.645064070262853e-06,C
3554022385,4,9.067839662377144e-06,C
571978829,4,-2.647549864152844e-06,C
571978829,4,-9.395461190212472e-07,C
571978829,4,-2.4282689301915496e-06,C
571978829,4,-4.002914096652016e-06,C
571978829,4,-2.0195332655693118e-06,C
4011293459,4,0.0,C
4011293459,4,0.0,C
4011293459,4,0.0,C
4011293459,4,-4.397984876528156e-07,C
4011293459,4,-4.397984876528156e-07,C
1378530689,4,0.0,
1378530689,4,0.0,
1378530689,4,0.0,
1378530689,4,0.0,
1378530689,4,0.0,
1858577693,4,-1.4109866175752647e-06,C
1858577693,4,-3.643711352411226e-06,C
1858577693,4,-4.0535471156190415e-06,C
1858577693,4,-2.8080248413631017e-06,C
1858577693,4,-8.671586578570247e-06,C
3120642300,4,-5.824038169205837e-06,C
3120642300,4,-6.421777188414914e-06,C
3120642300,4,-4.29322311967361e-06,C
3120642300,4,3.921772726758928e-06,C
3120642300,4,-3.1786787483951105e-06,C
2594220197,4,-3.7360665867914797e-07,C
2594220197,4,-4.587298851250511e-07,C
2594220197,4,1.7516868440164805e-06,C
2594220197,4,4.385092719383149e-06,C
2594220197,4,1.783932488709939e-06,C
1693331843,4,-5.287843704057226e-07,N
1693331843,4,-2.8512244236288814e-06,N
1693331843,4,-1.6331727493235429e-06,N
1693331843,4,-8.435582074084675e-06,N
1693331843,4,-5.630036267700606e-06,N
1868602760,4,2.8476372662964225e-06,N
1868602760,4,-3.0040038597491363e-06,N
1868602760,4,-1.639898441767925e-06,N
1868602760,4,1.3201161751743521e-05,N
1868602760,4,2.83686021348116e-06,N
1842114921,4,7.258573309304743e-05,C
1842114921,4,-0.00011931577363292665,C
1842114921,4,8.761894952667758e-05,C
1842114921,4,-0.00011852014070406602,C
1842114921,4,8.670954996864086e-05,C
2021812431,4,-2.6158494317082143e-07,N
2021812431,4,9.506647045290448e-07,N
2021812431,4,-2.6158494317082143e-07,N
2021812431,4,0.0,N
2021812431,4,-4.397984876528156e-07,N
4197146180,4,2.108991276730506e-05,O
4197146180,4,3.231036383131449e-05,O
4197146180,4,3.113063404277302e-05,O
4197146180,4,3.126750294103406e-05,O
4197146180,4,1.4569614928924921e-05,O
3121777292,4,-5.12244334030694e-07,N
3121777292,4,-7.311151096608612e-07,N
3121777292,4,0.0,N
3121777292,4,1.6498552740638623e-06,N
3121777292,4,-5.12244334030694e-07,N
2752034647,4,3.364383389136902e-06,C
2752034647,4,4.187357734946381e-06,C
2752034647,4,1.6390589479382215e-06,C
2752034647,4,1.5215187142082927e-06,C
2752034647,4,6.048178230978404e-07,C
3614376044,4,0.0,C
3614376044,4,0.0,C
3614376044,4,0.0,C
3614376044,4,0.0,C
3614376044,4,0.0,C
3266129148,4,0.0,S
3266129148,4,0.0,S
3266129148,4,0.0,S
3266129148,4,0.0,S
3266129148,4,0.0,S
3346539298,4,5.465701211891357e-06,N
3346539298,4,3.253251794316887e-06,N
3346539298,4,-8.384522074799793e-07,N
3346539298,4,8.234300452482964e-06,N
3346539298,4,-2.9232739560828072e-08,N
2513428378,4,-7.31984850311021e-08,C
2513428378,4,-1.3205871574294148e-06,C
2513428378,4,5.94161565324082e-07,C
2513428378,4,-2.4303684020960357e-06,C
2513428378,4,-2.1677440494652367e-06,C
2827868305,4,-1.5854740653015523e-05,C
2827868305,4,-2.313361046422024e-06,C
2827868305,4,-1.320299027534385e-05,C
2827868305,4,5.16470793730751e-06,C
2827868305,4,3.0118714420311957e-06,C
1153219603,4,6.52633186891665e-07,C
1153219603,4,4.6041240512459045e-06,C
1153219603,4,3.688728044328989e-06,C
1153219603,4,3.5382208463273154e-06,C
1153219603,4,1.062032717566528e-06,C
516041383,4,2.224056479534697e-06,C
516041383,4,2.44362633689205e-06,C
516041383,4,2.9246651448745775e-08,C
516041383,4,3.954433135562596e-07,C
516041383,4,2.612398443012018e-07,C
312306367,4,2.727145126879592e-06,C
312306367,4,1.8241041956979561e-06,C
312306367,4,2.7705963074793356e-06,C
312306367,4,7.302849834027632e-07,C
312306367,4,7.302849834027632e-07,C
3925172229,4,-9.520428216837264e-07,C
3925172229,4,1.2339602602933798e-07,C
3925172229,4,-3.199326298677918e-08,C
3925172229,4,0.0,C
3925172229,4,0.0,C
118059098,4,2.904864957497307e-07,C
118059098,4,1.585341976621411e-06,C
118059098,4,-6.484917362111365e-06,C
118059098,4,2.981398822228705e-06,C
118059098,4,1.7931933740614886e-06,C
3981762496,4,9.68581636085885e-06,C
3981762496,4,1.3564908316496867e-05,C
3981762496,4,8.585552379073227e-06,C
3981762496,4,9.644122593523716e-06,C
3981762496,4,9.800968353204827e-06,C
2122981102,4,0.0,
2122981102,4,0.0,
2122981102,4,0.0,
2122981102,4,0.0,
2122981102,4,0.0,
1506563592,4,-1.450831326433536e-07,C
1506563592,4,-9.413981202311891e-07,C
1506563592,4,1.058045344089556e-08,C
1506563592,4,-1.450831326433536e-07,C
1506563592,4,-9.413981202311891e-07,C
2604440622,4,5.9252564950907326e-06,C
2604440622,4,6.897695572595031e-06,C
2604440622,4,4.4866362887122004e-06,C
2604440622,4,9.068043935654474e-06,C
2604440622,4,6.851923177031774e-06,C
1717044408,4,6.253162655430258e-08,C
1717044408,4,6.558674020135102e-07,C
1717044408,4,6.982364706847616e-07,C
1717044408,4,-6.995314296136951e-07,C
1717044408,4,3.150823559830082e-08,C
2646219661,4,-3.9160820425598875e-06,C
2646219661,4,2.7611904758078655e-06,C
2646219661,4,-1.4722642662084355e-05,C
2646219661,4,-1.4157654056583951e-06,C
2646219661,4,-8.157666956226097e-06,C
128522177,4,-8.915574838284576e-07,C
128522177,4,-1.4507615256936952e-06,C
128522177,4,-9.975496000481747e-07,C
128522177,4,-2.597728718595465e-06,C
128522177,4,-9.033891083670698e-07,C
2459741777,4,5.448964042844597e-07,O
2459741777,4,5.448964042844597e-07,O
2459741777,4,5.448964042844597e-07,O
2459741777,4,-1.1709135973136768e-06,O
2459741777,4,5.448964042844597e-07,O
3612926680,4,-1.6581118321510463e-06,Br
3612926680,4,1.9053647399391686e-06,Br
3612926680,4,1.3147855437642408e-06,Br
3612926680,4,-5.5996381396576644e-06,Br
3612926680,4,2.1739004604948587e-06,Br
1792562719,4,-1.2195437035888816e-05,S
1792562719,4,-5.559655688577251e-06,S
1792562719,4,-1.6923881754190564e-05,S
1792562719,4,-1.9784125500910132e-06,S
1792562719,4,-1.1440688365557845e-05,S
868576692,4,0.0,
868576692,4,0.0,
868576692,4,0.0,
868576692,4,0.0,
868576692,4,0.0,
1999904870,4,-4.5100441959538586e-07,C
1999904870,4,0.0,C
1999904870,4,2.5037901122846803e-07,C
1999904870,4,2.5037901122846803e-07,C
1999904870,4,5.340355712117259e-07,C
3532053313,4,0.0,S
3532053313,4,0.0,S
3532053313,4,0.0,S
3532053313,4,0.0,S
3532053313,4,0.0,S
592593828,4,1.4302262602969209e-06,C
592593828,4,-1.017991147955451e-06,C
592593828,4,2.564274198981484e-06,C
592593828,4,-2.841349015683496e-07,C
592593828,4,1.6464884635145408e-06,C
3632350815,4,-4.029218941761434e-06,Br
3632350815,4,-2.1067116676180483e-06,Br
3632350815,4,-2.303482962077606e-06,Br
3632350815,4,-5.641528321917704e-07,Br
3632350815,4,-3.3574657654698685e-06,Br
3025629386,4,-7.631845757487613e-07,C
3025629386,4,-1.2366572758287613e-06,C
3025629386,4,1.8838645813950249e-07,C
3025629386,4,-1.2366572758287613e-06,C
3025629386,4,1.5538928901611716e-07,C
3594696610,4,0.0,C
3594696610,4,0.0,C
3594696610,4,0.0,C
3594696610,4,0.0,C
3594696610,4,0.0,C
2212573984,4,3.628838904433645e-06,S
2212573984,4,1.99465832094025e-06,S
2212573984,4,4.814149176708433e-07,S
2212573984,4,4.107918315347098e-06,S
2212573984,4,1.3372188309786377e-06,S
3157481675,4,1.7746090582898728e-07,C
3157481675,4,2.0770220823043695e-06,C
3157481675,4,9.408914021886636e-07,C
3157481675,4,-5.555089324653546e-07,C
3157481675,4,6.577119768729021e-07,C
669222828,4,0.0,C
669222828,4,0.0,C
669222828,4,0.0,C
669222828,4,0.0,C
669222828,4,0.0,C
1856075173,4,0.0,C
1856075173,4,0.0,C
1856075173,4,0.0,C
1856075173,4,0.0,C
1856075173,4,0.0,C
618671879,4,0.0,C
618671879,4,-1.0970259080572003e-06,C
618671879,4,9.395239619969849e-07,C
618671879,4,-9.188123635752062e-07,C
618671879,4,4.814149176708433e-07,C
714893496,4,-4.597313177963011e-06,C
714893496,4,-1.5896816038075707e-05,C
714893496,4,-1.903488467504006e-05,C
714893496,4,-9.970250766588905e-06,C
714893496,4,-1.2950347682369728e-05,C
1685248591,4,5.221352721955508e-07,C
1685248591,4,-1.1310109427459768e-06,C
1685248591,4,-1.7855864335183068e-07,C
1685248591,4,-1.1310109427459768e-06,C
1685248591,4,7.408014000690778e-07,C
2931695851,4,9.42714101127319e-06,C
2931695851,4,3.985009331043503e-06,C
2931695851,4,9.5023659091168e-06,C
2931695851,4,1.3573871640657452e-05,C
2931695851,4,7.4199008293343496e-06,C
2222715027,4,0.00012938086329904695,O
2222715027,4,0.00013859133668955186,O
2222715027,4,0.00013626791902616076,O
2222715027,4,-8.887266590097828e-06,O
2222715027,4,-2.074482334725675e-06,O
1026928756,4,-0.0005602695890025776,S
1026928756,4,-0.0007593089257227265,S
1026928756,4,-0.0008833937549211066,S
1026928756,4,-0.00020500958577302983,S
1026928756,4,-0.0004922523920546989,S
458993620,4,-0.00011047308922470644,N
458993620,4,-0.00012040032306543909,N
458993620,4,-0.00011601120772886521,N
458993620,4,-3.688019334305813e-05,N
458993620,4,-0.00011197858113093156,N
1549284008,4,-5.12244334030694e-07,C
1549284008,4,-5.12244334030694e-07,C
1549284008,4,-5.12244334030694e-07,C
1549284008,4,1.8838645813950249e-07,C
1549284008,4,-1.3092502036252986e-06,C
3510196525,4,1.8838645813950249e-07,N
3510196525,4,8.453477276530643e-07,N
3510196525,4,1.8838645813950249e-07,N
3510196525,4,1.8838645813950249e-07,N
3510196525,4,8.453477276530643e-07,N
909362583,4,-4.6953016649003976e-07,C
909362583,4,-4.6953016649003976e-07,C
909362583,4,-3.048431749044789e-08,C
909362583,4,-1.1709135973136768e-06,C
909362583,4,-4.6953016649003976e-07,C
2556855854,4,-7.284982983372414e-08,C
2556855854,4,-2.1887077562973353e-07,C
2556855854,4,-7.01383430823637e-07,C
2556855854,4,-4.140986980096309e-08,C
2556855854,4,9.506647045290448e-07,C
3888780669,4,-1.5179473841215978e-06,O
3888780669,4,-0.00011529398219092997,O
3888780669,4,-3.569116669301965e-06,O
3888780669,4,-8.162771824912068e-07,O
3888780669,4,-8.162771824912068e-07,O
2448572767,4,0.0,
2448572767,4,0.0,
2448572767,4,0.0,
2448572767,4,0.0,
2448572767,4,0.0,
932692620,4,1.3889598461690796e-06,C
932692620,4,-2.1887077562973353e-07,C
932692620,4,1.3889598461690796e-06,C
932692620,4,1.3889598461690796e-06,C
932692620,4,0.0,C
92620239,4,3.91632748974048e-06,C
92620239,4,2.782860874560658e-06,C
92620239,4,3.731115098056176e-06,C
92620239,4,1.4201881723082711e-06,C
92620239,4,4.278399170572385e-07,C
443932914,4,2.097574313957018e-06,N
443932914,4,1.4947395577393722e-06,N
443932914,4,0.0,N
443932914,4,1.1488168719755217e-06,N
443932914,4,1.7552912498922449e-06,N
586636525,4,2.5037901122846803e-07,C
586636525,4,2.5037901122846803e-07,C
586636525,4,2.5037901122846803e-07,C
586636525,4,0.0,C
586636525,4,0.0,C
3462479532,4,9.37606007877026e-07,C
3462479532,4,-1.4157654056583951e-06,C
3462479532,4,1.8987871290721686e-06,C
3462479532,4,2.1486067905041213e-06,C
3462479532,4,2.3370822707124202e-06,C
2222621677,4,-1.583246080458841e-06,O
2222621677,4,-1.8339054713189303e-06,O
2222621677,4,-4.397984876528156e-07,O
2222621677,4,-2.871677987498168e-06,O
2222621677,4,-6.302144126707878e-06,O
328936174,4,7.522026468581924e-07,C
328936174,4,1.377103905748911e-06,C
328936174,4,4.59581488616986e-07,C
328936174,4,4.2256520294806e-06,C
328936174,4,2.1706156015004544e-06,C
2154777022,4,1.9301450234980155e-06,C
2154777022,4,8.516384726194558e-07,C
2154777022,4,3.6576370297449357e-06,C
2154777022,4,1.6464884635145408e-06,C
2154777022,4,2.5561668626746317e-06,C
3992410619,4,1.2831650773458166e-06,C
3992410619,4,1.4910991744982068e-06,C
3992410619,4,-1.1205931942353392e-08,C
3992410619,4,-9.202542064535874e-07,C
3992410619,4,1.951744825870504e-06,C
3750444818,4,5.932674879238591e-07,C
3750444818,4,1.7746090582898728e-07,C
3750444818,4,3.5768157789790173e-06,C
3750444818,4,3.7521893377085846e-06,C
3750444818,4,2.709876657622191e-06,C
2975126068,4,-4.6854240956495895e-07,N
2975126068,4,1.858355954431276e-06,N
2975126068,4,5.94161565324082e-07,N
2975126068,4,2.2249602090187396e-06,N
2975126068,4,7.645943429863879e-07,N
2477914203,4,0.0,N
2477914203,4,4.3904584899959187e-07,N
2477914203,4,4.3904584899959187e-07,N
2477914203,4,0.0,N
2477914203,4,0.0,N
353395765,4,-1.9051560316808106e-06,C
353395765,4,1.8491023753321179e-07,C
353395765,4,3.449959691003736e-06,C
353395765,4,9.591318985793275e-07,C
353395765,4,7.182036787642052e-08,C
69470421,4,0.0,C
69470421,4,0.0,C
69470421,4,0.0,C
69470421,4,0.0,C
69470421,4,0.0,C
540046244,4,1.5270640400194633e-06,C
540046244,4,4.103809844447021e-06,C
540046244,4,2.379859343376242e-06,C
540046244,4,1.7196907622077026e-06,C
540046244,4,3.0351803218336103e-06,C
4261830945,4,-2.1677440494652367e-06,C
4261830945,4,-8.861346745530924e-06,C
4261830945,4,-3.4239705741750774e-06,C
4261830945,4,-4.288002443345734e-07,C
4261830945,4,-3.1960655277529434e-06,C
3904721945,4,-1.2169121421849814e-06,C
3904721945,4,2.612398443012018e-07,C
3904721945,4,-2.3113745571319046e-06,C
3904721945,4,2.612398443012018e-07,C
3904721945,4,4.1662913331731895e-07,C
4055698890,4,-1.8107156305405964e-06,N
4055698890,4,-4.633288399669578e-06,N
4055698890,4,-6.375462043237742e-06,N
4055698890,4,-6.444535823577546e-06,N
4055698890,4,-1.7049992678309662e-06,N
1738265797,4,-2.5061156402484547e-06,C
1738265797,4,5.405855975188726e-07,C
1738265797,4,-2.841349015683496e-07,C
1738265797,4,2.2734633691660726e-06,C
1738265797,4,-1.0992223275158378e-06,C
2014543234,4,1.8354410783905529e-06,C
2014543234,4,5.17966098464908e-08,C
2014543234,4,-1.5825722871959033e-06,C
2014543234,4,-2.178309384936756e-06,C
2014543234,4,8.016217612550388e-07,C
2697110228,4,4.480810986062008e-06,C
2697110228,4,3.066538216259674e-06,C
2697110228,4,1.8999543758327873e-06,C
2697110228,4,2.14977403726474e-06,C
2697110228,4,2.8785325464600504e-06,C
694069322,4,-0.00010643144066709801,N
694069322,4,-9.67908570589063e-05,N
694069322,4,-0.00010241594384720418,N
694069322,4,-9.227182094748046e-05,N
694069322,4,-3.734102640397447e-05,N
3120784405,4,7.61717957298378e-07,C
3120784405,4,2.118629959171371e-06,C
3120784405,4,2.2552100130931226e-06,C
3120784405,4,1.3062699451764186e-06,C
3120784405,4,2.6179903097720177e-06,C
2574917850,4,-7.311151096608612e-07,C
2574917850,4,-1.3608072706866592e-06,C
2574917850,4,-1.4328443236214308e-06,C
2574917850,4,1.0028008008539611e-06,C
2574917850,4,-7.01383430823637e-07,C
644322065,4,4.3904584899959187e-07,C
644322065,4,4.3904584899959187e-07,C
644322065,4,4.3904584899959187e-07,C
644322065,4,4.3904584899959187e-07,C
644322065,4,4.3904584899959187e-07,C
4068239769,4,1.058045344089556e-08,S
4068239769,4,-2.5065939085987254e-07,S
4068239769,4,-4.6953016649003976e-07,S
4068239769,4,1.058045344089556e-08,S
4068239769,4,1.058045344089556e-08,S
606428793,4,4.799059721742951e-07,C
606428793,4,2.612398443012018e-07,C
606428793,4,2.612398443012018e-07,C
606428793,4,0.0,C
606428793,4,2.612398443012018e-07,C
3304582332,4,4.3904584899959187e-07,C
3304582332,4,4.3904584899959187e-07,C
3304582332,4,4.3904584899959187e-07,C
3304582332,4,0.0,C
3304582332,4,0.0,C
3920757710,4,-8.650528620693897e-07,C
3920757710,4,1.858355954431276e-06,C
3920757710,4,4.045301568284497e-06,C
3920757710,4,-4.26209850669379e-07,C
3920757710,4,2.991159532558319e-06,C
2923200147,4,3.1987444725839085e-05,C
2923200147,4,2.840314346113813e-05,C
2923200147,4,2.5050186378700653e-05,C
2923200147,4,2.9241460095525643e-05,C
2923200147,4,3.202778547378802e-06,C
1349404210,4,-8.867786957451104e-07,N
1349404210,4,-2.5317735580299757e-06,N
1349404210,4,-3.6273475366415796e-06,N
1349404210,4,-2.3496247910507247e-06,N
1349404210,4,-5.00446317276259e-06,N
2238101436,4,0.0,C
2238101436,4,0.0,C
2238101436,4,0.0,C
2238101436,4,0.0,C
2238101436,4,0.0,C
310913359,4,2.5037901122846803e-07,C
310913359,4,-1.2366572758287613e-06,C
310913359,4,2.5037901122846803e-07,C
310913359,4,2.5037901122846803e-07,C
310913359,4,2.5037901122846803e-07,C
4086265842,4,-1.003735937595441e-06,C
4086265842,4,-3.9847078791444696e-06,C
4086265842,4,-6.053365236952666e-06,C
4086265842,4,-2.3646247235805176e-06,C
4086265842,4,-4.905185003551901e-07,C
3328145258,4,2.1634321142882662e-07,C
3328145258,4,2.368449620603324e-06,C
3328145258,4,1.6390589479382215e-06,C
3328145258,4,1.6390589479382215e-06,C
3328145258,4,1.8888786093701742e-06,C
3045022511,4,1.6390589479382215e-06,S
3045022511,4,1.8888786093701742e-06,S
3045022511,4,1.8888786093701742e-06,S
3045022511,4,4.3904584899959187e-07,S
3045022511,4,6.894248602278431e-07,S
910450790,4,2.5037901122846803e-07,C
910450790,4,2.4384866934364265e-06,C
910450790,4,1.4411571793585334e-06,C
910450790,4,8.869096452233678e-07,C
910450790,4,2.0214374774089536e-06,C
1216095805,4,-2.152428388223389e-06,C
1216095805,4,-4.527843108038509e-06,C
1216095805,4,-1.053988641280812e-06,C
1216095805,4,-1.4350635716081986e-07,C
1216095805,4,-2.4711978224543647e-06,C
2187394687,4,-1.352861271273955e-06,C
2187394687,4,-3.5813956955625843e-06,C
2187394687,4,1.5560896066083713e-06,C
2187394687,4,-5.347942924286558e-07,C
2187394687,4,1.8665946119489785e-06,C
544755086,4,5.340355712117259e-07,C
544755086,4,2.8365655998325787e-07,C
544755086,4,5.764046398827605e-07,C
544755086,4,-4.905185003551901e-07,C
544755086,4,5.340355712117259e-07,C
2425865203,4,0.0,C
2425865203,4,0.0,C
2425865203,4,0.0,C
2425865203,4,0.0,C
2425865203,4,0.0,C
1558658757,4,1.0428955996323597e-06,C
1558658757,4,5.221352721955508e-07,C
1558658757,4,-9.930458359686152e-07,C
1558658757,4,3.001170718753242e-06,C
1558658757,4,2.9401055097924133e-06,C
68675643,4,0.0,C
68675643,4,0.0,C
68675643,4,0.0,C
68675643,4,0.0,C
68675643,4,0.0,C
2905822145,4,2.1228992283140076e-06,C
2905822145,4,1.5118271521658184e-06,C
2905822145,4,2.3841390726149925e-06,C
2905822145,4,1.3572564182794122e-06,C
2905822145,4,3.3304550163771804e-06,C
2284773903,4,-1.8305423723596718e-06,C
2284773903,4,-1.3899893081266e-06,C
2284773903,4,-1.6114666615465317e-06,C
2284773903,4,-4.3794648644287365e-07,C
2284773903,4,-1.3899893081266e-06,C
3835273908,4,3.5380177704691027e-07,C
3835273908,4,-5.12244334030694e-07,C
3835273908,4,-7.989928020802478e-06,C
3835273908,4,9.256193274592532e-08,C
3835273908,4,-5.253550413686185e-08,C
3249398244,4,2.5037901122846803e-07,C
3249398244,4,0.0,C
3249398244,4,0.0,C
3249398244,4,0.0,C
3249398244,4,2.5037901122846803e-07,C
3772302167,4,2.4117765875983875e-06,C
3772302167,4,1.1293460661209592e-06,C
3772302167,4,5.0002745688208176e-06,C
3772302167,4,3.6561188544567604e-06,C
3772302167,4,5.0795293189283795e-06,C
2510215966,4,-2.1426233679693388e-06,C
2510215966,4,-6.220512838140367e-08,C
2510215966,4,-2.8443525819299084e-06,C
2510215966,4,1.8265062051376138e-06,C
2510215966,4,7.006343484977379e-07,C
3406201864,4,-7.963792355994773e-07,C
3406201864,4,-1.6889624431682543e-06,C
3406201864,4,-2.6556555635739738e-06,C
3406201864,4,-1.2479286112764259e-06,C
3406201864,4,-2.643690601803264e-06,C
3684013815,4,3.635044614804569e-06,C
3684013815,4,8.027724346586912e-06,C
3684013815,4,7.385281394661856e-06,C
3684013815,4,1.9003806066958916e-06,C
3684013815,4,5.116272342352551e-06,C
787341104,4,0.0,C
787341104,4,0.0,C
787341104,4,0.0,C
787341104,4,-7.01383430823637e-07,C
787341104,4,0.0,C
1256946769,4,2.4770841845485163e-07,N
1256946769,4,1.7095609415045294e-06,N
1256946769,4,-9.63314157131391e-07,N
1256946769,4,4.690451391015614e-07,N
1256946769,4,4.690451391015614e-07,N
2110118862,4,-6.2718148602749265e-06,C
2110118862,4,-3.0703001344420215e-06,C
2110118862,4,-4.3683863932017595e-06,C
2110118862,4,-8.367338747795883e-06,C
2110118862,4,-1.118909821682789e-05,C
1899422126,4,0.0,C
1899422126,4,0.0,C
1899422126,4,0.0,C
1899422126,4,0.0,C
1899422126,4,0.0,C
3727960280,4,0.0,C
3727960280,4,0.0,C
3727960280,4,0.0,C
3727960280,4,0.0,C
3727960280,4,0.0,C
4023654873,4,4.6048543652144926e-06,C
4023654873,4,6.259380977439045e-06,C
4023654873,4,4.710570727924123e-06,C
4023654873,4,5.045407429447564e-06,C
4023654873,4,5.402058936527371e-06,C
467603055,4,-4.422654365587343e-06,C
467603055,4,-5.595938090644176e-06,C
467603055,4,1.6486880273032436e-06,C
467603055,4,-2.753063618031069e-06,C
467603055,4,-3.2779651661844853e-06,C
409801989,4,-1.1907676838803123e-06,C
409801989,4,-2.4956002830337116e-07,C
409801989,4,-2.8142455920851517e-07,C
409801989,4,8.453571831183379e-07,C
409801989,4,3.0326449656581725e-07,C
1289643292,4,-4.397984876528156e-07,N
1289643292,4,0.0,N
1289643292,4,-4.397984876528156e-07,N
1289643292,4,0.0,N
1289643292,4,0.0,N
3011598321,4,8.057918321792423e-07,C
3011598321,4,-3.048431749044789e-08,C
3011598321,4,-7.20470408208107e-07,C
3011598321,4,1.4212843284491707e-06,C
3011598321,4,1.6821797563439534e-06,C
3460898310,4,1.0697875643227248e-05,N
3460898310,4,6.86037978771801e-06,N
3460898310,4,1.0696344548254653e-05,N
3460898310,4,8.739622452454826e-06,N
3460898310,4,4.3953687883550255e-06,N
2971716993,4,4.1662913331731895e-07,N
2971716993,4,-5.347942924286558e-07,N
2971716993,4,-5.347942924286558e-07,N
2971716993,4,1.322042624070938e-06,N
2971716993,4,7.913734994553084e-07,N
1556668346,4,-9.953074201181702e-07,N
1556668346,4,1.8838645813950249e-07,N
1556668346,4,-2.5865827656941596e-06,N
1556668346,4,-2.525651356867064e-06,N
1556668346,4,-7.311151096608612e-07,N
4022716898,4,0.0,C
4022716898,4,0.0,C
4022716898,4,0.0,C
4022716898,4,0.0,C
4022716898,4,0.0,C
2458968089,4,2.612398443012018e-07,C
2458968089,4,2.612398443012018e-07,C
2458968089,4,0.0,C
2458968089,4,2.612398443012018e-07,C
2458968089,4,1.058045344089556e-08,C
4164236649,4,4.305167823785271e-06,C
4164236649,4,2.960255668850659e-06,C
4164236649,4,6.1490882056459105e-06,C
4164236649,4,7.66403075846446e-06,C
4164236649,4,-1.335919692715959e-07,C
2154975788,4,8.613178330719312e-09,C
2154975788,4,2.927480798995026e-07,C
2154975788,4,8.613178330719312e-09,C
2154975788,4,4.4813736891561977e-07,C
2154975788,4,-2.526266659700488e-07,C
3248686995,4,2.059671811769628e-06,C
3248686995,4,1.339350268723255e-06,C
3248686995,4,1.2338441298445895e-06,C
3248686995,4,1.7774430512474976e-06,C
3248686995,4,1.339350268723255e-06,C
3909974435,4,0.0,C
3909974435,4,-9.29838646422914e-07,C
3909974435,4,-5.12244334030694e-07,C
3909974435,4,0.0,C
3909974435,4,-5.12244334030694e-07,C
3012080282,4,9.506647045290448e-07,C
3012080282,4,-3.199326298677918e-08,C
3012080282,4,7.002856933005768e-07,C
3012080282,4,7.002856933005768e-07,C
3012080282,4,9.189518211741039e-07,C
3462333187,4,-2.6158494317082143e-07,C
3462333187,4,4.3904584899959187e-07,C
3462333187,4,9.506647045290448e-07,C
3462333187,4,1.6498552740638623e-06,C
3462333187,4,7.002856933005768e-07,C
1229325558,4,-4.5923056390690525e-07,N
1229325558,4,7.423103455654091e-07,N
1229325558,4,-2.0184714907530224e-08,N
1229325558,4,2.3075552681053706e-07,N
1229325558,4,4.814149176708433e-07,N
3599139274,4,2.1866612787352704e-07,C
3599139274,4,1.5538928901611716e-07,C
3599139274,4,2.1866612787352704e-07,C
3599139274,4,3.740554168896442e-07,C
3599139274,4,1.5538928901611716e-07,C
806369437,4,4.3904584899959187e-07,C
806369437,4,4.3904584899959187e-07,C
806369437,4,-2.920692606610525e-07,C
806369437,4,4.3904584899959187e-07,C
806369437,4,-4.140986980096309e-08,C
2395259406,4,8.773409906398435e-07,C
2395259406,4,0.0,C
2395259406,4,4.3904584899959187e-07,C
2395259406,4,0.0,C
2395259406,4,1.0321838560998185e-06,C
864942795,4,0.0,O
864942795,4,2.612398443012018e-07,O
864942795,4,2.612398443012018e-07,O
864942795,4,0.0,O
864942795,4,-2.5065939085987254e-07,O
1785683843,4,0.0,C
1785683843,4,0.0,C
1785683843,4,0.0,C
1785683843,4,0.0,C
1785683843,4,0.0,C
2516197204,4,-1.862406903264599e-06,C
2516197204,4,-2.8142455920851517e-07,C
2516197204,4,-2.5065939085987254e-07,C
2516197204,4,-7.20470408208107e-07,C
2516197204,4,6.894248602278431e-07,C
2295519362,4,6.179218820683615e-06,C
2295519362,4,6.179218820683615e-06,C
2295519362,4,3.676378876645318e-06,C
2295519362,4,5.747327051039202e-06,C
2295519362,4,4.282946102858367e-06,C
2598322190,4,-8.803515518861042e-07,C
2598322190,4,-2.6158494317082143e-07,C
2598322190,4,0.0,C
2598322190,4,0.0,C
2598322190,4,-8.803515518861042e-07,C
3153477100,4,0.0,C
3153477100,4,0.0,C
3153477100,4,0.0,C
3153477100,4,0.0,C
3153477100,4,0.0,C
2192318254,4,0.0,
2192318254,4,0.0,
2192318254,4,0.0,
2192318254,4,0.0,
2192318254,4,0.0,
1619222458,4,-4.397984876528156e-07,C
1619222458,4,-7.244129417980673e-07,C
1619222458,4,6.244344281176786e-07,C
1619222458,4,-8.803515518861042e-07,C
1619222458,4,-5.957370977408526e-07,C
3824063894,4,-9.520428216837264e-07,C
3824063894,4,0.0,C
3824063894,4,0.0,C
3824063894,4,-9.520428216837264e-07,C
3824063894,4,0.0,C
885026269,4,9.608908476885225e-08,C
885026269,4,6.780691011280381e-06,C
885026269,4,7.182895933320263e-06,C
885026269,4,2.6186696892188145e-07,C
885026269,4,2.693029222926172e-06,C
472281497,4,-1.0364522558606315e-06,C
472281497,4,6.157560474692389e-07,C
472281497,4,3.538253211614849e-07,C
472281497,4,6.157560474692389e-07,C
472281497,4,-7.85792865000759e-07,C
2599973650,4,0.0,N
2599973650,4,0.0,N
2599973650,4,0.0,N
2599973650,4,0.0,N
2599973650,4,0.0,N
1582607016,4,0.0,C
1582607016,4,0.0,C
1582607016,4,0.0,C
1582607016,4,0.0,C
1582607016,4,0.0,C
1564511222,4,-2.6158494317082143e-07,C
1564511222,4,-2.6158494317082143e-07,C
1564511222,4,0.0,C
1564511222,4,-2.6158494317082143e-07,C
1564511222,4,-1.403867221364246e-06,C
3291149959,4,0.0,C
3291149959,4,0.0,C
3291149959,4,0.0,C
3291149959,4,0.0,C
3291149959,4,0.0,C
717151242,4,2.533752385210867e-06,O
717151242,4,2.283653283441725e-06,O
717151242,4,2.847872088386147e-06,O
717151242,4,3.2950605566460164e-06,O
717151242,4,-2.0829032218883797e-07,O
2664995851,4,0.0,C
2664995851,4,0.0,C
2664995851,4,0.0,C
2664995851,4,0.0,C
2664995851,4,0.0,C
4239037249,4,-1.4231334722542618e-06,C
4239037249,4,-1.1615485290836572e-06,C
4239037249,4,-1.6850641985620158e-06,C
4239037249,4,-1.885411627300035e-08,C
4239037249,4,3.4481452691292706e-07,C
166544320,4,-9.093286541428554e-07,C
166544320,4,2.3479533251850523e-06,C
166544320,4,2.6301820857071827e-06,C
166544320,4,-3.048431749044789e-08,C
166544320,4,-8.040274199296905e-07,C
2369690741,4,2.7257524389239646e-07,C
2369690741,4,-1.8921511147039494e-06,C
2369690741,4,-7.528211974374387e-07,C
2369690741,4,-2.7740137643391533e-06,C
2369690741,4,-1.8921511147039494e-06,C
3234104871,4,5.4846557933382976e-06,C
3234104871,4,8.37478488632977e-06,C
3234104871,4,8.193166258346806e-06,C
3234104871,4,6.137422287491676e-06,C
3234104871,4,4.759539325694794e-06,C
616374597,4,7.73613645980737e-07,C
616374597,4,5.536435077938516e-07,C
616374597,4,2.201843927639646e-06,C
616374597,4,9.926893567936603e-07,C
616374597,4,1.9092397194558994e-06,C
2974534217,4,-1.0152500112292108e-06,C
2974534217,4,-7.963792355994773e-07,C
2974534217,4,-7.963792355994773e-07,C
2974534217,4,-7.963792355994773e-07,C
2974534217,4,-7.963792355994773e-07,C
828793177,4,0.0,N
828793177,4,0.0,N
828793177,4,0.0,N
828793177,4,-2.1887077562973353e-07,N
828793177,4,0.0,N
368713488,4,-1.0690992343282465e-06,C
368713488,4,-3.6997418018424114e-06,C
368713488,4,-1.961816939765595e-06,C
368713488,4,2.5421978048457625e-06,C
368713488,4,-5.352838652804238e-06,C
3177362943,4,1.5538928901611716e-07,C
3177362943,4,-7.963792355994773e-07,C
3177362943,4,4.1662913331731895e-07,C
3177362943,4,-5.347942924286558e-07,C
3177362943,4,-9.527010184375538e-08,C
912632640,4,0.0,C
912632640,4,9.80384085171905e-07,C
912632640,4,7.182036787642052e-08,C
912632640,4,5.116188555292361e-07,C
912632640,4,9.506647045290448e-07,C
214126897,4,0.0,C
214126897,4,0.0,C
214126897,4,0.0,C
214126897,4,0.0,C
214126897,4,0.0,C
4212936508,4,-1.0259854620433325e-06,N
4212936508,4,-2.2113235977972226e-07,N
4212936508,4,7.635625321579867e-07,N
4212936508,4,-3.710614688400308e-06,N
4212936508,4,1.6181423907089213e-06,N
3376021752,4,-4.570089879614566e-06,O
3376021752,4,6.230397642699014e-06,O
3376021752,4,-5.30332755968848e-06,O
3376021752,4,-4.131733234840349e-06,O
3376021752,4,3.6537897566751507e-06,O
2987120039,4,5.517027738591827e-07,C
2987120039,4,4.3904584899959187e-07,C
2987120039,4,-1.0995682134386058e-06,C
2987120039,4,6.157560474692389e-07,C
2987120039,4,2.0334420663494814e-06,C
3816921572,4,0.0,C
3816921572,4,0.0,C
3816921572,4,-9.202542064535874e-07,C
3816921572,4,0.0,C
3816921572,4,-7.01383430823637e-07,C
203749390,4,7.3952182580402145e-06,C
203749390,4,8.726214518933566e-06,C
203749390,4,3.583985135658307e-06,C
203749390,4,8.05819410822908e-06,C
203749390,4,6.485279436861755e-06,C
992462230,4,1.1465697003134462e-06,C
992462230,4,4.1662913331731895e-07,C
992462230,4,1.2115601324236107e-06,C
992462230,4,1.9577107060594554e-07,C
992462230,4,-2.289505726758151e-08,C
1506993418,4,-4.397984876528156e-07,C
1506993418,4,-2.418965614324302e-06,C
1506993418,4,0.0,C
1506993418,4,0.0,C
1506993418,4,-2.609053634867369e-06,C
1486598263,4,1.013941543386021e-06,C
1486598263,4,-2.6158494317082143e-07,C
1486598263,4,9.080909881011533e-07,C
1486598263,4,-2.6158494317082143e-07,C
1486598263,4,1.4525102577178997e-06,C
1914416804,4,7.002856933005768e-07,N
1914416804,4,1.1385808349408284e-06,N
1914416804,4,2.784752819593589e-06,N
1914416804,4,1.1277200018680947e-06,N
1914416804,4,-1.1709135973136768e-06,N
54936104,4,-6.480888098418704e-07,C
54936104,4,2.9220843246512487e-06,C
54936104,4,-1.1602688958609227e-06,C
54936104,4,-1.1709135973136768e-06,C
54936104,4,4.236906867103457e-08,C
3090652201,4,-1.506263273208866e-06,C
3090652201,4,-1.661926859293332e-06,C
3090652201,4,-1.7096041853583398e-06,C
3090652201,4,-1.1217914485208477e-06,C
3090652201,4,8.13313080470085e-07,C
2987687375,4,0.0,C
2987687375,4,0.0,C
2987687375,4,0.0,C
2987687375,4,0.0,C
2987687375,4,0.0,C
2296493092,4,5.308061817041378e-06,N
2296493092,4,2.3431140579730555e-06,N
2296493092,4,2.8971665743907516e-06,N
2296493092,4,6.943441911441174e-06,N
2296493092,4,5.420488383166061e-06,N
668520641,4,-2.5065939085987254e-07,C
668520641,4,-2.5065939085987254e-07,C
668520641,4,-2.5065939085987254e-07,C
668520641,4,-2.5065939085987254e-07,C
668520641,4,-2.5065939085987254e-07,C
848127915,4,2.612398443012018e-07,N
848127915,4,0.0,N
848127915,4,0.0,N
848127915,4,0.0,N
848127915,4,2.612398443012018e-07,N
2378775366,4,0.0,O
2378775366,4,0.0,O
2378775366,4,0.0,O
2378775366,4,0.0,O
2378775366,4,0.0,O
2592785365,4,0.0,N
2592785365,4,0.0,N
2592785365,4,0.0,N
2592785365,4,0.0,N
2592785365,4,0.0,N
460073430,4,-2.6158494317082143e-07,C
460073430,4,-2.6158494317082143e-07,C
460073430,4,4.3904584899959187e-07,C
460073430,4,2.5037901122846803e-07,C
460073430,4,0.0,C
2378779377,4,0.0,O
2378779377,4,0.0,O
2378779377,4,0.0,O
2378779377,4,0.0,O
2378779377,4,0.0,O
4194366826,4,7.755769678888464e-06,C
4194366826,4,7.785502752552867e-06,C
4194366826,4,1.026097284047788e-05,C
4194366826,4,6.430529321586756e-06,C
4194366826,4,6.3848879375528154e-06,C
1136130381,4,-2.2181720667384733e-06,C
1136130381,4,-3.1301276985113303e-06,C
1136130381,4,-9.743906368086478e-07,C
1136130381,4,-3.436158471034796e-06,C
1136130381,4,-2.2181720667384733e-06,C
1646750527,4,3.949781225929703e-06,C
1646750527,4,2.753039936238648e-06,C
1646750527,4,3.689572590645984e-06,C
1646750527,4,3.1789217967237524e-06,C
1646750527,4,3.3174090823557406e-06,C
1163692816,4,-0.00011989269639810837,N
1163692816,4,-0.00012010904722261121,N
1163692816,4,-0.00012014335578896846,N
1163692816,4,-0.00012145134631389234,N
1163692816,4,-0.00012216225715095037,N
1840994228,4,-7.5527004635353445e-06,C
1840994228,4,-1.9054668539426195e-06,C
1840994228,4,-2.0234895502899315e-06,C
1840994228,4,-1.0583099619072313e-06,C
1840994228,4,-2.1042554236793375e-06,C
2609658248,4,4.662720712458358e-06,C
2609658248,4,1.4346544498001958e-05,C
2609658248,4,8.6825054659667e-06,C
2609658248,4,1.1878109468586428e-05,C
2609658248,4,6.741227056361989e-06,C
2353583745,4,-1.0427173058329305e-06,C
2353583745,4,-8.867786957451104e-07,C
2353583745,4,-8.867786957451104e-07,C
2353583745,4,-1.1709135973136768e-06,C
2353583745,4,-8.867786957451104e-07,C
3443041413,4,-4.065506628322122e-06,C
3443041413,4,-4.7903344267191325e-06,C
3443041413,4,-4.1587486963000353e-07,C
3443041413,4,-3.4661153231389883e-06,C
3443041413,4,-9.006865629267473e-06,C
3286720230,4,4.606403311447488e-07,C
3286720230,4,2.417695555147984e-07,C
3286720230,4,-2.285877740474361e-07,C
3286720230,4,-1.3480544520331345e-06,C
3286720230,4,9.726042855436046e-07,C
1449131080,4,-1.9209389568938806e-07,C
1449131080,4,3.563036925140293e-06,C
1449131080,4,1.509435110706378e-06,C
1449131080,4,1.0412347152500764e-06,C
1449131080,4,7.048551009017877e-07,C
636971230,4,2.612398443012018e-07,C
636971230,4,2.612398443012018e-07,C
636971230,4,0.0,C
636971230,4,2.612398443012018e-07,C
636971230,4,7.002856933005768e-07,C
2251845666,4,1.0632067044256434e-06,C
2251845666,4,2.207161681287012e-08,C
2251845666,4,-2.6398455159936177e-06,C
2251845666,4,1.0091875863931996e-07,C
2251845666,4,-2.2562221141555865e-06,C
305828102,4,1.7746090582898728e-07,C
305828102,4,1.7746090582898728e-07,C
305828102,4,1.7746090582898728e-07,C
305828102,4,1.7746090582898728e-07,C
305828102,4,1.7746090582898728e-07,C
2810604122,4,1.5538928901611716e-07,C
2810604122,4,1.5538928901611716e-07,C
2810604122,4,1.5538928901611716e-07,C
2810604122,4,1.5538928901611716e-07,C
2810604122,4,1.5538928901611716e-07,C
979999009,4,8.87921444080739e-07,C
979999009,4,1.058045344089556e-08,C
979999009,4,1.8838645813950249e-07,C
979999009,4,1.058045344089556e-08,C
979999009,4,-1.2139735479914805e-06,C
4083722611,4,6.894248602278431e-07,C
4083722611,4,9.395239619969849e-07,C
4083722611,4,0.0,C
4083722611,4,1.1581900898702951e-06,C
4083722611,4,1.0960071185131537e-06,C
849275503,4,-2.692518174738723e-05,N
849275503,4,-0.0005552464414031268,N
849275503,4,-7.043728339835341e-05,N
849275503,4,-0.0001155479622772953,N
849275503,4,-0.0007336126102341421,N
3533643770,4,1.058045344089556e-08,C
3533643770,4,9.710734224881428e-07,C
3533643770,4,-5.015996325783735e-07,C
3533643770,4,1.4093685641283944e-06,C
3533643770,4,1.4093685641283944e-06,C
594486406,4,0.0,
594486406,4,0.0,
594486406,4,0.0,
594486406,4,0.0,
594486406,4,0.0,
2697642734,4,3.650966566091495e-07,O
2697642734,4,1.2931936892042993e-06,O
2697642734,4,1.7947933217826728e-06,O
2697642734,4,2.5666194530585794e-06,O
2697642734,4,1.3244465487266283e-06,O
3345225135,4,3.0246224776465935e-06,N
3345225135,4,2.9929663570827346e-06,N
3345225135,4,4.141707569064578e-06,N
3345225135,4,6.640438564526523e-06,N
3345225135,4,4.511758323593384e-06,N
1348783936,4,1.2508499839733456e-06,C
1348783936,4,8.016217612550388e-07,C
1348783936,4,2.4498421686662553e-06,C
1348783936,4,8.016217612550388e-07,C
1348783936,4,1.7513280969705218e-06,C
3848368466,4,5.116188555292361e-07,C
3848368466,4,5.116188555292361e-07,C
3848368466,4,4.799059721742951e-07,C
3848368466,4,2.612398443012018e-07,C
3848368466,4,2.612398443012018e-07,C
4130182993,4,-1.2546593288254894e-06,C
4130182993,4,-1.9557684625809944e-06,C
4130182993,4,1.6679553232232074e-07,C
4130182993,4,-1.2546593288254894e-06,C
4130182993,4,-8.414470939618023e-08,C
994637429,4,-1.141936495056492e-06,N
994637429,4,5.116188555292361e-07,N
994637429,4,5.116188555292361e-07,N
994637429,4,-4.397984876528156e-07,N
994637429,4,5.116188555292361e-07,N
1868697328,4,0.0,
1868697328,4,0.0,
1868697328,4,0.0,
1868697328,4,0.0,
1868697328,4,0.0,
485458970,4,0.0,F
485458970,4,0.0,F
485458970,4,-7.01383430823637e-07,F
485458970,4,0.0,F
485458970,4,-4.397984876528156e-07,F
1971534293,4,1.3994762628353943e-06,O
1971534293,4,2.5242011274404993e-06,O
1971534293,4,7.002856933005768e-07,O
1971534293,4,1.3994762628353943e-06,O
1971534293,4,7.002856933005768e-07,O
2667063169,4,0.0,O
2667063169,4,0.0,O
2667063169,4,0.0,O
2667063169,4,0.0,O
2667063169,4,0.0,O
831463242,4,1.4411571793585334e-06,N
831463242,4,7.423103455654091e-07,N
831463242,4,2.9704283497752806e-06,N
831463242,4,1.1806054872056607e-06,N
831463242,4,1.1806054872056607e-06,N
473978627,4,1.5538928901611716e-07,C
473978627,4,0.0,C
473978627,4,0.0,C
473978627,4,-5.45719844739171e-07,C
473978627,4,5.94161565324082e-07,C
2251883808,4,-1.2217333033564615e-05,C
2251883808,4,-8.143845050580245e-08,C
2251883808,4,-8.608917567653812e-06,C
2251883808,4,-1.0016459247386925e-05,C
2251883808,4,-3.4195387612736064e-06,C
2959332130,4,4.3904584899959187e-07,C
2959332130,4,4.3904584899959187e-07,C
2959332130,4,4.3904584899959187e-07,C
2959332130,4,0.0,C
2959332130,4,0.0,C
256204769,4,2.5037901122846803e-07,C
256204769,4,1.105780420853535e-06,C
256204769,4,1.5438027116290547e-06,C
256204769,4,1.3889598461690796e-06,C
256204769,4,1.105780420853535e-06,C
2194376677,4,2.6251304039643427e-06,C
2194376677,4,8.322958374232248e-08,C
2194376677,4,-2.428342806959534e-06,C
2194376677,4,7.690268249808951e-07,C
2194376677,4,-1.0877445316211272e-06,C
800085213,4,-1.1067602329452395e-06,C
800085213,4,-1.6184442778847691e-06,C
800085213,4,3.7305015500310734e-08,C
800085213,4,-2.0609955459034365e-06,C
800085213,4,2.127146304102068e-06,C
3705139132,4,2.5037901122846803e-07,C
3705139132,4,2.5037901122846803e-07,C
3705139132,4,0.0,C
3705139132,4,0.0,C
3705139132,4,0.0,C
2834566420,4,0.0,C
2834566420,4,-2.5065939085987254e-07,C
2834566420,4,2.612398443012018e-07,C
2834566420,4,-1.6114666615465317e-06,C
2834566420,4,-7.311151096608612e-07,C
3341916169,4,-5.45719844739171e-07,C
3341916169,4,-5.45719844739171e-07,C
3341916169,4,-2.6158494317082143e-07,C
3341916169,4,-1.0619565415448742e-07,C
3341916169,4,-9.63314157131391e-07,C
1186654798,4,2.1866612787352704e-07,C
1186654798,4,2.1866612787352704e-07,C
1186654798,4,2.1866612787352704e-07,C
1186654798,4,2.1866612787352704e-07,C
1186654798,4,2.1866612787352704e-07,C
215394313,4,1.264040645155163e-06,C
215394313,4,1.264040645155163e-06,C
215394313,4,1.264040645155163e-06,C
215394313,4,6.300254178906103e-08,C
215394313,4,1.264040645155163e-06,C
816543468,4,0.0,
816543468,4,0.0,
816543468,4,0.0,
816543468,4,0.0,
816543468,4,0.0,
3796970912,4,2.087401633031963e-06,C
3796970912,4,1.3889598461690796e-06,C
3796970912,4,9.506647045290448e-07,C
3796970912,4,2.087401633031963e-06,C
3796970912,4,1.3889598461690796e-06,C
3028039221,4,0.0,N
3028039221,4,0.0,N
3028039221,4,0.0,N
3028039221,4,0.0,N
3028039221,4,0.0,N
2261212172,4,0.0,
2261212172,4,0.0,
2261212172,4,0.0,
2261212172,4,0.0,
2261212172,4,0.0,
4182960975,4,0.0,C
4182960975,4,-4.397984876528156e-07,C
4182960975,4,-4.397984876528156e-07,C
4182960975,4,0.0,C
4182960975,4,0.0,C
2438720939,4,0.0,
2438720939,4,0.0,
2438720939,4,0.0,
2438720939,4,0.0,
2438720939,4,0.0,
1033192140,4,0.0,
1033192140,4,0.0,
1033192140,4,0.0,
1033192140,4,0.0,
1033192140,4,0.0,
1630528126,4,-5.12244334030694e-07,C
1630528126,4,1.6076259740423898e-06,C
1630528126,4,0.0,C
1630528126,4,2.0925191885866334e-06,C
1630528126,4,2.6038581346565434e-06,C
3974650111,4,-2.1887077562973353e-07,C
3974650111,4,5.116188555292361e-07,C
3974650111,4,5.116188555292361e-07,C
3974650111,4,5.116188555292361e-07,C
3974650111,4,5.116188555292361e-07,C
1910766508,4,-6.148941499913713e-07,C
1910766508,4,1.0028620377182818e-06,C
1910766508,4,-8.040274199296905e-07,C
1910766508,4,3.664716861113016e-07,C
1910766508,4,3.012685463609204e-06,C
4081537576,4,-2.7809047236219443e-06,C
4081537576,4,-4.469663088770091e-06,C
4081537576,4,-4.397984876528156e-07,C
4081537576,4,-2.841349015683496e-07,C
4081537576,4,0.0,C
1255595680,4,1.6390589479382215e-06,C
1255595680,4,1.4839432316137314e-06,C
1255595680,4,1.2007638062979699e-06,C
1255595680,4,9.506647045290448e-07,C
1255595680,4,2.3588340674284523e-06,C
1630260676,4,0.0,C
1630260676,4,0.0,C
1630260676,4,0.0,C
1630260676,4,2.1866612787352704e-07,C
1630260676,4,0.0,C
3129492592,4,0.0,C
3129492592,4,0.0,C
3129492592,4,0.0,C
3129492592,4,0.0,C
3129492592,4,0.0,C
781912670,4,-2.1887077562973353e-07,C
781912670,4,-4.273660330019781e-07,C
781912670,4,-2.1887077562973353e-07,C
781912670,4,-2.1887077562973353e-07,C
781912670,4,-9.501908204735676e-07,C
2487927669,4,1.0321838560998185e-06,C
2487927669,4,1.031659303013955e-07,C
2487927669,4,3.767991919880441e-06,C
2487927669,4,1.3148873496083777e-06,C
2487927669,4,1.9385032225963453e-06,C
3787488754,4,0.0,C
3787488754,4,0.0,C
3787488754,4,0.0,C
3787488754,4,0.0,C
3787488754,4,1.5538928901611716e-07,C
2308348490,4,-2.8293374809413956e-06,C
2308348490,4,-1.9205541488343317e-06,C
2308348490,4,-4.238163638484865e-06,C
2308348490,4,0.00014604560868728984,C
2308348490,4,-3.540802633262381e-06,C
2333272823,4,0.0,C
2333272823,4,0.0,C
2333272823,4,2.8365655998325787e-07,C
2333272823,4,4.3904584899959187e-07,C
2333272823,4,4.3904584899959187e-07,C
2812398603,4,-1.6717768360167019e-06,C
2812398603,4,-9.579865777589389e-07,C
2812398603,4,1.6926522558983505e-06,C
2812398603,4,9.672226359993315e-06,C
2812398603,4,-9.824452958403932e-06,C
2999514534,4,-5.12244334030694e-07,C
2999514534,4,2.2315928161907757e-06,C
2999514534,4,2.0129266883176823e-06,C
2999514534,4,2.369630393554093e-06,C
2999514534,4,3.316607143695298e-06,C
3222770065,4,1.8685308574022293e-06,C
3222770065,4,1.8685308574022293e-06,C
3222770065,4,2.3375007348011047e-06,C
3222770065,4,1.8685308574022293e-06,C
3222770065,4,1.1806054872056607e-06,C
3491109101,4,-7.01383430823637e-07,C
3491109101,4,-1.141936495056492e-06,C
3491109101,4,-1.403867221364246e-06,C
3491109101,4,-1.8733973878542858e-06,C
3491109101,4,-7.01383430823637e-07,C
1255626466,4,7.002856933005768e-07,N
1255626466,4,0.0,N
1255626466,4,0.0,N
1255626466,4,0.0,N
1255626466,4,7.002856933005768e-07,N
3289231689,4,-4.827173029503268e-07,C
3289231689,4,-1.1709135973136768e-06,C
3289231689,4,-2.6158494317082143e-07,C
3289231689,4,-1.2139735479914805e-06,C
3289231689,4,0.0,C
3745584548,4,1.5538928901611716e-07,C
3745584548,4,-5.45719844739171e-07,C
3745584548,4,-5.45719844739171e-07,C
3745584548,4,-5.45719844739171e-07,C
3745584548,4,-7.01383430823637e-07,C
1914229733,4,0.0,C
1914229733,4,0.0,C
1914229733,4,0.0,C
1914229733,4,0.0,C
1914229733,4,0.0,C
216545222,4,-1.141936495056492e-06,N
216545222,4,-4.1130641278454283e-07,N
216545222,4,1.1693308324021382e-06,N
216545222,4,-1.141936495056492e-06,N
216545222,4,-4.1130641278454283e-07,N
2331740049,4,-8.303342988844227e-07,N
2331740049,4,-1.0152500112292108e-06,N
2331740049,4,-8.303342988844227e-07,N
2331740049,4,-1.74062327326272e-06,N
2331740049,4,-5.45719844739171e-07,N
2355446912,4,1.1693308324021382e-06,C
2355446912,4,1.1693308324021382e-06,C
2355446912,4,1.1693308324021382e-06,C
2355446912,4,1.1693308324021382e-06,C
2355446912,4,4.690451391015614e-07,C
859799282,4,0.0,C
859799282,4,4.3904584899959187e-07,C
859799282,4,4.3904584899959187e-07,C
859799282,4,4.3904584899959187e-07,C
859799282,4,0.0,C
3811375594,4,2.045172333010707e-06,C
3811375594,4,2.4919251361723953e-06,C
3811375594,4,1.2825628673282866e-06,C
3811375594,4,1.2825628673282866e-06,C
3811375594,4,2.1997430668971134e-06,C
144568923,4,-4.80455718800555e-07,C
144568923,4,-4.80455718800555e-07,C
144568923,4,4.814149176708433e-07,C
144568923,4,0.0,C
144568923,4,0.0,C
2557045420,4,0.0,N
2557045420,4,0.0,N
2557045420,4,5.116188555292361e-07,N
2557045420,4,5.116188555292361e-07,N
2557045420,4,0.0,N
4265716399,4,-6.904578785131218e-07,N
4265716399,4,-4.397984876528156e-07,N
4265716399,4,-7.01383430823637e-07,N
4265716399,4,-7.01383430823637e-07,N
4265716399,4,-6.904578785131218e-07,N
778974661,4,0.0,C
778974661,4,0.0,C
778974661,4,0.0,C
778974661,4,0.0,C
778974661,4,0.0,C
3914061263,4,-1.349881718376144e-06,C
3914061263,4,-4.397984876528156e-07,C
3914061263,4,-4.6953016649003976e-07,C
3914061263,4,0.0,C
3914061263,4,-9.093286541428554e-07,C
3330819572,4,-2.935782061576006e-07,C
3330819572,4,-3.568550450145768e-07,C
3330819572,4,-3.568550450145768e-07,C
3330819572,4,-1.381889171412666e-07,C
3330819572,4,-1.381889171412666e-07,C
1674219510,4,5.023226878567849e-07,C
1674219510,4,2.1866612787352704e-07,C
1674219510,4,0.0,C
1674219510,4,0.0,C
1674219510,4,0.0,C
2170404731,4,-9.202542064535874e-07,C
2170404731,4,-1.403867221364246e-06,C
2170404731,4,3.150823559830082e-08,C
2170404731,4,-7.01383430823637e-07,C
2170404731,4,2.5037901122846803e-07,C
3116051204,4,5.116188555292361e-07,C
3116051204,4,5.116188555292361e-07,C
3116051204,4,5.116188555292361e-07,C
3116051204,4,5.116188555292361e-07,C
3116051204,4,0.0,C
493191496,4,-3.375589034031526e-08,C
493191496,4,-4.397984876528156e-07,C
493191496,4,-9.093286541428554e-07,C
493191496,4,-4.397984876528156e-07,C
493191496,4,-4.397984876528156e-07,C
851463431,4,-7.963792355994773e-07,C
851463431,4,-1.4270317168605003e-06,C
851463431,4,-1.0364522558606315e-06,C
851463431,4,4.3904584899959187e-07,C
851463431,4,-8.803515518861042e-07,C
2839110432,4,0.0,C
2839110432,4,0.0,C
2839110432,4,0.0,C
2839110432,4,0.0,C
2839110432,4,0.0,C
1913726790,4,2.229870726497057e-06,C
1913726790,4,2.73034883949445e-06,C
1913726790,4,2.229870726497057e-06,C
1913726790,4,1.3881913151281896e-06,C
1913726790,4,4.800041900391693e-06,C
512485612,4,0.0,
512485612,4,0.0,
512485612,4,0.0,
512485612,4,0.0,
512485612,4,0.0,
3631761933,4,2.326390623213874e-06,C
3631761933,4,1.5329847387777693e-06,C
3631761933,4,2.2629091366002576e-06,C
3631761933,4,1.857979158415013e-06,C
3631761933,4,8.97898684910697e-07,C
3254486562,4,1.4302262602969209e-06,C
3254486562,4,1.8685214019369557e-06,C
3254486562,4,1.4302262602969209e-06,C
3254486562,4,1.8685214019369557e-06,C
3254486562,4,7.002856933005768e-07,C
1163048604,4,2.087401633031963e-06,C
1163048604,4,1.6390589479382215e-06,C
1163048604,4,4.705540845978927e-07,C
1163048604,4,1.410423495376437e-06,C
1163048604,4,2.5980524269541942e-06,C
265892994,4,-4.0632297694433855e-07,O
265892994,4,-6.904578785131218e-07,O
265892994,4,-2.5065939085987254e-07,O
265892994,4,-1.1079814317715465e-06,O
265892994,4,-4.0632297694433855e-07,O
2328129879,4,0.0,O
2328129879,4,1.8685214019369557e-06,O
2328129879,4,1.6907779524497936e-06,O
2328129879,4,1.8685214019369557e-06,O
2328129879,4,1.6907779524497936e-06,O
3048383039,4,-8.803515518861042e-07,C
3048383039,4,-4.397984876528156e-07,C
3048383039,4,-4.397984876528156e-07,C
3048383039,4,-8.803515518861042e-07,C
3048383039,4,9.506647045290448e-07,C
1222631225,4,-0.00011953371632794684,C
1222631225,4,-4.397984876528156e-07,C
1222631225,4,-0.00011937832703893072,C
1222631225,4,4.814149176708433e-07,C
1222631225,4,-2.5317735580299757e-06,C
1272192549,4,-7.413710078980808e-07,C
1272192549,4,8.057918321792423e-07,C
1272192549,4,-9.413981202311891e-07,C
1272192549,4,2.5037901122846803e-07,C
1272192549,4,5.668359852992362e-07,C
222023415,4,-0.0004976921517558484,N
222023415,4,-4.888869537578362e-05,N
222023415,4,-0.00010723568667554413,N
222023415,4,8.33193216536951e-07,N
222023415,4,-0.00012303435457128092,N
617798156,4,0.0,O
617798156,4,0.0,O
617798156,4,0.0,O
617798156,4,0.0,O
617798156,4,0.0,O
190140222,4,1.105780420853535e-06,N
190140222,4,1.105780420853535e-06,N
190140222,4,-9.859978849686719e-07,N
190140222,4,6.670081445455701e-07,N
190140222,4,1.105780420853535e-06,N
4180801603,4,0.0,C
4180801603,4,-1.8941947642478127e-07,C
4180801603,4,0.0,C
4180801603,4,2.5037901122846803e-07,C
4180801603,4,1.5538928901611716e-07,C
3984860707,4,0.0,S
3984860707,4,0.0,S
3984860707,4,0.0,S
3984860707,4,0.0,S
3984860707,4,0.0,S
3462308225,4,3.79474930771841e-06,C
3462308225,4,6.515189417792555e-06,C
3462308225,4,3.023213528433868e-06,C
3462308225,4,5.352620164469392e-06,C
3462308225,4,3.1998644595076196e-06,C
2355616982,4,2.18837032614971e-06,C
2355616982,4,-4.662612134876537e-07,C
2355616982,4,8.028396696535198e-08,C
2355616982,4,-2.3229262722111906e-06,C
2355616982,4,-1.698151348037899e-07,C
4042373501,4,2.5450910962118017e-06,C
4042373501,4,2.5775001953019794e-06,C
4042373501,4,3.056857390202651e-06,C
4042373501,4,-2.398591094948839e-07,C
4042373501,4,1.5044419931758285e-06,C
736514702,4,-2.311754032628937e-06,O
736514702,4,-3.0040038597491363e-06,O
736514702,4,-3.485767500886099e-06,O
736514702,4,-1.1694717544350787e-06,O
736514702,4,-3.93951966965074e-06,O
65941455,4,1.0321838560998185e-06,C
65941455,4,2.4176050186228756e-06,C
65941455,4,1.2825628673282866e-06,C
65941455,4,3.364383389136902e-06,C
65941455,4,1.7622061633938528e-06,C
2411289135,4,0.0,
2411289135,4,0.0,
2411289135,4,0.0,
2411289135,4,0.0,
2411289135,4,0.0,
661888323,4,0.0,C
661888323,4,0.0,C
661888323,4,0.0,C
661888323,4,0.0,C
661888323,4,0.0,C
1909986973,4,-1.561447064639355e-05,C
1909986973,4,-4.8088165157560755e-06,C
1909986973,4,-2.788844497196661e-06,C
1909986973,4,-1.0458489635095788e-05,C
1909986973,4,-1.3524543872160417e-05,C
984189120,4,0.0,
984189120,4,0.0,
984189120,4,0.0,
984189120,4,0.0,
984189120,4,0.0,
237615532,4,-1.858736065067819e-07,C
237615532,4,-6.558895590379893e-07,C
237615532,4,-4.3681384822484917e-07,C
237615532,4,-9.395461190212472e-07,C
237615532,4,-4.6953016649003976e-07,C
3598064087,4,-0.00016410078784057222,C
3598064087,4,-2.0527762469488807e-06,C
3598064087,4,-0.00016315179248547898,C
3598064087,4,-1.8733973878542858e-06,C
3598064087,4,-2.3467764393447516e-06,C
1795978025,4,-1.5006656848334105e-07,C
1795978025,4,-4.397984876528156e-07,C
1795978025,4,-1.6459024924906675e-06,C
1795978025,4,7.302849834027632e-07,C
1795978025,4,-4.397984876528156e-07,C
2235918822,4,0.0,
2235918822,4,0.0,
2235918822,4,0.0,
2235918822,4,0.0,
2235918822,4,0.0,
1876820278,4,-0.00011868245668226877,C
1876820278,4,-0.00011601673426989666,C
1876820278,4,-0.0001167031449679553,C
1876820278,4,-0.00011368909226090133,C
1876820278,4,-0.0001194021612122302,C
698395004,4,0.0,C
698395004,4,-2.6158494317082143e-07,C
698395004,4,-2.6158494317082143e-07,C
698395004,4,0.0,C
698395004,4,-4.6953016649003976e-07,C
1207774339,4,-2.1887077562973353e-07,C
1207774339,4,1.3994762628353943e-06,C
1207774339,4,-1.1284043649559955e-06,C
1207774339,4,9.926893567936603e-07,C
1207774339,4,-2.924726011750353e-07,C
431202968,4,-8.076505710469251e-07,O
431202968,4,-1.291539678925516e-06,O
431202968,4,-5.235156694785754e-07,O
431202968,4,-7.963792355994773e-07,O
431202968,4,-8.076505710469251e-07,O
833901780,4,-5.957370977408526e-07,N
833901780,4,-5.957370977408526e-07,N
833901780,4,-5.957370977408526e-07,N
833901780,4,-5.957370977408526e-07,N
833901780,4,-5.957370977408526e-07,N
1821698485,4,2.2748395396088653e-07,C
1821698485,4,6.670081445455701e-07,C
1821698485,4,2.4167894801202603e-06,C
1821698485,4,2.982004433950934e-07,C
1821698485,4,6.670081445455701e-07,C
1906719888,4,4.3904584899959187e-07,C
1906719888,4,0.0,C
1906719888,4,4.3904584899959187e-07,C
1906719888,4,0.0,C
1906719888,4,0.0,C
2809361097,4,1.5538928901611716e-07,C
2809361097,4,1.5538928901611716e-07,C
2809361097,4,1.5538928901611716e-07,C
2809361097,4,1.5538928901611716e-07,C
2809361097,4,-6.348148661361637e-08,C
2036328569,4,3.895045004518628e-06,C
2036328569,4,5.4591651268542235e-08,C
2036328569,4,5.478756672714453e-06,C
2036328569,4,2.1172353921019085e-06,C
2036328569,4,3.273988108360576e-06,C
2512623809,4,2.5037901122846803e-07,C
2512623809,4,2.5037901122846803e-07,C
2512623809,4,0.0,C
2512623809,4,2.5037901122846803e-07,C
2512623809,4,2.5037901122846803e-07,C
2817106133,4,0.0,
2817106133,4,0.0,
2817106133,4,0.0,
2817106133,4,0.0,
2817106133,4,0.0,
1754248939,4,-2.731366582501074e-07,C
1754248939,4,1.8265062051376138e-06,C
1754248939,4,2.2633056995457167e-06,C
1754248939,4,-3.467470160011671e-07,C
1754248939,4,2.076605306906322e-06,C
2635303940,4,0.0,C
2635303940,4,5.116188555292361e-07,C
2635303940,4,0.0,C
2635303940,4,0.0,C
2635303940,4,5.116188555292361e-07,C
1396348621,4,0.0,C
1396348621,4,5.448964042844597e-07,C
1396348621,4,1.3889598461690796e-06,C
1396348621,4,1.2021312464896485e-06,C
1396348621,4,5.116188555292361e-07,C
2479916646,4,1.1798472490686697e-06,C
2479916646,4,4.799059721742951e-07,C
2479916646,4,1.3983090160747755e-06,C
2479916646,4,1.3983090160747755e-06,C
2479916646,4,4.799059721742951e-07,C
4282315164,4,3.464492535949857e-06,N
4282315164,4,-3.270537168660777e-07,N
4282315164,4,6.720842368596958e-06,N
4282315164,4,5.8955836588743885e-06,N
4282315164,4,4.605495371868933e-06,N
2486266314,4,0.0,C
2486266314,4,0.0,C
2486266314,4,-4.397984876528156e-07,C
2486266314,4,-4.397984876528156e-07,C
2486266314,4,0.0,C
1019269664,4,0.0,N
1019269664,4,-4.397984876528156e-07,N
1019269664,4,0.0,N
1019269664,4,0.0,N
1019269664,4,-4.397984876528156e-07,N
3118635600,4,0.0,C
3118635600,4,0.0,C
3118635600,4,0.0,C
3118635600,4,0.0,C
3118635600,4,0.0,C
3218370331,4,0.0,
3218370331,4,0.0,
3218370331,4,0.0,
3218370331,4,0.0,
3218370331,4,0.0,
3044392905,4,4.754486285695782e-06,N
3044392905,4,5.341001708481299e-06,N
3044392905,4,4.0588678401527484e-06,N
3044392905,4,3.1915407030255836e-06,N
3044392905,4,4.494277650412062e-06,N
4194776273,4,4.358208266969088e-06,O
4194776273,4,8.210039729387346e-06,O
4194776273,4,1.1710483284224985e-05,O
4194776273,4,1.0697503945724827e-05,O
4194776273,4,1.2033117369661134e-05,O
263215426,4,-5.12244334030694e-07,C
263215426,4,-7.31984850311021e-08,C
263215426,4,-7.31984850311021e-08,C
263215426,4,-2.6158494317082143e-07,C
263215426,4,-5.12244334030694e-07,C
2753863138,4,0.0,C
2753863138,4,0.0,C
2753863138,4,0.0,C
2753863138,4,0.0,C
2753863138,4,7.302849834027632e-07,C
2699298541,4,0.0,C
2699298541,4,0.0,C
2699298541,4,-5.12244334030694e-07,C
2699298541,4,-2.6158494317082143e-07,C
2699298541,4,-5.12244334030694e-07,C
3308404410,4,4.3644405673570925e-06,C
3308404410,4,1.4491239907032764e-06,C
3308404410,4,1.4548365946092517e-06,C
3308404410,4,3.99072692626695e-06,C
3308404410,4,4.939242530842009e-06,C
1446633534,4,-7.963792355994773e-07,C
1446633534,4,-7.963792355994773e-07,C
1446633534,4,-7.963792355994773e-07,C
1446633534,4,-7.963792355994773e-07,C
1446633534,4,-7.963792355994773e-07,C
2756489526,4,0.0,C
2756489526,4,-2.5065939085987254e-07,C
2756489526,4,-2.5065939085987254e-07,C
2756489526,4,2.942370134245871e-07,C
2756489526,4,0.0,C
913310822,4,1.2180495698858353e-06,C
913310822,4,7.060856154869795e-07,C
913310822,4,-1.4590249798472794e-06,C
913310822,4,-1.7166442784974367e-07,C
913310822,4,-5.889844431738317e-07,C
3561946030,4,-2.0975763213432457e-06,N
3561946030,4,-3.0084121792031855e-06,N
3561946030,4,-2.526569204117741e-06,N
3561946030,4,-3.5052934434368684e-06,N
3561946030,4,3.961270337022975e-07,N
3292836938,4,0.0,
3292836938,4,0.0,
3292836938,4,0.0,
3292836938,4,0.0,
3292836938,4,0.0,
3194612514,4,5.3729795693026414e-06,O
3194612514,4,5.967238248066192e-06,O
3194612514,4,1.867294656938143e-05,O
3194612514,4,8.452263486437902e-06,O
3194612514,4,3.3282254276439244e-07,O
1822332700,4,-3.183703444855669e-07,C
1822332700,4,-3.534417694987888e-06,C
1822332700,4,-1.7174587777664656e-06,C
1822332700,4,-2.1307540154207744e-06,C
1822332700,4,-1.43858343194022e-06,C
2215059400,4,-1.1821849327613414e-06,O
2215059400,4,-1.1821849327613414e-06,O
2215059400,4,-1.1821849327613414e-06,O
2215059400,4,-1.1821849327613414e-06,O
2215059400,4,3.018957116156327e-07,O
773709216,4,5.030724170268508e-06,C
773709216,4,3.542846231139457e-06,C
773709216,4,4.9972019801392854e-06,C
773709216,4,4.925498938323407e-06,C
773709216,4,3.398616892709601e-06,C
2530377886,4,-0.00011365009616338376,N
2530377886,4,-0.001942617074693616,N
2530377886,4,8.742488812319782e-06,N
2530377886,4,-1.2929396319351534e-06,N
2530377886,4,-0.0004857208644331594,N
2850656190,4,2.112619887316468e-06,C
2850656190,4,-1.810392528952794e-06,C
2850656190,4,1.3442582365787333e-06,C
2850656190,4,4.9266197565717325e-06,C
2850656190,4,1.5979414249656446e-06,C
1376881293,4,9.506647045290448e-07,C
1376881293,4,0.0,C
1376881293,4,9.506647045290448e-07,C
1376881293,4,9.506647045290448e-07,C
1376881293,4,0.0,C
1214060489,4,-5.235156694785754e-07,C
1214060489,4,0.0,C
1214060489,4,0.0,C
1214060489,4,-1.5887829337094678e-06,C
1214060489,4,2.5037901122846803e-07,C
4203454020,4,-5.392543068124655e-06,C
4203454020,4,5.686534717488142e-06,C
4203454020,4,9.390865142421424e-06,C
4203454020,4,6.398544852411793e-06,C
4203454020,4,1.3448361890467352e-06,C
3034212252,4,3.6951722300782464e-06,C
3034212252,4,5.474931159185452e-06,C
3034212252,4,2.311264308679393e-06,C
3034212252,4,4.641401171441226e-06,C
3034212252,4,2.572504152980595e-06,C
3044751281,4,7.002856933005768e-07,N
3044751281,4,0.0,N
3044751281,4,7.002856933005768e-07,N
3044751281,4,-7.01383430823637e-07,N
3044751281,4,0.0,N
1292826808,4,-1.55663586084466e-07,C
1292826808,4,0.0,C
1292826808,4,0.0,C
1292826808,4,0.0,C
1292826808,4,-7.01383430823637e-07,C
950023157,4,2.118629959171371e-06,C
950023157,4,5.0657769080746096e-06,C
950023157,4,2.2087457108568506e-06,C
950023157,4,2.4207147032693794e-06,C
950023157,4,4.1777119205292125e-06,C
1187730664,4,-1.1694717544350787e-06,C
1187730664,4,-1.8756747521440562e-07,C
1187730664,4,3.150823559830082e-08,C
1187730664,4,-4.797665145753974e-07,C
1187730664,4,4.705540845978927e-07,C
4039837947,4,0.0,
4039837947,4,0.0,
4039837947,4,0.0,
4039837947,4,0.0,
4039837947,4,0.0,
773607102,4,-6.904578785131218e-07,C
773607102,4,-2.5065939085987254e-07,C
773607102,4,-2.5065939085987254e-07,C
773607102,4,-2.5065939085987254e-07,C
773607102,4,0.0,C
2246997334,4,-1.2641957953698872e-06,C
2246997334,4,-1.4667993869063763e-06,C
2246997334,4,-2.104090903329737e-06,C
2246997334,4,-2.635685209871662e-06,C
2246997334,4,-1.7855864335183068e-07,C
714711401,4,-3.674033251836132e-07,C
714711401,4,1.0204822439810902e-06,C
714711401,4,-1.0561617935461558e-06,C
714711401,4,1.0204822439810902e-06,C
714711401,4,-5.860694530571402e-07,C
1710869618,4,4.3904584899959187e-07,C
1710869618,4,4.3904584899959187e-07,C
1710869618,4,4.3904584899959187e-07,C
1710869618,4,4.3904584899959187e-07,C
1710869618,4,-7.31984850311021e-08,C
2549196227,4,4.785042746704429e-05,C
2549196227,4,-3.9660089990564e-05,C
2549196227,4,4.3904584899959187e-07,C
2549196227,4,-3.9350404259643834e-05,C
2549196227,4,-4.068497442096344e-05,C
2856245513,4,-9.520428216837264e-07,C
2856245513,4,0.0,C
2856245513,4,8.773409906398435e-07,C
2856245513,4,8.773409906398435e-07,C
2856245513,4,-5.12244334030694e-07,C
1999077141,4,0.0,
1999077141,4,0.0,
1999077141,4,0.0,
1999077141,4,0.0,
1999077141,4,0.0,
817588605,4,0.0,C
817588605,4,-4.397984876528156e-07,C
817588605,4,0.0,C
817588605,4,0.0,C
817588605,4,0.0,C
3430642422,4,2.9304006202021064e-06,C
3430642422,4,-1.2969633380347997e-06,C
3430642422,4,-1.2969633380347997e-06,C
3430642422,4,9.506647045290448e-07,C
3430642422,4,1.2115601324236107e-06,C
1528304983,4,0.0,N
1528304983,4,-9.520428216837264e-07,N
1528304983,4,-9.520428216837264e-07,N
1528304983,4,0.0,N
1528304983,4,0.0,N
3873941611,4,0.0,C
3873941611,4,0.0,C
3873941611,4,0.0,C
3873941611,4,0.0,C
3873941611,4,0.0,C
2687950697,4,-1.0471436073886814e-07,C
2687950697,4,-6.25537835785648e-08,C
2687950697,4,4.072232867107471e-07,C
2687950697,4,2.534373808365121e-06,C
2687950697,4,-1.0471436073886814e-07,C
109461427,4,2.612398443012018e-07,C
109461427,4,5.221352721955508e-07,C
109461427,4,5.221352721955508e-07,C
109461427,4,2.612398443012018e-07,C
109461427,4,-2.1887077562973353e-07,C
2950679810,4,3.0100291241604536e-07,O
2950679810,4,4.0107484521479525e-08,O
2950679810,4,-4.397984876528156e-07,O
2950679810,4,1.0244579600523357e-06,O
2950679810,4,7.408014000690778e-07,O
2914536168,4,-5.12244334030694e-07,C
2914536168,4,-5.12244334030694e-07,C
2914536168,4,3.299716912338532e-08,C
2914536168,4,-5.12244334030694e-07,C
2914536168,4,4.3904584899959187e-07,C
1530636652,4,-2.841349015683496e-07,C
1530636652,4,-2.841349015683496e-07,C
1530636652,4,-1.55663586084466e-07,C
1530636652,4,-4.397984876528156e-07,C
1530636652,4,-2.841349015683496e-07,C
3043679972,4,0.0,
3043679972,4,0.0,
3043679972,4,0.0,
3043679972,4,0.0,
3043679972,4,0.0,
2529809651,4,2.1866612787352704e-07,C
2529809651,4,2.1866612787352704e-07,C
2529809651,4,2.1866612787352704e-07,C
2529809651,4,2.1866612787352704e-07,C
2529809651,4,0.0,C
1924383628,4,9.611811211953595e-07,C
1924383628,4,4.070525860128127e-07,C
1924383628,4,-1.8921511147039494e-06,C
1924383628,4,4.4962630244070427e-07,C
1924383628,4,2.612398443012018e-07,C
4003049590,4,0.0,C
4003049590,4,-1.4762507435138808e-06,C
4003049590,4,9.408914021886636e-07,C
4003049590,4,9.408914021886636e-07,C
4003049590,4,-4.291881529729438e-08,C
1026654305,4,-1.1583112556655742e-07,S
1026654305,4,1.6803253620660628e-06,S
1026654305,4,1.2443605465109042e-06,S
1026654305,4,2.292465813144226e-07,S
1026654305,4,8.87921444080739e-07,S
1542631284,4,4.3904584899959187e-07,O
1542631284,4,4.3904584899959187e-07,O
1542631284,4,0.0,O
1542631284,4,0.0,O
1542631284,4,0.0,O
1349670121,4,0.0,C
1349670121,4,0.0,C
1349670121,4,0.0,C
1349670121,4,0.0,C
1349670121,4,0.0,C
895118200,4,-2.6158494317082143e-07,N
895118200,4,-2.6158494317082143e-07,N
895118200,4,5.116188555292361e-07,N
895118200,4,2.5037901122846803e-07,N
895118200,4,0.0,N
269171368,4,-5.12244334030694e-07,C
269171368,4,-5.12244334030694e-07,C
269171368,4,-5.12244334030694e-07,C
269171368,4,0.0,C
269171368,4,-5.12244334030694e-07,C
1583930800,4,0.0,C
1583930800,4,-1.8733973878542858e-06,C
1583930800,4,-1.1709135973136768e-06,C
1583930800,4,-1.1709135973136768e-06,C
1583930800,4,0.0,C
738150152,4,2.0909001379086026e-06,O
738150152,4,6.718551600746808e-06,O
738150152,4,-1.084128572882313e-06,O
738150152,4,4.887532902793368e-06,O
738150152,4,-1.1651782070264127e-06,O
1168541985,4,4.3904584899959187e-07,C
1168541985,4,4.3904584899959187e-07,C
1168541985,4,2.8365655998325787e-07,C
1168541985,4,4.3904584899959187e-07,C
1168541985,4,4.3904584899959187e-07,C
2747850234,4,8.87921444080739e-07,C
2747850234,4,2.2738221162120313e-06,C
2747850234,4,1.8370226218039284e-06,C
2747850234,4,1.8370226218039284e-06,C
2747850234,4,8.87921444080739e-07,C
3134313966,4,5.116188555292361e-07,O
3134313966,4,0.0,O
3134313966,4,-7.01383430823637e-07,O
3134313966,4,0.0,O
3134313966,4,0.0,O
1503972698,4,0.0,C
1503972698,4,0.0,C
1503972698,4,0.0,C
1503972698,4,0.0,C
1503972698,4,0.0,C
892756502,4,1.0226133851931607e-06,C
892756502,4,-4.397984876528156e-07,C
892756502,4,1.3167225355603662e-06,C
892756502,4,-7.631845757487613e-07,C
892756502,4,-7.01383430823637e-07,C
3136829774,4,0.0,N
3136829774,4,0.0,N
3136829774,4,0.0,N
3136829774,4,0.0,N
3136829774,4,0.0,N
3143719699,4,4.352435125304713e-06,C
3143719699,4,5.3795712621524e-06,C
3143719699,4,5.562545622978627e-06,C
3143719699,4,3.4641793406737197e-06,C
3143719699,4,4.0316351289494765e-06,C
1360035982,4,0.0,N
1360035982,4,0.0,N
1360035982,4,0.0,N
1360035982,4,0.0,N
1360035982,4,0.0,N
908339072,4,-4.961142851208668e-07,C
908339072,4,-6.552683988084e-07,C
908339072,4,-2.634764161095135e-06,C
908339072,4,-4.018822708025567e-07,C
908339072,4,-3.4507574573369813e-06,C
974827889,4,2.213606755143349e-06,C
974827889,4,-2.1887077562973353e-07,C
974827889,4,2.847872088386147e-06,C
974827889,4,8.869096452233678e-07,C
974827889,4,1.7136879919422542e-06,C
1343371647,4,-3.383559053119368e-06,N
1343371647,4,-3.897057813500833e-06,N
1343371647,4,-7.311151096608612e-07,N
1343371647,4,-3.1537741808577557e-06,N
1343371647,4,-5.455765718849785e-06,N
2669055056,4,-8.803515518861042e-07,N
2669055056,4,-4.397984876528156e-07,N
2669055056,4,-4.397984876528156e-07,N
2669055056,4,-8.803515518861042e-07,N
2669055056,4,-8.803515518861042e-07,N
2341585586,4,0.0,N
2341585586,4,0.0,N
2341585586,4,0.0,N
2341585586,4,0.0,N
2341585586,4,0.0,N
934540015,4,0.0,C
934540015,4,-2.6158494317082143e-07,C
934540015,4,-2.6158494317082143e-07,C
934540015,4,-2.6158494317082143e-07,C
934540015,4,4.3904584899959187e-07,C
3794207567,4,-8.417551651139412e-07,C
3794207567,4,-4.004455797118091e-07,C
3794207567,4,4.0107484521479525e-08,C
3794207567,4,4.799059721742951e-07,C
3794207567,4,4.0107484521479525e-08,C
3278587996,4,-4.795280157655034e-07,C
3278587996,4,-2.285877740474361e-07,C
3278587996,4,-2.5065939085987254e-07,C
3278587996,4,3.299716912338532e-08,C
3278587996,4,2.213606755143349e-06,C
4223108416,4,0.0,C
4223108416,4,0.0,C
4223108416,4,0.0,C
4223108416,4,0.0,C
4223108416,4,0.0,C
1131570738,4,-4.397984876528156e-07,N
1131570738,4,0.0,N
1131570738,4,0.0,N
1131570738,4,0.0,N
1131570738,4,0.0,N
2258843522,4,8.984595409775812e-07,C
2258843522,4,1.1693308324021382e-06,C
2258843522,4,2.9929663570827346e-06,C
2258843522,4,6.577119768729021e-07,C
2258843522,4,2.4013239972146567e-06,C
4257302536,4,8.554014096250669e-07,N
4257302536,4,3.435021744639926e-07,N
4257302536,4,4.1662913331731895e-07,N
4257302536,4,5.94161565324082e-07,N
4257302536,4,1.2934237004010203e-06,N
2840370843,4,5.417165929047811e-06,C
2840370843,4,2.8706660777590067e-06,C
2840370843,4,3.7751370166462083e-06,C
2840370843,4,7.779546628997134e-07,C
2840370843,4,1.4955740074810986e-06,C
1420730566,4,1.279929738990087e-07,C
1420730566,4,6.894248602278431e-07,C
1420730566,4,4.3904584899959187e-07,C
1420730566,4,-4.397984876528156e-07,C
1420730566,4,4.3904584899959187e-07,C
434045476,4,0.0,O
434045476,4,0.0,O
434045476,4,0.0,O
434045476,4,0.0,O
434045476,4,0.0,O
894436332,4,2.612398443012018e-07,N
894436332,4,0.0,N
894436332,4,-7.01383430823637e-07,N
894436332,4,0.0,N
894436332,4,0.0,N
3117292559,4,9.834651186163383e-07,C
3117292559,4,1.8838645813950249e-07,C
3117292559,4,1.1385808349408284e-06,C
3117292559,4,9.834651186163383e-07,C
3117292559,4,1.1385808349408284e-06,C
1923187777,4,-7.85792865000759e-07,N
1923187777,4,-1.9577458717746302e-06,N
1923187777,4,3.3058751129745947e-06,N
1923187777,4,-9.752123414255402e-07,N
1923187777,4,-1.2553230314907987e-06,N
2530048747,4,2.076605306906322e-06,N
2530048747,4,2.076605306906322e-06,N
2530048747,4,2.076605306906322e-06,N
2530048747,4,4.3904584899959187e-07,N
2530048747,4,2.076605306906322e-06,N
622481563,4,-2.841349015683496e-07,C
622481563,4,-1.3925958859167982e-06,C
622481563,4,1.5538928901611716e-07,C
622481563,4,-1.3925958859167982e-06,C
622481563,4,-7.244129417980673e-07,C
1922070456,4,9.726042855436046e-07,C
1922070456,4,9.726042855436046e-07,C
1922070456,4,9.726042855436046e-07,C
1922070456,4,1.2338441298445895e-06,C
1922070456,4,1.7746090582898728e-07,C
3995043796,4,7.297815104123596e-06,C
3995043796,4,-9.191755568956983e-06,C
3995043796,4,-7.444978913486193e-06,C
3995043796,4,-2.4267582695376884e-06,C
3995043796,4,-8.681124385493191e-06,C
2065735937,4,5.116188555292361e-07,C
2065735937,4,2.5037901122846803e-07,C
2065735937,4,-1.8941947642478127e-07,C
2065735937,4,0.0,C
2065735937,4,2.5037901122846803e-07,C
3308295291,4,0.0,C
3308295291,4,0.0,C
3308295291,4,1.2748369712808037e-06,C
3308295291,4,0.0,C
3308295291,4,2.612398443012018e-07,C
584893129,4,2.3370822707124202e-06,C
584893129,4,-4.291881529729438e-08,C
584893129,4,-1.2575846156403538e-06,C
584893129,4,-6.886058773027462e-07,C
584893129,4,1.387792599408461e-06,C
413654173,4,0.0,C
413654173,4,0.0,C
413654173,4,0.0,C
413654173,4,0.0,C
413654173,4,0.0,C
68671624,4,0.0,
68671624,4,0.0,
68671624,4,0.0,
68671624,4,0.0,
68671624,4,0.0,
2488692798,4,-3.0470001213102425e-06,C
2488692798,4,-5.681808038761988e-06,C
2488692798,4,-3.2381279374438677e-06,C
2488692798,4,-3.6141769408847783e-06,C
2488692798,4,-3.0899690190548407e-06,C
3084241488,4,-1.55663586084466e-07,C
3084241488,4,1.2021312464896485e-06,C
3084241488,4,-2.6158494317082143e-07,C
3084241488,4,-1.2029830634020106e-06,C
3084241488,4,-1.55663586084466e-07,C
4158944142,4,-4.6953016649003976e-07,C
4158944142,4,-7.20470408208107e-07,C
4158944142,4,2.3075552681053706e-07,C
4158944142,4,7.002856933005768e-07,C
4158944142,4,-2.5065939085987254e-07,C
1469940320,4,0.0,C
1469940320,4,0.0,C
1469940320,4,0.0,C
1469940320,4,0.0,C
1469940320,4,0.0,C
662511025,4,2.1186205037060975e-06,N
662511025,4,-4.6953016649003976e-07,N
662511025,4,3.982008112957819e-06,N
662511025,4,0.0,N
662511025,4,2.3162404418301114e-06,N
2908279847,4,1.5538928901611716e-07,C
2908279847,4,-1.0619565415448742e-07,C
2908279847,4,-2.6158494317082143e-07,C
2908279847,4,-1.0619565415448742e-07,C
2908279847,4,-1.0619565415448742e-07,C
68650007,4,-4.6515447749313765e-06,C
68650007,4,8.556567857010387e-07,C
68650007,4,3.8587124313502717e-07,C
68650007,4,-4.046697773776647e-06,C
68650007,4,1.398780974117518e-06,C
3337420400,4,-3.899014275219421e-05,C
3337420400,4,-3.542765364095862e-05,C
3337420400,4,-0.00013011149154011246,C
3337420400,4,-3.411563763421142e-05,C
3337420400,4,-3.1061040798080605e-05,C
1979311206,4,4.606403311447488e-07,O
1979311206,4,4.606403311447488e-07,O
1979311206,4,4.606403311447488e-07,O
1979311206,4,4.606403311447488e-07,O
1979311206,4,4.606403311447488e-07,O
2849741637,4,0.0,C
2849741637,4,0.0,C
2849741637,4,0.0,C
2849741637,4,0.0,C
2849741637,4,0.0,C
1664608228,4,0.0,C
1664608228,4,0.0,C
1664608228,4,0.0,C
1664608228,4,0.0,C
1664608228,4,0.0,C
1121298566,4,-6.035428297702797e-06,C
1121298566,4,-3.457408871405162e-06,C
1121298566,4,-1.1393299172665107e-06,C
1121298566,4,-4.70210055092987e-06,C
1121298566,4,-1.3586108512280218e-06,C
3531344838,4,0.0,S
3531344838,4,-4.397984876528156e-07,S
3531344838,4,0.0,S
3531344838,4,0.0,S
3531344838,4,0.0,S
3273018953,4,3.470649639314774e-06,C
3273018953,4,2.0857461270947647e-06,C
3273018953,4,1.824365311927723e-06,C
3273018953,4,3.470649639314774e-06,C
3273018953,4,3.7199118232502694e-06,C
2034850751,4,0.0,C
2034850751,4,0.0,C
2034850751,4,0.0,C
2034850751,4,0.0,C
2034850751,4,0.0,C
4104822550,4,0.0,C
4104822550,4,0.0,C
4104822550,4,0.0,C
4104822550,4,0.0,C
4104822550,4,0.0,C
1704599822,4,0.0,C
1704599822,4,0.0,C
1704599822,4,0.0,C
1704599822,4,0.0,C
1704599822,4,0.0,C
3019519651,4,-1.0251153020565153e-06,C
3019519651,4,-7.85792865000759e-07,C
3019519651,4,1.2338441298445895e-06,C
3019519651,4,-1.0364522558606315e-06,C
3019519651,4,1.4947395577393722e-06,C
3781885420,4,0.0,N
3781885420,4,-4.397984876528156e-07,N
3781885420,4,-4.397984876528156e-07,N
3781885420,4,-4.397984876528156e-07,N
3781885420,4,-4.397984876528156e-07,N
579898624,4,-2.1887077562973353e-07,C
579898624,4,0.0,C
579898624,4,-1.1709135973136768e-06,C
579898624,4,5.116188555292361e-07,C
579898624,4,0.0,C
899522708,4,0.0,
899522708,4,0.0,
899522708,4,0.0,
899522708,4,0.0,
899522708,4,0.0,
550081331,4,2.8998779652632083e-06,C
550081331,4,1.075892768755745e-06,C
550081331,4,6.211645054345332e-06,C
550081331,4,2.867884702276429e-06,C
550081331,4,6.877688414316839e-06,C
104363044,4,0.0,N
104363044,4,-2.6158494317082143e-07,N
104363044,4,0.0,N
104363044,4,-2.5065939085987254e-07,N
104363044,4,0.0,N
2072239802,4,-0.0001269362146058574,C
2072239802,4,-0.0001289131229260912,C
2072239802,4,-2.8731478478928076e-06,C
2072239802,4,-0.000127711597476455,C
2072239802,4,-0.0001241367389712292,C
3394178578,4,0.0,C
3394178578,4,0.0,C
3394178578,4,0.0,C
3394178578,4,0.0,C
3394178578,4,0.0,C
2013664411,4,0.0,C
2013664411,4,0.0,C
2013664411,4,0.0,C
2013664411,4,0.0,C
2013664411,4,0.0,C
3346582092,4,-2.8689858402861958e-06,N
3346582092,4,-2.4483797961727567e-06,N
3346582092,4,-4.8542919733449066e-06,N
3346582092,4,-1.913527172890065e-06,N
3346582092,4,-3.487140185896463e-06,N
4291484675,4,0.0,N
4291484675,4,0.0,N
4291484675,4,2.612398443012018e-07,N
4291484675,4,0.0,N
4291484675,4,-4.397984876528156e-07,N
3275683399,4,-4.397984876528156e-07,N
3275683399,4,-4.397984876528156e-07,N
3275683399,4,0.0,N
3275683399,4,-4.397984876528156e-07,N
3275683399,4,0.0,N
2775257855,4,0.0,C
2775257855,4,0.0,C
2775257855,4,0.0,C
2775257855,4,0.0,C
2775257855,4,0.0,C
2810421479,4,1.387792599408461e-06,O
2810421479,4,1.1693308324021382e-06,O
2810421479,4,0.0,O
2810421479,4,1.1693308324021382e-06,O
2810421479,4,1.1693308324021382e-06,O
2662374534,4,0.0,
2662374534,4,0.0,
2662374534,4,0.0,
2662374534,4,0.0,
2662374534,4,0.0,
3461773897,4,9.256779655492965e-06,N
3461773897,4,8.58495081157342e-06,N
3461773897,4,8.976906717806689e-06,N
3461773897,4,1.0556927594790148e-05,N
3461773897,4,8.968453460743387e-06,N
344019891,4,0.0,N
344019891,4,-4.397984876528156e-07,N
344019891,4,6.894248602278431e-07,N
344019891,4,0.0,N
344019891,4,2.5037901122846803e-07,N
3402570011,4,0.0,
3402570011,4,0.0,
3402570011,4,0.0,
3402570011,4,0.0,
3402570011,4,0.0,
1199016914,4,0.0,C
1199016914,4,0.0,C
1199016914,4,0.0,C
1199016914,4,0.0,C
1199016914,4,0.0,C
1714595447,4,3.133815530170954e-07,C
1714595447,4,1.0557625821673577e-07,C
1714595447,4,8.532142397113529e-08,C
1714595447,4,2.942370134245871e-07,C
1714595447,4,3.299716912338532e-08,C
871396902,4,0.0,C
871396902,4,0.0,C
871396902,4,0.0,C
871396902,4,0.0,C
871396902,4,0.0,C
2845936339,4,0.0,C
2845936339,4,0.0,C
2845936339,4,0.0,C
2845936339,4,0.0,C
2845936339,4,0.0,C
3880022399,4,0.0,C
3880022399,4,0.0,C
3880022399,4,0.0,C
3880022399,4,0.0,C
3880022399,4,0.0,C
410310586,4,0.0,C
410310586,4,0.0,C
410310586,4,0.0,C
410310586,4,0.0,C
410310586,4,0.0,C
2612409031,4,0.0,C
2612409031,4,0.0,C
2612409031,4,0.0,C
2612409031,4,0.0,C
2612409031,4,0.0,C
2375987095,4,0.0,C
2375987095,4,-2.5065939085987254e-07,C
2375987095,4,4.3904584899959187e-07,C
2375987095,4,0.0,C
2375987095,4,4.690451391015614e-07,C
1294138518,4,-6.572274204043847e-07,S
1294138518,4,-6.572274204043847e-07,S
1294138518,4,3.150823559830082e-08,S
1294138518,4,-1.674603762271635e-06,S
1294138518,4,-1.4985880021365153e-06,S
293971392,4,3.885143716573494e-06,N
293971392,4,3.6561188544567604e-06,N
293971392,4,5.9002799598978015e-06,N
293971392,4,4.090689198501651e-06,N
293971392,4,1.9915933556903347e-06,N
4036774035,4,1.0330659755771084e-06,C
4036774035,4,7.408014000690778e-07,C
4036774035,4,2.2655989869448893e-06,C
4036774035,4,7.725142834240188e-07,C
4036774035,4,1.3265521596156175e-06,C
1010142783,4,1.6600279549884838e-06,O
1010142783,4,2.8161290306981217e-06,O
1010142783,4,1.1806054872056607e-06,O
1010142783,4,-2.3926042572067034e-07,O
1010142783,4,2.2403464911321513e-06,O
3120364749,4,0.0,
3120364749,4,0.0,
3120364749,4,0.0,
3120364749,4,0.0,
3120364749,4,0.0,
3662562115,4,-8.488433162878034e-07,C
3662562115,4,8.014960235429129e-07,C
3662562115,4,1.248195266405393e-06,C
3662562115,4,3.826022106624e-06,C
3662562115,4,1.532816068386747e-06,C
3921298496,4,2.201750733696415e-07,C
3921298496,4,0.0,C
3921298496,4,2.201750733696415e-07,C
3921298496,4,4.3904584899959187e-07,C
3921298496,4,-2.1887077562973353e-07,C
737501821,4,0.0,C
737501821,4,0.0,C
737501821,4,0.0,C
737501821,4,0.0,C
737501821,4,0.0,C
2024004397,4,-1.3925958859167982e-06,N
2024004397,4,-1.6776911077208065e-06,N
2024004397,4,-6.299725406576362e-07,N
2024004397,4,0.0,N
2024004397,4,-5.45719844739171e-07,N
751208592,4,2.207161681287012e-08,C
751208592,4,-2.6158494317082143e-07,C
751208592,4,6.157560474692389e-07,C
751208592,4,-2.6158494317082143e-07,C
751208592,4,6.157560474692389e-07,C
3953445033,4,-7.01383430823637e-07,S
3953445033,4,-9.520428216837264e-07,S
3953445033,4,-9.520428216837264e-07,S
3953445033,4,-4.397984876528156e-07,S
3953445033,4,-7.01383430823637e-07,S
497870099,4,9.51013359726206e-07,C
497870099,4,1.3889598461690796e-06,C
497870099,4,-1.6300623283879712e-06,C
497870099,4,2.087401633031963e-06,C
497870099,4,2.848848213580276e-06,C
3417531975,4,-2.841349015683496e-07,C
3417531975,4,0.0,C
3417531975,4,1.5538928901611716e-07,C
3417531975,4,0.0,C
3417531975,4,-2.841349015683496e-07,C
1044405971,4,0.0,C
1044405971,4,0.0,C
1044405971,4,0.0,C
1044405971,4,0.0,C
1044405971,4,0.0,C
2394338241,4,0.0,C
2394338241,4,0.0,C
2394338241,4,0.0,C
2394338241,4,0.0,C
2394338241,4,0.0,C
1271691605,4,4.499777015171862e-05,S
1271691605,4,3.934900952300949e-05,S
1271691605,4,-0.00033855091501553336,S
1271691605,4,-0.0003187013253109026,S
1271691605,4,-1.0294037154819904e-05,S
3643491447,4,0.0,C
3643491447,4,0.0,C
3643491447,4,0.0,C
3643491447,4,0.0,C
3643491447,4,0.0,C
21411075,4,0.0,C
21411075,4,0.0,C
21411075,4,0.0,C
21411075,4,0.0,C
21411075,4,0.0,C
413381818,4,0.0,C
413381818,4,0.0,C
413381818,4,0.0,C
413381818,4,0.0,C
413381818,4,0.0,C
3082607741,4,0.0,
3082607741,4,0.0,
3082607741,4,0.0,
3082607741,4,0.0,
3082607741,4,0.0,
4216649732,4,4.057683002445852e-07,S
4216649732,4,6.670081445455701e-07,S
4216649732,4,4.057683002445852e-07,S
4216649732,4,4.057683002445852e-07,S
4216649732,4,6.670081445455701e-07,S
371876130,4,0.0,
371876130,4,0.0,
371876130,4,0.0,
371876130,4,0.0,
371876130,4,0.0,
1978844073,4,0.0,O
1978844073,4,0.0,O
1978844073,4,0.0,O
1978844073,4,0.0,O
1978844073,4,0.0,O
1671692019,4,9.834651186163383e-07,C
1671692019,4,7.645943429863879e-07,C
1671692019,4,-4.095930143340788e-08,C
1671692019,4,1.1600444841481858e-06,C
1671692019,4,1.4212843284491707e-06,C
2070976245,4,1.1700890705391293e-06,C
2070976245,4,-1.7670664214167187e-07,C
2070976245,4,8.769408631650703e-07,C
2070976245,4,2.443209561494219e-06,C
2070976245,4,-3.048431749044789e-08,C
845764036,4,2.612398443012018e-07,C
845764036,4,0.0,C
845764036,4,5.221352721955508e-07,C
845764036,4,2.612398443012018e-07,C
845764036,4,7.826869643486403e-07,C
2559453089,4,3.689572590645984e-06,C
2559453089,4,1.6390589479382215e-06,C
2559453089,4,5.329348980360332e-06,C
2559453089,4,2.3375007348011047e-06,C
2559453089,4,2.076605306906322e-06,C
3286377484,4,0.0,
3286377484,4,0.0,
3286377484,4,0.0,
3286377484,4,0.0,
3286377484,4,0.0,
2200148275,4,2.5037901122846803e-07,N
2200148275,4,0.0,N
2200148275,4,0.0,N
2200148275,4,0.0,N
2200148275,4,0.0,N
1962383056,4,0.0,N
1962383056,4,0.0,N
1962383056,4,0.0,N
1962383056,4,0.0,N
1962383056,4,0.0,N
3012778962,4,-2.5065939085987254e-07,N
3012778962,4,6.352952611906292e-07,N
3012778962,4,2.3370822707124202e-06,N
3012778962,4,6.875069061078841e-07,N
3012778962,4,0.0,N
1620258790,4,4.3904584899959187e-07,N
1620258790,4,4.3904584899959187e-07,N
1620258790,4,2.201750733696415e-07,N
1620258790,4,2.201750733696415e-07,N
1620258790,4,4.3904584899959187e-07,N
3372254436,4,0.0,O
3372254436,4,-2.5065939085987254e-07,O
3372254436,4,-2.5065939085987254e-07,O
3372254436,4,-2.5065939085987254e-07,O
3372254436,4,0.0,O
330223697,4,9.506647045290448e-07,C
330223697,4,5.340355712117259e-07,C
330223697,4,1.2115601324236107e-06,C
330223697,4,1.4947395577393722e-06,C
330223697,4,2.1931104597250773e-06,C
1208423463,4,0.0,C
1208423463,4,0.0,C
1208423463,4,0.0,C
1208423463,4,0.0,C
1208423463,4,0.0,C
141882433,4,-2.4303684020960357e-06,C
141882433,4,4.3904584899959187e-07,C
141882433,4,5.448964042844597e-07,C
141882433,4,4.3904584899959187e-07,C
141882433,4,2.612398443012018e-07,C
3727977332,4,-4.397984876528156e-07,N
3727977332,4,-4.397984876528156e-07,N
3727977332,4,-4.397984876528156e-07,N
3727977332,4,0.0,N
3727977332,4,0.0,N
535847852,4,1.7746090582898728e-07,C
535847852,4,4.3904584899959187e-07,C
535847852,4,-5.235156694785754e-07,C
535847852,4,-3.951817157417988e-06,C
535847852,4,-2.6158494317082143e-07,C
422165373,4,0.0,C
422165373,4,1.1693308324021382e-06,C
422165373,4,-2.5065939085987254e-07,C
422165373,4,1.1693308324021382e-06,C
422165373,4,0.0,C
176403689,4,0.0,C
176403689,4,0.0,C
176403689,4,0.0,C
176403689,4,0.0,C
176403689,4,0.0,C
1735672143,4,-2.5065939085987254e-07,C
1735672143,4,7.002856933005768e-07,C
1735672143,4,7.002856933005768e-07,C
1735672143,4,0.0,C
1735672143,4,7.002856933005768e-07,C
1266193593,4,0.0,C
1266193593,4,4.3904584899959187e-07,C
1266193593,4,4.3904584899959187e-07,C
1266193593,4,0.0,C
1266193593,4,-5.12244334030694e-07,C
29410177,4,0.0,
29410177,4,0.0,
29410177,4,0.0,
29410177,4,0.0,
29410177,4,0.0,
808416955,4,0.0,S
808416955,4,0.0,S
808416955,4,0.0,S
808416955,4,-2.1887077562973353e-07,S
808416955,4,2.612398443012018e-07,S
1949014205,4,0.0,C
1949014205,4,0.0,C
1949014205,4,0.0,C
1949014205,4,0.0,C
1949014205,4,0.0,C
3431706413,4,0.0,
3431706413,4,0.0,
3431706413,4,0.0,
3431706413,4,0.0,
3431706413,4,0.0,
150310,4,0.0,C
150310,4,0.0,C
150310,4,5.116188555292361e-07,C
150310,4,0.0,C
150310,4,0.0,C
465304290,4,7.683928595334823e-07,C
465304290,4,7.6097549261164125e-06,C
465304290,4,5.972713760112134e-06,C
465304290,4,-1.519876025806539e-06,C
465304290,4,9.65582028473631e-06,C
3093061208,4,1.8265062051376138e-06,C
3093061208,4,8.773409906398435e-07,C
3093061208,4,1.8265062051376138e-06,C
3093061208,4,1.8265062051376138e-06,C
3093061208,4,4.3904584899959187e-07,C
3012865236,4,0.0,N
3012865236,4,0.0,N
3012865236,4,0.0,N
3012865236,4,0.0,N
3012865236,4,0.0,N
792968423,4,0.0,C
792968423,4,0.0,C
792968423,4,0.0,C
792968423,4,0.0,C
792968423,4,0.0,C
170727310,4,0.0,C
170727310,4,0.0,C
170727310,4,0.0,C
170727310,4,1.6076259740423898e-06,C
170727310,4,1.1693308324021382e-06,C
2459558207,4,0.0,C
2459558207,4,2.5037901122846803e-07,C
2459558207,4,0.0,C
2459558207,4,0.0,C
2459558207,4,0.0,C
1323888424,4,0.0,
1323888424,4,0.0,
1323888424,4,0.0,
1323888424,4,0.0,
1323888424,4,0.0,
2975116251,4,0.0,N
2975116251,4,-4.397984876528156e-07,N
2975116251,4,0.0,N
2975116251,4,0.0,N
2975116251,4,0.0,N
1819912581,4,2.368449620603324e-06,C
1819912581,4,1.9416352923559265e-06,C
1819912581,4,2.8159811457325636e-06,C
1819912581,4,1.503340150715675e-06,C
1819912581,4,9.818930306680195e-07,C
335878828,4,0.0,
335878828,4,0.0,
335878828,4,0.0,
335878828,4,0.0,
335878828,4,0.0,
3975295864,4,-5.45719844739171e-07,C
3975295864,4,1.5538928901611716e-07,C
3975295864,4,1.5538928901611716e-07,C
3975295864,4,0.0,C
3975295864,4,0.0,C
239116674,4,1.3889598461690796e-06,C
239116674,4,1.8265062051376138e-06,C
239116674,4,1.8265062051376138e-06,C
239116674,4,9.506647045290448e-07,C
239116674,4,1.3889598461690796e-06,C
3538861869,4,-1.2479286112764259e-06,C
3538861869,4,1.35587952262246e-06,C
3538861869,4,1.1669269077464479e-06,C
3538861869,4,4.775830557300284e-07,C
3538861869,4,-4.740339305698161e-07,C
934550081,4,-4.397984876528156e-07,N
934550081,4,0.0,N
934550081,4,0.0,N
934550081,4,-7.01383430823637e-07,N
934550081,4,0.0,N
3316027208,4,-9.520428216837264e-07,C
3316027208,4,-9.520428216837264e-07,C
3316027208,4,-9.520428216837264e-07,C
3316027208,4,-9.520428216837264e-07,C
3316027208,4,-9.520428216837264e-07,C
2865977551,4,9.471542514400202e-08,S
2865977551,4,1.9325587675719878e-06,S
2865977551,4,5.116188555292361e-07,S
2865977551,4,7.725142834240188e-07,S
2865977551,4,1.4721118245764834e-06,S
3183067622,4,9.8829814505633e-07,O
3183067622,4,-2.1279408626883115e-07,O
3183067622,4,9.8829814505633e-07,O
3183067622,4,-4.397984876528156e-07,O
3183067622,4,1.2488498372094196e-06,O
564293713,4,-1.0619565415448742e-07,S
564293713,4,4.057683002445852e-07,S
564293713,4,0.0,S
564293713,4,0.0,S
564293713,4,5.94161565324082e-07,S
1428903162,4,0.0,C
1428903162,4,0.0,C
1428903162,4,0.0,C
1428903162,4,0.0,C
1428903162,4,0.0,C
1467524174,4,0.0,C
1467524174,4,0.0,C
1467524174,4,0.0,C
1467524174,4,0.0,C
1467524174,4,0.0,C
651269745,4,0.0,
651269745,4,0.0,
651269745,4,0.0,
651269745,4,0.0,
651269745,4,0.0,
3268335377,4,0.0,N
3268335377,4,0.0,N
3268335377,4,0.0,N
3268335377,4,0.0,N
3268335377,4,0.0,N
1280488931,4,0.0,N
1280488931,4,0.0,N
1280488931,4,0.0,N
1280488931,4,2.5037901122846803e-07,N
1280488931,4,2.5037901122846803e-07,N
2098262959,4,0.0,
2098262959,4,0.0,
2098262959,4,0.0,
2098262959,4,0.0,
2098262959,4,0.0,
2485994647,4,0.0,N
2485994647,4,0.0,N
2485994647,4,0.0,N
2485994647,4,0.0,N
2485994647,4,0.0,N
3088984962,4,1.1385808349408284e-06,C
3088984962,4,1.1385808349408284e-06,C
3088984962,4,0.0,C
3088984962,4,0.0,C
3088984962,4,1.1385808349408284e-06,C
3042542132,4,-4.397984876528156e-07,N
3042542132,4,0.0,N
3042542132,4,-7.01383430823637e-07,N
3042542132,4,0.0,N
3042542132,4,0.0,N
373109870,4,0.0,C
373109870,4,0.0,C
373109870,4,0.0,C
373109870,4,0.0,C
373109870,4,0.0,C
2677752761,4,0.0,C
2677752761,4,0.0,C
2677752761,4,5.116188555292361e-07,C
2677752761,4,0.0,C
2677752761,4,0.0,C
3807907321,4,5.8610274211157425e-06,O
3807907321,4,-1.6574542075699535e-06,O
3807907321,4,-2.8309776973860484e-06,O
3807907321,4,-5.0311758106242645e-06,O
3807907321,4,6.067962534436061e-08,O
2587571567,4,-4.590427969653485e-06,C
2587571567,4,-9.520428216837264e-07,C
2587571567,4,-7.152125654311028e-06,C
2587571567,4,-9.520428216837264e-07,C
2587571567,4,-4.535484344923716e-06,C
3701504231,4,1.3572469628141386e-06,N
3701504231,4,-7.631845757487613e-07,N
3701504231,4,2.1866612787352704e-07,N
3701504231,4,1.8685214019369557e-06,N
3701504231,4,2.1866612787352704e-07,N
369315086,4,-9.202542064535874e-07,C
369315086,4,7.61717957298378e-07,C
369315086,4,-9.202542064535874e-07,C
369315086,4,7.61717957298378e-07,C
369315086,4,-9.202542064535874e-07,C
1965692378,4,-9.520428216837264e-07,N
1965692378,4,-9.520428216837264e-07,N
1965692378,4,0.0,N
1965692378,4,0.0,N
1965692378,4,0.0,N
1633777018,4,0.0,C
1633777018,4,0.0,C
1633777018,4,0.0,C
1633777018,4,0.0,C
1633777018,4,0.0,C
3757038672,4,-7.01383430823637e-07,C
3757038672,4,0.0,C
3757038672,4,-7.01383430823637e-07,C
3757038672,4,-1.403867221364246e-06,C
3757038672,4,-7.01383430823637e-07,C
2677858541,4,2.396198916582203e-06,C
2677858541,4,1.1275014912615674e-06,C
2677858541,4,3.7481236177707832e-06,C
2677858541,4,7.932966776514304e-08,C
2677858541,4,4.236906867103457e-08,C
1446204275,4,-1.968399019484533e-06,C
1446204275,4,-7.645906203693383e-07,C
1446204275,4,-9.432837174280177e-07,C
1446204275,4,-1.9241718743426024e-06,C
1446204275,4,-3.7453436171419954e-07,C
3589407776,4,0.0,C
3589407776,4,0.0,C
3589407776,4,4.763884558084842e-06,C
3589407776,4,0.0,C
3589407776,4,0.0,C
3083149185,4,0.0,
3083149185,4,0.0,
3083149185,4,0.0,
3083149185,4,0.0,
3083149185,4,0.0,
337875000,4,7.302849834027632e-07,C
337875000,4,0.0,C
337875000,4,0.0,C
337875000,4,0.0,C
337875000,4,0.0,C
3887884923,4,0.0,C
3887884923,4,0.0,C
3887884923,4,0.0,C
3887884923,4,0.0,C
3887884923,4,0.0,C
4256629345,4,7.105217303352701e-07,C
4256629345,4,1.3994762628353943e-06,C
4256629345,4,-7.528211974374387e-07,C
4256629345,4,1.058045344089556e-08,C
4256629345,4,4.799059721742951e-07,C
662595032,4,5.069482724859558e-06,N
662595032,4,1.8046981395238373e-06,N
662595032,4,-2.609053634867369e-06,N
662595032,4,1.5118271521658184e-06,N
662595032,4,3.364383389136902e-06,N
3777243454,4,-0.00012849209480069205,C
3777243454,4,-0.00012711981461074081,C
3777243454,4,2.3766869932709787e-06,C
3777243454,4,1.0115376187303307e-06,C
3777243454,4,1.105780420853535e-06,C
982949046,4,0.0,
982949046,4,0.0,
982949046,4,0.0,
982949046,4,0.0,
982949046,4,0.0,
267757375,4,0.0,
267757375,4,0.0,
267757375,4,0.0,
267757375,4,0.0,
267757375,4,0.0,
2157595070,4,0.0,
2157595070,4,0.0,
2157595070,4,0.0,
2157595070,4,0.0,
2157595070,4,0.0,
895910141,4,0.0,C
895910141,4,-0.0001624561089731565,C
895910141,4,-2.5065939085987254e-07,C
895910141,4,-2.5065939085987254e-07,C
895910141,4,0.0,C
3182041044,4,0.0,C
3182041044,4,0.0,C
3182041044,4,0.0,C
3182041044,4,0.0,C
3182041044,4,0.0,C
4105666400,4,-4.397984876528156e-07,C
4105666400,4,0.0,C
4105666400,4,-1.141936495056492e-06,C
4105666400,4,5.089482627558366e-07,C
4105666400,4,-7.01383430823637e-07,C
1891839201,4,-7.01383430823637e-07,C
1891839201,4,0.0,C
1891839201,4,-7.01383430823637e-07,C
1891839201,4,-1.9512396386908715e-06,C
1891839201,4,-7.01383430823637e-07,C
2584230118,4,-2.8142455920851517e-07,C
2584230118,4,-2.8142455920851517e-07,C
2584230118,4,1.1806054872056607e-06,C
2584230118,4,-2.8142455920851517e-07,C
2584230118,4,-2.8142455920851517e-07,C
3696402029,4,-2.900460742585268e-06,C
3696402029,4,-3.752231106145601e-06,C
3696402029,4,1.1600444841481858e-06,C
3696402029,4,1.106597027419106e-06,C
3696402029,4,-1.8733973878542858e-06,C
1263988625,4,0.0,
1263988625,4,0.0,
1263988625,4,0.0,
1263988625,4,0.0,
1263988625,4,0.0,
829754261,4,1.8265062051376138e-06,C
829754261,4,9.506647045290448e-07,C
829754261,4,4.3904584899959187e-07,C
829754261,4,1.3889598461690796e-06,C
829754261,4,4.3904584899959187e-07,C
2841547777,4,2.5666194530585794e-06,C
2841547777,4,2.4117765875983875e-06,C
2841547777,4,2.129073094090045e-06,C
2841547777,4,1.973957377765555e-06,C
2841547777,4,2.5666194530585794e-06,C
3059129780,4,0.0,C
3059129780,4,0.0,C
3059129780,4,0.0,C
3059129780,4,0.0,C
3059129780,4,0.0,C
3650394863,4,-2.4804492622610905e-06,C
3650394863,4,-1.141936495056492e-06,C
3650394863,4,-4.4513869820077875e-06,C
3650394863,4,6.396118294284617e-07,C
3650394863,4,-2.800181451000994e-06,C
3288032115,4,1.378710612021496e-06,C
3288032115,4,1.6709720247240056e-06,C
3288032115,4,8.160097790511044e-08,C
3288032115,4,8.531361873980424e-07,C
3288032115,4,1.019837864401664e-06,C
1308598964,4,2.2662980686725086e-06,C
1308598964,4,1.043994962188861e-06,C
1308598964,4,1.042764309540714e-06,C
1308598964,4,3.003938227671022e-06,C
1308598964,4,9.115764632050029e-07,C
4081192417,4,0.0,
4081192417,4,0.0,
4081192417,4,0.0,
4081192417,4,0.0,
4081192417,4,0.0,
2085926208,4,0.0,
2085926208,4,0.0,
2085926208,4,0.0,
2085926208,4,0.0,
2085926208,4,0.0,
1852134816,4,0.0,C
1852134816,4,2.612398443012018e-07,C
1852134816,4,2.612398443012018e-07,C
1852134816,4,2.612398443012018e-07,C
1852134816,4,-6.904578785131218e-07,C
3628883864,4,0.0,C
3628883864,4,0.0,C
3628883864,4,0.0,C
3628883864,4,-4.397984876528156e-07,C
3628883864,4,0.0,C
1228815484,4,1.5538928901611716e-07,C
1228815484,4,2.5666194530585794e-06,C
1228815484,4,-2.7355444812745405e-07,C
1228815484,4,1.5543191282953693e-06,C
1228815484,4,-5.347942924286558e-07,C
2863170677,4,0.0,C
2863170677,4,0.0,C
2863170677,4,0.0,C
2863170677,4,0.0,C
2863170677,4,0.0,C
2126281302,4,-5.12244334030694e-07,C
2126281302,4,-5.12244334030694e-07,C
2126281302,4,-5.12244334030694e-07,C
2126281302,4,-5.12244334030694e-07,C
2126281302,4,-5.12244334030694e-07,C
3768390624,4,1.2007638062979699e-06,C
3768390624,4,1.4505834677299226e-06,C
3768390624,4,1.9899020476028297e-06,C
3768390624,4,7.61717957298378e-07,C
3768390624,4,-6.273659628676549e-07,C
2150151661,4,0.0,C
2150151661,4,0.0,C
2150151661,4,0.0,C
2150151661,4,0.0,C
2150151661,4,0.0,C
881868678,4,0.0,
881868678,4,0.0,
881868678,4,0.0,
881868678,4,0.0,
881868678,4,0.0,
1796784588,4,0.0,C
1796784588,4,0.0,C
1796784588,4,0.0,C
1796784588,4,0.0,C
1796784588,4,0.0,C
3892941493,4,-1.6837845653394981e-06,N
3892941493,4,-2.6492391777257693e-06,N
3892941493,4,-9.202542064535874e-07,N
3892941493,4,-2.1887077562973353e-07,N
3892941493,4,-1.8712009683956483e-06,N
847307936,4,0.0,C
847307936,4,0.0,C
847307936,4,0.0,C
847307936,4,0.0,C
847307936,4,0.0,C
1514288082,4,0.0,
1514288082,4,0.0,
1514288082,4,0.0,
1514288082,4,0.0,
1514288082,4,0.0,
287232915,4,0.0,C
287232915,4,0.0,C
287232915,4,0.0,C
287232915,4,0.0,C
287232915,4,0.0,C
3292836937,4,0.0,
3292836937,4,0.0,
3292836937,4,0.0,
3292836937,4,0.0,
3292836937,4,0.0,
89961214,4,6.042043323897361e-07,C
89961214,4,-4.587298851250511e-07,C
89961214,4,1.815365462605554e-06,C
89961214,4,4.160082925184095e-07,C
89961214,4,1.6276387650689724e-06,C
1147977085,4,-2.3814134062808637e-06,C
1147977085,4,-3.0749049160178153e-06,C
1147977085,4,-3.0749049160178153e-06,C
1147977085,4,-2.823964674299531e-06,C
1147977085,4,-2.370422921691177e-06,C
636182019,4,0.0,C
636182019,4,0.0,C
636182019,4,0.0,C
636182019,4,0.0,C
636182019,4,0.0,C
799373156,4,-1.3925958859167982e-06,C
799373156,4,3.664716861113016e-07,C
799373156,4,-1.673075403891026e-06,C
799373156,4,-4.2921803421192006e-07,C
799373156,4,9.611811211953595e-07,C
636990493,4,0.0,
636990493,4,0.0,
636990493,4,0.0,
636990493,4,0.0,
636990493,4,0.0,
1078276907,4,1.6830377600222587e-07,C
1078276907,4,0.0,C
1078276907,4,-5.957370977408526e-07,C
1078276907,4,-4.397984876528156e-07,C
1078276907,4,-8.803515518861042e-07,C
1421345390,4,0.0,C
1421345390,4,0.0,C
1421345390,4,0.0,C
1421345390,4,0.0,C
1421345390,4,0.0,C
145374537,4,4.3904584899959187e-07,C
145374537,4,0.0,C
145374537,4,0.0,C
145374537,4,4.3904584899959187e-07,C
145374537,4,4.3904584899959187e-07,C
1256751600,4,0.0,C
1256751600,4,0.0,C
1256751600,4,0.0,C
1256751600,4,0.0,C
1256751600,4,0.0,C
30707086,4,0.0,C
30707086,4,0.0,C
30707086,4,0.0,C
30707086,4,-1.141936495056492e-06,C
30707086,4,0.0,C
454919045,4,-1.226664169610807e-07,N
454919045,4,-1.1701104510629997e-06,N
454919045,4,-9.290668377235408e-06,N
454919045,4,-5.258784566330261e-06,N
454919045,4,-6.779038556750617e-06,N
96001975,4,0.0,C
96001975,4,2.5037901122846803e-07,C
96001975,4,-2.6158494317082143e-07,C
96001975,4,2.5037901122846803e-07,C
96001975,4,0.0,C
3632480728,4,-0.00020001987188958447,C
3632480728,4,-0.00019925432311551508,C
3632480728,4,-0.00015975948306363834,C
3632480728,4,-0.0002050516960474531,C
3632480728,4,-0.00016478033320615126,C
2543587995,4,0.0,N
2543587995,4,0.0,N
2543587995,4,0.0,N
2543587995,4,0.0,N
2543587995,4,0.0,N
2664622273,4,0.0,C
2664622273,4,-4.397984876528156e-07,C
2664622273,4,-4.397984876528156e-07,C
2664622273,4,0.0,C
2664622273,4,-2.6158494317082143e-07,C
640282103,4,-7.01383430823637e-07,C
640282103,4,-7.01383430823637e-07,C
640282103,4,-7.01383430823637e-07,C
640282103,4,-7.01383430823637e-07,C
640282103,4,-7.01383430823637e-07,C
552722929,4,2.5037901122846803e-07,C
552722929,4,-1.55663586084466e-07,C
552722929,4,-4.5100441959538586e-07,C
552722929,4,-1.55663586084466e-07,C
552722929,4,9.471542514400202e-08,C
3304326854,4,0.0,C
3304326854,4,0.0,C
3304326854,4,0.0,C
3304326854,4,0.0,C
3304326854,4,0.0,C
932711668,4,9.506647045290448e-07,N
932711668,4,1.2115601324236107e-06,N
932711668,4,1.3889598461690796e-06,N
932711668,4,1.1385808349408284e-06,N
932711668,4,1.1385808349408284e-06,N
932734850,4,1.8999543758327873e-06,N
932734850,4,9.506647045290448e-07,N
932734850,4,1.7448386595082972e-06,N
932734850,4,2.5037901122846803e-07,N
932734850,4,0.0,N
3198482033,4,-7.01383430823637e-07,C
3198482033,4,-7.01383430823637e-07,C
3198482033,4,-7.01383430823637e-07,C
3198482033,4,-7.01383430823637e-07,C
3198482033,4,-7.01383430823637e-07,C
2843970853,4,5.94161565324082e-07,C
2843970853,4,1.1277200018680947e-06,C
2843970853,4,-9.527010184375538e-08,C
2843970853,4,-3.375589034031526e-08,C
2843970853,4,6.670081445455701e-07,C
1167268241,4,0.0,C
1167268241,4,0.0,C
1167268241,4,0.0,C
1167268241,4,0.0,C
1167268241,4,0.0,C
1968143303,4,0.0,C
1968143303,4,9.506647045290448e-07,C
1968143303,4,7.002856933005768e-07,C
1968143303,4,-2.6158494317082143e-07,C
1968143303,4,1.3889598461690796e-06,C
132611095,4,7.002856933005768e-07,C
132611095,4,0.0,C
132611095,4,1.1385808349408284e-06,C
132611095,4,7.002856933005768e-07,C
132611095,4,1.1385808349408284e-06,C
1067305901,4,0.0,C
1067305901,4,0.0,C
1067305901,4,0.0,C
1067305901,4,0.0,C
1067305901,4,0.0,C
4232044298,4,0.0,C
4232044298,4,0.0,C
4232044298,4,0.0,C
4232044298,4,0.0,C
4232044298,4,0.0,C
3924990413,4,-1.1310109427459768e-06,C
3924990413,4,4.4962630244070427e-07,C
3924990413,4,-1.9054668539426195e-06,C
3924990413,4,8.87921444080739e-07,C
3924990413,4,8.87921444080739e-07,C
3163510888,4,0.0,C
3163510888,4,1.6498552740638623e-06,C
3163510888,4,0.0,C
3163510888,4,0.0,C
3163510888,4,0.0,C
3370172965,4,0.0,C
3370172965,4,0.0,C
3370172965,4,0.0,C
3370172965,4,0.0,C
3370172965,4,0.0,C
1544255291,4,1.1385808349408284e-06,C
1544255291,4,5.448964042844597e-07,C
1544255291,4,7.002856933005768e-07,C
1544255291,4,2.612398443012018e-07,C
1544255291,4,7.002856933005768e-07,C
3961613636,4,-5.12244334030694e-07,C
3961613636,4,-2.5065939085987254e-07,C
3961613636,4,1.8838645813950249e-07,C
3961613636,4,4.3904584899959187e-07,C
3961613636,4,1.8838645813950249e-07,C
50651170,4,0.0,C
50651170,4,0.0,C
50651170,4,-4.397984876528156e-07,C
50651170,4,-4.397984876528156e-07,C
50651170,4,0.0,C
3075896141,4,1.0784548408284723e-06,C
3075896141,4,-1.1709135973136768e-06,C
3075896141,4,1.1277200018680947e-06,C
3075896141,4,-6.251937525745058e-07,C
3075896141,4,6.894248602278431e-07,C
172238518,4,0.0,C
172238518,4,0.0,C
172238518,4,0.0,C
172238518,4,0.0,C
172238518,4,0.0,C
2136803473,4,0.0,
2136803473,4,0.0,
2136803473,4,0.0,
2136803473,4,0.0,
2136803473,4,0.0,
1023209243,4,-2.1887077562973353e-07,N
1023209243,4,0.0,N
1023209243,4,-2.1887077562973353e-07,N
1023209243,4,0.0,N
1023209243,4,-2.1887077562973353e-07,N
885408970,4,-5.12244334030694e-07,O
885408970,4,-2.6158494317082143e-07,O
885408970,4,-5.12244334030694e-07,O
885408970,4,-2.6158494317082143e-07,O
885408970,4,-2.6158494317082143e-07,O
1213407188,4,7.222252743153534e-07,C
1213407188,4,1.847551390255853e-06,C
1213407188,4,4.3904584899959187e-07,C
1213407188,4,2.6574514426168892e-06,C
1213407188,4,-3.842513601316853e-07,C
4210054575,4,-2.6158494317082143e-07,N
4210054575,4,-2.6158494317082143e-07,N
4210054575,4,-2.6158494317082143e-07,N
4210054575,4,4.3904584899959187e-07,N
4210054575,4,-7.01383430823637e-07,N
3871410344,4,0.0,N
3871410344,4,0.0,N
3871410344,4,0.0,N
3871410344,4,0.0,N
3871410344,4,0.0,N
1184436594,4,9.911804112971122e-07,C
1184436594,4,-4.397984876528156e-07,C
1184436594,4,2.612398443012018e-07,C
1184436594,4,2.612398443012018e-07,C
1184436594,4,-4.6953016649003976e-07,C
3431706412,4,0.0,
3431706412,4,0.0,
3431706412,4,0.0,
3431706412,4,0.0,
3431706412,4,0.0,
2758632892,4,-7.01383430823637e-07,C
2758632892,4,-2.5065939085987254e-07,C
2758632892,4,9.506647045290448e-07,C
2758632892,4,5.221352721955508e-07,C
2758632892,4,5.116188555292361e-07,C
2131356872,4,0.0,C
2131356872,4,0.0,C
2131356872,4,0.0,C
2131356872,4,0.0,C
2131356872,4,0.0,C
3131896227,4,-6.904578785131218e-07,C
3131896227,4,7.002856933005768e-07,C
3131896227,4,-2.5065939085987254e-07,C
3131896227,4,-7.20470408208107e-07,C
3131896227,4,-1.673075403891026e-06,C
2739425568,4,4.3904584899959187e-07,C
2739425568,4,1.3148873496083777e-06,C
2739425568,4,4.3904584899959187e-07,C
2739425568,4,8.773409906398435e-07,C
2739425568,4,8.773409906398435e-07,C
2917424199,4,-1.403867221364246e-06,N
2917424199,4,-7.333766938104162e-07,N
2917424199,4,4.690451391015614e-07,N
2917424199,4,-6.728913559549306e-07,N
2917424199,4,-6.616854240125772e-07,N
740717125,4,0.0,C
740717125,4,0.0,C
740717125,4,0.0,C
740717125,4,0.0,C
740717125,4,0.0,C
2604399148,4,9.68963902302656e-07,C
2604399148,4,4.690451391015614e-07,C
2604399148,4,2.1866612787352704e-07,C
2604399148,4,2.5037901122846803e-07,C
2604399148,4,-2.526266659700488e-07,C
35816944,4,1.671663339677422e-06,C
35816944,4,7.952754155129277e-07,C
35816944,4,2.3075552681053706e-07,C
35816944,4,-3.1160219617250295e-07,C
35816944,4,1.8838645813950249e-07,C
1623026378,4,0.0,C
1623026378,4,0.0,C
1623026378,4,0.0,C
1623026378,4,0.0,C
1623026378,4,0.0,C
1514095308,4,0.0,
1514095308,4,0.0,
1514095308,4,0.0,
1514095308,4,0.0,
1514095308,4,0.0,
1814116706,4,0.0,
1814116706,4,0.0,
1814116706,4,0.0,
1814116706,4,0.0,
1814116706,4,0.0,
3229069614,4,0.0,
3229069614,4,0.0,
3229069614,4,0.0,
3229069614,4,0.0,
3229069614,4,0.0,
269963113,4,0.0,
269963113,4,0.0,
269963113,4,0.0,
269963113,4,0.0,
269963113,4,0.0,
3375441982,4,0.0,
3375441982,4,0.0,
3375441982,4,0.0,
3375441982,4,0.0,
3375441982,4,0.0,
2537385504,4,0.0,C
2537385504,4,0.0,C
2537385504,4,0.0,C
2537385504,4,0.0,C
2537385504,4,0.0,C
1375082737,4,-6.941003044358494e-07,C
1375082737,4,1.1956328542033455e-06,C
1375082737,4,-4.431600627177821e-07,C
1375082737,4,5.717448496418091e-07,C
1375082737,4,1.6338601480730096e-06,C
3972090239,4,1.1544194647935841e-06,C
3972090239,4,-3.6251761777357505e-08,C
3972090239,4,4.121844906690344e-06,C
3972090239,4,-3.075095114123995e-07,C
3972090239,4,2.196849775531074e-06,C
542715770,4,-5.015996325783735e-07,C
542715770,4,-5.015996325783735e-07,C
542715770,4,-5.015996325783735e-07,C
542715770,4,-2.5065939085987254e-07,C
542715770,4,-2.5065939085987254e-07,C
1835135892,4,1.4616592341925357e-06,C
1835135892,4,7.725142834240188e-07,C
1835135892,4,-2.1887077562973353e-07,C
1835135892,4,5.116188555292361e-07,C
1835135892,4,-2.1887077562973353e-07,C
3850856377,4,0.0,C
3850856377,4,0.0,C
3850856377,4,0.0,C
3850856377,4,0.0,C
3850856377,4,0.0,C
3007422704,4,-2.1887077562973353e-07,O
3007422704,4,-2.1887077562973353e-07,O
3007422704,4,-2.1887077562973353e-07,O
3007422704,4,-2.1887077562973353e-07,O
3007422704,4,-2.1887077562973353e-07,O
2209842778,4,2.654745376663107e-06,N
2209842778,4,6.3877651544435535e-06,N
2209842778,4,5.197983790289221e-06,N
2209842778,4,2.936636997004664e-06,N
2209842778,4,7.433353419064245e-06,N
2296764637,4,4.374960070395711e-06,C
2296764637,4,4.605612863482593e-06,C
2296764637,4,6.304385064205727e-07,C
2296764637,4,4.8435209391709585e-06,C
2296764637,4,2.495528633647201e-06,C
3929393147,4,0.0,C
3929393147,4,0.0,C
3929393147,4,0.0,C
3929393147,4,0.0,C
3929393147,4,0.0,C
2270589688,4,3.5136466496098542e-06,N
2270589688,4,6.015393708503139e-07,N
2270589688,4,3.012685463609204e-06,N
2270589688,4,3.449959691003736e-06,N
2270589688,4,3.439570717151969e-06,N
2592252298,4,-1.349881718376144e-06,C
2592252298,4,-2.5065939085987254e-07,C
2592252298,4,1.6486880273032436e-06,C
2592252298,4,-2.5065939085987254e-07,C
2592252298,4,1.1798472490686697e-06,C
4116013187,4,1.8458936687742837e-06,C
4116013187,4,6.670081445455701e-07,C
4116013187,4,7.070455097287626e-07,C
4116013187,4,-2.289505726758151e-08,C
4116013187,4,4.1662913331731895e-07,C
372117123,4,0.0,S
372117123,4,-7.01383430823637e-07,S
372117123,4,0.0,S
372117123,4,-7.01383430823637e-07,S
372117123,4,-7.01383430823637e-07,S
2709179886,4,0.0,C
2709179886,4,-4.397984876528156e-07,C
2709179886,4,-4.397984876528156e-07,C
2709179886,4,0.0,C
2709179886,4,-4.397984876528156e-07,C
228862830,4,0.0,N
228862830,4,0.0,N
228862830,4,0.0,N
228862830,4,0.0,N
228862830,4,0.0,N
2300762321,4,-9.520428216837264e-07,N
2300762321,4,-9.520428216837264e-07,N
2300762321,4,-1.2029830634020106e-06,N
2300762321,4,-4.397984876528156e-07,N
2300762321,4,0.0,N
4081192418,4,0.0,
4081192418,4,0.0,
4081192418,4,0.0,
4081192418,4,0.0,
4081192418,4,0.0,
4120224926,4,1.1265527551072591e-06,C
4120224926,4,-1.2139735479914805e-06,C
4120224926,4,1.376651856876401e-06,C
4120224926,4,-3.3137460453500772e-06,C
4120224926,4,-1.6545266122245522e-06,C
1090571167,4,-7.536650680583894e-07,N
1090571167,4,-2.2092670961466106e-06,N
1090571167,4,-2.3866148250949702e-06,N
1090571167,4,-5.030056771985168e-07,N
1090571167,4,-2.4094328513763613e-06,N
369500293,4,2.3375007348011047e-06,C
369500293,4,2.3479533251850523e-06,C
369500293,4,1.2115601324236107e-06,C
369500293,4,1.3778191036370197e-06,C
369500293,4,-9.820553513789285e-07,C
3873306213,4,4.690451391015614e-07,N
3873306213,4,4.690451391015614e-07,N
3873306213,4,4.690451391015614e-07,N
3873306213,4,4.690451391015614e-07,N
3873306213,4,4.690451391015614e-07,N
600377156,4,0.0,C
600377156,4,0.0,C
600377156,4,0.0,C
600377156,4,0.0,C
600377156,4,0.0,C
1946997629,4,0.0,
1946997629,4,0.0,
1946997629,4,0.0,
1946997629,4,0.0,
1946997629,4,0.0,
1044537682,4,0.0,
1044537682,4,0.0,
1044537682,4,0.0,
1044537682,4,0.0,
1044537682,4,0.0,
2077658817,4,2.0998207240770055e-06,O
2077658817,4,1.6390589479382215e-06,O
2077658817,4,1.275868782109205e-06,O
2077658817,4,1.3062699451764186e-06,O
2077658817,4,2.443209561494219e-06,O
264974063,4,-2.4818977798662153e-06,N
264974063,4,1.0929952968931431e-06,N
264974063,4,7.191442408707033e-07,N
264974063,4,-1.2771807375369648e-06,N
264974063,4,1.5538928901611716e-07,N
3792822921,4,0.0,
3792822921,4,0.0,
3792822921,4,0.0,
3792822921,4,0.0,
3792822921,4,0.0,
2575624905,4,0.0,C
2575624905,4,0.0,C
2575624905,4,4.3904584899959187e-07,C
2575624905,4,4.3904584899959187e-07,C
2575624905,4,0.0,C
1640551393,4,0.0,C
1640551393,4,0.0,C
1640551393,4,0.0,C
1640551393,4,0.0,C
1640551393,4,0.0,C
3528517994,4,0.0,C
3528517994,4,0.0,C
3528517994,4,-1.8941947642478127e-07,C
3528517994,4,0.0,C
3528517994,4,5.448964042844597e-07,C
692277943,4,2.2062564173697986e-07,N
692277943,4,2.2062564173697986e-07,N
692277943,4,-6.25537835785648e-08,N
692277943,4,-3.048431749044789e-08,N
692277943,4,-1.0547259887585918e-07,N
990985258,4,0.0,
990985258,4,0.0,
990985258,4,0.0,
990985258,4,0.0,
990985258,4,0.0,
389385568,4,0.0,
389385568,4,0.0,
389385568,4,0.0,
389385568,4,0.0,
389385568,4,0.0,
597336504,4,0.0,C
597336504,4,0.0,C
597336504,4,0.0,C
597336504,4,0.0,C
597336504,4,0.0,C
744747118,4,-5.12244334030694e-07,S
744747118,4,-5.12244334030694e-07,S
744747118,4,-5.12244334030694e-07,S
744747118,4,-5.12244334030694e-07,S
744747118,4,-5.12244334030694e-07,S
1740651977,4,-2.1887077562973353e-07,C
1740651977,4,0.0,C
1740651977,4,-2.1887077562973353e-07,C
1740651977,4,0.0,C
1740651977,4,-1.4328443236214308e-06,C
1198890718,4,0.0,
1198890718,4,0.0,
1198890718,4,0.0,
1198890718,4,0.0,
1198890718,4,0.0,
544863012,4,0.0,C
544863012,4,0.0,C
544863012,4,0.0,C
544863012,4,0.0,C
544863012,4,0.0,C
2127647960,4,0.0,C
2127647960,4,0.0,C
2127647960,4,0.0,C
2127647960,4,0.0,C
2127647960,4,0.0,C
3372972590,4,0.0,N
3372972590,4,0.0,N
3372972590,4,0.0,N
3372972590,4,0.0,N
3372972590,4,0.0,N
1145656637,4,0.0,
1145656637,4,0.0,
1145656637,4,0.0,
1145656637,4,0.0,
1145656637,4,0.0,
3781690415,4,0.0,C
3781690415,4,0.0,C
3781690415,4,0.0,C
3781690415,4,0.0,C
3781690415,4,0.0,C
2211843251,4,0.0,C
2211843251,4,0.0,C
2211843251,4,0.0,C
2211843251,4,0.0,C
2211843251,4,0.0,C
1378792052,4,0.0,C
1378792052,4,0.0,C
1378792052,4,0.0,C
1378792052,4,0.0,C
1378792052,4,0.0,C
4240369074,4,0.0,C
4240369074,4,0.0,C
4240369074,4,0.0,C
4240369074,4,0.0,C
4240369074,4,0.0,C
3209892106,4,0.0,N
3209892106,4,0.0,N
3209892106,4,0.0,N
3209892106,4,0.0,N
3209892106,4,0.0,N
2762211251,4,0.0,S
2762211251,4,0.0,S
2762211251,4,0.0,S
2762211251,4,0.0,S
2762211251,4,0.0,S
990985259,4,0.0,
990985259,4,0.0,
990985259,4,0.0,
990985259,4,0.0,
990985259,4,0.0,
4256676941,4,0.0,N
4256676941,4,0.0,N
4256676941,4,0.0,N
4256676941,4,0.0,N
4256676941,4,0.0,N
3617179377,4,0.0,C
3617179377,4,0.0,C
3617179377,4,0.0,C
3617179377,4,0.0,C
3617179377,4,0.0,C
592655526,4,3.385730598866191e-06,C
592655526,4,-1.9586077052865213e-06,C
592655526,4,2.1075447372434844e-06,C
592655526,4,2.7934575321788765e-07,C
592655526,4,6.739969258211416e-06,C
2409787606,4,7.002856933005768e-07,C
2409787606,4,7.002856933005768e-07,C
2409787606,4,0.0,C
2409787606,4,0.0,C
2409787606,4,0.0,C
2113520109,4,2.5037901122846803e-07,C
2113520109,4,2.5037901122846803e-07,C
2113520109,4,-2.6158494317082143e-07,C
2113520109,4,0.0,C
2113520109,4,2.5037901122846803e-07,C
1250165012,4,-9.953074201181702e-07,C
1250165012,4,-1.2462476618362375e-06,C
1250165012,4,4.690451391015614e-07,C
1250165012,4,2.1866612787352704e-07,C
1250165012,4,4.690451391015614e-07,C
1238592536,4,0.0,C
1238592536,4,7.002856933005768e-07,C
1238592536,4,7.002856933005768e-07,C
1238592536,4,0.0,C
1238592536,4,0.0,C
2213350725,4,-1.2011237175970843e-06,C
2213350725,4,-5.510852944919141e-06,C
2213350725,4,3.1714387085618294e-06,C
2213350725,4,-7.37236805710439e-06,C
2213350725,4,-9.395461190212472e-07,C
1915080917,4,7.353887583757233e-07,C
1915080917,4,8.136642538268202e-06,C
1915080917,4,2.6886731274422798e-06,C
1915080917,4,3.5935021073941597e-06,C
1915080917,4,6.13761169379742e-06,C
3651174070,4,-4.6953016649003976e-07,C
3651174070,4,1.7136879919422542e-06,C
3651174070,4,-2.1887077562973353e-07,C
3651174070,4,-4.6953016649003976e-07,C
3651174070,4,-4.6953016649003976e-07,C
1365279474,4,2.5037901122846803e-07,C
1365279474,4,2.5037901122846803e-07,C
1365279474,4,2.5037901122846803e-07,C
1365279474,4,0.0,C
1365279474,4,0.0,C
1583009052,4,0.0,C
1583009052,4,4.3904584899959187e-07,C
1583009052,4,0.0,C
1583009052,4,4.3904584899959187e-07,C
1583009052,4,0.0,C
1499666286,4,0.0,
1499666286,4,0.0,
1499666286,4,0.0,
1499666286,4,0.0,
1499666286,4,0.0,
1191280979,4,0.0,
1191280979,4,0.0,
1191280979,4,0.0,
1191280979,4,0.0,
1191280979,4,0.0,
3457964313,4,1.9505797660855292e-06,N
3457964313,4,2.1059690551016464e-06,N
3457964313,4,1.8561493936696937e-06,N
3457964313,4,1.6669232061022714e-06,N
3457964313,4,9.487467504090859e-07,N
2881111452,4,0.0,
2881111452,4,0.0,
2881111452,4,0.0,
2881111452,4,0.0,
2881111452,4,0.0,
423609967,4,1.0435130377730358e-05,C
423609967,4,7.815461880776673e-06,C
423609967,4,6.564707701009476e-06,C
423609967,4,-3.2902779747801068e-06,C
423609967,4,9.920730955995018e-06,C
3300110909,4,-4.397984876528156e-07,N
3300110909,4,-4.397984876528156e-07,N
3300110909,4,-4.397984876528156e-07,N
3300110909,4,-4.397984876528156e-07,N
3300110909,4,-4.397984876528156e-07,N
3345491492,4,0.0,N
3345491492,4,0.0,N
3345491492,4,0.0,N
3345491492,4,0.0,N
3345491492,4,0.0,N
1534595042,4,-1.8339054713189303e-06,C
1534595042,4,-1.6545266122245522e-06,C
1534595042,4,-2.9807327437791475e-06,C
1534595042,4,-2.2759735291708397e-06,C
1534595042,4,-2.9807327437791475e-06,C
2014255590,4,0.0,N
2014255590,4,-5.12244334030694e-07,N
2014255590,4,-5.12244334030694e-07,N
2014255590,4,-5.12244334030694e-07,N
2014255590,4,-5.12244334030694e-07,N
362715007,4,0.0,C
362715007,4,0.0,C
362715007,4,0.0,C
362715007,4,0.0,C
362715007,4,0.0,C
2654043257,4,6.894248602278431e-07,N
2654043257,4,6.894248602278431e-07,N
2654043257,4,6.894248602278431e-07,N
2654043257,4,6.894248602278431e-07,N
2654043257,4,4.3904584899959187e-07,N
720253145,4,0.0,N
720253145,4,0.0,N
720253145,4,0.0,N
720253145,4,0.0,N
720253145,4,0.0,N
1342596238,4,0.0,C
1342596238,4,0.0,C
1342596238,4,0.0,C
1342596238,4,0.0,C
1342596238,4,0.0,C
1505769767,4,4.3904584899959187e-07,C
1505769767,4,4.3904584899959187e-07,C
1505769767,4,4.3904584899959187e-07,C
1505769767,4,4.3904584899959187e-07,C
1505769767,4,4.3904584899959187e-07,C
4129558839,4,0.0,N
4129558839,4,0.0,N
4129558839,4,0.0,N
4129558839,4,0.0,N
4129558839,4,0.0,N
1673980810,4,-4.37548755096058e-06,O
1673980810,4,-2.0211925669019314e-06,O
1673980810,4,-3.1253700470159056e-06,O
1673980810,4,-1.3723589857659452e-06,O
1673980810,4,-2.2404735008632257e-06,O
458195553,4,0.0,N
458195553,4,0.0,N
458195553,4,0.0,N
458195553,4,0.0,N
458195553,4,0.0,N
3083149214,4,0.0,
3083149214,4,0.0,
3083149214,4,0.0,
3083149214,4,0.0,
3083149214,4,0.0,
564807139,4,8.773409906398435e-07,C
564807139,4,8.773409906398435e-07,C
564807139,4,2.087401633031963e-06,C
564807139,4,1.1385808349408284e-06,C
564807139,4,1.1385808349408284e-06,C
57405021,4,0.0,
57405021,4,0.0,
57405021,4,0.0,
57405021,4,0.0,
57405021,4,0.0,
264906369,4,0.0,C
264906369,4,0.0,C
264906369,4,2.8365655998325787e-07,C
264906369,4,0.0,C
264906369,4,0.0,C
906327634,4,0.0,N
906327634,4,0.0,N
906327634,4,0.0,N
906327634,4,0.0,N
906327634,4,-2.6158494317082143e-07,N
3203925050,4,0.0,C
3203925050,4,0.0,C
3203925050,4,0.0,C
3203925050,4,0.0,C
3203925050,4,0.0,C
1238701800,4,0.0,C
1238701800,4,0.0,C
1238701800,4,0.0,C
1238701800,4,0.0,C
1238701800,4,0.0,C
817554650,4,0.0,
817554650,4,0.0,
817554650,4,0.0,
817554650,4,0.0,
817554650,4,0.0,
3210014657,4,0.0,N
3210014657,4,-7.01383430823637e-07,N
3210014657,4,-2.6158494317082143e-07,N
3210014657,4,2.612398443012018e-07,N
3210014657,4,-4.397984876528156e-07,N
3869736299,4,-2.6158494317082143e-07,C
3869736299,4,2.8365655998325787e-07,C
3869736299,4,-2.6158494317082143e-07,C
3869736299,4,-2.6158494317082143e-07,C
3869736299,4,-2.6158494317082143e-07,C
443741425,4,-1.0259854620433325e-06,N
443741425,4,4.606403311447488e-07,N
443741425,4,4.50438718392664e-06,N
443741425,4,1.4800385369356794e-06,N
443741425,4,-5.015996325783735e-07,N
252812893,4,0.0,
252812893,4,0.0,
252812893,4,0.0,
252812893,4,0.0,
252812893,4,0.0,
1352167592,4,0.0,C
1352167592,4,0.0,C
1352167592,4,0.0,C
1352167592,4,0.0,C
1352167592,4,0.0,C
2030757576,4,0.0,C
2030757576,4,0.0,C
2030757576,4,0.0,C
2030757576,4,0.0,C
2030757576,4,0.0,C
3541689698,4,0.0,
3541689698,4,0.0,
3541689698,4,0.0,
3541689698,4,0.0,
3541689698,4,0.0,
2250143559,4,-3.2267909836397515e-06,C
2250143559,4,-9.23148189101641e-06,C
2250143559,4,-2.113628468124098e-06,C
2250143559,4,-3.6312027194204937e-06,C
2250143559,4,4.499749576378654e-07,C
2144345290,4,0.0,N
2144345290,4,0.0,N
2144345290,4,0.0,N
2144345290,4,2.5037901122846803e-07,N
2144345290,4,0.0,N
1849554589,4,0.0,N
1849554589,4,0.0,N
1849554589,4,0.0,N
1849554589,4,0.0,N
1849554589,4,0.0,N
2271158283,4,-4.397984876528156e-07,C
2271158283,4,-9.093286541428554e-07,C
2271158283,4,-2.0829032218883797e-07,C
2271158283,4,-2.0829032218883797e-07,C
2271158283,4,-2.1887077562973353e-07,C
1445706287,4,0.0,C
1445706287,4,0.0,C
1445706287,4,0.0,C
1445706287,4,0.0,C
1445706287,4,0.0,C
3385400514,4,7.002856933005768e-07,C
3385400514,4,0.0,C
3385400514,4,7.002856933005768e-07,C
3385400514,4,0.0,C
3385400514,4,0.0,C
621690156,4,-9.520428216837264e-07,C
621690156,4,-7.01383430823637e-07,C
621690156,4,-5.12244334030694e-07,C
621690156,4,-9.520428216837264e-07,C
621690156,4,-1.3925958859167982e-06,C
1214058429,4,0.0,C
1214058429,4,0.0,C
1214058429,4,0.0,C
1214058429,4,0.0,C
1214058429,4,0.0,C
3599391724,4,-1.1852010934911526e-06,C
3599391724,4,-7.333766938104162e-07,C
3599391724,4,-1.9490779215917096e-06,C
3599391724,4,-2.935782061576006e-07,C
3599391724,4,-1.9607620325044414e-06,C
3992738647,4,0.0,C
3992738647,4,0.0,C
3992738647,4,0.0,C
3992738647,4,0.0,C
3992738647,4,0.0,C
1637770740,4,-4.397984876528156e-07,C
1637770740,4,0.0,C
1637770740,4,0.0,C
1637770740,4,0.0,C
1637770740,4,0.0,C
81315441,4,-1.3925958859167982e-06,C
81315441,4,1.5538928901611716e-07,C
81315441,4,-3.141408774739226e-07,C
81315441,4,1.5538928901611716e-07,C
81315441,4,-2.841349015683496e-07,C
3145023872,4,2.1866612787352704e-07,C
3145023872,4,-1.349881718376144e-06,C
3145023872,4,9.189518211741039e-07,C
3145023872,4,2.1866612787352704e-07,C
3145023872,4,1.8366041577148103e-06,C
3135357859,4,0.0,N
3135357859,4,-6.586692632829828e-07,N
3135357859,4,2.5037901122846803e-07,N
3135357859,4,0.0,N
3135357859,4,0.0,N
4078658161,4,0.0,C
4078658161,4,0.0,C
4078658161,4,0.0,C
4078658161,4,0.0,C
4078658161,4,0.0,C
2064788354,4,9.506647045290448e-07,C
2064788354,4,2.5037901122846803e-07,C
2064788354,4,1.6498552740638623e-06,C
2064788354,4,0.0,C
2064788354,4,0.0,C
3134606292,4,0.0,
3134606292,4,0.0,
3134606292,4,0.0,
3134606292,4,0.0,
3134606292,4,0.0,
1797524254,4,0.0,
1797524254,4,0.0,
1797524254,4,0.0,
1797524254,4,0.0,
1797524254,4,0.0,
77081066,4,0.0,C
77081066,4,0.0,C
77081066,4,0.0,C
77081066,4,0.0,C
77081066,4,0.0,C
3594356142,4,1.0453745172816359e-06,C
3594356142,4,2.927480798995026e-07,C
3594356142,4,-2.1887077562973353e-07,C
3594356142,4,2.5037901122846803e-07,C
3594356142,4,9.506647045290448e-07,C
3313841562,4,0.0,C
3313841562,4,0.0,C
3313841562,4,0.0,C
3313841562,4,0.0,C
3313841562,4,0.0,C
2506328221,4,0.0,C
2506328221,4,7.002856933005768e-07,C
2506328221,4,2.612398443012018e-07,C
2506328221,4,-7.311151096608612e-07,C
2506328221,4,-5.12244334030694e-07,C
517432093,4,0.0,C
517432093,4,0.0,C
517432093,4,0.0,C
517432093,4,0.0,C
517432093,4,0.0,C
1169352347,4,-0.00012561684588827636,N
1169352347,4,-0.0009915235891125424,N
1169352347,4,-0.00031064844929363416,N
1169352347,4,9.966465593789749e-05,N
1169352347,4,-9.789000122064273e-05,N
3010410747,4,5.116188555292361e-07,N
3010410747,4,0.0,N
3010410747,4,2.5037901122846803e-07,N
3010410747,4,5.116188555292361e-07,N
3010410747,4,2.5037901122846803e-07,N
1693589848,4,7.002856933005768e-07,N
1693589848,4,5.004781129971762e-07,N
1693589848,4,9.506647045290448e-07,N
1693589848,4,1.2007638062979699e-06,N
1693589848,4,1.4839432316137314e-06,N
4081436575,4,0.0,C
4081436575,4,0.0,C
4081436575,4,-4.397984876528156e-07,C
4081436575,4,-4.397984876528156e-07,C
4081436575,4,0.0,C
2975316496,4,0.0,C
2975316496,4,0.0,C
2975316496,4,0.0,C
2975316496,4,-1.55663586084466e-07,C
2975316496,4,0.0,C
3674630670,4,0.0,C
3674630670,4,0.0,C
3674630670,4,0.0,C
3674630670,4,0.0,C
3674630670,4,0.0,C
3350945806,4,0.0,C
3350945806,4,0.0,C
3350945806,4,-2.1887077562973353e-07,C
3350945806,4,0.0,C
3350945806,4,0.0,C
1397513080,4,0.0,O
1397513080,4,0.0,O
1397513080,4,0.0,O
1397513080,4,0.0,O
1397513080,4,0.0,O
3126934625,4,-2.687454841841406e-06,C
3126934625,4,-6.586692632829828e-07,C
3126934625,4,-4.661373722541617e-06,C
3126934625,4,-4.967300657002802e-06,C
3126934625,4,1.0453745172816359e-06,C
3995362948,4,0.0,N
3995362948,4,2.5037901122846803e-07,N
3995362948,4,0.0,N
3995362948,4,4.3904584899959187e-07,N
3995362948,4,0.0,N
1059124080,4,0.0,
1059124080,4,0.0,
1059124080,4,0.0,
1059124080,4,0.0,
1059124080,4,0.0,
1153930374,4,0.0,C
1153930374,4,0.0,C
1153930374,4,0.0,C
1153930374,4,0.0,C
1153930374,4,0.0,C
1103832125,4,0.0,C
1103832125,4,0.0,C
1103832125,4,0.0,C
1103832125,4,0.0,C
1103832125,4,0.0,C
3577933307,4,0.0,
3577933307,4,0.0,
3577933307,4,0.0,
3577933307,4,0.0,
3577933307,4,0.0,
3988861584,4,-1.3328670692305897e-06,C
3988861584,4,-2.5733052834396586e-06,C
3988861584,4,-1.9078332187984215e-06,C
3988861584,4,-7.673317570953617e-07,C
3988861584,4,-2.1307540154207744e-06,C
2572035617,4,0.0,N
2572035617,4,0.0,N
2572035617,4,0.0,N
2572035617,4,0.0,N
2572035617,4,0.0,N
3346153511,4,0.0,
3346153511,4,0.0,
3346153511,4,0.0,
3346153511,4,0.0,
3346153511,4,0.0,
2918201879,4,3.3260094424482356e-06,C
2918201879,4,2.6081619604687717e-06,C
2918201879,4,4.021930239358953e-06,C
2918201879,4,2.63939028660818e-06,C
2918201879,4,1.8999543758327873e-06,C
194638448,4,-2.5065939085987254e-07,C
194638448,4,-2.5065939085987254e-07,C
194638448,4,6.266815997797541e-07,C
194638448,4,6.266815997797541e-07,C
194638448,4,-2.5065939085987254e-07,C
869152089,4,-7.74175060338448e-07,C
869152089,4,-4.905185003551901e-07,C
869152089,4,-1.1079814317715465e-06,C
869152089,4,-6.6790792011516e-07,C
869152089,4,3.299716912338532e-08,C
3804745459,4,0.0,
3804745459,4,0.0,
3804745459,4,0.0,
3804745459,4,0.0,
3804745459,4,0.0,
3755128710,4,-1.1515889793655126e-06,C
3755128710,4,-4.2181262704609444e-06,C
3755128710,4,-2.3623743244591267e-07,C
3755128710,4,-2.758947040357434e-06,C
3755128710,4,1.757393830460665e-06,C
1713195601,4,0.0,C
1713195601,4,0.0,C
1713195601,4,0.0,C
1713195601,4,0.0,C
1713195601,4,0.0,C
1568606682,4,-3.183481750431783e-06,C
1568606682,4,-2.1172012830343416e-06,C
1568606682,4,1.5318424337711078e-06,C
1568606682,4,-3.7464937350131615e-06,C
1568606682,4,-2.7108857136907104e-06,C
2059730245,4,0.0,C
2059730245,4,0.0,C
2059730245,4,0.0,C
2059730245,4,0.0,C
2059730245,4,0.0,C
2617658656,4,8.221238608700603e-07,C
2617658656,4,-2.841349015683496e-07,C
2617658656,4,-2.841349015683496e-07,C
2617658656,4,1.26062328631351e-06,C
2617658656,4,1.26062328631351e-06,C
836300471,4,0.0,C
836300471,4,0.0,C
836300471,4,0.0,C
836300471,4,0.0,C
836300471,4,0.0,C
3490910321,4,0.0,C
3490910321,4,0.0,C
3490910321,4,0.0,C
3490910321,4,0.0,C
3490910321,4,0.0,C
3255046070,4,0.0,C
3255046070,4,0.0,C
3255046070,4,0.0,C
3255046070,4,0.0,C
3255046070,4,0.0,C
2198820481,4,0.0,N
2198820481,4,0.0,N
2198820481,4,0.0,N
2198820481,4,0.0,N
2198820481,4,0.0,N
104625121,4,-4.397984876528156e-07,N
104625121,4,0.0,N
104625121,4,-1.55663586084466e-07,N
104625121,4,-1.55663586084466e-07,N
104625121,4,-7.01383430823637e-07,N
3103858517,4,-7.20470408208107e-07,C
3103858517,4,0.0,C
3103858517,4,-8.76133994292573e-07,C
3103858517,4,0.0,C
3103858517,4,-4.6953016649003976e-07,C
1390475220,4,6.682924303137976e-07,C
1390475220,4,1.4403989412215424e-06,C
1390475220,4,2.129073094090045e-06,C
1390475220,4,2.129073094090045e-06,C
1390475220,4,2.612398443012018e-07,C
4006278292,4,0.0,N
4006278292,4,0.0,N
4006278292,4,0.0,N
4006278292,4,0.0,N
4006278292,4,0.0,N
1789200865,4,-5.488832025436069e-08,C
1789200865,4,3.8463587033053977e-07,C
1789200865,4,3.8463587033053977e-07,C
1789200865,4,3.8463587033053977e-07,C
1789200865,4,8.234081466382877e-07,C
2291264872,4,5.340355712117259e-07,C
2291264872,4,9.506647045290448e-07,C
2291264872,4,9.506647045290448e-07,C
2291264872,4,1.671663339677422e-06,C
2291264872,4,1.2338441298445895e-06,C
2918205364,4,-4.397984876528156e-07,C
2918205364,4,5.828148975399114e-07,C
2918205364,4,-4.397984876528156e-07,C
2918205364,4,-4.397984876528156e-07,C
2918205364,4,7.182036787642052e-08,C
3798139026,4,6.577119768729021e-07,C
3798139026,4,1.6290896232497472e-06,C
3798139026,4,9.408914021886636e-07,C
3798139026,4,6.577119768729021e-07,C
3798139026,4,9.408914021886636e-07,C
4223976160,4,-1.0251153020565153e-06,C
4223976160,4,-2.285877740474361e-07,C
4223976160,4,-1.6435361276348655e-06,C
4223976160,4,-2.285877740474361e-07,C
4223976160,4,-2.1566884188016847e-06,C
1511206547,4,1.566821637329508e-06,C
1511206547,4,-2.5495220601409047e-06,C
1511206547,4,-1.0712821260599852e-06,C
1511206547,4,4.7071045613516094e-06,C
1511206547,4,5.340355712117259e-07,C
954800030,4,0.0,
954800030,4,0.0,
954800030,4,0.0,
954800030,4,0.0,
954800030,4,0.0,
2172997423,4,0.0,C
2172997423,4,0.0,C
2172997423,4,0.0,C
2172997423,4,0.0,C
2172997423,4,0.0,C
1918025650,4,0.0,C
1918025650,4,0.0,C
1918025650,4,0.0,C
1918025650,4,0.0,C
1918025650,4,0.0,C
1491315937,4,0.0,C
1491315937,4,-5.12244334030694e-07,C
1491315937,4,-5.12244334030694e-07,C
1491315937,4,-5.12244334030694e-07,C
1491315937,4,-5.12244334030694e-07,C
1271427701,4,2.1866612787352704e-07,C
1271427701,4,-4.827173029503268e-07,C
1271427701,4,4.690451391015614e-07,C
1271427701,4,-7.01383430823637e-07,C
1271427701,4,0.0,C
876016289,4,0.0,C
876016289,4,0.0,C
876016289,4,0.0,C
876016289,4,0.0,C
876016289,4,0.0,C
759348397,4,-4.397984876528156e-07,S
759348397,4,-4.397984876528156e-07,S
759348397,4,-4.397984876528156e-07,S
759348397,4,0.0,S
759348397,4,-4.397984876528156e-07,S
3886074185,4,5.448964042844597e-07,C
3886074185,4,0.0,C
3886074185,4,5.448964042844597e-07,C
3886074185,4,0.0,C
3886074185,4,0.0,C
3977047921,4,0.0,N
3977047921,4,0.0,N
3977047921,4,0.0,N
3977047921,4,0.0,N
3977047921,4,0.0,N
3386795352,4,0.0,C
3386795352,4,0.0,C
3386795352,4,0.0,C
3386795352,4,0.0,C
3386795352,4,0.0,C
2640652321,4,0.0,C
2640652321,4,0.0,C
2640652321,4,0.0,C
2640652321,4,0.0,C
2640652321,4,0.0,C
3644443517,4,0.0,
3644443517,4,0.0,
3644443517,4,0.0,
3644443517,4,0.0,
3644443517,4,0.0,
805268291,4,0.0,C
805268291,4,0.0,C
805268291,4,4.3904584899959187e-07,C
805268291,4,4.3904584899959187e-07,C
805268291,4,0.0,C
994494548,4,2.5037901122846803e-07,C
994494548,4,2.5037901122846803e-07,C
994494548,4,2.5037901122846803e-07,C
994494548,4,2.5037901122846803e-07,C
994494548,4,2.5037901122846803e-07,C
3889081300,4,0.0,C
3889081300,4,0.0,C
3889081300,4,0.0,C
3889081300,4,0.0,C
3889081300,4,0.0,C
3119383463,4,1.5538928901611716e-07,C
3119383463,4,4.1662913331731895e-07,C
3119383463,4,1.5538928901611716e-07,C
3119383463,4,1.9775835768736857e-07,C
3119383463,4,-6.348148661361637e-08,C
4142616092,4,0.0,C
4142616092,4,-4.291881529729438e-08,C
4142616092,4,-2.6158494317082143e-07,C
4142616092,4,0.0,C
4142616092,4,0.0,C
3633569943,4,0.0,C
3633569943,4,0.0,C
3633569943,4,0.0,C
3633569943,4,0.0,C
3633569943,4,0.0,C
2810558781,4,0.0,C
2810558781,4,0.0,C
2810558781,4,0.0,C
2810558781,4,0.0,C
2810558781,4,0.0,C
643572069,4,-8.146078733710198e-07,C
643572069,4,-9.432837174280177e-07,C
643572069,4,-8.146078733710198e-07,C
643572069,4,-1.0992223275158378e-06,C
643572069,4,-8.146078733710198e-07,C
307525970,4,0.0,C
307525970,4,0.0,C
307525970,4,0.0,C
307525970,4,0.0,C
307525970,4,0.0,C
230478851,4,-7.01383430823637e-07,C
230478851,4,-7.01383430823637e-07,C
230478851,4,-7.01383430823637e-07,C
230478851,4,0.0,C
230478851,4,0.0,C
3353919692,4,0.0,
3353919692,4,0.0,
3353919692,4,0.0,
3353919692,4,0.0,
3353919692,4,0.0,
4201996000,4,0.0,
4201996000,4,0.0,
4201996000,4,0.0,
4201996000,4,0.0,
4201996000,4,0.0,
1523193891,4,0.0,
1523193891,4,0.0,
1523193891,4,0.0,
1523193891,4,0.0,
1523193891,4,0.0,
2806469715,4,0.0,
2806469715,4,0.0,
2806469715,4,0.0,
2806469715,4,0.0,
2806469715,4,0.0,
3705007549,4,0.0,
3705007549,4,0.0,
3705007549,4,0.0,
3705007549,4,0.0,
3705007549,4,0.0,
1445715347,4,4.884453069983795e-06,C
1445715347,4,4.1349633780054466e-06,C
1445715347,4,3.699179537155128e-06,C
1445715347,4,1.8999543758327873e-06,C
1445715347,4,2.5134048013148585e-06,C
4232889011,4,-7.01383430823637e-07,O
4232889011,4,-7.01383430823637e-07,O
4232889011,4,-7.01383430823637e-07,O
4232889011,4,-7.01383430823637e-07,O
4232889011,4,-9.520428216837264e-07,O
1932106328,4,0.0,C
1932106328,4,-2.5065939085987254e-07,C
1932106328,4,7.002856933005768e-07,C
1932106328,4,2.612398443012018e-07,C
1932106328,4,0.0,C
UNK,4,-0.00014172842440385173,
UNK,4,-4.737774868612604e-05,
UNK,4,-0.00016380094088325105,
UNK,4,9.786880853792377e-06,
UNK,4,-4.1155520902013114e-06,
